run_id,source_file,name,timestamp_s,return_code,duration_us
1,run10_initcall.txt,param_sysfs_init,0.04948,0,0
1,run10_initcall.txt,user_namespace_sysctl_init,0.049525,0,0
1,run10_initcall.txt,proc_schedstat_init,0.049548,0,0
1,run10_initcall.txt,init_rtmutex_sysctl,0.049566,0,0
1,run10_initcall.txt,pm_sysrq_init,0.049618,0,0
1,run10_initcall.txt,init_rcu_stall_sysctl,0.049637,0,0
1,run10_initcall.txt,init_module_sysctl,0.049655,0,0
1,run10_initcall.txt,create_proc_profile,0.049674,0,0
1,run10_initcall.txt,cgroup_sysfs_init,0.049697,0,0
1,run10_initcall.txt,user_namespaces_init,0.049724,0,0
1,run10_initcall.txt,hung_task_init,0.049829,0,0
1,run10_initcall.txt,dev_map_init,0.049851,0,0
1,run10_initcall.txt,netns_bpf_init,0.049872,0,0
1,run10_initcall.txt,oom_init,0.049936,0,0
1,run10_initcall.txt,init_user_buckets,0.049955,0,0
1,run10_initcall.txt,init_vm_util_sysctls,0.049981,0,0
1,run10_initcall.txt,default_bdi_init,0.050096,0,0
1,run10_initcall.txt,cgwb_init,0.050117,0,0
1,run10_initcall.txt,percpu_enable_async,0.050132,0,0
1,run10_initcall.txt,kcompactd_init,0.050253,0,0
1,run10_initcall.txt,init_mm_sysctl,0.050272,0,0
1,run10_initcall.txt,init_user_reserve,0.050289,0,0
1,run10_initcall.txt,init_admin_reserve,0.050305,0,0
1,run10_initcall.txt,init_reserve_notifier,0.05032,0,0
1,run10_initcall.txt,swap_init,0.050343,0,0
1,run10_initcall.txt,swapfile_init,0.050366,0,0
1,run10_initcall.txt,memory_tier_init,0.050412,0,0
1,run10_initcall.txt,numa_init_sysfs,0.050433,0,0
1,run10_initcall.txt,mem_cgroup_swap_init,0.050451,0,0
1,run10_initcall.txt,init_msg_buckets,0.050467,0,0
1,run10_initcall.txt,init_bio,0.050516,0,0
1,run10_initcall.txt,blk_ioc_init,0.050536,0,0
1,run10_initcall.txt,blk_mq_init,0.050555,0,0
1,run10_initcall.txt,genhd_device_init,0.05065,0,0
1,run10_initcall.txt,blkcg_punt_bio_init,0.050749,0,0
1,run10_initcall.txt,blk_integrity_auto_init,0.050846,0,0
1,run10_initcall.txt,io_wq_init,0.050866,0,0
1,run10_initcall.txt,crc_t10dif_mod_init,0.050892,0,0
1,run10_initcall.txt,sha256_mod_init,0.050912,0,0
1,run10_initcall.txt,sha512_mod_init,0.050929,0,0
1,run10_initcall.txt,sg_pool_init,0.050961,0,0
1,run10_initcall.txt,gpiolib_debugfs_init,0.050986,0,0
1,run10_initcall.txt,stmpe_gpio_init,0.051083,0,0
1,run10_initcall.txt,pwm_init,0.05111,0,0
1,run10_initcall.txt,leds_init,0.051147,0,0
1,run10_initcall.txt,pci_slot_init,0.05117,0,0
1,run10_initcall.txt,fbmem_init,0.051221,0,0
1,run10_initcall.txt,bcm2835_dma_init,0.051905,0,0
1,run10_initcall.txt,regulator_fixed_voltage_init,0.051983,0,0
1,run10_initcall.txt,gpio_regulator_init,0.052039,0,0
1,run10_initcall.txt,init_sysrq_sysctl,0.052064,0,0
1,run10_initcall.txt,misc_init,0.052095,0,0
1,run10_initcall.txt,iommu_subsys_init,0.052128,0,0
1,run10_initcall.txt,register_cpu_capacity_sysctl,0.052468,0,4000
1,run10_initcall.txt,dma_buf_init,0.052549,0,0
1,run10_initcall.txt,dma_heap_init,0.052577,0,0
1,run10_initcall.txt,init_scsi,0.052675,0,0
1,run10_initcall.txt,mdio_bus_init,0.052707,0,0
1,run10_initcall.txt,phy_init,0.052754,0,0
1,run10_initcall.txt,usb_common_init,0.052776,0,0
1,run10_initcall.txt,usb_init,0.052888,0,0
1,run10_initcall.txt,usb_phy_generic_init,0.053036,0,0
1,run10_initcall.txt,usb_udc_init,0.05307,0,0
1,run10_initcall.txt,usb_roles_init,0.053089,0,0
1,run10_initcall.txt,input_init,0.053114,0,0
1,run10_initcall.txt,rtc_init,0.053133,0,0
1,run10_initcall.txt,rc_core_init,0.053164,0,0
1,run10_initcall.txt,pps_init,0.053201,0,0
1,run10_initcall.txt,ptp_init,0.053229,0,0
1,run10_initcall.txt,power_supply_class_init,0.053259,0,0
1,run10_initcall.txt,hwmon_init,0.053284,0,0
1,run10_initcall.txt,mmc_init,0.053329,0,0
1,run10_initcall.txt,dmi_init,0.053348,0,0
1,run10_initcall.txt,efisubsys_init,0.053367,0,0
1,run10_initcall.txt,arm_pmu_hp_init,0.053387,0,0
1,run10_initcall.txt,ras_init,0.053408,0,0
1,run10_initcall.txt,nvmem_init,0.053445,0,0
1,run10_initcall.txt,init_soundcore,0.053466,0,0
1,run10_initcall.txt,proto_init,0.053487,0,0
1,run10_initcall.txt,net_dev_init,0.053699,0,0
1,run10_initcall.txt,neigh_init,0.053719,0,0
1,run10_initcall.txt,fib_notifier_init,0.053736,0,0
1,run10_initcall.txt,netdev_genl_init,0.053774,0,0
1,run10_initcall.txt,page_pool_user_init,0.053791,0,0
1,run10_initcall.txt,fib_rules_init,0.053811,0,0
1,run10_initcall.txt,init_cgroup_netprio,0.053828,0,0
1,run10_initcall.txt,bpf_lwt_init,0.053844,0,0
1,run10_initcall.txt,pktsched_init,0.053866,0,0
1,run10_initcall.txt,tc_filter_init,0.053898,0,0
1,run10_initcall.txt,tc_action_init,0.053916,0,0
1,run10_initcall.txt,ethnl_init,0.053989,0,0
1,run10_initcall.txt,nexthop_init,0.05401,0,0
1,run10_initcall.txt,devlink_init,0.054092,0,0
1,run10_initcall.txt,wireless_nlevent_init,0.054112,0,0
1,run10_initcall.txt,vsprintf_init_hashval,0.054131,0,0
1,run10_initcall.txt,init_32bit_el0_mask,0.054146,0,0
1,run10_initcall.txt,vga_arb_device_init,0.054279,0,0
1,run10_initcall.txt,watchdog_init,0.05439,0,0
1,run10_initcall.txt,create_debug_debugfs_entry,0.054514,0,0
1,run10_initcall.txt,iomem_init_inode,0.05456,0,0
1,run10_initcall.txt,clocksource_done_booting,0.054611,0,15
1,run10_initcall.txt,bpf_init,0.054634,0,5
1,run10_initcall.txt,secretmem_init,0.054664,0,12
1,run10_initcall.txt,init_fs_stat_sysctls,0.054694,0,11
1,run10_initcall.txt,init_fs_exec_sysctls,0.054714,0,1
1,run10_initcall.txt,init_pipe_fs,0.054744,0,11
1,run10_initcall.txt,init_fs_namei_sysctls,0.054765,0,2
1,run10_initcall.txt,init_fs_dcache_sysctls,0.054814,0,7
1,run10_initcall.txt,init_fs_namespace_sysctls,0.054834,0,1
1,run10_initcall.txt,cgroup_writeback_init,0.054857,0,4
1,run10_initcall.txt,inotify_user_setup,0.05489,0,13
1,run10_initcall.txt,eventpoll_init,0.054926,0,17
1,run10_initcall.txt,anon_inode_init,0.054959,0,13
1,run10_initcall.txt,proc_locks_init,0.054983,0,4
1,run10_initcall.txt,backing_aio_init,0.055002,0,2
1,run10_initcall.txt,init_fs_coredump_sysctls,0.055023,0,5
1,run10_initcall.txt,init_vm_drop_caches_sysctls,0.055042,0,3
1,run10_initcall.txt,iomap_dio_init,0.05508,0,22
1,run10_initcall.txt,iomap_ioend_init,0.055115,0,21
1,run10_initcall.txt,dquot_init,0.055225,0,95
1,run10_initcall.txt,proc_cmdline_init,0.055245,0,2
1,run10_initcall.txt,proc_consoles_init,0.05526,0,1
1,run10_initcall.txt,proc_cpuinfo_init,0.055278,0,1
1,run10_initcall.txt,proc_devices_init,0.055293,0,1
1,run10_initcall.txt,proc_interrupts_init,0.055309,0,1
1,run10_initcall.txt,proc_loadavg_init,0.055324,0,1
1,run10_initcall.txt,proc_meminfo_init,0.055339,0,0
1,run10_initcall.txt,proc_stat_init,0.055354,0,1
1,run10_initcall.txt,proc_uptime_init,0.055369,0,0
1,run10_initcall.txt,proc_version_init,0.055385,0,0
1,run10_initcall.txt,proc_softirqs_init,0.055401,0,0
1,run10_initcall.txt,proc_kmsg_init,0.055417,0,1
1,run10_initcall.txt,proc_page_init,0.055433,0,2
1,run10_initcall.txt,init_ramfs_fs,0.05545,0,1
1,run10_initcall.txt,aa_create_aafs,0.055466,0,0
1,run10_initcall.txt,chr_dev_init,0.058282,0,2796
1,run10_initcall.txt,hwrng_modinit,0.058357,0,44
1,run10_initcall.txt,firmware_class_init,0.058378,0,1
1,run10_initcall.txt,sysctl_core_init,0.058428,0,27
1,run10_initcall.txt,eth_offload_init,0.058445,0,0
1,run10_initcall.txt,ipv4_offload_init,0.058464,0,2
1,run10_initcall.txt,inet_init,0.062288,0,3806
1,run10_initcall.txt,af_unix_init,0.062342,0,21
1,run10_initcall.txt,ipv6_offload_init,0.062364,0,1
1,run10_initcall.txt,init_sunrpc,0.062778,0,395
1,run10_initcall.txt,vlan_offload_init,0.062799,0,0
1,run10_initcall.txt,pci_apply_final_quirks,0.06283,0,12
1,run10_initcall.txt,populate_rootfs,0.062856,0,6
1,run10_initcall.txt,register_arm64_panic_block,0.062966,0,0
1,run10_initcall.txt,cpuinfo_regs_init,0.063062,0,80
1,run10_initcall.txt,aarch32_el0_sysfs_init,0.06308,0,0
1,run10_initcall.txt,kvm_arm_init,0.066471,0,3372
1,run10_initcall.txt,proc_execdomains_init,0.06652,0,3
1,run10_initcall.txt,register_warn_debugfs,0.066543,0,3
1,run10_initcall.txt,cpuhp_sysfs_init,0.066585,0,23
1,run10_initcall.txt,ioresources_init,0.066625,0,3
1,run10_initcall.txt,psi_proc_init,0.066643,0,0
1,run10_initcall.txt,irq_gc_init_ops,0.066658,0,0
1,run10_initcall.txt,irq_debugfs_init,0.066746,0,73
1,run10_initcall.txt,proc_modules_init,0.066765,0,1
1,run10_initcall.txt,timer_sysctl_init,0.066791,0,8
1,run10_initcall.txt,timekeeping_init_ops,0.066807,0,0
1,run10_initcall.txt,init_clocksource_sysfs,0.066887,0,62
1,run10_initcall.txt,init_timer_list_procfs,0.066907,0,1
1,run10_initcall.txt,alarmtimer_init,0.06698,0,57
1,run10_initcall.txt,clockevents_init_sysfs,0.067112,0,114
1,run10_initcall.txt,sched_clock_syscore_init,0.067131,0,0
1,run10_initcall.txt,kallsyms_init,0.067151,0,2
1,run10_initcall.txt,pid_namespaces_init,0.067193,0,24
1,run10_initcall.txt,audit_watch_init,0.067212,0,1
1,run10_initcall.txt,audit_fsnotify_init,0.06723,0,0
1,run10_initcall.txt,audit_tree_init,0.067249,0,2
1,run10_initcall.txt,seccomp_sysctl_init,0.067271,0,4
1,run10_initcall.txt,utsname_sysctl_init,0.067296,0,7
1,run10_initcall.txt,init_lstats_procfs,0.067317,0,3
1,run10_initcall.txt,perf_event_sysfs_init,0.067398,0,61
1,run10_initcall.txt,system_trusted_keyring_init,0.067434,0,15
1,run10_initcall.txt,kswapd_init,0.067636,0,181
1,run10_initcall.txt,extfrag_debug_init,0.067666,0,8
1,run10_initcall.txt,mm_compute_batch_init,0.067684,0,0
1,run10_initcall.txt,slab_proc_init,0.067702,0,2
1,run10_initcall.txt,workingset_init,0.067725,0,8
1,run10_initcall.txt,proc_vmalloc_init,0.067742,0,1
1,run10_initcall.txt,memblock_init_debugfs,0.067776,0,18
1,run10_initcall.txt,slab_debugfs_init,0.067798,0,5
1,run10_initcall.txt,procswaps_init,0.067816,0,1
1,run10_initcall.txt,zs_init,0.067833,0,0
1,run10_initcall.txt,fcntl_init,0.067853,0,3
1,run10_initcall.txt,proc_filesystems_init,0.067872,0,1
1,run10_initcall.txt,start_dirtytime_writeback,0.067896,0,4
1,run10_initcall.txt,dio_init,0.067917,0,1
1,run10_initcall.txt,dnotify_init,0.067954,0,18
1,run10_initcall.txt,fanotify_user_setup,0.067984,0,10
1,run10_initcall.txt,aio_setup,0.06804,0,36
1,run10_initcall.txt,mbcache_init,0.068064,0,6
1,run10_initcall.txt,init_grace,0.06808,0,2
1,run10_initcall.txt,init_devpts_fs,0.068104,0,9
1,run10_initcall.txt,ext4_init_fs,0.068197,0,78
1,run10_initcall.txt,journal_init,0.068232,0,17
1,run10_initcall.txt,init_fat_fs,0.068254,0,6
1,run10_initcall.txt,init_vfat_fs,0.06827,0,0
1,run10_initcall.txt,init_msdos_fs,0.068285,0,0
1,run10_initcall.txt,init_nfs_fs,0.068431,0,131
1,run10_initcall.txt,init_nfs_v2,0.06845,0,0
1,run10_initcall.txt,init_nfs_v3,0.068465,0,0
1,run10_initcall.txt,init_nfs_v4,0.06851,0,29
1,run10_initcall.txt,nfs4filelayout_init,0.068532,0,6
1,run10_initcall.txt,nfs4flexfilelayout_init,0.068554,0,6
1,run10_initcall.txt,init_nlm,0.068595,0,26
1,run10_initcall.txt,init_nls_cp437,0.068612,0,0
1,run10_initcall.txt,init_nls_ascii,0.068627,0,0
1,run10_initcall.txt,init_autofs_fs,0.068734,0,91
1,run10_initcall.txt,init_f2fs_fs,0.068877,0,125
1,run10_initcall.txt,ipc_init,0.06891,0,13
1,run10_initcall.txt,ipc_sysctl_init,0.068945,0,19
1,run10_initcall.txt,init_mqueue_fs,0.068997,0,35
1,run10_initcall.txt,key_proc_init,0.069018,0,2
1,run10_initcall.txt,bpf_crypto_skcipher_init,0.069035,0,0
1,run10_initcall.txt,dh_init,0.069055,0,2
1,run10_initcall.txt,rsa_init,0.069072,0,1
1,run10_initcall.txt,cryptomgr_init,0.069089,0,0
1,run10_initcall.txt,hmac_module_init,0.069107,0,0
1,run10_initcall.txt,crypto_sha256_mod_init,0.069128,0,4
1,run10_initcall.txt,crypto_ecb_module_init,0.069145,0,0
1,run10_initcall.txt,crypto_cbc_module_init,0.069161,0,0
1,run10_initcall.txt,crypto_cts_module_init,0.069178,0,0
1,run10_initcall.txt,xts_module_init,0.069194,0,0
1,run10_initcall.txt,des_generic_mod_init,0.069213,0,1
1,run10_initcall.txt,aes_init,0.06923,0,0
1,run10_initcall.txt,lzo_mod_init,0.069248,0,1
1,run10_initcall.txt,lzorle_mod_init,0.069266,0,0
1,run10_initcall.txt,asymmetric_key_init,0.069288,0,5
1,run10_initcall.txt,x509_key_init,0.06931,0,6
1,run10_initcall.txt,crypto_kdf108_init,0.069327,0,0
1,run10_initcall.txt,blkdev_init,0.069356,0,12
1,run10_initcall.txt,proc_genhd_init,0.069376,0,2
1,run10_initcall.txt,bsg_init,0.069408,0,15
1,run10_initcall.txt,throtl_init,0.069497,0,70
1,run10_initcall.txt,deadline_init,0.069522,0,6
1,run10_initcall.txt,kyber_init,0.069545,0,5
1,run10_initcall.txt,bfq_init,0.069583,0,21
1,run10_initcall.txt,io_uring_init,0.069622,0,22
1,run10_initcall.txt,btree_module_init,0.069643,0,2
1,run10_initcall.txt,percpu_counter_startup,0.069704,0,42
1,run10_initcall.txt,audit_classes_init,0.069733,0,2
1,run10_initcall.txt,gicv5_iwb_platform_driver_init,0.069841,0,88
1,run10_initcall.txt,mip_msi_driver_init,0.069901,0,39
1,run10_initcall.txt,bcm7038_l1_driver_init,0.069954,0,34
1,run10_initcall.txt,bcm7120_l2_driver_init,0.070013,0,39
1,run10_initcall.txt,brcmstb_l2_driver_init,0.070368,0,334
1,run10_initcall.txt,simple_pm_bus_driver_init,0.070881,0,491
1,run10_initcall.txt,phy_core_init,0.07092,0,13
1,run10_initcall.txt,brcm_usb_driver_init,0.071004,0,65
1,run10_initcall.txt,rp1_pinctrl_driver_init,0.071057,0,33
1,run10_initcall.txt,bcm2835_pinctrl_driver_init,0.072008,0,931
1,run10_initcall.txt,bcm2712_pinctrl_driver_init,0.072091,0,57
1,run10_initcall.txt,brcmvirt_gpio_driver_init,0.072148,0,36
1,run10_initcall.txt,brcmstb_gpio_driver_init,0.072204,0,34
1,run10_initcall.txt,rpi_exp_gpio_driver_init,0.072629,0,405
1,run10_initcall.txt,brcmstb_pwm_driver_init,0.072688,0,37
1,run10_initcall.txt,rp1_pwm_driver_init,0.072743,0,34
1,run10_initcall.txt,gpio_led_driver_init,0.074553,0,1790
1,run10_initcall.txt,led_pwm_driver_init,0.07465,0,70
1,run10_initcall.txt,timer_led_trigger_init,0.074672,0,1
1,run10_initcall.txt,oneshot_led_trigger_init,0.074693,0,0
1,run10_initcall.txt,heartbeat_trig_init,0.074712,0,2
1,run10_initcall.txt,bl_led_trigger_init,0.074727,0,0
1,run10_initcall.txt,ledtrig_cpu_init,0.074795,0,53
1,run10_initcall.txt,defon_led_trigger_init,0.074842,0,31
1,run10_initcall.txt,input_trig_init,0.074859,0,1
1,run10_initcall.txt,ledtrig_panic_init,0.074875,0,1
1,run10_initcall.txt,actpwr_trig_init,0.075041,0,150
1,run10_initcall.txt,pcie_portdrv_init,0.075115,0,56
1,run10_initcall.txt,pci_proc_init,0.075139,0,8
1,run10_initcall.txt,brcm_pcie_driver_init,0.187484,0,112328
1,run10_initcall.txt,bcm2708_fb_init,0.187563,0,58
1,run10_initcall.txt,simplefb_driver_init,0.194531,0,6952
1,run10_initcall.txt,of_fixed_factor_clk_driver_init,0.194627,0,43
1,run10_initcall.txt,of_fixed_clk_driver_init,0.194713,0,34
1,run10_initcall.txt,gpio_clk_driver_init,0.194801,0,42
1,run10_initcall.txt,gated_fixed_clk_driver_init,0.194882,0,34
1,run10_initcall.txt,rp1_clk_driver_init,0.194974,0,39
1,run10_initcall.txt,rp1_sdio_clk_driver_init,0.195055,0,34
1,run10_initcall.txt,clk_dvp_driver_init,0.195239,0,137
1,run10_initcall.txt,bcm2835_aux_clk_driver_init,0.195349,0,61
1,run10_initcall.txt,raspberrypi_clk_driver_init,0.210879,0,15480
1,run10_initcall.txt,dw_driver_init,0.210976,0,47
1,run10_initcall.txt,bcm2835_power_driver_init,0.21105,0,27
1,run10_initcall.txt,rpi_power_driver_init,0.229308,0,18211
1,run10_initcall.txt,brcmstb_reset_driver_init,0.23133,0,44
1,run10_initcall.txt,brcm_rescal_reset_driver_init,0.233326,0,38
1,run10_initcall.txt,rpi_reset_driver_init,0.236335,0,1057
1,run10_initcall.txt,reset_simple_driver_init,0.238344,0,82
1,run10_initcall.txt,n_null_init,0.240314,0,0
1,run10_initcall.txt,pty_init,0.242346,0,80
1,run10_initcall.txt,sysrq_init,0.244328,0,13
1,run10_initcall.txt,serial8250_init,0.246281,-19,0
1,run10_initcall.txt,bcm2835aux_serial_driver_init,0.248295,0,48
1,run10_initcall.txt,brcmuart_init,0.250302,0,54
1,run10_initcall.txt,exar_pci_driver_init,0.252295,0,25
1,run10_initcall.txt,of_platform_serial_driver_init,0.254313,0,97
1,run10_initcall.txt,serial_pci_driver_init,0.256285,0,30
1,run10_initcall.txt,pericom8250_pci_driver_init,0.258251,0,22
1,run10_initcall.txt,init_kgdboc,0.261231,0,1039
1,run10_initcall.txt,random_sysctls_init,0.263171,0,12
1,run10_initcall.txt,ttyprintk_init,0.26517,0,59
1,run10_initcall.txt,bcm2835_rng_driver_init,0.26718,0,62
1,run10_initcall.txt,bcm74110_rng_driver_init,0.269216,0,40
1,run10_initcall.txt,iproc_rng200_driver_init,0.273486,0,2279
1,run10_initcall.txt,smccc_trng_driver_init,0.275627,0,27
1,run10_initcall.txt,vc_mem_init,0.279,0,1225
1,run10_initcall.txt,vcio_driver_init,0.282654,0,1423
1,run10_initcall.txt,bcm2712_iommu_driver_init,0.284993,0,40
1,run10_initcall.txt,bcm2712_iommu_cache_driver_init,0.28737,0,38
1,run10_initcall.txt,topology_sysfs_init,0.289822,0,61
1,run10_initcall.txt,cacheinfo_sysfs_init,0.292486,0,238
1,run10_initcall.txt,devcoredump_init,0.294946,0,8
1,run10_initcall.txt,brd_init,0.302234,0,4869
1,run10_initcall.txt,loop_init,0.308343,0,3708
1,run10_initcall.txt,bcm2835_pm_driver_init,0.312081,0,1335
1,run10_initcall.txt,stmpe_i2c_driver_init,0.314483,0,14
1,run10_initcall.txt,stmpe_spi_driver_init,0.316886,0,12
1,run10_initcall.txt,rp1_driver_init,0.319299,0,26
1,run10_initcall.txt,system_heap_create,0.321728,0,83
1,run10_initcall.txt,add_default_cma_heap,0.324223,0,87
1,run10_initcall.txt,udmabuf_dev_init,0.32665,0,40
1,run10_initcall.txt,iscsi_transport_init,0.330437,0,1406
1,run10_initcall.txt,init_sd,0.332858,0,22
1,run10_initcall.txt,nvme_core_init,0.33549,0,248
1,run10_initcall.txt,nvme_init,0.337856,0,24
1,run10_initcall.txt,blackhole_netdev_init,0.340261,0,18
1,run10_initcall.txt,netkit_init,0.342643,0,7
1,run10_initcall.txt,phylink_init,0.345009,0,0
1,run10_initcall.txt,phy_module_init,0.347546,0,169
1,run10_initcall.txt,phy_module_init,0.350089,0,179
1,run10_initcall.txt,fixed_mdio_bus_init,0.352615,0,152
1,run10_initcall.txt,phy_module_init,0.355111,0,166
1,run10_initcall.txt,phy_module_init,0.357499,0,20
1,run10_initcall.txt,phy_module_init,0.359908,0,60
1,run10_initcall.txt,unimac_mdio_driver_init,0.36236,0,124
1,run10_initcall.txt,macb_driver_init,0.364806,0,118
1,run10_initcall.txt,bcmgenet_driver_init,0.567623,0,200491
1,run10_initcall.txt,bcmasp_driver_init,0.570022,0,82
1,run10_initcall.txt,lan78xx_driver_init,0.573499,0,1187
1,run10_initcall.txt,smsc95xx_driver_init,0.577081,0,1204
1,run10_initcall.txt,usbnet_init,0.579452,0,0
1,run10_initcall.txt,xhci_hcd_init,0.58182,0,12
1,run10_initcall.txt,xhci_pci_init,0.709585,0,125408
1,run10_initcall.txt,xhci_plat_init,0.711982,0,122
1,run10_initcall.txt,dwc_otg_driver_init,0.718794,0,4549
1,run10_initcall.txt,dwc_common_port_init_module,0.722219,0,1229
1,run10_initcall.txt,dwc3_driver_init,0.724524,0,54
1,run10_initcall.txt,dwc3_haps_driver_init,0.726807,0,44
1,run10_initcall.txt,dwc3_of_simple_driver_init,0.729097,0,58
1,run10_initcall.txt,dwc3_generic_driver_init,0.731369,0,40
1,run10_initcall.txt,dwc2_platform_driver_init,0.733727,0,148
1,run10_initcall.txt,uas_init,0.737109,0,1180
1,run10_initcall.txt,usb_storage_driver_init,0.740388,0,1110
1,run10_initcall.txt,brcmstb_usb_pinmap_init,0.74264,-19,71
1,run10_initcall.txt,bdc_driver_init,0.744874,0,45
1,run10_initcall.txt,input_leds_init,0.747083,0,1
1,run10_initcall.txt,mousedev_init,0.750464,0,1196
1,run10_initcall.txt,evdev_init,0.752692,0,0
1,run10_initcall.txt,brcmstb_waketmr_driver_init,0.754919,0,46
1,run10_initcall.txt,rpi_rtc_driver_init,0.757176,0,39
1,run10_initcall.txt,init_rc_map_adstech_dvb_t_pci,0.759413,0,0
1,run10_initcall.txt,init_rc_map_alink_dtu_m,0.761627,0,0
1,run10_initcall.txt,init_rc_map_anysee,0.763858,0,0
1,run10_initcall.txt,init_rc_map_apac_viewcomp,0.766092,0,0
1,run10_initcall.txt,init_rc_map_t2hybrid,0.768343,0,0
1,run10_initcall.txt,init_rc_map_asus_pc39,0.770551,0,0
1,run10_initcall.txt,init_rc_map_asus_ps3_100,0.772764,0,0
1,run10_initcall.txt,init_rc_map_ati_tv_wonder_hd_600,0.774996,0,0
1,run10_initcall.txt,init_rc_map_ati_x10,0.777245,0,0
1,run10_initcall.txt,init_rc_map_avermedia_a16d,0.779515,0,0
1,run10_initcall.txt,init_rc_map_avermedia_cardbus,0.781787,0,0
1,run10_initcall.txt,init_rc_map_avermedia_dvbt,0.784049,0,0
1,run10_initcall.txt,init_rc_map_avermedia_m135a,0.786311,0,0
1,run10_initcall.txt,init_rc_map_avermedia_m733a_rm_k6,0.788559,0,0
1,run10_initcall.txt,init_rc_map_avermedia,0.790838,0,0
1,run10_initcall.txt,init_rc_map_avermedia_rm_ks,0.793108,0,0
1,run10_initcall.txt,init_rc_map_avertv_303,0.795385,0,0
1,run10_initcall.txt,init_rc_map_azurewave_ad_tu700,0.797653,0,0
1,run10_initcall.txt,init_rc_map_beelink_gs1,0.79993,0,0
1,run10_initcall.txt,init_rc_map_beelink_mxiii,0.802186,0,0
1,run10_initcall.txt,init_rc_map_behold_columbus,0.804409,0,0
1,run10_initcall.txt,init_rc_map_behold,0.806934,0,0
1,run10_initcall.txt,init_rc_map_budget_ci_old,0.809176,0,0
1,run10_initcall.txt,init_rc_map_cinergy_1400,0.811424,0,0
1,run10_initcall.txt,init_rc_map_cinergy,0.813636,0,0
1,run10_initcall.txt,init_rc_map_ct_90405,0.815853,0,0
1,run10_initcall.txt,init_rc_map_d680_dmb,0.818053,0,0
1,run10_initcall.txt,init_rc_map_delock_61959,0.820278,0,0
1,run10_initcall.txt,init_rc_map,0.822421,0,0
1,run10_initcall.txt,init_rc_map,0.824608,0,0
1,run10_initcall.txt,init_rc_map_digitalnow_tinytwin,0.826871,0,0
1,run10_initcall.txt,init_rc_map_digittrade,0.829149,0,0
1,run10_initcall.txt,init_rc_map_dm1105_nec,0.831542,0,0
1,run10_initcall.txt,init_rc_map_dntv_live_dvb_t,0.833735,0,0
1,run10_initcall.txt,init_rc_map_dntv_live_dvbt_pro,0.835908,0,0
1,run10_initcall.txt,init_rc_map_dreambox,0.838025,0,0
1,run10_initcall.txt,init_rc_map_dtt200u,0.840199,0,0
1,run10_initcall.txt,init_rc_map_rc5_dvbsky,0.842394,0,0
1,run10_initcall.txt,init_rc_map_dvico_mce,0.844673,0,1
1,run10_initcall.txt,init_rc_map_dvico_portable,0.84683,0,0
1,run10_initcall.txt,init_rc_map_em_terratec,0.848965,0,0
1,run10_initcall.txt,init_rc_map_encore_enltv2,0.851117,0,0
1,run10_initcall.txt,init_rc_map_encore_enltv_fm53,0.853268,0,0
1,run10_initcall.txt,init_rc_map_encore_enltv,0.855388,0,0
1,run10_initcall.txt,init_rc_map_evga_indtube,0.857524,0,0
1,run10_initcall.txt,init_rc_map_eztv,0.859651,0,0
1,run10_initcall.txt,init_rc_map_flydvb,0.861765,0,0
1,run10_initcall.txt,init_rc_map_flyvideo,0.863869,0,0
1,run10_initcall.txt,init_rc_map_fusionhdtv_mce,0.86597,0,0
1,run10_initcall.txt,init_rc_map_gadmei_rm008z,0.868066,0,0
1,run10_initcall.txt,init_rc_map_geekbox,0.870151,0,0
1,run10_initcall.txt,init_rc_map_genius_tvgo_a11mce,0.872199,0,0
1,run10_initcall.txt,init_rc_map_gotview7135,0.87428,0,0
1,run10_initcall.txt,init_rc_map_rc5_hauppauge_new,0.876373,0,0
1,run10_initcall.txt,init_rc_map_hisi_poplar,0.878469,0,0
1,run10_initcall.txt,init_rc_map_hisi_tv_demo,0.880574,0,0
1,run10_initcall.txt,init_rc_map_imon_mce,0.88268,0,0
1,run10_initcall.txt,init_rc_map_imon_pad,0.884781,0,0
1,run10_initcall.txt,init_rc_map_imon_rsc,0.886873,0,0
1,run10_initcall.txt,init_rc_map_iodata_bctv7e,0.888915,0,0
1,run10_initcall.txt,init_rc_it913x_v1_map,0.891083,0,0
1,run10_initcall.txt,init_rc_it913x_v2_map,0.893165,0,0
1,run10_initcall.txt,init_rc_map_kaiomy,0.895247,0,0
1,run10_initcall.txt,init_rc_map_khadas,0.897329,0,0
1,run10_initcall.txt,init_rc_map_khamsin,0.899435,0,0
1,run10_initcall.txt,init_rc_map_kworld_315u,0.901498,0,0
1,run10_initcall.txt,init_rc_map_kworld_pc150u,0.903552,0,0
1,run10_initcall.txt,init_rc_map_kworld_plus_tv_analog,0.90557,0,0
1,run10_initcall.txt,init_rc_map_leadtek_y04g0051,0.907644,0,0
1,run10_initcall.txt,init_rc_lme2510_map,0.909724,0,0
1,run10_initcall.txt,init_rc_map_manli,0.911818,0,0
1,run10_initcall.txt,init_rc_map_mecool_kiii_pro,0.913918,0,0
1,run10_initcall.txt,init_rc_map_mecool_kii_pro,0.916017,0,0
1,run10_initcall.txt,init_rc_map_medion_x10_digitainer,0.918115,0,0
1,run10_initcall.txt,init_rc_map_medion_x10,0.920202,0,0
1,run10_initcall.txt,init_rc_map_medion_x10_or2x,0.922261,0,0
1,run10_initcall.txt,init_rc_map_minix_neo,0.924353,0,0
1,run10_initcall.txt,init_rc_map_msi_digivox_iii,0.926463,0,0
1,run10_initcall.txt,init_rc_map_msi_digivox_ii,0.928593,0,0
1,run10_initcall.txt,init_rc_map_msi_tvanywhere,0.930711,0,0
1,run10_initcall.txt,init_rc_map_msi_tvanywhere_plus,0.932817,0,0
1,run10_initcall.txt,init_rc_map_mygica_utv3,0.934935,0,0
1,run10_initcall.txt,init_rc_map_nebula,0.937045,0,0
1,run10_initcall.txt,init_rc_map_nec_terratec_cinergy_xs,0.939127,0,0
1,run10_initcall.txt,init_rc_map_norwood,0.941239,0,0
1,run10_initcall.txt,init_rc_map_npgtech,0.943351,0,0
1,run10_initcall.txt,init_rc_map_odroid,0.945452,0,0
1,run10_initcall.txt,init_rc_map_pctv_sedna,0.948651,0,0
1,run10_initcall.txt,init_rc_map_pine64,0.950969,0,0
1,run10_initcall.txt,init_rc_map_pinnacle_color,0.953119,0,0
1,run10_initcall.txt,init_rc_map_pinnacle_grey,0.955222,0,0
1,run10_initcall.txt,init_rc_map_pinnacle_pctv_hd,0.957356,0,0
1,run10_initcall.txt,init_rc_map_pixelview,0.959491,0,0
1,run10_initcall.txt,init_rc_map_pixelview,0.961663,0,0
1,run10_initcall.txt,init_rc_map_pixelview_new,0.963817,0,0
1,run10_initcall.txt,init_rc_map_pixelview,0.965962,0,0
1,run10_initcall.txt,init_rc_map_powercolor_real_angel,0.968113,0,0
1,run10_initcall.txt,init_rc_map_proteus_2309,0.970262,0,0
1,run10_initcall.txt,init_rc_map_purpletv,0.972382,0,0
1,run10_initcall.txt,init_rc_map_pv951,0.974515,0,0
1,run10_initcall.txt,init_rc_map_rc6_mce,0.976646,0,0
1,run10_initcall.txt,init_rc_map_real_audio_220_32_keys,0.978778,0,0
1,run10_initcall.txt,init_rc_map_reddo,0.980918,0,0
1,run10_initcall.txt,init_rc_map_siemens_gigaset_rc20,0.98307,0,0
1,run10_initcall.txt,init_rc_map_snapstream_firefly,0.985216,0,0
1,run10_initcall.txt,init_rc_map_streamzap,0.98736,0,0
1,run10_initcall.txt,init_rc_map_su3000,0.989526,0,0
1,run10_initcall.txt,init_rc_map_tanix_tx3mini,0.991696,0,0
1,run10_initcall.txt,init_rc_map_tanix_tx5max,0.993865,0,0
1,run10_initcall.txt,init_rc_map_tbs_nec,0.996051,0,0
1,run10_initcall.txt,init_rc_map,0.99825,0,0
1,run10_initcall.txt,init_rc_map,1.000447,0,0
1,run10_initcall.txt,init_rc_map_terratec_cinergy_c_pci,1.002657,0,0
1,run10_initcall.txt,init_rc_map_terratec_cinergy_s2_hd,1.004812,0,0
1,run10_initcall.txt,init_rc_map_terratec_cinergy_xs,1.007002,0,0
1,run10_initcall.txt,init_rc_map_terratec_slim_2,1.00918,0,0
1,run10_initcall.txt,init_rc_map_terratec_slim,1.011365,0,0
1,run10_initcall.txt,init_rc_map_tevii_nec,1.013561,0,0
1,run10_initcall.txt,init_rc_map_tivo,1.015833,0,0
1,run10_initcall.txt,init_rc_map_total_media_in_hand_02,1.018,0,0
1,run10_initcall.txt,init_rc_map_total_media_in_hand,1.02018,0,0
1,run10_initcall.txt,init_rc_map_trekstor,1.022326,0,0
1,run10_initcall.txt,init_rc_map_tt_1500,1.024509,0,0
1,run10_initcall.txt,init_rc_map_twinhan_vp1027,1.026689,0,0
1,run10_initcall.txt,init_rc_map_twinhan_dtv_cab_ci,1.028863,0,0
1,run10_initcall.txt,init_rc_map_vega_s9x,1.031041,0,0
1,run10_initcall.txt,init_rc_map_videomate_k100,1.033209,0,0
1,run10_initcall.txt,init_rc_map_videomate_s350,1.035383,0,0
1,run10_initcall.txt,init_rc_map_videomate_tv_pvr,1.037499,0,0
1,run10_initcall.txt,init_rc_map_kii_pro,1.039646,0,0
1,run10_initcall.txt,init_rc_map_wetek_hub,1.041799,0,1
1,run10_initcall.txt,init_rc_map_wetek_play2,1.043958,0,0
1,run10_initcall.txt,init_rc_map_winfast,1.046105,0,0
1,run10_initcall.txt,init_rc_map_winfast_usbii_deluxe,1.048408,0,0
1,run10_initcall.txt,init_rc_map_x96max,1.050567,0,0
1,run10_initcall.txt,init_rc_map,1.05272,0,0
1,run10_initcall.txt,init_rc_map,1.054818,0,0
1,run10_initcall.txt,init_rc_map_zx_irdec,1.056945,0,0
1,run10_initcall.txt,ptp_kvm_init,1.05912,-95,0
1,run10_initcall.txt,gpio_poweroff_driver_init,1.061336,0,83
1,run10_initcall.txt,bcm2711_thermal_driver_init,1.064847,0,1367
1,run10_initcall.txt,bcm2835_thermal_driver_init,1.06707,0,57
1,run10_initcall.txt,bcm2835_wdt_driver_init,1.069252,0,28
1,run10_initcall.txt,dt_cpufreq_platdrv_init,1.07146,0,26
1,run10_initcall.txt,brcm_avs_cpufreq_platdrv_init,1.073844,0,43
1,run10_initcall.txt,raspberrypi_cpufreq_driver_init,1.079029,0,2973
1,run10_initcall.txt,mmc_pwrseq_simple_driver_init,1.081331,0,63
1,run10_initcall.txt,mmc_pwrseq_emmc_driver_init,1.083751,0,42
1,run10_initcall.txt,mmc_blk_init,1.086032,0,30
1,run10_initcall.txt,sdhci_drv_init,1.090855,0,2429
1,run10_initcall.txt,bcm2835_mmc_driver_init,1.09457,0,1278
1,run10_initcall.txt,bcm2835_driver_init,1.100446,0,48
1,run10_initcall.txt,sdhci_pltfm_drv_init,1.104041,0,1201
1,run10_initcall.txt,sdhci_iproc_driver_init,1.106585,0,151
1,run10_initcall.txt,sdhci_brcmstb_driver_init,1.106681,0,66
1,run10_initcall.txt,esrt_sysfs_init,1.106837,-38,0
1,run10_initcall.txt,smccc_devices_init,1.106861,0,0
1,run10_initcall.txt,smccc_soc_init,1.106873,0,0
1,run10_initcall.txt,arch_timer_mmio_drv_init,1.106961,0,75
1,run10_initcall.txt,arch_timer_mmio_acpi_drv_init,1.106994,0,23
1,run10_initcall.txt,hid_init,1.10705,0,45
1,run10_initcall.txt,hid_generic_init,1.107093,0,34
1,run10_initcall.txt,hid_init,1.107185,0,83
1,run10_initcall.txt,vchiq_driver_init,1.142751,0,35557
1,run10_initcall.txt,bcm74110_mbox_driver_init,1.145327,0,83
1,run10_initcall.txt,extcon_class_init,1.147888,0,10
1,run10_initcall.txt,armv8_pmu_driver_init,1.15364,0,3422
1,run10_initcall.txt,binder_init,1.156061,0,61
1,run10_initcall.txt,rpi_otp_driver_init,1.162015,0,3713
1,run10_initcall.txt,sock_diag_init,1.164268,0,38
1,run10_initcall.txt,blackhole_init,1.166468,0,1
1,run10_initcall.txt,cls_bpf_init_mod,1.168671,0,1
1,run10_initcall.txt,gre_offload_init,1.170806,0,0
1,run10_initcall.txt,sysctl_ipv4_init,1.173017,0,71
1,run10_initcall.txt,cubictcp_register,1.175164,0,2
1,run10_initcall.txt,packet_init,1.178392,0,1082
1,run10_initcall.txt,init_rpcsec_gss,1.180564,0,16
1,run10_initcall.txt,init_kerberos_module,1.182756,0,5
1,run10_initcall.txt,dcbnl_init,1.184903,0,2
1,run10_initcall.txt,init_dns_resolver,1.188091,0,1052
1,run10_initcall.txt,handshake_init,1.190308,0,30
1,run10_initcall.txt,check_mmu_enabled_at_boot,1.192516,0,0
1,run10_initcall.txt,finalize_pkvm,1.194717,0,0
1,run10_initcall.txt,kernel_do_mounts_initrd_sysctls_init,1.198086,0,4
1,run10_initcall.txt,kernel_panic_sysctls_init,1.200302,0,11
1,run10_initcall.txt,kernel_panic_sysfs_init,1.202524,0,5
1,run10_initcall.txt,kernel_exit_sysctls_init,1.20473,0,2
1,run10_initcall.txt,kernel_exit_sysfs_init,1.206995,0,2
1,run10_initcall.txt,param_sysfs_builtin_init,1.21871,0,9437
1,run10_initcall.txt,reboot_ksysfs_init,1.22115,0,18
1,run10_initcall.txt,sched_core_sysctl_init,1.22352,0,5
1,run10_initcall.txt,sched_fair_sysctl_init,1.225806,0,1
1,run10_initcall.txt,sched_rt_sysctl_init,1.228237,0,4
1,run10_initcall.txt,sched_dl_sysctl_init,1.23058,0,3
1,run10_initcall.txt,sched_init_debug,1.232926,0,82
1,run10_initcall.txt,cpu_latency_qos_init,1.235262,0,114
1,run10_initcall.txt,printk_late_init,1.23745,0,23
1,run10_initcall.txt,init_srcu_module_notifier,1.239695,0,1
1,run10_initcall.txt,kernel_rcu_stall_sysfs_init,1.24195,0,3
1,run10_initcall.txt,swiotlb_create_default_debugfs,1.244561,0,21
1,run10_initcall.txt,tk_debug_sleep_time_init,1.246895,0,3
1,run10_initcall.txt,bpf_ksym_iter_register,1.249205,0,2
1,run10_initcall.txt,kernel_acct_sysctls_init,1.25155,0,18
1,run10_initcall.txt,bpf_rstat_kfunc_init,1.253866,0,1
1,run10_initcall.txt,debugfs_kprobe_init,1.256184,0,9
1,run10_initcall.txt,kernel_delayacct_sysctls_init,1.258495,0,5
1,run10_initcall.txt,taskstats_init,1.261981,0,1170
1,run10_initcall.txt,bpf_global_ma_init,1.264421,0,116
1,run10_initcall.txt,bpf_syscall_sysctl_init,1.266746,0,6
1,run10_initcall.txt,unbound_reg_init,1.269043,0,0
1,run10_initcall.txt,kfunc_init,1.271294,0,1
1,run10_initcall.txt,bpf_map_iter_init,1.273586,0,0
1,run10_initcall.txt,init_subsystem,1.275868,0,0
1,run10_initcall.txt,task_iter_init,1.278136,0,1
1,run10_initcall.txt,bpf_prog_iter_init,1.280408,0,0
1,run10_initcall.txt,bpf_link_iter_init,1.282648,0,0
1,run10_initcall.txt,init_trampolines,1.284864,0,3
1,run10_initcall.txt,rqspinlock_register_kfuncs,1.287275,0,0
1,run10_initcall.txt,kfunc_init,1.289477,0,0
1,run10_initcall.txt,bpf_cgroup_iter_init,1.29168,0,0
1,run10_initcall.txt,cpumask_kfunc_init,1.293868,0,7
1,run10_initcall.txt,crypto_kfunc_init,1.296067,0,0
1,run10_initcall.txt,bpf_kmem_cache_iter_init,1.298267,0,0
1,run10_initcall.txt,dmabuf_iter_init,1.300471,0,0
1,run10_initcall.txt,load_system_certificate_list,1.303781,0,1087
1,run10_initcall.txt,init_lru_gen,1.306028,0,21
1,run10_initcall.txt,vmstat_late_init,1.308283,0,2
1,run10_initcall.txt,fault_around_debugfs,1.310518,0,3
1,run10_initcall.txt,slab_sysfs_init,1.316576,0,3831
1,run10_initcall.txt,max_swapfiles_check,1.318814,0,0
1,run10_initcall.txt,zswap_init,1.320939,0,0
1,run10_initcall.txt,mempolicy_sysfs_init,1.323153,0,16
1,run10_initcall.txt,memory_tier_late_init,1.327617,0,2278
1,run10_initcall.txt,check_early_ioremap_leak,1.329788,0,0
1,run10_initcall.txt,mg_debugfs_init,1.331992,0,15
1,run10_initcall.txt,fscrypt_init,1.336433,0,2267
1,run10_initcall.txt,pstore_init,1.338568,0,10
1,run10_initcall.txt,init_root_keyring,1.340768,0,31
1,run10_initcall.txt,init_profile_hash,1.342944,0,0
1,run10_initcall.txt,integrity_fs_init,1.345137,0,24
1,run10_initcall.txt,crypto_algapi_init,1.347326,0,10
1,run10_initcall.txt,blk_timeout_init,1.349506,0,0
1,run10_initcall.txt,depot_debugfs_init,1.351706,0,5
1,run10_initcall.txt,pci_resource_alignment_sysfs_init,1.353888,0,5
1,run10_initcall.txt,pci_sysfs_init,1.3561,0,12
1,run10_initcall.txt,clk_debug_init,1.358745,0,437
1,run10_initcall.txt,genpd_debug_init,1.361306,0,341
1,run10_initcall.txt,sync_state_resume_initcall,1.363571,0,1
1,run10_initcall.txt,deferred_probe_initcall,1.431451,0,65644
1,run10_initcall.txt,efi_shutdown_init,1.433701,-19,0
1,run10_initcall.txt,efi_earlycon_unmap_fb,1.435821,0,0
1,run10_initcall.txt,psci_debugfs_init,1.437862,0,0
1,run10_initcall.txt,of_cfs_init,1.442008,0,2074
1,run10_initcall.txt,of_fdt_raw_init,1.44407,0,28
1,run10_initcall.txt,bpf_kfunc_init,1.446097,0,1
1,run10_initcall.txt,init_subsystem,1.448141,0,0
1,run10_initcall.txt,xdp_metadata_init,1.450172,0,0
1,run10_initcall.txt,bpf_sockmap_iter_init,1.452207,0,1
1,run10_initcall.txt,bpf_sk_storage_map_iter_init,1.454204,0,0
1,run10_initcall.txt,bpf_prog_test_run_init,1.456256,0,1
1,run10_initcall.txt,bpf_dummy_struct_ops_init,1.458289,0,0
1,run10_initcall.txt,tcp_congestion_default,1.460348,0,1
1,run10_initcall.txt,inet_blackhole_dev_init,1.462375,0,6
1,run10_initcall.txt,ip_auto_config,1.464414,0,11
1,run10_initcall.txt,tcp_bpf_v4_build_proto,1.466439,0,0
1,run10_initcall.txt,udp_bpf_v4_build_proto,1.468445,0,0
1,run10_initcall.txt,bpf_tcp_ca_kfunc_init,1.470406,0,0
1,run10_initcall.txt,bpf_mptcp_kfunc_init,1.472355,0,0
1,run10_initcall.txt,fb_logo_late_init,1.475326,0,0
1,run10_initcall.txt,amba_stub_drv_init,1.475372,0,37
1,run10_initcall.txt,clk_disable_unused,1.485105,0,4734
1,run10_initcall.txt,genpd_power_off_unused,1.488286,0,1062
1,run10_initcall.txt,regulator_init_complete,1.490474,0,1
1,run10_initcall.txt,of_platform_sync_state_init,1.492711,0,15
2,run1_initcall.txt,user_namespace_sysctl_init,0.049279,0,0
2,run1_initcall.txt,proc_schedstat_init,0.049301,0,0
2,run1_initcall.txt,init_rtmutex_sysctl,0.049318,0,0
2,run1_initcall.txt,pm_sysrq_init,0.049366,0,0
2,run1_initcall.txt,init_rcu_stall_sysctl,0.049386,0,0
2,run1_initcall.txt,init_module_sysctl,0.049403,0,0
2,run1_initcall.txt,create_proc_profile,0.049422,0,0
2,run1_initcall.txt,cgroup_sysfs_init,0.049445,0,0
2,run1_initcall.txt,user_namespaces_init,0.049473,0,0
2,run1_initcall.txt,hung_task_init,0.049578,0,0
2,run1_initcall.txt,dev_map_init,0.0496,0,0
2,run1_initcall.txt,netns_bpf_init,0.049619,0,0
2,run1_initcall.txt,oom_init,0.049683,0,0
2,run1_initcall.txt,init_user_buckets,0.049703,0,0
2,run1_initcall.txt,init_vm_util_sysctls,0.049728,0,0
2,run1_initcall.txt,default_bdi_init,0.049837,0,0
2,run1_initcall.txt,cgwb_init,0.049858,0,0
2,run1_initcall.txt,percpu_enable_async,0.049873,0,0
2,run1_initcall.txt,kcompactd_init,0.04998,0,0
2,run1_initcall.txt,init_mm_sysctl,0.05,0,0
2,run1_initcall.txt,init_user_reserve,0.050016,0,0
2,run1_initcall.txt,init_admin_reserve,0.050032,0,0
2,run1_initcall.txt,init_reserve_notifier,0.050048,0,0
2,run1_initcall.txt,swap_init,0.050071,0,0
2,run1_initcall.txt,swapfile_init,0.050094,0,0
2,run1_initcall.txt,memory_tier_init,0.050136,0,0
2,run1_initcall.txt,numa_init_sysfs,0.050156,0,0
2,run1_initcall.txt,mem_cgroup_swap_init,0.050174,0,0
2,run1_initcall.txt,init_msg_buckets,0.05019,0,0
2,run1_initcall.txt,init_bio,0.050237,0,0
2,run1_initcall.txt,blk_ioc_init,0.050258,0,0
2,run1_initcall.txt,blk_mq_init,0.050276,0,0
2,run1_initcall.txt,genhd_device_init,0.050372,0,0
2,run1_initcall.txt,blkcg_punt_bio_init,0.050471,0,0
2,run1_initcall.txt,blk_integrity_auto_init,0.050538,0,0
2,run1_initcall.txt,io_wq_init,0.050573,0,0
2,run1_initcall.txt,crc_t10dif_mod_init,0.050598,0,0
2,run1_initcall.txt,sha256_mod_init,0.050618,0,0
2,run1_initcall.txt,sha512_mod_init,0.050635,0,0
2,run1_initcall.txt,sg_pool_init,0.05067,0,0
2,run1_initcall.txt,gpiolib_debugfs_init,0.050695,0,0
2,run1_initcall.txt,stmpe_gpio_init,0.05079,0,0
2,run1_initcall.txt,pwm_init,0.050817,0,0
2,run1_initcall.txt,leds_init,0.050856,0,0
2,run1_initcall.txt,pci_slot_init,0.050878,0,0
2,run1_initcall.txt,fbmem_init,0.05093,0,0
2,run1_initcall.txt,bcm2835_dma_init,0.051611,0,0
2,run1_initcall.txt,regulator_fixed_voltage_init,0.051688,0,0
2,run1_initcall.txt,gpio_regulator_init,0.051748,0,0
2,run1_initcall.txt,init_sysrq_sysctl,0.051772,0,0
2,run1_initcall.txt,misc_init,0.051802,0,0
2,run1_initcall.txt,iommu_subsys_init,0.051836,0,0
2,run1_initcall.txt,register_cpu_capacity_sysctl,0.052169,0,4000
2,run1_initcall.txt,dma_buf_init,0.052246,0,0
2,run1_initcall.txt,dma_heap_init,0.052274,0,0
2,run1_initcall.txt,init_scsi,0.05237,0,0
2,run1_initcall.txt,mdio_bus_init,0.052401,0,0
2,run1_initcall.txt,phy_init,0.052449,0,0
2,run1_initcall.txt,usb_common_init,0.05247,0,0
2,run1_initcall.txt,usb_init,0.052579,0,0
2,run1_initcall.txt,usb_phy_generic_init,0.052726,0,0
2,run1_initcall.txt,usb_udc_init,0.052763,0,0
2,run1_initcall.txt,usb_roles_init,0.052781,0,0
2,run1_initcall.txt,input_init,0.052805,0,0
2,run1_initcall.txt,rtc_init,0.052823,0,0
2,run1_initcall.txt,rc_core_init,0.052851,0,0
2,run1_initcall.txt,pps_init,0.052889,0,0
2,run1_initcall.txt,ptp_init,0.052916,0,0
2,run1_initcall.txt,power_supply_class_init,0.052947,0,0
2,run1_initcall.txt,hwmon_init,0.052971,0,0
2,run1_initcall.txt,mmc_init,0.053016,0,0
2,run1_initcall.txt,dmi_init,0.053035,0,0
2,run1_initcall.txt,efisubsys_init,0.053054,0,0
2,run1_initcall.txt,arm_pmu_hp_init,0.053074,0,0
2,run1_initcall.txt,ras_init,0.053097,0,0
2,run1_initcall.txt,nvmem_init,0.053132,0,0
2,run1_initcall.txt,init_soundcore,0.053156,0,0
2,run1_initcall.txt,proto_init,0.053177,0,0
2,run1_initcall.txt,net_dev_init,0.053399,0,0
2,run1_initcall.txt,neigh_init,0.05342,0,0
2,run1_initcall.txt,fib_notifier_init,0.053436,0,0
2,run1_initcall.txt,netdev_genl_init,0.053476,0,0
2,run1_initcall.txt,page_pool_user_init,0.053494,0,0
2,run1_initcall.txt,fib_rules_init,0.053514,0,0
2,run1_initcall.txt,init_cgroup_netprio,0.05353,0,0
2,run1_initcall.txt,bpf_lwt_init,0.053546,0,0
2,run1_initcall.txt,pktsched_init,0.053567,0,0
2,run1_initcall.txt,tc_filter_init,0.053597,0,0
2,run1_initcall.txt,tc_action_init,0.053614,0,0
2,run1_initcall.txt,ethnl_init,0.053686,0,0
2,run1_initcall.txt,nexthop_init,0.053708,0,0
2,run1_initcall.txt,devlink_init,0.053787,0,0
2,run1_initcall.txt,wireless_nlevent_init,0.053808,0,0
2,run1_initcall.txt,vsprintf_init_hashval,0.053828,0,0
2,run1_initcall.txt,init_32bit_el0_mask,0.053843,0,0
2,run1_initcall.txt,vga_arb_device_init,0.053973,0,0
2,run1_initcall.txt,watchdog_init,0.054091,0,0
2,run1_initcall.txt,create_debug_debugfs_entry,0.054193,0,0
2,run1_initcall.txt,iomem_init_inode,0.054237,0,0
2,run1_initcall.txt,clocksource_done_booting,0.054287,0,14
2,run1_initcall.txt,bpf_init,0.054312,0,6
2,run1_initcall.txt,secretmem_init,0.054341,0,11
2,run1_initcall.txt,init_fs_stat_sysctls,0.05437,0,9
2,run1_initcall.txt,init_fs_exec_sysctls,0.054389,0,1
2,run1_initcall.txt,init_pipe_fs,0.054418,0,12
2,run1_initcall.txt,init_fs_namei_sysctls,0.054439,0,2
2,run1_initcall.txt,init_fs_dcache_sysctls,0.054465,0,6
2,run1_initcall.txt,init_fs_namespace_sysctls,0.054484,0,1
2,run1_initcall.txt,cgroup_writeback_init,0.054507,0,4
2,run1_initcall.txt,inotify_user_setup,0.054539,0,13
2,run1_initcall.txt,eventpoll_init,0.054599,0,17
2,run1_initcall.txt,anon_inode_init,0.05463,0,11
2,run1_initcall.txt,proc_locks_init,0.054653,0,3
2,run1_initcall.txt,backing_aio_init,0.054672,0,2
2,run1_initcall.txt,init_fs_coredump_sysctls,0.054693,0,5
2,run1_initcall.txt,init_vm_drop_caches_sysctls,0.054711,0,2
2,run1_initcall.txt,iomap_dio_init,0.054749,0,23
2,run1_initcall.txt,iomap_ioend_init,0.054785,0,21
2,run1_initcall.txt,dquot_init,0.054892,0,92
2,run1_initcall.txt,proc_cmdline_init,0.054911,0,2
2,run1_initcall.txt,proc_consoles_init,0.054926,0,1
2,run1_initcall.txt,proc_cpuinfo_init,0.054943,0,1
2,run1_initcall.txt,proc_devices_init,0.054958,0,0
2,run1_initcall.txt,proc_interrupts_init,0.054974,0,1
2,run1_initcall.txt,proc_loadavg_init,0.054989,0,0
2,run1_initcall.txt,proc_meminfo_init,0.055003,0,0
2,run1_initcall.txt,proc_stat_init,0.055018,0,1
2,run1_initcall.txt,proc_uptime_init,0.055034,0,1
2,run1_initcall.txt,proc_version_init,0.055049,0,1
2,run1_initcall.txt,proc_softirqs_init,0.055065,0,1
2,run1_initcall.txt,proc_kmsg_init,0.055081,0,1
2,run1_initcall.txt,proc_page_init,0.055097,0,2
2,run1_initcall.txt,init_ramfs_fs,0.055113,0,1
2,run1_initcall.txt,aa_create_aafs,0.05513,0,0
2,run1_initcall.txt,chr_dev_init,0.057905,0,2756
2,run1_initcall.txt,hwrng_modinit,0.057979,0,43
2,run1_initcall.txt,firmware_class_init,0.057999,0,1
2,run1_initcall.txt,sysctl_core_init,0.058049,0,27
2,run1_initcall.txt,eth_offload_init,0.058066,0,0
2,run1_initcall.txt,ipv4_offload_init,0.058084,0,1
2,run1_initcall.txt,inet_init,0.061922,0,3821
2,run1_initcall.txt,af_unix_init,0.061977,0,21
2,run1_initcall.txt,ipv6_offload_init,0.061999,0,2
2,run1_initcall.txt,init_sunrpc,0.06241,0,392
2,run1_initcall.txt,vlan_offload_init,0.062431,0,0
2,run1_initcall.txt,pci_apply_final_quirks,0.062461,0,11
2,run1_initcall.txt,populate_rootfs,0.062489,0,6
2,run1_initcall.txt,register_arm64_panic_block,0.062604,0,0
2,run1_initcall.txt,cpuinfo_regs_init,0.062701,0,82
2,run1_initcall.txt,aarch32_el0_sysfs_init,0.062718,0,0
2,run1_initcall.txt,kvm_arm_init,0.066194,0,3453
2,run1_initcall.txt,proc_execdomains_init,0.066235,0,4
2,run1_initcall.txt,register_warn_debugfs,0.066258,0,4
2,run1_initcall.txt,cpuhp_sysfs_init,0.066327,0,23
2,run1_initcall.txt,ioresources_init,0.06635,0,3
2,run1_initcall.txt,psi_proc_init,0.066368,0,0
2,run1_initcall.txt,irq_gc_init_ops,0.066384,0,0
2,run1_initcall.txt,irq_debugfs_init,0.066472,0,73
2,run1_initcall.txt,proc_modules_init,0.066499,0,1
2,run1_initcall.txt,timer_sysctl_init,0.066523,0,8
2,run1_initcall.txt,timekeeping_init_ops,0.066539,0,0
2,run1_initcall.txt,init_clocksource_sysfs,0.066616,0,60
2,run1_initcall.txt,init_timer_list_procfs,0.066637,0,1
2,run1_initcall.txt,alarmtimer_init,0.066707,0,53
2,run1_initcall.txt,clockevents_init_sysfs,0.066835,0,110
2,run1_initcall.txt,sched_clock_syscore_init,0.066854,0,0
2,run1_initcall.txt,kallsyms_init,0.066874,0,1
2,run1_initcall.txt,pid_namespaces_init,0.066914,0,23
2,run1_initcall.txt,audit_watch_init,0.066933,0,0
2,run1_initcall.txt,audit_fsnotify_init,0.066951,0,0
2,run1_initcall.txt,audit_tree_init,0.06697,0,2
2,run1_initcall.txt,seccomp_sysctl_init,0.066993,0,4
2,run1_initcall.txt,utsname_sysctl_init,0.067018,0,7
2,run1_initcall.txt,init_lstats_procfs,0.067039,0,3
2,run1_initcall.txt,perf_event_sysfs_init,0.067115,0,56
2,run1_initcall.txt,system_trusted_keyring_init,0.067151,0,16
2,run1_initcall.txt,kswapd_init,0.067356,0,185
2,run1_initcall.txt,extfrag_debug_init,0.067386,0,9
2,run1_initcall.txt,mm_compute_batch_init,0.067404,0,0
2,run1_initcall.txt,slab_proc_init,0.067421,0,2
2,run1_initcall.txt,workingset_init,0.067445,0,8
2,run1_initcall.txt,proc_vmalloc_init,0.067461,0,1
2,run1_initcall.txt,memblock_init_debugfs,0.067493,0,16
2,run1_initcall.txt,slab_debugfs_init,0.067515,0,5
2,run1_initcall.txt,procswaps_init,0.067533,0,1
2,run1_initcall.txt,zs_init,0.06755,0,0
2,run1_initcall.txt,fcntl_init,0.067571,0,3
2,run1_initcall.txt,proc_filesystems_init,0.067592,0,3
2,run1_initcall.txt,start_dirtytime_writeback,0.067617,0,5
2,run1_initcall.txt,dio_init,0.067637,0,1
2,run1_initcall.txt,dnotify_init,0.06767,0,15
2,run1_initcall.txt,fanotify_user_setup,0.0677,0,10
2,run1_initcall.txt,aio_setup,0.067754,0,34
2,run1_initcall.txt,mbcache_init,0.067777,0,5
2,run1_initcall.txt,init_grace,0.067793,0,2
2,run1_initcall.txt,init_devpts_fs,0.067819,0,11
2,run1_initcall.txt,ext4_init_fs,0.067915,0,79
2,run1_initcall.txt,journal_init,0.067947,0,16
2,run1_initcall.txt,init_fat_fs,0.067969,0,6
2,run1_initcall.txt,init_vfat_fs,0.067985,0,1
2,run1_initcall.txt,init_msdos_fs,0.068,0,0
2,run1_initcall.txt,init_nfs_fs,0.068172,0,156
2,run1_initcall.txt,init_nfs_v2,0.068191,0,0
2,run1_initcall.txt,init_nfs_v3,0.068208,0,0
2,run1_initcall.txt,init_nfs_v4,0.06825,0,28
2,run1_initcall.txt,nfs4filelayout_init,0.068273,0,6
2,run1_initcall.txt,nfs4flexfilelayout_init,0.068294,0,6
2,run1_initcall.txt,init_nlm,0.068335,0,25
2,run1_initcall.txt,init_nls_cp437,0.068352,0,0
2,run1_initcall.txt,init_nls_ascii,0.068368,0,0
2,run1_initcall.txt,init_autofs_fs,0.068479,0,96
2,run1_initcall.txt,init_f2fs_fs,0.068627,0,129
2,run1_initcall.txt,ipc_init,0.06866,0,14
2,run1_initcall.txt,ipc_sysctl_init,0.068694,0,17
2,run1_initcall.txt,init_mqueue_fs,0.068746,0,37
2,run1_initcall.txt,key_proc_init,0.068767,0,2
2,run1_initcall.txt,bpf_crypto_skcipher_init,0.068785,0,1
2,run1_initcall.txt,dh_init,0.068805,0,3
2,run1_initcall.txt,rsa_init,0.068822,0,1
2,run1_initcall.txt,cryptomgr_init,0.068841,0,1
2,run1_initcall.txt,hmac_module_init,0.068858,0,0
2,run1_initcall.txt,crypto_sha256_mod_init,0.068879,0,4
2,run1_initcall.txt,crypto_ecb_module_init,0.068896,0,0
2,run1_initcall.txt,crypto_cbc_module_init,0.068913,0,0
2,run1_initcall.txt,crypto_cts_module_init,0.068929,0,0
2,run1_initcall.txt,xts_module_init,0.068946,0,0
2,run1_initcall.txt,des_generic_mod_init,0.068964,0,1
2,run1_initcall.txt,aes_init,0.068982,0,0
2,run1_initcall.txt,lzo_mod_init,0.068999,0,1
2,run1_initcall.txt,lzorle_mod_init,0.069017,0,0
2,run1_initcall.txt,asymmetric_key_init,0.069039,0,5
2,run1_initcall.txt,x509_key_init,0.069061,0,6
2,run1_initcall.txt,crypto_kdf108_init,0.069078,0,0
2,run1_initcall.txt,blkdev_init,0.069105,0,11
2,run1_initcall.txt,proc_genhd_init,0.069125,0,2
2,run1_initcall.txt,bsg_init,0.069161,0,17
2,run1_initcall.txt,throtl_init,0.069254,0,75
2,run1_initcall.txt,deadline_init,0.069278,0,6
2,run1_initcall.txt,kyber_init,0.0693,0,5
2,run1_initcall.txt,bfq_init,0.069336,0,19
2,run1_initcall.txt,io_uring_init,0.069376,0,23
2,run1_initcall.txt,btree_module_init,0.069398,0,2
2,run1_initcall.txt,percpu_counter_startup,0.069461,0,43
2,run1_initcall.txt,audit_classes_init,0.069493,0,6
2,run1_initcall.txt,gicv5_iwb_platform_driver_init,0.0696,0,88
2,run1_initcall.txt,mip_msi_driver_init,0.069657,0,37
2,run1_initcall.txt,bcm7038_l1_driver_init,0.06971,0,34
2,run1_initcall.txt,bcm7120_l2_driver_init,0.06977,0,39
2,run1_initcall.txt,brcmstb_l2_driver_init,0.07005,0,261
2,run1_initcall.txt,simple_pm_bus_driver_init,0.070593,0,521
2,run1_initcall.txt,phy_core_init,0.070631,0,12
2,run1_initcall.txt,brcm_usb_driver_init,0.070715,0,64
2,run1_initcall.txt,rp1_pinctrl_driver_init,0.070767,0,33
2,run1_initcall.txt,bcm2835_pinctrl_driver_init,0.071763,0,975
2,run1_initcall.txt,bcm2712_pinctrl_driver_init,0.071847,0,58
2,run1_initcall.txt,brcmvirt_gpio_driver_init,0.071904,0,35
2,run1_initcall.txt,brcmstb_gpio_driver_init,0.071959,0,34
2,run1_initcall.txt,rpi_exp_gpio_driver_init,0.072366,0,386
2,run1_initcall.txt,brcmstb_pwm_driver_init,0.072424,0,37
2,run1_initcall.txt,rp1_pwm_driver_init,0.072479,0,34
2,run1_initcall.txt,gpio_led_driver_init,0.074234,0,1731
2,run1_initcall.txt,led_pwm_driver_init,0.074327,0,71
2,run1_initcall.txt,timer_led_trigger_init,0.074354,0,1
2,run1_initcall.txt,oneshot_led_trigger_init,0.074374,0,0
2,run1_initcall.txt,heartbeat_trig_init,0.074394,0,2
2,run1_initcall.txt,bl_led_trigger_init,0.074408,0,0
2,run1_initcall.txt,ledtrig_cpu_init,0.074489,0,66
2,run1_initcall.txt,defon_led_trigger_init,0.074536,0,32
2,run1_initcall.txt,input_trig_init,0.074553,0,1
2,run1_initcall.txt,ledtrig_panic_init,0.074568,0,1
2,run1_initcall.txt,actpwr_trig_init,0.074723,0,138
2,run1_initcall.txt,pcie_portdrv_init,0.074794,0,54
2,run1_initcall.txt,pci_proc_init,0.07482,0,11
2,run1_initcall.txt,brcm_pcie_driver_init,0.187164,0,112329
2,run1_initcall.txt,bcm2708_fb_init,0.187251,0,59
2,run1_initcall.txt,simplefb_driver_init,0.194173,0,6906
2,run1_initcall.txt,of_fixed_factor_clk_driver_init,0.194262,0,36
2,run1_initcall.txt,of_fixed_clk_driver_init,0.194354,0,34
2,run1_initcall.txt,gpio_clk_driver_init,0.194443,0,42
2,run1_initcall.txt,gated_fixed_clk_driver_init,0.194525,0,34
2,run1_initcall.txt,rp1_clk_driver_init,0.194607,0,35
2,run1_initcall.txt,rp1_sdio_clk_driver_init,0.194692,0,38
2,run1_initcall.txt,clk_dvp_driver_init,0.194877,0,135
2,run1_initcall.txt,bcm2835_aux_clk_driver_init,0.194987,0,61
2,run1_initcall.txt,raspberrypi_clk_driver_init,0.210571,0,15534
2,run1_initcall.txt,dw_driver_init,0.210667,0,48
2,run1_initcall.txt,bcm2835_power_driver_init,0.210736,0,22
2,run1_initcall.txt,rpi_power_driver_init,0.228998,0,18214
2,run1_initcall.txt,brcmstb_reset_driver_init,0.231002,0,42
2,run1_initcall.txt,brcm_rescal_reset_driver_init,0.233004,0,37
2,run1_initcall.txt,rpi_reset_driver_init,0.236005,0,1058
2,run1_initcall.txt,reset_simple_driver_init,0.238054,0,83
2,run1_initcall.txt,n_null_init,0.23997,0,0
2,run1_initcall.txt,pty_init,0.241991,0,78
2,run1_initcall.txt,sysrq_init,0.243962,0,16
2,run1_initcall.txt,serial8250_init,0.245907,-19,0
2,run1_initcall.txt,bcm2835aux_serial_driver_init,0.247903,0,45
2,run1_initcall.txt,brcmuart_init,0.249906,0,53
2,run1_initcall.txt,exar_pci_driver_init,0.251898,0,26
2,run1_initcall.txt,of_platform_serial_driver_init,0.253956,0,97
2,run1_initcall.txt,serial_pci_driver_init,0.255931,0,34
2,run1_initcall.txt,pericom8250_pci_driver_init,0.257848,0,18
2,run1_initcall.txt,init_kgdboc,0.260838,0,1037
2,run1_initcall.txt,random_sysctls_init,0.262781,0,11
2,run1_initcall.txt,ttyprintk_init,0.26479,0,71
2,run1_initcall.txt,bcm2835_rng_driver_init,0.266805,0,63
2,run1_initcall.txt,bcm74110_rng_driver_init,0.268838,0,37
2,run1_initcall.txt,iproc_rng200_driver_init,0.273098,0,2234
2,run1_initcall.txt,smccc_trng_driver_init,0.275234,0,30
2,run1_initcall.txt,vc_mem_init,0.278598,0,1216
2,run1_initcall.txt,vcio_driver_init,0.282243,0,1422
2,run1_initcall.txt,bcm2712_iommu_driver_init,0.284584,0,44
2,run1_initcall.txt,bcm2712_iommu_cache_driver_init,0.286967,0,39
2,run1_initcall.txt,topology_sysfs_init,0.289411,0,59
2,run1_initcall.txt,cacheinfo_sysfs_init,0.292031,0,230
2,run1_initcall.txt,devcoredump_init,0.294488,0,9
2,run1_initcall.txt,brd_init,0.301674,0,4776
2,run1_initcall.txt,loop_init,0.307725,0,3625
2,run1_initcall.txt,bcm2835_pm_driver_init,0.31144,0,1336
2,run1_initcall.txt,stmpe_i2c_driver_init,0.313831,0,15
2,run1_initcall.txt,stmpe_spi_driver_init,0.316229,0,13
2,run1_initcall.txt,rp1_driver_init,0.318657,0,32
2,run1_initcall.txt,system_heap_create,0.321116,0,76
2,run1_initcall.txt,add_default_cma_heap,0.323559,0,83
2,run1_initcall.txt,udmabuf_dev_init,0.32597,0,38
2,run1_initcall.txt,iscsi_transport_init,0.329788,0,1424
2,run1_initcall.txt,init_sd,0.332218,0,23
2,run1_initcall.txt,nvme_core_init,0.334855,0,247
2,run1_initcall.txt,nvme_init,0.337271,0,25
2,run1_initcall.txt,blackhole_netdev_init,0.33965,0,17
2,run1_initcall.txt,netkit_init,0.342004,0,8
2,run1_initcall.txt,phylink_init,0.344367,0,0
2,run1_initcall.txt,phy_module_init,0.346907,0,175
2,run1_initcall.txt,phy_module_init,0.349449,0,194
2,run1_initcall.txt,fixed_mdio_bus_init,0.351964,0,153
2,run1_initcall.txt,phy_module_init,0.354515,0,184
2,run1_initcall.txt,phy_module_init,0.356846,0,19
2,run1_initcall.txt,phy_module_init,0.35925,0,65
2,run1_initcall.txt,unimac_mdio_driver_init,0.361694,0,122
2,run1_initcall.txt,macb_driver_init,0.364138,0,118
2,run1_initcall.txt,bcmgenet_driver_init,0.563311,0,196861
2,run1_initcall.txt,bcmasp_driver_init,0.56572,0,79
2,run1_initcall.txt,lan78xx_driver_init,0.569244,0,1192
2,run1_initcall.txt,smsc95xx_driver_init,0.572819,0,1199
2,run1_initcall.txt,usbnet_init,0.575179,0,0
2,run1_initcall.txt,xhci_hcd_init,0.577537,0,12
2,run1_initcall.txt,xhci_pci_init,0.705188,0,125306
2,run1_initcall.txt,xhci_plat_init,0.707532,0,118
2,run1_initcall.txt,dwc_otg_driver_init,0.714239,0,4456
2,run1_initcall.txt,dwc_common_port_init_module,0.717787,0,1221
2,run1_initcall.txt,dwc3_driver_init,0.72009,0,55
2,run1_initcall.txt,dwc3_haps_driver_init,0.722339,0,28
2,run1_initcall.txt,dwc3_of_simple_driver_init,0.724595,0,58
2,run1_initcall.txt,dwc3_generic_driver_init,0.726864,0,39
2,run1_initcall.txt,dwc2_platform_driver_init,0.729215,0,147
2,run1_initcall.txt,uas_init,0.732616,0,1199
2,run1_initcall.txt,usb_storage_driver_init,0.735925,0,1109
2,run1_initcall.txt,brcmstb_usb_pinmap_init,0.738164,-19,65
2,run1_initcall.txt,bdc_driver_init,0.740356,0,45
2,run1_initcall.txt,input_leds_init,0.742556,0,1
2,run1_initcall.txt,mousedev_init,0.74593,0,1204
2,run1_initcall.txt,evdev_init,0.748167,0,0
2,run1_initcall.txt,brcmstb_waketmr_driver_init,0.750419,0,46
2,run1_initcall.txt,rpi_rtc_driver_init,0.752669,0,41
2,run1_initcall.txt,init_rc_map_adstech_dvb_t_pci,0.754881,0,0
2,run1_initcall.txt,init_rc_map_alink_dtu_m,0.75705,0,0
2,run1_initcall.txt,init_rc_map_anysee,0.759253,0,0
2,run1_initcall.txt,init_rc_map_apac_viewcomp,0.761473,0,0
2,run1_initcall.txt,init_rc_map_t2hybrid,0.763709,0,0
2,run1_initcall.txt,init_rc_map_asus_pc39,0.765928,0,0
2,run1_initcall.txt,init_rc_map_asus_ps3_100,0.768143,0,0
2,run1_initcall.txt,init_rc_map_ati_tv_wonder_hd_600,0.77037,0,0
2,run1_initcall.txt,init_rc_map_ati_x10,0.772602,0,0
2,run1_initcall.txt,init_rc_map_avermedia_a16d,0.774822,0,0
2,run1_initcall.txt,init_rc_map_avermedia_cardbus,0.777072,0,0
2,run1_initcall.txt,init_rc_map_avermedia_dvbt,0.779325,0,0
2,run1_initcall.txt,init_rc_map_avermedia_m135a,0.781581,0,0
2,run1_initcall.txt,init_rc_map_avermedia_m733a_rm_k6,0.78386,0,0
2,run1_initcall.txt,init_rc_map_avermedia,0.786137,0,0
2,run1_initcall.txt,init_rc_map_avermedia_rm_ks,0.788409,0,0
2,run1_initcall.txt,init_rc_map_avertv_303,0.790643,0,0
2,run1_initcall.txt,init_rc_map_azurewave_ad_tu700,0.792908,0,0
2,run1_initcall.txt,init_rc_map_beelink_gs1,0.795166,0,0
2,run1_initcall.txt,init_rc_map_beelink_mxiii,0.797421,0,0
2,run1_initcall.txt,init_rc_map_behold_columbus,0.799703,0,0
2,run1_initcall.txt,init_rc_map_behold,0.801955,0,0
2,run1_initcall.txt,init_rc_map_budget_ci_old,0.804289,0,0
2,run1_initcall.txt,init_rc_map_cinergy_1400,0.806673,0,0
2,run1_initcall.txt,init_rc_map_cinergy,0.80889,0,0
2,run1_initcall.txt,init_rc_map_ct_90405,0.811104,0,0
2,run1_initcall.txt,init_rc_map_d680_dmb,0.813309,0,0
2,run1_initcall.txt,init_rc_map_delock_61959,0.815483,0,0
2,run1_initcall.txt,init_rc_map,0.817654,0,0
2,run1_initcall.txt,init_rc_map,0.82006,0,0
2,run1_initcall.txt,init_rc_map_digitalnow_tinytwin,0.822427,0,0
2,run1_initcall.txt,init_rc_map_digittrade,0.824564,0,0
2,run1_initcall.txt,init_rc_map_dm1105_nec,0.826731,0,0
2,run1_initcall.txt,init_rc_map_dntv_live_dvb_t,0.828882,0,0
2,run1_initcall.txt,init_rc_map_dntv_live_dvbt_pro,0.831085,0,0
2,run1_initcall.txt,init_rc_map_dreambox,0.83334,0,0
2,run1_initcall.txt,init_rc_map_dtt200u,0.835521,0,0
2,run1_initcall.txt,init_rc_map_rc5_dvbsky,0.837685,0,0
2,run1_initcall.txt,init_rc_map_dvico_mce,0.839819,0,0
2,run1_initcall.txt,init_rc_map_dvico_portable,0.841987,0,0
2,run1_initcall.txt,init_rc_map_em_terratec,0.844248,0,0
2,run1_initcall.txt,init_rc_map_encore_enltv2,0.846412,0,0
2,run1_initcall.txt,init_rc_map_encore_enltv_fm53,0.848582,0,0
2,run1_initcall.txt,init_rc_map_encore_enltv,0.850757,0,0
2,run1_initcall.txt,init_rc_map_evga_indtube,0.852913,0,0
2,run1_initcall.txt,init_rc_map_eztv,0.855057,0,0
2,run1_initcall.txt,init_rc_map_flydvb,0.857144,0,0
2,run1_initcall.txt,init_rc_map_flyvideo,0.859264,0,0
2,run1_initcall.txt,init_rc_map_fusionhdtv_mce,0.861378,0,0
2,run1_initcall.txt,init_rc_map_gadmei_rm008z,0.863479,0,0
2,run1_initcall.txt,init_rc_map_geekbox,0.86557,0,0
2,run1_initcall.txt,init_rc_map_genius_tvgo_a11mce,0.867666,0,0
2,run1_initcall.txt,init_rc_map_gotview7135,0.869741,0,0
2,run1_initcall.txt,init_rc_map_rc5_hauppauge_new,0.871849,0,0
2,run1_initcall.txt,init_rc_map_hisi_poplar,0.873915,0,0
2,run1_initcall.txt,init_rc_map_hisi_tv_demo,0.87603,0,0
2,run1_initcall.txt,init_rc_map_imon_mce,0.878128,0,0
2,run1_initcall.txt,init_rc_map_imon_pad,0.880239,0,0
2,run1_initcall.txt,init_rc_map_imon_rsc,0.882348,0,0
2,run1_initcall.txt,init_rc_map_iodata_bctv7e,0.884428,0,0
2,run1_initcall.txt,init_rc_it913x_v1_map,0.886598,0,0
2,run1_initcall.txt,init_rc_it913x_v2_map,0.888691,0,0
2,run1_initcall.txt,init_rc_map_kaiomy,0.890744,0,0
2,run1_initcall.txt,init_rc_map_khadas,0.892825,0,0
2,run1_initcall.txt,init_rc_map_khamsin,0.894902,0,0
2,run1_initcall.txt,init_rc_map_kworld_315u,0.896967,0,0
2,run1_initcall.txt,init_rc_map_kworld_pc150u,0.89906,0,0
2,run1_initcall.txt,init_rc_map_kworld_plus_tv_analog,0.901128,0,0
2,run1_initcall.txt,init_rc_map_leadtek_y04g0051,0.903207,0,0
2,run1_initcall.txt,init_rc_lme2510_map,0.905282,0,0
2,run1_initcall.txt,init_rc_map_manli,0.907339,0,0
2,run1_initcall.txt,init_rc_map_mecool_kiii_pro,0.909437,0,0
2,run1_initcall.txt,init_rc_map_mecool_kii_pro,0.91154,0,0
2,run1_initcall.txt,init_rc_map_medion_x10_digitainer,0.913643,0,0
2,run1_initcall.txt,init_rc_map_medion_x10,0.915748,0,1
2,run1_initcall.txt,init_rc_map_medion_x10_or2x,0.917849,0,0
2,run1_initcall.txt,init_rc_map_minix_neo,0.919944,0,0
2,run1_initcall.txt,init_rc_map_msi_digivox_iii,0.92206,0,0
2,run1_initcall.txt,init_rc_map_msi_digivox_ii,0.924152,0,0
2,run1_initcall.txt,init_rc_map_msi_tvanywhere,0.926272,0,0
2,run1_initcall.txt,init_rc_map_msi_tvanywhere_plus,0.928396,0,0
2,run1_initcall.txt,init_rc_map_mygica_utv3,0.930515,0,0
2,run1_initcall.txt,init_rc_map_nebula,0.932637,0,0
2,run1_initcall.txt,init_rc_map_nec_terratec_cinergy_xs,0.934748,0,0
2,run1_initcall.txt,init_rc_map_norwood,0.936857,0,0
2,run1_initcall.txt,init_rc_map_npgtech,0.938966,0,0
2,run1_initcall.txt,init_rc_map_odroid,0.941033,0,0
2,run1_initcall.txt,init_rc_map_pctv_sedna,0.944242,0,0
2,run1_initcall.txt,init_rc_map_pine64,0.946562,0,0
2,run1_initcall.txt,init_rc_map_pinnacle_color,0.948719,0,0
2,run1_initcall.txt,init_rc_map_pinnacle_grey,0.950864,0,0
2,run1_initcall.txt,init_rc_map_pinnacle_pctv_hd,0.953011,0,0
2,run1_initcall.txt,init_rc_map_pixelview,0.955153,0,0
2,run1_initcall.txt,init_rc_map_pixelview,0.9573,0,0
2,run1_initcall.txt,init_rc_map_pixelview_new,0.959463,0,0
2,run1_initcall.txt,init_rc_map_pixelview,0.96163,0,0
2,run1_initcall.txt,init_rc_map_powercolor_real_angel,0.963814,0,0
2,run1_initcall.txt,init_rc_map_proteus_2309,0.965983,0,0
2,run1_initcall.txt,init_rc_map_purpletv,0.968156,0,0
2,run1_initcall.txt,init_rc_map_pv951,0.970321,0,0
2,run1_initcall.txt,init_rc_map_rc6_mce,0.972479,0,0
2,run1_initcall.txt,init_rc_map_real_audio_220_32_keys,0.9746,0,0
2,run1_initcall.txt,init_rc_map_reddo,0.976758,0,0
2,run1_initcall.txt,init_rc_map_siemens_gigaset_rc20,0.978937,0,0
2,run1_initcall.txt,init_rc_map_snapstream_firefly,0.981106,0,0
2,run1_initcall.txt,init_rc_map_streamzap,0.983284,0,0
2,run1_initcall.txt,init_rc_map_su3000,0.98547,0,0
2,run1_initcall.txt,init_rc_map_tanix_tx3mini,0.987647,0,0
2,run1_initcall.txt,init_rc_map_tanix_tx5max,0.989787,0,0
2,run1_initcall.txt,init_rc_map_tbs_nec,0.991958,0,0
2,run1_initcall.txt,init_rc_map,0.994146,0,0
2,run1_initcall.txt,init_rc_map,0.996349,0,0
2,run1_initcall.txt,init_rc_map_terratec_cinergy_c_pci,0.998544,0,0
2,run1_initcall.txt,init_rc_map_terratec_cinergy_s2_hd,1.000744,0,0
2,run1_initcall.txt,init_rc_map_terratec_cinergy_xs,1.002938,0,0
2,run1_initcall.txt,init_rc_map_terratec_slim_2,1.005115,0,0
2,run1_initcall.txt,init_rc_map_terratec_slim,1.007266,0,0
2,run1_initcall.txt,init_rc_map_tevii_nec,1.009466,0,0
2,run1_initcall.txt,init_rc_map_tivo,1.011709,0,0
2,run1_initcall.txt,init_rc_map_total_media_in_hand_02,1.013876,0,0
2,run1_initcall.txt,init_rc_map_total_media_in_hand,1.016064,0,0
2,run1_initcall.txt,init_rc_map_trekstor,1.018248,0,0
2,run1_initcall.txt,init_rc_map_tt_1500,1.020424,0,0
2,run1_initcall.txt,init_rc_map_twinhan_vp1027,1.022608,0,0
2,run1_initcall.txt,init_rc_map_twinhan_dtv_cab_ci,1.024743,0,0
2,run1_initcall.txt,init_rc_map_vega_s9x,1.02692,0,0
2,run1_initcall.txt,init_rc_map_videomate_k100,1.029077,0,0
2,run1_initcall.txt,init_rc_map_videomate_s350,1.031244,0,0
2,run1_initcall.txt,init_rc_map_videomate_tv_pvr,1.033388,0,0
2,run1_initcall.txt,init_rc_map_kii_pro,1.035519,0,0
2,run1_initcall.txt,init_rc_map_wetek_hub,1.037659,0,0
2,run1_initcall.txt,init_rc_map_wetek_play2,1.039765,0,0
2,run1_initcall.txt,init_rc_map_winfast,1.041891,0,0
2,run1_initcall.txt,init_rc_map_winfast_usbii_deluxe,1.044031,0,0
2,run1_initcall.txt,init_rc_map_x96max,1.046172,0,0
2,run1_initcall.txt,init_rc_map,1.048463,0,0
2,run1_initcall.txt,init_rc_map,1.050588,0,0
2,run1_initcall.txt,init_rc_map_zx_irdec,1.052696,0,0
2,run1_initcall.txt,ptp_kvm_init,1.054806,-95,0
2,run1_initcall.txt,gpio_poweroff_driver_init,1.056954,0,81
2,run1_initcall.txt,bcm2711_thermal_driver_init,1.06048,0,1352
2,run1_initcall.txt,bcm2835_thermal_driver_init,1.062686,0,57
2,run1_initcall.txt,bcm2835_wdt_driver_init,1.06485,0,25
2,run1_initcall.txt,dt_cpufreq_platdrv_init,1.067089,0,27
2,run1_initcall.txt,brcm_avs_cpufreq_platdrv_init,1.069461,0,43
2,run1_initcall.txt,raspberrypi_cpufreq_driver_init,1.074576,0,2917
2,run1_initcall.txt,mmc_pwrseq_simple_driver_init,1.076864,0,61
2,run1_initcall.txt,mmc_pwrseq_emmc_driver_init,1.079139,0,39
2,run1_initcall.txt,mmc_blk_init,1.081412,0,31
2,run1_initcall.txt,sdhci_drv_init,1.086412,0,2435
2,run1_initcall.txt,bcm2835_mmc_driver_init,1.0901,0,1241
2,run1_initcall.txt,bcm2835_driver_init,1.095992,0,49
2,run1_initcall.txt,sdhci_pltfm_drv_init,1.099634,0,1239
2,run1_initcall.txt,sdhci_iproc_driver_init,1.102062,0,83
2,run1_initcall.txt,sdhci_brcmstb_driver_init,1.102146,0,69
2,run1_initcall.txt,esrt_sysfs_init,1.102161,-38,1
2,run1_initcall.txt,smccc_devices_init,1.102176,0,2
2,run1_initcall.txt,smccc_soc_init,1.102188,0,1
2,run1_initcall.txt,arch_timer_mmio_drv_init,1.102234,0,37
2,run1_initcall.txt,arch_timer_mmio_acpi_drv_init,1.10227,0,24
2,run1_initcall.txt,hid_init,1.102381,0,69
2,run1_initcall.txt,hid_generic_init,1.102435,0,44
2,run1_initcall.txt,hid_init,1.102481,0,36
2,run1_initcall.txt,vchiq_driver_init,1.136183,0,33692
2,run1_initcall.txt,bcm74110_mbox_driver_init,1.138965,0,85
2,run1_initcall.txt,extcon_class_init,1.141339,0,8
2,run1_initcall.txt,armv8_pmu_driver_init,1.148983,0,4946
2,run1_initcall.txt,binder_init,1.151343,0,70
2,run1_initcall.txt,rpi_otp_driver_init,1.157198,0,3612
2,run1_initcall.txt,sock_diag_init,1.159417,0,26
2,run1_initcall.txt,blackhole_init,1.161578,0,1
2,run1_initcall.txt,cls_bpf_init_mod,1.16376,0,1
2,run1_initcall.txt,gre_offload_init,1.165906,0,0
2,run1_initcall.txt,sysctl_ipv4_init,1.168092,0,67
2,run1_initcall.txt,cubictcp_register,1.170183,0,2
2,run1_initcall.txt,packet_init,1.173314,0,1026
2,run1_initcall.txt,init_rpcsec_gss,1.175455,0,19
2,run1_initcall.txt,init_kerberos_module,1.177595,0,5
2,run1_initcall.txt,dcbnl_init,1.179718,0,2
2,run1_initcall.txt,init_dns_resolver,1.182882,0,1058
2,run1_initcall.txt,handshake_init,1.185067,0,29
2,run1_initcall.txt,check_mmu_enabled_at_boot,1.187227,0,1
2,run1_initcall.txt,finalize_pkvm,1.189381,0,0
2,run1_initcall.txt,kernel_do_mounts_initrd_sysctls_init,1.192669,0,4
2,run1_initcall.txt,kernel_panic_sysctls_init,1.194853,0,10
2,run1_initcall.txt,kernel_panic_sysfs_init,1.197038,0,4
2,run1_initcall.txt,kernel_exit_sysctls_init,1.199247,0,2
2,run1_initcall.txt,kernel_exit_sysfs_init,1.201463,0,2
2,run1_initcall.txt,param_sysfs_builtin_init,1.212982,0,9261
2,run1_initcall.txt,reboot_ksysfs_init,1.215343,0,27
2,run1_initcall.txt,sched_core_sysctl_init,1.217594,0,4
2,run1_initcall.txt,sched_fair_sysctl_init,1.219832,0,1
2,run1_initcall.txt,sched_rt_sysctl_init,1.222058,0,3
2,run1_initcall.txt,sched_dl_sysctl_init,1.224284,0,2
2,run1_initcall.txt,sched_init_debug,1.227373,0,85
2,run1_initcall.txt,cpu_latency_qos_init,1.229739,0,141
2,run1_initcall.txt,printk_late_init,1.231978,0,22
2,run1_initcall.txt,init_srcu_module_notifier,1.234197,0,1
2,run1_initcall.txt,kernel_rcu_stall_sysfs_init,1.236464,0,3
2,run1_initcall.txt,swiotlb_create_default_debugfs,1.238739,0,8
2,run1_initcall.txt,tk_debug_sleep_time_init,1.240984,0,2
2,run1_initcall.txt,bpf_ksym_iter_register,1.243276,0,1
2,run1_initcall.txt,kernel_acct_sysctls_init,1.245574,0,3
2,run1_initcall.txt,bpf_rstat_kfunc_init,1.247998,0,1
2,run1_initcall.txt,debugfs_kprobe_init,1.250389,0,29
2,run1_initcall.txt,kernel_delayacct_sysctls_init,1.252725,0,8
2,run1_initcall.txt,taskstats_init,1.256178,0,1146
2,run1_initcall.txt,bpf_global_ma_init,1.258567,0,84
2,run1_initcall.txt,bpf_syscall_sysctl_init,1.260917,0,7
2,run1_initcall.txt,unbound_reg_init,1.263266,0,0
2,run1_initcall.txt,kfunc_init,1.265541,0,1
2,run1_initcall.txt,bpf_map_iter_init,1.267823,0,0
2,run1_initcall.txt,init_subsystem,1.270074,0,0
2,run1_initcall.txt,task_iter_init,1.272318,0,0
2,run1_initcall.txt,bpf_prog_iter_init,1.274527,0,0
2,run1_initcall.txt,bpf_link_iter_init,1.276741,0,0
2,run1_initcall.txt,init_trampolines,1.278956,0,2
2,run1_initcall.txt,rqspinlock_register_kfuncs,1.281147,0,0
2,run1_initcall.txt,kfunc_init,1.283342,0,0
2,run1_initcall.txt,bpf_cgroup_iter_init,1.285501,0,0
2,run1_initcall.txt,cpumask_kfunc_init,1.287844,0,9
2,run1_initcall.txt,crypto_kfunc_init,1.289972,0,0
2,run1_initcall.txt,bpf_kmem_cache_iter_init,1.292144,0,0
2,run1_initcall.txt,dmabuf_iter_init,1.294336,0,0
2,run1_initcall.txt,load_system_certificate_list,1.297616,0,1086
2,run1_initcall.txt,init_lru_gen,1.299865,0,20
2,run1_initcall.txt,vmstat_late_init,1.302103,0,2
2,run1_initcall.txt,fault_around_debugfs,1.30434,0,3
2,run1_initcall.txt,slab_sysfs_init,1.31036,0,3845
2,run1_initcall.txt,max_swapfiles_check,1.312579,0,0
2,run1_initcall.txt,zswap_init,1.314788,0,0
2,run1_initcall.txt,mempolicy_sysfs_init,1.31698,0,17
2,run1_initcall.txt,memory_tier_late_init,1.321442,0,2264
2,run1_initcall.txt,check_early_ioremap_leak,1.323599,0,0
2,run1_initcall.txt,mg_debugfs_init,1.325789,0,15
2,run1_initcall.txt,fscrypt_init,1.330229,0,2240
2,run1_initcall.txt,pstore_init,1.33241,0,9
2,run1_initcall.txt,init_root_keyring,1.334598,0,31
2,run1_initcall.txt,init_profile_hash,1.336753,0,0
2,run1_initcall.txt,integrity_fs_init,1.338925,0,9
2,run1_initcall.txt,crypto_algapi_init,1.341056,0,10
2,run1_initcall.txt,blk_timeout_init,1.343232,0,0
2,run1_initcall.txt,depot_debugfs_init,1.345402,0,5
2,run1_initcall.txt,pci_resource_alignment_sysfs_init,1.347604,0,4
2,run1_initcall.txt,pci_sysfs_init,1.349804,0,10
2,run1_initcall.txt,clk_debug_init,1.352421,0,414
2,run1_initcall.txt,genpd_debug_init,1.354996,0,351
2,run1_initcall.txt,sync_state_resume_initcall,1.357189,0,1
2,run1_initcall.txt,deferred_probe_initcall,1.423384,0,63962
2,run1_initcall.txt,efi_shutdown_init,1.425635,-19,0
2,run1_initcall.txt,efi_earlycon_unmap_fb,1.427769,0,0
2,run1_initcall.txt,psci_debugfs_init,1.429857,0,0
2,run1_initcall.txt,of_cfs_init,1.434049,0,2094
2,run1_initcall.txt,of_fdt_raw_init,1.436121,0,27
2,run1_initcall.txt,bpf_kfunc_init,1.438171,0,2
2,run1_initcall.txt,init_subsystem,1.440188,0,0
2,run1_initcall.txt,xdp_metadata_init,1.442224,0,0
2,run1_initcall.txt,bpf_sockmap_iter_init,1.444265,0,1
2,run1_initcall.txt,bpf_sk_storage_map_iter_init,1.44633,0,0
2,run1_initcall.txt,bpf_prog_test_run_init,1.448388,0,0
2,run1_initcall.txt,bpf_dummy_struct_ops_init,1.450437,0,0
2,run1_initcall.txt,tcp_congestion_default,1.452496,0,1
2,run1_initcall.txt,inet_blackhole_dev_init,1.454539,0,9
2,run1_initcall.txt,ip_auto_config,1.456549,0,10
2,run1_initcall.txt,tcp_bpf_v4_build_proto,1.458593,0,1
2,run1_initcall.txt,udp_bpf_v4_build_proto,1.460587,0,0
2,run1_initcall.txt,bpf_tcp_ca_kfunc_init,1.462585,0,0
2,run1_initcall.txt,bpf_mptcp_kfunc_init,1.465579,0,0
2,run1_initcall.txt,fb_logo_late_init,1.468595,0,0
2,run1_initcall.txt,amba_stub_drv_init,1.470646,0,21
2,run1_initcall.txt,clk_disable_unused,1.477429,0,4740
2,run1_initcall.txt,genpd_power_off_unused,1.480705,0,1102
2,run1_initcall.txt,regulator_init_complete,1.482939,0,1
2,run1_initcall.txt,of_platform_sync_state_init,1.485199,0,14
3,run2_initcall.txt,param_sysfs_init,0.045275,0,0
3,run2_initcall.txt,user_namespace_sysctl_init,0.045308,0,0
3,run2_initcall.txt,proc_schedstat_init,0.045338,0,0
3,run2_initcall.txt,init_rtmutex_sysctl,0.045355,0,0
3,run2_initcall.txt,pm_sysrq_init,0.045407,0,0
3,run2_initcall.txt,init_rcu_stall_sysctl,0.045427,0,0
3,run2_initcall.txt,init_module_sysctl,0.045444,0,0
3,run2_initcall.txt,create_proc_profile,0.045464,0,0
3,run2_initcall.txt,cgroup_sysfs_init,0.045487,0,0
3,run2_initcall.txt,user_namespaces_init,0.045514,0,0
3,run2_initcall.txt,hung_task_init,0.045615,0,0
3,run2_initcall.txt,dev_map_init,0.045636,0,0
3,run2_initcall.txt,netns_bpf_init,0.045656,0,0
3,run2_initcall.txt,oom_init,0.045716,0,0
3,run2_initcall.txt,init_user_buckets,0.045735,0,0
3,run2_initcall.txt,init_vm_util_sysctls,0.04576,0,0
3,run2_initcall.txt,default_bdi_init,0.045883,0,0
3,run2_initcall.txt,cgwb_init,0.045911,0,0
3,run2_initcall.txt,percpu_enable_async,0.045926,0,0
3,run2_initcall.txt,kcompactd_init,0.04603,0,0
3,run2_initcall.txt,init_mm_sysctl,0.046049,0,0
3,run2_initcall.txt,init_user_reserve,0.046067,0,0
3,run2_initcall.txt,init_admin_reserve,0.046082,0,0
3,run2_initcall.txt,init_reserve_notifier,0.046097,0,0
3,run2_initcall.txt,swap_init,0.046117,0,0
3,run2_initcall.txt,swapfile_init,0.04614,0,0
3,run2_initcall.txt,memory_tier_init,0.046184,0,0
3,run2_initcall.txt,numa_init_sysfs,0.046204,0,0
3,run2_initcall.txt,mem_cgroup_swap_init,0.046221,0,0
3,run2_initcall.txt,init_msg_buckets,0.046239,0,0
3,run2_initcall.txt,init_bio,0.046286,0,0
3,run2_initcall.txt,blk_ioc_init,0.046306,0,0
3,run2_initcall.txt,blk_mq_init,0.046324,0,0
3,run2_initcall.txt,genhd_device_init,0.046446,0,0
3,run2_initcall.txt,blkcg_punt_bio_init,0.046561,0,0
3,run2_initcall.txt,blk_integrity_auto_init,0.046636,0,0
3,run2_initcall.txt,io_wq_init,0.046657,0,0
3,run2_initcall.txt,crc_t10dif_mod_init,0.046683,0,0
3,run2_initcall.txt,sha256_mod_init,0.046702,0,0
3,run2_initcall.txt,sha512_mod_init,0.04672,0,0
3,run2_initcall.txt,sg_pool_init,0.046751,0,0
3,run2_initcall.txt,gpiolib_debugfs_init,0.046775,0,0
3,run2_initcall.txt,stmpe_gpio_init,0.046872,0,0
3,run2_initcall.txt,pwm_init,0.0469,0,0
3,run2_initcall.txt,leds_init,0.046934,0,0
3,run2_initcall.txt,pci_slot_init,0.046957,0,0
3,run2_initcall.txt,fbmem_init,0.047012,0,0
3,run2_initcall.txt,bcm2835_dma_init,0.047711,0,0
3,run2_initcall.txt,regulator_fixed_voltage_init,0.047789,0,0
3,run2_initcall.txt,gpio_regulator_init,0.047843,0,0
3,run2_initcall.txt,init_sysrq_sysctl,0.047866,0,0
3,run2_initcall.txt,misc_init,0.047895,0,0
3,run2_initcall.txt,iommu_subsys_init,0.047929,0,0
3,run2_initcall.txt,register_cpu_capacity_sysctl,0.048285,0,4000
3,run2_initcall.txt,dma_buf_init,0.048364,0,0
3,run2_initcall.txt,dma_heap_init,0.048401,0,0
3,run2_initcall.txt,init_scsi,0.048497,0,0
3,run2_initcall.txt,mdio_bus_init,0.048533,0,0
3,run2_initcall.txt,phy_init,0.04858,0,0
3,run2_initcall.txt,usb_common_init,0.048602,0,0
3,run2_initcall.txt,usb_init,0.048708,0,0
3,run2_initcall.txt,usb_phy_generic_init,0.048857,0,0
3,run2_initcall.txt,usb_udc_init,0.048889,0,0
3,run2_initcall.txt,usb_roles_init,0.048909,0,0
3,run2_initcall.txt,input_init,0.048931,0,0
3,run2_initcall.txt,rtc_init,0.048949,0,0
3,run2_initcall.txt,rc_core_init,0.04898,0,0
3,run2_initcall.txt,pps_init,0.049018,0,0
3,run2_initcall.txt,ptp_init,0.049045,0,0
3,run2_initcall.txt,power_supply_class_init,0.049077,0,0
3,run2_initcall.txt,hwmon_init,0.049101,0,0
3,run2_initcall.txt,mmc_init,0.049143,0,0
3,run2_initcall.txt,dmi_init,0.049162,0,0
3,run2_initcall.txt,efisubsys_init,0.049181,0,0
3,run2_initcall.txt,arm_pmu_hp_init,0.049201,0,0
3,run2_initcall.txt,ras_init,0.049222,0,0
3,run2_initcall.txt,nvmem_init,0.049263,0,0
3,run2_initcall.txt,init_soundcore,0.049284,0,0
3,run2_initcall.txt,proto_init,0.049304,0,0
3,run2_initcall.txt,net_dev_init,0.049525,0,0
3,run2_initcall.txt,neigh_init,0.049547,0,0
3,run2_initcall.txt,fib_notifier_init,0.049564,0,0
3,run2_initcall.txt,netdev_genl_init,0.049604,0,0
3,run2_initcall.txt,page_pool_user_init,0.049621,0,0
3,run2_initcall.txt,fib_rules_init,0.049639,0,0
3,run2_initcall.txt,init_cgroup_netprio,0.049658,0,0
3,run2_initcall.txt,bpf_lwt_init,0.049674,0,0
3,run2_initcall.txt,pktsched_init,0.049696,0,0
3,run2_initcall.txt,tc_filter_init,0.049727,0,0
3,run2_initcall.txt,tc_action_init,0.049745,0,0
3,run2_initcall.txt,ethnl_init,0.049818,0,0
3,run2_initcall.txt,nexthop_init,0.049839,0,0
3,run2_initcall.txt,devlink_init,0.049917,0,0
3,run2_initcall.txt,wireless_nlevent_init,0.049938,0,0
3,run2_initcall.txt,vsprintf_init_hashval,0.049957,0,0
3,run2_initcall.txt,init_32bit_el0_mask,0.049972,0,0
3,run2_initcall.txt,vga_arb_device_init,0.050101,0,0
3,run2_initcall.txt,watchdog_init,0.050206,0,0
3,run2_initcall.txt,create_debug_debugfs_entry,0.050316,0,0
3,run2_initcall.txt,iomem_init_inode,0.050359,0,0
3,run2_initcall.txt,clocksource_done_booting,0.050411,0,14
3,run2_initcall.txt,bpf_init,0.050435,0,5
3,run2_initcall.txt,secretmem_init,0.050465,0,11
3,run2_initcall.txt,init_fs_stat_sysctls,0.050492,0,9
3,run2_initcall.txt,init_fs_exec_sysctls,0.050511,0,1
3,run2_initcall.txt,init_pipe_fs,0.050591,0,62
3,run2_initcall.txt,init_fs_namei_sysctls,0.050617,0,2
3,run2_initcall.txt,init_fs_dcache_sysctls,0.050692,0,7
3,run2_initcall.txt,init_fs_namespace_sysctls,0.050713,0,1
3,run2_initcall.txt,cgroup_writeback_init,0.050737,0,5
3,run2_initcall.txt,inotify_user_setup,0.050769,0,13
3,run2_initcall.txt,eventpoll_init,0.050803,0,15
3,run2_initcall.txt,anon_inode_init,0.050836,0,12
3,run2_initcall.txt,proc_locks_init,0.050859,0,3
3,run2_initcall.txt,backing_aio_init,0.05088,0,2
3,run2_initcall.txt,init_fs_coredump_sysctls,0.050901,0,6
3,run2_initcall.txt,init_vm_drop_caches_sysctls,0.050919,0,2
3,run2_initcall.txt,iomap_dio_init,0.050958,0,23
3,run2_initcall.txt,iomap_ioend_init,0.051001,0,28
3,run2_initcall.txt,dquot_init,0.0511,0,84
3,run2_initcall.txt,proc_cmdline_init,0.05112,0,2
3,run2_initcall.txt,proc_consoles_init,0.051137,0,1
3,run2_initcall.txt,proc_cpuinfo_init,0.051153,0,1
3,run2_initcall.txt,proc_devices_init,0.051168,0,0
3,run2_initcall.txt,proc_interrupts_init,0.051183,0,1
3,run2_initcall.txt,proc_loadavg_init,0.051198,0,1
3,run2_initcall.txt,proc_meminfo_init,0.051213,0,0
3,run2_initcall.txt,proc_stat_init,0.05123,0,3
3,run2_initcall.txt,proc_uptime_init,0.051246,0,1
3,run2_initcall.txt,proc_version_init,0.051262,0,1
3,run2_initcall.txt,proc_softirqs_init,0.051277,0,1
3,run2_initcall.txt,proc_kmsg_init,0.051293,0,2
3,run2_initcall.txt,proc_page_init,0.051309,0,2
3,run2_initcall.txt,init_ramfs_fs,0.051325,0,1
3,run2_initcall.txt,aa_create_aafs,0.051341,0,0
3,run2_initcall.txt,chr_dev_init,0.054134,0,2774
3,run2_initcall.txt,hwrng_modinit,0.05421,0,45
3,run2_initcall.txt,firmware_class_init,0.054233,0,1
3,run2_initcall.txt,sysctl_core_init,0.054279,0,28
3,run2_initcall.txt,eth_offload_init,0.054297,0,0
3,run2_initcall.txt,ipv4_offload_init,0.054316,0,2
3,run2_initcall.txt,inet_init,0.058065,0,3731
3,run2_initcall.txt,af_unix_init,0.058119,0,20
3,run2_initcall.txt,ipv6_offload_init,0.058141,0,2
3,run2_initcall.txt,init_sunrpc,0.058564,0,396
3,run2_initcall.txt,vlan_offload_init,0.058586,0,0
3,run2_initcall.txt,pci_apply_final_quirks,0.058616,0,12
3,run2_initcall.txt,populate_rootfs,0.058647,0,11
3,run2_initcall.txt,register_arm64_panic_block,0.058756,0,0
3,run2_initcall.txt,cpuinfo_regs_init,0.058859,0,87
3,run2_initcall.txt,aarch32_el0_sysfs_init,0.058879,0,0
3,run2_initcall.txt,kvm_arm_init,0.062219,0,3320
3,run2_initcall.txt,proc_execdomains_init,0.06226,0,3
3,run2_initcall.txt,register_warn_debugfs,0.062283,0,4
3,run2_initcall.txt,cpuhp_sysfs_init,0.06233,0,28
3,run2_initcall.txt,ioresources_init,0.062355,0,5
3,run2_initcall.txt,psi_proc_init,0.062372,0,0
3,run2_initcall.txt,irq_gc_init_ops,0.062388,0,0
3,run2_initcall.txt,irq_debugfs_init,0.062513,0,79
3,run2_initcall.txt,proc_modules_init,0.062532,0,2
3,run2_initcall.txt,timer_sysctl_init,0.062556,0,8
3,run2_initcall.txt,timekeeping_init_ops,0.062573,0,0
3,run2_initcall.txt,init_clocksource_sysfs,0.06265,0,60
3,run2_initcall.txt,init_timer_list_procfs,0.06267,0,1
3,run2_initcall.txt,alarmtimer_init,0.062743,0,56
3,run2_initcall.txt,clockevents_init_sysfs,0.062871,0,110
3,run2_initcall.txt,sched_clock_syscore_init,0.06289,0,0
3,run2_initcall.txt,kallsyms_init,0.062909,0,1
3,run2_initcall.txt,pid_namespaces_init,0.06295,0,23
3,run2_initcall.txt,audit_watch_init,0.062969,0,0
3,run2_initcall.txt,audit_fsnotify_init,0.062987,0,0
3,run2_initcall.txt,audit_tree_init,0.063006,0,2
3,run2_initcall.txt,seccomp_sysctl_init,0.063029,0,4
3,run2_initcall.txt,utsname_sysctl_init,0.063053,0,6
3,run2_initcall.txt,init_lstats_procfs,0.063075,0,3
3,run2_initcall.txt,perf_event_sysfs_init,0.063146,0,51
3,run2_initcall.txt,system_trusted_keyring_init,0.063181,0,15
3,run2_initcall.txt,kswapd_init,0.063375,0,174
3,run2_initcall.txt,extfrag_debug_init,0.063404,0,8
3,run2_initcall.txt,mm_compute_batch_init,0.063422,0,0
3,run2_initcall.txt,slab_proc_init,0.063441,0,2
3,run2_initcall.txt,workingset_init,0.063464,0,8
3,run2_initcall.txt,proc_vmalloc_init,0.06348,0,1
3,run2_initcall.txt,memblock_init_debugfs,0.063502,0,6
3,run2_initcall.txt,slab_debugfs_init,0.063523,0,5
3,run2_initcall.txt,procswaps_init,0.063541,0,1
3,run2_initcall.txt,zs_init,0.063558,0,0
3,run2_initcall.txt,fcntl_init,0.063578,0,2
3,run2_initcall.txt,proc_filesystems_init,0.063598,0,1
3,run2_initcall.txt,start_dirtytime_writeback,0.063622,0,5
3,run2_initcall.txt,dio_init,0.063642,0,1
3,run2_initcall.txt,dnotify_init,0.063675,0,14
3,run2_initcall.txt,fanotify_user_setup,0.063704,0,9
3,run2_initcall.txt,aio_setup,0.063759,0,36
3,run2_initcall.txt,mbcache_init,0.063782,0,6
3,run2_initcall.txt,init_grace,0.063799,0,3
3,run2_initcall.txt,init_devpts_fs,0.063825,0,10
3,run2_initcall.txt,ext4_init_fs,0.06392,0,80
3,run2_initcall.txt,journal_init,0.063956,0,19
3,run2_initcall.txt,init_fat_fs,0.063978,0,6
3,run2_initcall.txt,init_vfat_fs,0.063994,0,0
3,run2_initcall.txt,init_msdos_fs,0.064009,0,0
3,run2_initcall.txt,init_nfs_fs,0.06416,0,136
3,run2_initcall.txt,init_nfs_v2,0.064181,0,1
3,run2_initcall.txt,init_nfs_v3,0.064196,0,0
3,run2_initcall.txt,init_nfs_v4,0.064238,0,28
3,run2_initcall.txt,nfs4filelayout_init,0.064261,0,6
3,run2_initcall.txt,nfs4flexfilelayout_init,0.064282,0,6
3,run2_initcall.txt,init_nlm,0.064324,0,26
3,run2_initcall.txt,init_nls_cp437,0.064341,0,0
3,run2_initcall.txt,init_nls_ascii,0.064356,0,0
3,run2_initcall.txt,init_autofs_fs,0.064459,0,86
3,run2_initcall.txt,init_f2fs_fs,0.064617,0,141
3,run2_initcall.txt,ipc_init,0.064648,0,13
3,run2_initcall.txt,ipc_sysctl_init,0.064681,0,16
3,run2_initcall.txt,init_mqueue_fs,0.064732,0,35
3,run2_initcall.txt,key_proc_init,0.064753,0,3
3,run2_initcall.txt,bpf_crypto_skcipher_init,0.06477,0,0
3,run2_initcall.txt,dh_init,0.064791,0,3
3,run2_initcall.txt,rsa_init,0.064809,0,1
3,run2_initcall.txt,cryptomgr_init,0.064826,0,0
3,run2_initcall.txt,hmac_module_init,0.064843,0,0
3,run2_initcall.txt,crypto_sha256_mod_init,0.064865,0,5
3,run2_initcall.txt,crypto_ecb_module_init,0.064882,0,0
3,run2_initcall.txt,crypto_cbc_module_init,0.064899,0,0
3,run2_initcall.txt,crypto_cts_module_init,0.064916,0,0
3,run2_initcall.txt,xts_module_init,0.064933,0,0
3,run2_initcall.txt,des_generic_mod_init,0.064953,0,2
3,run2_initcall.txt,aes_init,0.06497,0,0
3,run2_initcall.txt,lzo_mod_init,0.064988,0,1
3,run2_initcall.txt,lzorle_mod_init,0.065005,0,0
3,run2_initcall.txt,asymmetric_key_init,0.065027,0,5
3,run2_initcall.txt,x509_key_init,0.06505,0,6
3,run2_initcall.txt,crypto_kdf108_init,0.065067,0,0
3,run2_initcall.txt,blkdev_init,0.065096,0,11
3,run2_initcall.txt,proc_genhd_init,0.065117,0,2
3,run2_initcall.txt,bsg_init,0.065151,0,16
3,run2_initcall.txt,throtl_init,0.065262,0,94
3,run2_initcall.txt,deadline_init,0.065288,0,6
3,run2_initcall.txt,kyber_init,0.06531,0,5
3,run2_initcall.txt,bfq_init,0.065349,0,22
3,run2_initcall.txt,io_uring_init,0.065387,0,21
3,run2_initcall.txt,btree_module_init,0.065411,0,3
3,run2_initcall.txt,percpu_counter_startup,0.065471,0,41
3,run2_initcall.txt,audit_classes_init,0.065504,0,7
3,run2_initcall.txt,gicv5_iwb_platform_driver_init,0.065614,0,89
3,run2_initcall.txt,mip_msi_driver_init,0.065669,0,34
3,run2_initcall.txt,bcm7038_l1_driver_init,0.065724,0,35
3,run2_initcall.txt,bcm7120_l2_driver_init,0.065783,0,39
3,run2_initcall.txt,brcmstb_l2_driver_init,0.066065,0,261
3,run2_initcall.txt,simple_pm_bus_driver_init,0.066568,0,480
3,run2_initcall.txt,phy_core_init,0.066603,0,13
3,run2_initcall.txt,brcm_usb_driver_init,0.06669,0,67
3,run2_initcall.txt,rp1_pinctrl_driver_init,0.066742,0,33
3,run2_initcall.txt,bcm2835_pinctrl_driver_init,0.067692,0,930
3,run2_initcall.txt,bcm2712_pinctrl_driver_init,0.067775,0,57
3,run2_initcall.txt,brcmvirt_gpio_driver_init,0.067832,0,36
3,run2_initcall.txt,brcmstb_gpio_driver_init,0.067887,0,35
3,run2_initcall.txt,rpi_exp_gpio_driver_init,0.068339,0,431
3,run2_initcall.txt,brcmstb_pwm_driver_init,0.068396,0,36
3,run2_initcall.txt,rp1_pwm_driver_init,0.068451,0,34
3,run2_initcall.txt,gpio_led_driver_init,0.070204,0,1729
3,run2_initcall.txt,led_pwm_driver_init,0.070267,0,41
3,run2_initcall.txt,timer_led_trigger_init,0.070291,0,0
3,run2_initcall.txt,oneshot_led_trigger_init,0.07031,0,0
3,run2_initcall.txt,heartbeat_trig_init,0.070331,0,3
3,run2_initcall.txt,bl_led_trigger_init,0.070346,0,0
3,run2_initcall.txt,ledtrig_cpu_init,0.07044,0,79
3,run2_initcall.txt,defon_led_trigger_init,0.070487,0,32
3,run2_initcall.txt,input_trig_init,0.070505,0,1
3,run2_initcall.txt,ledtrig_panic_init,0.07052,0,1
3,run2_initcall.txt,actpwr_trig_init,0.070682,0,146
3,run2_initcall.txt,pcie_portdrv_init,0.070754,0,55
3,run2_initcall.txt,pci_proc_init,0.070778,0,9
3,run2_initcall.txt,brcm_pcie_driver_init,0.183276,0,112482
3,run2_initcall.txt,bcm2708_fb_init,0.183364,0,59
3,run2_initcall.txt,simplefb_driver_init,0.190328,0,6948
3,run2_initcall.txt,of_fixed_factor_clk_driver_init,0.19043,0,49
3,run2_initcall.txt,of_fixed_clk_driver_init,0.190517,0,35
3,run2_initcall.txt,gpio_clk_driver_init,0.190605,0,42
3,run2_initcall.txt,gated_fixed_clk_driver_init,0.190686,0,33
3,run2_initcall.txt,rp1_clk_driver_init,0.190768,0,34
3,run2_initcall.txt,rp1_sdio_clk_driver_init,0.190848,0,34
3,run2_initcall.txt,clk_dvp_driver_init,0.191031,0,133
3,run2_initcall.txt,bcm2835_aux_clk_driver_init,0.191141,0,62
3,run2_initcall.txt,raspberrypi_clk_driver_init,0.206689,0,15498
3,run2_initcall.txt,dw_driver_init,0.206785,0,48
3,run2_initcall.txt,bcm2835_power_driver_init,0.206854,0,22
3,run2_initcall.txt,rpi_power_driver_init,0.225049,0,18146
3,run2_initcall.txt,brcmstb_reset_driver_init,0.227066,0,44
3,run2_initcall.txt,brcm_rescal_reset_driver_init,0.229012,0,37
3,run2_initcall.txt,rpi_reset_driver_init,0.232017,0,1055
3,run2_initcall.txt,reset_simple_driver_init,0.234057,0,83
3,run2_initcall.txt,n_null_init,0.236013,0,0
3,run2_initcall.txt,pty_init,0.238086,0,139
3,run2_initcall.txt,sysrq_init,0.240054,0,14
3,run2_initcall.txt,serial8250_init,0.241989,-19,0
3,run2_initcall.txt,bcm2835aux_serial_driver_init,0.243976,0,45
3,run2_initcall.txt,brcmuart_init,0.245939,0,58
3,run2_initcall.txt,exar_pci_driver_init,0.247922,0,27
3,run2_initcall.txt,of_platform_serial_driver_init,0.249958,0,97
3,run2_initcall.txt,serial_pci_driver_init,0.251918,0,29
3,run2_initcall.txt,pericom8250_pci_driver_init,0.253856,0,21
3,run2_initcall.txt,init_kgdboc,0.256824,0,1037
3,run2_initcall.txt,random_sysctls_init,0.258757,0,12
3,run2_initcall.txt,ttyprintk_init,0.260789,0,110
3,run2_initcall.txt,bcm2835_rng_driver_init,0.26278,0,66
3,run2_initcall.txt,bcm74110_rng_driver_init,0.264807,0,37
3,run2_initcall.txt,iproc_rng200_driver_init,0.269089,0,2264
3,run2_initcall.txt,smccc_trng_driver_init,0.27122,0,26
3,run2_initcall.txt,vc_mem_init,0.274578,0,1220
3,run2_initcall.txt,vcio_driver_init,0.278193,0,1393
3,run2_initcall.txt,bcm2712_iommu_driver_init,0.280544,0,40
3,run2_initcall.txt,bcm2712_iommu_cache_driver_init,0.282928,0,38
3,run2_initcall.txt,topology_sysfs_init,0.285385,0,60
3,run2_initcall.txt,cacheinfo_sysfs_init,0.28806,0,252
3,run2_initcall.txt,devcoredump_init,0.290518,0,8
3,run2_initcall.txt,brd_init,0.297715,0,4779
3,run2_initcall.txt,loop_init,0.303889,0,3747
3,run2_initcall.txt,bcm2835_pm_driver_init,0.307633,0,1356
3,run2_initcall.txt,stmpe_i2c_driver_init,0.310036,0,15
3,run2_initcall.txt,stmpe_spi_driver_init,0.312398,0,13
3,run2_initcall.txt,rp1_driver_init,0.314835,0,28
3,run2_initcall.txt,system_heap_create,0.3173,0,76
3,run2_initcall.txt,add_default_cma_heap,0.319793,0,84
3,run2_initcall.txt,udmabuf_dev_init,0.322221,0,42
3,run2_initcall.txt,iscsi_transport_init,0.326046,0,1425
3,run2_initcall.txt,init_sd,0.328445,0,23
3,run2_initcall.txt,nvme_core_init,0.331094,0,256
3,run2_initcall.txt,nvme_init,0.333501,0,25
3,run2_initcall.txt,blackhole_netdev_init,0.335915,0,21
3,run2_initcall.txt,netkit_init,0.338295,0,6
3,run2_initcall.txt,phylink_init,0.340665,0,0
3,run2_initcall.txt,phy_module_init,0.343221,0,183
3,run2_initcall.txt,phy_module_init,0.345716,0,177
3,run2_initcall.txt,fixed_mdio_bus_init,0.348234,0,151
3,run2_initcall.txt,phy_module_init,0.350775,0,164
3,run2_initcall.txt,phy_module_init,0.353162,0,21
3,run2_initcall.txt,phy_module_init,0.355571,0,61
3,run2_initcall.txt,unimac_mdio_driver_init,0.358024,0,125
3,run2_initcall.txt,macb_driver_init,0.360472,0,117
3,run2_initcall.txt,bcmgenet_driver_init,0.55943,0,196667
3,run2_initcall.txt,bcmasp_driver_init,0.561802,0,76
3,run2_initcall.txt,lan78xx_driver_init,0.56534,0,1198
3,run2_initcall.txt,smsc95xx_driver_init,0.568918,0,1201
3,run2_initcall.txt,usbnet_init,0.571281,0,0
3,run2_initcall.txt,xhci_hcd_init,0.573642,0,12
3,run2_initcall.txt,xhci_pci_init,0.701279,0,125288
3,run2_initcall.txt,xhci_plat_init,0.703661,0,114
3,run2_initcall.txt,dwc_otg_driver_init,0.710381,0,4470
3,run2_initcall.txt,dwc_common_port_init_module,0.713844,0,1208
3,run2_initcall.txt,dwc3_driver_init,0.716143,0,54
3,run2_initcall.txt,dwc3_haps_driver_init,0.718413,0,36
3,run2_initcall.txt,dwc3_of_simple_driver_init,0.72071,0,60
3,run2_initcall.txt,dwc3_generic_driver_init,0.722971,0,38
3,run2_initcall.txt,dwc2_platform_driver_init,0.725324,0,146
3,run2_initcall.txt,uas_init,0.728679,0,1178
3,run2_initcall.txt,usb_storage_driver_init,0.731972,0,1107
3,run2_initcall.txt,brcmstb_usb_pinmap_init,0.734206,-19,61
3,run2_initcall.txt,bdc_driver_init,0.736443,0,45
3,run2_initcall.txt,input_leds_init,0.738642,0,1
3,run2_initcall.txt,mousedev_init,0.742008,0,1187
3,run2_initcall.txt,evdev_init,0.744214,0,0
3,run2_initcall.txt,brcmstb_waketmr_driver_init,0.746461,0,47
3,run2_initcall.txt,rpi_rtc_driver_init,0.748709,0,39
3,run2_initcall.txt,init_rc_map_adstech_dvb_t_pci,0.750918,0,0
3,run2_initcall.txt,init_rc_map_alink_dtu_m,0.75311,0,0
3,run2_initcall.txt,init_rc_map_anysee,0.755294,0,0
3,run2_initcall.txt,init_rc_map_apac_viewcomp,0.757497,0,0
3,run2_initcall.txt,init_rc_map_t2hybrid,0.759713,0,0
3,run2_initcall.txt,init_rc_map_asus_pc39,0.761874,0,0
3,run2_initcall.txt,init_rc_map_asus_ps3_100,0.764081,0,0
3,run2_initcall.txt,init_rc_map_ati_tv_wonder_hd_600,0.766288,0,0
3,run2_initcall.txt,init_rc_map_ati_x10,0.768514,0,0
3,run2_initcall.txt,init_rc_map_avermedia_a16d,0.770753,0,0
3,run2_initcall.txt,init_rc_map_avermedia_cardbus,0.772991,0,0
3,run2_initcall.txt,init_rc_map_avermedia_dvbt,0.775226,0,0
3,run2_initcall.txt,init_rc_map_avermedia_m135a,0.777451,0,0
3,run2_initcall.txt,init_rc_map_avermedia_m733a_rm_k6,0.779686,0,0
3,run2_initcall.txt,init_rc_map_avermedia,0.781945,0,0
3,run2_initcall.txt,init_rc_map_avermedia_rm_ks,0.784198,0,0
3,run2_initcall.txt,init_rc_map_avertv_303,0.786454,0,0
3,run2_initcall.txt,init_rc_map_azurewave_ad_tu700,0.788689,0,0
3,run2_initcall.txt,init_rc_map_beelink_gs1,0.790917,0,0
3,run2_initcall.txt,init_rc_map_beelink_mxiii,0.793153,0,0
3,run2_initcall.txt,init_rc_map_behold_columbus,0.795351,0,0
3,run2_initcall.txt,init_rc_map_behold,0.797571,0,0
3,run2_initcall.txt,init_rc_map_budget_ci_old,0.800055,0,0
3,run2_initcall.txt,init_rc_map_cinergy_1400,0.802261,0,0
3,run2_initcall.txt,init_rc_map_cinergy,0.804455,0,0
3,run2_initcall.txt,init_rc_map_ct_90405,0.806641,0,0
3,run2_initcall.txt,init_rc_map_d680_dmb,0.808812,0,0
3,run2_initcall.txt,init_rc_map_delock_61959,0.810998,0,0
3,run2_initcall.txt,init_rc_map,0.813144,0,0
3,run2_initcall.txt,init_rc_map,0.815396,0,0
3,run2_initcall.txt,init_rc_map_digitalnow_tinytwin,0.8177,0,3
3,run2_initcall.txt,init_rc_map_digittrade,0.820021,0,0
3,run2_initcall.txt,init_rc_map_dm1105_nec,0.822163,0,0
3,run2_initcall.txt,init_rc_map_dntv_live_dvb_t,0.824302,0,0
3,run2_initcall.txt,init_rc_map_dntv_live_dvbt_pro,0.826451,0,0
3,run2_initcall.txt,init_rc_map_dreambox,0.828562,0,0
3,run2_initcall.txt,init_rc_map_dtt200u,0.830789,0,0
3,run2_initcall.txt,init_rc_map_rc5_dvbsky,0.832973,0,0
3,run2_initcall.txt,init_rc_map_dvico_mce,0.835235,0,0
3,run2_initcall.txt,init_rc_map_dvico_portable,0.837392,0,0
3,run2_initcall.txt,init_rc_map_em_terratec,0.839542,0,0
3,run2_initcall.txt,init_rc_map_encore_enltv2,0.84169,0,0
3,run2_initcall.txt,init_rc_map_encore_enltv_fm53,0.843844,0,0
3,run2_initcall.txt,init_rc_map_encore_enltv,0.845961,0,0
3,run2_initcall.txt,init_rc_map_evga_indtube,0.848104,0,0
3,run2_initcall.txt,init_rc_map_eztv,0.850234,0,0
3,run2_initcall.txt,init_rc_map_flydvb,0.852347,0,0
3,run2_initcall.txt,init_rc_map_flyvideo,0.854453,0,0
3,run2_initcall.txt,init_rc_map_fusionhdtv_mce,0.856562,0,0
3,run2_initcall.txt,init_rc_map_gadmei_rm008z,0.858655,0,0
3,run2_initcall.txt,init_rc_map_geekbox,0.860732,0,0
3,run2_initcall.txt,init_rc_map_genius_tvgo_a11mce,0.862788,0,0
3,run2_initcall.txt,init_rc_map_gotview7135,0.864874,0,0
3,run2_initcall.txt,init_rc_map_rc5_hauppauge_new,0.866975,0,0
3,run2_initcall.txt,init_rc_map_hisi_poplar,0.869078,0,0
3,run2_initcall.txt,init_rc_map_hisi_tv_demo,0.871188,0,0
3,run2_initcall.txt,init_rc_map_imon_mce,0.873289,0,0
3,run2_initcall.txt,init_rc_map_imon_pad,0.875395,0,0
3,run2_initcall.txt,init_rc_map_imon_rsc,0.87747,0,0
3,run2_initcall.txt,init_rc_map_iodata_bctv7e,0.879525,0,0
3,run2_initcall.txt,init_rc_it913x_v1_map,0.881611,0,0
3,run2_initcall.txt,init_rc_it913x_v2_map,0.883786,0,0
3,run2_initcall.txt,init_rc_map_kaiomy,0.885866,0,0
3,run2_initcall.txt,init_rc_map_khadas,0.887951,0,0
3,run2_initcall.txt,init_rc_map_khamsin,0.890022,0,0
3,run2_initcall.txt,init_rc_map_kworld_315u,0.892094,0,0
3,run2_initcall.txt,init_rc_map_kworld_pc150u,0.89413,0,0
3,run2_initcall.txt,init_rc_map_kworld_plus_tv_analog,0.896184,0,0
3,run2_initcall.txt,init_rc_map_leadtek_y04g0051,0.898261,0,0
3,run2_initcall.txt,init_rc_lme2510_map,0.900375,0,0
3,run2_initcall.txt,init_rc_map_manli,0.902468,0,0
3,run2_initcall.txt,init_rc_map_mecool_kiii_pro,0.904574,0,0
3,run2_initcall.txt,init_rc_map_mecool_kii_pro,0.906677,0,0
3,run2_initcall.txt,init_rc_map_medion_x10_digitainer,0.908771,0,0
3,run2_initcall.txt,init_rc_map_medion_x10,0.910851,0,0
3,run2_initcall.txt,init_rc_map_medion_x10_or2x,0.912927,0,0
3,run2_initcall.txt,init_rc_map_minix_neo,0.915021,0,0
3,run2_initcall.txt,init_rc_map_msi_digivox_iii,0.917129,0,0
3,run2_initcall.txt,init_rc_map_msi_digivox_ii,0.919247,0,0
3,run2_initcall.txt,init_rc_map_msi_tvanywhere,0.921375,0,0
3,run2_initcall.txt,init_rc_map_msi_tvanywhere_plus,0.923491,0,0
3,run2_initcall.txt,init_rc_map_mygica_utv3,0.925598,0,0
3,run2_initcall.txt,init_rc_map_nebula,0.927692,0,0
3,run2_initcall.txt,init_rc_map_nec_terratec_cinergy_xs,0.929783,0,0
3,run2_initcall.txt,init_rc_map_norwood,0.931898,0,0
3,run2_initcall.txt,init_rc_map_npgtech,0.933995,0,0
3,run2_initcall.txt,init_rc_map_odroid,0.936097,0,0
3,run2_initcall.txt,init_rc_map_pctv_sedna,0.938174,0,0
3,run2_initcall.txt,init_rc_map_pine64,0.941474,0,0
3,run2_initcall.txt,init_rc_map_pinnacle_color,0.943698,0,0
3,run2_initcall.txt,init_rc_map_pinnacle_grey,0.94577,0,0
3,run2_initcall.txt,init_rc_map_pinnacle_pctv_hd,0.947881,0,0
3,run2_initcall.txt,init_rc_map_pixelview,0.949997,0,0
3,run2_initcall.txt,init_rc_map_pixelview,0.952121,0,0
3,run2_initcall.txt,init_rc_map_pixelview_new,0.954283,0,0
3,run2_initcall.txt,init_rc_map_pixelview,0.956415,0,0
3,run2_initcall.txt,init_rc_map_powercolor_real_angel,0.958551,0,0
3,run2_initcall.txt,init_rc_map_proteus_2309,0.960678,0,0
3,run2_initcall.txt,init_rc_map_purpletv,0.962784,0,0
3,run2_initcall.txt,init_rc_map_pv951,0.964906,0,0
3,run2_initcall.txt,init_rc_map_rc6_mce,0.967021,0,0
3,run2_initcall.txt,init_rc_map_real_audio_220_32_keys,0.969138,0,0
3,run2_initcall.txt,init_rc_map_reddo,0.971266,0,0
3,run2_initcall.txt,init_rc_map_siemens_gigaset_rc20,0.9734,0,0
3,run2_initcall.txt,init_rc_map_snapstream_firefly,0.975535,0,0
3,run2_initcall.txt,init_rc_map_streamzap,0.977651,0,0
3,run2_initcall.txt,init_rc_map_su3000,0.9798,0,0
3,run2_initcall.txt,init_rc_map_tanix_tx3mini,0.981952,0,0
3,run2_initcall.txt,init_rc_map_tanix_tx5max,0.984097,0,0
3,run2_initcall.txt,init_rc_map_tbs_nec,0.986237,0,0
3,run2_initcall.txt,init_rc_map,0.988408,0,0
3,run2_initcall.txt,init_rc_map,0.990574,0,0
3,run2_initcall.txt,init_rc_map_terratec_cinergy_c_pci,0.992747,0,0
3,run2_initcall.txt,init_rc_map_terratec_cinergy_s2_hd,0.994871,0,0
3,run2_initcall.txt,init_rc_map_terratec_cinergy_xs,0.997032,0,0
3,run2_initcall.txt,init_rc_map_terratec_slim_2,0.999205,0,0
3,run2_initcall.txt,init_rc_map_terratec_slim,1.001376,0,0
3,run2_initcall.txt,init_rc_map_tevii_nec,1.003562,0,0
3,run2_initcall.txt,init_rc_map_tivo,1.005746,0,0
3,run2_initcall.txt,init_rc_map_total_media_in_hand_02,1.007978,0,0
3,run2_initcall.txt,init_rc_map_total_media_in_hand,1.010174,0,0
3,run2_initcall.txt,init_rc_map_trekstor,1.012372,0,0
3,run2_initcall.txt,init_rc_map_tt_1500,1.014555,0,0
3,run2_initcall.txt,init_rc_map_twinhan_vp1027,1.016741,0,0
3,run2_initcall.txt,init_rc_map_twinhan_dtv_cab_ci,1.018938,0,0
3,run2_initcall.txt,init_rc_map_vega_s9x,1.021126,0,0
3,run2_initcall.txt,init_rc_map_videomate_k100,1.023313,0,0
3,run2_initcall.txt,init_rc_map_videomate_s350,1.025493,0,0
3,run2_initcall.txt,init_rc_map_videomate_tv_pvr,1.027624,0,0
3,run2_initcall.txt,init_rc_map_kii_pro,1.029755,0,0
3,run2_initcall.txt,init_rc_map_wetek_hub,1.031909,0,0
3,run2_initcall.txt,init_rc_map_wetek_play2,1.034056,0,0
3,run2_initcall.txt,init_rc_map_winfast,1.036212,0,0
3,run2_initcall.txt,init_rc_map_winfast_usbii_deluxe,1.038364,0,0
3,run2_initcall.txt,init_rc_map_x96max,1.040652,0,0
3,run2_initcall.txt,init_rc_map,1.042811,0,0
3,run2_initcall.txt,init_rc_map,1.044907,0,0
3,run2_initcall.txt,init_rc_map_zx_irdec,1.04704,0,0
3,run2_initcall.txt,ptp_kvm_init,1.049161,-95,0
3,run2_initcall.txt,gpio_poweroff_driver_init,1.051421,0,81
3,run2_initcall.txt,bcm2711_thermal_driver_init,1.054929,0,1375
3,run2_initcall.txt,bcm2835_thermal_driver_init,1.057136,0,53
3,run2_initcall.txt,bcm2835_wdt_driver_init,1.059325,0,29
3,run2_initcall.txt,dt_cpufreq_platdrv_init,1.061485,0,25
3,run2_initcall.txt,brcm_avs_cpufreq_platdrv_init,1.063726,0,41
3,run2_initcall.txt,raspberrypi_cpufreq_driver_init,1.069079,0,3154
3,run2_initcall.txt,mmc_pwrseq_simple_driver_init,1.071417,0,60
3,run2_initcall.txt,mmc_pwrseq_emmc_driver_init,1.073687,0,38
3,run2_initcall.txt,mmc_blk_init,1.07609,0,31
3,run2_initcall.txt,sdhci_drv_init,1.080574,0,2268
3,run2_initcall.txt,bcm2835_mmc_driver_init,1.084179,0,1278
3,run2_initcall.txt,bcm2835_driver_init,1.0867,0,47
3,run2_initcall.txt,sdhci_pltfm_drv_init,1.090411,0,1226
3,run2_initcall.txt,sdhci_iproc_driver_init,1.094001,0,103
3,run2_initcall.txt,sdhci_brcmstb_driver_init,1.094081,0,65
3,run2_initcall.txt,esrt_sysfs_init,1.094096,-38,0
3,run2_initcall.txt,smccc_devices_init,1.094111,0,1
3,run2_initcall.txt,smccc_soc_init,1.094126,0,1
3,run2_initcall.txt,arch_timer_mmio_drv_init,1.094172,0,38
3,run2_initcall.txt,arch_timer_mmio_acpi_drv_init,1.094204,0,23
3,run2_initcall.txt,hid_init,1.0943,0,86
3,run2_initcall.txt,hid_generic_init,1.094345,0,35
3,run2_initcall.txt,hid_init,1.094389,0,36
3,run2_initcall.txt,vchiq_driver_init,1.128954,0,34545
3,run2_initcall.txt,bcm74110_mbox_driver_init,1.132667,0,126
3,run2_initcall.txt,extcon_class_init,1.136067,0,9
3,run2_initcall.txt,armv8_pmu_driver_init,1.141417,0,3006
3,run2_initcall.txt,binder_init,1.145016,0,100
3,run2_initcall.txt,rpi_otp_driver_init,1.152161,0,3773
3,run2_initcall.txt,sock_diag_init,1.154443,0,34
3,run2_initcall.txt,blackhole_init,1.156694,0,1
3,run2_initcall.txt,cls_bpf_init_mod,1.15894,0,0
3,run2_initcall.txt,gre_offload_init,1.161119,0,0
3,run2_initcall.txt,sysctl_ipv4_init,1.163416,0,72
3,run2_initcall.txt,cubictcp_register,1.165631,0,2
3,run2_initcall.txt,packet_init,1.168938,0,1098
3,run2_initcall.txt,init_rpcsec_gss,1.171163,0,18
3,run2_initcall.txt,init_kerberos_module,1.173358,0,5
3,run2_initcall.txt,dcbnl_init,1.175555,0,2
3,run2_initcall.txt,init_dns_resolver,1.178791,0,1097
3,run2_initcall.txt,handshake_init,1.181038,0,29
3,run2_initcall.txt,check_mmu_enabled_at_boot,1.183274,0,0
3,run2_initcall.txt,finalize_pkvm,1.185536,0,0
3,run2_initcall.txt,kernel_do_mounts_initrd_sysctls_init,1.188962,0,4
3,run2_initcall.txt,kernel_panic_sysctls_init,1.191225,0,12
3,run2_initcall.txt,kernel_panic_sysfs_init,1.193482,0,5
3,run2_initcall.txt,kernel_exit_sysctls_init,1.195715,0,2
3,run2_initcall.txt,kernel_exit_sysfs_init,1.197997,0,2
3,run2_initcall.txt,param_sysfs_builtin_init,1.209552,0,9262
3,run2_initcall.txt,reboot_ksysfs_init,1.211879,0,20
3,run2_initcall.txt,sched_core_sysctl_init,1.214189,0,4
3,run2_initcall.txt,sched_fair_sysctl_init,1.216492,0,2
3,run2_initcall.txt,sched_rt_sysctl_init,1.218757,0,2
3,run2_initcall.txt,sched_dl_sysctl_init,1.22096,0,2
3,run2_initcall.txt,sched_init_debug,1.223456,0,79
3,run2_initcall.txt,cpu_latency_qos_init,1.225781,0,117
3,run2_initcall.txt,printk_late_init,1.22795,0,15
3,run2_initcall.txt,init_srcu_module_notifier,1.230186,0,1
3,run2_initcall.txt,kernel_rcu_stall_sysfs_init,1.232493,0,3
3,run2_initcall.txt,swiotlb_create_default_debugfs,1.235402,0,29
3,run2_initcall.txt,tk_debug_sleep_time_init,1.237714,0,2
3,run2_initcall.txt,bpf_ksym_iter_register,1.24003,0,2
3,run2_initcall.txt,kernel_acct_sysctls_init,1.242338,0,6
3,run2_initcall.txt,bpf_rstat_kfunc_init,1.244734,0,0
3,run2_initcall.txt,debugfs_kprobe_init,1.24711,0,11
3,run2_initcall.txt,kernel_delayacct_sysctls_init,1.249459,0,10
3,run2_initcall.txt,taskstats_init,1.252938,0,1166
3,run2_initcall.txt,bpf_global_ma_init,1.255316,0,76
3,run2_initcall.txt,bpf_syscall_sysctl_init,1.257614,0,5
3,run2_initcall.txt,unbound_reg_init,1.260033,0,0
3,run2_initcall.txt,kfunc_init,1.262291,0,1
3,run2_initcall.txt,bpf_map_iter_init,1.264579,0,0
3,run2_initcall.txt,init_subsystem,1.266859,0,0
3,run2_initcall.txt,task_iter_init,1.269105,0,1
3,run2_initcall.txt,bpf_prog_iter_init,1.271355,0,0
3,run2_initcall.txt,bpf_link_iter_init,1.273582,0,0
3,run2_initcall.txt,init_trampolines,1.275808,0,2
3,run2_initcall.txt,rqspinlock_register_kfuncs,1.277969,0,0
3,run2_initcall.txt,kfunc_init,1.280375,0,0
3,run2_initcall.txt,bpf_cgroup_iter_init,1.282554,0,0
3,run2_initcall.txt,cpumask_kfunc_init,1.28473,0,11
3,run2_initcall.txt,crypto_kfunc_init,1.286922,0,0
3,run2_initcall.txt,bpf_kmem_cache_iter_init,1.289108,0,0
3,run2_initcall.txt,dmabuf_iter_init,1.291302,0,0
3,run2_initcall.txt,load_system_certificate_list,1.294558,0,1060
3,run2_initcall.txt,init_lru_gen,1.296818,0,20
3,run2_initcall.txt,vmstat_late_init,1.299076,0,2
3,run2_initcall.txt,fault_around_debugfs,1.301307,0,3
3,run2_initcall.txt,slab_sysfs_init,1.307361,0,3833
3,run2_initcall.txt,max_swapfiles_check,1.309609,0,0
3,run2_initcall.txt,zswap_init,1.311778,0,0
3,run2_initcall.txt,mempolicy_sysfs_init,1.313963,0,15
3,run2_initcall.txt,memory_tier_late_init,1.318409,0,2256
3,run2_initcall.txt,check_early_ioremap_leak,1.320599,0,0
3,run2_initcall.txt,mg_debugfs_init,1.322801,0,16
3,run2_initcall.txt,fscrypt_init,1.327215,0,2249
3,run2_initcall.txt,pstore_init,1.329353,0,11
3,run2_initcall.txt,init_root_keyring,1.331547,0,35
3,run2_initcall.txt,init_profile_hash,1.333712,0,0
3,run2_initcall.txt,integrity_fs_init,1.335905,0,8
3,run2_initcall.txt,crypto_algapi_init,1.338083,0,8
3,run2_initcall.txt,blk_timeout_init,1.340257,0,0
3,run2_initcall.txt,depot_debugfs_init,1.342447,0,5
3,run2_initcall.txt,pci_resource_alignment_sysfs_init,1.344602,0,4
3,run2_initcall.txt,pci_sysfs_init,1.346826,0,11
3,run2_initcall.txt,clk_debug_init,1.349471,0,432
3,run2_initcall.txt,genpd_debug_init,1.352053,0,356
3,run2_initcall.txt,sync_state_resume_initcall,1.354293,0,0
3,run2_initcall.txt,deferred_probe_initcall,1.420141,0,63602
3,run2_initcall.txt,efi_shutdown_init,1.422384,-19,0
3,run2_initcall.txt,efi_earlycon_unmap_fb,1.424501,0,0
3,run2_initcall.txt,psci_debugfs_init,1.426576,0,0
3,run2_initcall.txt,of_cfs_init,1.430696,0,2086
3,run2_initcall.txt,of_fdt_raw_init,1.432744,0,28
3,run2_initcall.txt,bpf_kfunc_init,1.434787,0,2
3,run2_initcall.txt,init_subsystem,1.436814,0,0
3,run2_initcall.txt,xdp_metadata_init,1.438861,0,0
3,run2_initcall.txt,bpf_sockmap_iter_init,1.440888,0,1
3,run2_initcall.txt,bpf_sk_storage_map_iter_init,1.442926,0,0
3,run2_initcall.txt,bpf_prog_test_run_init,1.444924,0,0
3,run2_initcall.txt,bpf_dummy_struct_ops_init,1.446952,0,0
3,run2_initcall.txt,tcp_congestion_default,1.448989,0,1
3,run2_initcall.txt,inet_blackhole_dev_init,1.451014,0,7
3,run2_initcall.txt,ip_auto_config,1.453039,0,9
3,run2_initcall.txt,tcp_bpf_v4_build_proto,1.45506,0,0
3,run2_initcall.txt,udp_bpf_v4_build_proto,1.457033,0,0
3,run2_initcall.txt,bpf_tcp_ca_kfunc_init,1.459011,0,1
3,run2_initcall.txt,bpf_mptcp_kfunc_init,1.462944,0,0
3,run2_initcall.txt,fb_logo_late_init,1.464938,0,0
3,run2_initcall.txt,amba_stub_drv_init,1.466968,0,22
3,run2_initcall.txt,clk_disable_unused,1.473753,0,4748
3,run2_initcall.txt,genpd_power_off_unused,1.476982,0,1094
3,run2_initcall.txt,regulator_init_complete,1.479191,0,1
3,run2_initcall.txt,of_platform_sync_state_init,1.481472,0,22
4,run3_initcall.txt,user_namespace_sysctl_init,0.049446,0,0
4,run3_initcall.txt,proc_schedstat_init,0.049468,0,0
4,run3_initcall.txt,init_rtmutex_sysctl,0.049485,0,0
4,run3_initcall.txt,pm_sysrq_init,0.049538,0,0
4,run3_initcall.txt,init_rcu_stall_sysctl,0.049557,0,0
4,run3_initcall.txt,init_module_sysctl,0.049574,0,0
4,run3_initcall.txt,create_proc_profile,0.049594,0,0
4,run3_initcall.txt,cgroup_sysfs_init,0.049616,0,0
4,run3_initcall.txt,user_namespaces_init,0.049643,0,0
4,run3_initcall.txt,hung_task_init,0.049752,0,0
4,run3_initcall.txt,dev_map_init,0.049774,0,0
4,run3_initcall.txt,netns_bpf_init,0.049794,0,0
4,run3_initcall.txt,oom_init,0.049864,0,0
4,run3_initcall.txt,init_user_buckets,0.049883,0,0
4,run3_initcall.txt,init_vm_util_sysctls,0.049909,0,0
4,run3_initcall.txt,default_bdi_init,0.050027,0,0
4,run3_initcall.txt,cgwb_init,0.050049,0,0
4,run3_initcall.txt,percpu_enable_async,0.050064,0,0
4,run3_initcall.txt,kcompactd_init,0.050174,0,0
4,run3_initcall.txt,init_mm_sysctl,0.050193,0,0
4,run3_initcall.txt,init_user_reserve,0.05021,0,0
4,run3_initcall.txt,init_admin_reserve,0.050225,0,0
4,run3_initcall.txt,init_reserve_notifier,0.05024,0,0
4,run3_initcall.txt,swap_init,0.050264,0,0
4,run3_initcall.txt,swapfile_init,0.050286,0,0
4,run3_initcall.txt,memory_tier_init,0.050332,0,0
4,run3_initcall.txt,numa_init_sysfs,0.050352,0,0
4,run3_initcall.txt,mem_cgroup_swap_init,0.05037,0,0
4,run3_initcall.txt,init_msg_buckets,0.050387,0,0
4,run3_initcall.txt,init_bio,0.050432,0,0
4,run3_initcall.txt,blk_ioc_init,0.050452,0,0
4,run3_initcall.txt,blk_mq_init,0.05047,0,0
4,run3_initcall.txt,genhd_device_init,0.050565,0,0
4,run3_initcall.txt,blkcg_punt_bio_init,0.050662,0,0
4,run3_initcall.txt,blk_integrity_auto_init,0.050753,0,0
4,run3_initcall.txt,io_wq_init,0.050773,0,0
4,run3_initcall.txt,crc_t10dif_mod_init,0.0508,0,0
4,run3_initcall.txt,sha256_mod_init,0.05082,0,0
4,run3_initcall.txt,sha512_mod_init,0.050837,0,0
4,run3_initcall.txt,sg_pool_init,0.050869,0,0
4,run3_initcall.txt,gpiolib_debugfs_init,0.050893,0,0
4,run3_initcall.txt,stmpe_gpio_init,0.050992,0,0
4,run3_initcall.txt,pwm_init,0.05102,0,0
4,run3_initcall.txt,leds_init,0.051055,0,0
4,run3_initcall.txt,pci_slot_init,0.051079,0,0
4,run3_initcall.txt,fbmem_init,0.051129,0,0
4,run3_initcall.txt,bcm2835_dma_init,0.051818,0,0
4,run3_initcall.txt,regulator_fixed_voltage_init,0.051897,0,0
4,run3_initcall.txt,gpio_regulator_init,0.051954,0,0
4,run3_initcall.txt,init_sysrq_sysctl,0.051976,0,0
4,run3_initcall.txt,misc_init,0.052006,0,0
4,run3_initcall.txt,iommu_subsys_init,0.05204,0,0
4,run3_initcall.txt,register_cpu_capacity_sysctl,0.052403,0,4000
4,run3_initcall.txt,dma_buf_init,0.052487,0,0
4,run3_initcall.txt,dma_heap_init,0.052517,0,0
4,run3_initcall.txt,init_scsi,0.052612,0,0
4,run3_initcall.txt,mdio_bus_init,0.052644,0,0
4,run3_initcall.txt,phy_init,0.052693,0,0
4,run3_initcall.txt,usb_common_init,0.052714,0,0
4,run3_initcall.txt,usb_init,0.052827,0,0
4,run3_initcall.txt,usb_phy_generic_init,0.052979,0,0
4,run3_initcall.txt,usb_udc_init,0.053013,0,0
4,run3_initcall.txt,usb_roles_init,0.053032,0,0
4,run3_initcall.txt,input_init,0.053056,0,0
4,run3_initcall.txt,rtc_init,0.053074,0,0
4,run3_initcall.txt,rc_core_init,0.053101,0,0
4,run3_initcall.txt,pps_init,0.05314,0,0
4,run3_initcall.txt,ptp_init,0.053166,0,0
4,run3_initcall.txt,power_supply_class_init,0.053198,0,0
4,run3_initcall.txt,hwmon_init,0.053222,0,0
4,run3_initcall.txt,mmc_init,0.053266,0,0
4,run3_initcall.txt,dmi_init,0.053285,0,0
4,run3_initcall.txt,efisubsys_init,0.053304,0,0
4,run3_initcall.txt,arm_pmu_hp_init,0.053323,0,0
4,run3_initcall.txt,ras_init,0.053345,0,0
4,run3_initcall.txt,nvmem_init,0.053382,0,0
4,run3_initcall.txt,init_soundcore,0.053403,0,0
4,run3_initcall.txt,proto_init,0.053424,0,0
4,run3_initcall.txt,net_dev_init,0.053636,0,0
4,run3_initcall.txt,neigh_init,0.053656,0,0
4,run3_initcall.txt,fib_notifier_init,0.053673,0,0
4,run3_initcall.txt,netdev_genl_init,0.053713,0,0
4,run3_initcall.txt,page_pool_user_init,0.05373,0,0
4,run3_initcall.txt,fib_rules_init,0.05375,0,0
4,run3_initcall.txt,init_cgroup_netprio,0.053767,0,0
4,run3_initcall.txt,bpf_lwt_init,0.053783,0,0
4,run3_initcall.txt,pktsched_init,0.053807,0,0
4,run3_initcall.txt,tc_filter_init,0.05384,0,0
4,run3_initcall.txt,tc_action_init,0.053858,0,0
4,run3_initcall.txt,ethnl_init,0.05393,0,0
4,run3_initcall.txt,nexthop_init,0.053953,0,0
4,run3_initcall.txt,devlink_init,0.054034,0,0
4,run3_initcall.txt,wireless_nlevent_init,0.054054,0,0
4,run3_initcall.txt,vsprintf_init_hashval,0.054073,0,0
4,run3_initcall.txt,init_32bit_el0_mask,0.054088,0,0
4,run3_initcall.txt,vga_arb_device_init,0.054208,0,0
4,run3_initcall.txt,watchdog_init,0.054315,0,0
4,run3_initcall.txt,create_debug_debugfs_entry,0.054426,0,0
4,run3_initcall.txt,iomem_init_inode,0.05447,0,0
4,run3_initcall.txt,clocksource_done_booting,0.054521,0,14
4,run3_initcall.txt,bpf_init,0.054545,0,6
4,run3_initcall.txt,secretmem_init,0.054576,0,11
4,run3_initcall.txt,init_fs_stat_sysctls,0.054608,0,13
4,run3_initcall.txt,init_fs_exec_sysctls,0.054628,0,1
4,run3_initcall.txt,init_pipe_fs,0.054658,0,11
4,run3_initcall.txt,init_fs_namei_sysctls,0.0547,0,3
4,run3_initcall.txt,init_fs_dcache_sysctls,0.054727,0,6
4,run3_initcall.txt,init_fs_namespace_sysctls,0.054746,0,1
4,run3_initcall.txt,cgroup_writeback_init,0.054771,0,5
4,run3_initcall.txt,inotify_user_setup,0.054803,0,13
4,run3_initcall.txt,eventpoll_init,0.05484,0,17
4,run3_initcall.txt,anon_inode_init,0.05487,0,10
4,run3_initcall.txt,proc_locks_init,0.054892,0,3
4,run3_initcall.txt,backing_aio_init,0.054911,0,2
4,run3_initcall.txt,init_fs_coredump_sysctls,0.054933,0,6
4,run3_initcall.txt,init_vm_drop_caches_sysctls,0.05495,0,2
4,run3_initcall.txt,iomap_dio_init,0.054989,0,24
4,run3_initcall.txt,iomap_ioend_init,0.055032,0,29
4,run3_initcall.txt,dquot_init,0.055138,0,91
4,run3_initcall.txt,proc_cmdline_init,0.055157,0,2
4,run3_initcall.txt,proc_consoles_init,0.055172,0,1
4,run3_initcall.txt,proc_cpuinfo_init,0.055189,0,1
4,run3_initcall.txt,proc_devices_init,0.055204,0,0
4,run3_initcall.txt,proc_interrupts_init,0.05522,0,1
4,run3_initcall.txt,proc_loadavg_init,0.055235,0,1
4,run3_initcall.txt,proc_meminfo_init,0.05525,0,0
4,run3_initcall.txt,proc_stat_init,0.055265,0,1
4,run3_initcall.txt,proc_uptime_init,0.05528,0,1
4,run3_initcall.txt,proc_version_init,0.055295,0,0
4,run3_initcall.txt,proc_softirqs_init,0.055311,0,0
4,run3_initcall.txt,proc_kmsg_init,0.055326,0,1
4,run3_initcall.txt,proc_page_init,0.055343,0,2
4,run3_initcall.txt,init_ramfs_fs,0.055358,0,1
4,run3_initcall.txt,aa_create_aafs,0.055374,0,0
4,run3_initcall.txt,chr_dev_init,0.058162,0,2769
4,run3_initcall.txt,hwrng_modinit,0.058272,0,78
4,run3_initcall.txt,firmware_class_init,0.058296,0,1
4,run3_initcall.txt,sysctl_core_init,0.058352,0,30
4,run3_initcall.txt,eth_offload_init,0.05837,0,0
4,run3_initcall.txt,ipv4_offload_init,0.058388,0,1
4,run3_initcall.txt,inet_init,0.062209,0,3803
4,run3_initcall.txt,af_unix_init,0.062265,0,21
4,run3_initcall.txt,ipv6_offload_init,0.062286,0,1
4,run3_initcall.txt,init_sunrpc,0.062691,0,378
4,run3_initcall.txt,vlan_offload_init,0.062711,0,0
4,run3_initcall.txt,pci_apply_final_quirks,0.062741,0,12
4,run3_initcall.txt,populate_rootfs,0.062768,0,7
4,run3_initcall.txt,register_arm64_panic_block,0.062881,0,0
4,run3_initcall.txt,cpuinfo_regs_init,0.06298,0,83
4,run3_initcall.txt,aarch32_el0_sysfs_init,0.063,0,0
4,run3_initcall.txt,kvm_arm_init,0.06644,0,3420
4,run3_initcall.txt,proc_execdomains_init,0.066478,0,3
4,run3_initcall.txt,register_warn_debugfs,0.066501,0,3
4,run3_initcall.txt,cpuhp_sysfs_init,0.066577,0,30
4,run3_initcall.txt,ioresources_init,0.0666,0,3
4,run3_initcall.txt,psi_proc_init,0.066618,0,0
4,run3_initcall.txt,irq_gc_init_ops,0.066634,0,0
4,run3_initcall.txt,irq_debugfs_init,0.066733,0,75
4,run3_initcall.txt,proc_modules_init,0.066752,0,2
4,run3_initcall.txt,timer_sysctl_init,0.066775,0,7
4,run3_initcall.txt,timekeeping_init_ops,0.066792,0,0
4,run3_initcall.txt,init_clocksource_sysfs,0.066868,0,60
4,run3_initcall.txt,init_timer_list_procfs,0.066888,0,1
4,run3_initcall.txt,alarmtimer_init,0.066959,0,54
4,run3_initcall.txt,clockevents_init_sysfs,0.067095,0,117
4,run3_initcall.txt,sched_clock_syscore_init,0.067115,0,0
4,run3_initcall.txt,kallsyms_init,0.067134,0,1
4,run3_initcall.txt,pid_namespaces_init,0.067174,0,23
4,run3_initcall.txt,audit_watch_init,0.067194,0,2
4,run3_initcall.txt,audit_fsnotify_init,0.067212,0,0
4,run3_initcall.txt,audit_tree_init,0.067232,0,3
4,run3_initcall.txt,seccomp_sysctl_init,0.067254,0,5
4,run3_initcall.txt,utsname_sysctl_init,0.067278,0,6
4,run3_initcall.txt,init_lstats_procfs,0.067301,0,4
4,run3_initcall.txt,perf_event_sysfs_init,0.067372,0,52
4,run3_initcall.txt,system_trusted_keyring_init,0.067407,0,14
4,run3_initcall.txt,kswapd_init,0.067607,0,180
4,run3_initcall.txt,extfrag_debug_init,0.067635,0,7
4,run3_initcall.txt,mm_compute_batch_init,0.067653,0,1
4,run3_initcall.txt,slab_proc_init,0.067671,0,2
4,run3_initcall.txt,workingset_init,0.067695,0,8
4,run3_initcall.txt,proc_vmalloc_init,0.067715,0,4
4,run3_initcall.txt,memblock_init_debugfs,0.067736,0,5
4,run3_initcall.txt,slab_debugfs_init,0.067757,0,5
4,run3_initcall.txt,procswaps_init,0.067775,0,1
4,run3_initcall.txt,zs_init,0.067792,0,0
4,run3_initcall.txt,fcntl_init,0.067811,0,2
4,run3_initcall.txt,proc_filesystems_init,0.067831,0,1
4,run3_initcall.txt,start_dirtytime_writeback,0.067854,0,4
4,run3_initcall.txt,dio_init,0.067875,0,1
4,run3_initcall.txt,dnotify_init,0.067908,0,15
4,run3_initcall.txt,fanotify_user_setup,0.067938,0,10
4,run3_initcall.txt,aio_setup,0.067994,0,37
4,run3_initcall.txt,mbcache_init,0.068017,0,5
4,run3_initcall.txt,init_grace,0.068034,0,2
4,run3_initcall.txt,init_devpts_fs,0.068057,0,7
4,run3_initcall.txt,ext4_init_fs,0.068147,0,76
4,run3_initcall.txt,journal_init,0.06818,0,16
4,run3_initcall.txt,init_fat_fs,0.068202,0,6
4,run3_initcall.txt,init_vfat_fs,0.068217,0,0
4,run3_initcall.txt,init_msdos_fs,0.068232,0,0
4,run3_initcall.txt,init_nfs_fs,0.068378,0,130
4,run3_initcall.txt,init_nfs_v2,0.068398,0,0
4,run3_initcall.txt,init_nfs_v3,0.068413,0,0
4,run3_initcall.txt,init_nfs_v4,0.068456,0,29
4,run3_initcall.txt,nfs4filelayout_init,0.068479,0,6
4,run3_initcall.txt,nfs4flexfilelayout_init,0.068501,0,6
4,run3_initcall.txt,init_nlm,0.068543,0,26
4,run3_initcall.txt,init_nls_cp437,0.068559,0,0
4,run3_initcall.txt,init_nls_ascii,0.068574,0,0
4,run3_initcall.txt,init_autofs_fs,0.068677,0,86
4,run3_initcall.txt,init_f2fs_fs,0.068817,0,123
4,run3_initcall.txt,ipc_init,0.068848,0,13
4,run3_initcall.txt,ipc_sysctl_init,0.06888,0,16
4,run3_initcall.txt,init_mqueue_fs,0.068932,0,35
4,run3_initcall.txt,key_proc_init,0.068953,0,3
4,run3_initcall.txt,bpf_crypto_skcipher_init,0.06897,0,0
4,run3_initcall.txt,dh_init,0.06899,0,3
4,run3_initcall.txt,rsa_init,0.069009,0,1
4,run3_initcall.txt,cryptomgr_init,0.069026,0,0
4,run3_initcall.txt,hmac_module_init,0.069043,0,0
4,run3_initcall.txt,crypto_sha256_mod_init,0.069065,0,5
4,run3_initcall.txt,crypto_ecb_module_init,0.069082,0,0
4,run3_initcall.txt,crypto_cbc_module_init,0.069099,0,0
4,run3_initcall.txt,crypto_cts_module_init,0.069115,0,0
4,run3_initcall.txt,xts_module_init,0.069132,0,0
4,run3_initcall.txt,des_generic_mod_init,0.069151,0,1
4,run3_initcall.txt,aes_init,0.069168,0,0
4,run3_initcall.txt,lzo_mod_init,0.069186,0,1
4,run3_initcall.txt,lzorle_mod_init,0.069203,0,1
4,run3_initcall.txt,asymmetric_key_init,0.069225,0,5
4,run3_initcall.txt,x509_key_init,0.069248,0,6
4,run3_initcall.txt,crypto_kdf108_init,0.069264,0,0
4,run3_initcall.txt,blkdev_init,0.069294,0,13
4,run3_initcall.txt,proc_genhd_init,0.069316,0,3
4,run3_initcall.txt,bsg_init,0.06935,0,16
4,run3_initcall.txt,throtl_init,0.069437,0,70
4,run3_initcall.txt,deadline_init,0.069462,0,6
4,run3_initcall.txt,kyber_init,0.069484,0,5
4,run3_initcall.txt,bfq_init,0.06952,0,20
4,run3_initcall.txt,io_uring_init,0.069557,0,19
4,run3_initcall.txt,btree_module_init,0.069579,0,2
4,run3_initcall.txt,percpu_counter_startup,0.069633,0,37
4,run3_initcall.txt,audit_classes_init,0.069657,0,4
4,run3_initcall.txt,gicv5_iwb_platform_driver_init,0.069759,0,83
4,run3_initcall.txt,mip_msi_driver_init,0.069813,0,34
4,run3_initcall.txt,bcm7038_l1_driver_init,0.069866,0,33
4,run3_initcall.txt,bcm7120_l2_driver_init,0.069924,0,38
4,run3_initcall.txt,brcmstb_l2_driver_init,0.070204,0,259
4,run3_initcall.txt,simple_pm_bus_driver_init,0.070718,0,489
4,run3_initcall.txt,phy_core_init,0.070748,0,9
4,run3_initcall.txt,brcm_usb_driver_init,0.070835,0,67
4,run3_initcall.txt,rp1_pinctrl_driver_init,0.070888,0,33
4,run3_initcall.txt,bcm2835_pinctrl_driver_init,0.071786,0,879
4,run3_initcall.txt,bcm2712_pinctrl_driver_init,0.071869,0,57
4,run3_initcall.txt,brcmvirt_gpio_driver_init,0.071927,0,36
4,run3_initcall.txt,brcmstb_gpio_driver_init,0.071982,0,35
4,run3_initcall.txt,rpi_exp_gpio_driver_init,0.072446,0,443
4,run3_initcall.txt,brcmstb_pwm_driver_init,0.07251,0,40
4,run3_initcall.txt,rp1_pwm_driver_init,0.072566,0,34
4,run3_initcall.txt,gpio_led_driver_init,0.074372,0,1783
4,run3_initcall.txt,led_pwm_driver_init,0.074442,0,47
4,run3_initcall.txt,timer_led_trigger_init,0.074464,0,1
4,run3_initcall.txt,oneshot_led_trigger_init,0.074484,0,1
4,run3_initcall.txt,heartbeat_trig_init,0.074504,0,2
4,run3_initcall.txt,bl_led_trigger_init,0.074537,0,0
4,run3_initcall.txt,ledtrig_cpu_init,0.074606,0,54
4,run3_initcall.txt,defon_led_trigger_init,0.074657,0,35
4,run3_initcall.txt,input_trig_init,0.074677,0,1
4,run3_initcall.txt,ledtrig_panic_init,0.074693,0,1
4,run3_initcall.txt,actpwr_trig_init,0.074868,0,160
4,run3_initcall.txt,pcie_portdrv_init,0.074945,0,59
4,run3_initcall.txt,pci_proc_init,0.074977,0,14
4,run3_initcall.txt,brcm_pcie_driver_init,0.187403,0,112410
4,run3_initcall.txt,bcm2708_fb_init,0.187483,0,59
4,run3_initcall.txt,simplefb_driver_init,0.194236,0,6737
4,run3_initcall.txt,of_fixed_factor_clk_driver_init,0.194324,0,37
4,run3_initcall.txt,of_fixed_clk_driver_init,0.194406,0,33
4,run3_initcall.txt,gpio_clk_driver_init,0.194497,0,45
4,run3_initcall.txt,gated_fixed_clk_driver_init,0.194595,0,34
4,run3_initcall.txt,rp1_clk_driver_init,0.194677,0,35
4,run3_initcall.txt,rp1_sdio_clk_driver_init,0.194757,0,34
4,run3_initcall.txt,clk_dvp_driver_init,0.194938,0,134
4,run3_initcall.txt,bcm2835_aux_clk_driver_init,0.195048,0,63
4,run3_initcall.txt,raspberrypi_clk_driver_init,0.210602,0,15505
4,run3_initcall.txt,dw_driver_init,0.210699,0,48
4,run3_initcall.txt,bcm2835_power_driver_init,0.210768,0,22
4,run3_initcall.txt,rpi_power_driver_init,0.229009,0,18190
4,run3_initcall.txt,brcmstb_reset_driver_init,0.231016,0,44
4,run3_initcall.txt,brcm_rescal_reset_driver_init,0.232964,0,37
4,run3_initcall.txt,rpi_reset_driver_init,0.235949,0,1059
4,run3_initcall.txt,reset_simple_driver_init,0.237988,0,83
4,run3_initcall.txt,n_null_init,0.239929,0,0
4,run3_initcall.txt,pty_init,0.241939,0,80
4,run3_initcall.txt,sysrq_init,0.243893,0,12
4,run3_initcall.txt,serial8250_init,0.245825,-19,0
4,run3_initcall.txt,bcm2835aux_serial_driver_init,0.247799,0,42
4,run3_initcall.txt,brcmuart_init,0.24975,0,53
4,run3_initcall.txt,exar_pci_driver_init,0.251721,0,25
4,run3_initcall.txt,of_platform_serial_driver_init,0.253749,0,97
4,run3_initcall.txt,serial_pci_driver_init,0.255709,0,32
4,run3_initcall.txt,pericom8250_pci_driver_init,0.257657,0,18
4,run3_initcall.txt,init_kgdboc,0.260614,0,1031
4,run3_initcall.txt,random_sysctls_init,0.262545,0,11
4,run3_initcall.txt,ttyprintk_init,0.264536,0,65
4,run3_initcall.txt,bcm2835_rng_driver_init,0.266528,0,72
4,run3_initcall.txt,bcm74110_rng_driver_init,0.268559,0,38
4,run3_initcall.txt,iproc_rng200_driver_init,0.272842,0,2265
4,run3_initcall.txt,smccc_trng_driver_init,0.274981,0,31
4,run3_initcall.txt,vc_mem_init,0.278347,0,1211
4,run3_initcall.txt,vcio_driver_init,0.281968,0,1384
4,run3_initcall.txt,bcm2712_iommu_driver_init,0.284331,0,46
4,run3_initcall.txt,bcm2712_iommu_cache_driver_init,0.286728,0,39
4,run3_initcall.txt,topology_sysfs_init,0.289185,0,59
4,run3_initcall.txt,cacheinfo_sysfs_init,0.291855,0,242
4,run3_initcall.txt,devcoredump_init,0.2943,0,10
4,run3_initcall.txt,brd_init,0.301504,0,4779
4,run3_initcall.txt,loop_init,0.307585,0,3650
4,run3_initcall.txt,bcm2835_pm_driver_init,0.311323,0,1341
4,run3_initcall.txt,stmpe_i2c_driver_init,0.313715,0,14
4,run3_initcall.txt,stmpe_spi_driver_init,0.316072,0,12
4,run3_initcall.txt,rp1_driver_init,0.318484,0,26
4,run3_initcall.txt,system_heap_create,0.320951,0,84
4,run3_initcall.txt,add_default_cma_heap,0.323436,0,83
4,run3_initcall.txt,udmabuf_dev_init,0.32586,0,38
4,run3_initcall.txt,iscsi_transport_init,0.329689,0,1430
4,run3_initcall.txt,init_sd,0.33209,0,23
4,run3_initcall.txt,nvme_core_init,0.334744,0,256
4,run3_initcall.txt,nvme_init,0.337172,0,25
4,run3_initcall.txt,blackhole_netdev_init,0.339597,0,16
4,run3_initcall.txt,netkit_init,0.341986,0,5
4,run3_initcall.txt,phylink_init,0.344364,0,1
4,run3_initcall.txt,phy_module_init,0.346903,0,167
4,run3_initcall.txt,phy_module_init,0.349394,0,180
4,run3_initcall.txt,fixed_mdio_bus_init,0.351921,0,155
4,run3_initcall.txt,phy_module_init,0.354468,0,168
4,run3_initcall.txt,phy_module_init,0.356866,0,18
4,run3_initcall.txt,phy_module_init,0.359269,0,64
4,run3_initcall.txt,unimac_mdio_driver_init,0.361727,0,124
4,run3_initcall.txt,macb_driver_init,0.364178,0,117
4,run3_initcall.txt,bcmgenet_driver_init,0.567532,0,201082
4,run3_initcall.txt,bcmasp_driver_init,0.569965,0,79
4,run3_initcall.txt,lan78xx_driver_init,0.573517,0,1200
4,run3_initcall.txt,smsc95xx_driver_init,0.57712,0,1210
4,run3_initcall.txt,usbnet_init,0.5795,0,0
4,run3_initcall.txt,xhci_hcd_init,0.581838,0,14
4,run3_initcall.txt,xhci_pci_init,0.7101,0,125903
4,run3_initcall.txt,xhci_plat_init,0.712475,0,120
4,run3_initcall.txt,dwc_otg_driver_init,0.719217,0,4510
4,run3_initcall.txt,dwc_common_port_init_module,0.722696,0,1249
4,run3_initcall.txt,dwc3_driver_init,0.724995,0,61
4,run3_initcall.txt,dwc3_haps_driver_init,0.727262,0,25
4,run3_initcall.txt,dwc3_of_simple_driver_init,0.729561,0,61
4,run3_initcall.txt,dwc3_generic_driver_init,0.731795,0,38
4,run3_initcall.txt,dwc2_platform_driver_init,0.734147,0,147
4,run3_initcall.txt,uas_init,0.73755,0,1196
4,run3_initcall.txt,usb_storage_driver_init,0.740865,0,1113
4,run3_initcall.txt,brcmstb_usb_pinmap_init,0.743118,-19,63
4,run3_initcall.txt,bdc_driver_init,0.745354,0,44
4,run3_initcall.txt,input_leds_init,0.747561,0,1
4,run3_initcall.txt,mousedev_init,0.750944,0,1224
4,run3_initcall.txt,evdev_init,0.753174,0,0
4,run3_initcall.txt,brcmstb_waketmr_driver_init,0.755442,0,44
4,run3_initcall.txt,rpi_rtc_driver_init,0.757709,0,38
4,run3_initcall.txt,init_rc_map_adstech_dvb_t_pci,0.75993,0,1
4,run3_initcall.txt,init_rc_map_alink_dtu_m,0.762134,0,0
4,run3_initcall.txt,init_rc_map_anysee,0.764346,0,0
4,run3_initcall.txt,init_rc_map_apac_viewcomp,0.766536,0,0
4,run3_initcall.txt,init_rc_map_t2hybrid,0.768761,0,0
4,run3_initcall.txt,init_rc_map_asus_pc39,0.770977,0,0
4,run3_initcall.txt,init_rc_map_asus_ps3_100,0.77318,0,0
4,run3_initcall.txt,init_rc_map_ati_tv_wonder_hd_600,0.775408,0,0
4,run3_initcall.txt,init_rc_map_ati_x10,0.777651,0,0
4,run3_initcall.txt,init_rc_map_avermedia_a16d,0.77991,0,0
4,run3_initcall.txt,init_rc_map_avermedia_cardbus,0.782126,0,0
4,run3_initcall.txt,init_rc_map_avermedia_dvbt,0.784381,0,0
4,run3_initcall.txt,init_rc_map_avermedia_m135a,0.786649,0,0
4,run3_initcall.txt,init_rc_map_avermedia_m733a_rm_k6,0.788925,0,0
4,run3_initcall.txt,init_rc_map_avermedia,0.791212,0,0
4,run3_initcall.txt,init_rc_map_avermedia_rm_ks,0.793486,0,0
4,run3_initcall.txt,init_rc_map_avertv_303,0.795771,0,0
4,run3_initcall.txt,init_rc_map_azurewave_ad_tu700,0.798017,0,0
4,run3_initcall.txt,init_rc_map_beelink_gs1,0.800265,0,0
4,run3_initcall.txt,init_rc_map_beelink_mxiii,0.802537,0,0
4,run3_initcall.txt,init_rc_map_behold_columbus,0.804806,0,0
4,run3_initcall.txt,init_rc_map_behold,0.807067,0,0
4,run3_initcall.txt,init_rc_map_budget_ci_old,0.809319,0,0
4,run3_initcall.txt,init_rc_map_cinergy_1400,0.811562,0,0
4,run3_initcall.txt,init_rc_map_cinergy,0.813786,0,0
4,run3_initcall.txt,init_rc_map_ct_90405,0.815978,0,0
4,run3_initcall.txt,init_rc_map_d680_dmb,0.818181,0,0
4,run3_initcall.txt,init_rc_map_delock_61959,0.820361,0,0
4,run3_initcall.txt,init_rc_map,0.822539,0,0
4,run3_initcall.txt,init_rc_map,0.824711,0,0
4,run3_initcall.txt,init_rc_map_digitalnow_tinytwin,0.826879,0,0
4,run3_initcall.txt,init_rc_map_digittrade,0.829044,0,0
4,run3_initcall.txt,init_rc_map_dm1105_nec,0.83122,0,0
4,run3_initcall.txt,init_rc_map_dntv_live_dvb_t,0.833366,0,0
4,run3_initcall.txt,init_rc_map_dntv_live_dvbt_pro,0.835592,0,0
4,run3_initcall.txt,init_rc_map_dreambox,0.837747,0,0
4,run3_initcall.txt,init_rc_map_dtt200u,0.839925,0,0
4,run3_initcall.txt,init_rc_map_rc5_dvbsky,0.84208,0,0
4,run3_initcall.txt,init_rc_map_dvico_mce,0.84424,0,0
4,run3_initcall.txt,init_rc_map_dvico_portable,0.846393,0,0
4,run3_initcall.txt,init_rc_map_em_terratec,0.848496,0,0
4,run3_initcall.txt,init_rc_map_encore_enltv2,0.850651,0,0
4,run3_initcall.txt,init_rc_map_encore_enltv_fm53,0.852799,0,0
4,run3_initcall.txt,init_rc_map_encore_enltv,0.854959,0,0
4,run3_initcall.txt,init_rc_map_evga_indtube,0.857102,0,0
4,run3_initcall.txt,init_rc_map_eztv,0.859236,0,0
4,run3_initcall.txt,init_rc_map_flydvb,0.861357,0,0
4,run3_initcall.txt,init_rc_map_flyvideo,0.863473,0,0
4,run3_initcall.txt,init_rc_map_fusionhdtv_mce,0.865537,0,0
4,run3_initcall.txt,init_rc_map_gadmei_rm008z,0.867628,0,0
4,run3_initcall.txt,init_rc_map_geekbox,0.869714,0,0
4,run3_initcall.txt,init_rc_map_genius_tvgo_a11mce,0.871797,0,0
4,run3_initcall.txt,init_rc_map_gotview7135,0.873862,0,0
4,run3_initcall.txt,init_rc_map_rc5_hauppauge_new,0.875962,0,0
4,run3_initcall.txt,init_rc_map_hisi_poplar,0.878059,0,0
4,run3_initcall.txt,init_rc_map_hisi_tv_demo,0.880167,0,0
4,run3_initcall.txt,init_rc_map_imon_mce,0.88223,0,0
4,run3_initcall.txt,init_rc_map_imon_pad,0.884343,0,0
4,run3_initcall.txt,init_rc_map_imon_rsc,0.886426,0,0
4,run3_initcall.txt,init_rc_map_iodata_bctv7e,0.888506,0,0
4,run3_initcall.txt,init_rc_it913x_v1_map,0.890589,0,0
4,run3_initcall.txt,init_rc_it913x_v2_map,0.892666,0,0
4,run3_initcall.txt,init_rc_map_kaiomy,0.894747,0,0
4,run3_initcall.txt,init_rc_map_khadas,0.896832,0,0
4,run3_initcall.txt,init_rc_map_khamsin,0.898875,0,0
4,run3_initcall.txt,init_rc_map_kworld_315u,0.90094,0,0
4,run3_initcall.txt,init_rc_map_kworld_pc150u,0.903,0,0
4,run3_initcall.txt,init_rc_map_kworld_plus_tv_analog,0.905064,0,0
4,run3_initcall.txt,init_rc_map_leadtek_y04g0051,0.907145,0,0
4,run3_initcall.txt,init_rc_lme2510_map,0.909214,0,0
4,run3_initcall.txt,init_rc_map_manli,0.911306,0,0
4,run3_initcall.txt,init_rc_map_mecool_kiii_pro,0.91341,0,0
4,run3_initcall.txt,init_rc_map_mecool_kii_pro,0.915473,0,0
4,run3_initcall.txt,init_rc_map_medion_x10_digitainer,0.917573,0,0
4,run3_initcall.txt,init_rc_map_medion_x10,0.919674,0,0
4,run3_initcall.txt,init_rc_map_medion_x10_or2x,0.921764,0,0
4,run3_initcall.txt,init_rc_map_minix_neo,0.92385,0,0
4,run3_initcall.txt,init_rc_map_msi_digivox_iii,0.925951,0,0
4,run3_initcall.txt,init_rc_map_msi_digivox_ii,0.928067,0,0
4,run3_initcall.txt,init_rc_map_msi_tvanywhere,0.930179,0,0
4,run3_initcall.txt,init_rc_map_msi_tvanywhere_plus,0.932245,0,0
4,run3_initcall.txt,init_rc_map_mygica_utv3,0.934339,0,0
4,run3_initcall.txt,init_rc_map_nebula,0.936435,0,0
4,run3_initcall.txt,init_rc_map_nec_terratec_cinergy_xs,0.938522,0,0
4,run3_initcall.txt,init_rc_map_norwood,0.940607,0,0
4,run3_initcall.txt,init_rc_map_npgtech,0.942692,0,0
4,run3_initcall.txt,init_rc_map_odroid,0.944764,0,0
4,run3_initcall.txt,init_rc_map_pctv_sedna,0.946828,0,0
4,run3_initcall.txt,init_rc_map_pine64,0.948865,0,0
4,run3_initcall.txt,init_rc_map_pinnacle_color,0.950946,0,0
4,run3_initcall.txt,init_rc_map_pinnacle_grey,0.953033,0,0
4,run3_initcall.txt,init_rc_map_pinnacle_pctv_hd,0.955122,0,0
4,run3_initcall.txt,init_rc_map_pixelview,0.958285,0,0
4,run3_initcall.txt,init_rc_map_pixelview,0.960411,0,0
4,run3_initcall.txt,init_rc_map_pixelview_new,0.962549,0,0
4,run3_initcall.txt,init_rc_map_pixelview,0.964659,0,0
4,run3_initcall.txt,init_rc_map_powercolor_real_angel,0.966782,0,0
4,run3_initcall.txt,init_rc_map_proteus_2309,0.968921,0,0
4,run3_initcall.txt,init_rc_map_purpletv,0.971062,0,0
4,run3_initcall.txt,init_rc_map_pv951,0.973196,0,0
4,run3_initcall.txt,init_rc_map_rc6_mce,0.975324,0,0
4,run3_initcall.txt,init_rc_map_real_audio_220_32_keys,0.977456,0,0
4,run3_initcall.txt,init_rc_map_reddo,0.97959,0,0
4,run3_initcall.txt,init_rc_map_siemens_gigaset_rc20,0.981695,0,0
4,run3_initcall.txt,init_rc_map_snapstream_firefly,0.983844,0,0
4,run3_initcall.txt,init_rc_map_streamzap,0.986007,0,0
4,run3_initcall.txt,init_rc_map_su3000,0.988187,0,0
4,run3_initcall.txt,init_rc_map_tanix_tx3mini,0.990347,0,0
4,run3_initcall.txt,init_rc_map_tanix_tx5max,0.992501,0,0
4,run3_initcall.txt,init_rc_map_tbs_nec,0.994669,0,0
4,run3_initcall.txt,init_rc_map,0.996856,0,0
4,run3_initcall.txt,init_rc_map,0.999011,0,0
4,run3_initcall.txt,init_rc_map_terratec_cinergy_c_pci,1.0012,0,0
4,run3_initcall.txt,init_rc_map_terratec_cinergy_s2_hd,1.003408,0,0
4,run3_initcall.txt,init_rc_map_terratec_cinergy_xs,1.005582,0,0
4,run3_initcall.txt,init_rc_map_terratec_slim_2,1.00776,0,0
4,run3_initcall.txt,init_rc_map_terratec_slim,1.009938,0,0
4,run3_initcall.txt,init_rc_map_tevii_nec,1.012136,0,0
4,run3_initcall.txt,init_rc_map_tivo,1.014325,0,0
4,run3_initcall.txt,init_rc_map_total_media_in_hand_02,1.016496,0,0
4,run3_initcall.txt,init_rc_map_total_media_in_hand,1.018716,0,0
4,run3_initcall.txt,init_rc_map_trekstor,1.020931,0,0
4,run3_initcall.txt,init_rc_map_tt_1500,1.023125,0,0
4,run3_initcall.txt,init_rc_map_twinhan_vp1027,1.02531,0,0
4,run3_initcall.txt,init_rc_map_twinhan_dtv_cab_ci,1.02751,0,0
4,run3_initcall.txt,init_rc_map_vega_s9x,1.029692,0,0
4,run3_initcall.txt,init_rc_map_videomate_k100,1.03184,0,0
4,run3_initcall.txt,init_rc_map_videomate_s350,1.034017,0,0
4,run3_initcall.txt,init_rc_map_videomate_tv_pvr,1.036181,0,0
4,run3_initcall.txt,init_rc_map_kii_pro,1.038328,0,0
4,run3_initcall.txt,init_rc_map_wetek_hub,1.040486,0,0
4,run3_initcall.txt,init_rc_map_wetek_play2,1.042641,0,0
4,run3_initcall.txt,init_rc_map_winfast,1.044788,0,0
4,run3_initcall.txt,init_rc_map_winfast_usbii_deluxe,1.046934,0,0
4,run3_initcall.txt,init_rc_map_x96max,1.049044,0,0
4,run3_initcall.txt,init_rc_map,1.051377,0,0
4,run3_initcall.txt,init_rc_map,1.053501,0,0
4,run3_initcall.txt,init_rc_map_zx_irdec,1.055626,0,0
4,run3_initcall.txt,ptp_kvm_init,1.057741,-95,0
4,run3_initcall.txt,gpio_poweroff_driver_init,1.059956,0,84
4,run3_initcall.txt,bcm2711_thermal_driver_init,1.063523,0,1441
4,run3_initcall.txt,bcm2835_thermal_driver_init,1.065683,0,55
4,run3_initcall.txt,bcm2835_wdt_driver_init,1.067861,0,25
4,run3_initcall.txt,dt_cpufreq_platdrv_init,1.070047,0,28
4,run3_initcall.txt,brcm_avs_cpufreq_platdrv_init,1.072273,0,40
4,run3_initcall.txt,raspberrypi_cpufreq_driver_init,1.077393,0,2923
4,run3_initcall.txt,mmc_pwrseq_simple_driver_init,1.079734,0,63
4,run3_initcall.txt,mmc_pwrseq_emmc_driver_init,1.081969,0,43
4,run3_initcall.txt,mmc_blk_init,1.084274,0,31
4,run3_initcall.txt,sdhci_drv_init,1.088945,0,2245
4,run3_initcall.txt,bcm2835_mmc_driver_init,1.09241,0,1194
4,run3_initcall.txt,bcm2835_driver_init,1.094761,0,42
4,run3_initcall.txt,sdhci_pltfm_drv_init,1.098209,0,1116
4,run3_initcall.txt,sdhci_iproc_driver_init,1.102976,0,86
4,run3_initcall.txt,sdhci_brcmstb_driver_init,1.103052,0,61
4,run3_initcall.txt,esrt_sysfs_init,1.103076,-38,1
4,run3_initcall.txt,smccc_devices_init,1.10309,0,1
4,run3_initcall.txt,smccc_soc_init,1.103102,0,0
4,run3_initcall.txt,arch_timer_mmio_drv_init,1.103147,0,36
4,run3_initcall.txt,arch_timer_mmio_acpi_drv_init,1.103181,0,25
4,run3_initcall.txt,hid_init,1.10328,0,90
4,run3_initcall.txt,hid_generic_init,1.103324,0,35
4,run3_initcall.txt,hid_init,1.103368,0,35
4,run3_initcall.txt,vchiq_driver_init,1.138702,0,35324
4,run3_initcall.txt,bcm74110_mbox_driver_init,1.14153,0,86
4,run3_initcall.txt,extcon_class_init,1.143951,0,9
4,run3_initcall.txt,armv8_pmu_driver_init,1.151587,0,3748
4,run3_initcall.txt,binder_init,1.153956,0,56
4,run3_initcall.txt,rpi_otp_driver_init,1.159995,0,3754
4,run3_initcall.txt,sock_diag_init,1.16225,0,40
4,run3_initcall.txt,blackhole_init,1.164489,0,1
4,run3_initcall.txt,cls_bpf_init_mod,1.166663,0,0
4,run3_initcall.txt,gre_offload_init,1.168816,0,0
4,run3_initcall.txt,sysctl_ipv4_init,1.171057,0,73
4,run3_initcall.txt,cubictcp_register,1.173204,0,2
4,run3_initcall.txt,packet_init,1.176399,0,1060
4,run3_initcall.txt,init_rpcsec_gss,1.178548,0,15
4,run3_initcall.txt,init_kerberos_module,1.180691,0,5
4,run3_initcall.txt,dcbnl_init,1.182784,0,2
4,run3_initcall.txt,init_dns_resolver,1.185946,0,1058
4,run3_initcall.txt,handshake_init,1.188134,0,29
4,run3_initcall.txt,check_mmu_enabled_at_boot,1.1903,0,0
4,run3_initcall.txt,finalize_pkvm,1.192482,0,0
4,run3_initcall.txt,kernel_do_mounts_initrd_sysctls_init,1.195821,0,5
4,run3_initcall.txt,kernel_panic_sysctls_init,1.197992,0,10
4,run3_initcall.txt,kernel_panic_sysfs_init,1.200194,0,4
4,run3_initcall.txt,kernel_exit_sysctls_init,1.202411,0,2
4,run3_initcall.txt,kernel_exit_sysfs_init,1.204659,0,2
4,run3_initcall.txt,param_sysfs_builtin_init,1.216206,0,9268
4,run3_initcall.txt,reboot_ksysfs_init,1.218583,0,18
4,run3_initcall.txt,sched_core_sysctl_init,1.22086,0,4
4,run3_initcall.txt,sched_fair_sysctl_init,1.223474,0,3
4,run3_initcall.txt,sched_rt_sysctl_init,1.225733,0,3
4,run3_initcall.txt,sched_dl_sysctl_init,1.227976,0,2
4,run3_initcall.txt,sched_init_debug,1.230248,0,93
4,run3_initcall.txt,cpu_latency_qos_init,1.233125,0,133
4,run3_initcall.txt,printk_late_init,1.235346,0,19
4,run3_initcall.txt,init_srcu_module_notifier,1.237585,0,1
4,run3_initcall.txt,kernel_rcu_stall_sysfs_init,1.239837,0,3
4,run3_initcall.txt,swiotlb_create_default_debugfs,1.242108,0,14
4,run3_initcall.txt,tk_debug_sleep_time_init,1.244414,0,3
4,run3_initcall.txt,bpf_ksym_iter_register,1.24677,0,1
4,run3_initcall.txt,kernel_acct_sysctls_init,1.249124,0,3
4,run3_initcall.txt,bpf_rstat_kfunc_init,1.251493,0,1
4,run3_initcall.txt,debugfs_kprobe_init,1.25385,0,11
4,run3_initcall.txt,kernel_delayacct_sysctls_init,1.256169,0,4
4,run3_initcall.txt,taskstats_init,1.259644,0,1177
4,run3_initcall.txt,bpf_global_ma_init,1.262031,0,92
4,run3_initcall.txt,bpf_syscall_sysctl_init,1.264362,0,4
4,run3_initcall.txt,unbound_reg_init,1.26662,0,0
4,run3_initcall.txt,kfunc_init,1.26889,0,1
4,run3_initcall.txt,bpf_map_iter_init,1.271218,0,0
4,run3_initcall.txt,init_subsystem,1.273478,0,0
4,run3_initcall.txt,task_iter_init,1.275732,0,1
4,run3_initcall.txt,bpf_prog_iter_init,1.277975,0,0
4,run3_initcall.txt,bpf_link_iter_init,1.280218,0,0
4,run3_initcall.txt,init_trampolines,1.282381,0,2
4,run3_initcall.txt,rqspinlock_register_kfuncs,1.284591,0,0
4,run3_initcall.txt,kfunc_init,1.28678,0,0
4,run3_initcall.txt,bpf_cgroup_iter_init,1.288938,0,0
4,run3_initcall.txt,cpumask_kfunc_init,1.291281,0,9
4,run3_initcall.txt,crypto_kfunc_init,1.293455,0,0
4,run3_initcall.txt,bpf_kmem_cache_iter_init,1.295637,0,0
4,run3_initcall.txt,dmabuf_iter_init,1.29781,0,0
4,run3_initcall.txt,load_system_certificate_list,1.301072,0,1094
4,run3_initcall.txt,init_lru_gen,1.303333,0,17
4,run3_initcall.txt,vmstat_late_init,1.305569,0,2
4,run3_initcall.txt,fault_around_debugfs,1.307798,0,2
4,run3_initcall.txt,slab_sysfs_init,1.313832,0,3826
4,run3_initcall.txt,max_swapfiles_check,1.316081,0,0
4,run3_initcall.txt,zswap_init,1.318251,0,0
4,run3_initcall.txt,mempolicy_sysfs_init,1.32045,0,17
4,run3_initcall.txt,memory_tier_late_init,1.324919,0,2270
4,run3_initcall.txt,check_early_ioremap_leak,1.327119,0,0
4,run3_initcall.txt,mg_debugfs_init,1.329319,0,17
4,run3_initcall.txt,fscrypt_init,1.333694,0,2231
4,run3_initcall.txt,pstore_init,1.335887,0,9
4,run3_initcall.txt,init_root_keyring,1.338088,0,35
4,run3_initcall.txt,init_profile_hash,1.340268,0,0
4,run3_initcall.txt,integrity_fs_init,1.342435,0,7
4,run3_initcall.txt,crypto_algapi_init,1.34462,0,8
4,run3_initcall.txt,blk_timeout_init,1.346801,0,0
4,run3_initcall.txt,depot_debugfs_init,1.348959,0,22
4,run3_initcall.txt,pci_resource_alignment_sysfs_init,1.351151,0,6
4,run3_initcall.txt,pci_sysfs_init,1.353352,0,12
4,run3_initcall.txt,clk_debug_init,1.355971,0,410
4,run3_initcall.txt,genpd_debug_init,1.358594,0,402
4,run3_initcall.txt,sync_state_resume_initcall,1.360818,0,0
4,run3_initcall.txt,deferred_probe_initcall,1.428232,0,65183
4,run3_initcall.txt,efi_shutdown_init,1.430527,-19,0
4,run3_initcall.txt,efi_earlycon_unmap_fb,1.432611,0,0
4,run3_initcall.txt,psci_debugfs_init,1.43473,0,0
4,run3_initcall.txt,of_cfs_init,1.438943,0,2117
4,run3_initcall.txt,of_fdt_raw_init,1.441026,0,29
4,run3_initcall.txt,bpf_kfunc_init,1.443098,0,2
4,run3_initcall.txt,init_subsystem,1.44516,0,0
4,run3_initcall.txt,xdp_metadata_init,1.447222,0,0
4,run3_initcall.txt,bpf_sockmap_iter_init,1.449241,0,1
4,run3_initcall.txt,bpf_sk_storage_map_iter_init,1.451301,0,0
4,run3_initcall.txt,bpf_prog_test_run_init,1.453366,0,1
4,run3_initcall.txt,bpf_dummy_struct_ops_init,1.455417,0,0
4,run3_initcall.txt,tcp_congestion_default,1.457474,0,1
4,run3_initcall.txt,inet_blackhole_dev_init,1.459529,0,8
4,run3_initcall.txt,ip_auto_config,1.461577,0,9
4,run3_initcall.txt,tcp_bpf_v4_build_proto,1.463627,0,1
4,run3_initcall.txt,udp_bpf_v4_build_proto,1.465587,0,0
4,run3_initcall.txt,bpf_tcp_ca_kfunc_init,1.467579,0,0
4,run3_initcall.txt,bpf_mptcp_kfunc_init,1.469558,0,0
4,run3_initcall.txt,fb_logo_late_init,1.47254,0,0
4,run3_initcall.txt,amba_stub_drv_init,1.472575,0,27
4,run3_initcall.txt,clk_disable_unused,1.482368,0,4755
4,run3_initcall.txt,genpd_power_off_unused,1.485622,0,1098
4,run3_initcall.txt,regulator_init_complete,1.487852,0,1
4,run3_initcall.txt,of_platform_sync_state_init,1.490117,0,14
5,run4_initcall.txt,user_namespace_sysctl_init,0.045242,0,0
5,run4_initcall.txt,proc_schedstat_init,0.045272,0,0
5,run4_initcall.txt,init_rtmutex_sysctl,0.045289,0,0
5,run4_initcall.txt,pm_sysrq_init,0.04534,0,0
5,run4_initcall.txt,init_rcu_stall_sysctl,0.04536,0,0
5,run4_initcall.txt,init_module_sysctl,0.045377,0,0
5,run4_initcall.txt,create_proc_profile,0.045397,0,0
5,run4_initcall.txt,cgroup_sysfs_init,0.04542,0,0
5,run4_initcall.txt,user_namespaces_init,0.045445,0,0
5,run4_initcall.txt,hung_task_init,0.045548,0,0
5,run4_initcall.txt,dev_map_init,0.045569,0,0
5,run4_initcall.txt,netns_bpf_init,0.045588,0,0
5,run4_initcall.txt,oom_init,0.045649,0,0
5,run4_initcall.txt,init_user_buckets,0.045668,0,0
5,run4_initcall.txt,init_vm_util_sysctls,0.04569,0,0
5,run4_initcall.txt,default_bdi_init,0.045806,0,0
5,run4_initcall.txt,cgwb_init,0.045828,0,0
5,run4_initcall.txt,percpu_enable_async,0.045843,0,0
5,run4_initcall.txt,kcompactd_init,0.045947,0,0
5,run4_initcall.txt,init_mm_sysctl,0.045966,0,0
5,run4_initcall.txt,init_user_reserve,0.045983,0,0
5,run4_initcall.txt,init_admin_reserve,0.045998,0,0
5,run4_initcall.txt,init_reserve_notifier,0.046013,0,0
5,run4_initcall.txt,swap_init,0.046034,0,0
5,run4_initcall.txt,swapfile_init,0.046057,0,0
5,run4_initcall.txt,memory_tier_init,0.046104,0,0
5,run4_initcall.txt,numa_init_sysfs,0.046124,0,0
5,run4_initcall.txt,mem_cgroup_swap_init,0.04614,0,0
5,run4_initcall.txt,init_msg_buckets,0.046158,0,0
5,run4_initcall.txt,init_bio,0.046203,0,0
5,run4_initcall.txt,blk_ioc_init,0.046223,0,0
5,run4_initcall.txt,blk_mq_init,0.046241,0,0
5,run4_initcall.txt,genhd_device_init,0.046335,0,0
5,run4_initcall.txt,blkcg_punt_bio_init,0.046433,0,0
5,run4_initcall.txt,blk_integrity_auto_init,0.046518,0,0
5,run4_initcall.txt,io_wq_init,0.046539,0,0
5,run4_initcall.txt,crc_t10dif_mod_init,0.046565,0,0
5,run4_initcall.txt,sha256_mod_init,0.046585,0,0
5,run4_initcall.txt,sha512_mod_init,0.046602,0,0
5,run4_initcall.txt,sg_pool_init,0.046634,0,0
5,run4_initcall.txt,gpiolib_debugfs_init,0.046658,0,0
5,run4_initcall.txt,stmpe_gpio_init,0.046754,0,0
5,run4_initcall.txt,pwm_init,0.046782,0,0
5,run4_initcall.txt,leds_init,0.046814,0,0
5,run4_initcall.txt,pci_slot_init,0.046836,0,0
5,run4_initcall.txt,fbmem_init,0.046887,0,0
5,run4_initcall.txt,bcm2835_dma_init,0.047578,0,0
5,run4_initcall.txt,regulator_fixed_voltage_init,0.047656,0,0
5,run4_initcall.txt,gpio_regulator_init,0.047712,0,0
5,run4_initcall.txt,init_sysrq_sysctl,0.047736,0,0
5,run4_initcall.txt,misc_init,0.047766,0,0
5,run4_initcall.txt,iommu_subsys_init,0.047798,0,0
5,run4_initcall.txt,register_cpu_capacity_sysctl,0.048148,0,0
5,run4_initcall.txt,dma_buf_init,0.048233,0,0
5,run4_initcall.txt,dma_heap_init,0.048268,0,0
5,run4_initcall.txt,init_scsi,0.048362,0,0
5,run4_initcall.txt,mdio_bus_init,0.048393,0,0
5,run4_initcall.txt,phy_init,0.048437,0,0
5,run4_initcall.txt,usb_common_init,0.048458,0,0
5,run4_initcall.txt,usb_init,0.048565,0,0
5,run4_initcall.txt,usb_phy_generic_init,0.048709,0,0
5,run4_initcall.txt,usb_udc_init,0.048741,0,0
5,run4_initcall.txt,usb_roles_init,0.048761,0,0
5,run4_initcall.txt,input_init,0.048785,0,0
5,run4_initcall.txt,rtc_init,0.048803,0,0
5,run4_initcall.txt,rc_core_init,0.048831,0,0
5,run4_initcall.txt,pps_init,0.048868,0,0
5,run4_initcall.txt,ptp_init,0.048893,0,0
5,run4_initcall.txt,power_supply_class_init,0.048922,0,0
5,run4_initcall.txt,hwmon_init,0.048944,0,0
5,run4_initcall.txt,mmc_init,0.048991,0,0
5,run4_initcall.txt,dmi_init,0.049009,0,0
5,run4_initcall.txt,efisubsys_init,0.049027,0,0
5,run4_initcall.txt,arm_pmu_hp_init,0.049048,0,0
5,run4_initcall.txt,ras_init,0.049068,0,0
5,run4_initcall.txt,nvmem_init,0.049103,0,0
5,run4_initcall.txt,init_soundcore,0.049124,0,0
5,run4_initcall.txt,proto_init,0.049143,0,0
5,run4_initcall.txt,net_dev_init,0.049361,0,0
5,run4_initcall.txt,neigh_init,0.049381,0,0
5,run4_initcall.txt,fib_notifier_init,0.049401,0,0
5,run4_initcall.txt,netdev_genl_init,0.04944,0,0
5,run4_initcall.txt,page_pool_user_init,0.049458,0,0
5,run4_initcall.txt,fib_rules_init,0.049476,0,0
5,run4_initcall.txt,init_cgroup_netprio,0.049494,0,0
5,run4_initcall.txt,bpf_lwt_init,0.049511,0,0
5,run4_initcall.txt,pktsched_init,0.049531,0,0
5,run4_initcall.txt,tc_filter_init,0.049564,0,0
5,run4_initcall.txt,tc_action_init,0.049581,0,0
5,run4_initcall.txt,ethnl_init,0.049653,0,0
5,run4_initcall.txt,nexthop_init,0.049674,0,0
5,run4_initcall.txt,devlink_init,0.049752,0,0
5,run4_initcall.txt,wireless_nlevent_init,0.049773,0,0
5,run4_initcall.txt,vsprintf_init_hashval,0.049792,0,0
5,run4_initcall.txt,init_32bit_el0_mask,0.049807,0,0
5,run4_initcall.txt,vga_arb_device_init,0.049919,0,0
5,run4_initcall.txt,watchdog_init,0.050025,0,0
5,run4_initcall.txt,create_debug_debugfs_entry,0.050127,0,0
5,run4_initcall.txt,iomem_init_inode,0.050168,0,0
5,run4_initcall.txt,clocksource_done_booting,0.050219,0,14
5,run4_initcall.txt,bpf_init,0.050243,0,5
5,run4_initcall.txt,secretmem_init,0.050272,0,10
5,run4_initcall.txt,init_fs_stat_sysctls,0.050301,0,9
5,run4_initcall.txt,init_fs_exec_sysctls,0.05032,0,1
5,run4_initcall.txt,init_pipe_fs,0.050349,0,11
5,run4_initcall.txt,init_fs_namei_sysctls,0.05037,0,2
5,run4_initcall.txt,init_fs_dcache_sysctls,0.050394,0,6
5,run4_initcall.txt,init_fs_namespace_sysctls,0.050415,0,1
5,run4_initcall.txt,cgroup_writeback_init,0.050438,0,4
5,run4_initcall.txt,inotify_user_setup,0.05052,0,63
5,run4_initcall.txt,eventpoll_init,0.050604,0,61
5,run4_initcall.txt,anon_inode_init,0.050637,0,12
5,run4_initcall.txt,proc_locks_init,0.05066,0,3
5,run4_initcall.txt,backing_aio_init,0.05068,0,2
5,run4_initcall.txt,init_fs_coredump_sysctls,0.0507,0,6
5,run4_initcall.txt,init_vm_drop_caches_sysctls,0.050718,0,2
5,run4_initcall.txt,iomap_dio_init,0.050755,0,22
5,run4_initcall.txt,iomap_ioend_init,0.050791,0,21
5,run4_initcall.txt,dquot_init,0.050888,0,81
5,run4_initcall.txt,proc_cmdline_init,0.050906,0,2
5,run4_initcall.txt,proc_consoles_init,0.050923,0,1
5,run4_initcall.txt,proc_cpuinfo_init,0.050938,0,1
5,run4_initcall.txt,proc_devices_init,0.050953,0,0
5,run4_initcall.txt,proc_interrupts_init,0.050969,0,1
5,run4_initcall.txt,proc_loadavg_init,0.050987,0,3
5,run4_initcall.txt,proc_meminfo_init,0.051002,0,1
5,run4_initcall.txt,proc_stat_init,0.051017,0,1
5,run4_initcall.txt,proc_uptime_init,0.051033,0,1
5,run4_initcall.txt,proc_version_init,0.051048,0,0
5,run4_initcall.txt,proc_softirqs_init,0.051064,0,0
5,run4_initcall.txt,proc_kmsg_init,0.051079,0,1
5,run4_initcall.txt,proc_page_init,0.051096,0,2
5,run4_initcall.txt,init_ramfs_fs,0.051112,0,1
5,run4_initcall.txt,aa_create_aafs,0.051128,0,0
5,run4_initcall.txt,chr_dev_init,0.05396,0,2813
5,run4_initcall.txt,hwrng_modinit,0.05404,0,50
5,run4_initcall.txt,firmware_class_init,0.054063,0,1
5,run4_initcall.txt,sysctl_core_init,0.054109,0,27
5,run4_initcall.txt,eth_offload_init,0.054126,0,0
5,run4_initcall.txt,ipv4_offload_init,0.054144,0,1
5,run4_initcall.txt,inet_init,0.057968,0,3807
5,run4_initcall.txt,af_unix_init,0.058023,0,21
5,run4_initcall.txt,ipv6_offload_init,0.058045,0,1
5,run4_initcall.txt,init_sunrpc,0.058422,0,359
5,run4_initcall.txt,vlan_offload_init,0.058442,0,0
5,run4_initcall.txt,pci_apply_final_quirks,0.058473,0,11
5,run4_initcall.txt,populate_rootfs,0.058501,0,6
5,run4_initcall.txt,register_arm64_panic_block,0.058613,0,0
5,run4_initcall.txt,cpuinfo_regs_init,0.058721,0,92
5,run4_initcall.txt,aarch32_el0_sysfs_init,0.058739,0,0
5,run4_initcall.txt,kvm_arm_init,0.062285,0,3525
5,run4_initcall.txt,proc_execdomains_init,0.062329,0,4
5,run4_initcall.txt,register_warn_debugfs,0.062354,0,5
5,run4_initcall.txt,cpuhp_sysfs_init,0.062402,0,29
5,run4_initcall.txt,ioresources_init,0.062426,0,4
5,run4_initcall.txt,psi_proc_init,0.062444,0,0
5,run4_initcall.txt,irq_gc_init_ops,0.062461,0,0
5,run4_initcall.txt,irq_debugfs_init,0.062547,0,71
5,run4_initcall.txt,proc_modules_init,0.062574,0,2
5,run4_initcall.txt,timer_sysctl_init,0.062598,0,7
5,run4_initcall.txt,timekeeping_init_ops,0.062614,0,0
5,run4_initcall.txt,init_clocksource_sysfs,0.06269,0,59
5,run4_initcall.txt,init_timer_list_procfs,0.06271,0,1
5,run4_initcall.txt,alarmtimer_init,0.062781,0,54
5,run4_initcall.txt,clockevents_init_sysfs,0.062914,0,115
5,run4_initcall.txt,sched_clock_syscore_init,0.062933,0,0
5,run4_initcall.txt,kallsyms_init,0.062954,0,1
5,run4_initcall.txt,pid_namespaces_init,0.062997,0,25
5,run4_initcall.txt,audit_watch_init,0.063017,0,1
5,run4_initcall.txt,audit_fsnotify_init,0.063034,0,0
5,run4_initcall.txt,audit_tree_init,0.063054,0,2
5,run4_initcall.txt,seccomp_sysctl_init,0.063077,0,4
5,run4_initcall.txt,utsname_sysctl_init,0.063101,0,6
5,run4_initcall.txt,init_lstats_procfs,0.063122,0,3
5,run4_initcall.txt,perf_event_sysfs_init,0.063192,0,50
5,run4_initcall.txt,system_trusted_keyring_init,0.063228,0,15
5,run4_initcall.txt,kswapd_init,0.06342,0,171
5,run4_initcall.txt,extfrag_debug_init,0.063448,0,8
5,run4_initcall.txt,mm_compute_batch_init,0.063465,0,0
5,run4_initcall.txt,slab_proc_init,0.063483,0,1
5,run4_initcall.txt,workingset_init,0.063507,0,8
5,run4_initcall.txt,proc_vmalloc_init,0.063523,0,1
5,run4_initcall.txt,memblock_init_debugfs,0.063556,0,17
5,run4_initcall.txt,slab_debugfs_init,0.063579,0,5
5,run4_initcall.txt,procswaps_init,0.063597,0,1
5,run4_initcall.txt,zs_init,0.063614,0,0
5,run4_initcall.txt,fcntl_init,0.063633,0,2
5,run4_initcall.txt,proc_filesystems_init,0.063652,0,1
5,run4_initcall.txt,start_dirtytime_writeback,0.063676,0,4
5,run4_initcall.txt,dio_init,0.063696,0,1
5,run4_initcall.txt,dnotify_init,0.063727,0,13
5,run4_initcall.txt,fanotify_user_setup,0.063755,0,9
5,run4_initcall.txt,aio_setup,0.063814,0,40
5,run4_initcall.txt,mbcache_init,0.063838,0,6
5,run4_initcall.txt,init_grace,0.063855,0,2
5,run4_initcall.txt,init_devpts_fs,0.063876,0,7
5,run4_initcall.txt,ext4_init_fs,0.063969,0,77
5,run4_initcall.txt,journal_init,0.064001,0,15
5,run4_initcall.txt,init_fat_fs,0.064024,0,8
5,run4_initcall.txt,init_vfat_fs,0.06404,0,1
5,run4_initcall.txt,init_msdos_fs,0.064055,0,0
5,run4_initcall.txt,init_nfs_fs,0.064207,0,137
5,run4_initcall.txt,init_nfs_v2,0.064226,0,0
5,run4_initcall.txt,init_nfs_v3,0.064243,0,0
5,run4_initcall.txt,init_nfs_v4,0.064288,0,31
5,run4_initcall.txt,nfs4filelayout_init,0.064311,0,6
5,run4_initcall.txt,nfs4flexfilelayout_init,0.064333,0,6
5,run4_initcall.txt,init_nlm,0.064377,0,29
5,run4_initcall.txt,init_nls_cp437,0.064395,0,1
5,run4_initcall.txt,init_nls_ascii,0.06441,0,0
5,run4_initcall.txt,init_autofs_fs,0.064514,0,89
5,run4_initcall.txt,init_f2fs_fs,0.06465,0,118
5,run4_initcall.txt,ipc_init,0.06468,0,12
5,run4_initcall.txt,ipc_sysctl_init,0.064713,0,17
5,run4_initcall.txt,init_mqueue_fs,0.064765,0,36
5,run4_initcall.txt,key_proc_init,0.064785,0,2
5,run4_initcall.txt,bpf_crypto_skcipher_init,0.064803,0,0
5,run4_initcall.txt,dh_init,0.064823,0,3
5,run4_initcall.txt,rsa_init,0.06484,0,1
5,run4_initcall.txt,cryptomgr_init,0.064858,0,0
5,run4_initcall.txt,hmac_module_init,0.064875,0,0
5,run4_initcall.txt,crypto_sha256_mod_init,0.064897,0,5
5,run4_initcall.txt,crypto_ecb_module_init,0.064914,0,0
5,run4_initcall.txt,crypto_cbc_module_init,0.064931,0,0
5,run4_initcall.txt,crypto_cts_module_init,0.064948,0,0
5,run4_initcall.txt,xts_module_init,0.064965,0,0
5,run4_initcall.txt,des_generic_mod_init,0.064983,0,1
5,run4_initcall.txt,aes_init,0.065001,0,0
5,run4_initcall.txt,lzo_mod_init,0.065019,0,1
5,run4_initcall.txt,lzorle_mod_init,0.065036,0,0
5,run4_initcall.txt,asymmetric_key_init,0.065058,0,5
5,run4_initcall.txt,x509_key_init,0.065082,0,6
5,run4_initcall.txt,crypto_kdf108_init,0.065098,0,0
5,run4_initcall.txt,blkdev_init,0.065129,0,14
5,run4_initcall.txt,proc_genhd_init,0.065149,0,2
5,run4_initcall.txt,bsg_init,0.065183,0,15
5,run4_initcall.txt,throtl_init,0.065269,0,69
5,run4_initcall.txt,deadline_init,0.065294,0,6
5,run4_initcall.txt,kyber_init,0.065317,0,5
5,run4_initcall.txt,bfq_init,0.065353,0,20
5,run4_initcall.txt,io_uring_init,0.065391,0,20
5,run4_initcall.txt,btree_module_init,0.065412,0,2
5,run4_initcall.txt,percpu_counter_startup,0.065474,0,42
5,run4_initcall.txt,audit_classes_init,0.065496,0,2
5,run4_initcall.txt,gicv5_iwb_platform_driver_init,0.065597,0,82
5,run4_initcall.txt,mip_msi_driver_init,0.065656,0,39
5,run4_initcall.txt,bcm7038_l1_driver_init,0.065709,0,33
5,run4_initcall.txt,bcm7120_l2_driver_init,0.065767,0,38
5,run4_initcall.txt,brcmstb_l2_driver_init,0.066039,0,252
5,run4_initcall.txt,simple_pm_bus_driver_init,0.066561,0,499
5,run4_initcall.txt,phy_core_init,0.066661,0,76
5,run4_initcall.txt,brcm_usb_driver_init,0.066747,0,66
5,run4_initcall.txt,rp1_pinctrl_driver_init,0.0668,0,33
5,run4_initcall.txt,bcm2835_pinctrl_driver_init,0.067684,0,863
5,run4_initcall.txt,bcm2712_pinctrl_driver_init,0.067773,0,59
5,run4_initcall.txt,brcmvirt_gpio_driver_init,0.067833,0,39
5,run4_initcall.txt,brcmstb_gpio_driver_init,0.067888,0,34
5,run4_initcall.txt,rpi_exp_gpio_driver_init,0.068373,0,465
5,run4_initcall.txt,brcmstb_pwm_driver_init,0.068435,0,40
5,run4_initcall.txt,rp1_pwm_driver_init,0.068491,0,34
5,run4_initcall.txt,gpio_led_driver_init,0.070256,0,1745
5,run4_initcall.txt,led_pwm_driver_init,0.07032,0,42
5,run4_initcall.txt,timer_led_trigger_init,0.070341,0,1
5,run4_initcall.txt,oneshot_led_trigger_init,0.070363,0,1
5,run4_initcall.txt,heartbeat_trig_init,0.070382,0,2
5,run4_initcall.txt,bl_led_trigger_init,0.070397,0,0
5,run4_initcall.txt,ledtrig_cpu_init,0.070464,0,52
5,run4_initcall.txt,defon_led_trigger_init,0.070509,0,30
5,run4_initcall.txt,input_trig_init,0.070525,0,1
5,run4_initcall.txt,ledtrig_panic_init,0.070541,0,1
5,run4_initcall.txt,actpwr_trig_init,0.070691,0,135
5,run4_initcall.txt,pcie_portdrv_init,0.070764,0,56
5,run4_initcall.txt,pci_proc_init,0.07079,0,10
5,run4_initcall.txt,brcm_pcie_driver_init,0.183108,0,112302
5,run4_initcall.txt,bcm2708_fb_init,0.183187,0,58
5,run4_initcall.txt,simplefb_driver_init,0.190042,0,6832
5,run4_initcall.txt,of_fixed_factor_clk_driver_init,0.190128,0,36
5,run4_initcall.txt,of_fixed_clk_driver_init,0.190218,0,41
5,run4_initcall.txt,gpio_clk_driver_init,0.190312,0,46
5,run4_initcall.txt,gated_fixed_clk_driver_init,0.190395,0,35
5,run4_initcall.txt,rp1_clk_driver_init,0.190476,0,34
5,run4_initcall.txt,rp1_sdio_clk_driver_init,0.190555,0,34
5,run4_initcall.txt,clk_dvp_driver_init,0.190734,0,133
5,run4_initcall.txt,bcm2835_aux_clk_driver_init,0.190845,0,62
5,run4_initcall.txt,raspberrypi_clk_driver_init,0.206381,0,15486
5,run4_initcall.txt,dw_driver_init,0.206478,0,48
5,run4_initcall.txt,bcm2835_power_driver_init,0.206546,0,22
5,run4_initcall.txt,rpi_power_driver_init,0.224799,0,18203
5,run4_initcall.txt,brcmstb_reset_driver_init,0.226831,0,42
5,run4_initcall.txt,brcm_rescal_reset_driver_init,0.228838,0,36
5,run4_initcall.txt,rpi_reset_driver_init,0.231877,0,1070
5,run4_initcall.txt,reset_simple_driver_init,0.233939,0,83
5,run4_initcall.txt,n_null_init,0.235894,0,0
5,run4_initcall.txt,pty_init,0.237933,0,77
5,run4_initcall.txt,sysrq_init,0.239916,0,12
5,run4_initcall.txt,serial8250_init,0.241879,-19,0
5,run4_initcall.txt,bcm2835aux_serial_driver_init,0.243895,0,44
5,run4_initcall.txt,brcmuart_init,0.2459,0,54
5,run4_initcall.txt,exar_pci_driver_init,0.247897,0,26
5,run4_initcall.txt,of_platform_serial_driver_init,0.249956,0,96
5,run4_initcall.txt,serial_pci_driver_init,0.251894,0,30
5,run4_initcall.txt,pericom8250_pci_driver_init,0.253855,0,17
5,run4_initcall.txt,init_kgdboc,0.25684,0,1039
5,run4_initcall.txt,random_sysctls_init,0.258784,0,12
5,run4_initcall.txt,ttyprintk_init,0.260797,0,58
5,run4_initcall.txt,bcm2835_rng_driver_init,0.26282,0,61
5,run4_initcall.txt,bcm74110_rng_driver_init,0.264864,0,37
5,run4_initcall.txt,iproc_rng200_driver_init,0.269135,0,2226
5,run4_initcall.txt,smccc_trng_driver_init,0.271294,0,27
5,run4_initcall.txt,vc_mem_init,0.27468,0,1220
5,run4_initcall.txt,vcio_driver_init,0.278365,0,1439
5,run4_initcall.txt,bcm2712_iommu_driver_init,0.28073,0,41
5,run4_initcall.txt,bcm2712_iommu_cache_driver_init,0.283134,0,41
5,run4_initcall.txt,topology_sysfs_init,0.285561,0,59
5,run4_initcall.txt,cacheinfo_sysfs_init,0.288255,0,251
5,run4_initcall.txt,devcoredump_init,0.290724,0,8
5,run4_initcall.txt,brd_init,0.297941,0,4803
5,run4_initcall.txt,loop_init,0.304031,0,3660
5,run4_initcall.txt,bcm2835_pm_driver_init,0.307756,0,1329
5,run4_initcall.txt,stmpe_i2c_driver_init,0.310148,0,13
5,run4_initcall.txt,stmpe_spi_driver_init,0.312539,0,12
5,run4_initcall.txt,rp1_driver_init,0.314938,0,27
5,run4_initcall.txt,system_heap_create,0.317383,0,76
5,run4_initcall.txt,add_default_cma_heap,0.319844,0,82
5,run4_initcall.txt,udmabuf_dev_init,0.32227,0,39
5,run4_initcall.txt,iscsi_transport_init,0.326058,0,1405
5,run4_initcall.txt,init_sd,0.328493,0,26
5,run4_initcall.txt,nvme_core_init,0.331157,0,266
5,run4_initcall.txt,nvme_init,0.333576,0,25
5,run4_initcall.txt,blackhole_netdev_init,0.335955,0,19
5,run4_initcall.txt,netkit_init,0.338339,0,6
5,run4_initcall.txt,phylink_init,0.340717,0,0
5,run4_initcall.txt,phy_module_init,0.343269,0,176
5,run4_initcall.txt,phy_module_init,0.345824,0,185
5,run4_initcall.txt,fixed_mdio_bus_init,0.348357,0,148
5,run4_initcall.txt,phy_module_init,0.350888,0,170
5,run4_initcall.txt,phy_module_init,0.353265,0,19
5,run4_initcall.txt,phy_module_init,0.355667,0,63
5,run4_initcall.txt,unimac_mdio_driver_init,0.358113,0,119
5,run4_initcall.txt,macb_driver_init,0.360566,0,117
5,run4_initcall.txt,bcmgenet_driver_init,0.559225,0,196341
5,run4_initcall.txt,bcmasp_driver_init,0.561627,0,80
5,run4_initcall.txt,lan78xx_driver_init,0.565168,0,1204
5,run4_initcall.txt,smsc95xx_driver_init,0.568719,0,1193
5,run4_initcall.txt,usbnet_init,0.571089,0,0
5,run4_initcall.txt,xhci_hcd_init,0.573463,0,12
5,run4_initcall.txt,xhci_pci_init,0.701186,0,125359
5,run4_initcall.txt,xhci_plat_init,0.703582,0,118
5,run4_initcall.txt,dwc_otg_driver_init,0.710361,0,4526
5,run4_initcall.txt,dwc_common_port_init_module,0.713816,0,1223
5,run4_initcall.txt,dwc3_driver_init,0.71611,0,58
5,run4_initcall.txt,dwc3_haps_driver_init,0.718328,0,24
5,run4_initcall.txt,dwc3_of_simple_driver_init,0.720613,0,59
5,run4_initcall.txt,dwc3_generic_driver_init,0.722867,0,39
5,run4_initcall.txt,dwc2_platform_driver_init,0.725219,0,146
5,run4_initcall.txt,uas_init,0.728609,0,1186
5,run4_initcall.txt,usb_storage_driver_init,0.73191,0,1106
5,run4_initcall.txt,brcmstb_usb_pinmap_init,0.734127,-19,65
5,run4_initcall.txt,bdc_driver_init,0.736348,0,44
5,run4_initcall.txt,input_leds_init,0.738555,0,1
5,run4_initcall.txt,mousedev_init,0.741948,0,1203
5,run4_initcall.txt,evdev_init,0.744187,0,0
5,run4_initcall.txt,brcmstb_waketmr_driver_init,0.746453,0,45
5,run4_initcall.txt,rpi_rtc_driver_init,0.748723,0,39
5,run4_initcall.txt,init_rc_map_adstech_dvb_t_pci,0.750922,0,0
5,run4_initcall.txt,init_rc_map_alink_dtu_m,0.753131,0,0
5,run4_initcall.txt,init_rc_map_anysee,0.755352,0,0
5,run4_initcall.txt,init_rc_map_apac_viewcomp,0.757589,0,0
5,run4_initcall.txt,init_rc_map_t2hybrid,0.759842,0,0
5,run4_initcall.txt,init_rc_map_asus_pc39,0.762077,0,0
5,run4_initcall.txt,init_rc_map_asus_ps3_100,0.76431,0,0
5,run4_initcall.txt,init_rc_map_ati_tv_wonder_hd_600,0.766549,0,0
5,run4_initcall.txt,init_rc_map_ati_x10,0.768755,0,0
5,run4_initcall.txt,init_rc_map_avermedia_a16d,0.771018,0,0
5,run4_initcall.txt,init_rc_map_avermedia_cardbus,0.773282,0,0
5,run4_initcall.txt,init_rc_map_avermedia_dvbt,0.775533,0,0
5,run4_initcall.txt,init_rc_map_avermedia_m135a,0.777783,0,0
5,run4_initcall.txt,init_rc_map_avermedia_m733a_rm_k6,0.780059,0,0
5,run4_initcall.txt,init_rc_map_avermedia,0.782333,0,0
5,run4_initcall.txt,init_rc_map_avermedia_rm_ks,0.784552,0,0
5,run4_initcall.txt,init_rc_map_avertv_303,0.786821,0,0
5,run4_initcall.txt,init_rc_map_azurewave_ad_tu700,0.789086,0,0
5,run4_initcall.txt,init_rc_map_beelink_gs1,0.791343,0,0
5,run4_initcall.txt,init_rc_map_beelink_mxiii,0.793598,0,0
5,run4_initcall.txt,init_rc_map_behold_columbus,0.795868,0,0
5,run4_initcall.txt,init_rc_map_behold,0.798121,0,0
5,run4_initcall.txt,init_rc_map_budget_ci_old,0.800628,0,0
5,run4_initcall.txt,init_rc_map_cinergy_1400,0.802852,0,0
5,run4_initcall.txt,init_rc_map_cinergy,0.805072,0,0
5,run4_initcall.txt,init_rc_map_ct_90405,0.807286,0,0
5,run4_initcall.txt,init_rc_map_d680_dmb,0.809488,0,0
5,run4_initcall.txt,init_rc_map_delock_61959,0.811723,0,0
5,run4_initcall.txt,init_rc_map,0.813904,0,0
5,run4_initcall.txt,init_rc_map,0.816286,0,0
5,run4_initcall.txt,init_rc_map_digitalnow_tinytwin,0.818518,0,0
5,run4_initcall.txt,init_rc_map_digittrade,0.820811,0,0
5,run4_initcall.txt,init_rc_map_dm1105_nec,0.823002,0,0
5,run4_initcall.txt,init_rc_map_dntv_live_dvb_t,0.825159,0,0
5,run4_initcall.txt,init_rc_map_dntv_live_dvbt_pro,0.82733,0,0
5,run4_initcall.txt,init_rc_map_dreambox,0.829498,0,0
5,run4_initcall.txt,init_rc_map_dtt200u,0.831775,0,0
5,run4_initcall.txt,init_rc_map_rc5_dvbsky,0.833918,0,0
5,run4_initcall.txt,init_rc_map_dvico_mce,0.83617,0,0
5,run4_initcall.txt,init_rc_map_dvico_portable,0.838337,0,0
5,run4_initcall.txt,init_rc_map_em_terratec,0.840479,0,0
5,run4_initcall.txt,init_rc_map_encore_enltv2,0.84263,0,0
5,run4_initcall.txt,init_rc_map_encore_enltv_fm53,0.844796,0,0
5,run4_initcall.txt,init_rc_map_encore_enltv,0.846965,0,0
5,run4_initcall.txt,init_rc_map_evga_indtube,0.849115,0,0
5,run4_initcall.txt,init_rc_map_eztv,0.85122,0,0
5,run4_initcall.txt,init_rc_map_flydvb,0.853352,0,0
5,run4_initcall.txt,init_rc_map_flyvideo,0.855477,0,0
5,run4_initcall.txt,init_rc_map_fusionhdtv_mce,0.857598,0,0
5,run4_initcall.txt,init_rc_map_gadmei_rm008z,0.859717,0,0
5,run4_initcall.txt,init_rc_map_geekbox,0.861821,0,0
5,run4_initcall.txt,init_rc_map_genius_tvgo_a11mce,0.863929,0,0
5,run4_initcall.txt,init_rc_map_gotview7135,0.86603,0,0
5,run4_initcall.txt,init_rc_map_rc5_hauppauge_new,0.868105,0,0
5,run4_initcall.txt,init_rc_map_hisi_poplar,0.870222,0,0
5,run4_initcall.txt,init_rc_map_hisi_tv_demo,0.872348,0,0
5,run4_initcall.txt,init_rc_map_imon_mce,0.874467,0,0
5,run4_initcall.txt,init_rc_map_imon_pad,0.876589,0,0
5,run4_initcall.txt,init_rc_map_imon_rsc,0.878703,0,0
5,run4_initcall.txt,init_rc_map_iodata_bctv7e,0.880795,0,0
5,run4_initcall.txt,init_rc_it913x_v1_map,0.882899,0,0
5,run4_initcall.txt,init_rc_it913x_v2_map,0.884955,0,0
5,run4_initcall.txt,init_rc_map_kaiomy,0.887141,0,0
5,run4_initcall.txt,init_rc_map_khadas,0.88923,0,0
5,run4_initcall.txt,init_rc_map_khamsin,0.891323,0,0
5,run4_initcall.txt,init_rc_map_kworld_315u,0.89339,0,0
5,run4_initcall.txt,init_rc_map_kworld_pc150u,0.895457,0,0
5,run4_initcall.txt,init_rc_map_kworld_plus_tv_analog,0.897531,0,0
5,run4_initcall.txt,init_rc_map_leadtek_y04g0051,0.899648,0,0
5,run4_initcall.txt,init_rc_lme2510_map,0.901694,0,0
5,run4_initcall.txt,init_rc_map_manli,0.903784,0,0
5,run4_initcall.txt,init_rc_map_mecool_kiii_pro,0.905884,0,0
5,run4_initcall.txt,init_rc_map_mecool_kii_pro,0.907986,0,0
5,run4_initcall.txt,init_rc_map_medion_x10_digitainer,0.91008,0,0
5,run4_initcall.txt,init_rc_map_medion_x10,0.912187,0,0
5,run4_initcall.txt,init_rc_map_medion_x10_or2x,0.91429,0,0
5,run4_initcall.txt,init_rc_map_minix_neo,0.916388,0,0
5,run4_initcall.txt,init_rc_map_msi_digivox_iii,0.91847,0,0
5,run4_initcall.txt,init_rc_map_msi_digivox_ii,0.9206,0,0
5,run4_initcall.txt,init_rc_map_msi_tvanywhere,0.922723,0,0
5,run4_initcall.txt,init_rc_map_msi_tvanywhere_plus,0.924833,0,0
5,run4_initcall.txt,init_rc_map_mygica_utv3,0.926943,0,0
5,run4_initcall.txt,init_rc_map_nebula,0.929056,0,0
5,run4_initcall.txt,init_rc_map_nec_terratec_cinergy_xs,0.931157,0,0
5,run4_initcall.txt,init_rc_map_norwood,0.933263,0,0
5,run4_initcall.txt,init_rc_map_npgtech,0.935325,0,0
5,run4_initcall.txt,init_rc_map_odroid,0.937416,0,0
5,run4_initcall.txt,init_rc_map_pctv_sedna,0.939497,0,0
5,run4_initcall.txt,init_rc_map_pine64,0.941581,0,0
5,run4_initcall.txt,init_rc_map_pinnacle_color,0.94488,0,0
5,run4_initcall.txt,init_rc_map_pinnacle_grey,0.947061,0,0
5,run4_initcall.txt,init_rc_map_pinnacle_pctv_hd,0.94917,0,0
5,run4_initcall.txt,init_rc_map_pixelview,0.951244,0,0
5,run4_initcall.txt,init_rc_map_pixelview,0.953364,0,0
5,run4_initcall.txt,init_rc_map_pixelview_new,0.955486,0,0
5,run4_initcall.txt,init_rc_map_pixelview,0.957648,0,0
5,run4_initcall.txt,init_rc_map_powercolor_real_angel,0.95978,0,0
5,run4_initcall.txt,init_rc_map_proteus_2309,0.961911,0,0
5,run4_initcall.txt,init_rc_map_purpletv,0.96404,0,0
5,run4_initcall.txt,init_rc_map_pv951,0.966155,0,0
5,run4_initcall.txt,init_rc_map_rc6_mce,0.968237,0,0
5,run4_initcall.txt,init_rc_map_real_audio_220_32_keys,0.970359,0,0
5,run4_initcall.txt,init_rc_map_reddo,0.97248,0,0
5,run4_initcall.txt,init_rc_map_siemens_gigaset_rc20,0.974618,0,0
5,run4_initcall.txt,init_rc_map_snapstream_firefly,0.976763,0,0
5,run4_initcall.txt,init_rc_map_streamzap,0.978915,0,0
5,run4_initcall.txt,init_rc_map_su3000,0.981071,0,0
5,run4_initcall.txt,init_rc_map_tanix_tx3mini,0.983221,0,0
5,run4_initcall.txt,init_rc_map_tanix_tx5max,0.985326,0,0
5,run4_initcall.txt,init_rc_map_tbs_nec,0.987492,0,0
5,run4_initcall.txt,init_rc_map,0.989665,0,0
5,run4_initcall.txt,init_rc_map,0.991846,0,0
5,run4_initcall.txt,init_rc_map_terratec_cinergy_c_pci,0.994022,0,0
5,run4_initcall.txt,init_rc_map_terratec_cinergy_s2_hd,0.996203,0,0
5,run4_initcall.txt,init_rc_map_terratec_cinergy_xs,0.998376,0,0
5,run4_initcall.txt,init_rc_map_terratec_slim_2,1.000529,0,0
5,run4_initcall.txt,init_rc_map_terratec_slim,1.002681,0,0
5,run4_initcall.txt,init_rc_map_tevii_nec,1.00486,0,0
5,run4_initcall.txt,init_rc_map_tivo,1.007107,0,0
5,run4_initcall.txt,init_rc_map_total_media_in_hand_02,1.00931,0,0
5,run4_initcall.txt,init_rc_map_total_media_in_hand,1.011496,0,0
5,run4_initcall.txt,init_rc_map_trekstor,1.013677,0,0
5,run4_initcall.txt,init_rc_map_tt_1500,1.015851,0,0
5,run4_initcall.txt,init_rc_map_twinhan_vp1027,1.017976,0,0
5,run4_initcall.txt,init_rc_map_twinhan_dtv_cab_ci,1.020163,0,0
5,run4_initcall.txt,init_rc_map_vega_s9x,1.022354,0,0
5,run4_initcall.txt,init_rc_map_videomate_k100,1.024532,0,0
5,run4_initcall.txt,init_rc_map_videomate_s350,1.026714,0,0
5,run4_initcall.txt,init_rc_map_videomate_tv_pvr,1.028878,0,0
5,run4_initcall.txt,init_rc_map_kii_pro,1.031026,0,0
5,run4_initcall.txt,init_rc_map_wetek_hub,1.033181,0,0
5,run4_initcall.txt,init_rc_map_wetek_play2,1.035301,0,0
5,run4_initcall.txt,init_rc_map_winfast,1.037458,0,0
5,run4_initcall.txt,init_rc_map_winfast_usbii_deluxe,1.039766,0,0
5,run4_initcall.txt,init_rc_map_x96max,1.041932,0,0
5,run4_initcall.txt,init_rc_map,1.044089,0,0
5,run4_initcall.txt,init_rc_map,1.046231,0,0
5,run4_initcall.txt,init_rc_map_zx_irdec,1.048372,0,0
5,run4_initcall.txt,ptp_kvm_init,1.05055,-95,0
5,run4_initcall.txt,gpio_poweroff_driver_init,1.052745,0,85
5,run4_initcall.txt,bcm2711_thermal_driver_init,1.056262,0,1369
5,run4_initcall.txt,bcm2835_thermal_driver_init,1.058489,0,54
5,run4_initcall.txt,bcm2835_wdt_driver_init,1.060685,0,26
5,run4_initcall.txt,dt_cpufreq_platdrv_init,1.062948,0,27
5,run4_initcall.txt,brcm_avs_cpufreq_platdrv_init,1.065341,0,42
5,run4_initcall.txt,raspberrypi_cpufreq_driver_init,1.070484,0,2945
5,run4_initcall.txt,mmc_pwrseq_simple_driver_init,1.072781,0,63
5,run4_initcall.txt,mmc_pwrseq_emmc_driver_init,1.075192,0,42
5,run4_initcall.txt,mmc_blk_init,1.077483,0,30
5,run4_initcall.txt,sdhci_drv_init,1.08233,0,2430
5,run4_initcall.txt,bcm2835_mmc_driver_init,1.08602,0,1287
5,run4_initcall.txt,bcm2835_driver_init,1.092002,0,73
5,run4_initcall.txt,sdhci_pltfm_drv_init,1.09791,0,2343
5,run4_initcall.txt,sdhci_iproc_driver_init,1.100381,0,99
5,run4_initcall.txt,sdhci_brcmstb_driver_init,1.10046,0,65
5,run4_initcall.txt,esrt_sysfs_init,1.100473,-38,0
5,run4_initcall.txt,smccc_devices_init,1.100488,0,1
5,run4_initcall.txt,smccc_soc_init,1.100499,0,1
5,run4_initcall.txt,arch_timer_mmio_drv_init,1.100544,0,37
5,run4_initcall.txt,arch_timer_mmio_acpi_drv_init,1.100576,0,23
5,run4_initcall.txt,hid_init,1.100681,0,96
5,run4_initcall.txt,hid_generic_init,1.100721,0,30
5,run4_initcall.txt,hid_init,1.100765,0,36
5,run4_initcall.txt,vchiq_driver_init,1.111974,0,11200
5,run4_initcall.txt,bcm74110_mbox_driver_init,1.137324,0,77
5,run4_initcall.txt,extcon_class_init,1.139624,0,8
5,run4_initcall.txt,armv8_pmu_driver_init,1.144853,0,2950
5,run4_initcall.txt,binder_init,1.147226,0,56
5,run4_initcall.txt,rpi_otp_driver_init,1.153215,0,3711
5,run4_initcall.txt,sock_diag_init,1.155501,0,45
5,run4_initcall.txt,blackhole_init,1.157725,0,1
5,run4_initcall.txt,cls_bpf_init_mod,1.159958,0,0
5,run4_initcall.txt,gre_offload_init,1.162142,0,0
5,run4_initcall.txt,sysctl_ipv4_init,1.16439,0,72
5,run4_initcall.txt,cubictcp_register,1.166564,0,2
5,run4_initcall.txt,packet_init,1.169789,0,1093
5,run4_initcall.txt,init_rpcsec_gss,1.172003,0,16
5,run4_initcall.txt,init_kerberos_module,1.174188,0,6
5,run4_initcall.txt,dcbnl_init,1.176377,0,2
5,run4_initcall.txt,init_dns_resolver,1.179619,0,1080
5,run4_initcall.txt,handshake_init,1.18187,0,58
5,run4_initcall.txt,check_mmu_enabled_at_boot,1.184137,0,0
5,run4_initcall.txt,finalize_pkvm,1.186345,0,0
5,run4_initcall.txt,kernel_do_mounts_initrd_sysctls_init,1.189722,0,5
5,run4_initcall.txt,kernel_panic_sysctls_init,1.191959,0,12
5,run4_initcall.txt,kernel_panic_sysfs_init,1.194165,0,5
5,run4_initcall.txt,kernel_exit_sysctls_init,1.196447,0,2
5,run4_initcall.txt,kernel_exit_sysfs_init,1.198731,0,3
5,run4_initcall.txt,param_sysfs_builtin_init,1.210619,0,9670
5,run4_initcall.txt,reboot_ksysfs_init,1.212995,0,18
5,run4_initcall.txt,sched_core_sysctl_init,1.215444,0,4
5,run4_initcall.txt,sched_fair_sysctl_init,1.21768,0,1
5,run4_initcall.txt,sched_rt_sysctl_init,1.219951,0,3
5,run4_initcall.txt,sched_dl_sysctl_init,1.222184,0,2
5,run4_initcall.txt,sched_init_debug,1.225221,0,83
5,run4_initcall.txt,cpu_latency_qos_init,1.22757,0,144
5,run4_initcall.txt,printk_late_init,1.229778,0,22
5,run4_initcall.txt,init_srcu_module_notifier,1.232031,0,1
5,run4_initcall.txt,kernel_rcu_stall_sysfs_init,1.234243,0,3
5,run4_initcall.txt,swiotlb_create_default_debugfs,1.236506,0,11
5,run4_initcall.txt,tk_debug_sleep_time_init,1.238914,0,4
5,run4_initcall.txt,bpf_ksym_iter_register,1.241207,0,1
5,run4_initcall.txt,kernel_acct_sysctls_init,1.243515,0,4
5,run4_initcall.txt,bpf_rstat_kfunc_init,1.245813,0,1
5,run4_initcall.txt,debugfs_kprobe_init,1.248129,0,8
5,run4_initcall.txt,kernel_delayacct_sysctls_init,1.250425,0,3
5,run4_initcall.txt,taskstats_init,1.253825,0,1149
5,run4_initcall.txt,bpf_global_ma_init,1.256233,0,112
5,run4_initcall.txt,bpf_syscall_sysctl_init,1.258535,0,4
5,run4_initcall.txt,unbound_reg_init,1.260805,0,0
5,run4_initcall.txt,kfunc_init,1.263083,0,1
5,run4_initcall.txt,bpf_map_iter_init,1.265347,0,0
5,run4_initcall.txt,init_subsystem,1.267586,0,0
5,run4_initcall.txt,task_iter_init,1.269836,0,1
5,run4_initcall.txt,bpf_prog_iter_init,1.27209,0,0
5,run4_initcall.txt,bpf_link_iter_init,1.274338,0,0
5,run4_initcall.txt,init_trampolines,1.276555,0,2
5,run4_initcall.txt,rqspinlock_register_kfuncs,1.278949,0,0
5,run4_initcall.txt,kfunc_init,1.281159,0,0
5,run4_initcall.txt,bpf_cgroup_iter_init,1.283346,0,0
5,run4_initcall.txt,cpumask_kfunc_init,1.285485,0,6
5,run4_initcall.txt,crypto_kfunc_init,1.287687,0,0
5,run4_initcall.txt,bpf_kmem_cache_iter_init,1.289882,0,0
5,run4_initcall.txt,dmabuf_iter_init,1.292089,0,0
5,run4_initcall.txt,load_system_certificate_list,1.295393,0,1095
5,run4_initcall.txt,init_lru_gen,1.297645,0,14
5,run4_initcall.txt,vmstat_late_init,1.299903,0,2
5,run4_initcall.txt,fault_around_debugfs,1.302079,0,3
5,run4_initcall.txt,slab_sysfs_init,1.307989,0,3705
5,run4_initcall.txt,max_swapfiles_check,1.31025,0,0
5,run4_initcall.txt,zswap_init,1.312412,0,0
5,run4_initcall.txt,mempolicy_sysfs_init,1.314598,0,15
5,run4_initcall.txt,memory_tier_late_init,1.319006,0,2228
5,run4_initcall.txt,check_early_ioremap_leak,1.321184,0,0
5,run4_initcall.txt,mg_debugfs_init,1.323396,0,34
5,run4_initcall.txt,fscrypt_init,1.327815,0,2246
5,run4_initcall.txt,pstore_init,1.329992,0,10
5,run4_initcall.txt,init_root_keyring,1.332204,0,34
5,run4_initcall.txt,init_profile_hash,1.334346,0,0
5,run4_initcall.txt,integrity_fs_init,1.33652,0,8
5,run4_initcall.txt,crypto_algapi_init,1.338707,0,8
5,run4_initcall.txt,blk_timeout_init,1.34088,0,0
5,run4_initcall.txt,depot_debugfs_init,1.343084,0,5
5,run4_initcall.txt,pci_resource_alignment_sysfs_init,1.345275,0,5
5,run4_initcall.txt,pci_sysfs_init,1.347489,0,11
5,run4_initcall.txt,clk_debug_init,1.350084,0,390
5,run4_initcall.txt,genpd_debug_init,1.352618,0,344
5,run4_initcall.txt,sync_state_resume_initcall,1.354852,0,1
5,run4_initcall.txt,deferred_probe_initcall,1.422899,0,65828
5,run4_initcall.txt,efi_shutdown_init,1.42516,-19,0
5,run4_initcall.txt,efi_earlycon_unmap_fb,1.427289,0,0
5,run4_initcall.txt,psci_debugfs_init,1.429375,0,0
5,run4_initcall.txt,of_cfs_init,1.433567,0,2086
5,run4_initcall.txt,of_fdt_raw_init,1.435606,0,30
5,run4_initcall.txt,bpf_kfunc_init,1.437645,0,1
5,run4_initcall.txt,init_subsystem,1.439708,0,0
5,run4_initcall.txt,xdp_metadata_init,1.441771,0,0
5,run4_initcall.txt,bpf_sockmap_iter_init,1.443831,0,1
5,run4_initcall.txt,bpf_sk_storage_map_iter_init,1.445902,0,0
5,run4_initcall.txt,bpf_prog_test_run_init,1.447967,0,0
5,run4_initcall.txt,bpf_dummy_struct_ops_init,1.450027,0,0
5,run4_initcall.txt,tcp_congestion_default,1.452063,0,1
5,run4_initcall.txt,inet_blackhole_dev_init,1.454114,0,6
5,run4_initcall.txt,ip_auto_config,1.456184,0,9
5,run4_initcall.txt,tcp_bpf_v4_build_proto,1.45823,0,1
5,run4_initcall.txt,udp_bpf_v4_build_proto,1.460235,0,0
5,run4_initcall.txt,bpf_tcp_ca_kfunc_init,1.462247,0,1
5,run4_initcall.txt,bpf_mptcp_kfunc_init,1.463258,0,0
5,run4_initcall.txt,fb_logo_late_init,1.465269,0,0
5,run4_initcall.txt,amba_stub_drv_init,1.470288,0,22
5,run4_initcall.txt,clk_disable_unused,1.477097,0,4757
5,run4_initcall.txt,genpd_power_off_unused,1.480383,0,1108
5,run4_initcall.txt,regulator_init_complete,1.482681,0,1
5,run4_initcall.txt,of_platform_sync_state_init,1.484929,0,15
6,run5_initcall.txt,user_namespace_sysctl_init,0.044944,0,0
6,run5_initcall.txt,proc_schedstat_init,0.044973,0,0
6,run5_initcall.txt,init_rtmutex_sysctl,0.04499,0,0
6,run5_initcall.txt,pm_sysrq_init,0.045043,0,0
6,run5_initcall.txt,init_rcu_stall_sysctl,0.045061,0,0
6,run5_initcall.txt,init_module_sysctl,0.045078,0,0
6,run5_initcall.txt,create_proc_profile,0.045098,0,0
6,run5_initcall.txt,cgroup_sysfs_init,0.04512,0,0
6,run5_initcall.txt,user_namespaces_init,0.045146,0,0
6,run5_initcall.txt,hung_task_init,0.045251,0,0
6,run5_initcall.txt,dev_map_init,0.045274,0,0
6,run5_initcall.txt,netns_bpf_init,0.045293,0,0
6,run5_initcall.txt,oom_init,0.045354,0,0
6,run5_initcall.txt,init_user_buckets,0.045374,0,0
6,run5_initcall.txt,init_vm_util_sysctls,0.045396,0,0
6,run5_initcall.txt,default_bdi_init,0.045534,0,0
6,run5_initcall.txt,cgwb_init,0.045556,0,0
6,run5_initcall.txt,percpu_enable_async,0.04557,0,0
6,run5_initcall.txt,kcompactd_init,0.045679,0,0
6,run5_initcall.txt,init_mm_sysctl,0.045696,0,0
6,run5_initcall.txt,init_user_reserve,0.045714,0,0
6,run5_initcall.txt,init_admin_reserve,0.045729,0,0
6,run5_initcall.txt,init_reserve_notifier,0.045744,0,0
6,run5_initcall.txt,swap_init,0.045765,0,0
6,run5_initcall.txt,swapfile_init,0.045787,0,0
6,run5_initcall.txt,memory_tier_init,0.045831,0,0
6,run5_initcall.txt,numa_init_sysfs,0.045851,0,0
6,run5_initcall.txt,mem_cgroup_swap_init,0.045868,0,0
6,run5_initcall.txt,init_msg_buckets,0.045886,0,0
6,run5_initcall.txt,init_bio,0.045931,0,0
6,run5_initcall.txt,blk_ioc_init,0.045951,0,0
6,run5_initcall.txt,blk_mq_init,0.04597,0,0
6,run5_initcall.txt,genhd_device_init,0.046069,0,0
6,run5_initcall.txt,blkcg_punt_bio_init,0.046163,0,0
6,run5_initcall.txt,blk_integrity_auto_init,0.046255,0,0
6,run5_initcall.txt,io_wq_init,0.046275,0,0
6,run5_initcall.txt,crc_t10dif_mod_init,0.046302,0,0
6,run5_initcall.txt,sha256_mod_init,0.046321,0,0
6,run5_initcall.txt,sha512_mod_init,0.046339,0,0
6,run5_initcall.txt,sg_pool_init,0.046372,0,0
6,run5_initcall.txt,gpiolib_debugfs_init,0.046394,0,0
6,run5_initcall.txt,stmpe_gpio_init,0.046492,0,0
6,run5_initcall.txt,pwm_init,0.046519,0,0
6,run5_initcall.txt,leds_init,0.046553,0,0
6,run5_initcall.txt,pci_slot_init,0.046577,0,0
6,run5_initcall.txt,fbmem_init,0.046632,0,0
6,run5_initcall.txt,bcm2835_dma_init,0.047316,0,0
6,run5_initcall.txt,regulator_fixed_voltage_init,0.047395,0,0
6,run5_initcall.txt,gpio_regulator_init,0.047447,0,0
6,run5_initcall.txt,init_sysrq_sysctl,0.047478,0,0
6,run5_initcall.txt,misc_init,0.047506,0,0
6,run5_initcall.txt,iommu_subsys_init,0.047541,0,0
6,run5_initcall.txt,register_cpu_capacity_sysctl,0.047889,0,0
6,run5_initcall.txt,dma_buf_init,0.047966,0,0
6,run5_initcall.txt,dma_heap_init,0.047996,0,0
6,run5_initcall.txt,init_scsi,0.048096,0,0
6,run5_initcall.txt,mdio_bus_init,0.048134,0,0
6,run5_initcall.txt,phy_init,0.048179,0,4000
6,run5_initcall.txt,usb_common_init,0.0482,0,0
6,run5_initcall.txt,usb_init,0.048308,0,0
6,run5_initcall.txt,usb_phy_generic_init,0.048457,0,0
6,run5_initcall.txt,usb_udc_init,0.048491,0,0
6,run5_initcall.txt,usb_roles_init,0.04851,0,0
6,run5_initcall.txt,input_init,0.048535,0,0
6,run5_initcall.txt,rtc_init,0.048553,0,0
6,run5_initcall.txt,rc_core_init,0.048582,0,0
6,run5_initcall.txt,pps_init,0.048621,0,0
6,run5_initcall.txt,ptp_init,0.048651,0,0
6,run5_initcall.txt,power_supply_class_init,0.048682,0,0
6,run5_initcall.txt,hwmon_init,0.048706,0,0
6,run5_initcall.txt,mmc_init,0.04875,0,0
6,run5_initcall.txt,dmi_init,0.048769,0,0
6,run5_initcall.txt,efisubsys_init,0.048788,0,0
6,run5_initcall.txt,arm_pmu_hp_init,0.048808,0,0
6,run5_initcall.txt,ras_init,0.048828,0,0
6,run5_initcall.txt,nvmem_init,0.048863,0,0
6,run5_initcall.txt,init_soundcore,0.048883,0,0
6,run5_initcall.txt,proto_init,0.048905,0,0
6,run5_initcall.txt,net_dev_init,0.04912,0,0
6,run5_initcall.txt,neigh_init,0.049141,0,0
6,run5_initcall.txt,fib_notifier_init,0.049157,0,0
6,run5_initcall.txt,netdev_genl_init,0.049199,0,0
6,run5_initcall.txt,page_pool_user_init,0.049216,0,0
6,run5_initcall.txt,fib_rules_init,0.049236,0,0
6,run5_initcall.txt,init_cgroup_netprio,0.049252,0,0
6,run5_initcall.txt,bpf_lwt_init,0.049268,0,0
6,run5_initcall.txt,pktsched_init,0.049289,0,0
6,run5_initcall.txt,tc_filter_init,0.049322,0,0
6,run5_initcall.txt,tc_action_init,0.049339,0,0
6,run5_initcall.txt,ethnl_init,0.049411,0,0
6,run5_initcall.txt,nexthop_init,0.049433,0,0
6,run5_initcall.txt,devlink_init,0.049513,0,0
6,run5_initcall.txt,wireless_nlevent_init,0.049533,0,0
6,run5_initcall.txt,vsprintf_init_hashval,0.049552,0,0
6,run5_initcall.txt,init_32bit_el0_mask,0.049568,0,0
6,run5_initcall.txt,vga_arb_device_init,0.049683,0,0
6,run5_initcall.txt,watchdog_init,0.049811,0,0
6,run5_initcall.txt,create_debug_debugfs_entry,0.049914,0,0
6,run5_initcall.txt,iomem_init_inode,0.049958,0,0
6,run5_initcall.txt,clocksource_done_booting,0.050009,0,14
6,run5_initcall.txt,bpf_init,0.050033,0,5
6,run5_initcall.txt,secretmem_init,0.050063,0,11
6,run5_initcall.txt,init_fs_stat_sysctls,0.050091,0,9
6,run5_initcall.txt,init_fs_exec_sysctls,0.05011,0,1
6,run5_initcall.txt,init_pipe_fs,0.050139,0,11
6,run5_initcall.txt,init_fs_namei_sysctls,0.050161,0,2
6,run5_initcall.txt,init_fs_dcache_sysctls,0.050186,0,6
6,run5_initcall.txt,init_fs_namespace_sysctls,0.050267,0,61
6,run5_initcall.txt,cgroup_writeback_init,0.050294,0,5
6,run5_initcall.txt,inotify_user_setup,0.050368,0,12
6,run5_initcall.txt,eventpoll_init,0.050405,0,16
6,run5_initcall.txt,anon_inode_init,0.050437,0,12
6,run5_initcall.txt,proc_locks_init,0.050461,0,2
6,run5_initcall.txt,backing_aio_init,0.05048,0,2
6,run5_initcall.txt,init_fs_coredump_sysctls,0.050501,0,6
6,run5_initcall.txt,init_vm_drop_caches_sysctls,0.050519,0,2
6,run5_initcall.txt,iomap_dio_init,0.050556,0,22
6,run5_initcall.txt,iomap_ioend_init,0.050601,0,31
6,run5_initcall.txt,dquot_init,0.050698,0,80
6,run5_initcall.txt,proc_cmdline_init,0.050718,0,2
6,run5_initcall.txt,proc_consoles_init,0.050733,0,1
6,run5_initcall.txt,proc_cpuinfo_init,0.050751,0,3
6,run5_initcall.txt,proc_devices_init,0.050766,0,1
6,run5_initcall.txt,proc_interrupts_init,0.050782,0,1
6,run5_initcall.txt,proc_loadavg_init,0.050797,0,0
6,run5_initcall.txt,proc_meminfo_init,0.050812,0,0
6,run5_initcall.txt,proc_stat_init,0.050827,0,1
6,run5_initcall.txt,proc_uptime_init,0.050844,0,1
6,run5_initcall.txt,proc_version_init,0.050859,0,0
6,run5_initcall.txt,proc_softirqs_init,0.050874,0,0
6,run5_initcall.txt,proc_kmsg_init,0.050889,0,1
6,run5_initcall.txt,proc_page_init,0.050905,0,2
6,run5_initcall.txt,init_ramfs_fs,0.05092,0,1
6,run5_initcall.txt,aa_create_aafs,0.050937,0,0
6,run5_initcall.txt,chr_dev_init,0.053732,0,2775
6,run5_initcall.txt,hwrng_modinit,0.053812,0,45
6,run5_initcall.txt,firmware_class_init,0.053833,0,1
6,run5_initcall.txt,sysctl_core_init,0.053877,0,27
6,run5_initcall.txt,eth_offload_init,0.053894,0,0
6,run5_initcall.txt,ipv4_offload_init,0.053912,0,1
6,run5_initcall.txt,inet_init,0.057804,0,3874
6,run5_initcall.txt,af_unix_init,0.057859,0,22
6,run5_initcall.txt,ipv6_offload_init,0.05788,0,2
6,run5_initcall.txt,init_sunrpc,0.058285,0,377
6,run5_initcall.txt,vlan_offload_init,0.058306,0,0
6,run5_initcall.txt,pci_apply_final_quirks,0.058336,0,12
6,run5_initcall.txt,populate_rootfs,0.058362,0,6
6,run5_initcall.txt,register_arm64_panic_block,0.058474,0,0
6,run5_initcall.txt,cpuinfo_regs_init,0.058575,0,86
6,run5_initcall.txt,aarch32_el0_sysfs_init,0.058595,0,0
6,run5_initcall.txt,kvm_arm_init,0.062037,0,3422
6,run5_initcall.txt,proc_execdomains_init,0.062077,0,4
6,run5_initcall.txt,register_warn_debugfs,0.0621,0,4
6,run5_initcall.txt,cpuhp_sysfs_init,0.062146,0,26
6,run5_initcall.txt,ioresources_init,0.062169,0,3
6,run5_initcall.txt,psi_proc_init,0.062186,0,0
6,run5_initcall.txt,irq_gc_init_ops,0.062201,0,0
6,run5_initcall.txt,irq_debugfs_init,0.062304,0,80
6,run5_initcall.txt,proc_modules_init,0.062322,0,2
6,run5_initcall.txt,timer_sysctl_init,0.062346,0,8
6,run5_initcall.txt,timekeeping_init_ops,0.062363,0,0
6,run5_initcall.txt,init_clocksource_sysfs,0.062437,0,58
6,run5_initcall.txt,init_timer_list_procfs,0.062457,0,1
6,run5_initcall.txt,alarmtimer_init,0.062531,0,57
6,run5_initcall.txt,clockevents_init_sysfs,0.062656,0,107
6,run5_initcall.txt,sched_clock_syscore_init,0.062675,0,0
6,run5_initcall.txt,kallsyms_init,0.062694,0,1
6,run5_initcall.txt,pid_namespaces_init,0.062734,0,22
6,run5_initcall.txt,audit_watch_init,0.062756,0,4
6,run5_initcall.txt,audit_fsnotify_init,0.062773,0,0
6,run5_initcall.txt,audit_tree_init,0.062792,0,2
6,run5_initcall.txt,seccomp_sysctl_init,0.062814,0,4
6,run5_initcall.txt,utsname_sysctl_init,0.062838,0,6
6,run5_initcall.txt,init_lstats_procfs,0.06286,0,3
6,run5_initcall.txt,perf_event_sysfs_init,0.062929,0,50
6,run5_initcall.txt,system_trusted_keyring_init,0.062963,0,14
6,run5_initcall.txt,kswapd_init,0.063153,0,169
6,run5_initcall.txt,extfrag_debug_init,0.063181,0,8
6,run5_initcall.txt,mm_compute_batch_init,0.063199,0,0
6,run5_initcall.txt,slab_proc_init,0.063217,0,1
6,run5_initcall.txt,workingset_init,0.063241,0,8
6,run5_initcall.txt,proc_vmalloc_init,0.063257,0,1
6,run5_initcall.txt,memblock_init_debugfs,0.063278,0,5
6,run5_initcall.txt,slab_debugfs_init,0.063299,0,4
6,run5_initcall.txt,procswaps_init,0.063316,0,1
6,run5_initcall.txt,zs_init,0.063333,0,0
6,run5_initcall.txt,fcntl_init,0.063352,0,2
6,run5_initcall.txt,proc_filesystems_init,0.063372,0,1
6,run5_initcall.txt,start_dirtytime_writeback,0.063396,0,6
6,run5_initcall.txt,dio_init,0.063416,0,1
6,run5_initcall.txt,dnotify_init,0.063448,0,14
6,run5_initcall.txt,fanotify_user_setup,0.063477,0,10
6,run5_initcall.txt,aio_setup,0.063532,0,36
6,run5_initcall.txt,mbcache_init,0.063556,0,6
6,run5_initcall.txt,init_grace,0.063573,0,2
6,run5_initcall.txt,init_devpts_fs,0.063595,0,7
6,run5_initcall.txt,ext4_init_fs,0.063692,0,82
6,run5_initcall.txt,journal_init,0.063725,0,17
6,run5_initcall.txt,init_fat_fs,0.063747,0,6
6,run5_initcall.txt,init_vfat_fs,0.063763,0,0
6,run5_initcall.txt,init_msdos_fs,0.063778,0,0
6,run5_initcall.txt,init_nfs_fs,0.063938,0,145
6,run5_initcall.txt,init_nfs_v2,0.063959,0,0
6,run5_initcall.txt,init_nfs_v3,0.063974,0,0
6,run5_initcall.txt,init_nfs_v4,0.06402,0,31
6,run5_initcall.txt,nfs4filelayout_init,0.064043,0,7
6,run5_initcall.txt,nfs4flexfilelayout_init,0.064065,0,6
6,run5_initcall.txt,init_nlm,0.064107,0,26
6,run5_initcall.txt,init_nls_cp437,0.064124,0,0
6,run5_initcall.txt,init_nls_ascii,0.064139,0,0
6,run5_initcall.txt,init_autofs_fs,0.06424,0,84
6,run5_initcall.txt,init_f2fs_fs,0.064386,0,129
6,run5_initcall.txt,ipc_init,0.06442,0,14
6,run5_initcall.txt,ipc_sysctl_init,0.064453,0,17
6,run5_initcall.txt,init_mqueue_fs,0.064506,0,36
6,run5_initcall.txt,key_proc_init,0.064527,0,2
6,run5_initcall.txt,bpf_crypto_skcipher_init,0.064544,0,0
6,run5_initcall.txt,dh_init,0.064564,0,3
6,run5_initcall.txt,rsa_init,0.064583,0,1
6,run5_initcall.txt,cryptomgr_init,0.0646,0,0
6,run5_initcall.txt,hmac_module_init,0.064617,0,0
6,run5_initcall.txt,crypto_sha256_mod_init,0.06464,0,5
6,run5_initcall.txt,crypto_ecb_module_init,0.064657,0,0
6,run5_initcall.txt,crypto_cbc_module_init,0.064673,0,0
6,run5_initcall.txt,crypto_cts_module_init,0.06469,0,0
6,run5_initcall.txt,xts_module_init,0.064706,0,0
6,run5_initcall.txt,des_generic_mod_init,0.064726,0,2
6,run5_initcall.txt,aes_init,0.064743,0,0
6,run5_initcall.txt,lzo_mod_init,0.064761,0,1
6,run5_initcall.txt,lzorle_mod_init,0.064778,0,0
6,run5_initcall.txt,asymmetric_key_init,0.064799,0,5
6,run5_initcall.txt,x509_key_init,0.064822,0,6
6,run5_initcall.txt,crypto_kdf108_init,0.064839,0,0
6,run5_initcall.txt,blkdev_init,0.064867,0,12
6,run5_initcall.txt,proc_genhd_init,0.064888,0,2
6,run5_initcall.txt,bsg_init,0.064921,0,15
6,run5_initcall.txt,throtl_init,0.065002,0,64
6,run5_initcall.txt,deadline_init,0.065027,0,6
6,run5_initcall.txt,kyber_init,0.065049,0,5
6,run5_initcall.txt,bfq_init,0.065086,0,21
6,run5_initcall.txt,io_uring_init,0.065124,0,20
6,run5_initcall.txt,btree_module_init,0.065147,0,2
6,run5_initcall.txt,percpu_counter_startup,0.065209,0,43
6,run5_initcall.txt,audit_classes_init,0.065238,0,3
6,run5_initcall.txt,gicv5_iwb_platform_driver_init,0.065346,0,87
6,run5_initcall.txt,mip_msi_driver_init,0.065401,0,34
6,run5_initcall.txt,bcm7038_l1_driver_init,0.065455,0,34
6,run5_initcall.txt,bcm7120_l2_driver_init,0.065513,0,38
6,run5_initcall.txt,brcmstb_l2_driver_init,0.065797,0,263
6,run5_initcall.txt,simple_pm_bus_driver_init,0.066302,0,482
6,run5_initcall.txt,phy_core_init,0.066334,0,10
6,run5_initcall.txt,brcm_usb_driver_init,0.066421,0,68
6,run5_initcall.txt,rp1_pinctrl_driver_init,0.066475,0,34
6,run5_initcall.txt,bcm2835_pinctrl_driver_init,0.06741,0,915
6,run5_initcall.txt,bcm2712_pinctrl_driver_init,0.067493,0,58
6,run5_initcall.txt,brcmvirt_gpio_driver_init,0.06755,0,35
6,run5_initcall.txt,brcmstb_gpio_driver_init,0.067606,0,34
6,run5_initcall.txt,rpi_exp_gpio_driver_init,0.068069,0,442
6,run5_initcall.txt,brcmstb_pwm_driver_init,0.068131,0,39
6,run5_initcall.txt,rp1_pwm_driver_init,0.068186,0,34
6,run5_initcall.txt,gpio_led_driver_init,0.070033,0,1824
6,run5_initcall.txt,led_pwm_driver_init,0.070126,0,56
6,run5_initcall.txt,timer_led_trigger_init,0.070148,0,2
6,run5_initcall.txt,oneshot_led_trigger_init,0.070169,0,0
6,run5_initcall.txt,heartbeat_trig_init,0.070189,0,2
6,run5_initcall.txt,bl_led_trigger_init,0.070204,0,0
6,run5_initcall.txt,ledtrig_cpu_init,0.070269,0,51
6,run5_initcall.txt,defon_led_trigger_init,0.070318,0,32
6,run5_initcall.txt,input_trig_init,0.070335,0,1
6,run5_initcall.txt,ledtrig_panic_init,0.07035,0,1
6,run5_initcall.txt,actpwr_trig_init,0.070504,0,138
6,run5_initcall.txt,pcie_portdrv_init,0.070574,0,53
6,run5_initcall.txt,pci_proc_init,0.0706,0,8
6,run5_initcall.txt,brcm_pcie_driver_init,0.182876,0,112261
6,run5_initcall.txt,bcm2708_fb_init,0.182957,0,60
6,run5_initcall.txt,simplefb_driver_init,0.189922,0,6948
6,run5_initcall.txt,of_fixed_factor_clk_driver_init,0.190019,0,45
6,run5_initcall.txt,of_fixed_clk_driver_init,0.190104,0,34
6,run5_initcall.txt,gpio_clk_driver_init,0.190193,0,42
6,run5_initcall.txt,gated_fixed_clk_driver_init,0.190283,0,34
6,run5_initcall.txt,rp1_clk_driver_init,0.190366,0,35
6,run5_initcall.txt,rp1_sdio_clk_driver_init,0.19045,0,38
6,run5_initcall.txt,clk_dvp_driver_init,0.190633,0,137
6,run5_initcall.txt,bcm2835_aux_clk_driver_init,0.190743,0,62
6,run5_initcall.txt,raspberrypi_clk_driver_init,0.20631,0,15517
6,run5_initcall.txt,dw_driver_init,0.206407,0,48
6,run5_initcall.txt,bcm2835_power_driver_init,0.206477,0,23
6,run5_initcall.txt,rpi_power_driver_init,0.224736,0,18208
6,run5_initcall.txt,brcmstb_reset_driver_init,0.226718,0,42
6,run5_initcall.txt,brcm_rescal_reset_driver_init,0.228708,0,37
6,run5_initcall.txt,rpi_reset_driver_init,0.231702,0,1058
6,run5_initcall.txt,reset_simple_driver_init,0.233749,0,84
6,run5_initcall.txt,n_null_init,0.235713,0,0
6,run5_initcall.txt,pty_init,0.237754,0,94
6,run5_initcall.txt,sysrq_init,0.23972,0,12
6,run5_initcall.txt,serial8250_init,0.241669,-19,0
6,run5_initcall.txt,bcm2835aux_serial_driver_init,0.243623,0,46
6,run5_initcall.txt,brcmuart_init,0.245625,0,53
6,run5_initcall.txt,exar_pci_driver_init,0.247608,0,26
6,run5_initcall.txt,of_platform_serial_driver_init,0.24965,0,98
6,run5_initcall.txt,serial_pci_driver_init,0.251622,0,35
6,run5_initcall.txt,pericom8250_pci_driver_init,0.253564,0,17
6,run5_initcall.txt,init_kgdboc,0.25654,0,1035
6,run5_initcall.txt,random_sysctls_init,0.258478,0,12
6,run5_initcall.txt,ttyprintk_init,0.260434,0,59
6,run5_initcall.txt,bcm2835_rng_driver_init,0.262445,0,62
6,run5_initcall.txt,bcm74110_rng_driver_init,0.26447,0,37
6,run5_initcall.txt,iproc_rng200_driver_init,0.268755,0,2260
6,run5_initcall.txt,smccc_trng_driver_init,0.270889,0,30
6,run5_initcall.txt,vc_mem_init,0.274305,0,1266
6,run5_initcall.txt,vcio_driver_init,0.277917,0,1428
6,run5_initcall.txt,bcm2712_iommu_driver_init,0.28027,0,44
6,run5_initcall.txt,bcm2712_iommu_cache_driver_init,0.28266,0,38
6,run5_initcall.txt,topology_sysfs_init,0.285101,0,59
6,run5_initcall.txt,cacheinfo_sysfs_init,0.287755,0,241
6,run5_initcall.txt,devcoredump_init,0.290215,0,11
6,run5_initcall.txt,brd_init,0.297401,0,4784
6,run5_initcall.txt,loop_init,0.303555,0,3716
6,run5_initcall.txt,bcm2835_pm_driver_init,0.307293,0,1346
6,run5_initcall.txt,stmpe_i2c_driver_init,0.309658,0,17
6,run5_initcall.txt,stmpe_spi_driver_init,0.312061,0,12
6,run5_initcall.txt,rp1_driver_init,0.314481,0,27
6,run5_initcall.txt,system_heap_create,0.316942,0,77
6,run5_initcall.txt,add_default_cma_heap,0.319433,0,79
6,run5_initcall.txt,udmabuf_dev_init,0.321854,0,38
6,run5_initcall.txt,iscsi_transport_init,0.325671,0,1422
6,run5_initcall.txt,init_sd,0.328072,0,22
6,run5_initcall.txt,nvme_core_init,0.330718,0,243
6,run5_initcall.txt,nvme_init,0.33314,0,26
6,run5_initcall.txt,blackhole_netdev_init,0.335573,0,20
6,run5_initcall.txt,netkit_init,0.337969,0,6
6,run5_initcall.txt,phylink_init,0.340361,0,0
6,run5_initcall.txt,phy_module_init,0.342883,0,164
6,run5_initcall.txt,phy_module_init,0.345413,0,180
6,run5_initcall.txt,fixed_mdio_bus_init,0.347956,0,158
6,run5_initcall.txt,phy_module_init,0.350515,0,167
6,run5_initcall.txt,phy_module_init,0.352902,0,18
6,run5_initcall.txt,phy_module_init,0.355314,0,62
6,run5_initcall.txt,unimac_mdio_driver_init,0.357769,0,123
6,run5_initcall.txt,macb_driver_init,0.360184,0,118
6,run5_initcall.txt,bcmgenet_driver_init,0.559055,0,196539
6,run5_initcall.txt,bcmasp_driver_init,0.561435,0,84
6,run5_initcall.txt,lan78xx_driver_init,0.564969,0,1200
6,run5_initcall.txt,smsc95xx_driver_init,0.568551,0,1206
6,run5_initcall.txt,usbnet_init,0.570925,0,0
6,run5_initcall.txt,xhci_hcd_init,0.573304,0,12
6,run5_initcall.txt,xhci_pci_init,0.700937,0,125275
6,run5_initcall.txt,xhci_plat_init,0.70333,0,122
6,run5_initcall.txt,dwc_otg_driver_init,0.709985,0,4409
6,run5_initcall.txt,dwc_common_port_init_module,0.713493,0,1221
6,run5_initcall.txt,dwc3_driver_init,0.715791,0,56
6,run5_initcall.txt,dwc3_haps_driver_init,0.718058,0,24
6,run5_initcall.txt,dwc3_of_simple_driver_init,0.720345,0,59
6,run5_initcall.txt,dwc3_generic_driver_init,0.722605,0,38
6,run5_initcall.txt,dwc2_platform_driver_init,0.724958,0,147
6,run5_initcall.txt,uas_init,0.728311,0,1193
6,run5_initcall.txt,usb_storage_driver_init,0.731607,0,1103
6,run5_initcall.txt,brcmstb_usb_pinmap_init,0.733843,-19,64
6,run5_initcall.txt,bdc_driver_init,0.736069,0,45
6,run5_initcall.txt,input_leds_init,0.738256,0,1
6,run5_initcall.txt,mousedev_init,0.741654,0,1208
6,run5_initcall.txt,evdev_init,0.743857,0,0
6,run5_initcall.txt,brcmstb_waketmr_driver_init,0.746118,0,46
6,run5_initcall.txt,rpi_rtc_driver_init,0.748371,0,39
6,run5_initcall.txt,init_rc_map_adstech_dvb_t_pci,0.75059,0,0
6,run5_initcall.txt,init_rc_map_alink_dtu_m,0.752797,0,0
6,run5_initcall.txt,init_rc_map_anysee,0.755014,0,0
6,run5_initcall.txt,init_rc_map_apac_viewcomp,0.75725,0,0
6,run5_initcall.txt,init_rc_map_t2hybrid,0.759473,0,0
6,run5_initcall.txt,init_rc_map_asus_pc39,0.761686,0,0
6,run5_initcall.txt,init_rc_map_asus_ps3_100,0.763908,0,0
6,run5_initcall.txt,init_rc_map_ati_tv_wonder_hd_600,0.766141,0,0
6,run5_initcall.txt,init_rc_map_ati_x10,0.768379,0,0
6,run5_initcall.txt,init_rc_map_avermedia_a16d,0.770648,0,0
6,run5_initcall.txt,init_rc_map_avermedia_cardbus,0.772906,0,0
6,run5_initcall.txt,init_rc_map_avermedia_dvbt,0.775168,0,0
6,run5_initcall.txt,init_rc_map_avermedia_m135a,0.77739,0,0
6,run5_initcall.txt,init_rc_map_avermedia_m733a_rm_k6,0.779667,0,0
6,run5_initcall.txt,init_rc_map_avermedia,0.781947,0,0
6,run5_initcall.txt,init_rc_map_avermedia_rm_ks,0.784225,0,0
6,run5_initcall.txt,init_rc_map_avertv_303,0.786496,0,0
6,run5_initcall.txt,init_rc_map_azurewave_ad_tu700,0.788763,0,0
6,run5_initcall.txt,init_rc_map_beelink_gs1,0.791029,0,0
6,run5_initcall.txt,init_rc_map_beelink_mxiii,0.793246,0,0
6,run5_initcall.txt,init_rc_map_behold_columbus,0.79552,0,0
6,run5_initcall.txt,init_rc_map_behold,0.797767,0,0
6,run5_initcall.txt,init_rc_map_budget_ci_old,0.800288,0,0
6,run5_initcall.txt,init_rc_map_cinergy_1400,0.802521,0,0
6,run5_initcall.txt,init_rc_map_cinergy,0.804732,0,0
6,run5_initcall.txt,init_rc_map_ct_90405,0.806935,0,0
6,run5_initcall.txt,init_rc_map_d680_dmb,0.809121,0,0
6,run5_initcall.txt,init_rc_map_delock_61959,0.811302,0,0
6,run5_initcall.txt,init_rc_map,0.813464,0,0
6,run5_initcall.txt,init_rc_map,0.815786,0,0
6,run5_initcall.txt,init_rc_map_digitalnow_tinytwin,0.817963,0,0
6,run5_initcall.txt,init_rc_map_digittrade,0.820336,0,0
6,run5_initcall.txt,init_rc_map_dm1105_nec,0.822497,0,0
6,run5_initcall.txt,init_rc_map_dntv_live_dvb_t,0.824638,0,0
6,run5_initcall.txt,init_rc_map_dntv_live_dvbt_pro,0.82676,0,0
6,run5_initcall.txt,init_rc_map_dreambox,0.828909,0,0
6,run5_initcall.txt,init_rc_map_dtt200u,0.831077,0,0
6,run5_initcall.txt,init_rc_map_rc5_dvbsky,0.833222,0,0
6,run5_initcall.txt,init_rc_map_dvico_mce,0.835491,0,0
6,run5_initcall.txt,init_rc_map_dvico_portable,0.837641,0,0
6,run5_initcall.txt,init_rc_map_em_terratec,0.839795,0,0
6,run5_initcall.txt,init_rc_map_encore_enltv2,0.841936,0,0
6,run5_initcall.txt,init_rc_map_encore_enltv_fm53,0.844048,0,0
6,run5_initcall.txt,init_rc_map_encore_enltv,0.846205,0,0
6,run5_initcall.txt,init_rc_map_evga_indtube,0.848338,0,0
6,run5_initcall.txt,init_rc_map_eztv,0.850458,0,0
6,run5_initcall.txt,init_rc_map_flydvb,0.852564,0,0
6,run5_initcall.txt,init_rc_map_flyvideo,0.854662,0,0
6,run5_initcall.txt,init_rc_map_fusionhdtv_mce,0.856764,0,0
6,run5_initcall.txt,init_rc_map_gadmei_rm008z,0.858853,0,0
6,run5_initcall.txt,init_rc_map_geekbox,0.860888,0,0
6,run5_initcall.txt,init_rc_map_genius_tvgo_a11mce,0.862963,0,0
6,run5_initcall.txt,init_rc_map_gotview7135,0.865036,0,0
6,run5_initcall.txt,init_rc_map_rc5_hauppauge_new,0.867133,0,0
6,run5_initcall.txt,init_rc_map_hisi_poplar,0.869224,0,0
6,run5_initcall.txt,init_rc_map_hisi_tv_demo,0.871325,0,0
6,run5_initcall.txt,init_rc_map_imon_mce,0.873423,0,0
6,run5_initcall.txt,init_rc_map_imon_pad,0.875536,0,0
6,run5_initcall.txt,init_rc_map_imon_rsc,0.877594,0,0
6,run5_initcall.txt,init_rc_map_iodata_bctv7e,0.879674,0,0
6,run5_initcall.txt,init_rc_it913x_v1_map,0.881755,0,0
6,run5_initcall.txt,init_rc_it913x_v2_map,0.88389,0,0
6,run5_initcall.txt,init_rc_map_kaiomy,0.885961,0,0
6,run5_initcall.txt,init_rc_map_khadas,0.888036,0,0
6,run5_initcall.txt,init_rc_map_khamsin,0.89011,0,0
6,run5_initcall.txt,init_rc_map_kworld_315u,0.892165,0,0
6,run5_initcall.txt,init_rc_map_kworld_pc150u,0.894177,0,0
6,run5_initcall.txt,init_rc_map_kworld_plus_tv_analog,0.896234,0,0
6,run5_initcall.txt,init_rc_map_leadtek_y04g0051,0.898327,0,0
6,run5_initcall.txt,init_rc_lme2510_map,0.90039,0,0
6,run5_initcall.txt,init_rc_map_manli,0.902463,0,0
6,run5_initcall.txt,init_rc_map_mecool_kiii_pro,0.904555,0,0
6,run5_initcall.txt,init_rc_map_mecool_kii_pro,0.906647,0,0
6,run5_initcall.txt,init_rc_map_medion_x10_digitainer,0.908737,0,0
6,run5_initcall.txt,init_rc_map_medion_x10,0.910784,0,0
6,run5_initcall.txt,init_rc_map_medion_x10_or2x,0.912873,0,0
6,run5_initcall.txt,init_rc_map_minix_neo,0.914966,0,0
6,run5_initcall.txt,init_rc_map_msi_digivox_iii,0.917068,0,0
6,run5_initcall.txt,init_rc_map_msi_digivox_ii,0.919187,0,0
6,run5_initcall.txt,init_rc_map_msi_tvanywhere,0.921292,0,0
6,run5_initcall.txt,init_rc_map_msi_tvanywhere_plus,0.923393,0,0
6,run5_initcall.txt,init_rc_map_mygica_utv3,0.925486,0,0
6,run5_initcall.txt,init_rc_map_nebula,0.927565,0,0
6,run5_initcall.txt,init_rc_map_nec_terratec_cinergy_xs,0.929656,0,0
6,run5_initcall.txt,init_rc_map_norwood,0.931755,0,0
6,run5_initcall.txt,init_rc_map_npgtech,0.933853,0,0
6,run5_initcall.txt,init_rc_map_odroid,0.935944,0,0
6,run5_initcall.txt,init_rc_map_pctv_sedna,0.939124,0,0
6,run5_initcall.txt,init_rc_map_pine64,0.941262,0,0
6,run5_initcall.txt,init_rc_map_pinnacle_color,0.943441,0,0
6,run5_initcall.txt,init_rc_map_pinnacle_grey,0.945583,0,0
6,run5_initcall.txt,init_rc_map_pinnacle_pctv_hd,0.9478,0,0
6,run5_initcall.txt,init_rc_map_pixelview,0.949934,0,0
6,run5_initcall.txt,init_rc_map_pixelview,0.952093,0,0
6,run5_initcall.txt,init_rc_map_pixelview_new,0.954288,0,0
6,run5_initcall.txt,init_rc_map_pixelview,0.956452,0,0
6,run5_initcall.txt,init_rc_map_powercolor_real_angel,0.958622,0,0
6,run5_initcall.txt,init_rc_map_proteus_2309,0.960749,0,0
6,run5_initcall.txt,init_rc_map_purpletv,0.962924,0,0
6,run5_initcall.txt,init_rc_map_pv951,0.965088,0,0
6,run5_initcall.txt,init_rc_map_rc6_mce,0.967241,0,0
6,run5_initcall.txt,init_rc_map_real_audio_220_32_keys,0.969388,0,0
6,run5_initcall.txt,init_rc_map_reddo,0.971547,0,0
6,run5_initcall.txt,init_rc_map_siemens_gigaset_rc20,0.973713,0,0
6,run5_initcall.txt,init_rc_map_snapstream_firefly,0.975873,0,0
6,run5_initcall.txt,init_rc_map_streamzap,0.978028,0,0
6,run5_initcall.txt,init_rc_map_su3000,0.980218,0,0
6,run5_initcall.txt,init_rc_map_tanix_tx3mini,0.9824,0,0
6,run5_initcall.txt,init_rc_map_tanix_tx5max,0.98457,0,0
6,run5_initcall.txt,init_rc_map_tbs_nec,0.986753,0,0
6,run5_initcall.txt,init_rc_map,0.988963,0,0
6,run5_initcall.txt,init_rc_map,0.991167,0,0
6,run5_initcall.txt,init_rc_map_terratec_cinergy_c_pci,0.993331,0,0
6,run5_initcall.txt,init_rc_map_terratec_cinergy_s2_hd,0.995539,0,0
6,run5_initcall.txt,init_rc_map_terratec_cinergy_xs,0.997729,0,0
6,run5_initcall.txt,init_rc_map_terratec_slim_2,0.999924,0,0
6,run5_initcall.txt,init_rc_map_terratec_slim,1.002138,0,0
6,run5_initcall.txt,init_rc_map_tevii_nec,1.004352,0,0
6,run5_initcall.txt,init_rc_map_tivo,1.006554,0,0
6,run5_initcall.txt,init_rc_map_total_media_in_hand_02,1.008742,0,0
6,run5_initcall.txt,init_rc_map_total_media_in_hand,1.010899,0,0
6,run5_initcall.txt,init_rc_map_trekstor,1.013095,0,0
6,run5_initcall.txt,init_rc_map_tt_1500,1.015275,0,0
6,run5_initcall.txt,init_rc_map_twinhan_vp1027,1.017459,0,0
6,run5_initcall.txt,init_rc_map_twinhan_dtv_cab_ci,1.019656,0,0
6,run5_initcall.txt,init_rc_map_vega_s9x,1.021846,0,0
6,run5_initcall.txt,init_rc_map_videomate_k100,1.024039,0,0
6,run5_initcall.txt,init_rc_map_videomate_s350,1.026185,0,0
6,run5_initcall.txt,init_rc_map_videomate_tv_pvr,1.028332,0,0
6,run5_initcall.txt,init_rc_map_kii_pro,1.030481,0,0
6,run5_initcall.txt,init_rc_map_wetek_hub,1.032631,0,0
6,run5_initcall.txt,init_rc_map_wetek_play2,1.034786,0,0
6,run5_initcall.txt,init_rc_map_winfast,1.036933,0,0
6,run5_initcall.txt,init_rc_map_winfast_usbii_deluxe,1.039286,0,0
6,run5_initcall.txt,init_rc_map_x96max,1.041445,0,0
6,run5_initcall.txt,init_rc_map,1.043566,0,0
6,run5_initcall.txt,init_rc_map,1.045695,0,0
6,run5_initcall.txt,init_rc_map_zx_irdec,1.04782,0,0
6,run5_initcall.txt,ptp_kvm_init,1.049945,-95,0
6,run5_initcall.txt,gpio_poweroff_driver_init,1.052212,0,88
6,run5_initcall.txt,bcm2711_thermal_driver_init,1.055735,0,1381
6,run5_initcall.txt,bcm2835_thermal_driver_init,1.057945,0,53
6,run5_initcall.txt,bcm2835_wdt_driver_init,1.060098,0,26
6,run5_initcall.txt,dt_cpufreq_platdrv_init,1.062319,0,29
6,run5_initcall.txt,brcm_avs_cpufreq_platdrv_init,1.064649,0,42
6,run5_initcall.txt,raspberrypi_cpufreq_driver_init,1.069802,0,2933
6,run5_initcall.txt,mmc_pwrseq_simple_driver_init,1.072125,0,59
6,run5_initcall.txt,mmc_pwrseq_emmc_driver_init,1.074554,0,43
6,run5_initcall.txt,mmc_blk_init,1.076797,0,30
6,run5_initcall.txt,sdhci_drv_init,1.081435,0,2348
6,run5_initcall.txt,bcm2835_mmc_driver_init,1.085041,0,1239
6,run5_initcall.txt,bcm2835_driver_init,1.087479,0,44
6,run5_initcall.txt,sdhci_pltfm_drv_init,1.094555,0,2399
6,run5_initcall.txt,sdhci_iproc_driver_init,1.097131,0,99
6,run5_initcall.txt,sdhci_brcmstb_driver_init,1.097237,0,75
6,run5_initcall.txt,esrt_sysfs_init,1.097252,-38,1
6,run5_initcall.txt,smccc_devices_init,1.097268,0,1
6,run5_initcall.txt,smccc_soc_init,1.097279,0,1
6,run5_initcall.txt,arch_timer_mmio_drv_init,1.097325,0,37
6,run5_initcall.txt,arch_timer_mmio_acpi_drv_init,1.097357,0,24
6,run5_initcall.txt,hid_init,1.097419,0,53
6,run5_initcall.txt,hid_generic_init,1.097481,0,44
6,run5_initcall.txt,hid_init,1.097527,0,36
6,run5_initcall.txt,vchiq_driver_init,1.135441,0,37905
6,run5_initcall.txt,bcm74110_mbox_driver_init,1.138133,0,85
6,run5_initcall.txt,extcon_class_init,1.140869,0,8
6,run5_initcall.txt,armv8_pmu_driver_init,1.146618,0,3109
6,run5_initcall.txt,binder_init,1.149022,0,57
6,run5_initcall.txt,rpi_otp_driver_init,1.155119,0,3779
6,run5_initcall.txt,sock_diag_init,1.157416,0,40
6,run5_initcall.txt,blackhole_init,1.159686,0,1
6,run5_initcall.txt,cls_bpf_init_mod,1.161958,0,0
6,run5_initcall.txt,gre_offload_init,1.164188,0,0
6,run5_initcall.txt,sysctl_ipv4_init,1.16647,0,71
6,run5_initcall.txt,cubictcp_register,1.168631,0,2
6,run5_initcall.txt,packet_init,1.171884,0,1087
6,run5_initcall.txt,init_rpcsec_gss,1.174063,0,16
6,run5_initcall.txt,init_kerberos_module,1.176208,0,5
6,run5_initcall.txt,dcbnl_init,1.178358,0,2
6,run5_initcall.txt,init_dns_resolver,1.181565,0,1071
6,run5_initcall.txt,handshake_init,1.18379,0,31
6,run5_initcall.txt,check_mmu_enabled_at_boot,1.185971,0,0
6,run5_initcall.txt,finalize_pkvm,1.188166,0,0
6,run5_initcall.txt,kernel_do_mounts_initrd_sysctls_init,1.191541,0,7
6,run5_initcall.txt,kernel_panic_sysctls_init,1.193719,0,11
6,run5_initcall.txt,kernel_panic_sysfs_init,1.195948,0,4
6,run5_initcall.txt,kernel_exit_sysctls_init,1.198186,0,2
6,run5_initcall.txt,kernel_exit_sysfs_init,1.200426,0,2
6,run5_initcall.txt,param_sysfs_builtin_init,1.212014,0,9311
6,run5_initcall.txt,reboot_ksysfs_init,1.214394,0,23
6,run5_initcall.txt,sched_core_sysctl_init,1.216691,0,4
6,run5_initcall.txt,sched_fair_sysctl_init,1.218997,0,2
6,run5_initcall.txt,sched_rt_sysctl_init,1.221253,0,3
6,run5_initcall.txt,sched_dl_sysctl_init,1.223495,0,2
6,run5_initcall.txt,sched_init_debug,1.225764,0,77
6,run5_initcall.txt,cpu_latency_qos_init,1.22878,0,137
6,run5_initcall.txt,printk_late_init,1.231012,0,19
6,run5_initcall.txt,init_srcu_module_notifier,1.233235,0,1
6,run5_initcall.txt,kernel_rcu_stall_sysfs_init,1.235507,0,3
6,run5_initcall.txt,swiotlb_create_default_debugfs,1.237795,0,26
6,run5_initcall.txt,tk_debug_sleep_time_init,1.24027,0,2
6,run5_initcall.txt,bpf_ksym_iter_register,1.242555,0,1
6,run5_initcall.txt,kernel_acct_sysctls_init,1.244821,0,4
6,run5_initcall.txt,bpf_rstat_kfunc_init,1.247128,0,0
6,run5_initcall.txt,debugfs_kprobe_init,1.249426,0,9
6,run5_initcall.txt,kernel_delayacct_sysctls_init,1.251711,0,3
6,run5_initcall.txt,taskstats_init,1.255143,0,1154
6,run5_initcall.txt,bpf_global_ma_init,1.257591,0,163
6,run5_initcall.txt,bpf_syscall_sysctl_init,1.25988,0,4
6,run5_initcall.txt,unbound_reg_init,1.262159,0,0
6,run5_initcall.txt,kfunc_init,1.264413,0,1
6,run5_initcall.txt,bpf_map_iter_init,1.266688,0,0
6,run5_initcall.txt,init_subsystem,1.268942,0,0
6,run5_initcall.txt,task_iter_init,1.271187,0,1
6,run5_initcall.txt,bpf_prog_iter_init,1.273424,0,0
6,run5_initcall.txt,bpf_link_iter_init,1.275649,0,0
6,run5_initcall.txt,init_trampolines,1.277808,0,3
6,run5_initcall.txt,rqspinlock_register_kfuncs,1.280047,0,0
6,run5_initcall.txt,kfunc_init,1.282243,0,0
6,run5_initcall.txt,bpf_cgroup_iter_init,1.284416,0,1
6,run5_initcall.txt,cpumask_kfunc_init,1.286595,0,16
6,run5_initcall.txt,crypto_kfunc_init,1.288766,0,0
6,run5_initcall.txt,bpf_kmem_cache_iter_init,1.290962,0,0
6,run5_initcall.txt,dmabuf_iter_init,1.293108,0,0
6,run5_initcall.txt,load_system_certificate_list,1.296417,0,1098
6,run5_initcall.txt,init_lru_gen,1.298678,0,19
6,run5_initcall.txt,vmstat_late_init,1.300922,0,2
6,run5_initcall.txt,fault_around_debugfs,1.303161,0,3
6,run5_initcall.txt,slab_sysfs_init,1.30919,0,3815
6,run5_initcall.txt,max_swapfiles_check,1.311432,0,0
6,run5_initcall.txt,zswap_init,1.313608,0,0
6,run5_initcall.txt,mempolicy_sysfs_init,1.315803,0,16
6,run5_initcall.txt,memory_tier_late_init,1.320272,0,2280
6,run5_initcall.txt,check_early_ioremap_leak,1.322476,0,0
6,run5_initcall.txt,mg_debugfs_init,1.324674,0,19
6,run5_initcall.txt,fscrypt_init,1.329042,0,2235
6,run5_initcall.txt,pstore_init,1.331233,0,11
6,run5_initcall.txt,init_root_keyring,1.333429,0,32
6,run5_initcall.txt,init_profile_hash,1.335605,0,0
6,run5_initcall.txt,integrity_fs_init,1.337787,0,8
6,run5_initcall.txt,crypto_algapi_init,1.33998,0,8
6,run5_initcall.txt,blk_timeout_init,1.342167,0,0
6,run5_initcall.txt,depot_debugfs_init,1.344306,0,5
6,run5_initcall.txt,pci_resource_alignment_sysfs_init,1.346501,0,4
6,run5_initcall.txt,pci_sysfs_init,1.348715,0,11
6,run5_initcall.txt,clk_debug_init,1.351339,0,410
6,run5_initcall.txt,genpd_debug_init,1.353898,0,332
6,run5_initcall.txt,sync_state_resume_initcall,1.356143,0,0
6,run5_initcall.txt,deferred_probe_initcall,1.425218,0,66845
6,run5_initcall.txt,efi_shutdown_init,1.427442,-19,0
6,run5_initcall.txt,efi_earlycon_unmap_fb,1.429544,0,0
6,run5_initcall.txt,psci_debugfs_init,1.431666,0,0
6,run5_initcall.txt,of_cfs_init,1.435829,0,2084
6,run5_initcall.txt,of_fdt_raw_init,1.437888,0,26
6,run5_initcall.txt,bpf_kfunc_init,1.439935,0,1
6,run5_initcall.txt,init_subsystem,1.441978,0,0
6,run5_initcall.txt,xdp_metadata_init,1.443981,0,0
6,run5_initcall.txt,bpf_sockmap_iter_init,1.446019,0,0
6,run5_initcall.txt,bpf_sk_storage_map_iter_init,1.448061,0,0
6,run5_initcall.txt,bpf_prog_test_run_init,1.450115,0,1
6,run5_initcall.txt,bpf_dummy_struct_ops_init,1.452147,0,1
6,run5_initcall.txt,tcp_congestion_default,1.454204,0,1
6,run5_initcall.txt,inet_blackhole_dev_init,1.456254,0,9
6,run5_initcall.txt,ip_auto_config,1.458306,0,11
6,run5_initcall.txt,tcp_bpf_v4_build_proto,1.460312,0,0
6,run5_initcall.txt,udp_bpf_v4_build_proto,1.46231,0,1
6,run5_initcall.txt,bpf_tcp_ca_kfunc_init,1.464301,0,0
6,run5_initcall.txt,bpf_mptcp_kfunc_init,1.466292,0,0
6,run5_initcall.txt,fb_logo_late_init,1.469277,0,0
6,run5_initcall.txt,amba_stub_drv_init,1.47233,0,22
6,run5_initcall.txt,clk_disable_unused,1.47914,0,4749
6,run5_initcall.txt,genpd_power_off_unused,1.482396,0,1104
6,run5_initcall.txt,regulator_init_complete,1.484612,0,1
6,run5_initcall.txt,of_platform_sync_state_init,1.486871,0,14
7,run6_initcall.txt,user_namespace_sysctl_init,0.045056,0,0
7,run6_initcall.txt,proc_schedstat_init,0.045087,0,0
7,run6_initcall.txt,init_rtmutex_sysctl,0.045105,0,0
7,run6_initcall.txt,pm_sysrq_init,0.045159,0,0
7,run6_initcall.txt,init_rcu_stall_sysctl,0.04518,0,0
7,run6_initcall.txt,init_module_sysctl,0.045197,0,0
7,run6_initcall.txt,create_proc_profile,0.045217,0,0
7,run6_initcall.txt,cgroup_sysfs_init,0.045241,0,0
7,run6_initcall.txt,user_namespaces_init,0.045267,0,0
7,run6_initcall.txt,hung_task_init,0.045381,0,0
7,run6_initcall.txt,dev_map_init,0.045403,0,0
7,run6_initcall.txt,netns_bpf_init,0.045423,0,0
7,run6_initcall.txt,oom_init,0.045489,0,0
7,run6_initcall.txt,init_user_buckets,0.045508,0,0
7,run6_initcall.txt,init_vm_util_sysctls,0.045529,0,0
7,run6_initcall.txt,default_bdi_init,0.045646,0,0
7,run6_initcall.txt,cgwb_init,0.045669,0,0
7,run6_initcall.txt,percpu_enable_async,0.045683,0,0
7,run6_initcall.txt,kcompactd_init,0.045796,0,0
7,run6_initcall.txt,init_mm_sysctl,0.045813,0,0
7,run6_initcall.txt,init_user_reserve,0.045832,0,0
7,run6_initcall.txt,init_admin_reserve,0.045847,0,0
7,run6_initcall.txt,init_reserve_notifier,0.045862,0,0
7,run6_initcall.txt,swap_init,0.045881,0,0
7,run6_initcall.txt,swapfile_init,0.045905,0,0
7,run6_initcall.txt,memory_tier_init,0.045948,0,0
7,run6_initcall.txt,numa_init_sysfs,0.045968,0,0
7,run6_initcall.txt,mem_cgroup_swap_init,0.045984,0,0
7,run6_initcall.txt,init_msg_buckets,0.046004,0,0
7,run6_initcall.txt,init_bio,0.04605,0,0
7,run6_initcall.txt,blk_ioc_init,0.04607,0,0
7,run6_initcall.txt,blk_mq_init,0.046089,0,0
7,run6_initcall.txt,genhd_device_init,0.04621,0,0
7,run6_initcall.txt,blkcg_punt_bio_init,0.046339,0,0
7,run6_initcall.txt,blk_integrity_auto_init,0.046413,0,0
7,run6_initcall.txt,io_wq_init,0.046433,0,0
7,run6_initcall.txt,crc_t10dif_mod_init,0.04646,0,0
7,run6_initcall.txt,sha256_mod_init,0.04648,0,0
7,run6_initcall.txt,sha512_mod_init,0.046497,0,0
7,run6_initcall.txt,sg_pool_init,0.046529,0,0
7,run6_initcall.txt,gpiolib_debugfs_init,0.046551,0,0
7,run6_initcall.txt,stmpe_gpio_init,0.046647,0,0
7,run6_initcall.txt,pwm_init,0.046676,0,0
7,run6_initcall.txt,leds_init,0.046708,0,0
7,run6_initcall.txt,pci_slot_init,0.046732,0,0
7,run6_initcall.txt,fbmem_init,0.046785,0,0
7,run6_initcall.txt,bcm2835_dma_init,0.047508,0,0
7,run6_initcall.txt,regulator_fixed_voltage_init,0.047588,0,0
7,run6_initcall.txt,gpio_regulator_init,0.047641,0,0
7,run6_initcall.txt,init_sysrq_sysctl,0.04767,0,0
7,run6_initcall.txt,misc_init,0.047698,0,0
7,run6_initcall.txt,iommu_subsys_init,0.047734,0,0
7,run6_initcall.txt,register_cpu_capacity_sysctl,0.048083,0,0
7,run6_initcall.txt,dma_buf_init,0.048163,0,0
7,run6_initcall.txt,dma_heap_init,0.048195,0,0
7,run6_initcall.txt,init_scsi,0.048297,0,0
7,run6_initcall.txt,mdio_bus_init,0.048328,0,0
7,run6_initcall.txt,phy_init,0.048373,0,0
7,run6_initcall.txt,usb_common_init,0.048394,0,0
7,run6_initcall.txt,usb_init,0.048501,0,0
7,run6_initcall.txt,usb_phy_generic_init,0.048651,0,0
7,run6_initcall.txt,usb_udc_init,0.048688,0,0
7,run6_initcall.txt,usb_roles_init,0.048707,0,0
7,run6_initcall.txt,input_init,0.048732,0,0
7,run6_initcall.txt,rtc_init,0.048751,0,0
7,run6_initcall.txt,rc_core_init,0.048778,0,0
7,run6_initcall.txt,pps_init,0.048815,0,0
7,run6_initcall.txt,ptp_init,0.048841,0,0
7,run6_initcall.txt,power_supply_class_init,0.048871,0,0
7,run6_initcall.txt,hwmon_init,0.048893,0,0
7,run6_initcall.txt,mmc_init,0.048935,0,0
7,run6_initcall.txt,dmi_init,0.048952,0,0
7,run6_initcall.txt,efisubsys_init,0.04897,0,0
7,run6_initcall.txt,arm_pmu_hp_init,0.04899,0,0
7,run6_initcall.txt,ras_init,0.04901,0,0
7,run6_initcall.txt,nvmem_init,0.049049,0,0
7,run6_initcall.txt,init_soundcore,0.04907,0,0
7,run6_initcall.txt,proto_init,0.049092,0,0
7,run6_initcall.txt,net_dev_init,0.049307,0,0
7,run6_initcall.txt,neigh_init,0.049328,0,0
7,run6_initcall.txt,fib_notifier_init,0.049344,0,0
7,run6_initcall.txt,netdev_genl_init,0.049383,0,0
7,run6_initcall.txt,page_pool_user_init,0.049401,0,0
7,run6_initcall.txt,fib_rules_init,0.04942,0,0
7,run6_initcall.txt,init_cgroup_netprio,0.049437,0,0
7,run6_initcall.txt,bpf_lwt_init,0.049453,0,0
7,run6_initcall.txt,pktsched_init,0.049473,0,0
7,run6_initcall.txt,tc_filter_init,0.049506,0,0
7,run6_initcall.txt,tc_action_init,0.049523,0,0
7,run6_initcall.txt,ethnl_init,0.049595,0,0
7,run6_initcall.txt,nexthop_init,0.049617,0,0
7,run6_initcall.txt,devlink_init,0.049698,0,0
7,run6_initcall.txt,wireless_nlevent_init,0.049718,0,0
7,run6_initcall.txt,vsprintf_init_hashval,0.049736,0,0
7,run6_initcall.txt,init_32bit_el0_mask,0.049751,0,0
7,run6_initcall.txt,vga_arb_device_init,0.049864,0,0
7,run6_initcall.txt,watchdog_init,0.049977,0,0
7,run6_initcall.txt,create_debug_debugfs_entry,0.050081,0,0
7,run6_initcall.txt,iomem_init_inode,0.050125,0,0
7,run6_initcall.txt,clocksource_done_booting,0.050174,0,14
7,run6_initcall.txt,bpf_init,0.050197,0,5
7,run6_initcall.txt,secretmem_init,0.050227,0,10
7,run6_initcall.txt,init_fs_stat_sysctls,0.050318,0,14
7,run6_initcall.txt,init_fs_exec_sysctls,0.050337,0,1
7,run6_initcall.txt,init_pipe_fs,0.050424,0,19
7,run6_initcall.txt,init_fs_namei_sysctls,0.050446,0,2
7,run6_initcall.txt,init_fs_dcache_sysctls,0.050471,0,7
7,run6_initcall.txt,init_fs_namespace_sysctls,0.05049,0,1
7,run6_initcall.txt,cgroup_writeback_init,0.050516,0,7
7,run6_initcall.txt,inotify_user_setup,0.05055,0,15
7,run6_initcall.txt,eventpoll_init,0.050585,0,15
7,run6_initcall.txt,anon_inode_init,0.050616,0,10
7,run6_initcall.txt,proc_locks_init,0.05064,0,3
7,run6_initcall.txt,backing_aio_init,0.050659,0,2
7,run6_initcall.txt,init_fs_coredump_sysctls,0.05068,0,6
7,run6_initcall.txt,init_vm_drop_caches_sysctls,0.050697,0,2
7,run6_initcall.txt,iomap_dio_init,0.050736,0,23
7,run6_initcall.txt,iomap_ioend_init,0.050775,0,25
7,run6_initcall.txt,dquot_init,0.050876,0,85
7,run6_initcall.txt,proc_cmdline_init,0.050895,0,2
7,run6_initcall.txt,proc_consoles_init,0.05091,0,1
7,run6_initcall.txt,proc_cpuinfo_init,0.050926,0,1
7,run6_initcall.txt,proc_devices_init,0.05094,0,0
7,run6_initcall.txt,proc_interrupts_init,0.050955,0,1
7,run6_initcall.txt,proc_loadavg_init,0.05097,0,1
7,run6_initcall.txt,proc_meminfo_init,0.050985,0,0
7,run6_initcall.txt,proc_stat_init,0.051003,0,4
7,run6_initcall.txt,proc_uptime_init,0.051019,0,1
7,run6_initcall.txt,proc_version_init,0.051034,0,0
7,run6_initcall.txt,proc_softirqs_init,0.051049,0,1
7,run6_initcall.txt,proc_kmsg_init,0.051064,0,1
7,run6_initcall.txt,proc_page_init,0.05108,0,2
7,run6_initcall.txt,init_ramfs_fs,0.051096,0,1
7,run6_initcall.txt,aa_create_aafs,0.051112,0,0
7,run6_initcall.txt,chr_dev_init,0.053941,0,2810
7,run6_initcall.txt,hwrng_modinit,0.05402,0,43
7,run6_initcall.txt,firmware_class_init,0.05404,0,1
7,run6_initcall.txt,sysctl_core_init,0.054084,0,26
7,run6_initcall.txt,eth_offload_init,0.054101,0,0
7,run6_initcall.txt,ipv4_offload_init,0.054119,0,1
7,run6_initcall.txt,inet_init,0.057933,0,3796
7,run6_initcall.txt,af_unix_init,0.057996,0,28
7,run6_initcall.txt,ipv6_offload_init,0.058017,0,1
7,run6_initcall.txt,init_sunrpc,0.058413,0,369
7,run6_initcall.txt,vlan_offload_init,0.058434,0,0
7,run6_initcall.txt,pci_apply_final_quirks,0.058465,0,12
7,run6_initcall.txt,populate_rootfs,0.058492,0,6
7,run6_initcall.txt,register_arm64_panic_block,0.058603,0,0
7,run6_initcall.txt,cpuinfo_regs_init,0.058702,0,84
7,run6_initcall.txt,aarch32_el0_sysfs_init,0.058723,0,0
7,run6_initcall.txt,kvm_arm_init,0.062075,0,3332
7,run6_initcall.txt,proc_execdomains_init,0.062115,0,4
7,run6_initcall.txt,register_warn_debugfs,0.062138,0,4
7,run6_initcall.txt,cpuhp_sysfs_init,0.062213,0,56
7,run6_initcall.txt,ioresources_init,0.062238,0,5
7,run6_initcall.txt,psi_proc_init,0.062255,0,0
7,run6_initcall.txt,irq_gc_init_ops,0.062271,0,0
7,run6_initcall.txt,irq_debugfs_init,0.062368,0,74
7,run6_initcall.txt,proc_modules_init,0.062388,0,2
7,run6_initcall.txt,timer_sysctl_init,0.062412,0,7
7,run6_initcall.txt,timekeeping_init_ops,0.062429,0,0
7,run6_initcall.txt,init_clocksource_sysfs,0.062504,0,58
7,run6_initcall.txt,init_timer_list_procfs,0.062524,0,1
7,run6_initcall.txt,alarmtimer_init,0.062596,0,55
7,run6_initcall.txt,clockevents_init_sysfs,0.062726,0,111
7,run6_initcall.txt,sched_clock_syscore_init,0.062745,0,0
7,run6_initcall.txt,kallsyms_init,0.062765,0,2
7,run6_initcall.txt,pid_namespaces_init,0.062806,0,23
7,run6_initcall.txt,audit_watch_init,0.062825,0,0
7,run6_initcall.txt,audit_fsnotify_init,0.062842,0,0
7,run6_initcall.txt,audit_tree_init,0.062862,0,2
7,run6_initcall.txt,seccomp_sysctl_init,0.062884,0,4
7,run6_initcall.txt,utsname_sysctl_init,0.062908,0,6
7,run6_initcall.txt,init_lstats_procfs,0.06293,0,3
7,run6_initcall.txt,perf_event_sysfs_init,0.063001,0,51
7,run6_initcall.txt,system_trusted_keyring_init,0.063035,0,14
7,run6_initcall.txt,kswapd_init,0.063217,0,162
7,run6_initcall.txt,extfrag_debug_init,0.063246,0,9
7,run6_initcall.txt,mm_compute_batch_init,0.063265,0,0
7,run6_initcall.txt,slab_proc_init,0.063283,0,3
7,run6_initcall.txt,workingset_init,0.063306,0,8
7,run6_initcall.txt,proc_vmalloc_init,0.063322,0,1
7,run6_initcall.txt,memblock_init_debugfs,0.063344,0,6
7,run6_initcall.txt,slab_debugfs_init,0.063365,0,4
7,run6_initcall.txt,procswaps_init,0.063382,0,1
7,run6_initcall.txt,zs_init,0.063399,0,0
7,run6_initcall.txt,fcntl_init,0.063418,0,2
7,run6_initcall.txt,proc_filesystems_init,0.063438,0,1
7,run6_initcall.txt,start_dirtytime_writeback,0.063462,0,5
7,run6_initcall.txt,dio_init,0.063482,0,1
7,run6_initcall.txt,dnotify_init,0.063513,0,13
7,run6_initcall.txt,fanotify_user_setup,0.063542,0,10
7,run6_initcall.txt,aio_setup,0.063597,0,36
7,run6_initcall.txt,mbcache_init,0.063621,0,5
7,run6_initcall.txt,init_grace,0.063638,0,2
7,run6_initcall.txt,init_devpts_fs,0.063661,0,7
7,run6_initcall.txt,ext4_init_fs,0.063753,0,77
7,run6_initcall.txt,journal_init,0.063788,0,18
7,run6_initcall.txt,init_fat_fs,0.063811,0,6
7,run6_initcall.txt,init_vfat_fs,0.063827,0,1
7,run6_initcall.txt,init_msdos_fs,0.063842,0,0
7,run6_initcall.txt,init_nfs_fs,0.063988,0,131
7,run6_initcall.txt,init_nfs_v2,0.064008,0,0
7,run6_initcall.txt,init_nfs_v3,0.064023,0,0
7,run6_initcall.txt,init_nfs_v4,0.064067,0,29
7,run6_initcall.txt,nfs4filelayout_init,0.06409,0,6
7,run6_initcall.txt,nfs4flexfilelayout_init,0.064112,0,7
7,run6_initcall.txt,init_nlm,0.064154,0,26
7,run6_initcall.txt,init_nls_cp437,0.064171,0,1
7,run6_initcall.txt,init_nls_ascii,0.064186,0,0
7,run6_initcall.txt,init_autofs_fs,0.064288,0,86
7,run6_initcall.txt,init_f2fs_fs,0.064428,0,122
7,run6_initcall.txt,ipc_init,0.06446,0,13
7,run6_initcall.txt,ipc_sysctl_init,0.064493,0,17
7,run6_initcall.txt,init_mqueue_fs,0.064544,0,35
7,run6_initcall.txt,key_proc_init,0.064565,0,3
7,run6_initcall.txt,bpf_crypto_skcipher_init,0.064582,0,0
7,run6_initcall.txt,dh_init,0.064603,0,4
7,run6_initcall.txt,rsa_init,0.064622,0,1
7,run6_initcall.txt,cryptomgr_init,0.064639,0,0
7,run6_initcall.txt,hmac_module_init,0.064656,0,0
7,run6_initcall.txt,crypto_sha256_mod_init,0.064678,0,5
7,run6_initcall.txt,crypto_ecb_module_init,0.064695,0,0
7,run6_initcall.txt,crypto_cbc_module_init,0.064712,0,0
7,run6_initcall.txt,crypto_cts_module_init,0.064729,0,0
7,run6_initcall.txt,xts_module_init,0.064746,0,0
7,run6_initcall.txt,des_generic_mod_init,0.064765,0,2
7,run6_initcall.txt,aes_init,0.064782,0,0
7,run6_initcall.txt,lzo_mod_init,0.0648,0,1
7,run6_initcall.txt,lzorle_mod_init,0.064817,0,1
7,run6_initcall.txt,asymmetric_key_init,0.064839,0,5
7,run6_initcall.txt,x509_key_init,0.064861,0,6
7,run6_initcall.txt,crypto_kdf108_init,0.064878,0,0
7,run6_initcall.txt,blkdev_init,0.064906,0,11
7,run6_initcall.txt,proc_genhd_init,0.064926,0,1
7,run6_initcall.txt,bsg_init,0.064959,0,15
7,run6_initcall.txt,throtl_init,0.065045,0,69
7,run6_initcall.txt,deadline_init,0.06507,0,6
7,run6_initcall.txt,kyber_init,0.065092,0,5
7,run6_initcall.txt,bfq_init,0.06513,0,22
7,run6_initcall.txt,io_uring_init,0.065172,0,24
7,run6_initcall.txt,btree_module_init,0.065196,0,3
7,run6_initcall.txt,percpu_counter_startup,0.065259,0,44
7,run6_initcall.txt,audit_classes_init,0.065291,0,6
7,run6_initcall.txt,gicv5_iwb_platform_driver_init,0.065396,0,85
7,run6_initcall.txt,mip_msi_driver_init,0.065452,0,34
7,run6_initcall.txt,bcm7038_l1_driver_init,0.065505,0,34
7,run6_initcall.txt,bcm7120_l2_driver_init,0.065565,0,39
7,run6_initcall.txt,brcmstb_l2_driver_init,0.065843,0,258
7,run6_initcall.txt,simple_pm_bus_driver_init,0.066367,0,500
7,run6_initcall.txt,phy_core_init,0.066402,0,13
7,run6_initcall.txt,brcm_usb_driver_init,0.066486,0,64
7,run6_initcall.txt,rp1_pinctrl_driver_init,0.066538,0,33
7,run6_initcall.txt,bcm2835_pinctrl_driver_init,0.067482,0,923
7,run6_initcall.txt,bcm2712_pinctrl_driver_init,0.067566,0,58
7,run6_initcall.txt,brcmvirt_gpio_driver_init,0.067623,0,36
7,run6_initcall.txt,brcmstb_gpio_driver_init,0.067679,0,34
7,run6_initcall.txt,rpi_exp_gpio_driver_init,0.068129,0,429
7,run6_initcall.txt,brcmstb_pwm_driver_init,0.068188,0,37
7,run6_initcall.txt,rp1_pwm_driver_init,0.068243,0,34
7,run6_initcall.txt,gpio_led_driver_init,0.069978,0,1710
7,run6_initcall.txt,led_pwm_driver_init,0.070041,0,40
7,run6_initcall.txt,timer_led_trigger_init,0.070065,0,1
7,run6_initcall.txt,oneshot_led_trigger_init,0.070086,0,1
7,run6_initcall.txt,heartbeat_trig_init,0.070106,0,2
7,run6_initcall.txt,bl_led_trigger_init,0.070121,0,0
7,run6_initcall.txt,ledtrig_cpu_init,0.070211,0,76
7,run6_initcall.txt,defon_led_trigger_init,0.070258,0,31
7,run6_initcall.txt,input_trig_init,0.070275,0,1
7,run6_initcall.txt,ledtrig_panic_init,0.070291,0,1
7,run6_initcall.txt,actpwr_trig_init,0.070456,0,148
7,run6_initcall.txt,pcie_portdrv_init,0.070533,0,60
7,run6_initcall.txt,pci_proc_init,0.070557,0,9
7,run6_initcall.txt,brcm_pcie_driver_init,0.183031,0,112454
7,run6_initcall.txt,bcm2708_fb_init,0.183113,0,59
7,run6_initcall.txt,simplefb_driver_init,0.189886,0,6757
7,run6_initcall.txt,of_fixed_factor_clk_driver_init,0.189977,0,38
7,run6_initcall.txt,of_fixed_clk_driver_init,0.19006,0,33
7,run6_initcall.txt,gpio_clk_driver_init,0.190149,0,42
7,run6_initcall.txt,gated_fixed_clk_driver_init,0.19024,0,35
7,run6_initcall.txt,rp1_clk_driver_init,0.190321,0,34
7,run6_initcall.txt,rp1_sdio_clk_driver_init,0.190405,0,34
7,run6_initcall.txt,clk_dvp_driver_init,0.190586,0,134
7,run6_initcall.txt,bcm2835_aux_clk_driver_init,0.1907,0,65
7,run6_initcall.txt,raspberrypi_clk_driver_init,0.206255,0,15506
7,run6_initcall.txt,dw_driver_init,0.20635,0,48
7,run6_initcall.txt,bcm2835_power_driver_init,0.206419,0,22
7,run6_initcall.txt,rpi_power_driver_init,0.225046,0,18580
7,run6_initcall.txt,brcmstb_reset_driver_init,0.227105,0,40
7,run6_initcall.txt,brcm_rescal_reset_driver_init,0.22915,0,36
7,run6_initcall.txt,rpi_reset_driver_init,0.232232,0,1092
7,run6_initcall.txt,reset_simple_driver_init,0.234337,0,89
7,run6_initcall.txt,n_null_init,0.236336,0,0
7,run6_initcall.txt,pty_init,0.238368,0,78
7,run6_initcall.txt,sysrq_init,0.240375,0,14
7,run6_initcall.txt,serial8250_init,0.242367,-19,0
7,run6_initcall.txt,bcm2835aux_serial_driver_init,0.244379,0,41
7,run6_initcall.txt,brcmuart_init,0.246415,0,54
7,run6_initcall.txt,exar_pci_driver_init,0.248433,0,28
7,run6_initcall.txt,of_platform_serial_driver_init,0.250539,0,106
7,run6_initcall.txt,serial_pci_driver_init,0.252541,0,27
7,run6_initcall.txt,pericom8250_pci_driver_init,0.254503,0,17
7,run6_initcall.txt,init_kgdboc,0.257506,0,1049
7,run6_initcall.txt,random_sysctls_init,0.259485,0,12
7,run6_initcall.txt,ttyprintk_init,0.261508,0,52
7,run6_initcall.txt,bcm2835_rng_driver_init,0.263561,0,60
7,run6_initcall.txt,bcm74110_rng_driver_init,0.265639,0,37
7,run6_initcall.txt,iproc_rng200_driver_init,0.270017,0,2311
7,run6_initcall.txt,smccc_trng_driver_init,0.272163,0,26
7,run6_initcall.txt,vc_mem_init,0.275605,0,1237
7,run6_initcall.txt,vcio_driver_init,0.279343,0,1456
7,run6_initcall.txt,bcm2712_iommu_driver_init,0.281741,0,40
7,run6_initcall.txt,bcm2712_iommu_cache_driver_init,0.284187,0,38
7,run6_initcall.txt,topology_sysfs_init,0.286694,0,60
7,run6_initcall.txt,cacheinfo_sysfs_init,0.289387,0,267
7,run6_initcall.txt,devcoredump_init,0.291887,0,8
7,run6_initcall.txt,brd_init,0.299169,0,4817
7,run6_initcall.txt,loop_init,0.305238,0,3636
7,run6_initcall.txt,bcm2835_pm_driver_init,0.309017,0,1341
7,run6_initcall.txt,stmpe_i2c_driver_init,0.311445,0,15
7,run6_initcall.txt,stmpe_spi_driver_init,0.313886,0,12
7,run6_initcall.txt,rp1_driver_init,0.316344,0,33
7,run6_initcall.txt,system_heap_create,0.318856,0,76
7,run6_initcall.txt,add_default_cma_heap,0.321331,0,78
7,run6_initcall.txt,udmabuf_dev_init,0.323804,0,41
7,run6_initcall.txt,iscsi_transport_init,0.327678,0,1430
7,run6_initcall.txt,init_sd,0.33015,0,22
7,run6_initcall.txt,nvme_core_init,0.332855,0,254
7,run6_initcall.txt,nvme_init,0.335338,0,26
7,run6_initcall.txt,blackhole_netdev_init,0.33777,0,17
7,run6_initcall.txt,netkit_init,0.340197,0,5
7,run6_initcall.txt,phylink_init,0.342618,0,0
7,run6_initcall.txt,phy_module_init,0.345224,0,181
7,run6_initcall.txt,phy_module_init,0.347809,0,177
7,run6_initcall.txt,fixed_mdio_bus_init,0.350372,0,151
7,run6_initcall.txt,phy_module_init,0.352962,0,167
7,run6_initcall.txt,phy_module_init,0.35535,0,18
7,run6_initcall.txt,phy_module_init,0.357784,0,60
7,run6_initcall.txt,unimac_mdio_driver_init,0.360283,0,124
7,run6_initcall.txt,macb_driver_init,0.362763,0,128
7,run6_initcall.txt,bcmgenet_driver_init,0.563262,0,198142
7,run6_initcall.txt,bcmasp_driver_init,0.565716,0,76
7,run6_initcall.txt,lan78xx_driver_init,0.569333,0,1230
7,run6_initcall.txt,smsc95xx_driver_init,0.572952,0,1225
7,run6_initcall.txt,usbnet_init,0.575382,0,0
7,run6_initcall.txt,xhci_hcd_init,0.577805,0,12
7,run6_initcall.txt,xhci_pci_init,0.706095,0,125889
7,run6_initcall.txt,xhci_plat_init,0.708526,0,123
7,run6_initcall.txt,dwc_otg_driver_init,0.715404,0,4584
7,run6_initcall.txt,dwc_common_port_init_module,0.718958,0,1296
7,run6_initcall.txt,dwc3_driver_init,0.721231,0,51
7,run6_initcall.txt,dwc3_haps_driver_init,0.723513,0,24
7,run6_initcall.txt,dwc3_of_simple_driver_init,0.725842,0,60
7,run6_initcall.txt,dwc3_generic_driver_init,0.728138,0,39
7,run6_initcall.txt,dwc2_platform_driver_init,0.730538,0,162
7,run6_initcall.txt,uas_init,0.733965,0,1201
7,run6_initcall.txt,usb_storage_driver_init,0.737318,0,1125
7,run6_initcall.txt,brcmstb_usb_pinmap_init,0.739573,-19,69
7,run6_initcall.txt,bdc_driver_init,0.741832,0,45
7,run6_initcall.txt,input_leds_init,0.744074,0,1
7,run6_initcall.txt,mousedev_init,0.747529,0,1223
7,run6_initcall.txt,evdev_init,0.749803,0,0
7,run6_initcall.txt,brcmstb_waketmr_driver_init,0.752116,0,45
7,run6_initcall.txt,rpi_rtc_driver_init,0.754404,0,39
7,run6_initcall.txt,init_rc_map_adstech_dvb_t_pci,0.756648,0,0
7,run6_initcall.txt,init_rc_map_alink_dtu_m,0.758906,0,0
7,run6_initcall.txt,init_rc_map_anysee,0.761153,0,0
7,run6_initcall.txt,init_rc_map_apac_viewcomp,0.763423,0,0
7,run6_initcall.txt,init_rc_map_t2hybrid,0.765699,0,1
7,run6_initcall.txt,init_rc_map_asus_pc39,0.767965,0,0
7,run6_initcall.txt,init_rc_map_asus_ps3_100,0.770226,0,0
7,run6_initcall.txt,init_rc_map_ati_tv_wonder_hd_600,0.772451,0,0
7,run6_initcall.txt,init_rc_map_ati_x10,0.774727,0,0
7,run6_initcall.txt,init_rc_map_avermedia_a16d,0.777023,0,0
7,run6_initcall.txt,init_rc_map_avermedia_cardbus,0.779322,0,0
7,run6_initcall.txt,init_rc_map_avermedia_dvbt,0.781608,0,0
7,run6_initcall.txt,init_rc_map_avermedia_m135a,0.783912,0,0
7,run6_initcall.txt,init_rc_map_avermedia_m733a_rm_k6,0.786232,0,0
7,run6_initcall.txt,init_rc_map_avermedia,0.788506,0,0
7,run6_initcall.txt,init_rc_map_avermedia_rm_ks,0.790819,0,0
7,run6_initcall.txt,init_rc_map_avertv_303,0.793131,0,0
7,run6_initcall.txt,init_rc_map_azurewave_ad_tu700,0.795442,0,0
7,run6_initcall.txt,init_rc_map_beelink_gs1,0.797746,0,0
7,run6_initcall.txt,init_rc_map_beelink_mxiii,0.800061,0,0
7,run6_initcall.txt,init_rc_map_behold_columbus,0.802372,0,0
7,run6_initcall.txt,init_rc_map_behold,0.804636,0,0
7,run6_initcall.txt,init_rc_map_budget_ci_old,0.807198,0,0
7,run6_initcall.txt,init_rc_map_cinergy_1400,0.809488,0,0
7,run6_initcall.txt,init_rc_map_cinergy,0.811758,0,0
7,run6_initcall.txt,init_rc_map_ct_90405,0.814014,0,0
7,run6_initcall.txt,init_rc_map_d680_dmb,0.816264,0,0
7,run6_initcall.txt,init_rc_map_delock_61959,0.818534,0,0
7,run6_initcall.txt,init_rc_map,0.820754,0,0
7,run6_initcall.txt,init_rc_map,0.823041,0,0
7,run6_initcall.txt,init_rc_map_digitalnow_tinytwin,0.825368,0,0
7,run6_initcall.txt,init_rc_map_digittrade,0.82778,0,0
7,run6_initcall.txt,init_rc_map_dm1105_nec,0.829993,0,0
7,run6_initcall.txt,init_rc_map_dntv_live_dvb_t,0.832253,0,0
7,run6_initcall.txt,init_rc_map_dntv_live_dvbt_pro,0.834457,0,0
7,run6_initcall.txt,init_rc_map_dreambox,0.836654,0,0
7,run6_initcall.txt,init_rc_map_dtt200u,0.838853,0,0
7,run6_initcall.txt,init_rc_map_rc5_dvbsky,0.841045,0,0
7,run6_initcall.txt,init_rc_map_dvico_mce,0.843345,0,0
7,run6_initcall.txt,init_rc_map_dvico_portable,0.845536,0,1
7,run6_initcall.txt,init_rc_map_em_terratec,0.847718,0,0
7,run6_initcall.txt,init_rc_map_encore_enltv2,0.849893,0,0
7,run6_initcall.txt,init_rc_map_encore_enltv_fm53,0.85209,0,0
7,run6_initcall.txt,init_rc_map_encore_enltv,0.854279,0,0
7,run6_initcall.txt,init_rc_map_evga_indtube,0.856436,0,0
7,run6_initcall.txt,init_rc_map_eztv,0.858618,0,0
7,run6_initcall.txt,init_rc_map_flydvb,0.860782,0,0
7,run6_initcall.txt,init_rc_map_flyvideo,0.862937,0,0
7,run6_initcall.txt,init_rc_map_fusionhdtv_mce,0.865092,0,0
7,run6_initcall.txt,init_rc_map_gadmei_rm008z,0.867236,0,0
7,run6_initcall.txt,init_rc_map_geekbox,0.869369,0,0
7,run6_initcall.txt,init_rc_map_genius_tvgo_a11mce,0.871465,0,0
7,run6_initcall.txt,init_rc_map_gotview7135,0.873585,0,0
7,run6_initcall.txt,init_rc_map_rc5_hauppauge_new,0.875721,0,0
7,run6_initcall.txt,init_rc_map_hisi_poplar,0.877861,0,0
7,run6_initcall.txt,init_rc_map_hisi_tv_demo,0.880022,0,0
7,run6_initcall.txt,init_rc_map_imon_mce,0.882169,0,0
7,run6_initcall.txt,init_rc_map_imon_pad,0.884315,0,0
7,run6_initcall.txt,init_rc_map_imon_rsc,0.886453,0,0
7,run6_initcall.txt,init_rc_map_iodata_bctv7e,0.888527,0,0
7,run6_initcall.txt,init_rc_it913x_v1_map,0.890652,0,0
7,run6_initcall.txt,init_rc_it913x_v2_map,0.892763,0,0
7,run6_initcall.txt,init_rc_map_kaiomy,0.894957,0,0
7,run6_initcall.txt,init_rc_map_khadas,0.897068,0,0
7,run6_initcall.txt,init_rc_map_khamsin,0.899207,0,0
7,run6_initcall.txt,init_rc_map_kworld_315u,0.901305,0,0
7,run6_initcall.txt,init_rc_map_kworld_pc150u,0.903401,0,0
7,run6_initcall.txt,init_rc_map_kworld_plus_tv_analog,0.905472,0,0
7,run6_initcall.txt,init_rc_map_leadtek_y04g0051,0.9076,0,0
7,run6_initcall.txt,init_rc_lme2510_map,0.909724,0,0
7,run6_initcall.txt,init_rc_map_manli,0.911864,0,0
7,run6_initcall.txt,init_rc_map_mecool_kiii_pro,0.914013,0,0
7,run6_initcall.txt,init_rc_map_mecool_kii_pro,0.916165,0,0
7,run6_initcall.txt,init_rc_map_medion_x10_digitainer,0.918307,0,0
7,run6_initcall.txt,init_rc_map_medion_x10,0.920458,0,0
7,run6_initcall.txt,init_rc_map_medion_x10_or2x,0.922579,0,0
7,run6_initcall.txt,init_rc_map_minix_neo,0.924725,0,0
7,run6_initcall.txt,init_rc_map_msi_digivox_iii,0.926887,0,0
7,run6_initcall.txt,init_rc_map_msi_digivox_ii,0.929058,0,0
7,run6_initcall.txt,init_rc_map_msi_tvanywhere,0.931224,0,0
7,run6_initcall.txt,init_rc_map_msi_tvanywhere_plus,0.933382,0,0
7,run6_initcall.txt,init_rc_map_mygica_utv3,0.935538,0,0
7,run6_initcall.txt,init_rc_map_nebula,0.937688,0,0
7,run6_initcall.txt,init_rc_map_nec_terratec_cinergy_xs,0.939826,0,0
7,run6_initcall.txt,init_rc_map_norwood,0.941983,0,0
7,run6_initcall.txt,init_rc_map_npgtech,0.944138,0,0
7,run6_initcall.txt,init_rc_map_odroid,0.946286,0,0
7,run6_initcall.txt,init_rc_map_pctv_sedna,0.94842,0,0
7,run6_initcall.txt,init_rc_map_pine64,0.951702,0,0
7,run6_initcall.txt,init_rc_map_pinnacle_color,0.954053,0,0
7,run6_initcall.txt,init_rc_map_pinnacle_grey,0.956199,0,0
7,run6_initcall.txt,init_rc_map_pinnacle_pctv_hd,0.958364,0,0
7,run6_initcall.txt,init_rc_map_pixelview,0.960529,0,0
7,run6_initcall.txt,init_rc_map_pixelview,0.962711,0,0
7,run6_initcall.txt,init_rc_map_pixelview_new,0.96493,0,0
7,run6_initcall.txt,init_rc_map_pixelview,0.967127,0,0
7,run6_initcall.txt,init_rc_map_powercolor_real_angel,0.969317,0,0
7,run6_initcall.txt,init_rc_map_proteus_2309,0.971481,0,0
7,run6_initcall.txt,init_rc_map_purpletv,0.97367,0,0
7,run6_initcall.txt,init_rc_map_pv951,0.975856,0,0
7,run6_initcall.txt,init_rc_map_rc6_mce,0.978032,0,0
7,run6_initcall.txt,init_rc_map_real_audio_220_32_keys,0.98022,0,0
7,run6_initcall.txt,init_rc_map_reddo,0.98241,0,0
7,run6_initcall.txt,init_rc_map_siemens_gigaset_rc20,0.984608,0,0
7,run6_initcall.txt,init_rc_map_snapstream_firefly,0.986812,0,0
7,run6_initcall.txt,init_rc_map_streamzap,0.988986,0,0
7,run6_initcall.txt,init_rc_map_su3000,0.991207,0,0
7,run6_initcall.txt,init_rc_map_tanix_tx3mini,0.993408,0,0
7,run6_initcall.txt,init_rc_map_tanix_tx5max,0.995599,0,0
7,run6_initcall.txt,init_rc_map_tbs_nec,0.997798,0,0
7,run6_initcall.txt,init_rc_map,1.000028,0,0
7,run6_initcall.txt,init_rc_map,1.002241,0,0
7,run6_initcall.txt,init_rc_map_terratec_cinergy_c_pci,1.004436,0,0
7,run6_initcall.txt,init_rc_map_terratec_cinergy_s2_hd,1.006642,0,0
7,run6_initcall.txt,init_rc_map_terratec_cinergy_xs,1.008851,0,0
7,run6_initcall.txt,init_rc_map_terratec_slim_2,1.011059,0,0
7,run6_initcall.txt,init_rc_map_terratec_slim,1.013268,0,0
7,run6_initcall.txt,init_rc_map_tevii_nec,1.015542,0,0
7,run6_initcall.txt,init_rc_map_tivo,1.017766,0,0
7,run6_initcall.txt,init_rc_map_total_media_in_hand_02,1.019985,0,0
7,run6_initcall.txt,init_rc_map_total_media_in_hand,1.022169,0,0
7,run6_initcall.txt,init_rc_map_trekstor,1.024392,0,0
7,run6_initcall.txt,init_rc_map_tt_1500,1.026605,0,0
7,run6_initcall.txt,init_rc_map_twinhan_vp1027,1.028821,0,0
7,run6_initcall.txt,init_rc_map_twinhan_dtv_cab_ci,1.031055,0,0
7,run6_initcall.txt,init_rc_map_vega_s9x,1.033276,0,0
7,run6_initcall.txt,init_rc_map_videomate_k100,1.035492,0,0
7,run6_initcall.txt,init_rc_map_videomate_s350,1.037688,0,0
7,run6_initcall.txt,init_rc_map_videomate_tv_pvr,1.039874,0,0
7,run6_initcall.txt,init_rc_map_kii_pro,1.042062,0,0
7,run6_initcall.txt,init_rc_map_wetek_hub,1.04426,0,0
7,run6_initcall.txt,init_rc_map_wetek_play2,1.046607,0,0
7,run6_initcall.txt,init_rc_map_winfast,1.048794,0,0
7,run6_initcall.txt,init_rc_map_winfast_usbii_deluxe,1.050972,0,0
7,run6_initcall.txt,init_rc_map_x96max,1.053165,0,0
7,run6_initcall.txt,init_rc_map,1.05531,0,0
7,run6_initcall.txt,init_rc_map,1.057482,0,0
7,run6_initcall.txt,init_rc_map_zx_irdec,1.059689,0,0
7,run6_initcall.txt,ptp_kvm_init,1.061844,-95,0
7,run6_initcall.txt,gpio_poweroff_driver_init,1.064102,0,82
7,run6_initcall.txt,bcm2711_thermal_driver_init,1.067668,0,1384
7,run6_initcall.txt,bcm2835_thermal_driver_init,1.06992,0,53
7,run6_initcall.txt,bcm2835_wdt_driver_init,1.072266,0,29
7,run6_initcall.txt,dt_cpufreq_platdrv_init,1.074574,0,27
7,run6_initcall.txt,brcm_avs_cpufreq_platdrv_init,1.076838,0,40
7,run6_initcall.txt,raspberrypi_cpufreq_driver_init,1.082091,0,2991
7,run6_initcall.txt,mmc_pwrseq_simple_driver_init,1.084592,0,66
7,run6_initcall.txt,mmc_pwrseq_emmc_driver_init,1.086999,0,41
7,run6_initcall.txt,mmc_blk_init,1.089439,0,38
7,run6_initcall.txt,sdhci_drv_init,1.094398,0,2480
7,run6_initcall.txt,bcm2835_mmc_driver_init,1.101517,0,1225
7,run6_initcall.txt,bcm2835_driver_init,1.104043,0,63
7,run6_initcall.txt,sdhci_pltfm_drv_init,1.110036,0,2383
7,run6_initcall.txt,sdhci_iproc_driver_init,1.112566,0,105
7,run6_initcall.txt,sdhci_brcmstb_driver_init,1.112646,0,67
7,run6_initcall.txt,esrt_sysfs_init,1.11266,-38,1
7,run6_initcall.txt,smccc_devices_init,1.112682,0,1
7,run6_initcall.txt,smccc_soc_init,1.112694,0,1
7,run6_initcall.txt,arch_timer_mmio_drv_init,1.112743,0,40
7,run6_initcall.txt,arch_timer_mmio_acpi_drv_init,1.112776,0,24
7,run6_initcall.txt,hid_init,1.112858,0,73
7,run6_initcall.txt,hid_generic_init,1.112902,0,35
7,run6_initcall.txt,hid_init,1.112948,0,37
7,run6_initcall.txt,vchiq_driver_init,1.124322,0,11365
7,run6_initcall.txt,bcm74110_mbox_driver_init,1.150338,0,80
7,run6_initcall.txt,extcon_class_init,1.152687,0,7
7,run6_initcall.txt,armv8_pmu_driver_init,1.158011,0,3017
7,run6_initcall.txt,binder_init,1.160446,0,50
7,run6_initcall.txt,rpi_otp_driver_init,1.166602,0,3818
7,run6_initcall.txt,sock_diag_init,1.168932,0,26
7,run6_initcall.txt,blackhole_init,1.171204,0,1
7,run6_initcall.txt,cls_bpf_init_mod,1.173459,0,0
7,run6_initcall.txt,gre_offload_init,1.175727,0,0
7,run6_initcall.txt,sysctl_ipv4_init,1.178029,0,72
7,run6_initcall.txt,cubictcp_register,1.180256,0,2
7,run6_initcall.txt,packet_init,1.183592,0,1116
7,run6_initcall.txt,init_rpcsec_gss,1.185876,0,17
7,run6_initcall.txt,init_kerberos_module,1.188086,0,9
7,run6_initcall.txt,dcbnl_init,1.19032,0,3
7,run6_initcall.txt,init_dns_resolver,1.193632,0,1101
7,run6_initcall.txt,handshake_init,1.195915,0,29
7,run6_initcall.txt,check_mmu_enabled_at_boot,1.198178,0,0
7,run6_initcall.txt,finalize_pkvm,1.200444,0,0
7,run6_initcall.txt,kernel_do_mounts_initrd_sysctls_init,1.203956,0,4
7,run6_initcall.txt,kernel_panic_sysctls_init,1.206223,0,11
7,run6_initcall.txt,kernel_panic_sysfs_init,1.208523,0,4
7,run6_initcall.txt,kernel_exit_sysctls_init,1.210855,0,2
7,run6_initcall.txt,kernel_exit_sysfs_init,1.213172,0,2
7,run6_initcall.txt,param_sysfs_builtin_init,1.224995,0,9481
7,run6_initcall.txt,reboot_ksysfs_init,1.227435,0,21
7,run6_initcall.txt,sched_core_sysctl_init,1.229795,0,4
7,run6_initcall.txt,sched_fair_sysctl_init,1.232148,0,1
7,run6_initcall.txt,sched_rt_sysctl_init,1.234533,0,3
7,run6_initcall.txt,sched_dl_sysctl_init,1.236838,0,6
7,run6_initcall.txt,sched_init_debug,1.239139,0,77
7,run6_initcall.txt,cpu_latency_qos_init,1.241477,0,105
7,run6_initcall.txt,printk_late_init,1.243982,0,20
7,run6_initcall.txt,init_srcu_module_notifier,1.246284,0,1
7,run6_initcall.txt,kernel_rcu_stall_sysfs_init,1.248632,0,5
7,run6_initcall.txt,swiotlb_create_default_debugfs,1.251045,0,18
7,run6_initcall.txt,tk_debug_sleep_time_init,1.253378,0,2
7,run6_initcall.txt,bpf_ksym_iter_register,1.255695,0,0
7,run6_initcall.txt,kernel_acct_sysctls_init,1.258044,0,4
7,run6_initcall.txt,bpf_rstat_kfunc_init,1.260452,0,0
7,run6_initcall.txt,debugfs_kprobe_init,1.263392,0,17
7,run6_initcall.txt,kernel_delayacct_sysctls_init,1.265758,0,7
7,run6_initcall.txt,taskstats_init,1.269286,0,1181
7,run6_initcall.txt,bpf_global_ma_init,1.271706,0,115
7,run6_initcall.txt,bpf_syscall_sysctl_init,1.274063,0,5
7,run6_initcall.txt,unbound_reg_init,1.276402,0,0
7,run6_initcall.txt,kfunc_init,1.278718,0,1
7,run6_initcall.txt,bpf_map_iter_init,1.281034,0,1
7,run6_initcall.txt,init_subsystem,1.283343,0,0
7,run6_initcall.txt,task_iter_init,1.28563,0,1
7,run6_initcall.txt,bpf_prog_iter_init,1.288092,0,0
7,run6_initcall.txt,bpf_link_iter_init,1.290369,0,0
7,run6_initcall.txt,init_trampolines,1.29261,0,2
7,run6_initcall.txt,rqspinlock_register_kfuncs,1.29485,0,0
7,run6_initcall.txt,kfunc_init,1.297076,0,0
7,run6_initcall.txt,bpf_cgroup_iter_init,1.29929,0,0
7,run6_initcall.txt,cpumask_kfunc_init,1.301506,0,7
7,run6_initcall.txt,crypto_kfunc_init,1.303729,0,0
7,run6_initcall.txt,bpf_kmem_cache_iter_init,1.30591,0,0
7,run6_initcall.txt,dmabuf_iter_init,1.30814,0,0
7,run6_initcall.txt,load_system_certificate_list,1.311488,0,1116
7,run6_initcall.txt,init_lru_gen,1.313779,0,18
7,run6_initcall.txt,vmstat_late_init,1.316081,0,2
7,run6_initcall.txt,fault_around_debugfs,1.318354,0,3
7,run6_initcall.txt,slab_sysfs_init,1.324272,0,3670
7,run6_initcall.txt,max_swapfiles_check,1.326573,0,0
7,run6_initcall.txt,zswap_init,1.328792,0,0
7,run6_initcall.txt,mempolicy_sysfs_init,1.331026,0,15
7,run6_initcall.txt,memory_tier_late_init,1.335588,0,2327
7,run6_initcall.txt,check_early_ioremap_leak,1.337787,0,0
7,run6_initcall.txt,mg_debugfs_init,1.340022,0,14
7,run6_initcall.txt,fscrypt_init,1.344519,0,2284
7,run6_initcall.txt,pstore_init,1.346737,0,10
7,run6_initcall.txt,init_root_keyring,1.348967,0,32
7,run6_initcall.txt,init_profile_hash,1.351189,0,0
7,run6_initcall.txt,integrity_fs_init,1.353412,0,7
7,run6_initcall.txt,crypto_algapi_init,1.35561,0,11
7,run6_initcall.txt,blk_timeout_init,1.357819,0,0
7,run6_initcall.txt,depot_debugfs_init,1.360083,0,26
7,run6_initcall.txt,pci_resource_alignment_sysfs_init,1.362326,0,5
7,run6_initcall.txt,pci_sysfs_init,1.364586,0,11
7,run6_initcall.txt,clk_debug_init,1.367249,0,400
7,run6_initcall.txt,genpd_debug_init,1.369866,0,349
7,run6_initcall.txt,sync_state_resume_initcall,1.372115,0,0
7,run6_initcall.txt,deferred_probe_initcall,1.44272,0,68319
7,run6_initcall.txt,efi_shutdown_init,1.444891,-19,0
7,run6_initcall.txt,efi_earlycon_unmap_fb,1.447066,0,0
7,run6_initcall.txt,psci_debugfs_init,1.44938,0,0
7,run6_initcall.txt,of_cfs_init,1.453725,0,2165
7,run6_initcall.txt,of_fdt_raw_init,1.455824,0,29
7,run6_initcall.txt,bpf_kfunc_init,1.457925,0,1
7,run6_initcall.txt,init_subsystem,1.460047,0,0
7,run6_initcall.txt,xdp_metadata_init,1.462151,0,0
7,run6_initcall.txt,bpf_sockmap_iter_init,1.464241,0,1
7,run6_initcall.txt,bpf_sk_storage_map_iter_init,1.466347,0,0
7,run6_initcall.txt,bpf_prog_test_run_init,1.46846,0,0
7,run6_initcall.txt,bpf_dummy_struct_ops_init,1.47056,0,0
7,run6_initcall.txt,tcp_congestion_default,1.472633,0,1
7,run6_initcall.txt,inet_blackhole_dev_init,1.474736,0,7
7,run6_initcall.txt,ip_auto_config,1.476844,0,13
7,run6_initcall.txt,tcp_bpf_v4_build_proto,1.478934,0,1
7,run6_initcall.txt,udp_bpf_v4_build_proto,1.480984,0,0
7,run6_initcall.txt,bpf_tcp_ca_kfunc_init,1.483017,0,0
7,run6_initcall.txt,bpf_mptcp_kfunc_init,1.485032,0,0
7,run6_initcall.txt,fb_logo_late_init,1.487047,0,0
7,run6_initcall.txt,amba_stub_drv_init,1.489066,0,24
7,run6_initcall.txt,clk_disable_unused,1.496146,0,5019
7,run6_initcall.txt,genpd_power_off_unused,1.499484,0,1124
7,run6_initcall.txt,regulator_init_complete,1.501734,0,1
7,run6_initcall.txt,of_platform_sync_state_init,1.504028,0,20
8,run7_initcall.txt,user_namespace_sysctl_init,0.049351,0,0
8,run7_initcall.txt,proc_schedstat_init,0.049375,0,0
8,run7_initcall.txt,init_rtmutex_sysctl,0.049391,0,0
8,run7_initcall.txt,pm_sysrq_init,0.049444,0,0
8,run7_initcall.txt,init_rcu_stall_sysctl,0.049463,0,0
8,run7_initcall.txt,init_module_sysctl,0.049481,0,0
8,run7_initcall.txt,create_proc_profile,0.0495,0,0
8,run7_initcall.txt,cgroup_sysfs_init,0.049526,0,0
8,run7_initcall.txt,user_namespaces_init,0.049554,0,0
8,run7_initcall.txt,hung_task_init,0.049659,0,0
8,run7_initcall.txt,dev_map_init,0.049682,0,0
8,run7_initcall.txt,netns_bpf_init,0.049701,0,0
8,run7_initcall.txt,oom_init,0.049766,0,0
8,run7_initcall.txt,init_user_buckets,0.049785,0,0
8,run7_initcall.txt,init_vm_util_sysctls,0.04981,0,0
8,run7_initcall.txt,default_bdi_init,0.049917,0,0
8,run7_initcall.txt,cgwb_init,0.049938,0,0
8,run7_initcall.txt,percpu_enable_async,0.049954,0,0
8,run7_initcall.txt,kcompactd_init,0.050059,0,0
8,run7_initcall.txt,init_mm_sysctl,0.050078,0,0
8,run7_initcall.txt,init_user_reserve,0.050095,0,0
8,run7_initcall.txt,init_admin_reserve,0.05011,0,0
8,run7_initcall.txt,init_reserve_notifier,0.050125,0,0
8,run7_initcall.txt,swap_init,0.050146,0,0
8,run7_initcall.txt,swapfile_init,0.050168,0,0
8,run7_initcall.txt,memory_tier_init,0.050214,0,0
8,run7_initcall.txt,numa_init_sysfs,0.050234,0,0
8,run7_initcall.txt,mem_cgroup_swap_init,0.050252,0,0
8,run7_initcall.txt,init_msg_buckets,0.050269,0,0
8,run7_initcall.txt,init_bio,0.050316,0,0
8,run7_initcall.txt,blk_ioc_init,0.050336,0,0
8,run7_initcall.txt,blk_mq_init,0.050354,0,0
8,run7_initcall.txt,genhd_device_init,0.050449,0,0
8,run7_initcall.txt,blkcg_punt_bio_init,0.050549,0,0
8,run7_initcall.txt,blk_integrity_auto_init,0.050622,0,0
8,run7_initcall.txt,io_wq_init,0.050645,0,0
8,run7_initcall.txt,crc_t10dif_mod_init,0.050671,0,0
8,run7_initcall.txt,sha256_mod_init,0.050691,0,0
8,run7_initcall.txt,sha512_mod_init,0.050708,0,0
8,run7_initcall.txt,sg_pool_init,0.050745,0,0
8,run7_initcall.txt,gpiolib_debugfs_init,0.05077,0,0
8,run7_initcall.txt,stmpe_gpio_init,0.050869,0,0
8,run7_initcall.txt,pwm_init,0.050901,0,0
8,run7_initcall.txt,leds_init,0.050938,0,0
8,run7_initcall.txt,pci_slot_init,0.050962,0,0
8,run7_initcall.txt,fbmem_init,0.05102,0,0
8,run7_initcall.txt,bcm2835_dma_init,0.051709,0,0
8,run7_initcall.txt,regulator_fixed_voltage_init,0.051789,0,0
8,run7_initcall.txt,gpio_regulator_init,0.051849,0,0
8,run7_initcall.txt,init_sysrq_sysctl,0.051872,0,0
8,run7_initcall.txt,misc_init,0.051901,0,0
8,run7_initcall.txt,iommu_subsys_init,0.051936,0,0
8,run7_initcall.txt,register_cpu_capacity_sysctl,0.052254,0,4000
8,run7_initcall.txt,dma_buf_init,0.052329,0,0
8,run7_initcall.txt,dma_heap_init,0.052359,0,0
8,run7_initcall.txt,init_scsi,0.052461,0,0
8,run7_initcall.txt,mdio_bus_init,0.052496,0,0
8,run7_initcall.txt,phy_init,0.05254,0,0
8,run7_initcall.txt,usb_common_init,0.052561,0,0
8,run7_initcall.txt,usb_init,0.052669,0,0
8,run7_initcall.txt,usb_phy_generic_init,0.052819,0,0
8,run7_initcall.txt,usb_udc_init,0.052851,0,0
8,run7_initcall.txt,usb_roles_init,0.05287,0,0
8,run7_initcall.txt,input_init,0.052893,0,0
8,run7_initcall.txt,rtc_init,0.052915,0,0
8,run7_initcall.txt,rc_core_init,0.052943,0,0
8,run7_initcall.txt,pps_init,0.052978,0,0
8,run7_initcall.txt,ptp_init,0.053005,0,0
8,run7_initcall.txt,power_supply_class_init,0.053037,0,0
8,run7_initcall.txt,hwmon_init,0.05306,0,0
8,run7_initcall.txt,mmc_init,0.053102,0,0
8,run7_initcall.txt,dmi_init,0.05312,0,0
8,run7_initcall.txt,efisubsys_init,0.053139,0,0
8,run7_initcall.txt,arm_pmu_hp_init,0.053159,0,0
8,run7_initcall.txt,ras_init,0.05318,0,0
8,run7_initcall.txt,nvmem_init,0.053219,0,0
8,run7_initcall.txt,init_soundcore,0.05324,0,0
8,run7_initcall.txt,proto_init,0.05326,0,0
8,run7_initcall.txt,net_dev_init,0.053471,0,0
8,run7_initcall.txt,neigh_init,0.053492,0,0
8,run7_initcall.txt,fib_notifier_init,0.053508,0,0
8,run7_initcall.txt,netdev_genl_init,0.053549,0,0
8,run7_initcall.txt,page_pool_user_init,0.053568,0,0
8,run7_initcall.txt,fib_rules_init,0.053586,0,0
8,run7_initcall.txt,init_cgroup_netprio,0.053603,0,0
8,run7_initcall.txt,bpf_lwt_init,0.05362,0,0
8,run7_initcall.txt,pktsched_init,0.053641,0,0
8,run7_initcall.txt,tc_filter_init,0.053676,0,0
8,run7_initcall.txt,tc_action_init,0.053694,0,0
8,run7_initcall.txt,ethnl_init,0.053767,0,0
8,run7_initcall.txt,nexthop_init,0.053789,0,0
8,run7_initcall.txt,devlink_init,0.053867,0,0
8,run7_initcall.txt,wireless_nlevent_init,0.053888,0,0
8,run7_initcall.txt,vsprintf_init_hashval,0.053907,0,0
8,run7_initcall.txt,init_32bit_el0_mask,0.053924,0,0
8,run7_initcall.txt,vga_arb_device_init,0.05406,0,0
8,run7_initcall.txt,watchdog_init,0.054185,0,0
8,run7_initcall.txt,create_debug_debugfs_entry,0.054291,0,0
8,run7_initcall.txt,iomem_init_inode,0.054402,0,0
8,run7_initcall.txt,clocksource_done_booting,0.054453,0,14
8,run7_initcall.txt,bpf_init,0.054477,0,5
8,run7_initcall.txt,secretmem_init,0.054508,0,12
8,run7_initcall.txt,init_fs_stat_sysctls,0.054535,0,9
8,run7_initcall.txt,init_fs_exec_sysctls,0.054554,0,1
8,run7_initcall.txt,init_pipe_fs,0.054587,0,15
8,run7_initcall.txt,init_fs_namei_sysctls,0.05461,0,2
8,run7_initcall.txt,init_fs_dcache_sysctls,0.054637,0,9
8,run7_initcall.txt,init_fs_namespace_sysctls,0.054657,0,1
8,run7_initcall.txt,cgroup_writeback_init,0.054681,0,5
8,run7_initcall.txt,inotify_user_setup,0.054712,0,13
8,run7_initcall.txt,eventpoll_init,0.054751,0,19
8,run7_initcall.txt,anon_inode_init,0.054782,0,11
8,run7_initcall.txt,proc_locks_init,0.054806,0,4
8,run7_initcall.txt,backing_aio_init,0.054825,0,2
8,run7_initcall.txt,init_fs_coredump_sysctls,0.054846,0,6
8,run7_initcall.txt,init_vm_drop_caches_sysctls,0.054864,0,2
8,run7_initcall.txt,iomap_dio_init,0.054903,0,23
8,run7_initcall.txt,iomap_ioend_init,0.054942,0,24
8,run7_initcall.txt,dquot_init,0.055057,0,100
8,run7_initcall.txt,proc_cmdline_init,0.055076,0,2
8,run7_initcall.txt,proc_consoles_init,0.055093,0,1
8,run7_initcall.txt,proc_cpuinfo_init,0.055109,0,1
8,run7_initcall.txt,proc_devices_init,0.055123,0,0
8,run7_initcall.txt,proc_interrupts_init,0.055139,0,1
8,run7_initcall.txt,proc_loadavg_init,0.055156,0,3
8,run7_initcall.txt,proc_meminfo_init,0.055171,0,1
8,run7_initcall.txt,proc_stat_init,0.055187,0,1
8,run7_initcall.txt,proc_uptime_init,0.055202,0,0
8,run7_initcall.txt,proc_version_init,0.055217,0,0
8,run7_initcall.txt,proc_softirqs_init,0.055232,0,0
8,run7_initcall.txt,proc_kmsg_init,0.055248,0,1
8,run7_initcall.txt,proc_page_init,0.055264,0,2
8,run7_initcall.txt,init_ramfs_fs,0.05528,0,1
8,run7_initcall.txt,aa_create_aafs,0.055297,0,1
8,run7_initcall.txt,chr_dev_init,0.058101,0,2785
8,run7_initcall.txt,hwrng_modinit,0.058175,0,43
8,run7_initcall.txt,firmware_class_init,0.058201,0,2
8,run7_initcall.txt,sysctl_core_init,0.058252,0,32
8,run7_initcall.txt,eth_offload_init,0.05827,0,1
8,run7_initcall.txt,ipv4_offload_init,0.058291,0,1
8,run7_initcall.txt,inet_init,0.062103,0,3795
8,run7_initcall.txt,af_unix_init,0.06216,0,22
8,run7_initcall.txt,ipv6_offload_init,0.06219,0,1
8,run7_initcall.txt,init_sunrpc,0.062571,0,364
8,run7_initcall.txt,vlan_offload_init,0.062592,0,0
8,run7_initcall.txt,pci_apply_final_quirks,0.062622,0,12
8,run7_initcall.txt,populate_rootfs,0.06265,0,7
8,run7_initcall.txt,register_arm64_panic_block,0.062764,0,1
8,run7_initcall.txt,cpuinfo_regs_init,0.062875,0,92
8,run7_initcall.txt,aarch32_el0_sysfs_init,0.062893,0,0
8,run7_initcall.txt,kvm_arm_init,0.066313,0,3401
8,run7_initcall.txt,proc_execdomains_init,0.066353,0,3
8,run7_initcall.txt,register_warn_debugfs,0.066376,0,3
8,run7_initcall.txt,cpuhp_sysfs_init,0.066423,0,28
8,run7_initcall.txt,ioresources_init,0.066467,0,4
8,run7_initcall.txt,psi_proc_init,0.066486,0,0
8,run7_initcall.txt,irq_gc_init_ops,0.066509,0,0
8,run7_initcall.txt,irq_debugfs_init,0.066597,0,73
8,run7_initcall.txt,proc_modules_init,0.066617,0,2
8,run7_initcall.txt,timer_sysctl_init,0.066641,0,8
8,run7_initcall.txt,timekeeping_init_ops,0.066658,0,0
8,run7_initcall.txt,init_clocksource_sysfs,0.066732,0,58
8,run7_initcall.txt,init_timer_list_procfs,0.066752,0,1
8,run7_initcall.txt,alarmtimer_init,0.066825,0,55
8,run7_initcall.txt,clockevents_init_sysfs,0.066951,0,107
8,run7_initcall.txt,sched_clock_syscore_init,0.06697,0,0
8,run7_initcall.txt,kallsyms_init,0.066989,0,2
8,run7_initcall.txt,pid_namespaces_init,0.067027,0,21
8,run7_initcall.txt,audit_watch_init,0.067047,0,0
8,run7_initcall.txt,audit_fsnotify_init,0.067064,0,0
8,run7_initcall.txt,audit_tree_init,0.067084,0,2
8,run7_initcall.txt,seccomp_sysctl_init,0.067106,0,4
8,run7_initcall.txt,utsname_sysctl_init,0.067131,0,6
8,run7_initcall.txt,init_lstats_procfs,0.067152,0,3
8,run7_initcall.txt,perf_event_sysfs_init,0.067225,0,54
8,run7_initcall.txt,system_trusted_keyring_init,0.067261,0,15
8,run7_initcall.txt,kswapd_init,0.067473,0,190
8,run7_initcall.txt,extfrag_debug_init,0.067502,0,8
8,run7_initcall.txt,mm_compute_batch_init,0.067522,0,0
8,run7_initcall.txt,slab_proc_init,0.067538,0,2
8,run7_initcall.txt,workingset_init,0.067562,0,8
8,run7_initcall.txt,proc_vmalloc_init,0.067578,0,1
8,run7_initcall.txt,memblock_init_debugfs,0.067599,0,5
8,run7_initcall.txt,slab_debugfs_init,0.06762,0,4
8,run7_initcall.txt,procswaps_init,0.067638,0,2
8,run7_initcall.txt,zs_init,0.067656,0,0
8,run7_initcall.txt,fcntl_init,0.067677,0,2
8,run7_initcall.txt,proc_filesystems_init,0.067697,0,1
8,run7_initcall.txt,start_dirtytime_writeback,0.06772,0,5
8,run7_initcall.txt,dio_init,0.06774,0,1
8,run7_initcall.txt,dnotify_init,0.067775,0,17
8,run7_initcall.txt,fanotify_user_setup,0.067805,0,10
8,run7_initcall.txt,aio_setup,0.067862,0,38
8,run7_initcall.txt,mbcache_init,0.067885,0,6
8,run7_initcall.txt,init_grace,0.067903,0,2
8,run7_initcall.txt,init_devpts_fs,0.067926,0,8
8,run7_initcall.txt,ext4_init_fs,0.06802,0,79
8,run7_initcall.txt,journal_init,0.068054,0,17
8,run7_initcall.txt,init_fat_fs,0.068077,0,8
8,run7_initcall.txt,init_vfat_fs,0.068093,0,1
8,run7_initcall.txt,init_msdos_fs,0.068108,0,0
8,run7_initcall.txt,init_nfs_fs,0.068257,0,134
8,run7_initcall.txt,init_nfs_v2,0.068276,0,0
8,run7_initcall.txt,init_nfs_v3,0.068291,0,0
8,run7_initcall.txt,init_nfs_v4,0.068335,0,29
8,run7_initcall.txt,nfs4filelayout_init,0.068357,0,6
8,run7_initcall.txt,nfs4flexfilelayout_init,0.068379,0,6
8,run7_initcall.txt,init_nlm,0.068423,0,29
8,run7_initcall.txt,init_nls_cp437,0.06844,0,0
8,run7_initcall.txt,init_nls_ascii,0.068456,0,0
8,run7_initcall.txt,init_autofs_fs,0.068555,0,83
8,run7_initcall.txt,init_f2fs_fs,0.068697,0,125
8,run7_initcall.txt,ipc_init,0.068731,0,15
8,run7_initcall.txt,ipc_sysctl_init,0.068765,0,17
8,run7_initcall.txt,init_mqueue_fs,0.068821,0,40
8,run7_initcall.txt,key_proc_init,0.068841,0,3
8,run7_initcall.txt,bpf_crypto_skcipher_init,0.068859,0,0
8,run7_initcall.txt,dh_init,0.06888,0,2
8,run7_initcall.txt,rsa_init,0.068898,0,1
8,run7_initcall.txt,cryptomgr_init,0.068915,0,0
8,run7_initcall.txt,hmac_module_init,0.068932,0,0
8,run7_initcall.txt,crypto_sha256_mod_init,0.068954,0,4
8,run7_initcall.txt,crypto_ecb_module_init,0.068971,0,0
8,run7_initcall.txt,crypto_cbc_module_init,0.068988,0,0
8,run7_initcall.txt,crypto_cts_module_init,0.069006,0,0
8,run7_initcall.txt,xts_module_init,0.069023,0,0
8,run7_initcall.txt,des_generic_mod_init,0.069042,0,1
8,run7_initcall.txt,aes_init,0.069059,0,0
8,run7_initcall.txt,lzo_mod_init,0.069077,0,1
8,run7_initcall.txt,lzorle_mod_init,0.069094,0,1
8,run7_initcall.txt,asymmetric_key_init,0.069117,0,5
8,run7_initcall.txt,x509_key_init,0.06914,0,6
8,run7_initcall.txt,crypto_kdf108_init,0.069157,0,0
8,run7_initcall.txt,blkdev_init,0.069186,0,12
8,run7_initcall.txt,proc_genhd_init,0.069206,0,2
8,run7_initcall.txt,bsg_init,0.069239,0,15
8,run7_initcall.txt,throtl_init,0.069327,0,71
8,run7_initcall.txt,deadline_init,0.069352,0,6
8,run7_initcall.txt,kyber_init,0.069375,0,6
8,run7_initcall.txt,bfq_init,0.069412,0,20
8,run7_initcall.txt,io_uring_init,0.069451,0,20
8,run7_initcall.txt,btree_module_init,0.069472,0,2
8,run7_initcall.txt,percpu_counter_startup,0.069533,0,42
8,run7_initcall.txt,audit_classes_init,0.069562,0,3
8,run7_initcall.txt,gicv5_iwb_platform_driver_init,0.069665,0,83
8,run7_initcall.txt,mip_msi_driver_init,0.069721,0,34
8,run7_initcall.txt,bcm7038_l1_driver_init,0.069779,0,39
8,run7_initcall.txt,bcm7120_l2_driver_init,0.069839,0,39
8,run7_initcall.txt,brcmstb_l2_driver_init,0.070109,0,248
8,run7_initcall.txt,simple_pm_bus_driver_init,0.070624,0,494
8,run7_initcall.txt,phy_core_init,0.070655,0,10
8,run7_initcall.txt,brcm_usb_driver_init,0.070744,0,70
8,run7_initcall.txt,rp1_pinctrl_driver_init,0.070796,0,33
8,run7_initcall.txt,bcm2835_pinctrl_driver_init,0.071744,0,927
8,run7_initcall.txt,bcm2712_pinctrl_driver_init,0.071829,0,58
8,run7_initcall.txt,brcmvirt_gpio_driver_init,0.071888,0,37
8,run7_initcall.txt,brcmstb_gpio_driver_init,0.071943,0,34
8,run7_initcall.txt,rpi_exp_gpio_driver_init,0.072376,0,412
8,run7_initcall.txt,brcmstb_pwm_driver_init,0.072434,0,36
8,run7_initcall.txt,rp1_pwm_driver_init,0.072494,0,34
8,run7_initcall.txt,gpio_led_driver_init,0.074239,0,1725
8,run7_initcall.txt,led_pwm_driver_init,0.074306,0,43
8,run7_initcall.txt,timer_led_trigger_init,0.074327,0,1
8,run7_initcall.txt,oneshot_led_trigger_init,0.074346,0,0
8,run7_initcall.txt,heartbeat_trig_init,0.074366,0,2
8,run7_initcall.txt,bl_led_trigger_init,0.07438,0,0
8,run7_initcall.txt,ledtrig_cpu_init,0.074518,0,124
8,run7_initcall.txt,defon_led_trigger_init,0.074596,0,34
8,run7_initcall.txt,input_trig_init,0.074613,0,1
8,run7_initcall.txt,ledtrig_panic_init,0.074629,0,1
8,run7_initcall.txt,actpwr_trig_init,0.074787,0,143
8,run7_initcall.txt,pcie_portdrv_init,0.074862,0,56
8,run7_initcall.txt,pci_proc_init,0.074888,0,10
8,run7_initcall.txt,brcm_pcie_driver_init,0.187324,0,112420
8,run7_initcall.txt,bcm2708_fb_init,0.187403,0,57
8,run7_initcall.txt,simplefb_driver_init,0.19436,0,6942
8,run7_initcall.txt,of_fixed_factor_clk_driver_init,0.194457,0,44
8,run7_initcall.txt,of_fixed_clk_driver_init,0.194542,0,33
8,run7_initcall.txt,gpio_clk_driver_init,0.194639,0,43
8,run7_initcall.txt,gated_fixed_clk_driver_init,0.194721,0,34
8,run7_initcall.txt,rp1_clk_driver_init,0.194806,0,38
8,run7_initcall.txt,rp1_sdio_clk_driver_init,0.194886,0,34
8,run7_initcall.txt,clk_dvp_driver_init,0.195066,0,133
8,run7_initcall.txt,bcm2835_aux_clk_driver_init,0.19518,0,66
8,run7_initcall.txt,raspberrypi_clk_driver_init,0.210754,0,15524
8,run7_initcall.txt,dw_driver_init,0.210849,0,48
8,run7_initcall.txt,bcm2835_power_driver_init,0.210919,0,23
8,run7_initcall.txt,rpi_power_driver_init,0.229184,0,18217
8,run7_initcall.txt,brcmstb_reset_driver_init,0.231201,0,42
8,run7_initcall.txt,brcm_rescal_reset_driver_init,0.233206,0,40
8,run7_initcall.txt,rpi_reset_driver_init,0.236213,0,1055
8,run7_initcall.txt,reset_simple_driver_init,0.23824,0,86
8,run7_initcall.txt,n_null_init,0.240222,0,0
8,run7_initcall.txt,pty_init,0.24225,0,76
8,run7_initcall.txt,sysrq_init,0.244237,0,14
8,run7_initcall.txt,serial8250_init,0.246194,-19,0
8,run7_initcall.txt,bcm2835aux_serial_driver_init,0.248205,0,43
8,run7_initcall.txt,brcmuart_init,0.250236,0,74
8,run7_initcall.txt,exar_pci_driver_init,0.252237,0,26
8,run7_initcall.txt,of_platform_serial_driver_init,0.254252,0,98
8,run7_initcall.txt,serial_pci_driver_init,0.25623,0,26
8,run7_initcall.txt,pericom8250_pci_driver_init,0.258196,0,20
8,run7_initcall.txt,init_kgdboc,0.26119,0,1036
8,run7_initcall.txt,random_sysctls_init,0.263143,0,15
8,run7_initcall.txt,ttyprintk_init,0.265162,0,62
8,run7_initcall.txt,bcm2835_rng_driver_init,0.267184,0,61
8,run7_initcall.txt,bcm74110_rng_driver_init,0.269212,0,37
8,run7_initcall.txt,iproc_rng200_driver_init,0.273469,0,2264
8,run7_initcall.txt,smccc_trng_driver_init,0.275625,0,35
8,run7_initcall.txt,vc_mem_init,0.279005,0,1219
8,run7_initcall.txt,vcio_driver_init,0.282682,0,1440
8,run7_initcall.txt,bcm2712_iommu_driver_init,0.285032,0,40
8,run7_initcall.txt,bcm2712_iommu_cache_driver_init,0.2874,0,38
8,run7_initcall.txt,topology_sysfs_init,0.289857,0,63
8,run7_initcall.txt,cacheinfo_sysfs_init,0.292534,0,231
8,run7_initcall.txt,devcoredump_init,0.295008,0,8
8,run7_initcall.txt,brd_init,0.302285,0,4839
8,run7_initcall.txt,loop_init,0.308401,0,3707
8,run7_initcall.txt,bcm2835_pm_driver_init,0.312142,0,1337
8,run7_initcall.txt,stmpe_i2c_driver_init,0.314542,0,14
8,run7_initcall.txt,stmpe_spi_driver_init,0.31693,0,11
8,run7_initcall.txt,rp1_driver_init,0.31934,0,25
8,run7_initcall.txt,system_heap_create,0.321755,0,78
8,run7_initcall.txt,add_default_cma_heap,0.324224,0,80
8,run7_initcall.txt,udmabuf_dev_init,0.326646,0,49
8,run7_initcall.txt,iscsi_transport_init,0.330426,0,1411
8,run7_initcall.txt,init_sd,0.332843,0,24
8,run7_initcall.txt,nvme_core_init,0.335475,0,243
8,run7_initcall.txt,nvme_init,0.337848,0,25
8,run7_initcall.txt,blackhole_netdev_init,0.34027,0,23
8,run7_initcall.txt,netkit_init,0.34265,0,6
8,run7_initcall.txt,phylink_init,0.34501,0,0
8,run7_initcall.txt,phy_module_init,0.347545,0,167
8,run7_initcall.txt,phy_module_init,0.350082,0,176
8,run7_initcall.txt,fixed_mdio_bus_init,0.352606,0,150
8,run7_initcall.txt,phy_module_init,0.355106,0,163
8,run7_initcall.txt,phy_module_init,0.357483,0,20
8,run7_initcall.txt,phy_module_init,0.359895,0,73
8,run7_initcall.txt,unimac_mdio_driver_init,0.362331,0,121
8,run7_initcall.txt,macb_driver_init,0.36477,0,116
8,run7_initcall.txt,bcmgenet_driver_init,0.563461,0,196379
8,run7_initcall.txt,bcmasp_driver_init,0.565853,0,83
8,run7_initcall.txt,lan78xx_driver_init,0.569368,0,1181
8,run7_initcall.txt,smsc95xx_driver_init,0.572887,0,1194
8,run7_initcall.txt,usbnet_init,0.575273,0,0
8,run7_initcall.txt,xhci_hcd_init,0.577639,0,12
8,run7_initcall.txt,xhci_pci_init,0.705671,0,125686
8,run7_initcall.txt,xhci_plat_init,0.708067,0,123
8,run7_initcall.txt,dwc_otg_driver_init,0.714845,0,4528
8,run7_initcall.txt,dwc_common_port_init_module,0.718298,0,1215
8,run7_initcall.txt,dwc3_driver_init,0.720556,0,52
8,run7_initcall.txt,dwc3_haps_driver_init,0.722819,0,30
8,run7_initcall.txt,dwc3_of_simple_driver_init,0.72511,0,59
8,run7_initcall.txt,dwc3_generic_driver_init,0.72737,0,41
8,run7_initcall.txt,dwc2_platform_driver_init,0.729714,0,148
8,run7_initcall.txt,uas_init,0.733109,0,1203
8,run7_initcall.txt,usb_storage_driver_init,0.73639,0,1090
8,run7_initcall.txt,brcmstb_usb_pinmap_init,0.738607,-19,64
8,run7_initcall.txt,bdc_driver_init,0.74083,0,44
8,run7_initcall.txt,input_leds_init,0.743023,0,1
8,run7_initcall.txt,mousedev_init,0.746392,0,1185
8,run7_initcall.txt,evdev_init,0.748622,0,0
8,run7_initcall.txt,brcmstb_waketmr_driver_init,0.750882,0,47
8,run7_initcall.txt,rpi_rtc_driver_init,0.753115,0,39
8,run7_initcall.txt,init_rc_map_adstech_dvb_t_pci,0.755316,0,0
8,run7_initcall.txt,init_rc_map_alink_dtu_m,0.757522,0,0
8,run7_initcall.txt,init_rc_map_anysee,0.759727,0,0
8,run7_initcall.txt,init_rc_map_apac_viewcomp,0.761946,0,0
8,run7_initcall.txt,init_rc_map_t2hybrid,0.764178,0,0
8,run7_initcall.txt,init_rc_map_asus_pc39,0.766396,0,0
8,run7_initcall.txt,init_rc_map_asus_ps3_100,0.768606,0,0
8,run7_initcall.txt,init_rc_map_ati_tv_wonder_hd_600,0.770778,0,0
8,run7_initcall.txt,init_rc_map_ati_x10,0.772998,0,0
8,run7_initcall.txt,init_rc_map_avermedia_a16d,0.775237,0,0
8,run7_initcall.txt,init_rc_map_avermedia_cardbus,0.777479,0,0
8,run7_initcall.txt,init_rc_map_avermedia_dvbt,0.779717,0,0
8,run7_initcall.txt,init_rc_map_avermedia_m135a,0.781958,0,0
8,run7_initcall.txt,init_rc_map_avermedia_m733a_rm_k6,0.784223,0,0
8,run7_initcall.txt,init_rc_map_avermedia,0.786454,0,0
8,run7_initcall.txt,init_rc_map_avermedia_rm_ks,0.788689,0,0
8,run7_initcall.txt,init_rc_map_avertv_303,0.790958,0,0
8,run7_initcall.txt,init_rc_map_azurewave_ad_tu700,0.793211,0,0
8,run7_initcall.txt,init_rc_map_beelink_gs1,0.795466,0,0
8,run7_initcall.txt,init_rc_map_beelink_mxiii,0.797707,0,0
8,run7_initcall.txt,init_rc_map_behold_columbus,0.799967,0,0
8,run7_initcall.txt,init_rc_map_behold,0.802211,0,0
8,run7_initcall.txt,init_rc_map_budget_ci_old,0.804693,0,0
8,run7_initcall.txt,init_rc_map_cinergy_1400,0.806925,0,0
8,run7_initcall.txt,init_rc_map_cinergy,0.809133,0,0
8,run7_initcall.txt,init_rc_map_ct_90405,0.811338,0,0
8,run7_initcall.txt,init_rc_map_d680_dmb,0.81353,0,0
8,run7_initcall.txt,init_rc_map_delock_61959,0.815754,0,0
8,run7_initcall.txt,init_rc_map,0.817931,0,0
8,run7_initcall.txt,init_rc_map,0.820219,0,0
8,run7_initcall.txt,init_rc_map_digitalnow_tinytwin,0.822397,0,0
8,run7_initcall.txt,init_rc_map_digittrade,0.824769,0,0
8,run7_initcall.txt,init_rc_map_dm1105_nec,0.826936,0,0
8,run7_initcall.txt,init_rc_map_dntv_live_dvb_t,0.829093,0,0
8,run7_initcall.txt,init_rc_map_dntv_live_dvbt_pro,0.831269,0,0
8,run7_initcall.txt,init_rc_map_dreambox,0.833432,0,0
8,run7_initcall.txt,init_rc_map_dtt200u,0.835604,0,0
8,run7_initcall.txt,init_rc_map_rc5_dvbsky,0.837721,0,0
8,run7_initcall.txt,init_rc_map_dvico_mce,0.839997,0,0
8,run7_initcall.txt,init_rc_map_dvico_portable,0.842158,0,0
8,run7_initcall.txt,init_rc_map_em_terratec,0.8443,0,0
8,run7_initcall.txt,init_rc_map_encore_enltv2,0.846445,0,0
8,run7_initcall.txt,init_rc_map_encore_enltv_fm53,0.848598,0,0
8,run7_initcall.txt,init_rc_map_encore_enltv,0.85076,0,0
8,run7_initcall.txt,init_rc_map_evga_indtube,0.852892,0,0
8,run7_initcall.txt,init_rc_map_eztv,0.854992,0,0
8,run7_initcall.txt,init_rc_map_flydvb,0.857102,0,0
8,run7_initcall.txt,init_rc_map_flyvideo,0.859205,0,0
8,run7_initcall.txt,init_rc_map_fusionhdtv_mce,0.86132,0,0
8,run7_initcall.txt,init_rc_map_gadmei_rm008z,0.863422,0,0
8,run7_initcall.txt,init_rc_map_geekbox,0.865504,0,0
8,run7_initcall.txt,init_rc_map_genius_tvgo_a11mce,0.8676,0,0
8,run7_initcall.txt,init_rc_map_gotview7135,0.86967,0,0
8,run7_initcall.txt,init_rc_map_rc5_hauppauge_new,0.871756,0,0
8,run7_initcall.txt,init_rc_map_hisi_poplar,0.873867,0,0
8,run7_initcall.txt,init_rc_map_hisi_tv_demo,0.87598,0,0
8,run7_initcall.txt,init_rc_map_imon_mce,0.878085,0,0
8,run7_initcall.txt,init_rc_map_imon_pad,0.880203,0,0
8,run7_initcall.txt,init_rc_map_imon_rsc,0.882307,0,0
8,run7_initcall.txt,init_rc_map_iodata_bctv7e,0.884389,0,0
8,run7_initcall.txt,init_rc_it913x_v1_map,0.886533,0,0
8,run7_initcall.txt,init_rc_it913x_v2_map,0.888612,0,0
8,run7_initcall.txt,init_rc_map_kaiomy,0.890693,0,0
8,run7_initcall.txt,init_rc_map_khadas,0.892769,0,0
8,run7_initcall.txt,init_rc_map_khamsin,0.894836,0,0
8,run7_initcall.txt,init_rc_map_kworld_315u,0.896893,0,0
8,run7_initcall.txt,init_rc_map_kworld_pc150u,0.899001,0,0
8,run7_initcall.txt,init_rc_map_kworld_plus_tv_analog,0.901057,0,0
8,run7_initcall.txt,init_rc_map_leadtek_y04g0051,0.903109,0,0
8,run7_initcall.txt,init_rc_lme2510_map,0.905165,0,0
8,run7_initcall.txt,init_rc_map_manli,0.907256,0,0
8,run7_initcall.txt,init_rc_map_mecool_kiii_pro,0.909358,0,0
8,run7_initcall.txt,init_rc_map_mecool_kii_pro,0.911459,0,0
8,run7_initcall.txt,init_rc_map_medion_x10_digitainer,0.913553,0,0
8,run7_initcall.txt,init_rc_map_medion_x10,0.915649,0,0
8,run7_initcall.txt,init_rc_map_medion_x10_or2x,0.917742,0,0
8,run7_initcall.txt,init_rc_map_minix_neo,0.919812,0,0
8,run7_initcall.txt,init_rc_map_msi_digivox_iii,0.921917,0,0
8,run7_initcall.txt,init_rc_map_msi_digivox_ii,0.924052,0,0
8,run7_initcall.txt,init_rc_map_msi_tvanywhere,0.926175,0,0
8,run7_initcall.txt,init_rc_map_msi_tvanywhere_plus,0.928292,0,0
8,run7_initcall.txt,init_rc_map_mygica_utv3,0.9304,0,0
8,run7_initcall.txt,init_rc_map_nebula,0.932524,0,0
8,run7_initcall.txt,init_rc_map_nec_terratec_cinergy_xs,0.934632,0,0
8,run7_initcall.txt,init_rc_map_norwood,0.936702,0,0
8,run7_initcall.txt,init_rc_map_npgtech,0.938817,0,0
8,run7_initcall.txt,init_rc_map_odroid,0.940917,0,0
8,run7_initcall.txt,init_rc_map_pctv_sedna,0.944114,0,0
8,run7_initcall.txt,init_rc_map_pine64,0.946259,0,0
8,run7_initcall.txt,init_rc_map_pinnacle_color,0.948444,0,0
8,run7_initcall.txt,init_rc_map_pinnacle_grey,0.950586,0,0
8,run7_initcall.txt,init_rc_map_pinnacle_pctv_hd,0.952725,0,0
8,run7_initcall.txt,init_rc_map_pixelview,0.954829,0,0
8,run7_initcall.txt,init_rc_map_pixelview,0.956963,0,0
8,run7_initcall.txt,init_rc_map_pixelview_new,0.95912,0,0
8,run7_initcall.txt,init_rc_map_pixelview,0.961267,0,0
8,run7_initcall.txt,init_rc_map_powercolor_real_angel,0.963425,0,0
8,run7_initcall.txt,init_rc_map_proteus_2309,0.965581,0,0
8,run7_initcall.txt,init_rc_map_purpletv,0.967741,0,0
8,run7_initcall.txt,init_rc_map_pv951,0.969859,0,0
8,run7_initcall.txt,init_rc_map_rc6_mce,0.971994,0,0
8,run7_initcall.txt,init_rc_map_real_audio_220_32_keys,0.974136,0,0
8,run7_initcall.txt,init_rc_map_reddo,0.976289,0,0
8,run7_initcall.txt,init_rc_map_siemens_gigaset_rc20,0.978455,0,0
8,run7_initcall.txt,init_rc_map_snapstream_firefly,0.980624,0,0
8,run7_initcall.txt,init_rc_map_streamzap,0.982806,0,0
8,run7_initcall.txt,init_rc_map_su3000,0.984997,0,0
8,run7_initcall.txt,init_rc_map_tanix_tx3mini,0.987142,0,0
8,run7_initcall.txt,init_rc_map_tanix_tx5max,0.989317,0,0
8,run7_initcall.txt,init_rc_map_tbs_nec,0.991504,0,0
8,run7_initcall.txt,init_rc_map,0.993705,0,0
8,run7_initcall.txt,init_rc_map,0.995908,0,0
8,run7_initcall.txt,init_rc_map_terratec_cinergy_c_pci,0.998106,0,0
8,run7_initcall.txt,init_rc_map_terratec_cinergy_s2_hd,1.00031,0,0
8,run7_initcall.txt,init_rc_map_terratec_cinergy_xs,1.002511,0,0
8,run7_initcall.txt,init_rc_map_terratec_slim_2,1.004653,0,0
8,run7_initcall.txt,init_rc_map_terratec_slim,1.006845,0,0
8,run7_initcall.txt,init_rc_map_tevii_nec,1.009044,0,0
8,run7_initcall.txt,init_rc_map_tivo,1.011233,0,0
8,run7_initcall.txt,init_rc_map_total_media_in_hand_02,1.013403,0,0
8,run7_initcall.txt,init_rc_map_total_media_in_hand,1.015596,0,0
8,run7_initcall.txt,init_rc_map_trekstor,1.017772,0,0
8,run7_initcall.txt,init_rc_map_tt_1500,1.019914,0,0
8,run7_initcall.txt,init_rc_map_twinhan_vp1027,1.022086,0,0
8,run7_initcall.txt,init_rc_map_twinhan_dtv_cab_ci,1.024283,0,0
8,run7_initcall.txt,init_rc_map_vega_s9x,1.026465,0,0
8,run7_initcall.txt,init_rc_map_videomate_k100,1.028642,0,0
8,run7_initcall.txt,init_rc_map_videomate_s350,1.030814,0,0
8,run7_initcall.txt,init_rc_map_videomate_tv_pvr,1.032963,0,0
8,run7_initcall.txt,init_rc_map_kii_pro,1.035101,0,0
8,run7_initcall.txt,init_rc_map_wetek_hub,1.03721,0,0
8,run7_initcall.txt,init_rc_map_wetek_play2,1.039372,0,0
8,run7_initcall.txt,init_rc_map_winfast,1.041515,0,0
8,run7_initcall.txt,init_rc_map_winfast_usbii_deluxe,1.043671,0,0
8,run7_initcall.txt,init_rc_map_x96max,1.045827,0,0
8,run7_initcall.txt,init_rc_map,1.048172,0,0
8,run7_initcall.txt,init_rc_map,1.050306,0,0
8,run7_initcall.txt,init_rc_map_zx_irdec,1.052437,0,0
8,run7_initcall.txt,ptp_kvm_init,1.054529,-95,0
8,run7_initcall.txt,gpio_poweroff_driver_init,1.056745,0,85
8,run7_initcall.txt,bcm2711_thermal_driver_init,1.060283,0,1362
8,run7_initcall.txt,bcm2835_thermal_driver_init,1.06251,0,54
8,run7_initcall.txt,bcm2835_wdt_driver_init,1.064695,0,26
8,run7_initcall.txt,dt_cpufreq_platdrv_init,1.066903,0,27
8,run7_initcall.txt,brcm_avs_cpufreq_platdrv_init,1.069147,0,44
8,run7_initcall.txt,raspberrypi_cpufreq_driver_init,1.074299,0,2998
8,run7_initcall.txt,mmc_pwrseq_simple_driver_init,1.076634,0,72
8,run7_initcall.txt,mmc_pwrseq_emmc_driver_init,1.07893,0,43
8,run7_initcall.txt,mmc_blk_init,1.081207,0,30
8,run7_initcall.txt,sdhci_drv_init,1.08587,0,2287
8,run7_initcall.txt,bcm2835_mmc_driver_init,1.091595,0,2339
8,run7_initcall.txt,bcm2835_driver_init,1.095202,0,55
8,run7_initcall.txt,sdhci_pltfm_drv_init,1.101174,0,2383
8,run7_initcall.txt,sdhci_iproc_driver_init,1.103631,0,91
8,run7_initcall.txt,sdhci_brcmstb_driver_init,1.103709,0,63
8,run7_initcall.txt,esrt_sysfs_init,1.103723,-38,0
8,run7_initcall.txt,smccc_devices_init,1.103737,0,1
8,run7_initcall.txt,smccc_soc_init,1.10375,0,0
8,run7_initcall.txt,arch_timer_mmio_drv_init,1.1038,0,42
8,run7_initcall.txt,arch_timer_mmio_acpi_drv_init,1.103841,0,24
8,run7_initcall.txt,hid_init,1.103918,0,67
8,run7_initcall.txt,hid_generic_init,1.103956,0,29
8,run7_initcall.txt,hid_init,1.104002,0,37
8,run7_initcall.txt,vchiq_driver_init,1.137459,0,33446
8,run7_initcall.txt,bcm74110_mbox_driver_init,1.142709,0,83
8,run7_initcall.txt,extcon_class_init,1.145569,0,12
8,run7_initcall.txt,armv8_pmu_driver_init,1.151318,0,3144
8,run7_initcall.txt,binder_init,1.153708,0,66
8,run7_initcall.txt,rpi_otp_driver_init,1.159892,0,3841
8,run7_initcall.txt,sock_diag_init,1.162217,0,40
8,run7_initcall.txt,blackhole_init,1.164519,0,1
8,run7_initcall.txt,cls_bpf_init_mod,1.166793,0,1
8,run7_initcall.txt,gre_offload_init,1.169035,0,0
8,run7_initcall.txt,sysctl_ipv4_init,1.171289,0,72
8,run7_initcall.txt,cubictcp_register,1.173489,0,2
8,run7_initcall.txt,packet_init,1.176789,0,1104
8,run7_initcall.txt,init_rpcsec_gss,1.179027,0,16
8,run7_initcall.txt,init_kerberos_module,1.181235,0,4
8,run7_initcall.txt,dcbnl_init,1.183446,0,3
8,run7_initcall.txt,init_dns_resolver,1.186706,0,1061
8,run7_initcall.txt,handshake_init,1.188957,0,28
8,run7_initcall.txt,check_mmu_enabled_at_boot,1.191201,0,0
8,run7_initcall.txt,finalize_pkvm,1.193433,0,0
8,run7_initcall.txt,kernel_do_mounts_initrd_sysctls_init,1.196879,0,4
8,run7_initcall.txt,kernel_panic_sysctls_init,1.199129,0,11
8,run7_initcall.txt,kernel_panic_sysfs_init,1.201397,0,3
8,run7_initcall.txt,kernel_exit_sysctls_init,1.203654,0,2
8,run7_initcall.txt,kernel_exit_sysfs_init,1.205934,0,2
8,run7_initcall.txt,param_sysfs_builtin_init,1.217612,0,9362
8,run7_initcall.txt,reboot_ksysfs_init,1.21998,0,20
8,run7_initcall.txt,sched_core_sysctl_init,1.22229,0,5
8,run7_initcall.txt,sched_fair_sysctl_init,1.224596,0,1
8,run7_initcall.txt,sched_rt_sysctl_init,1.226883,0,3
8,run7_initcall.txt,sched_dl_sysctl_init,1.229136,0,2
8,run7_initcall.txt,sched_init_debug,1.231442,0,67
8,run7_initcall.txt,cpu_latency_qos_init,1.233752,0,107
8,run7_initcall.txt,printk_late_init,1.23599,0,13
8,run7_initcall.txt,init_srcu_module_notifier,1.2382,0,1
8,run7_initcall.txt,kernel_rcu_stall_sysfs_init,1.240818,0,4
8,run7_initcall.txt,swiotlb_create_default_debugfs,1.243254,0,33
8,run7_initcall.txt,tk_debug_sleep_time_init,1.245651,0,3
8,run7_initcall.txt,bpf_ksym_iter_register,1.248675,0,2
8,run7_initcall.txt,kernel_acct_sysctls_init,1.251022,0,9
8,run7_initcall.txt,bpf_rstat_kfunc_init,1.2533,0,0
8,run7_initcall.txt,debugfs_kprobe_init,1.255642,0,18
8,run7_initcall.txt,kernel_delayacct_sysctls_init,1.257948,0,4
8,run7_initcall.txt,taskstats_init,1.261444,0,1161
8,run7_initcall.txt,bpf_global_ma_init,1.263915,0,110
8,run7_initcall.txt,bpf_syscall_sysctl_init,1.266235,0,5
8,run7_initcall.txt,unbound_reg_init,1.268543,0,0
8,run7_initcall.txt,kfunc_init,1.270788,0,1
8,run7_initcall.txt,bpf_map_iter_init,1.273063,0,0
8,run7_initcall.txt,init_subsystem,1.275338,0,0
8,run7_initcall.txt,task_iter_init,1.277592,0,1
8,run7_initcall.txt,bpf_prog_iter_init,1.279902,0,0
8,run7_initcall.txt,bpf_link_iter_init,1.282148,0,0
8,run7_initcall.txt,init_trampolines,1.284385,0,2
8,run7_initcall.txt,rqspinlock_register_kfuncs,1.286572,0,0
8,run7_initcall.txt,kfunc_init,1.28877,0,0
8,run7_initcall.txt,bpf_cgroup_iter_init,1.290957,0,0
8,run7_initcall.txt,cpumask_kfunc_init,1.293154,0,17
8,run7_initcall.txt,crypto_kfunc_init,1.295345,0,0
8,run7_initcall.txt,bpf_kmem_cache_iter_init,1.297538,0,0
8,run7_initcall.txt,dmabuf_iter_init,1.299748,0,0
8,run7_initcall.txt,load_system_certificate_list,1.303048,0,1093
8,run7_initcall.txt,init_lru_gen,1.305297,0,22
8,run7_initcall.txt,vmstat_late_init,1.307565,0,3
8,run7_initcall.txt,fault_around_debugfs,1.309796,0,3
8,run7_initcall.txt,slab_sysfs_init,1.315849,0,3841
8,run7_initcall.txt,max_swapfiles_check,1.318075,0,0
8,run7_initcall.txt,zswap_init,1.320253,0,0
8,run7_initcall.txt,mempolicy_sysfs_init,1.322451,0,27
8,run7_initcall.txt,memory_tier_late_init,1.326929,0,2290
8,run7_initcall.txt,check_early_ioremap_leak,1.329114,0,0
8,run7_initcall.txt,mg_debugfs_init,1.331339,0,32
8,run7_initcall.txt,fscrypt_init,1.335777,0,2256
8,run7_initcall.txt,pstore_init,1.337925,0,11
8,run7_initcall.txt,init_root_keyring,1.34013,0,32
8,run7_initcall.txt,init_profile_hash,1.342307,0,0
8,run7_initcall.txt,integrity_fs_init,1.344528,0,21
8,run7_initcall.txt,crypto_algapi_init,1.346721,0,8
8,run7_initcall.txt,blk_timeout_init,1.34891,0,0
8,run7_initcall.txt,depot_debugfs_init,1.351117,0,5
8,run7_initcall.txt,pci_resource_alignment_sysfs_init,1.353286,0,4
8,run7_initcall.txt,pci_sysfs_init,1.355511,0,11
8,run7_initcall.txt,clk_debug_init,1.35812,0,404
8,run7_initcall.txt,genpd_debug_init,1.360692,0,343
8,run7_initcall.txt,sync_state_resume_initcall,1.362941,0,1
8,run7_initcall.txt,deferred_probe_initcall,1.43122,0,66047
8,run7_initcall.txt,efi_shutdown_init,1.433486,-19,0
8,run7_initcall.txt,efi_earlycon_unmap_fb,1.435609,0,0
8,run7_initcall.txt,psci_debugfs_init,1.437672,0,0
8,run7_initcall.txt,of_cfs_init,1.441827,0,2073
8,run7_initcall.txt,of_fdt_raw_init,1.443887,0,28
8,run7_initcall.txt,bpf_kfunc_init,1.445929,0,1
8,run7_initcall.txt,init_subsystem,1.447976,0,0
8,run7_initcall.txt,xdp_metadata_init,1.450017,0,0
8,run7_initcall.txt,bpf_sockmap_iter_init,1.452074,0,0
8,run7_initcall.txt,bpf_sk_storage_map_iter_init,1.454081,0,0
8,run7_initcall.txt,bpf_prog_test_run_init,1.456134,0,0
8,run7_initcall.txt,bpf_dummy_struct_ops_init,1.458182,0,0
8,run7_initcall.txt,tcp_congestion_default,1.46024,0,1
8,run7_initcall.txt,inet_blackhole_dev_init,1.462285,0,6
8,run7_initcall.txt,ip_auto_config,1.464337,0,9
8,run7_initcall.txt,tcp_bpf_v4_build_proto,1.466373,0,1
8,run7_initcall.txt,udp_bpf_v4_build_proto,1.468383,0,0
8,run7_initcall.txt,bpf_tcp_ca_kfunc_init,1.470323,0,0
8,run7_initcall.txt,bpf_mptcp_kfunc_init,1.472312,0,0
8,run7_initcall.txt,fb_logo_late_init,1.475284,0,0
8,run7_initcall.txt,amba_stub_drv_init,1.478299,0,20
8,run7_initcall.txt,clk_disable_unused,1.485105,0,4772
8,run7_initcall.txt,genpd_power_off_unused,1.488282,0,1081
8,run7_initcall.txt,regulator_init_complete,1.490466,0,1
8,run7_initcall.txt,of_platform_sync_state_init,1.49268,0,14
9,run8_initcall.txt,user_namespace_sysctl_init,0.045029,0,0
9,run8_initcall.txt,proc_schedstat_init,0.045059,0,0
9,run8_initcall.txt,init_rtmutex_sysctl,0.045076,0,0
9,run8_initcall.txt,pm_sysrq_init,0.045129,0,0
9,run8_initcall.txt,init_rcu_stall_sysctl,0.045148,0,0
9,run8_initcall.txt,init_module_sysctl,0.045165,0,0
9,run8_initcall.txt,create_proc_profile,0.045185,0,0
9,run8_initcall.txt,cgroup_sysfs_init,0.045208,0,0
9,run8_initcall.txt,user_namespaces_init,0.045234,0,0
9,run8_initcall.txt,hung_task_init,0.04535,0,0
9,run8_initcall.txt,dev_map_init,0.045372,0,0
9,run8_initcall.txt,netns_bpf_init,0.045391,0,0
9,run8_initcall.txt,oom_init,0.045458,0,0
9,run8_initcall.txt,init_user_buckets,0.045477,0,0
9,run8_initcall.txt,init_vm_util_sysctls,0.045499,0,0
9,run8_initcall.txt,default_bdi_init,0.045613,0,0
9,run8_initcall.txt,cgwb_init,0.045642,0,0
9,run8_initcall.txt,percpu_enable_async,0.045657,0,0
9,run8_initcall.txt,kcompactd_init,0.045766,0,0
9,run8_initcall.txt,init_mm_sysctl,0.045784,0,0
9,run8_initcall.txt,init_user_reserve,0.045802,0,0
9,run8_initcall.txt,init_admin_reserve,0.045818,0,0
9,run8_initcall.txt,init_reserve_notifier,0.045833,0,0
9,run8_initcall.txt,swap_init,0.045853,0,0
9,run8_initcall.txt,swapfile_init,0.045875,0,0
9,run8_initcall.txt,memory_tier_init,0.045918,0,0
9,run8_initcall.txt,numa_init_sysfs,0.045938,0,0
9,run8_initcall.txt,mem_cgroup_swap_init,0.045955,0,0
9,run8_initcall.txt,init_msg_buckets,0.045972,0,0
9,run8_initcall.txt,init_bio,0.046017,0,0
9,run8_initcall.txt,blk_ioc_init,0.046037,0,0
9,run8_initcall.txt,blk_mq_init,0.046055,0,0
9,run8_initcall.txt,genhd_device_init,0.046173,0,0
9,run8_initcall.txt,blkcg_punt_bio_init,0.046274,0,0
9,run8_initcall.txt,blk_integrity_auto_init,0.046347,0,0
9,run8_initcall.txt,io_wq_init,0.046367,0,0
9,run8_initcall.txt,crc_t10dif_mod_init,0.046393,0,0
9,run8_initcall.txt,sha256_mod_init,0.046412,0,0
9,run8_initcall.txt,sha512_mod_init,0.046429,0,0
9,run8_initcall.txt,sg_pool_init,0.046462,0,0
9,run8_initcall.txt,gpiolib_debugfs_init,0.046485,0,0
9,run8_initcall.txt,stmpe_gpio_init,0.046585,0,0
9,run8_initcall.txt,pwm_init,0.046612,0,0
9,run8_initcall.txt,leds_init,0.046645,0,0
9,run8_initcall.txt,pci_slot_init,0.046667,0,0
9,run8_initcall.txt,fbmem_init,0.046724,0,0
9,run8_initcall.txt,bcm2835_dma_init,0.047424,0,0
9,run8_initcall.txt,regulator_fixed_voltage_init,0.047502,0,0
9,run8_initcall.txt,gpio_regulator_init,0.047555,0,0
9,run8_initcall.txt,init_sysrq_sysctl,0.047589,0,0
9,run8_initcall.txt,misc_init,0.047616,0,0
9,run8_initcall.txt,iommu_subsys_init,0.047652,0,0
9,run8_initcall.txt,register_cpu_capacity_sysctl,0.048,0,0
9,run8_initcall.txt,dma_buf_init,0.048082,0,0
9,run8_initcall.txt,dma_heap_init,0.04811,0,0
9,run8_initcall.txt,init_scsi,0.048211,0,4000
9,run8_initcall.txt,mdio_bus_init,0.048244,0,0
9,run8_initcall.txt,phy_init,0.048289,0,0
9,run8_initcall.txt,usb_common_init,0.048311,0,0
9,run8_initcall.txt,usb_init,0.048417,0,0
9,run8_initcall.txt,usb_phy_generic_init,0.048566,0,0
9,run8_initcall.txt,usb_udc_init,0.048603,0,0
9,run8_initcall.txt,usb_roles_init,0.048622,0,0
9,run8_initcall.txt,input_init,0.048646,0,0
9,run8_initcall.txt,rtc_init,0.048665,0,0
9,run8_initcall.txt,rc_core_init,0.048691,0,0
9,run8_initcall.txt,pps_init,0.048729,0,0
9,run8_initcall.txt,ptp_init,0.048756,0,0
9,run8_initcall.txt,power_supply_class_init,0.048787,0,0
9,run8_initcall.txt,hwmon_init,0.048812,0,0
9,run8_initcall.txt,mmc_init,0.048854,0,0
9,run8_initcall.txt,dmi_init,0.048873,0,0
9,run8_initcall.txt,efisubsys_init,0.048892,0,0
9,run8_initcall.txt,arm_pmu_hp_init,0.048912,0,0
9,run8_initcall.txt,ras_init,0.048933,0,0
9,run8_initcall.txt,nvmem_init,0.048973,0,0
9,run8_initcall.txt,init_soundcore,0.048994,0,0
9,run8_initcall.txt,proto_init,0.049014,0,0
9,run8_initcall.txt,net_dev_init,0.049231,0,0
9,run8_initcall.txt,neigh_init,0.049251,0,0
9,run8_initcall.txt,fib_notifier_init,0.049268,0,0
9,run8_initcall.txt,netdev_genl_init,0.049308,0,0
9,run8_initcall.txt,page_pool_user_init,0.049326,0,0
9,run8_initcall.txt,fib_rules_init,0.049346,0,0
9,run8_initcall.txt,init_cgroup_netprio,0.049362,0,0
9,run8_initcall.txt,bpf_lwt_init,0.049379,0,0
9,run8_initcall.txt,pktsched_init,0.049403,0,0
9,run8_initcall.txt,tc_filter_init,0.049434,0,0
9,run8_initcall.txt,tc_action_init,0.049451,0,0
9,run8_initcall.txt,ethnl_init,0.049524,0,0
9,run8_initcall.txt,nexthop_init,0.049546,0,0
9,run8_initcall.txt,devlink_init,0.049626,0,0
9,run8_initcall.txt,wireless_nlevent_init,0.049646,0,0
9,run8_initcall.txt,vsprintf_init_hashval,0.049665,0,0
9,run8_initcall.txt,init_32bit_el0_mask,0.04968,0,0
9,run8_initcall.txt,vga_arb_device_init,0.049794,0,0
9,run8_initcall.txt,watchdog_init,0.049903,0,0
9,run8_initcall.txt,create_debug_debugfs_entry,0.050007,0,0
9,run8_initcall.txt,iomem_init_inode,0.050048,0,0
9,run8_initcall.txt,clocksource_done_booting,0.050098,0,14
9,run8_initcall.txt,bpf_init,0.050121,0,5
9,run8_initcall.txt,secretmem_init,0.05015,0,11
9,run8_initcall.txt,init_fs_stat_sysctls,0.050179,0,10
9,run8_initcall.txt,init_fs_exec_sysctls,0.050198,0,1
9,run8_initcall.txt,init_pipe_fs,0.050286,0,70
9,run8_initcall.txt,init_fs_namei_sysctls,0.050311,0,3
9,run8_initcall.txt,init_fs_dcache_sysctls,0.050386,0,10
9,run8_initcall.txt,init_fs_namespace_sysctls,0.050409,0,1
9,run8_initcall.txt,cgroup_writeback_init,0.050433,0,5
9,run8_initcall.txt,inotify_user_setup,0.050466,0,14
9,run8_initcall.txt,eventpoll_init,0.050502,0,16
9,run8_initcall.txt,anon_inode_init,0.050535,0,13
9,run8_initcall.txt,proc_locks_init,0.05056,0,4
9,run8_initcall.txt,backing_aio_init,0.050579,0,3
9,run8_initcall.txt,init_fs_coredump_sysctls,0.050601,0,6
9,run8_initcall.txt,init_vm_drop_caches_sysctls,0.050619,0,3
9,run8_initcall.txt,iomap_dio_init,0.050657,0,22
9,run8_initcall.txt,iomap_ioend_init,0.050695,0,24
9,run8_initcall.txt,dquot_init,0.050794,0,83
9,run8_initcall.txt,proc_cmdline_init,0.050814,0,2
9,run8_initcall.txt,proc_consoles_init,0.050829,0,1
9,run8_initcall.txt,proc_cpuinfo_init,0.050844,0,1
9,run8_initcall.txt,proc_devices_init,0.05086,0,0
9,run8_initcall.txt,proc_interrupts_init,0.050875,0,1
9,run8_initcall.txt,proc_loadavg_init,0.050891,0,0
9,run8_initcall.txt,proc_meminfo_init,0.050906,0,0
9,run8_initcall.txt,proc_stat_init,0.050924,0,3
9,run8_initcall.txt,proc_uptime_init,0.05094,0,1
9,run8_initcall.txt,proc_version_init,0.050956,0,0
9,run8_initcall.txt,proc_softirqs_init,0.050971,0,0
9,run8_initcall.txt,proc_kmsg_init,0.050987,0,1
9,run8_initcall.txt,proc_page_init,0.051004,0,2
9,run8_initcall.txt,init_ramfs_fs,0.05102,0,1
9,run8_initcall.txt,aa_create_aafs,0.051037,0,0
9,run8_initcall.txt,chr_dev_init,0.053904,0,2848
9,run8_initcall.txt,hwrng_modinit,0.053983,0,43
9,run8_initcall.txt,firmware_class_init,0.054003,0,1
9,run8_initcall.txt,sysctl_core_init,0.054048,0,27
9,run8_initcall.txt,eth_offload_init,0.054065,0,0
9,run8_initcall.txt,ipv4_offload_init,0.054083,0,1
9,run8_initcall.txt,inet_init,0.057919,0,3805
9,run8_initcall.txt,af_unix_init,0.057983,0,31
9,run8_initcall.txt,ipv6_offload_init,0.058005,0,2
9,run8_initcall.txt,init_sunrpc,0.0584,0,367
9,run8_initcall.txt,vlan_offload_init,0.058421,0,0
9,run8_initcall.txt,pci_apply_final_quirks,0.058452,0,12
9,run8_initcall.txt,populate_rootfs,0.058481,0,9
9,run8_initcall.txt,register_arm64_panic_block,0.058591,0,0
9,run8_initcall.txt,cpuinfo_regs_init,0.058692,0,85
9,run8_initcall.txt,aarch32_el0_sysfs_init,0.058712,0,0
9,run8_initcall.txt,kvm_arm_init,0.0622,0,3468
9,run8_initcall.txt,proc_execdomains_init,0.062242,0,3
9,run8_initcall.txt,register_warn_debugfs,0.062266,0,4
9,run8_initcall.txt,cpuhp_sysfs_init,0.062317,0,31
9,run8_initcall.txt,ioresources_init,0.062342,0,5
9,run8_initcall.txt,psi_proc_init,0.062359,0,0
9,run8_initcall.txt,irq_gc_init_ops,0.062374,0,0
9,run8_initcall.txt,irq_debugfs_init,0.062479,0,80
9,run8_initcall.txt,proc_modules_init,0.062498,0,1
9,run8_initcall.txt,timer_sysctl_init,0.062521,0,7
9,run8_initcall.txt,timekeeping_init_ops,0.062538,0,0
9,run8_initcall.txt,init_clocksource_sysfs,0.062614,0,58
9,run8_initcall.txt,init_timer_list_procfs,0.062633,0,1
9,run8_initcall.txt,alarmtimer_init,0.062704,0,54
9,run8_initcall.txt,clockevents_init_sysfs,0.062831,0,109
9,run8_initcall.txt,sched_clock_syscore_init,0.062851,0,0
9,run8_initcall.txt,kallsyms_init,0.06287,0,2
9,run8_initcall.txt,pid_namespaces_init,0.062911,0,23
9,run8_initcall.txt,audit_watch_init,0.06293,0,0
9,run8_initcall.txt,audit_fsnotify_init,0.062948,0,0
9,run8_initcall.txt,audit_tree_init,0.062967,0,2
9,run8_initcall.txt,seccomp_sysctl_init,0.062989,0,4
9,run8_initcall.txt,utsname_sysctl_init,0.063014,0,6
9,run8_initcall.txt,init_lstats_procfs,0.063036,0,3
9,run8_initcall.txt,perf_event_sysfs_init,0.063105,0,50
9,run8_initcall.txt,system_trusted_keyring_init,0.063142,0,17
9,run8_initcall.txt,kswapd_init,0.063346,0,183
9,run8_initcall.txt,extfrag_debug_init,0.063375,0,9
9,run8_initcall.txt,mm_compute_batch_init,0.063393,0,0
9,run8_initcall.txt,slab_proc_init,0.063411,0,2
9,run8_initcall.txt,workingset_init,0.063435,0,9
9,run8_initcall.txt,proc_vmalloc_init,0.063451,0,1
9,run8_initcall.txt,memblock_init_debugfs,0.063473,0,5
9,run8_initcall.txt,slab_debugfs_init,0.063495,0,5
9,run8_initcall.txt,procswaps_init,0.063512,0,1
9,run8_initcall.txt,zs_init,0.063529,0,0
9,run8_initcall.txt,fcntl_init,0.063549,0,2
9,run8_initcall.txt,proc_filesystems_init,0.063569,0,1
9,run8_initcall.txt,start_dirtytime_writeback,0.063593,0,5
9,run8_initcall.txt,dio_init,0.063613,0,1
9,run8_initcall.txt,dnotify_init,0.063647,0,15
9,run8_initcall.txt,fanotify_user_setup,0.063676,0,9
9,run8_initcall.txt,aio_setup,0.063732,0,37
9,run8_initcall.txt,mbcache_init,0.063755,0,5
9,run8_initcall.txt,init_grace,0.063772,0,2
9,run8_initcall.txt,init_devpts_fs,0.063796,0,8
9,run8_initcall.txt,ext4_init_fs,0.063888,0,77
9,run8_initcall.txt,journal_init,0.063924,0,19
9,run8_initcall.txt,init_fat_fs,0.063946,0,6
9,run8_initcall.txt,init_vfat_fs,0.063962,0,1
9,run8_initcall.txt,init_msdos_fs,0.063977,0,0
9,run8_initcall.txt,init_nfs_fs,0.064126,0,134
9,run8_initcall.txt,init_nfs_v2,0.064146,0,0
9,run8_initcall.txt,init_nfs_v3,0.064161,0,0
9,run8_initcall.txt,init_nfs_v4,0.064204,0,29
9,run8_initcall.txt,nfs4filelayout_init,0.064227,0,6
9,run8_initcall.txt,nfs4flexfilelayout_init,0.064249,0,6
9,run8_initcall.txt,init_nlm,0.064291,0,27
9,run8_initcall.txt,init_nls_cp437,0.064308,0,0
9,run8_initcall.txt,init_nls_ascii,0.064323,0,0
9,run8_initcall.txt,init_autofs_fs,0.064417,0,78
9,run8_initcall.txt,init_f2fs_fs,0.064561,0,126
9,run8_initcall.txt,ipc_init,0.064593,0,13
9,run8_initcall.txt,ipc_sysctl_init,0.064626,0,16
9,run8_initcall.txt,init_mqueue_fs,0.064679,0,36
9,run8_initcall.txt,key_proc_init,0.064699,0,2
9,run8_initcall.txt,bpf_crypto_skcipher_init,0.064717,0,0
9,run8_initcall.txt,dh_init,0.064736,0,2
9,run8_initcall.txt,rsa_init,0.064755,0,1
9,run8_initcall.txt,cryptomgr_init,0.064772,0,0
9,run8_initcall.txt,hmac_module_init,0.064789,0,0
9,run8_initcall.txt,crypto_sha256_mod_init,0.06481,0,4
9,run8_initcall.txt,crypto_ecb_module_init,0.064827,0,0
9,run8_initcall.txt,crypto_cbc_module_init,0.064844,0,0
9,run8_initcall.txt,crypto_cts_module_init,0.06486,0,0
9,run8_initcall.txt,xts_module_init,0.064877,0,0
9,run8_initcall.txt,des_generic_mod_init,0.064896,0,1
9,run8_initcall.txt,aes_init,0.064912,0,0
9,run8_initcall.txt,lzo_mod_init,0.064931,0,1
9,run8_initcall.txt,lzorle_mod_init,0.064948,0,1
9,run8_initcall.txt,asymmetric_key_init,0.06497,0,5
9,run8_initcall.txt,x509_key_init,0.064992,0,6
9,run8_initcall.txt,crypto_kdf108_init,0.065009,0,0
9,run8_initcall.txt,blkdev_init,0.065038,0,11
9,run8_initcall.txt,proc_genhd_init,0.065058,0,2
9,run8_initcall.txt,bsg_init,0.065092,0,16
9,run8_initcall.txt,throtl_init,0.065173,0,64
9,run8_initcall.txt,deadline_init,0.065198,0,6
9,run8_initcall.txt,kyber_init,0.06522,0,5
9,run8_initcall.txt,bfq_init,0.065259,0,22
9,run8_initcall.txt,io_uring_init,0.065299,0,23
9,run8_initcall.txt,btree_module_init,0.065322,0,2
9,run8_initcall.txt,percpu_counter_startup,0.065381,0,40
9,run8_initcall.txt,audit_classes_init,0.065412,0,5
9,run8_initcall.txt,gicv5_iwb_platform_driver_init,0.065525,0,92
9,run8_initcall.txt,mip_msi_driver_init,0.06558,0,34
9,run8_initcall.txt,bcm7038_l1_driver_init,0.065634,0,33
9,run8_initcall.txt,bcm7120_l2_driver_init,0.065693,0,39
9,run8_initcall.txt,brcmstb_l2_driver_init,0.065973,0,260
9,run8_initcall.txt,simple_pm_bus_driver_init,0.066488,0,492
9,run8_initcall.txt,phy_core_init,0.066524,0,13
9,run8_initcall.txt,brcm_usb_driver_init,0.066608,0,65
9,run8_initcall.txt,rp1_pinctrl_driver_init,0.066663,0,35
9,run8_initcall.txt,bcm2835_pinctrl_driver_init,0.067619,0,936
9,run8_initcall.txt,bcm2712_pinctrl_driver_init,0.0677,0,57
9,run8_initcall.txt,brcmvirt_gpio_driver_init,0.067757,0,36
9,run8_initcall.txt,brcmstb_gpio_driver_init,0.067812,0,34
9,run8_initcall.txt,rpi_exp_gpio_driver_init,0.06826,0,428
9,run8_initcall.txt,brcmstb_pwm_driver_init,0.068318,0,35
9,run8_initcall.txt,rp1_pwm_driver_init,0.068372,0,34
9,run8_initcall.txt,gpio_led_driver_init,0.070133,0,1736
9,run8_initcall.txt,led_pwm_driver_init,0.070199,0,44
9,run8_initcall.txt,timer_led_trigger_init,0.070223,0,1
9,run8_initcall.txt,oneshot_led_trigger_init,0.070243,0,0
9,run8_initcall.txt,heartbeat_trig_init,0.070263,0,3
9,run8_initcall.txt,bl_led_trigger_init,0.070278,0,0
9,run8_initcall.txt,ledtrig_cpu_init,0.070349,0,56
9,run8_initcall.txt,defon_led_trigger_init,0.070397,0,32
9,run8_initcall.txt,input_trig_init,0.070414,0,1
9,run8_initcall.txt,ledtrig_panic_init,0.07043,0,1
9,run8_initcall.txt,actpwr_trig_init,0.070616,0,169
9,run8_initcall.txt,pcie_portdrv_init,0.070691,0,57
9,run8_initcall.txt,pci_proc_init,0.070719,0,12
9,run8_initcall.txt,brcm_pcie_driver_init,0.182956,0,112222
9,run8_initcall.txt,bcm2708_fb_init,0.183039,0,61
9,run8_initcall.txt,simplefb_driver_init,0.189849,0,6794
9,run8_initcall.txt,of_fixed_factor_clk_driver_init,0.189937,0,36
9,run8_initcall.txt,of_fixed_clk_driver_init,0.190018,0,33
9,run8_initcall.txt,gpio_clk_driver_init,0.190115,0,51
9,run8_initcall.txt,gated_fixed_clk_driver_init,0.190197,0,33
9,run8_initcall.txt,rp1_clk_driver_init,0.190278,0,34
9,run8_initcall.txt,rp1_sdio_clk_driver_init,0.190363,0,37
9,run8_initcall.txt,clk_dvp_driver_init,0.190541,0,133
9,run8_initcall.txt,bcm2835_aux_clk_driver_init,0.190652,0,63
9,run8_initcall.txt,raspberrypi_clk_driver_init,0.206195,0,15494
9,run8_initcall.txt,dw_driver_init,0.206292,0,49
9,run8_initcall.txt,bcm2835_power_driver_init,0.206361,0,22
9,run8_initcall.txt,rpi_power_driver_init,0.224977,0,18568
9,run8_initcall.txt,brcmstb_reset_driver_init,0.227038,0,41
9,run8_initcall.txt,brcm_rescal_reset_driver_init,0.22908,0,37
9,run8_initcall.txt,rpi_reset_driver_init,0.23213,0,1090
9,run8_initcall.txt,reset_simple_driver_init,0.234237,0,87
9,run8_initcall.txt,n_null_init,0.236232,0,0
9,run8_initcall.txt,pty_init,0.2383,0,76
9,run8_initcall.txt,sysrq_init,0.240296,0,13
9,run8_initcall.txt,serial8250_init,0.242281,-19,0
9,run8_initcall.txt,bcm2835aux_serial_driver_init,0.244308,0,43
9,run8_initcall.txt,brcmuart_init,0.246315,0,54
9,run8_initcall.txt,exar_pci_driver_init,0.248318,0,31
9,run8_initcall.txt,of_platform_serial_driver_init,0.250415,0,103
9,run8_initcall.txt,serial_pci_driver_init,0.252412,0,27
9,run8_initcall.txt,pericom8250_pci_driver_init,0.254405,0,20
9,run8_initcall.txt,init_kgdboc,0.257425,0,1050
9,run8_initcall.txt,random_sysctls_init,0.259408,0,12
9,run8_initcall.txt,ttyprintk_init,0.261427,0,54
9,run8_initcall.txt,bcm2835_rng_driver_init,0.263443,0,64
9,run8_initcall.txt,bcm74110_rng_driver_init,0.265522,0,37
9,run8_initcall.txt,iproc_rng200_driver_init,0.269899,0,2315
9,run8_initcall.txt,smccc_trng_driver_init,0.272094,0,26
9,run8_initcall.txt,vc_mem_init,0.275538,0,1237
9,run8_initcall.txt,vcio_driver_init,0.279288,0,1459
9,run8_initcall.txt,bcm2712_iommu_driver_init,0.281658,0,41
9,run8_initcall.txt,bcm2712_iommu_cache_driver_init,0.284122,0,38
9,run8_initcall.txt,topology_sysfs_init,0.28664,0,60
9,run8_initcall.txt,cacheinfo_sysfs_init,0.289365,0,247
9,run8_initcall.txt,devcoredump_init,0.291879,0,9
9,run8_initcall.txt,brd_init,0.299239,0,4883
9,run8_initcall.txt,loop_init,0.305387,0,3691
9,run8_initcall.txt,bcm2835_pm_driver_init,0.309192,0,1357
9,run8_initcall.txt,stmpe_i2c_driver_init,0.311627,0,13
9,run8_initcall.txt,stmpe_spi_driver_init,0.314025,0,17
9,run8_initcall.txt,rp1_driver_init,0.316493,0,29
9,run8_initcall.txt,system_heap_create,0.319003,0,80
9,run8_initcall.txt,add_default_cma_heap,0.321508,0,81
9,run8_initcall.txt,udmabuf_dev_init,0.323987,0,46
9,run8_initcall.txt,iscsi_transport_init,0.327854,0,1433
9,run8_initcall.txt,init_sd,0.330295,0,23
9,run8_initcall.txt,nvme_core_init,0.332984,0,255
9,run8_initcall.txt,nvme_init,0.335472,0,29
9,run8_initcall.txt,blackhole_netdev_init,0.337936,0,17
9,run8_initcall.txt,netkit_init,0.34038,0,6
9,run8_initcall.txt,phylink_init,0.342811,0,0
9,run8_initcall.txt,phy_module_init,0.345416,0,183
9,run8_initcall.txt,phy_module_init,0.347974,0,176
9,run8_initcall.txt,fixed_mdio_bus_init,0.350556,0,153
9,run8_initcall.txt,phy_module_init,0.353148,0,166
9,run8_initcall.txt,phy_module_init,0.355596,0,18
9,run8_initcall.txt,phy_module_init,0.358039,0,61
9,run8_initcall.txt,unimac_mdio_driver_init,0.360542,0,124
9,run8_initcall.txt,macb_driver_init,0.363015,0,130
9,run8_initcall.txt,bcmgenet_driver_init,0.563171,0,197809
9,run8_initcall.txt,bcmasp_driver_init,0.565625,0,77
9,run8_initcall.txt,lan78xx_driver_init,0.569235,0,1225
9,run8_initcall.txt,smsc95xx_driver_init,0.572907,0,1232
9,run8_initcall.txt,usbnet_init,0.575341,0,0
9,run8_initcall.txt,xhci_hcd_init,0.57777,0,12
9,run8_initcall.txt,xhci_pci_init,0.706502,0,126365
9,run8_initcall.txt,xhci_plat_init,0.708922,0,122
9,run8_initcall.txt,dwc_otg_driver_init,0.715774,0,4556
9,run8_initcall.txt,dwc_common_port_init_module,0.719323,0,1288
9,run8_initcall.txt,dwc3_driver_init,0.721645,0,55
9,run8_initcall.txt,dwc3_haps_driver_init,0.723925,0,24
9,run8_initcall.txt,dwc3_of_simple_driver_init,0.726266,0,66
9,run8_initcall.txt,dwc3_generic_driver_init,0.728547,0,38
9,run8_initcall.txt,dwc2_platform_driver_init,0.730902,0,158
9,run8_initcall.txt,uas_init,0.734328,0,1207
9,run8_initcall.txt,usb_storage_driver_init,0.737669,0,1128
9,run8_initcall.txt,brcmstb_usb_pinmap_init,0.73995,-19,66
9,run8_initcall.txt,bdc_driver_init,0.742212,0,45
9,run8_initcall.txt,input_leds_init,0.744438,0,1
9,run8_initcall.txt,mousedev_init,0.747845,0,1217
9,run8_initcall.txt,evdev_init,0.750128,0,0
9,run8_initcall.txt,brcmstb_waketmr_driver_init,0.752423,0,45
9,run8_initcall.txt,rpi_rtc_driver_init,0.754731,0,39
9,run8_initcall.txt,init_rc_map_adstech_dvb_t_pci,0.756983,0,0
9,run8_initcall.txt,init_rc_map_alink_dtu_m,0.759235,0,0
9,run8_initcall.txt,init_rc_map_anysee,0.761478,0,0
9,run8_initcall.txt,init_rc_map_apac_viewcomp,0.763711,0,0
9,run8_initcall.txt,init_rc_map_t2hybrid,0.765982,0,0
9,run8_initcall.txt,init_rc_map_asus_pc39,0.768252,0,0
9,run8_initcall.txt,init_rc_map_asus_ps3_100,0.770518,0,0
9,run8_initcall.txt,init_rc_map_ati_tv_wonder_hd_600,0.772778,0,0
9,run8_initcall.txt,init_rc_map_ati_x10,0.775062,0,0
9,run8_initcall.txt,init_rc_map_avermedia_a16d,0.777356,0,0
9,run8_initcall.txt,init_rc_map_avermedia_cardbus,0.779624,0,0
9,run8_initcall.txt,init_rc_map_avermedia_dvbt,0.781906,0,0
9,run8_initcall.txt,init_rc_map_avermedia_m135a,0.78421,0,0
9,run8_initcall.txt,init_rc_map_avermedia_m733a_rm_k6,0.786516,0,0
9,run8_initcall.txt,init_rc_map_avermedia,0.788826,0,0
9,run8_initcall.txt,init_rc_map_avermedia_rm_ks,0.791136,0,0
9,run8_initcall.txt,init_rc_map_avertv_303,0.793455,0,0
9,run8_initcall.txt,init_rc_map_azurewave_ad_tu700,0.795777,0,0
9,run8_initcall.txt,init_rc_map_beelink_gs1,0.798045,0,0
9,run8_initcall.txt,init_rc_map_beelink_mxiii,0.800375,0,0
9,run8_initcall.txt,init_rc_map_behold_columbus,0.802691,0,0
9,run8_initcall.txt,init_rc_map_behold,0.805,0,0
9,run8_initcall.txt,init_rc_map_budget_ci_old,0.807578,0,0
9,run8_initcall.txt,init_rc_map_cinergy_1400,0.80987,0,0
9,run8_initcall.txt,init_rc_map_cinergy,0.812147,0,0
9,run8_initcall.txt,init_rc_map_ct_90405,0.814376,0,0
9,run8_initcall.txt,init_rc_map_d680_dmb,0.81663,0,0
9,run8_initcall.txt,init_rc_map_delock_61959,0.818914,0,0
9,run8_initcall.txt,init_rc_map,0.821151,0,0
9,run8_initcall.txt,init_rc_map,0.823585,0,0
9,run8_initcall.txt,init_rc_map_digitalnow_tinytwin,0.825875,0,0
9,run8_initcall.txt,init_rc_map_digittrade,0.828271,0,0
9,run8_initcall.txt,init_rc_map_dm1105_nec,0.830482,0,0
9,run8_initcall.txt,init_rc_map_dntv_live_dvb_t,0.832716,0,0
9,run8_initcall.txt,init_rc_map_dntv_live_dvbt_pro,0.834938,0,0
9,run8_initcall.txt,init_rc_map_dreambox,0.837192,0,0
9,run8_initcall.txt,init_rc_map_dtt200u,0.839417,0,0
9,run8_initcall.txt,init_rc_map_rc5_dvbsky,0.841624,0,0
9,run8_initcall.txt,init_rc_map_dvico_mce,0.843949,0,0
9,run8_initcall.txt,init_rc_map_dvico_portable,0.846135,0,0
9,run8_initcall.txt,init_rc_map_em_terratec,0.848303,0,0
9,run8_initcall.txt,init_rc_map_encore_enltv2,0.850508,0,0
9,run8_initcall.txt,init_rc_map_encore_enltv_fm53,0.852714,0,0
9,run8_initcall.txt,init_rc_map_encore_enltv,0.854922,0,0
9,run8_initcall.txt,init_rc_map_evga_indtube,0.85711,0,0
9,run8_initcall.txt,init_rc_map_eztv,0.85929,0,0
9,run8_initcall.txt,init_rc_map_flydvb,0.861446,0,0
9,run8_initcall.txt,init_rc_map_flyvideo,0.863556,0,0
9,run8_initcall.txt,init_rc_map_fusionhdtv_mce,0.865711,0,0
9,run8_initcall.txt,init_rc_map_gadmei_rm008z,0.867858,0,0
9,run8_initcall.txt,init_rc_map_geekbox,0.869988,0,0
9,run8_initcall.txt,init_rc_map_genius_tvgo_a11mce,0.872123,0,0
9,run8_initcall.txt,init_rc_map_gotview7135,0.874256,0,0
9,run8_initcall.txt,init_rc_map_rc5_hauppauge_new,0.876392,0,0
9,run8_initcall.txt,init_rc_map_hisi_poplar,0.878548,0,0
9,run8_initcall.txt,init_rc_map_hisi_tv_demo,0.880669,0,0
9,run8_initcall.txt,init_rc_map_imon_mce,0.882818,0,0
9,run8_initcall.txt,init_rc_map_imon_pad,0.884965,0,0
9,run8_initcall.txt,init_rc_map_imon_rsc,0.887152,0,0
9,run8_initcall.txt,init_rc_map_iodata_bctv7e,0.889277,0,0
9,run8_initcall.txt,init_rc_it913x_v1_map,0.891445,0,0
9,run8_initcall.txt,init_rc_it913x_v2_map,0.893561,0,0
9,run8_initcall.txt,init_rc_map_kaiomy,0.895671,0,0
9,run8_initcall.txt,init_rc_map_khadas,0.897736,0,0
9,run8_initcall.txt,init_rc_map_khamsin,0.899876,0,0
9,run8_initcall.txt,init_rc_map_kworld_315u,0.901975,0,0
9,run8_initcall.txt,init_rc_map_kworld_pc150u,0.904068,0,0
9,run8_initcall.txt,init_rc_map_kworld_plus_tv_analog,0.906161,0,0
9,run8_initcall.txt,init_rc_map_leadtek_y04g0051,0.908264,0,0
9,run8_initcall.txt,init_rc_lme2510_map,0.910377,0,0
9,run8_initcall.txt,init_rc_map_manli,0.912505,0,0
9,run8_initcall.txt,init_rc_map_mecool_kiii_pro,0.914612,0,0
9,run8_initcall.txt,init_rc_map_mecool_kii_pro,0.91675,0,0
9,run8_initcall.txt,init_rc_map_medion_x10_digitainer,0.918895,0,0
9,run8_initcall.txt,init_rc_map_medion_x10,0.921035,0,0
9,run8_initcall.txt,init_rc_map_medion_x10_or2x,0.923185,0,0
9,run8_initcall.txt,init_rc_map_minix_neo,0.925321,0,0
9,run8_initcall.txt,init_rc_map_msi_digivox_iii,0.927483,0,0
9,run8_initcall.txt,init_rc_map_msi_digivox_ii,0.929618,0,0
9,run8_initcall.txt,init_rc_map_msi_tvanywhere,0.931782,0,0
9,run8_initcall.txt,init_rc_map_msi_tvanywhere_plus,0.93395,0,0
9,run8_initcall.txt,init_rc_map_mygica_utv3,0.93611,0,0
9,run8_initcall.txt,init_rc_map_nebula,0.938274,0,0
9,run8_initcall.txt,init_rc_map_nec_terratec_cinergy_xs,0.940431,0,0
9,run8_initcall.txt,init_rc_map_norwood,0.942587,0,0
9,run8_initcall.txt,init_rc_map_npgtech,0.944734,0,0
9,run8_initcall.txt,init_rc_map_odroid,0.947962,0,0
9,run8_initcall.txt,init_rc_map_pctv_sedna,0.9503,0,0
9,run8_initcall.txt,init_rc_map_pine64,0.952473,0,0
9,run8_initcall.txt,init_rc_map_pinnacle_color,0.954652,0,0
9,run8_initcall.txt,init_rc_map_pinnacle_grey,0.95682,0,0
9,run8_initcall.txt,init_rc_map_pinnacle_pctv_hd,0.958992,0,0
9,run8_initcall.txt,init_rc_map_pixelview,0.961195,0,0
9,run8_initcall.txt,init_rc_map_pixelview,0.963343,0,0
9,run8_initcall.txt,init_rc_map_pixelview_new,0.965515,0,0
9,run8_initcall.txt,init_rc_map_pixelview,0.967707,0,0
9,run8_initcall.txt,init_rc_map_powercolor_real_angel,0.969892,0,0
9,run8_initcall.txt,init_rc_map_proteus_2309,0.97209,0,0
9,run8_initcall.txt,init_rc_map_purpletv,0.974272,0,0
9,run8_initcall.txt,init_rc_map_pv951,0.976453,0,0
9,run8_initcall.txt,init_rc_map_rc6_mce,0.97863,0,0
9,run8_initcall.txt,init_rc_map_real_audio_220_32_keys,0.98077,0,0
9,run8_initcall.txt,init_rc_map_reddo,0.982955,0,0
9,run8_initcall.txt,init_rc_map_siemens_gigaset_rc20,0.985148,0,0
9,run8_initcall.txt,init_rc_map_snapstream_firefly,0.987341,0,0
9,run8_initcall.txt,init_rc_map_streamzap,0.989548,0,0
9,run8_initcall.txt,init_rc_map_su3000,0.991761,0,0
9,run8_initcall.txt,init_rc_map_tanix_tx3mini,0.993965,0,0
9,run8_initcall.txt,init_rc_map_tanix_tx5max,0.996139,0,0
9,run8_initcall.txt,init_rc_map_tbs_nec,0.998327,0,0
9,run8_initcall.txt,init_rc_map,1.000532,0,0
9,run8_initcall.txt,init_rc_map,1.002752,0,0
9,run8_initcall.txt,init_rc_map_terratec_cinergy_c_pci,1.004957,0,0
9,run8_initcall.txt,init_rc_map_terratec_cinergy_s2_hd,1.007176,0,0
9,run8_initcall.txt,init_rc_map_terratec_cinergy_xs,1.009373,0,0
9,run8_initcall.txt,init_rc_map_terratec_slim_2,1.011571,0,0
9,run8_initcall.txt,init_rc_map_terratec_slim,1.013724,0,0
9,run8_initcall.txt,init_rc_map_tevii_nec,1.015997,0,0
9,run8_initcall.txt,init_rc_map_tivo,1.018187,0,0
9,run8_initcall.txt,init_rc_map_total_media_in_hand_02,1.020377,0,0
9,run8_initcall.txt,init_rc_map_total_media_in_hand,1.022602,0,0
9,run8_initcall.txt,init_rc_map_trekstor,1.024808,0,0
9,run8_initcall.txt,init_rc_map_tt_1500,1.027012,0,0
9,run8_initcall.txt,init_rc_map_twinhan_vp1027,1.029218,0,0
9,run8_initcall.txt,init_rc_map_twinhan_dtv_cab_ci,1.0314,0,0
9,run8_initcall.txt,init_rc_map_vega_s9x,1.033601,0,0
9,run8_initcall.txt,init_rc_map_videomate_k100,1.035802,0,0
9,run8_initcall.txt,init_rc_map_videomate_s350,1.037984,0,1
9,run8_initcall.txt,init_rc_map_videomate_tv_pvr,1.040163,0,0
9,run8_initcall.txt,init_rc_map_kii_pro,1.042338,0,0
9,run8_initcall.txt,init_rc_map_wetek_hub,1.044511,0,0
9,run8_initcall.txt,init_rc_map_wetek_play2,1.046812,0,0
9,run8_initcall.txt,init_rc_map_winfast,1.048983,0,0
9,run8_initcall.txt,init_rc_map_winfast_usbii_deluxe,1.051158,0,0
9,run8_initcall.txt,init_rc_map_x96max,1.053339,0,0
9,run8_initcall.txt,init_rc_map,1.055518,0,0
9,run8_initcall.txt,init_rc_map,1.057681,0,0
9,run8_initcall.txt,init_rc_map_zx_irdec,1.059889,0,0
9,run8_initcall.txt,ptp_kvm_init,1.062047,-95,0
9,run8_initcall.txt,gpio_poweroff_driver_init,1.064262,0,85
9,run8_initcall.txt,bcm2711_thermal_driver_init,1.067808,0,1369
9,run8_initcall.txt,bcm2835_thermal_driver_init,1.070041,0,54
9,run8_initcall.txt,bcm2835_wdt_driver_init,1.072401,0,28
9,run8_initcall.txt,dt_cpufreq_platdrv_init,1.074696,0,26
9,run8_initcall.txt,brcm_avs_cpufreq_platdrv_init,1.076963,0,45
9,run8_initcall.txt,raspberrypi_cpufreq_driver_init,1.082301,0,3109
9,run8_initcall.txt,mmc_pwrseq_simple_driver_init,1.084631,0,67
9,run8_initcall.txt,mmc_pwrseq_emmc_driver_init,1.087017,0,42
9,run8_initcall.txt,mmc_blk_init,1.089507,0,31
9,run8_initcall.txt,sdhci_drv_init,1.094437,0,2453
9,run8_initcall.txt,bcm2835_mmc_driver_init,1.10148,0,1219
9,run8_initcall.txt,bcm2835_driver_init,1.104062,0,49
9,run8_initcall.txt,sdhci_pltfm_drv_init,1.107655,0,1201
9,run8_initcall.txt,sdhci_iproc_driver_init,1.111476,0,153
9,run8_initcall.txt,sdhci_brcmstb_driver_init,1.11156,0,66
9,run8_initcall.txt,esrt_sysfs_init,1.111575,-38,0
9,run8_initcall.txt,smccc_devices_init,1.111598,0,1
9,run8_initcall.txt,smccc_soc_init,1.111609,0,0
9,run8_initcall.txt,arch_timer_mmio_drv_init,1.111656,0,38
9,run8_initcall.txt,arch_timer_mmio_acpi_drv_init,1.111688,0,24
9,run8_initcall.txt,hid_init,1.111818,0,121
9,run8_initcall.txt,hid_generic_init,1.111869,0,41
9,run8_initcall.txt,hid_init,1.111914,0,36
9,run8_initcall.txt,vchiq_driver_init,1.126672,0,14748
9,run8_initcall.txt,bcm74110_mbox_driver_init,1.150057,0,82
9,run8_initcall.txt,extcon_class_init,1.15245,0,10
9,run8_initcall.txt,armv8_pmu_driver_init,1.157844,0,3044
9,run8_initcall.txt,binder_init,1.16029,0,64
9,run8_initcall.txt,rpi_otp_driver_init,1.166502,0,3858
9,run8_initcall.txt,sock_diag_init,1.168857,0,31
9,run8_initcall.txt,blackhole_init,1.171168,0,2
9,run8_initcall.txt,cls_bpf_init_mod,1.173436,0,0
9,run8_initcall.txt,gre_offload_init,1.175694,0,0
9,run8_initcall.txt,sysctl_ipv4_init,1.177994,0,68
9,run8_initcall.txt,cubictcp_register,1.180179,0,2
9,run8_initcall.txt,packet_init,1.183522,0,1117
9,run8_initcall.txt,init_rpcsec_gss,1.185761,0,19
9,run8_initcall.txt,init_kerberos_module,1.188028,0,5
9,run8_initcall.txt,dcbnl_init,1.190274,0,2
9,run8_initcall.txt,init_dns_resolver,1.193614,0,1110
9,run8_initcall.txt,handshake_init,1.195898,0,29
9,run8_initcall.txt,check_mmu_enabled_at_boot,1.198145,0,0
9,run8_initcall.txt,finalize_pkvm,1.200425,0,0
9,run8_initcall.txt,kernel_do_mounts_initrd_sysctls_init,1.203958,0,4
9,run8_initcall.txt,kernel_panic_sysctls_init,1.206274,0,12
9,run8_initcall.txt,kernel_panic_sysfs_init,1.208586,0,4
9,run8_initcall.txt,kernel_exit_sysctls_init,1.210925,0,2
9,run8_initcall.txt,kernel_exit_sysfs_init,1.213219,0,2
9,run8_initcall.txt,param_sysfs_builtin_init,1.22512,0,9543
9,run8_initcall.txt,reboot_ksysfs_init,1.227585,0,20
9,run8_initcall.txt,sched_core_sysctl_init,1.229909,0,5
9,run8_initcall.txt,sched_fair_sysctl_init,1.232514,0,2
9,run8_initcall.txt,sched_rt_sysctl_init,1.234844,0,4
9,run8_initcall.txt,sched_dl_sysctl_init,1.237132,0,2
9,run8_initcall.txt,sched_init_debug,1.240176,0,89
9,run8_initcall.txt,cpu_latency_qos_init,1.24257,0,134
9,run8_initcall.txt,printk_late_init,1.244831,0,22
9,run8_initcall.txt,init_srcu_module_notifier,1.247083,0,1
9,run8_initcall.txt,kernel_rcu_stall_sysfs_init,1.249381,0,3
9,run8_initcall.txt,swiotlb_create_default_debugfs,1.251723,0,9
9,run8_initcall.txt,tk_debug_sleep_time_init,1.254069,0,2
9,run8_initcall.txt,bpf_ksym_iter_register,1.256501,0,1
9,run8_initcall.txt,kernel_acct_sysctls_init,1.258864,0,3
9,run8_initcall.txt,bpf_rstat_kfunc_init,1.261219,0,0
9,run8_initcall.txt,debugfs_kprobe_init,1.26354,0,8
9,run8_initcall.txt,kernel_delayacct_sysctls_init,1.265876,0,3
9,run8_initcall.txt,taskstats_init,1.269409,0,1184
9,run8_initcall.txt,bpf_global_ma_init,1.27186,0,115
9,run8_initcall.txt,bpf_syscall_sysctl_init,1.274221,0,5
9,run8_initcall.txt,unbound_reg_init,1.276551,0,0
9,run8_initcall.txt,kfunc_init,1.278876,0,1
9,run8_initcall.txt,bpf_map_iter_init,1.281151,0,0
9,run8_initcall.txt,init_subsystem,1.283457,0,0
9,run8_initcall.txt,task_iter_init,1.285745,0,1
9,run8_initcall.txt,bpf_prog_iter_init,1.288236,0,0
9,run8_initcall.txt,bpf_link_iter_init,1.290508,0,0
9,run8_initcall.txt,init_trampolines,1.29275,0,2
9,run8_initcall.txt,rqspinlock_register_kfuncs,1.294999,0,0
9,run8_initcall.txt,kfunc_init,1.297189,0,0
9,run8_initcall.txt,bpf_cgroup_iter_init,1.299394,0,0
9,run8_initcall.txt,cpumask_kfunc_init,1.301597,0,7
9,run8_initcall.txt,crypto_kfunc_init,1.303808,0,0
9,run8_initcall.txt,bpf_kmem_cache_iter_init,1.30603,0,0
9,run8_initcall.txt,dmabuf_iter_init,1.308266,0,0
9,run8_initcall.txt,load_system_certificate_list,1.311609,0,1108
9,run8_initcall.txt,init_lru_gen,1.313838,0,15
9,run8_initcall.txt,vmstat_late_init,1.316105,0,2
9,run8_initcall.txt,fault_around_debugfs,1.318363,0,3
9,run8_initcall.txt,slab_sysfs_init,1.324296,0,3698
9,run8_initcall.txt,max_swapfiles_check,1.326596,0,0
9,run8_initcall.txt,zswap_init,1.328808,0,0
9,run8_initcall.txt,mempolicy_sysfs_init,1.330992,0,15
9,run8_initcall.txt,memory_tier_late_init,1.335537,0,2317
9,run8_initcall.txt,check_early_ioremap_leak,1.337761,0,0
9,run8_initcall.txt,mg_debugfs_init,1.340019,0,17
9,run8_initcall.txt,fscrypt_init,1.344524,0,2281
9,run8_initcall.txt,pstore_init,1.346709,0,11
9,run8_initcall.txt,init_root_keyring,1.348943,0,33
9,run8_initcall.txt,init_profile_hash,1.351174,0,0
9,run8_initcall.txt,integrity_fs_init,1.353392,0,8
9,run8_initcall.txt,crypto_algapi_init,1.355627,0,11
9,run8_initcall.txt,blk_timeout_init,1.357836,0,0
9,run8_initcall.txt,depot_debugfs_init,1.360069,0,5
9,run8_initcall.txt,pci_resource_alignment_sysfs_init,1.362312,0,4
9,run8_initcall.txt,pci_sysfs_init,1.364524,0,11
9,run8_initcall.txt,clk_debug_init,1.36722,0,456
9,run8_initcall.txt,genpd_debug_init,1.369824,0,338
9,run8_initcall.txt,sync_state_resume_initcall,1.372101,0,2
9,run8_initcall.txt,deferred_probe_initcall,1.443583,0,69210
9,run8_initcall.txt,efi_shutdown_init,1.447945,-19,0
9,run8_initcall.txt,efi_earlycon_unmap_fb,1.450153,0,0
9,run8_initcall.txt,psci_debugfs_init,1.452291,0,0
9,run8_initcall.txt,of_cfs_init,1.45864,0,2169
9,run8_initcall.txt,of_fdt_raw_init,1.460792,0,35
9,run8_initcall.txt,bpf_kfunc_init,1.462889,0,1
9,run8_initcall.txt,init_subsystem,1.464993,0,0
9,run8_initcall.txt,xdp_metadata_init,1.467113,0,0
9,run8_initcall.txt,bpf_sockmap_iter_init,1.469217,0,0
9,run8_initcall.txt,bpf_sk_storage_map_iter_init,1.471335,0,0
9,run8_initcall.txt,bpf_prog_test_run_init,1.473446,0,1
9,run8_initcall.txt,bpf_dummy_struct_ops_init,1.475575,0,0
9,run8_initcall.txt,tcp_congestion_default,1.477694,0,1
9,run8_initcall.txt,inet_blackhole_dev_init,1.47976,0,5
9,run8_initcall.txt,ip_auto_config,1.481866,0,10
9,run8_initcall.txt,tcp_bpf_v4_build_proto,1.483961,0,1
9,run8_initcall.txt,udp_bpf_v4_build_proto,1.486017,0,0
9,run8_initcall.txt,bpf_tcp_ca_kfunc_init,1.489079,0,0
9,run8_initcall.txt,bpf_mptcp_kfunc_init,1.492285,0,0
9,run8_initcall.txt,fb_logo_late_init,1.494397,0,0
9,run8_initcall.txt,amba_stub_drv_init,1.496463,0,20
9,run8_initcall.txt,clk_disable_unused,1.50347,0,4825
9,run8_initcall.txt,genpd_power_off_unused,1.506881,0,1170
9,run8_initcall.txt,regulator_init_complete,1.5092,0,1
9,run8_initcall.txt,of_platform_sync_state_init,1.511576,0,17
10,run9_initcall.txt,param_sysfs_init,0.049447,0,0
10,run9_initcall.txt,user_namespace_sysctl_init,0.049492,0,0
10,run9_initcall.txt,proc_schedstat_init,0.049515,0,0
10,run9_initcall.txt,init_rtmutex_sysctl,0.049532,0,0
10,run9_initcall.txt,pm_sysrq_init,0.049583,0,0
10,run9_initcall.txt,init_rcu_stall_sysctl,0.049603,0,0
10,run9_initcall.txt,init_module_sysctl,0.049621,0,0
10,run9_initcall.txt,create_proc_profile,0.04964,0,0
10,run9_initcall.txt,cgroup_sysfs_init,0.049666,0,0
10,run9_initcall.txt,user_namespaces_init,0.049694,0,0
10,run9_initcall.txt,hung_task_init,0.049798,0,0
10,run9_initcall.txt,dev_map_init,0.04982,0,0
10,run9_initcall.txt,netns_bpf_init,0.04984,0,0
10,run9_initcall.txt,oom_init,0.049904,0,0
10,run9_initcall.txt,init_user_buckets,0.049923,0,0
10,run9_initcall.txt,init_vm_util_sysctls,0.049949,0,0
10,run9_initcall.txt,default_bdi_init,0.050058,0,0
10,run9_initcall.txt,cgwb_init,0.050081,0,0
10,run9_initcall.txt,percpu_enable_async,0.050096,0,0
10,run9_initcall.txt,kcompactd_init,0.050206,0,0
10,run9_initcall.txt,init_mm_sysctl,0.050226,0,0
10,run9_initcall.txt,init_user_reserve,0.050243,0,0
10,run9_initcall.txt,init_admin_reserve,0.050258,0,0
10,run9_initcall.txt,init_reserve_notifier,0.050273,0,0
10,run9_initcall.txt,swap_init,0.050295,0,0
10,run9_initcall.txt,swapfile_init,0.050318,0,0
10,run9_initcall.txt,memory_tier_init,0.050365,0,0
10,run9_initcall.txt,numa_init_sysfs,0.050385,0,0
10,run9_initcall.txt,mem_cgroup_swap_init,0.050403,0,0
10,run9_initcall.txt,init_msg_buckets,0.05042,0,0
10,run9_initcall.txt,init_bio,0.050468,0,0
10,run9_initcall.txt,blk_ioc_init,0.050488,0,0
10,run9_initcall.txt,blk_mq_init,0.050506,0,0
10,run9_initcall.txt,genhd_device_init,0.0506,0,0
10,run9_initcall.txt,blkcg_punt_bio_init,0.050716,0,0
10,run9_initcall.txt,blk_integrity_auto_init,0.050783,0,0
10,run9_initcall.txt,io_wq_init,0.050803,0,0
10,run9_initcall.txt,crc_t10dif_mod_init,0.050829,0,0
10,run9_initcall.txt,sha256_mod_init,0.050849,0,0
10,run9_initcall.txt,sha512_mod_init,0.050867,0,0
10,run9_initcall.txt,sg_pool_init,0.050898,0,0
10,run9_initcall.txt,gpiolib_debugfs_init,0.050923,0,0
10,run9_initcall.txt,stmpe_gpio_init,0.051018,0,0
10,run9_initcall.txt,pwm_init,0.051046,0,0
10,run9_initcall.txt,leds_init,0.051079,0,0
10,run9_initcall.txt,pci_slot_init,0.051105,0,0
10,run9_initcall.txt,fbmem_init,0.051159,0,0
10,run9_initcall.txt,bcm2835_dma_init,0.051861,0,0
10,run9_initcall.txt,regulator_fixed_voltage_init,0.05194,0,0
10,run9_initcall.txt,gpio_regulator_init,0.051999,0,0
10,run9_initcall.txt,init_sysrq_sysctl,0.052023,0,0
10,run9_initcall.txt,misc_init,0.052051,0,0
10,run9_initcall.txt,iommu_subsys_init,0.052086,0,0
10,run9_initcall.txt,register_cpu_capacity_sysctl,0.052439,0,4000
10,run9_initcall.txt,dma_buf_init,0.052523,0,0
10,run9_initcall.txt,dma_heap_init,0.052554,0,0
10,run9_initcall.txt,init_scsi,0.052654,0,0
10,run9_initcall.txt,mdio_bus_init,0.052685,0,0
10,run9_initcall.txt,phy_init,0.052731,0,0
10,run9_initcall.txt,usb_common_init,0.052753,0,0
10,run9_initcall.txt,usb_init,0.05286,0,0
10,run9_initcall.txt,usb_phy_generic_init,0.053009,0,0
10,run9_initcall.txt,usb_udc_init,0.053047,0,0
10,run9_initcall.txt,usb_roles_init,0.053069,0,0
10,run9_initcall.txt,input_init,0.053093,0,0
10,run9_initcall.txt,rtc_init,0.053111,0,0
10,run9_initcall.txt,rc_core_init,0.053142,0,0
10,run9_initcall.txt,pps_init,0.053178,0,0
10,run9_initcall.txt,ptp_init,0.053205,0,0
10,run9_initcall.txt,power_supply_class_init,0.053236,0,0
10,run9_initcall.txt,hwmon_init,0.053261,0,0
10,run9_initcall.txt,mmc_init,0.053302,0,0
10,run9_initcall.txt,dmi_init,0.053321,0,0
10,run9_initcall.txt,efisubsys_init,0.05334,0,0
10,run9_initcall.txt,arm_pmu_hp_init,0.05336,0,0
10,run9_initcall.txt,ras_init,0.053381,0,0
10,run9_initcall.txt,nvmem_init,0.053418,0,0
10,run9_initcall.txt,init_soundcore,0.053439,0,0
10,run9_initcall.txt,proto_init,0.05346,0,0
10,run9_initcall.txt,net_dev_init,0.053679,0,0
10,run9_initcall.txt,neigh_init,0.053701,0,0
10,run9_initcall.txt,fib_notifier_init,0.053717,0,0
10,run9_initcall.txt,netdev_genl_init,0.053757,0,0
10,run9_initcall.txt,page_pool_user_init,0.053775,0,0
10,run9_initcall.txt,fib_rules_init,0.053795,0,0
10,run9_initcall.txt,init_cgroup_netprio,0.053812,0,0
10,run9_initcall.txt,bpf_lwt_init,0.053828,0,0
10,run9_initcall.txt,pktsched_init,0.053851,0,0
10,run9_initcall.txt,tc_filter_init,0.053883,0,0
10,run9_initcall.txt,tc_action_init,0.053901,0,0
10,run9_initcall.txt,ethnl_init,0.053975,0,0
10,run9_initcall.txt,nexthop_init,0.053997,0,0
10,run9_initcall.txt,devlink_init,0.054079,0,0
10,run9_initcall.txt,wireless_nlevent_init,0.054099,0,0
10,run9_initcall.txt,vsprintf_init_hashval,0.054118,0,0
10,run9_initcall.txt,init_32bit_el0_mask,0.054133,0,0
10,run9_initcall.txt,vga_arb_device_init,0.054259,0,0
10,run9_initcall.txt,watchdog_init,0.054364,0,0
10,run9_initcall.txt,create_debug_debugfs_entry,0.054465,0,0
10,run9_initcall.txt,iomem_init_inode,0.054508,0,0
10,run9_initcall.txt,clocksource_done_booting,0.054557,0,14
10,run9_initcall.txt,bpf_init,0.054581,0,5
10,run9_initcall.txt,secretmem_init,0.05461,0,10
10,run9_initcall.txt,init_fs_stat_sysctls,0.054661,0,9
10,run9_initcall.txt,init_fs_exec_sysctls,0.05468,0,1
10,run9_initcall.txt,init_pipe_fs,0.054711,0,13
10,run9_initcall.txt,init_fs_namei_sysctls,0.054733,0,2
10,run9_initcall.txt,init_fs_dcache_sysctls,0.05476,0,7
10,run9_initcall.txt,init_fs_namespace_sysctls,0.05478,0,1
10,run9_initcall.txt,cgroup_writeback_init,0.054805,0,6
10,run9_initcall.txt,inotify_user_setup,0.054838,0,13
10,run9_initcall.txt,eventpoll_init,0.054872,0,15
10,run9_initcall.txt,anon_inode_init,0.054905,0,13
10,run9_initcall.txt,proc_locks_init,0.05493,0,3
10,run9_initcall.txt,backing_aio_init,0.054948,0,2
10,run9_initcall.txt,init_fs_coredump_sysctls,0.05497,0,6
10,run9_initcall.txt,init_vm_drop_caches_sysctls,0.054989,0,3
10,run9_initcall.txt,iomap_dio_init,0.055027,0,23
10,run9_initcall.txt,iomap_ioend_init,0.055065,0,24
10,run9_initcall.txt,dquot_init,0.055177,0,96
10,run9_initcall.txt,proc_cmdline_init,0.055197,0,2
10,run9_initcall.txt,proc_consoles_init,0.055213,0,1
10,run9_initcall.txt,proc_cpuinfo_init,0.05523,0,1
10,run9_initcall.txt,proc_devices_init,0.055246,0,0
10,run9_initcall.txt,proc_interrupts_init,0.055261,0,1
10,run9_initcall.txt,proc_loadavg_init,0.055276,0,1
10,run9_initcall.txt,proc_meminfo_init,0.055291,0,0
10,run9_initcall.txt,proc_stat_init,0.055306,0,1
10,run9_initcall.txt,proc_uptime_init,0.055321,0,1
10,run9_initcall.txt,proc_version_init,0.055336,0,0
10,run9_initcall.txt,proc_softirqs_init,0.055352,0,1
10,run9_initcall.txt,proc_kmsg_init,0.055368,0,1
10,run9_initcall.txt,proc_page_init,0.055384,0,2
10,run9_initcall.txt,init_ramfs_fs,0.0554,0,1
10,run9_initcall.txt,aa_create_aafs,0.055417,0,0
10,run9_initcall.txt,chr_dev_init,0.058255,0,2819
10,run9_initcall.txt,hwrng_modinit,0.058357,0,69
10,run9_initcall.txt,firmware_class_init,0.058382,0,2
10,run9_initcall.txt,sysctl_core_init,0.05844,0,30
10,run9_initcall.txt,eth_offload_init,0.058458,0,0
10,run9_initcall.txt,ipv4_offload_init,0.058476,0,1
10,run9_initcall.txt,inet_init,0.062271,0,3777
10,run9_initcall.txt,af_unix_init,0.062327,0,21
10,run9_initcall.txt,ipv6_offload_init,0.062348,0,1
10,run9_initcall.txt,init_sunrpc,0.062753,0,386
10,run9_initcall.txt,vlan_offload_init,0.062773,0,0
10,run9_initcall.txt,pci_apply_final_quirks,0.062804,0,12
10,run9_initcall.txt,populate_rootfs,0.062832,0,6
10,run9_initcall.txt,register_arm64_panic_block,0.062948,0,0
10,run9_initcall.txt,cpuinfo_regs_init,0.063049,0,85
10,run9_initcall.txt,aarch32_el0_sysfs_init,0.063066,0,0
10,run9_initcall.txt,kvm_arm_init,0.066605,0,3516
10,run9_initcall.txt,proc_execdomains_init,0.066646,0,3
10,run9_initcall.txt,register_warn_debugfs,0.066669,0,3
10,run9_initcall.txt,cpuhp_sysfs_init,0.066718,0,30
10,run9_initcall.txt,ioresources_init,0.06674,0,2
10,run9_initcall.txt,psi_proc_init,0.066758,0,0
10,run9_initcall.txt,irq_gc_init_ops,0.066775,0,0
10,run9_initcall.txt,irq_debugfs_init,0.066864,0,74
10,run9_initcall.txt,proc_modules_init,0.066891,0,1
10,run9_initcall.txt,timer_sysctl_init,0.066915,0,8
10,run9_initcall.txt,timekeeping_init_ops,0.066932,0,0
10,run9_initcall.txt,init_clocksource_sysfs,0.067033,0,85
10,run9_initcall.txt,init_timer_list_procfs,0.067054,0,1
10,run9_initcall.txt,alarmtimer_init,0.067128,0,57
10,run9_initcall.txt,clockevents_init_sysfs,0.067252,0,105
10,run9_initcall.txt,sched_clock_syscore_init,0.06727,0,0
10,run9_initcall.txt,kallsyms_init,0.067291,0,1
10,run9_initcall.txt,pid_namespaces_init,0.067331,0,23
10,run9_initcall.txt,audit_watch_init,0.06735,0,0
10,run9_initcall.txt,audit_fsnotify_init,0.067367,0,0
10,run9_initcall.txt,audit_tree_init,0.067387,0,2
10,run9_initcall.txt,seccomp_sysctl_init,0.06741,0,6
10,run9_initcall.txt,utsname_sysctl_init,0.067435,0,7
10,run9_initcall.txt,init_lstats_procfs,0.067456,0,3
10,run9_initcall.txt,perf_event_sysfs_init,0.067526,0,50
10,run9_initcall.txt,system_trusted_keyring_init,0.067562,0,15
10,run9_initcall.txt,kswapd_init,0.067777,0,194
10,run9_initcall.txt,extfrag_debug_init,0.067807,0,8
10,run9_initcall.txt,mm_compute_batch_init,0.067825,0,0
10,run9_initcall.txt,slab_proc_init,0.067842,0,2
10,run9_initcall.txt,workingset_init,0.067867,0,8
10,run9_initcall.txt,proc_vmalloc_init,0.067883,0,1
10,run9_initcall.txt,memblock_init_debugfs,0.067904,0,5
10,run9_initcall.txt,slab_debugfs_init,0.067926,0,4
10,run9_initcall.txt,procswaps_init,0.067943,0,1
10,run9_initcall.txt,zs_init,0.06796,0,0
10,run9_initcall.txt,fcntl_init,0.067981,0,3
10,run9_initcall.txt,proc_filesystems_init,0.068,0,1
10,run9_initcall.txt,start_dirtytime_writeback,0.068025,0,5
10,run9_initcall.txt,dio_init,0.068045,0,1
10,run9_initcall.txt,dnotify_init,0.068079,0,15
10,run9_initcall.txt,fanotify_user_setup,0.068109,0,10
10,run9_initcall.txt,aio_setup,0.068164,0,36
10,run9_initcall.txt,mbcache_init,0.068187,0,5
10,run9_initcall.txt,init_grace,0.068204,0,3
10,run9_initcall.txt,init_devpts_fs,0.068226,0,8
10,run9_initcall.txt,ext4_init_fs,0.068325,0,83
10,run9_initcall.txt,journal_init,0.068359,0,17
10,run9_initcall.txt,init_fat_fs,0.068381,0,6
10,run9_initcall.txt,init_vfat_fs,0.068397,0,0
10,run9_initcall.txt,init_msdos_fs,0.068412,0,0
10,run9_initcall.txt,init_nfs_fs,0.068581,0,153
10,run9_initcall.txt,init_nfs_v2,0.0686,0,0
10,run9_initcall.txt,init_nfs_v3,0.068616,0,0
10,run9_initcall.txt,init_nfs_v4,0.068661,0,30
10,run9_initcall.txt,nfs4filelayout_init,0.068684,0,6
10,run9_initcall.txt,nfs4flexfilelayout_init,0.068706,0,6
10,run9_initcall.txt,init_nlm,0.068747,0,26
10,run9_initcall.txt,init_nls_cp437,0.068764,0,0
10,run9_initcall.txt,init_nls_ascii,0.06878,0,0
10,run9_initcall.txt,init_autofs_fs,0.068925,0,130
10,run9_initcall.txt,init_f2fs_fs,0.069089,0,144
10,run9_initcall.txt,ipc_init,0.06912,0,12
10,run9_initcall.txt,ipc_sysctl_init,0.069156,0,20
10,run9_initcall.txt,init_mqueue_fs,0.069216,0,44
10,run9_initcall.txt,key_proc_init,0.069237,0,3
10,run9_initcall.txt,bpf_crypto_skcipher_init,0.069255,0,1
10,run9_initcall.txt,dh_init,0.069276,0,3
10,run9_initcall.txt,rsa_init,0.069295,0,1
10,run9_initcall.txt,cryptomgr_init,0.069312,0,0
10,run9_initcall.txt,hmac_module_init,0.069329,0,0
10,run9_initcall.txt,crypto_sha256_mod_init,0.069351,0,4
10,run9_initcall.txt,crypto_ecb_module_init,0.069368,0,0
10,run9_initcall.txt,crypto_cbc_module_init,0.069385,0,0
10,run9_initcall.txt,crypto_cts_module_init,0.069402,0,0
10,run9_initcall.txt,xts_module_init,0.069418,0,0
10,run9_initcall.txt,des_generic_mod_init,0.069437,0,1
10,run9_initcall.txt,aes_init,0.069454,0,0
10,run9_initcall.txt,lzo_mod_init,0.069471,0,1
10,run9_initcall.txt,lzorle_mod_init,0.069489,0,1
10,run9_initcall.txt,asymmetric_key_init,0.069512,0,6
10,run9_initcall.txt,x509_key_init,0.069534,0,6
10,run9_initcall.txt,crypto_kdf108_init,0.069551,0,0
10,run9_initcall.txt,blkdev_init,0.069579,0,11
10,run9_initcall.txt,proc_genhd_init,0.069599,0,2
10,run9_initcall.txt,bsg_init,0.069633,0,16
10,run9_initcall.txt,throtl_init,0.069718,0,67
10,run9_initcall.txt,deadline_init,0.069742,0,6
10,run9_initcall.txt,kyber_init,0.069764,0,5
10,run9_initcall.txt,bfq_init,0.069805,0,24
10,run9_initcall.txt,io_uring_init,0.069846,0,23
10,run9_initcall.txt,btree_module_init,0.069869,0,2
10,run9_initcall.txt,percpu_counter_startup,0.069925,0,37
10,run9_initcall.txt,audit_classes_init,0.069948,0,3
10,run9_initcall.txt,gicv5_iwb_platform_driver_init,0.070054,0,86
10,run9_initcall.txt,mip_msi_driver_init,0.07011,0,34
10,run9_initcall.txt,bcm7038_l1_driver_init,0.070164,0,34
10,run9_initcall.txt,bcm7120_l2_driver_init,0.070224,0,40
10,run9_initcall.txt,brcmstb_l2_driver_init,0.070511,0,266
10,run9_initcall.txt,simple_pm_bus_driver_init,0.071158,0,624
10,run9_initcall.txt,phy_core_init,0.071191,0,11
10,run9_initcall.txt,brcm_usb_driver_init,0.071283,0,73
10,run9_initcall.txt,rp1_pinctrl_driver_init,0.071336,0,33
10,run9_initcall.txt,bcm2835_pinctrl_driver_init,0.072184,0,827
10,run9_initcall.txt,bcm2712_pinctrl_driver_init,0.072263,0,54
10,run9_initcall.txt,brcmvirt_gpio_driver_init,0.072326,0,36
10,run9_initcall.txt,brcmstb_gpio_driver_init,0.072382,0,34
10,run9_initcall.txt,rpi_exp_gpio_driver_init,0.072786,0,384
10,run9_initcall.txt,brcmstb_pwm_driver_init,0.072843,0,36
10,run9_initcall.txt,rp1_pwm_driver_init,0.072897,0,34
10,run9_initcall.txt,gpio_led_driver_init,0.074691,0,1773
10,run9_initcall.txt,led_pwm_driver_init,0.07476,0,47
10,run9_initcall.txt,timer_led_trigger_init,0.074782,0,2
10,run9_initcall.txt,oneshot_led_trigger_init,0.074802,0,0
10,run9_initcall.txt,heartbeat_trig_init,0.074822,0,2
10,run9_initcall.txt,bl_led_trigger_init,0.07484,0,0
10,run9_initcall.txt,ledtrig_cpu_init,0.074908,0,53
10,run9_initcall.txt,defon_led_trigger_init,0.074954,0,30
10,run9_initcall.txt,input_trig_init,0.074971,0,1
10,run9_initcall.txt,ledtrig_panic_init,0.074986,0,1
10,run9_initcall.txt,actpwr_trig_init,0.075146,0,145
10,run9_initcall.txt,pcie_portdrv_init,0.075225,0,60
10,run9_initcall.txt,pci_proc_init,0.075247,0,7
10,run9_initcall.txt,brcm_pcie_driver_init,0.187411,0,112148
10,run9_initcall.txt,bcm2708_fb_init,0.187489,0,57
10,run9_initcall.txt,simplefb_driver_init,0.194483,0,6977
10,run9_initcall.txt,of_fixed_factor_clk_driver_init,0.194583,0,47
10,run9_initcall.txt,of_fixed_clk_driver_init,0.194672,0,38
10,run9_initcall.txt,gpio_clk_driver_init,0.194764,0,44
10,run9_initcall.txt,gated_fixed_clk_driver_init,0.194846,0,34
10,run9_initcall.txt,rp1_clk_driver_init,0.194928,0,34
10,run9_initcall.txt,rp1_sdio_clk_driver_init,0.19501,0,34
10,run9_initcall.txt,clk_dvp_driver_init,0.195199,0,142
10,run9_initcall.txt,bcm2835_aux_clk_driver_init,0.195312,0,61
10,run9_initcall.txt,raspberrypi_clk_driver_init,0.210892,0,15530
10,run9_initcall.txt,dw_driver_init,0.210991,0,51
10,run9_initcall.txt,bcm2835_power_driver_init,0.21106,0,22
10,run9_initcall.txt,rpi_power_driver_init,0.230843,0,19734
10,run9_initcall.txt,brcmstb_reset_driver_init,0.23303,0,43
10,run9_initcall.txt,brcm_rescal_reset_driver_init,0.235207,0,38
10,run9_initcall.txt,rpi_reset_driver_init,0.23845,0,1126
10,run9_initcall.txt,reset_simple_driver_init,0.240705,0,91
10,run9_initcall.txt,n_null_init,0.242848,0,0
10,run9_initcall.txt,pty_init,0.24507,0,84
10,run9_initcall.txt,sysrq_init,0.247223,0,13
10,run9_initcall.txt,serial8250_init,0.249365,-19,0
10,run9_initcall.txt,bcm2835aux_serial_driver_init,0.251545,0,44
10,run9_initcall.txt,brcmuart_init,0.253739,0,53
10,run9_initcall.txt,exar_pci_driver_init,0.25589,0,25
10,run9_initcall.txt,of_platform_serial_driver_init,0.258142,0,108
10,run9_initcall.txt,serial_pci_driver_init,0.26031,0,33
10,run9_initcall.txt,pericom8250_pci_driver_init,0.262452,0,20
10,run9_initcall.txt,init_kgdboc,0.265723,0,1131
10,run9_initcall.txt,random_sysctls_init,0.26785,0,13
10,run9_initcall.txt,ttyprintk_init,0.270029,0,53
10,run9_initcall.txt,bcm2835_rng_driver_init,0.272201,0,62
10,run9_initcall.txt,bcm74110_rng_driver_init,0.274427,0,38
10,run9_initcall.txt,iproc_rng200_driver_init,0.279112,0,2464
10,run9_initcall.txt,smccc_trng_driver_init,0.281445,0,31
10,run9_initcall.txt,vc_mem_init,0.285104,0,1303
10,run9_initcall.txt,vcio_driver_init,0.289055,0,1522
10,run9_initcall.txt,bcm2712_iommu_driver_init,0.291615,0,45
10,run9_initcall.txt,bcm2712_iommu_cache_driver_init,0.294207,0,38
10,run9_initcall.txt,topology_sysfs_init,0.296866,0,62
10,run9_initcall.txt,cacheinfo_sysfs_init,0.299737,0,242
10,run9_initcall.txt,devcoredump_init,0.302383,0,9
10,run9_initcall.txt,brd_init,0.309955,0,4983
10,run9_initcall.txt,loop_init,0.316366,0,3786
10,run9_initcall.txt,bcm2835_pm_driver_init,0.320372,0,1433
10,run9_initcall.txt,stmpe_i2c_driver_init,0.322918,0,15
10,run9_initcall.txt,stmpe_spi_driver_init,0.325486,0,13
10,run9_initcall.txt,rp1_driver_init,0.328095,0,44
10,run9_initcall.txt,system_heap_create,0.330754,0,79
10,run9_initcall.txt,add_default_cma_heap,0.333403,0,100
10,run9_initcall.txt,udmabuf_dev_init,0.336009,0,42
10,run9_initcall.txt,iscsi_transport_init,0.340035,0,1498
10,run9_initcall.txt,init_sd,0.342639,0,23
10,run9_initcall.txt,nvme_core_init,0.345457,0,258
10,run9_initcall.txt,nvme_init,0.348064,0,27
10,run9_initcall.txt,blackhole_netdev_init,0.350653,0,16
10,run9_initcall.txt,netkit_init,0.353207,0,5
10,run9_initcall.txt,phylink_init,0.355727,0,0
10,run9_initcall.txt,phy_module_init,0.358437,0,170
10,run9_initcall.txt,phy_module_init,0.361155,0,178
10,run9_initcall.txt,fixed_mdio_bus_init,0.363865,0,154
10,run9_initcall.txt,phy_module_init,0.366581,0,173
10,run9_initcall.txt,phy_module_init,0.369134,0,18
10,run9_initcall.txt,phy_module_init,0.371671,0,62
10,run9_initcall.txt,unimac_mdio_driver_init,0.374299,0,126
10,run9_initcall.txt,macb_driver_init,0.376922,0,132
10,run9_initcall.txt,bcmgenet_driver_init,0.575879,0,196473
10,run9_initcall.txt,bcmasp_driver_init,0.578457,0,83
10,run9_initcall.txt,lan78xx_driver_init,0.582235,0,1278
10,run9_initcall.txt,smsc95xx_driver_init,0.586072,0,1289
10,run9_initcall.txt,usbnet_init,0.58857,0,0
10,run9_initcall.txt,xhci_hcd_init,0.591129,0,23
10,run9_initcall.txt,xhci_pci_init,0.7213,0,127653
10,run9_initcall.txt,xhci_plat_init,0.723851,0,125
10,run9_initcall.txt,dwc_otg_driver_init,0.731171,0,4901
10,run9_initcall.txt,dwc_common_port_init_module,0.73484,0,1290
10,run9_initcall.txt,dwc3_driver_init,0.737271,0,55
10,run9_initcall.txt,dwc3_haps_driver_init,0.739647,0,25
10,run9_initcall.txt,dwc3_of_simple_driver_init,0.742083,0,63
10,run9_initcall.txt,dwc3_generic_driver_init,0.744496,0,38
10,run9_initcall.txt,dwc2_platform_driver_init,0.747023,0,167
10,run9_initcall.txt,uas_init,0.750657,0,1283
10,run9_initcall.txt,usb_storage_driver_init,0.754165,0,1173
10,run9_initcall.txt,brcmstb_usb_pinmap_init,0.756546,-19,64
10,run9_initcall.txt,bdc_driver_init,0.758943,0,46
10,run9_initcall.txt,input_leds_init,0.761304,0,1
10,run9_initcall.txt,mousedev_init,0.764955,0,1276
10,run9_initcall.txt,evdev_init,0.767362,0,0
10,run9_initcall.txt,brcmstb_waketmr_driver_init,0.769792,0,43
10,run9_initcall.txt,rpi_rtc_driver_init,0.7722,0,40
10,run9_initcall.txt,init_rc_map_adstech_dvb_t_pci,0.774598,0,0
10,run9_initcall.txt,init_rc_map_alink_dtu_m,0.776984,0,0
10,run9_initcall.txt,init_rc_map_anysee,0.779355,0,0
10,run9_initcall.txt,init_rc_map_apac_viewcomp,0.781743,0,0
10,run9_initcall.txt,init_rc_map_t2hybrid,0.784138,0,0
10,run9_initcall.txt,init_rc_map_asus_pc39,0.78652,0,0
10,run9_initcall.txt,init_rc_map_asus_ps3_100,0.788867,0,0
10,run9_initcall.txt,init_rc_map_ati_tv_wonder_hd_600,0.791251,0,0
10,run9_initcall.txt,init_rc_map_ati_x10,0.793648,0,0
10,run9_initcall.txt,init_rc_map_avermedia_a16d,0.796062,0,0
10,run9_initcall.txt,init_rc_map_avermedia_cardbus,0.798479,0,0
10,run9_initcall.txt,init_rc_map_avermedia_dvbt,0.800913,0,0
10,run9_initcall.txt,init_rc_map_avermedia_m135a,0.803321,0,0
10,run9_initcall.txt,init_rc_map_avermedia_m733a_rm_k6,0.805718,0,0
10,run9_initcall.txt,init_rc_map_avermedia,0.808162,0,0
10,run9_initcall.txt,init_rc_map_avermedia_rm_ks,0.810603,0,0
10,run9_initcall.txt,init_rc_map_avertv_303,0.813041,0,0
10,run9_initcall.txt,init_rc_map_azurewave_ad_tu700,0.815477,0,0
10,run9_initcall.txt,init_rc_map_beelink_gs1,0.817899,0,0
10,run9_initcall.txt,init_rc_map_beelink_mxiii,0.820613,0,0
10,run9_initcall.txt,init_rc_map_behold_columbus,0.823003,0,0
10,run9_initcall.txt,init_rc_map_behold,0.825423,0,0
10,run9_initcall.txt,init_rc_map_budget_ci_old,0.827833,0,0
10,run9_initcall.txt,init_rc_map_cinergy_1400,0.830227,0,0
10,run9_initcall.txt,init_rc_map_cinergy,0.832646,0,0
10,run9_initcall.txt,init_rc_map_ct_90405,0.835108,0,0
10,run9_initcall.txt,init_rc_map_d680_dmb,0.837531,0,0
10,run9_initcall.txt,init_rc_map_delock_61959,0.840019,0,0
10,run9_initcall.txt,init_rc_map,0.842348,0,0
10,run9_initcall.txt,init_rc_map,0.844711,0,0
10,run9_initcall.txt,init_rc_map_digitalnow_tinytwin,0.847049,0,0
10,run9_initcall.txt,init_rc_map_digittrade,0.849378,0,0
10,run9_initcall.txt,init_rc_map_dm1105_nec,0.851697,0,0
10,run9_initcall.txt,init_rc_map_dntv_live_dvb_t,0.853998,0,0
10,run9_initcall.txt,init_rc_map_dntv_live_dvbt_pro,0.856296,0,0
10,run9_initcall.txt,init_rc_map_dreambox,0.858619,0,0
10,run9_initcall.txt,init_rc_map_dtt200u,0.860949,0,0
10,run9_initcall.txt,init_rc_map_rc5_dvbsky,0.863265,0,0
10,run9_initcall.txt,init_rc_map_dvico_mce,0.865586,0,0
10,run9_initcall.txt,init_rc_map_dvico_portable,0.867916,0,0
10,run9_initcall.txt,init_rc_map_em_terratec,0.870222,0,0
10,run9_initcall.txt,init_rc_map_encore_enltv2,0.872506,0,0
10,run9_initcall.txt,init_rc_map_encore_enltv_fm53,0.874839,0,0
10,run9_initcall.txt,init_rc_map_encore_enltv,0.877169,0,0
10,run9_initcall.txt,init_rc_map_evga_indtube,0.879486,0,0
10,run9_initcall.txt,init_rc_map_eztv,0.881791,0,0
10,run9_initcall.txt,init_rc_map_flydvb,0.884093,0,0
10,run9_initcall.txt,init_rc_map_flyvideo,0.886374,0,0
10,run9_initcall.txt,init_rc_map_fusionhdtv_mce,0.888621,0,0
10,run9_initcall.txt,init_rc_map_gadmei_rm008z,0.890897,0,0
10,run9_initcall.txt,init_rc_map_geekbox,0.893169,0,0
10,run9_initcall.txt,init_rc_map_genius_tvgo_a11mce,0.895444,0,0
10,run9_initcall.txt,init_rc_map_gotview7135,0.897718,0,0
10,run9_initcall.txt,init_rc_map_rc5_hauppauge_new,0.900043,0,0
10,run9_initcall.txt,init_rc_map_hisi_poplar,0.90235,0,0
10,run9_initcall.txt,init_rc_map_hisi_tv_demo,0.904637,0,0
10,run9_initcall.txt,init_rc_map_imon_mce,0.906941,0,0
10,run9_initcall.txt,init_rc_map_imon_pad,0.909253,0,0
10,run9_initcall.txt,init_rc_map_imon_rsc,0.911558,0,0
10,run9_initcall.txt,init_rc_map_iodata_bctv7e,0.913838,0,0
10,run9_initcall.txt,init_rc_it913x_v1_map,0.916113,0,0
10,run9_initcall.txt,init_rc_it913x_v2_map,0.918401,0,0
10,run9_initcall.txt,init_rc_map_kaiomy,0.920677,0,0
10,run9_initcall.txt,init_rc_map_khadas,0.922923,0,0
10,run9_initcall.txt,init_rc_map_khamsin,0.925195,0,0
10,run9_initcall.txt,init_rc_map_kworld_315u,0.927457,0,0
10,run9_initcall.txt,init_rc_map_kworld_pc150u,0.929722,0,0
10,run9_initcall.txt,init_rc_map_kworld_plus_tv_analog,0.93199,0,0
10,run9_initcall.txt,init_rc_map_leadtek_y04g0051,0.934265,0,0
10,run9_initcall.txt,init_rc_lme2510_map,0.936555,0,0
10,run9_initcall.txt,init_rc_map_manli,0.938811,0,0
10,run9_initcall.txt,init_rc_map_mecool_kiii_pro,0.941116,0,0
10,run9_initcall.txt,init_rc_map_mecool_kii_pro,0.943429,0,0
10,run9_initcall.txt,init_rc_map_medion_x10_digitainer,0.945732,0,0
10,run9_initcall.txt,init_rc_map_medion_x10,0.948037,0,0
10,run9_initcall.txt,init_rc_map_medion_x10_or2x,0.95034,0,0
10,run9_initcall.txt,init_rc_map_minix_neo,0.952644,0,0
10,run9_initcall.txt,init_rc_map_msi_digivox_iii,0.954931,0,0
10,run9_initcall.txt,init_rc_map_msi_digivox_ii,0.957252,0,0
10,run9_initcall.txt,init_rc_map_msi_tvanywhere,0.959583,0,0
10,run9_initcall.txt,init_rc_map_msi_tvanywhere_plus,0.961901,0,0
10,run9_initcall.txt,init_rc_map_mygica_utv3,0.964223,0,0
10,run9_initcall.txt,init_rc_map_nebula,0.967761,0,0
10,run9_initcall.txt,init_rc_map_nec_terratec_cinergy_xs,0.970097,0,0
10,run9_initcall.txt,init_rc_map_norwood,0.972398,0,0
10,run9_initcall.txt,init_rc_map_npgtech,0.974732,0,0
10,run9_initcall.txt,init_rc_map_odroid,0.977051,0,0
10,run9_initcall.txt,init_rc_map_pctv_sedna,0.979375,0,0
10,run9_initcall.txt,init_rc_map_pine64,0.981705,0,0
10,run9_initcall.txt,init_rc_map_pinnacle_color,0.984048,0,0
10,run9_initcall.txt,init_rc_map_pinnacle_grey,0.98637,0,0
10,run9_initcall.txt,init_rc_map_pinnacle_pctv_hd,0.988667,0,0
10,run9_initcall.txt,init_rc_map_pixelview,0.990988,0,0
10,run9_initcall.txt,init_rc_map_pixelview,0.993319,0,0
10,run9_initcall.txt,init_rc_map_pixelview_new,0.995661,0,0
10,run9_initcall.txt,init_rc_map_pixelview,0.998005,0,0
10,run9_initcall.txt,init_rc_map_powercolor_real_angel,1.000355,0,0
10,run9_initcall.txt,init_rc_map_proteus_2309,1.002739,0,0
10,run9_initcall.txt,init_rc_map_purpletv,1.005099,0,0
10,run9_initcall.txt,init_rc_map_pv951,1.007476,0,0
10,run9_initcall.txt,init_rc_map_rc6_mce,1.009807,0,0
10,run9_initcall.txt,init_rc_map_real_audio_220_32_keys,1.012149,0,0
10,run9_initcall.txt,init_rc_map_reddo,1.014489,0,0
10,run9_initcall.txt,init_rc_map_siemens_gigaset_rc20,1.016844,0,0
10,run9_initcall.txt,init_rc_map_snapstream_firefly,1.019199,0,0
10,run9_initcall.txt,init_rc_map_streamzap,1.021524,0,1
10,run9_initcall.txt,init_rc_map_su3000,1.023904,0,0
10,run9_initcall.txt,init_rc_map_tanix_tx3mini,1.026267,0,0
10,run9_initcall.txt,init_rc_map_tanix_tx5max,1.028642,0,0
10,run9_initcall.txt,init_rc_map_tbs_nec,1.03101,0,0
10,run9_initcall.txt,init_rc_map,1.033383,0,0
10,run9_initcall.txt,init_rc_map,1.035767,0,0
10,run9_initcall.txt,init_rc_map_terratec_cinergy_c_pci,1.038085,0,0
10,run9_initcall.txt,init_rc_map_terratec_cinergy_s2_hd,1.04042,0,0
10,run9_initcall.txt,init_rc_map_terratec_cinergy_xs,1.042762,0,0
10,run9_initcall.txt,init_rc_map_terratec_slim_2,1.045109,0,0
10,run9_initcall.txt,init_rc_map_terratec_slim,1.04745,0,0
10,run9_initcall.txt,init_rc_map_tevii_nec,1.049786,0,0
10,run9_initcall.txt,init_rc_map_tivo,1.052145,0,0
10,run9_initcall.txt,init_rc_map_total_media_in_hand_02,1.05447,0,0
10,run9_initcall.txt,init_rc_map_total_media_in_hand,1.056824,0,0
10,run9_initcall.txt,init_rc_map_trekstor,1.0594,0,0
10,run9_initcall.txt,init_rc_map_tt_1500,1.061757,0,0
10,run9_initcall.txt,init_rc_map_twinhan_vp1027,1.064137,0,0
10,run9_initcall.txt,init_rc_map_twinhan_dtv_cab_ci,1.066507,0,0
10,run9_initcall.txt,init_rc_map_vega_s9x,1.068884,0,0
10,run9_initcall.txt,init_rc_map_videomate_k100,1.071261,0,0
10,run9_initcall.txt,init_rc_map_videomate_s350,1.073616,0,0
10,run9_initcall.txt,init_rc_map_videomate_tv_pvr,1.075957,0,0
10,run9_initcall.txt,init_rc_map_kii_pro,1.078268,0,0
10,run9_initcall.txt,init_rc_map_wetek_hub,1.080602,0,0
10,run9_initcall.txt,init_rc_map_wetek_play2,1.082944,0,0
10,run9_initcall.txt,init_rc_map_winfast,1.085296,0,0
10,run9_initcall.txt,init_rc_map_winfast_usbii_deluxe,1.087615,0,0
10,run9_initcall.txt,init_rc_map_x96max,1.089929,0,0
10,run9_initcall.txt,init_rc_map,1.092257,0,0
10,run9_initcall.txt,init_rc_map,1.094684,0,0
10,run9_initcall.txt,init_rc_map_zx_irdec,1.09699,0,0
10,run9_initcall.txt,ptp_kvm_init,1.099284,-95,1
10,run9_initcall.txt,gpio_poweroff_driver_init,1.101707,0,92
10,run9_initcall.txt,bcm2711_thermal_driver_init,1.107618,0,2468
10,run9_initcall.txt,bcm2835_thermal_driver_init,1.111253,0,67
10,run9_initcall.txt,bcm2835_wdt_driver_init,1.114968,0,47
10,run9_initcall.txt,dt_cpufreq_platdrv_init,1.118563,0,35
10,run9_initcall.txt,brcm_avs_cpufreq_platdrv_init,1.121007,0,50
10,run9_initcall.txt,raspberrypi_cpufreq_driver_init,1.128882,0,5474
10,run9_initcall.txt,mmc_pwrseq_simple_driver_init,1.131378,0,65
10,run9_initcall.txt,mmc_pwrseq_emmc_driver_init,1.133862,0,41
10,run9_initcall.txt,mmc_blk_init,1.136342,0,29
10,run9_initcall.txt,sdhci_drv_init,1.141206,0,2445
10,run9_initcall.txt,bcm2835_mmc_driver_init,1.144964,0,1279
10,run9_initcall.txt,bcm2835_driver_init,1.147557,0,41
10,run9_initcall.txt,sdhci_pltfm_drv_init,1.151349,0,1269
10,run9_initcall.txt,sdhci_iproc_driver_init,1.153955,0,78
10,run9_initcall.txt,sdhci_brcmstb_driver_init,1.154032,0,63
10,run9_initcall.txt,esrt_sysfs_init,1.154047,-38,0
10,run9_initcall.txt,smccc_devices_init,1.15406,0,0
10,run9_initcall.txt,smccc_soc_init,1.154072,0,0
10,run9_initcall.txt,arch_timer_mmio_drv_init,1.154126,0,44
10,run9_initcall.txt,arch_timer_mmio_acpi_drv_init,1.154158,0,23
10,run9_initcall.txt,hid_init,1.15422,0,53
10,run9_initcall.txt,hid_generic_init,1.154259,0,30
10,run9_initcall.txt,hid_init,1.154306,0,38
10,run9_initcall.txt,vchiq_driver_init,1.189288,0,34973
10,run9_initcall.txt,bcm74110_mbox_driver_init,1.192041,0,77
10,run9_initcall.txt,extcon_class_init,1.194796,0,12
10,run9_initcall.txt,armv8_pmu_driver_init,1.200832,0,3148
10,run9_initcall.txt,binder_init,1.203612,0,59
10,run9_initcall.txt,rpi_otp_driver_init,1.21017,0,4115
10,run9_initcall.txt,sock_diag_init,1.212671,0,26
10,run9_initcall.txt,blackhole_init,1.215123,0,1
10,run9_initcall.txt,cls_bpf_init_mod,1.21756,0,0
10,run9_initcall.txt,gre_offload_init,1.219994,0,0
10,run9_initcall.txt,sysctl_ipv4_init,1.222436,0,71
10,run9_initcall.txt,cubictcp_register,1.224844,0,2
10,run9_initcall.txt,packet_init,1.22858,0,1291
10,run9_initcall.txt,init_rpcsec_gss,1.231146,0,20
10,run9_initcall.txt,init_kerberos_module,1.233693,0,5
10,run9_initcall.txt,dcbnl_init,1.236261,0,2
10,run9_initcall.txt,init_dns_resolver,1.239884,0,1189
10,run9_initcall.txt,handshake_init,1.242314,0,31
10,run9_initcall.txt,check_mmu_enabled_at_boot,1.244714,0,0
10,run9_initcall.txt,finalize_pkvm,1.247139,0,0
10,run9_initcall.txt,kernel_do_mounts_initrd_sysctls_init,1.25089,0,5
10,run9_initcall.txt,kernel_panic_sysctls_init,1.253327,0,10
10,run9_initcall.txt,kernel_panic_sysfs_init,1.255726,0,5
10,run9_initcall.txt,kernel_exit_sysctls_init,1.258153,0,2
10,run9_initcall.txt,kernel_exit_sysfs_init,1.260601,0,2
10,run9_initcall.txt,param_sysfs_builtin_init,1.272577,0,9520
10,run9_initcall.txt,reboot_ksysfs_init,1.275179,0,25
10,run9_initcall.txt,sched_core_sysctl_init,1.277656,0,4
10,run9_initcall.txt,sched_fair_sysctl_init,1.28013,0,2
10,run9_initcall.txt,sched_rt_sysctl_init,1.282922,0,4
10,run9_initcall.txt,sched_dl_sysctl_init,1.285352,0,2
10,run9_initcall.txt,sched_init_debug,1.287797,0,78
10,run9_initcall.txt,cpu_latency_qos_init,1.290279,0,131
10,run9_initcall.txt,printk_late_init,1.292664,0,16
10,run9_initcall.txt,init_srcu_module_notifier,1.295072,0,1
10,run9_initcall.txt,kernel_rcu_stall_sysfs_init,1.297487,0,3
10,run9_initcall.txt,swiotlb_create_default_debugfs,1.300834,0,28
10,run9_initcall.txt,tk_debug_sleep_time_init,1.303324,0,3
10,run9_initcall.txt,bpf_ksym_iter_register,1.305749,0,1
10,run9_initcall.txt,kernel_acct_sysctls_init,1.308222,0,8
10,run9_initcall.txt,bpf_rstat_kfunc_init,1.310703,0,0
10,run9_initcall.txt,debugfs_kprobe_init,1.313167,0,8
10,run9_initcall.txt,kernel_delayacct_sysctls_init,1.31564,0,4
10,run9_initcall.txt,taskstats_init,1.319342,0,1246
10,run9_initcall.txt,bpf_global_ma_init,1.32186,0,103
10,run9_initcall.txt,bpf_syscall_sysctl_init,1.324327,0,4
10,run9_initcall.txt,unbound_reg_init,1.326778,0,0
10,run9_initcall.txt,kfunc_init,1.3292,0,1
10,run9_initcall.txt,bpf_map_iter_init,1.331635,0,0
10,run9_initcall.txt,init_subsystem,1.334051,0,0
10,run9_initcall.txt,task_iter_init,1.336483,0,1
10,run9_initcall.txt,bpf_prog_iter_init,1.338866,0,0
10,run9_initcall.txt,bpf_link_iter_init,1.341268,0,0
10,run9_initcall.txt,init_trampolines,1.34366,0,2
10,run9_initcall.txt,rqspinlock_register_kfuncs,1.346035,0,0
10,run9_initcall.txt,kfunc_init,1.348409,0,0
10,run9_initcall.txt,bpf_cgroup_iter_init,1.350757,0,0
10,run9_initcall.txt,cpumask_kfunc_init,1.353092,0,8
10,run9_initcall.txt,crypto_kfunc_init,1.355404,0,0
10,run9_initcall.txt,bpf_kmem_cache_iter_init,1.357766,0,0
10,run9_initcall.txt,dmabuf_iter_init,1.360139,0,0
10,run9_initcall.txt,load_system_certificate_list,1.363707,0,1195
10,run9_initcall.txt,init_lru_gen,1.366125,0,17
10,run9_initcall.txt,vmstat_late_init,1.368546,0,2
10,run9_initcall.txt,fault_around_debugfs,1.370924,0,2
10,run9_initcall.txt,slab_sysfs_init,1.377035,0,3757
10,run9_initcall.txt,max_swapfiles_check,1.379428,0,0
10,run9_initcall.txt,zswap_init,1.381749,0,0
10,run9_initcall.txt,mempolicy_sysfs_init,1.384127,0,15
10,run9_initcall.txt,memory_tier_late_init,1.388875,0,2396
10,run9_initcall.txt,check_early_ioremap_leak,1.391244,0,0
10,run9_initcall.txt,mg_debugfs_init,1.393615,0,14
10,run9_initcall.txt,fscrypt_init,1.398391,0,2419
10,run9_initcall.txt,pstore_init,1.400758,0,11
10,run9_initcall.txt,init_root_keyring,1.403129,0,29
10,run9_initcall.txt,init_profile_hash,1.405437,0,0
10,run9_initcall.txt,integrity_fs_init,1.407786,0,7
10,run9_initcall.txt,crypto_algapi_init,1.410136,0,8
10,run9_initcall.txt,blk_timeout_init,1.412505,0,0
10,run9_initcall.txt,depot_debugfs_init,1.414872,0,6
10,run9_initcall.txt,pci_resource_alignment_sysfs_init,1.417243,0,5
10,run9_initcall.txt,pci_sysfs_init,1.419643,0,12
10,run9_initcall.txt,clk_debug_init,1.422395,0,414
10,run9_initcall.txt,genpd_debug_init,1.425108,0,322
10,run9_initcall.txt,sync_state_resume_initcall,1.427522,0,1
10,run9_initcall.txt,deferred_probe_initcall,1.495772,0,65859
10,run9_initcall.txt,efi_shutdown_init,1.502272,-19,0
10,run9_initcall.txt,efi_earlycon_unmap_fb,1.504521,0,0
10,run9_initcall.txt,psci_debugfs_init,1.506749,0,0
10,run9_initcall.txt,of_cfs_init,1.513291,0,2270
10,run9_initcall.txt,of_fdt_raw_init,1.515544,0,30
10,run9_initcall.txt,bpf_kfunc_init,1.517775,0,2
10,run9_initcall.txt,init_subsystem,1.520023,0,0
10,run9_initcall.txt,xdp_metadata_init,1.522222,0,0
10,run9_initcall.txt,bpf_sockmap_iter_init,1.52445,0,1
10,run9_initcall.txt,bpf_sk_storage_map_iter_init,1.526702,0,1
10,run9_initcall.txt,bpf_prog_test_run_init,1.528952,0,0
10,run9_initcall.txt,bpf_dummy_struct_ops_init,1.531196,0,0
10,run9_initcall.txt,tcp_congestion_default,1.533453,0,1
10,run9_initcall.txt,inet_blackhole_dev_init,1.535706,0,5
10,run9_initcall.txt,ip_auto_config,1.53793,0,9
10,run9_initcall.txt,tcp_bpf_v4_build_proto,1.540171,0,1
10,run9_initcall.txt,udp_bpf_v4_build_proto,1.542363,0,0
10,run9_initcall.txt,bpf_tcp_ca_kfunc_init,1.545642,0,0
10,run9_initcall.txt,bpf_mptcp_kfunc_init,1.549039,0,0
10,run9_initcall.txt,fb_logo_late_init,1.551288,0,0
10,run9_initcall.txt,amba_stub_drv_init,1.553543,0,24
10,run9_initcall.txt,clk_disable_unused,1.560723,0,4892
10,run9_initcall.txt,genpd_power_off_unused,1.564337,0,1223
10,run9_initcall.txt,regulator_init_complete,1.566786,0,1
10,run9_initcall.txt,of_platform_sync_state_init,1.569248,0,16
