run_id,source_file,name,timestamp_s,return_code,duration_us
1,run10_initcall.txt,init_rcu_stall_sysctl,0.047281,0,0
1,run10_initcall.txt,init_module_sysctl,0.047302,0,0
1,run10_initcall.txt,create_proc_profile,0.047321,0,0
1,run10_initcall.txt,cgroup_sysfs_init,0.047341,0,0
1,run10_initcall.txt,user_namespaces_init,0.047366,0,0
1,run10_initcall.txt,hung_task_init,0.047536,0,0
1,run10_initcall.txt,init_trace_sysctls,0.047556,0,0
1,run10_initcall.txt,trace_eval_init,0.047599,0,0
1,run10_initcall.txt,init_trace_stack_sysctls,0.047619,0,0
1,run10_initcall.txt,send_signal_irq_work_init,0.04764,0,0
1,run10_initcall.txt,dev_map_init,0.047662,0,0
1,run10_initcall.txt,netns_bpf_init,0.047681,0,0
1,run10_initcall.txt,oom_init,0.047761,0,0
1,run10_initcall.txt,init_user_buckets,0.047784,0,0
1,run10_initcall.txt,init_vm_util_sysctls,0.047806,0,0
1,run10_initcall.txt,default_bdi_init,0.047927,0,0
1,run10_initcall.txt,cgwb_init,0.047953,0,0
1,run10_initcall.txt,percpu_enable_async,0.047969,0,0
1,run10_initcall.txt,kcompactd_init,0.048085,0,0
1,run10_initcall.txt,init_mm_sysctl,0.048103,0,0
1,run10_initcall.txt,init_user_reserve,0.048122,0,0
1,run10_initcall.txt,init_admin_reserve,0.048137,0,0
1,run10_initcall.txt,init_reserve_notifier,0.048185,0,0
1,run10_initcall.txt,swap_init,0.048207,0,0
1,run10_initcall.txt,swapfile_init,0.048232,0,0
1,run10_initcall.txt,memory_tier_init,0.048283,0,0
1,run10_initcall.txt,numa_init_sysfs,0.048304,0,0
1,run10_initcall.txt,mem_cgroup_swap_init,0.048321,0,0
1,run10_initcall.txt,init_msg_buckets,0.048338,0,0
1,run10_initcall.txt,init_bio,0.048389,0,0
1,run10_initcall.txt,blk_ioc_init,0.048409,0,0
1,run10_initcall.txt,blk_mq_init,0.048426,0,0
1,run10_initcall.txt,genhd_device_init,0.048549,0,0
1,run10_initcall.txt,blkcg_punt_bio_init,0.048652,0,0
1,run10_initcall.txt,blk_integrity_auto_init,0.048724,0,0
1,run10_initcall.txt,io_wq_init,0.048745,0,0
1,run10_initcall.txt,crc_t10dif_mod_init,0.048772,0,0
1,run10_initcall.txt,sha256_mod_init,0.048792,0,0
1,run10_initcall.txt,sha512_mod_init,0.048809,0,0
1,run10_initcall.txt,sg_pool_init,0.048842,0,0
1,run10_initcall.txt,gpiolib_debugfs_init,0.048864,0,0
1,run10_initcall.txt,stmpe_gpio_init,0.048975,0,0
1,run10_initcall.txt,pwm_init,0.049003,0,0
1,run10_initcall.txt,leds_init,0.049036,0,0
1,run10_initcall.txt,pci_slot_init,0.049059,0,0
1,run10_initcall.txt,fbmem_init,0.049115,0,0
1,run10_initcall.txt,bcm2835_dma_init,0.049859,0,0
1,run10_initcall.txt,regulator_fixed_voltage_init,0.049944,0,0
1,run10_initcall.txt,gpio_regulator_init,0.049999,0,0
1,run10_initcall.txt,init_sysrq_sysctl,0.050022,0,0
1,run10_initcall.txt,misc_init,0.050054,0,0
1,run10_initcall.txt,iommu_subsys_init,0.050086,0,0
1,run10_initcall.txt,register_cpu_capacity_sysctl,0.050656,0,0
1,run10_initcall.txt,dma_buf_init,0.050729,0,0
1,run10_initcall.txt,dma_heap_init,0.050758,0,0
1,run10_initcall.txt,init_scsi,0.050862,0,0
1,run10_initcall.txt,mdio_bus_init,0.050894,0,0
1,run10_initcall.txt,phy_init,0.050945,0,0
1,run10_initcall.txt,usb_common_init,0.050966,0,0
1,run10_initcall.txt,usb_init,0.051081,0,0
1,run10_initcall.txt,usb_phy_generic_init,0.051233,0,0
1,run10_initcall.txt,usb_udc_init,0.051272,0,0
1,run10_initcall.txt,usb_roles_init,0.051295,0,0
1,run10_initcall.txt,input_init,0.051323,0,0
1,run10_initcall.txt,rtc_init,0.051347,0,0
1,run10_initcall.txt,rc_core_init,0.051377,0,0
1,run10_initcall.txt,pps_init,0.051411,0,0
1,run10_initcall.txt,ptp_init,0.051437,0,0
1,run10_initcall.txt,power_supply_class_init,0.051466,0,0
1,run10_initcall.txt,hwmon_init,0.051489,0,0
1,run10_initcall.txt,mmc_init,0.051534,0,0
1,run10_initcall.txt,dmi_init,0.051551,0,0
1,run10_initcall.txt,efisubsys_init,0.051569,0,0
1,run10_initcall.txt,arm_pmu_hp_init,0.051591,0,0
1,run10_initcall.txt,ras_init,0.051614,0,0
1,run10_initcall.txt,nvmem_init,0.051648,0,0
1,run10_initcall.txt,init_soundcore,0.051671,0,0
1,run10_initcall.txt,proto_init,0.051691,0,0
1,run10_initcall.txt,net_dev_init,0.051923,0,0
1,run10_initcall.txt,neigh_init,0.051944,0,0
1,run10_initcall.txt,fib_notifier_init,0.05196,0,0
1,run10_initcall.txt,netdev_genl_init,0.052001,0,0
1,run10_initcall.txt,page_pool_user_init,0.052018,0,0
1,run10_initcall.txt,fib_rules_init,0.052036,0,0
1,run10_initcall.txt,init_cgroup_netprio,0.052052,0,0
1,run10_initcall.txt,bpf_lwt_init,0.052068,0,0
1,run10_initcall.txt,pktsched_init,0.052092,0,0
1,run10_initcall.txt,tc_filter_init,0.052124,0,0
1,run10_initcall.txt,tc_action_init,0.052141,0,0
1,run10_initcall.txt,ethnl_init,0.052269,0,4000
1,run10_initcall.txt,nexthop_init,0.052319,0,0
1,run10_initcall.txt,devlink_init,0.052404,0,0
1,run10_initcall.txt,wireless_nlevent_init,0.052425,0,0
1,run10_initcall.txt,vsprintf_init_hashval,0.052446,0,0
1,run10_initcall.txt,init_32bit_el0_mask,0.052465,0,0
1,run10_initcall.txt,vga_arb_device_init,0.052596,0,0
1,run10_initcall.txt,watchdog_init,0.052682,0,0
1,run10_initcall.txt,create_debug_debugfs_entry,0.052797,0,0
1,run10_initcall.txt,iomem_init_inode,0.052846,0,0
1,run10_initcall.txt,clocksource_done_booting,0.052896,0,16
1,run10_initcall.txt,tracer_init_tracefs,0.052921,0,7
1,run10_initcall.txt,init_trace_printk_function_export,0.053029,0,90
1,run10_initcall.txt,init_graph_tracefs,0.053053,0,3
1,run10_initcall.txt,bpf_event_init,0.053071,0,1
1,run10_initcall.txt,init_kprobe_trace,0.428747,0,375655
1,run10_initcall.txt,init_dynamic_event,0.428862,0,6
1,run10_initcall.txt,bpf_init,0.428937,0,57
1,run10_initcall.txt,secretmem_init,0.429012,0,55
1,run10_initcall.txt,init_fs_stat_sysctls,0.429043,0,12
1,run10_initcall.txt,init_fs_exec_sysctls,0.429063,0,1
1,run10_initcall.txt,init_pipe_fs,0.429094,0,14
1,run10_initcall.txt,init_fs_namei_sysctls,0.429116,0,4
1,run10_initcall.txt,init_fs_dcache_sysctls,0.429149,0,7
1,run10_initcall.txt,init_fs_namespace_sysctls,0.429168,0,1
1,run10_initcall.txt,cgroup_writeback_init,0.429199,0,12
1,run10_initcall.txt,inotify_user_setup,0.429234,0,16
1,run10_initcall.txt,eventpoll_init,0.429271,0,18
1,run10_initcall.txt,anon_inode_init,0.429303,0,12
1,run10_initcall.txt,proc_locks_init,0.429329,0,7
1,run10_initcall.txt,backing_aio_init,0.429349,0,2
1,run10_initcall.txt,init_fs_coredump_sysctls,0.429378,0,9
1,run10_initcall.txt,init_vm_drop_caches_sysctls,0.4294,0,2
1,run10_initcall.txt,iomap_dio_init,0.429442,0,23
1,run10_initcall.txt,iomap_ioend_init,0.429499,0,39
1,run10_initcall.txt,dquot_init,0.429697,0,177
1,run10_initcall.txt,proc_cmdline_init,0.429727,0,3
1,run10_initcall.txt,proc_consoles_init,0.429748,0,1
1,run10_initcall.txt,proc_cpuinfo_init,0.42977,0,1
1,run10_initcall.txt,proc_devices_init,0.429789,0,1
1,run10_initcall.txt,proc_interrupts_init,0.42981,0,1
1,run10_initcall.txt,proc_loadavg_init,0.429829,0,1
1,run10_initcall.txt,proc_meminfo_init,0.429848,0,0
1,run10_initcall.txt,proc_stat_init,0.429871,0,3
1,run10_initcall.txt,proc_uptime_init,0.429891,0,1
1,run10_initcall.txt,proc_version_init,0.42991,0,1
1,run10_initcall.txt,proc_softirqs_init,0.429931,0,1
1,run10_initcall.txt,proc_kmsg_init,0.429949,0,2
1,run10_initcall.txt,proc_page_init,0.429967,0,3
1,run10_initcall.txt,init_ramfs_fs,0.429982,0,1
1,run10_initcall.txt,aa_create_aafs,0.429999,0,0
1,run10_initcall.txt,chr_dev_init,0.433097,0,3079
1,run10_initcall.txt,hwrng_modinit,0.433181,0,50
1,run10_initcall.txt,firmware_class_init,0.433204,0,1
1,run10_initcall.txt,sysctl_core_init,0.433259,0,31
1,run10_initcall.txt,eth_offload_init,0.433276,0,0
1,run10_initcall.txt,ipv4_offload_init,0.433293,0,1
1,run10_initcall.txt,inet_init,0.437294,0,3983
1,run10_initcall.txt,af_unix_init,0.437351,0,23
1,run10_initcall.txt,ipv6_offload_init,0.437371,0,2
1,run10_initcall.txt,init_sunrpc,0.437752,0,364
1,run10_initcall.txt,vlan_offload_init,0.437772,0,1
1,run10_initcall.txt,pci_apply_final_quirks,0.437801,0,11
1,run10_initcall.txt,populate_rootfs,0.437827,0,9
1,run10_initcall.txt,register_arm64_panic_block,0.437944,0,1
1,run10_initcall.txt,cpuinfo_regs_init,0.438056,0,94
1,run10_initcall.txt,aarch32_el0_sysfs_init,0.438078,0,0
1,run10_initcall.txt,kvm_arm_init,0.445306,0,7207
1,run10_initcall.txt,proc_execdomains_init,0.445398,0,8
1,run10_initcall.txt,register_warn_debugfs,0.445425,0,10
1,run10_initcall.txt,cpuhp_sysfs_init,0.445481,0,37
1,run10_initcall.txt,ioresources_init,0.445506,0,7
1,run10_initcall.txt,psi_proc_init,0.445524,0,0
1,run10_initcall.txt,irq_gc_init_ops,0.445543,0,0
1,run10_initcall.txt,irq_debugfs_init,0.44565,0,88
1,run10_initcall.txt,proc_modules_init,0.445673,0,2
1,run10_initcall.txt,timer_sysctl_init,0.445723,0,27
1,run10_initcall.txt,timekeeping_init_ops,0.44574,0,0
1,run10_initcall.txt,init_clocksource_sysfs,0.445841,0,84
1,run10_initcall.txt,init_timer_list_procfs,0.445865,0,3
1,run10_initcall.txt,alarmtimer_init,0.445953,0,71
1,run10_initcall.txt,clockevents_init_sysfs,0.446101,0,131
1,run10_initcall.txt,sched_clock_syscore_init,0.446121,0,0
1,run10_initcall.txt,kallsyms_init,0.446139,0,2
1,run10_initcall.txt,pid_namespaces_init,0.446214,0,54
1,run10_initcall.txt,audit_watch_init,0.446234,0,2
1,run10_initcall.txt,audit_fsnotify_init,0.446249,0,0
1,run10_initcall.txt,audit_tree_init,0.446267,0,3
1,run10_initcall.txt,seccomp_sysctl_init,0.446287,0,5
1,run10_initcall.txt,utsname_sysctl_init,0.446309,0,7
1,run10_initcall.txt,init_tracepoints,0.446326,0,1
1,run10_initcall.txt,init_lstats_procfs,0.446346,0,4
1,run10_initcall.txt,stack_trace_init,0.446386,0,22
1,run10_initcall.txt,init_blk_tracer,0.446421,0,18
1,run10_initcall.txt,perf_event_sysfs_init,0.446563,0,123
1,run10_initcall.txt,system_trusted_keyring_init,0.446607,0,21
1,run10_initcall.txt,kswapd_init,0.446929,0,299
1,run10_initcall.txt,extfrag_debug_init,0.447004,0,39
1,run10_initcall.txt,mm_compute_batch_init,0.447035,0,0
1,run10_initcall.txt,slab_proc_init,0.447063,0,11
1,run10_initcall.txt,workingset_init,0.447088,0,10
1,run10_initcall.txt,proc_vmalloc_init,0.447107,0,3
1,run10_initcall.txt,memblock_init_debugfs,0.447129,0,6
1,run10_initcall.txt,slab_debugfs_init,0.44716,0,13
1,run10_initcall.txt,procswaps_init,0.447177,0,1
1,run10_initcall.txt,zs_init,0.447193,0,0
1,run10_initcall.txt,fcntl_init,0.447214,0,4
1,run10_initcall.txt,proc_filesystems_init,0.447233,0,1
1,run10_initcall.txt,start_dirtytime_writeback,0.447261,0,10
1,run10_initcall.txt,dio_init,0.447284,0,3
1,run10_initcall.txt,dnotify_init,0.447347,0,45
1,run10_initcall.txt,fanotify_user_setup,0.447382,0,13
1,run10_initcall.txt,aio_setup,0.447472,0,70
1,run10_initcall.txt,mbcache_init,0.4475,0,5
1,run10_initcall.txt,init_grace,0.447524,0,3
1,run10_initcall.txt,init_devpts_fs,0.447553,0,12
1,run10_initcall.txt,ext4_init_fs,0.447663,0,96
1,run10_initcall.txt,journal_init,0.447699,0,17
1,run10_initcall.txt,init_fat_fs,0.447719,0,5
1,run10_initcall.txt,init_vfat_fs,0.447734,0,1
1,run10_initcall.txt,init_msdos_fs,0.447748,0,0
1,run10_initcall.txt,init_nfs_fs,0.448025,0,259
1,run10_initcall.txt,init_nfs_v2,0.448056,0,1
1,run10_initcall.txt,init_nfs_v3,0.448071,0,0
1,run10_initcall.txt,init_nfs_v4,0.448133,0,48
1,run10_initcall.txt,nfs4filelayout_init,0.448156,0,6
1,run10_initcall.txt,nfs4flexfilelayout_init,0.448179,0,7
1,run10_initcall.txt,init_nlm,0.448233,0,39
1,run10_initcall.txt,init_nls_cp437,0.44825,0,0
1,run10_initcall.txt,init_nls_ascii,0.448269,0,0
1,run10_initcall.txt,init_autofs_fs,0.448478,0,194
1,run10_initcall.txt,init_f2fs_fs,0.448663,0,165
1,run10_initcall.txt,ipc_init,0.4487,0,17
1,run10_initcall.txt,ipc_sysctl_init,0.448746,0,29
1,run10_initcall.txt,init_mqueue_fs,0.448816,0,53
1,run10_initcall.txt,key_proc_init,0.448841,0,7
1,run10_initcall.txt,bpf_crypto_skcipher_init,0.448859,0,1
1,run10_initcall.txt,dh_init,0.448921,0,3
1,run10_initcall.txt,rsa_init,0.448939,0,1
1,run10_initcall.txt,cryptomgr_init,0.448956,0,0
1,run10_initcall.txt,hmac_module_init,0.448973,0,1
1,run10_initcall.txt,crypto_sha256_mod_init,0.448994,0,4
1,run10_initcall.txt,crypto_ecb_module_init,0.44901,0,0
1,run10_initcall.txt,crypto_cbc_module_init,0.449027,0,0
1,run10_initcall.txt,crypto_cts_module_init,0.449043,0,0
1,run10_initcall.txt,xts_module_init,0.449062,0,0
1,run10_initcall.txt,des_generic_mod_init,0.449079,0,1
1,run10_initcall.txt,aes_init,0.449096,0,0
1,run10_initcall.txt,lzo_mod_init,0.449113,0,1
1,run10_initcall.txt,lzorle_mod_init,0.44913,0,0
1,run10_initcall.txt,asymmetric_key_init,0.449153,0,7
1,run10_initcall.txt,x509_key_init,0.449175,0,5
1,run10_initcall.txt,crypto_kdf108_init,0.449191,0,0
1,run10_initcall.txt,blkdev_init,0.449251,0,41
1,run10_initcall.txt,proc_genhd_init,0.449279,0,4
1,run10_initcall.txt,bsg_init,0.44934,0,44
1,run10_initcall.txt,throtl_init,0.449531,0,172
1,run10_initcall.txt,deadline_init,0.449564,0,6
1,run10_initcall.txt,kyber_init,0.449585,0,4
1,run10_initcall.txt,bfq_init,0.449641,0,39
1,run10_initcall.txt,io_uring_init,0.449704,0,37
1,run10_initcall.txt,btree_module_init,0.449728,0,3
1,run10_initcall.txt,percpu_counter_startup,0.449812,0,65
1,run10_initcall.txt,audit_classes_init,0.44984,0,4
1,run10_initcall.txt,gicv5_iwb_platform_driver_init,0.449974,0,114
1,run10_initcall.txt,mip_msi_driver_init,0.450031,0,36
1,run10_initcall.txt,bcm7038_l1_driver_init,0.450087,0,36
1,run10_initcall.txt,bcm7120_l2_driver_init,0.450159,0,53
1,run10_initcall.txt,brcmstb_l2_driver_init,0.450577,0,390
1,run10_initcall.txt,simple_pm_bus_driver_init,0.451486,0,883
1,run10_initcall.txt,phy_core_init,0.451546,0,29
1,run10_initcall.txt,brcm_usb_driver_init,0.451668,0,102
1,run10_initcall.txt,rp1_pinctrl_driver_init,0.451723,0,34
1,run10_initcall.txt,bcm2835_pinctrl_driver_init,0.453021,0,1277
1,run10_initcall.txt,bcm2712_pinctrl_driver_init,0.453125,0,71
1,run10_initcall.txt,brcmvirt_gpio_driver_init,0.453187,0,39
1,run10_initcall.txt,brcmstb_gpio_driver_init,0.453245,0,37
1,run10_initcall.txt,rpi_exp_gpio_driver_init,0.453872,0,606
1,run10_initcall.txt,brcmstb_pwm_driver_init,0.453959,0,58
1,run10_initcall.txt,rp1_pwm_driver_init,0.454016,0,36
1,run10_initcall.txt,gpio_led_driver_init,0.67115,0,217105
1,run10_initcall.txt,led_pwm_driver_init,0.671344,0,145
1,run10_initcall.txt,timer_led_trigger_init,0.671382,0,5
1,run10_initcall.txt,oneshot_led_trigger_init,0.671403,0,1
1,run10_initcall.txt,heartbeat_trig_init,0.671435,0,3
1,run10_initcall.txt,bl_led_trigger_init,0.671455,0,0
1,run10_initcall.txt,ledtrig_cpu_init,0.671583,0,109
1,run10_initcall.txt,defon_led_trigger_init,0.671673,0,67
1,run10_initcall.txt,input_trig_init,0.671701,0,1
1,run10_initcall.txt,ledtrig_panic_init,0.671722,0,2
1,run10_initcall.txt,actpwr_trig_init,0.673351,0,1606
1,run10_initcall.txt,pcie_portdrv_init,0.673528,0,106
1,run10_initcall.txt,pci_proc_init,0.673564,0,12
1,run10_initcall.txt,brcm_pcie_driver_init,0.789857,0,116275
1,run10_initcall.txt,bcm2708_fb_init,0.789949,0,69
1,run10_initcall.txt,simplefb_driver_init,0.816005,0,26039
1,run10_initcall.txt,of_fixed_factor_clk_driver_init,0.816098,0,40
1,run10_initcall.txt,of_fixed_clk_driver_init,0.816182,0,34
1,run10_initcall.txt,gpio_clk_driver_init,0.816271,0,43
1,run10_initcall.txt,gated_fixed_clk_driver_init,0.816365,0,39
1,run10_initcall.txt,rp1_clk_driver_init,0.816448,0,35
1,run10_initcall.txt,rp1_sdio_clk_driver_init,0.81653,0,35
1,run10_initcall.txt,clk_dvp_driver_init,0.816727,0,148
1,run10_initcall.txt,bcm2835_aux_clk_driver_init,0.816841,0,66
1,run10_initcall.txt,raspberrypi_clk_driver_init,0.832325,0,15420
1,run10_initcall.txt,dw_driver_init,0.832432,0,58
1,run10_initcall.txt,bcm2835_power_driver_init,0.832506,0,23
1,run10_initcall.txt,rpi_power_driver_init,0.833955,0,1400
1,run10_initcall.txt,brcmstb_reset_driver_init,0.834047,0,42
1,run10_initcall.txt,brcm_rescal_reset_driver_init,0.834135,0,37
1,run10_initcall.txt,rpi_reset_driver_init,0.834294,0,111
1,run10_initcall.txt,reset_simple_driver_init,0.834428,0,83
1,run10_initcall.txt,n_null_init,0.834475,0,0
1,run10_initcall.txt,pty_init,0.834615,0,100
1,run10_initcall.txt,sysrq_init,0.834678,0,15
1,run10_initcall.txt,serial8250_init,0.834724,-19,0
1,run10_initcall.txt,bcm2835aux_serial_driver_init,0.834814,0,42
1,run10_initcall.txt,brcmuart_init,0.834917,0,54
1,run10_initcall.txt,exar_pci_driver_init,0.834989,0,26
1,run10_initcall.txt,of_platform_serial_driver_init,0.835138,0,96
1,run10_initcall.txt,serial_pci_driver_init,0.835217,0,27
1,run10_initcall.txt,pericom8250_pci_driver_init,0.835283,0,17
1,run10_initcall.txt,init_kgdboc,0.835437,0,105
1,run10_initcall.txt,random_sysctls_init,0.835495,0,13
1,run10_initcall.txt,ttyprintk_init,0.835597,0,54
1,run10_initcall.txt,bcm2835_rng_driver_init,0.835708,0,62
1,run10_initcall.txt,bcm74110_rng_driver_init,0.835795,0,36
1,run10_initcall.txt,iproc_rng200_driver_init,0.836114,0,270
1,run10_initcall.txt,smccc_trng_driver_init,0.836192,0,25
1,run10_initcall.txt,vc_mem_init,0.836368,0,127
1,run10_initcall.txt,vcio_driver_init,0.839345,0,2930
1,run10_initcall.txt,bcm2712_iommu_driver_init,0.844368,0,50
1,run10_initcall.txt,bcm2712_iommu_cache_driver_init,0.849568,0,42
1,run10_initcall.txt,topology_sysfs_init,0.854813,0,67
1,run10_initcall.txt,cacheinfo_sysfs_init,0.860281,0,259
1,run10_initcall.txt,devcoredump_init,0.865507,0,11
1,run10_initcall.txt,brd_init,0.877294,0,6554
1,run10_initcall.txt,loop_init,0.887978,0,5448
1,run10_initcall.txt,bcm2835_pm_driver_init,0.895975,0,2741
1,run10_initcall.txt,stmpe_i2c_driver_init,0.901205,0,17
1,run10_initcall.txt,stmpe_spi_driver_init,0.90644,0,13
1,run10_initcall.txt,rp1_driver_init,0.911534,0,29
1,run10_initcall.txt,system_heap_create,0.916858,0,101
1,run10_initcall.txt,add_default_cma_heap,0.922202,0,94
1,run10_initcall.txt,udmabuf_dev_init,0.927467,0,51
1,run10_initcall.txt,iscsi_transport_init,0.935544,0,2859
1,run10_initcall.txt,init_sd,0.940775,0,28
1,run10_initcall.txt,nvme_core_init,0.946104,0,276
1,run10_initcall.txt,nvme_init,0.951368,0,34
1,run10_initcall.txt,blackhole_netdev_init,0.956599,0,18
1,run10_initcall.txt,netkit_init,0.961826,0,6
1,run10_initcall.txt,phylink_init,0.96705,0,0
1,run10_initcall.txt,phy_module_init,0.972439,0,179
1,run10_initcall.txt,phy_module_init,0.977669,0,181
1,run10_initcall.txt,fixed_mdio_bus_init,0.983027,0,163
1,run10_initcall.txt,phy_module_init,0.988416,0,175
1,run10_initcall.txt,phy_module_init,0.993724,0,20
1,run10_initcall.txt,phy_module_init,0.999108,0,85
1,run10_initcall.txt,unimac_mdio_driver_init,1.004605,0,143
1,run10_initcall.txt,macb_driver_init,1.009973,0,118
1,run10_initcall.txt,bcmgenet_driver_init,1.224561,0,209150
1,run10_initcall.txt,bcmasp_driver_init,1.230326,0,97
1,run10_initcall.txt,lan78xx_driver_init,1.238916,0,2883
1,run10_initcall.txt,smsc95xx_driver_init,1.247444,0,2914
1,run10_initcall.txt,usbnet_init,1.253235,0,0
1,run10_initcall.txt,xhci_hcd_init,1.259038,0,17
1,run10_initcall.txt,xhci_pci_init,1.436247,0,171416
1,run10_initcall.txt,xhci_plat_init,1.441931,0,123
1,run10_initcall.txt,dwc_otg_driver_init,1.458645,0,11136
1,run10_initcall.txt,dwc_common_port_init_module,1.467152,0,2920
1,run10_initcall.txt,dwc3_driver_init,1.472829,0,73
1,run10_initcall.txt,dwc3_haps_driver_init,1.478303,0,29
1,run10_initcall.txt,dwc3_of_simple_driver_init,1.483925,0,64
1,run10_initcall.txt,dwc3_generic_driver_init,1.489543,0,41
1,run10_initcall.txt,dwc2_platform_driver_init,1.495258,0,148
1,run10_initcall.txt,uas_init,1.503721,0,2906
1,run10_initcall.txt,usb_storage_driver_init,1.511893,0,2780
1,run10_initcall.txt,brcmstb_usb_pinmap_init,1.517515,-19,81
1,run10_initcall.txt,bdc_driver_init,1.523173,0,50
1,run10_initcall.txt,input_leds_init,1.528748,0,1
1,run10_initcall.txt,mousedev_init,1.538016,0,2943
1,run10_initcall.txt,evdev_init,1.54355,0,45
1,run10_initcall.txt,brcmstb_waketmr_driver_init,1.549261,0,84
1,run10_initcall.txt,rpi_rtc_driver_init,1.554913,0,42
1,run10_initcall.txt,init_rc_map_adstech_dvb_t_pci,1.560521,0,0
1,run10_initcall.txt,init_rc_map_alink_dtu_m,1.566268,0,148
1,run10_initcall.txt,init_rc_map_anysee,1.571863,0,0
1,run10_initcall.txt,init_rc_map_apac_viewcomp,1.577279,0,0
1,run10_initcall.txt,init_rc_map_t2hybrid,1.582846,0,0
1,run10_initcall.txt,init_rc_map_asus_pc39,1.588422,0,0
1,run10_initcall.txt,init_rc_map_asus_ps3_100,1.594095,0,84
1,run10_initcall.txt,init_rc_map_ati_tv_wonder_hd_600,1.599671,0,0
1,run10_initcall.txt,init_rc_map_ati_x10,1.605198,0,0
1,run10_initcall.txt,init_rc_map_avermedia_a16d,1.610581,0,7
1,run10_initcall.txt,init_rc_map_avermedia_cardbus,1.616111,0,0
1,run10_initcall.txt,init_rc_map_avermedia_dvbt,1.62164,0,0
1,run10_initcall.txt,init_rc_map_avermedia_m135a,1.62714,0,0
1,run10_initcall.txt,init_rc_map_avermedia_m733a_rm_k6,1.632645,0,0
1,run10_initcall.txt,init_rc_map_avermedia,1.638159,0,0
1,run10_initcall.txt,init_rc_map_avermedia_rm_ks,1.643562,0,0
1,run10_initcall.txt,init_rc_map_avertv_303,1.651882,0,2802
1,run10_initcall.txt,init_rc_map_azurewave_ad_tu700,1.657607,0,44
1,run10_initcall.txt,init_rc_map_beelink_gs1,1.663154,0,0
1,run10_initcall.txt,init_rc_map_beelink_mxiii,1.668721,0,0
1,run10_initcall.txt,init_rc_map_behold_columbus,1.674259,0,0
1,run10_initcall.txt,init_rc_map_behold,1.679637,0,0
1,run10_initcall.txt,init_rc_map_budget_ci_old,1.685157,0,0
1,run10_initcall.txt,init_rc_map_cinergy_1400,1.690655,0,0
1,run10_initcall.txt,init_rc_map_cinergy,1.696131,0,0
1,run10_initcall.txt,init_rc_map_ct_90405,1.701586,0,0
1,run10_initcall.txt,init_rc_map_d680_dmb,1.707032,0,0
1,run10_initcall.txt,init_rc_map_delock_61959,1.712298,0,0
1,run10_initcall.txt,init_rc_map,1.717731,0,0
1,run10_initcall.txt,init_rc_map,1.723246,0,82
1,run10_initcall.txt,init_rc_map_digitalnow_tinytwin,1.728688,0,0
1,run10_initcall.txt,init_rc_map_digittrade,1.734168,0,0
1,run10_initcall.txt,init_rc_map_dm1105_nec,1.739613,0,0
1,run10_initcall.txt,init_rc_map_dntv_live_dvb_t,1.7449,0,0
1,run10_initcall.txt,init_rc_map_dntv_live_dvbt_pro,1.750336,0,0
1,run10_initcall.txt,init_rc_map_dreambox,1.755758,0,0
1,run10_initcall.txt,init_rc_map_dtt200u,1.761191,0,0
1,run10_initcall.txt,init_rc_map_rc5_dvbsky,1.766647,0,0
1,run10_initcall.txt,init_rc_map_dvico_mce,1.772318,0,0
1,run10_initcall.txt,init_rc_map_dvico_portable,1.777648,0,34
1,run10_initcall.txt,init_rc_map_em_terratec,1.783222,0,23
1,run10_initcall.txt,init_rc_map_encore_enltv2,1.788691,0,0
1,run10_initcall.txt,init_rc_map_encore_enltv_fm53,1.794179,0,0
1,run10_initcall.txt,init_rc_map_encore_enltv,1.799797,0,43
1,run10_initcall.txt,init_rc_map_evga_indtube,1.805599,0,181
1,run10_initcall.txt,init_rc_map_eztv,1.811112,0,43
1,run10_initcall.txt,init_rc_map_flydvb,1.819568,0,2783
1,run10_initcall.txt,init_rc_map_flyvideo,1.830745,0,3
1,run10_initcall.txt,init_rc_map_fusionhdtv_mce,1.836392,0,2
1,run10_initcall.txt,init_rc_map_gadmei_rm008z,1.847359,0,0
1,run10_initcall.txt,init_rc_map_geekbox,1.852936,0,0
1,run10_initcall.txt,init_rc_map_genius_tvgo_a11mce,1.863997,0,0
1,run10_initcall.txt,init_rc_map_gotview7135,1.869552,0,0
1,run10_initcall.txt,init_rc_map_rc5_hauppauge_new,1.875026,0,0
1,run10_initcall.txt,init_rc_map_hisi_poplar,1.880462,0,0
1,run10_initcall.txt,init_rc_map_hisi_tv_demo,1.885979,0,0
1,run10_initcall.txt,init_rc_map_imon_mce,1.891525,0,0
1,run10_initcall.txt,init_rc_map_imon_pad,1.897029,0,0
1,run10_initcall.txt,init_rc_map_imon_rsc,1.902527,0,0
1,run10_initcall.txt,init_rc_map_iodata_bctv7e,1.907967,0,0
1,run10_initcall.txt,init_rc_it913x_v1_map,1.913299,0,0
1,run10_initcall.txt,init_rc_it913x_v2_map,1.918778,0,0
1,run10_initcall.txt,init_rc_map_kaiomy,1.924221,0,0
1,run10_initcall.txt,init_rc_map_khadas,1.929651,0,0
1,run10_initcall.txt,init_rc_map_khamsin,1.935091,0,0
1,run10_initcall.txt,init_rc_map_kworld_315u,1.940491,0,0
1,run10_initcall.txt,init_rc_map_kworld_pc150u,1.945787,0,0
1,run10_initcall.txt,init_rc_map_kworld_plus_tv_analog,1.951223,0,0
1,run10_initcall.txt,init_rc_map_leadtek_y04g0051,1.95674,0,40
1,run10_initcall.txt,init_rc_lme2510_map,1.962251,0,38
1,run10_initcall.txt,init_rc_map_manli,1.967735,0,0
1,run10_initcall.txt,init_rc_map_mecool_kiii_pro,1.973203,0,0
1,run10_initcall.txt,init_rc_map_mecool_kii_pro,1.978498,0,0
1,run10_initcall.txt,init_rc_map_medion_x10_digitainer,1.983986,0,0
1,run10_initcall.txt,init_rc_map_medion_x10,1.989423,0,0
1,run10_initcall.txt,init_rc_map_medion_x10_or2x,1.994864,0,0
1,run10_initcall.txt,init_rc_map_minix_neo,2.000295,0,0
1,run10_initcall.txt,init_rc_map_msi_digivox_iii,2.00573,0,0
1,run10_initcall.txt,init_rc_map_msi_digivox_ii,2.010987,0,0
1,run10_initcall.txt,init_rc_map_msi_tvanywhere,2.016609,0,0
1,run10_initcall.txt,init_rc_map_msi_tvanywhere_plus,2.021963,0,0
1,run10_initcall.txt,init_rc_map_mygica_utv3,2.027324,0,0
1,run10_initcall.txt,init_rc_map_nebula,2.032696,0,0
1,run10_initcall.txt,init_rc_map_nec_terratec_cinergy_xs,2.038048,0,0
1,run10_initcall.txt,init_rc_map_norwood,2.043262,0,0
1,run10_initcall.txt,init_rc_map_npgtech,2.048624,0,0
1,run10_initcall.txt,init_rc_map_odroid,2.053967,0,0
1,run10_initcall.txt,init_rc_map_pctv_sedna,2.059294,0,0
1,run10_initcall.txt,init_rc_map_pine64,2.064648,0,0
1,run10_initcall.txt,init_rc_map_pinnacle_color,2.070006,0,0
1,run10_initcall.txt,init_rc_map_pinnacle_grey,2.07525,0,0
1,run10_initcall.txt,init_rc_map_pinnacle_pctv_hd,2.080521,0,0
1,run10_initcall.txt,init_rc_map_pixelview,2.085843,0,0
1,run10_initcall.txt,init_rc_map_pixelview,2.091153,0,0
1,run10_initcall.txt,init_rc_map_pixelview_new,2.09651,0,0
1,run10_initcall.txt,init_rc_map_pixelview,2.101849,0,0
1,run10_initcall.txt,init_rc_map_powercolor_real_angel,2.107212,0,0
1,run10_initcall.txt,init_rc_map_proteus_2309,2.112419,0,0
1,run10_initcall.txt,init_rc_map_purpletv,2.117771,0,0
1,run10_initcall.txt,init_rc_map_pv951,2.123117,0,0
1,run10_initcall.txt,init_rc_map_rc6_mce,2.128487,0,0
1,run10_initcall.txt,init_rc_map_real_audio_220_32_keys,2.133858,0,0
1,run10_initcall.txt,init_rc_map_reddo,2.139215,0,0
1,run10_initcall.txt,init_rc_map_siemens_gigaset_rc20,2.144418,0,0
1,run10_initcall.txt,init_rc_map_snapstream_firefly,2.149773,0,0
1,run10_initcall.txt,init_rc_map_streamzap,2.155147,0,0
1,run10_initcall.txt,init_rc_map_su3000,2.160531,0,0
1,run10_initcall.txt,init_rc_map_tanix_tx3mini,2.165893,0,0
1,run10_initcall.txt,init_rc_map_tanix_tx5max,2.171246,0,0
1,run10_initcall.txt,init_rc_map_tbs_nec,2.176416,0,0
1,run10_initcall.txt,init_rc_map,2.181783,0,0
1,run10_initcall.txt,init_rc_map,2.187162,0,0
1,run10_initcall.txt,init_rc_map_terratec_cinergy_c_pci,2.192493,0,0
1,run10_initcall.txt,init_rc_map_terratec_cinergy_s2_hd,2.197844,0,0
1,run10_initcall.txt,init_rc_map_terratec_cinergy_xs,2.203161,0,0
1,run10_initcall.txt,init_rc_map_terratec_slim_2,2.208389,0,0
1,run10_initcall.txt,init_rc_map_terratec_slim,2.21366,0,0
1,run10_initcall.txt,init_rc_map_tevii_nec,2.218991,0,0
1,run10_initcall.txt,init_rc_map_tivo,2.224349,0,0
1,run10_initcall.txt,init_rc_map_total_media_in_hand_02,2.229693,0,0
1,run10_initcall.txt,init_rc_map_total_media_in_hand,2.235029,0,0
1,run10_initcall.txt,init_rc_map_trekstor,2.240344,0,0
1,run10_initcall.txt,init_rc_map_tt_1500,2.24553,0,0
1,run10_initcall.txt,init_rc_map_twinhan_vp1027,2.250883,0,0
1,run10_initcall.txt,init_rc_map_twinhan_dtv_cab_ci,2.256208,0,0
1,run10_initcall.txt,init_rc_map_vega_s9x,2.261538,0,0
1,run10_initcall.txt,init_rc_map_videomate_k100,2.266851,0,0
1,run10_initcall.txt,init_rc_map_videomate_s350,2.272167,0,0
1,run10_initcall.txt,init_rc_map_videomate_tv_pvr,2.27735,0,0
1,run10_initcall.txt,init_rc_map_kii_pro,2.282657,0,0
1,run10_initcall.txt,init_rc_map_wetek_hub,2.287982,0,0
1,run10_initcall.txt,init_rc_map_wetek_play2,2.293316,0,0
1,run10_initcall.txt,init_rc_map_winfast,2.298635,0,0
1,run10_initcall.txt,init_rc_map_winfast_usbii_deluxe,2.30395,0,0
1,run10_initcall.txt,init_rc_map_x96max,2.309121,0,0
1,run10_initcall.txt,init_rc_map,2.314452,0,0
1,run10_initcall.txt,init_rc_map,2.31978,0,0
1,run10_initcall.txt,init_rc_map_zx_irdec,2.325103,0,0
1,run10_initcall.txt,ptp_kvm_init,2.330416,-95,1
1,run10_initcall.txt,gpio_poweroff_driver_init,2.33583,0,108
1,run10_initcall.txt,bcm2711_thermal_driver_init,2.344048,0,2888
1,run10_initcall.txt,bcm2835_thermal_driver_init,2.349488,0,66
1,run10_initcall.txt,bcm2835_wdt_driver_init,2.354854,0,30
1,run10_initcall.txt,dt_cpufreq_platdrv_init,2.360222,0,28
1,run10_initcall.txt,brcm_avs_cpufreq_platdrv_init,2.365654,0,52
1,run10_initcall.txt,raspberrypi_cpufreq_driver_init,2.377202,0,6140
1,run10_initcall.txt,mmc_pwrseq_simple_driver_init,2.382749,0,88
1,run10_initcall.txt,mmc_pwrseq_emmc_driver_init,2.388268,0,42
1,run10_initcall.txt,mmc_blk_init,2.39378,0,40
1,run10_initcall.txt,sdhci_drv_init,2.404757,0,5498
1,run10_initcall.txt,bcm2835_mmc_driver_init,2.41292,0,2800
1,run10_initcall.txt,bcm2835_driver_init,2.418511,0,49
1,run10_initcall.txt,sdhci_pltfm_drv_init,2.426838,0,2785
1,run10_initcall.txt,sdhci_iproc_driver_init,2.432449,0,81
1,run10_initcall.txt,sdhci_brcmstb_driver_init,2.432528,0,64
1,run10_initcall.txt,esrt_sysfs_init,2.432544,-38,2
1,run10_initcall.txt,smccc_devices_init,2.432562,0,0
1,run10_initcall.txt,smccc_soc_init,2.432575,0,1
1,run10_initcall.txt,arch_timer_mmio_drv_init,2.432625,0,37
1,run10_initcall.txt,arch_timer_mmio_acpi_drv_init,2.432661,0,23
1,run10_initcall.txt,hid_init,2.432736,0,62
1,run10_initcall.txt,hid_generic_init,2.432803,0,54
1,run10_initcall.txt,hid_init,2.43286,0,45
1,run10_initcall.txt,vchiq_driver_init,2.50745,0,74579
1,run10_initcall.txt,bcm74110_mbox_driver_init,2.51387,0,97
1,run10_initcall.txt,extcon_class_init,2.519847,0,34
1,run10_initcall.txt,armv8_pmu_driver_init,2.531728,0,6348
1,run10_initcall.txt,binder_init,2.537376,0,59
1,run10_initcall.txt,rpi_otp_driver_init,2.551466,0,8687
1,run10_initcall.txt,sock_diag_init,2.557056,0,47
1,run10_initcall.txt,blackhole_init,2.562608,0,1
1,run10_initcall.txt,cls_bpf_init_mod,2.568151,0,0
1,run10_initcall.txt,gre_offload_init,2.573684,0,6
1,run10_initcall.txt,sysctl_ipv4_init,2.579128,0,71
1,run10_initcall.txt,cubictcp_register,2.584627,0,2
1,run10_initcall.txt,packet_init,2.592909,0,2774
1,run10_initcall.txt,init_rpcsec_gss,2.598453,0,22
1,run10_initcall.txt,init_kerberos_module,2.603986,0,5
1,run10_initcall.txt,dcbnl_init,2.609391,0,4
1,run10_initcall.txt,init_dns_resolver,2.61769,0,2788
1,run10_initcall.txt,handshake_init,2.623305,0,44
1,run10_initcall.txt,check_mmu_enabled_at_boot,2.628926,0,8
1,run10_initcall.txt,finalize_pkvm,2.634535,0,5
1,run10_initcall.txt,kernel_do_mounts_initrd_sysctls_init,2.642896,0,12
1,run10_initcall.txt,kernel_panic_sysctls_init,2.64853,0,13
1,run10_initcall.txt,kernel_panic_sysfs_init,2.654188,0,7
1,run10_initcall.txt,kernel_exit_sysctls_init,2.659838,0,2
1,run10_initcall.txt,kernel_exit_sysfs_init,2.665478,0,3
1,run10_initcall.txt,param_sysfs_builtin_init,2.680876,0,9760
1,run10_initcall.txt,reboot_ksysfs_init,2.686755,0,30
1,run10_initcall.txt,sched_core_sysctl_init,2.692619,0,7
1,run10_initcall.txt,sched_fair_sysctl_init,2.698992,0,730
1,run10_initcall.txt,sched_rt_sysctl_init,2.704732,0,5
1,run10_initcall.txt,sched_dl_sysctl_init,2.710275,0,2
1,run10_initcall.txt,sched_init_debug,2.715995,0,96
1,run10_initcall.txt,cpu_latency_qos_init,2.721775,0,158
1,run10_initcall.txt,printk_late_init,2.727426,0,28
1,run10_initcall.txt,init_srcu_module_notifier,2.733032,0,3
1,run10_initcall.txt,kernel_rcu_stall_sysfs_init,2.738641,0,10
1,run10_initcall.txt,swiotlb_create_default_debugfs,2.744137,0,19
1,run10_initcall.txt,tk_debug_sleep_time_init,2.749783,0,3
1,run10_initcall.txt,bpf_ksym_iter_register,2.755433,0,6
1,run10_initcall.txt,kernel_acct_sysctls_init,2.761029,0,4
1,run10_initcall.txt,bpf_rstat_kfunc_init,2.766609,0,6
1,run10_initcall.txt,debugfs_kprobe_init,2.772166,0,11
1,run10_initcall.txt,kernel_delayacct_sysctls_init,2.777599,0,4
1,run10_initcall.txt,taskstats_init,2.785957,0,2808
1,run10_initcall.txt,ftrace_sysctl_init,2.791518,0,7
1,run10_initcall.txt,bpf_kprobe_multi_kfuncs_init,2.797041,0,0
1,run10_initcall.txt,kdb_ftrace_register,2.802566,0,14
1,run10_initcall.txt,bpf_global_ma_init,2.808178,0,102
1,run10_initcall.txt,bpf_syscall_sysctl_init,2.813663,0,6
1,run10_initcall.txt,unbound_reg_init,2.819234,0,5
1,run10_initcall.txt,kfunc_init,2.824788,0,1
1,run10_initcall.txt,bpf_map_iter_init,2.830354,0,1
1,run10_initcall.txt,init_subsystem,2.835929,0,0
1,run10_initcall.txt,task_iter_init,2.841473,0,1
1,run10_initcall.txt,bpf_prog_iter_init,2.846924,0,4
1,run10_initcall.txt,bpf_link_iter_init,2.852473,0,0
1,run10_initcall.txt,init_trampolines,2.858013,0,2
1,run10_initcall.txt,rqspinlock_register_kfuncs,2.863566,0,4
1,run10_initcall.txt,kfunc_init,2.869108,0,0
1,run10_initcall.txt,bpf_cgroup_iter_init,2.874627,0,4
1,run10_initcall.txt,cpumask_kfunc_init,2.880078,0,15
1,run10_initcall.txt,crypto_kfunc_init,2.885642,0,0
1,run10_initcall.txt,bpf_kmem_cache_iter_init,2.89118,0,5
1,run10_initcall.txt,dmabuf_iter_init,2.896714,0,0
1,run10_initcall.txt,load_system_certificate_list,2.904966,0,2742
1,run10_initcall.txt,init_lru_gen,2.910341,0,30
1,run10_initcall.txt,vmstat_late_init,2.915872,0,1
1,run10_initcall.txt,fault_around_debugfs,2.921437,0,3
1,run10_initcall.txt,slab_sysfs_init,2.931077,0,4080
1,run10_initcall.txt,max_swapfiles_check,2.936739,0,0
1,run10_initcall.txt,zswap_init,2.942231,0,0
1,run10_initcall.txt,mempolicy_sysfs_init,2.94779,0,23
1,run10_initcall.txt,memory_tier_late_init,2.959082,0,5702
1,run10_initcall.txt,check_early_ioremap_leak,2.964669,0,0
1,run10_initcall.txt,mg_debugfs_init,2.970265,0,18
1,run10_initcall.txt,fscrypt_init,2.98125,0,5588
1,run10_initcall.txt,pstore_init,2.986804,0,16
1,run10_initcall.txt,init_root_keyring,2.992388,0,36
1,run10_initcall.txt,init_profile_hash,2.997931,0,0
1,run10_initcall.txt,integrity_fs_init,3.003485,0,18
1,run10_initcall.txt,crypto_algapi_init,3.008915,0,8
1,run10_initcall.txt,blk_timeout_init,3.014405,0,6
1,run10_initcall.txt,depot_debugfs_init,3.019931,0,21
1,run10_initcall.txt,pci_resource_alignment_sysfs_init,3.025463,0,7
1,run10_initcall.txt,pci_sysfs_init,3.031004,0,19
1,run10_initcall.txt,clk_debug_init,3.036937,0,443
1,run10_initcall.txt,genpd_debug_init,3.042694,0,374
1,run10_initcall.txt,sync_state_resume_initcall,3.048237,0,1
1,run10_initcall.txt,deferred_probe_initcall,3.174875,0,121127
1,run10_initcall.txt,efi_shutdown_init,3.184381,-19,7
1,run10_initcall.txt,efi_earlycon_unmap_fb,3.189863,0,1
1,run10_initcall.txt,psci_debugfs_init,3.197196,0,0
1,run10_initcall.txt,of_cfs_init,3.207789,0,5308
1,run10_initcall.txt,of_fdt_raw_init,3.212914,0,46
1,run10_initcall.txt,bpf_kfunc_init,3.218172,0,2
1,run10_initcall.txt,init_subsystem,3.22343,0,0
1,run10_initcall.txt,xdp_metadata_init,3.231285,0,11
1,run10_initcall.txt,bpf_sockmap_iter_init,3.239255,0,38
1,run10_initcall.txt,bpf_sk_storage_map_iter_init,3.244413,0,0
1,run10_initcall.txt,bpf_prog_test_run_init,3.249859,0,30
1,run10_initcall.txt,bpf_dummy_struct_ops_init,3.255267,0,30
1,run10_initcall.txt,tcp_congestion_default,3.260677,0,2
1,run10_initcall.txt,inet_blackhole_dev_init,3.266075,0,10
1,run10_initcall.txt,ip_auto_config,3.27145,0,18
1,run10_initcall.txt,tcp_bpf_v4_build_proto,3.276693,0,0
1,run10_initcall.txt,udp_bpf_v4_build_proto,3.282066,0,5
1,run10_initcall.txt,bpf_tcp_ca_kfunc_init,3.287406,0,0
1,run10_initcall.txt,bpf_mptcp_kfunc_init,3.292778,0,0
1,run10_initcall.txt,latency_fsnotify_init,3.298179,0,33
1,run10_initcall.txt,trace_eval_sync,3.303546,0,12
1,run10_initcall.txt,late_trace_init,3.30877,0,0
1,run10_initcall.txt,fb_logo_late_init,3.314061,0,0
1,run10_initcall.txt,amba_stub_drv_init,3.319426,0,34
1,run10_initcall.txt,clk_disable_unused,3.331118,0,6367
1,run10_initcall.txt,genpd_power_off_unused,3.339292,0,2751
1,run10_initcall.txt,regulator_init_complete,3.344553,0,2
1,run10_initcall.txt,of_platform_sync_state_init,3.349949,0,41
2,run1_initcall.txt,proc_schedstat_init,0.051401,0,0
2,run1_initcall.txt,init_rtmutex_sysctl,0.051421,0,0
2,run1_initcall.txt,pm_sysrq_init,0.051482,0,0
2,run1_initcall.txt,init_rcu_stall_sysctl,0.051506,0,0
2,run1_initcall.txt,init_module_sysctl,0.051528,0,0
2,run1_initcall.txt,create_proc_profile,0.051547,0,0
2,run1_initcall.txt,cgroup_sysfs_init,0.051567,0,0
2,run1_initcall.txt,user_namespaces_init,0.051592,0,0
2,run1_initcall.txt,hung_task_init,0.051723,0,0
2,run1_initcall.txt,init_trace_sysctls,0.051744,0,0
2,run1_initcall.txt,trace_eval_init,0.051793,0,0
2,run1_initcall.txt,init_trace_stack_sysctls,0.051814,0,0
2,run1_initcall.txt,send_signal_irq_work_init,0.051834,0,0
2,run1_initcall.txt,dev_map_init,0.051857,0,0
2,run1_initcall.txt,netns_bpf_init,0.051876,0,0
2,run1_initcall.txt,oom_init,0.051961,0,0
2,run1_initcall.txt,init_user_buckets,0.051987,0,0
2,run1_initcall.txt,init_vm_util_sysctls,0.052014,0,0
2,run1_initcall.txt,default_bdi_init,0.052153,0,0
2,run1_initcall.txt,cgwb_init,0.052179,0,0
2,run1_initcall.txt,percpu_enable_async,0.052195,0,0
2,run1_initcall.txt,kcompactd_init,0.052309,0,0
2,run1_initcall.txt,init_mm_sysctl,0.052332,0,0
2,run1_initcall.txt,init_user_reserve,0.052351,0,0
2,run1_initcall.txt,init_admin_reserve,0.052365,0,0
2,run1_initcall.txt,init_reserve_notifier,0.05238,0,0
2,run1_initcall.txt,swap_init,0.0524,0,0
2,run1_initcall.txt,swapfile_init,0.052427,0,0
2,run1_initcall.txt,memory_tier_init,0.052478,0,0
2,run1_initcall.txt,numa_init_sysfs,0.052499,0,0
2,run1_initcall.txt,mem_cgroup_swap_init,0.052518,0,0
2,run1_initcall.txt,init_msg_buckets,0.052535,0,0
2,run1_initcall.txt,init_bio,0.052583,0,0
2,run1_initcall.txt,blk_ioc_init,0.052602,0,0
2,run1_initcall.txt,blk_mq_init,0.052619,0,0
2,run1_initcall.txt,genhd_device_init,0.052751,0,0
2,run1_initcall.txt,blkcg_punt_bio_init,0.052855,0,0
2,run1_initcall.txt,blk_integrity_auto_init,0.052926,0,0
2,run1_initcall.txt,io_wq_init,0.052948,0,0
2,run1_initcall.txt,crc_t10dif_mod_init,0.052974,0,0
2,run1_initcall.txt,sha256_mod_init,0.052994,0,0
2,run1_initcall.txt,sha512_mod_init,0.053011,0,0
2,run1_initcall.txt,sg_pool_init,0.053041,0,0
2,run1_initcall.txt,gpiolib_debugfs_init,0.053066,0,0
2,run1_initcall.txt,stmpe_gpio_init,0.053175,0,0
2,run1_initcall.txt,pwm_init,0.053204,0,0
2,run1_initcall.txt,leds_init,0.053239,0,0
2,run1_initcall.txt,pci_slot_init,0.053263,0,0
2,run1_initcall.txt,fbmem_init,0.053325,0,0
2,run1_initcall.txt,bcm2835_dma_init,0.054068,0,0
2,run1_initcall.txt,regulator_fixed_voltage_init,0.054146,0,0
2,run1_initcall.txt,gpio_regulator_init,0.054207,0,0
2,run1_initcall.txt,init_sysrq_sysctl,0.054232,0,0
2,run1_initcall.txt,misc_init,0.05426,0,0
2,run1_initcall.txt,iommu_subsys_init,0.054292,0,0
2,run1_initcall.txt,register_cpu_capacity_sysctl,0.054715,0,0
2,run1_initcall.txt,dma_buf_init,0.054803,0,0
2,run1_initcall.txt,dma_heap_init,0.05484,0,0
2,run1_initcall.txt,init_scsi,0.055018,0,0
2,run1_initcall.txt,mdio_bus_init,0.055054,0,0
2,run1_initcall.txt,phy_init,0.055104,0,0
2,run1_initcall.txt,usb_common_init,0.055128,0,0
2,run1_initcall.txt,usb_init,0.055242,0,0
2,run1_initcall.txt,usb_phy_generic_init,0.055417,0,0
2,run1_initcall.txt,usb_udc_init,0.055458,0,0
2,run1_initcall.txt,usb_roles_init,0.055481,0,0
2,run1_initcall.txt,input_init,0.055512,0,0
2,run1_initcall.txt,rtc_init,0.055537,0,0
2,run1_initcall.txt,rc_core_init,0.055566,0,0
2,run1_initcall.txt,pps_init,0.0556,0,0
2,run1_initcall.txt,ptp_init,0.055628,0,0
2,run1_initcall.txt,power_supply_class_init,0.055658,0,0
2,run1_initcall.txt,hwmon_init,0.05568,0,0
2,run1_initcall.txt,mmc_init,0.055722,0,0
2,run1_initcall.txt,dmi_init,0.05574,0,0
2,run1_initcall.txt,efisubsys_init,0.055759,0,0
2,run1_initcall.txt,arm_pmu_hp_init,0.05578,0,0
2,run1_initcall.txt,ras_init,0.055802,0,0
2,run1_initcall.txt,nvmem_init,0.05584,0,0
2,run1_initcall.txt,init_soundcore,0.055861,0,0
2,run1_initcall.txt,proto_init,0.055881,0,0
2,run1_initcall.txt,net_dev_init,0.056119,0,0
2,run1_initcall.txt,neigh_init,0.056139,0,0
2,run1_initcall.txt,fib_notifier_init,0.056156,0,0
2,run1_initcall.txt,netdev_genl_init,0.056197,0,0
2,run1_initcall.txt,page_pool_user_init,0.056215,0,0
2,run1_initcall.txt,fib_rules_init,0.056233,0,0
2,run1_initcall.txt,init_cgroup_netprio,0.056249,0,0
2,run1_initcall.txt,bpf_lwt_init,0.056265,0,0
2,run1_initcall.txt,pktsched_init,0.056287,0,0
2,run1_initcall.txt,tc_filter_init,0.05632,0,0
2,run1_initcall.txt,tc_action_init,0.056337,0,0
2,run1_initcall.txt,ethnl_init,0.056409,0,4000
2,run1_initcall.txt,nexthop_init,0.056433,0,0
2,run1_initcall.txt,devlink_init,0.056517,0,0
2,run1_initcall.txt,wireless_nlevent_init,0.056537,0,0
2,run1_initcall.txt,vsprintf_init_hashval,0.056559,0,0
2,run1_initcall.txt,init_32bit_el0_mask,0.056579,0,0
2,run1_initcall.txt,vga_arb_device_init,0.056725,0,0
2,run1_initcall.txt,watchdog_init,0.05684,0,0
2,run1_initcall.txt,create_debug_debugfs_entry,0.056957,0,0
2,run1_initcall.txt,iomem_init_inode,0.057006,0,0
2,run1_initcall.txt,clocksource_done_booting,0.057054,0,13
2,run1_initcall.txt,tracer_init_tracefs,0.057081,0,9
2,run1_initcall.txt,init_trace_printk_function_export,0.057159,0,60
2,run1_initcall.txt,init_graph_tracefs,0.057182,0,2
2,run1_initcall.txt,bpf_event_init,0.0572,0,1
2,run1_initcall.txt,init_kprobe_trace,0.436637,0,379416
2,run1_initcall.txt,init_dynamic_event,0.436759,0,7
2,run1_initcall.txt,bpf_init,0.436794,0,16
2,run1_initcall.txt,secretmem_init,0.436866,0,53
2,run1_initcall.txt,init_fs_stat_sysctls,0.436901,0,15
2,run1_initcall.txt,init_fs_exec_sysctls,0.436922,0,1
2,run1_initcall.txt,init_pipe_fs,0.436966,0,25
2,run1_initcall.txt,init_fs_namei_sysctls,0.436989,0,3
2,run1_initcall.txt,init_fs_dcache_sysctls,0.437015,0,8
2,run1_initcall.txt,init_fs_namespace_sysctls,0.437037,0,1
2,run1_initcall.txt,cgroup_writeback_init,0.437104,0,11
2,run1_initcall.txt,inotify_user_setup,0.43714,0,17
2,run1_initcall.txt,eventpoll_init,0.437177,0,18
2,run1_initcall.txt,anon_inode_init,0.437208,0,12
2,run1_initcall.txt,proc_locks_init,0.437235,0,6
2,run1_initcall.txt,backing_aio_init,0.437255,0,2
2,run1_initcall.txt,init_fs_coredump_sysctls,0.437284,0,9
2,run1_initcall.txt,init_vm_drop_caches_sysctls,0.437308,0,2
2,run1_initcall.txt,iomap_dio_init,0.437351,0,24
2,run1_initcall.txt,iomap_ioend_init,0.437399,0,29
2,run1_initcall.txt,dquot_init,0.437593,0,173
2,run1_initcall.txt,proc_cmdline_init,0.437621,0,2
2,run1_initcall.txt,proc_consoles_init,0.437642,0,1
2,run1_initcall.txt,proc_cpuinfo_init,0.437663,0,1
2,run1_initcall.txt,proc_devices_init,0.437685,0,1
2,run1_initcall.txt,proc_interrupts_init,0.437706,0,1
2,run1_initcall.txt,proc_loadavg_init,0.437726,0,1
2,run1_initcall.txt,proc_meminfo_init,0.437746,0,1
2,run1_initcall.txt,proc_stat_init,0.437766,0,1
2,run1_initcall.txt,proc_uptime_init,0.43779,0,4
2,run1_initcall.txt,proc_version_init,0.43781,0,1
2,run1_initcall.txt,proc_softirqs_init,0.43783,0,1
2,run1_initcall.txt,proc_kmsg_init,0.437849,0,1
2,run1_initcall.txt,proc_page_init,0.437865,0,2
2,run1_initcall.txt,init_ramfs_fs,0.437881,0,1
2,run1_initcall.txt,aa_create_aafs,0.437897,0,1
2,run1_initcall.txt,chr_dev_init,0.441031,0,3115
2,run1_initcall.txt,hwrng_modinit,0.441143,0,59
2,run1_initcall.txt,firmware_class_init,0.441165,0,0
2,run1_initcall.txt,sysctl_core_init,0.441221,0,30
2,run1_initcall.txt,eth_offload_init,0.441238,0,0
2,run1_initcall.txt,ipv4_offload_init,0.441255,0,1
2,run1_initcall.txt,inet_init,0.445303,0,4030
2,run1_initcall.txt,af_unix_init,0.445361,0,22
2,run1_initcall.txt,ipv6_offload_init,0.445381,0,2
2,run1_initcall.txt,init_sunrpc,0.445753,0,354
2,run1_initcall.txt,vlan_offload_init,0.445772,0,0
2,run1_initcall.txt,pci_apply_final_quirks,0.445803,0,13
2,run1_initcall.txt,populate_rootfs,0.445829,0,8
2,run1_initcall.txt,register_arm64_panic_block,0.44595,0,1
2,run1_initcall.txt,cpuinfo_regs_init,0.449158,0,3185
2,run1_initcall.txt,aarch32_el0_sysfs_init,0.449222,0,0
2,run1_initcall.txt,kvm_arm_init,0.453475,0,4233
2,run1_initcall.txt,proc_execdomains_init,0.453529,0,6
2,run1_initcall.txt,register_warn_debugfs,0.453553,0,8
2,run1_initcall.txt,cpuhp_sysfs_init,0.453597,0,28
2,run1_initcall.txt,ioresources_init,0.453622,0,7
2,run1_initcall.txt,psi_proc_init,0.453639,0,0
2,run1_initcall.txt,irq_gc_init_ops,0.453657,0,0
2,run1_initcall.txt,irq_debugfs_init,0.453769,0,93
2,run1_initcall.txt,proc_modules_init,0.453802,0,3
2,run1_initcall.txt,timer_sysctl_init,0.453837,0,16
2,run1_initcall.txt,timekeeping_init_ops,0.453854,0,0
2,run1_initcall.txt,init_clocksource_sysfs,0.453945,0,76
2,run1_initcall.txt,init_timer_list_procfs,0.453967,0,2
2,run1_initcall.txt,alarmtimer_init,0.454049,0,66
2,run1_initcall.txt,clockevents_init_sysfs,0.454193,0,126
2,run1_initcall.txt,sched_clock_syscore_init,0.454213,0,0
2,run1_initcall.txt,kallsyms_init,0.454239,0,4
2,run1_initcall.txt,pid_namespaces_init,0.454316,0,62
2,run1_initcall.txt,audit_watch_init,0.454338,0,1
2,run1_initcall.txt,audit_fsnotify_init,0.454354,0,0
2,run1_initcall.txt,audit_tree_init,0.454378,0,8
2,run1_initcall.txt,seccomp_sysctl_init,0.4544,0,6
2,run1_initcall.txt,utsname_sysctl_init,0.454423,0,7
2,run1_initcall.txt,init_tracepoints,0.45444,0,1
2,run1_initcall.txt,init_lstats_procfs,0.454465,0,6
2,run1_initcall.txt,stack_trace_init,0.454525,0,43
2,run1_initcall.txt,init_blk_tracer,0.454562,0,18
2,run1_initcall.txt,perf_event_sysfs_init,0.454705,0,120
2,run1_initcall.txt,system_trusted_keyring_init,0.454749,0,20
2,run1_initcall.txt,kswapd_init,0.455032,0,263
2,run1_initcall.txt,extfrag_debug_init,0.455096,0,30
2,run1_initcall.txt,mm_compute_batch_init,0.455116,0,0
2,run1_initcall.txt,slab_proc_init,0.45514,0,7
2,run1_initcall.txt,workingset_init,0.455164,0,9
2,run1_initcall.txt,proc_vmalloc_init,0.455181,0,2
2,run1_initcall.txt,memblock_init_debugfs,0.455217,0,20
2,run1_initcall.txt,slab_debugfs_init,0.455249,0,14
2,run1_initcall.txt,procswaps_init,0.455266,0,2
2,run1_initcall.txt,zs_init,0.455286,0,0
2,run1_initcall.txt,fcntl_init,0.45531,0,7
2,run1_initcall.txt,proc_filesystems_init,0.45533,0,2
2,run1_initcall.txt,start_dirtytime_writeback,0.455358,0,9
2,run1_initcall.txt,dio_init,0.455381,0,3
2,run1_initcall.txt,dnotify_init,0.45543,0,28
2,run1_initcall.txt,fanotify_user_setup,0.45546,0,10
2,run1_initcall.txt,aio_setup,0.455524,0,44
2,run1_initcall.txt,mbcache_init,0.455555,0,5
2,run1_initcall.txt,init_grace,0.455576,0,2
2,run1_initcall.txt,init_devpts_fs,0.455605,0,13
2,run1_initcall.txt,ext4_init_fs,0.45571,0,89
2,run1_initcall.txt,journal_init,0.455746,0,16
2,run1_initcall.txt,init_fat_fs,0.455768,0,6
2,run1_initcall.txt,init_vfat_fs,0.455782,0,1
2,run1_initcall.txt,init_msdos_fs,0.455797,0,0
2,run1_initcall.txt,init_nfs_fs,0.456068,0,253
2,run1_initcall.txt,init_nfs_v2,0.456096,0,0
2,run1_initcall.txt,init_nfs_v3,0.456111,0,0
2,run1_initcall.txt,init_nfs_v4,0.456169,0,43
2,run1_initcall.txt,nfs4filelayout_init,0.456191,0,6
2,run1_initcall.txt,nfs4flexfilelayout_init,0.456214,0,7
2,run1_initcall.txt,init_nlm,0.45627,0,40
2,run1_initcall.txt,init_nls_cp437,0.456292,0,0
2,run1_initcall.txt,init_nls_ascii,0.456306,0,0
2,run1_initcall.txt,init_autofs_fs,0.45648,0,158
2,run1_initcall.txt,init_f2fs_fs,0.456685,0,184
2,run1_initcall.txt,ipc_init,0.456723,0,17
2,run1_initcall.txt,ipc_sysctl_init,0.456772,0,32
2,run1_initcall.txt,init_mqueue_fs,0.456842,0,53
2,run1_initcall.txt,key_proc_init,0.456865,0,3
2,run1_initcall.txt,bpf_crypto_skcipher_init,0.456891,0,2
2,run1_initcall.txt,dh_init,0.456911,0,2
2,run1_initcall.txt,rsa_init,0.456928,0,1
2,run1_initcall.txt,cryptomgr_init,0.456944,0,0
2,run1_initcall.txt,hmac_module_init,0.456961,0,0
2,run1_initcall.txt,crypto_sha256_mod_init,0.456984,0,6
2,run1_initcall.txt,crypto_ecb_module_init,0.457001,0,0
2,run1_initcall.txt,crypto_cbc_module_init,0.457017,0,0
2,run1_initcall.txt,crypto_cts_module_init,0.457035,0,0
2,run1_initcall.txt,xts_module_init,0.457086,0,0
2,run1_initcall.txt,des_generic_mod_init,0.457105,0,2
2,run1_initcall.txt,aes_init,0.457122,0,0
2,run1_initcall.txt,lzo_mod_init,0.457139,0,1
2,run1_initcall.txt,lzorle_mod_init,0.457157,0,1
2,run1_initcall.txt,asymmetric_key_init,0.45718,0,6
2,run1_initcall.txt,x509_key_init,0.457203,0,5
2,run1_initcall.txt,crypto_kdf108_init,0.457221,0,0
2,run1_initcall.txt,blkdev_init,0.457272,0,34
2,run1_initcall.txt,proc_genhd_init,0.457295,0,4
2,run1_initcall.txt,bsg_init,0.457343,0,31
2,run1_initcall.txt,throtl_init,0.457529,0,167
2,run1_initcall.txt,deadline_init,0.457559,0,6
2,run1_initcall.txt,kyber_init,0.45758,0,5
2,run1_initcall.txt,bfq_init,0.457637,0,35
2,run1_initcall.txt,io_uring_init,0.457702,0,48
2,run1_initcall.txt,btree_module_init,0.457731,0,4
2,run1_initcall.txt,percpu_counter_startup,0.457839,0,88
2,run1_initcall.txt,audit_classes_init,0.457871,0,5
2,run1_initcall.txt,gicv5_iwb_platform_driver_init,0.45801,0,120
2,run1_initcall.txt,mip_msi_driver_init,0.458067,0,36
2,run1_initcall.txt,bcm7038_l1_driver_init,0.458123,0,36
2,run1_initcall.txt,bcm7120_l2_driver_init,0.45819,0,39
2,run1_initcall.txt,brcmstb_l2_driver_init,0.458585,0,374
2,run1_initcall.txt,simple_pm_bus_driver_init,0.459456,0,847
2,run1_initcall.txt,phy_core_init,0.459561,0,37
2,run1_initcall.txt,brcm_usb_driver_init,0.459694,0,112
2,run1_initcall.txt,rp1_pinctrl_driver_init,0.45976,0,34
2,run1_initcall.txt,bcm2835_pinctrl_driver_init,0.460935,0,1154
2,run1_initcall.txt,bcm2712_pinctrl_driver_init,0.461029,0,63
2,run1_initcall.txt,brcmvirt_gpio_driver_init,0.461127,0,40
2,run1_initcall.txt,brcmstb_gpio_driver_init,0.461184,0,35
2,run1_initcall.txt,rpi_exp_gpio_driver_init,0.461806,0,601
2,run1_initcall.txt,brcmstb_pwm_driver_init,0.461899,0,56
2,run1_initcall.txt,rp1_pwm_driver_init,0.461956,0,36
2,run1_initcall.txt,gpio_led_driver_init,0.679855,0,217878
2,run1_initcall.txt,led_pwm_driver_init,0.68001,0,116
2,run1_initcall.txt,timer_led_trigger_init,0.680038,0,4
2,run1_initcall.txt,oneshot_led_trigger_init,0.680057,0,0
2,run1_initcall.txt,heartbeat_trig_init,0.680094,0,3
2,run1_initcall.txt,bl_led_trigger_init,0.680113,0,0
2,run1_initcall.txt,ledtrig_cpu_init,0.680271,0,138
2,run1_initcall.txt,defon_led_trigger_init,0.68038,0,81
2,run1_initcall.txt,input_trig_init,0.680406,0,1
2,run1_initcall.txt,ledtrig_panic_init,0.680428,0,2
2,run1_initcall.txt,actpwr_trig_init,0.681865,0,1412
2,run1_initcall.txt,pcie_portdrv_init,0.682059,0,108
2,run1_initcall.txt,pci_proc_init,0.6821,0,12
2,run1_initcall.txt,brcm_pcie_driver_init,0.798095,0,115978
2,run1_initcall.txt,bcm2708_fb_init,0.798186,0,70
2,run1_initcall.txt,simplefb_driver_init,0.824472,0,26270
2,run1_initcall.txt,of_fixed_factor_clk_driver_init,0.824571,0,41
2,run1_initcall.txt,of_fixed_clk_driver_init,0.824655,0,35
2,run1_initcall.txt,gpio_clk_driver_init,0.824746,0,42
2,run1_initcall.txt,gated_fixed_clk_driver_init,0.824835,0,35
2,run1_initcall.txt,rp1_clk_driver_init,0.824918,0,35
2,run1_initcall.txt,rp1_sdio_clk_driver_init,0.824999,0,35
2,run1_initcall.txt,clk_dvp_driver_init,0.82522,0,163
2,run1_initcall.txt,bcm2835_aux_clk_driver_init,0.825332,0,64
2,run1_initcall.txt,raspberrypi_clk_driver_init,0.840813,0,15430
2,run1_initcall.txt,dw_driver_init,0.84091,0,48
2,run1_initcall.txt,bcm2835_power_driver_init,0.840978,0,22
2,run1_initcall.txt,rpi_power_driver_init,0.842406,0,1378
2,run1_initcall.txt,brcmstb_reset_driver_init,0.842497,0,40
2,run1_initcall.txt,brcm_rescal_reset_driver_init,0.842583,0,36
2,run1_initcall.txt,rpi_reset_driver_init,0.842745,0,112
2,run1_initcall.txt,reset_simple_driver_init,0.84288,0,85
2,run1_initcall.txt,n_null_init,0.842928,0,0
2,run1_initcall.txt,pty_init,0.843061,0,91
2,run1_initcall.txt,sysrq_init,0.843121,0,15
2,run1_initcall.txt,serial8250_init,0.843168,-19,0
2,run1_initcall.txt,bcm2835aux_serial_driver_init,0.843257,0,41
2,run1_initcall.txt,brcmuart_init,0.843361,0,54
2,run1_initcall.txt,exar_pci_driver_init,0.843437,0,30
2,run1_initcall.txt,of_platform_serial_driver_init,0.843582,0,93
2,run1_initcall.txt,serial_pci_driver_init,0.84366,0,27
2,run1_initcall.txt,pericom8250_pci_driver_init,0.843729,0,17
2,run1_initcall.txt,init_kgdboc,0.843879,0,104
2,run1_initcall.txt,random_sysctls_init,0.84394,0,13
2,run1_initcall.txt,ttyprintk_init,0.844041,0,53
2,run1_initcall.txt,bcm2835_rng_driver_init,0.844148,0,57
2,run1_initcall.txt,bcm74110_rng_driver_init,0.844238,0,39
2,run1_initcall.txt,iproc_rng200_driver_init,0.844583,0,292
2,run1_initcall.txt,smccc_trng_driver_init,0.844659,0,25
2,run1_initcall.txt,vc_mem_init,0.84485,0,142
2,run1_initcall.txt,vcio_driver_init,0.84787,0,2969
2,run1_initcall.txt,bcm2712_iommu_driver_init,0.853086,0,64
2,run1_initcall.txt,bcm2712_iommu_cache_driver_init,0.858304,0,42
2,run1_initcall.txt,topology_sysfs_init,0.863433,0,66
2,run1_initcall.txt,cacheinfo_sysfs_init,0.868921,0,264
2,run1_initcall.txt,devcoredump_init,0.874237,0,16
2,run1_initcall.txt,brd_init,0.886254,0,6734
2,run1_initcall.txt,loop_init,0.896891,0,5371
2,run1_initcall.txt,bcm2835_pm_driver_init,0.904951,0,2768
2,run1_initcall.txt,stmpe_i2c_driver_init,0.910239,0,19
2,run1_initcall.txt,stmpe_spi_driver_init,0.915469,0,13
2,run1_initcall.txt,rp1_driver_init,0.920756,0,33
2,run1_initcall.txt,system_heap_create,0.926101,0,102
2,run1_initcall.txt,add_default_cma_heap,0.931292,0,91
2,run1_initcall.txt,udmabuf_dev_init,0.936589,0,50
2,run1_initcall.txt,iscsi_transport_init,0.944695,0,2866
2,run1_initcall.txt,init_sd,0.94998,0,27
2,run1_initcall.txt,nvme_core_init,0.955496,0,277
2,run1_initcall.txt,nvme_init,0.960692,0,31
2,run1_initcall.txt,blackhole_netdev_init,0.965908,0,18
2,run1_initcall.txt,netkit_init,0.971167,0,6
2,run1_initcall.txt,phylink_init,0.976423,0,0
2,run1_initcall.txt,phy_module_init,0.981853,0,179
2,run1_initcall.txt,phy_module_init,0.987248,0,181
2,run1_initcall.txt,fixed_mdio_bus_init,0.992644,0,162
2,run1_initcall.txt,phy_module_init,0.997895,0,179
2,run1_initcall.txt,phy_module_init,1.003239,0,41
2,run1_initcall.txt,phy_module_init,1.008635,0,68
2,run1_initcall.txt,unimac_mdio_driver_init,1.014139,0,136
2,run1_initcall.txt,macb_driver_init,1.019703,0,130
2,run1_initcall.txt,bcmgenet_driver_init,1.240723,0,215527
2,run1_initcall.txt,bcmasp_driver_init,1.246485,0,94
2,run1_initcall.txt,lan78xx_driver_init,1.255072,0,2881
2,run1_initcall.txt,smsc95xx_driver_init,1.263585,0,2865
2,run1_initcall.txt,usbnet_init,1.269396,0,0
2,run1_initcall.txt,xhci_hcd_init,1.275201,0,17
2,run1_initcall.txt,xhci_pci_init,1.452576,0,171589
2,run1_initcall.txt,xhci_plat_init,1.458359,0,132
2,run1_initcall.txt,dwc_otg_driver_init,1.474974,0,11126
2,run1_initcall.txt,dwc_common_port_init_module,1.483512,0,2938
2,run1_initcall.txt,dwc3_driver_init,1.48921,0,75
2,run1_initcall.txt,dwc3_haps_driver_init,1.494686,0,29
2,run1_initcall.txt,dwc3_of_simple_driver_init,1.500313,0,65
2,run1_initcall.txt,dwc3_generic_driver_init,1.505932,0,41
2,run1_initcall.txt,dwc2_platform_driver_init,1.51162,0,145
2,run1_initcall.txt,uas_init,1.520067,0,2899
2,run1_initcall.txt,usb_storage_driver_init,1.528255,0,2640
2,run1_initcall.txt,brcmstb_usb_pinmap_init,1.533892,-19,82
2,run1_initcall.txt,bdc_driver_init,1.539506,0,51
2,run1_initcall.txt,input_leds_init,1.545712,0,611
2,run1_initcall.txt,mousedev_init,1.554304,0,2932
2,run1_initcall.txt,evdev_init,1.559938,0,0
2,run1_initcall.txt,brcmstb_waketmr_driver_init,1.565462,0,81
2,run1_initcall.txt,rpi_rtc_driver_init,1.571083,0,41
2,run1_initcall.txt,init_rc_map_adstech_dvb_t_pci,1.57666,0,0
2,run1_initcall.txt,init_rc_map_alink_dtu_m,1.582387,0,151
2,run1_initcall.txt,init_rc_map_anysee,1.587976,0,0
2,run1_initcall.txt,init_rc_map_apac_viewcomp,1.593507,0,0
2,run1_initcall.txt,init_rc_map_t2hybrid,1.598966,0,0
2,run1_initcall.txt,init_rc_map_asus_pc39,1.604532,0,0
2,run1_initcall.txt,init_rc_map_asus_ps3_100,1.610179,0,84
2,run1_initcall.txt,init_rc_map_ati_tv_wonder_hd_600,1.615749,0,7
2,run1_initcall.txt,init_rc_map_ati_x10,1.621278,0,0
2,run1_initcall.txt,init_rc_map_avermedia_a16d,1.626769,0,0
2,run1_initcall.txt,init_rc_map_avermedia_cardbus,1.632162,0,0
2,run1_initcall.txt,init_rc_map_avermedia_dvbt,1.637652,0,0
2,run1_initcall.txt,init_rc_map_avermedia_m135a,1.643152,0,0
2,run1_initcall.txt,init_rc_map_avermedia_m733a_rm_k6,1.648658,0,0
2,run1_initcall.txt,init_rc_map_avermedia,1.654157,0,0
2,run1_initcall.txt,init_rc_map_avermedia_rm_ks,1.65964,0,0
2,run1_initcall.txt,init_rc_map_avertv_303,1.664961,0,0
2,run1_initcall.txt,init_rc_map_azurewave_ad_tu700,1.673273,0,45
2,run1_initcall.txt,init_rc_map_beelink_gs1,1.678885,0,13
2,run1_initcall.txt,init_rc_map_beelink_mxiii,1.684431,0,0
2,run1_initcall.txt,init_rc_map_behold_columbus,1.689957,0,0
2,run1_initcall.txt,init_rc_map_behold,1.695307,0,0
2,run1_initcall.txt,init_rc_map_budget_ci_old,1.700822,0,0
2,run1_initcall.txt,init_rc_map_cinergy_1400,1.70633,0,0
2,run1_initcall.txt,init_rc_map_cinergy,1.711827,0,0
2,run1_initcall.txt,init_rc_map_ct_90405,1.717303,0,0
2,run1_initcall.txt,init_rc_map_d680_dmb,1.722755,0,0
2,run1_initcall.txt,init_rc_map_delock_61959,1.728035,0,0
2,run1_initcall.txt,init_rc_map,1.733461,0,0
2,run1_initcall.txt,init_rc_map,1.738878,0,0
2,run1_initcall.txt,init_rc_map_digitalnow_tinytwin,1.744335,0,0
2,run1_initcall.txt,init_rc_map_digittrade,1.749817,0,0
2,run1_initcall.txt,init_rc_map_dm1105_nec,1.755258,0,0
2,run1_initcall.txt,init_rc_map_dntv_live_dvb_t,1.760608,0,0
2,run1_initcall.txt,init_rc_map_dntv_live_dvbt_pro,1.765986,0,0
2,run1_initcall.txt,init_rc_map_dreambox,1.771385,0,0
2,run1_initcall.txt,init_rc_map_dtt200u,1.776806,0,0
2,run1_initcall.txt,init_rc_map_rc5_dvbsky,1.78227,0,0
2,run1_initcall.txt,init_rc_map_dvico_mce,1.787721,0,0
2,run1_initcall.txt,init_rc_map_dvico_portable,1.793372,0,0
2,run1_initcall.txt,init_rc_map_em_terratec,1.798666,0,0
2,run1_initcall.txt,init_rc_map_encore_enltv2,1.80418,0,0
2,run1_initcall.txt,init_rc_map_encore_enltv_fm53,1.809659,0,0
2,run1_initcall.txt,init_rc_map_encore_enltv,1.815146,0,0
2,run1_initcall.txt,init_rc_map_evga_indtube,1.82342,0,0
2,run1_initcall.txt,init_rc_map_eztv,1.834425,0,2
2,run1_initcall.txt,init_rc_map_flydvb,1.842828,0,0
2,run1_initcall.txt,init_rc_map_flyvideo,1.851171,0,0
2,run1_initcall.txt,init_rc_map_fusionhdtv_mce,1.859436,0,0
2,run1_initcall.txt,init_rc_map_gadmei_rm008z,1.867508,0,0
2,run1_initcall.txt,init_rc_map_geekbox,1.873005,0,0
2,run1_initcall.txt,init_rc_map_genius_tvgo_a11mce,1.878488,0,0
2,run1_initcall.txt,init_rc_map_gotview7135,1.883984,0,0
2,run1_initcall.txt,init_rc_map_rc5_hauppauge_new,1.889518,0,0
2,run1_initcall.txt,init_rc_map_hisi_poplar,1.894849,0,0
2,run1_initcall.txt,init_rc_map_hisi_tv_demo,1.900306,0,0
2,run1_initcall.txt,init_rc_map_imon_mce,1.905753,0,0
2,run1_initcall.txt,init_rc_map_imon_pad,1.911212,0,0
2,run1_initcall.txt,init_rc_map_imon_rsc,1.916621,0,0
2,run1_initcall.txt,init_rc_map_iodata_bctv7e,1.922033,0,0
2,run1_initcall.txt,init_rc_it913x_v1_map,1.927332,0,0
2,run1_initcall.txt,init_rc_it913x_v2_map,1.932686,0,0
2,run1_initcall.txt,init_rc_map_kaiomy,1.938092,0,0
2,run1_initcall.txt,init_rc_map_khadas,1.943475,0,0
2,run1_initcall.txt,init_rc_map_khamsin,1.948852,0,0
2,run1_initcall.txt,init_rc_map_kworld_315u,1.954209,0,0
2,run1_initcall.txt,init_rc_map_kworld_pc150u,1.959578,0,0
2,run1_initcall.txt,init_rc_map_kworld_plus_tv_analog,1.964894,0,40
2,run1_initcall.txt,init_rc_map_leadtek_y04g0051,1.970336,0,9
2,run1_initcall.txt,init_rc_lme2510_map,1.975754,0,0
2,run1_initcall.txt,init_rc_map_manli,1.981135,0,0
2,run1_initcall.txt,init_rc_map_mecool_kiii_pro,1.98653,0,0
2,run1_initcall.txt,init_rc_map_mecool_kii_pro,1.991925,0,0
2,run1_initcall.txt,init_rc_map_medion_x10_digitainer,1.997175,0,0
2,run1_initcall.txt,init_rc_map_medion_x10,2.002569,0,0
2,run1_initcall.txt,init_rc_map_medion_x10_or2x,2.007948,0,0
2,run1_initcall.txt,init_rc_map_minix_neo,2.013311,0,0
2,run1_initcall.txt,init_rc_map_msi_digivox_iii,2.018693,0,0
2,run1_initcall.txt,init_rc_map_msi_digivox_ii,2.02404,0,0
2,run1_initcall.txt,init_rc_map_msi_tvanywhere,2.029239,0,0
2,run1_initcall.txt,init_rc_map_msi_tvanywhere_plus,2.034803,0,228
2,run1_initcall.txt,init_rc_map_mygica_utv3,2.040125,0,0
2,run1_initcall.txt,init_rc_map_nebula,2.045436,0,0
2,run1_initcall.txt,init_rc_map_nec_terratec_cinergy_xs,2.05077,0,0
2,run1_initcall.txt,init_rc_map_norwood,2.056066,0,0
2,run1_initcall.txt,init_rc_map_npgtech,2.061238,0,0
2,run1_initcall.txt,init_rc_map_odroid,2.066532,0,0
2,run1_initcall.txt,init_rc_map_pctv_sedna,2.071836,0,0
2,run1_initcall.txt,init_rc_map_pine64,2.077134,0,0
2,run1_initcall.txt,init_rc_map_pinnacle_color,2.082432,0,0
2,run1_initcall.txt,init_rc_map_pinnacle_grey,2.087715,0,0
2,run1_initcall.txt,init_rc_map_pinnacle_pctv_hd,2.093004,0,0
2,run1_initcall.txt,init_rc_map_pixelview,2.098132,0,0
2,run1_initcall.txt,init_rc_map_pixelview,2.103421,0,0
2,run1_initcall.txt,init_rc_map_pixelview_new,2.108739,0,0
2,run1_initcall.txt,init_rc_map_pixelview,2.114029,0,0
2,run1_initcall.txt,init_rc_map_powercolor_real_angel,2.119322,0,0
2,run1_initcall.txt,init_rc_map_proteus_2309,2.124612,0,0
2,run1_initcall.txt,init_rc_map_purpletv,2.129758,0,0
2,run1_initcall.txt,init_rc_map_pv951,2.13505,0,0
2,run1_initcall.txt,init_rc_map_rc6_mce,2.140365,0,0
2,run1_initcall.txt,init_rc_map_real_audio_220_32_keys,2.145697,0,0
2,run1_initcall.txt,init_rc_map_reddo,2.151022,0,0
2,run1_initcall.txt,init_rc_map_siemens_gigaset_rc20,2.156335,0,0
2,run1_initcall.txt,init_rc_map_snapstream_firefly,2.16151,0,0
2,run1_initcall.txt,init_rc_map_streamzap,2.16684,0,0
2,run1_initcall.txt,init_rc_map_su3000,2.172169,0,0
2,run1_initcall.txt,init_rc_map_tanix_tx3mini,2.177484,0,0
2,run1_initcall.txt,init_rc_map_tanix_tx5max,2.182794,0,0
2,run1_initcall.txt,init_rc_map_tbs_nec,2.188108,0,0
2,run1_initcall.txt,init_rc_map,2.193385,0,0
2,run1_initcall.txt,init_rc_map,2.198537,0,0
2,run1_initcall.txt,init_rc_map_terratec_cinergy_c_pci,2.203842,0,0
2,run1_initcall.txt,init_rc_map_terratec_cinergy_s2_hd,2.209154,0,0
2,run1_initcall.txt,init_rc_map_terratec_cinergy_xs,2.214446,0,0
2,run1_initcall.txt,init_rc_map_terratec_slim_2,2.219773,0,0
2,run1_initcall.txt,init_rc_map_terratec_slim,2.225095,0,0
2,run1_initcall.txt,init_rc_map_tevii_nec,2.230263,0,0
2,run1_initcall.txt,init_rc_map_tivo,2.235578,0,0
2,run1_initcall.txt,init_rc_map_total_media_in_hand_02,2.240879,0,0
2,run1_initcall.txt,init_rc_map_total_media_in_hand,2.246176,0,0
2,run1_initcall.txt,init_rc_map_trekstor,2.251458,0,0
2,run1_initcall.txt,init_rc_map_tt_1500,2.256751,0,0
2,run1_initcall.txt,init_rc_map_twinhan_vp1027,2.261897,0,0
2,run1_initcall.txt,init_rc_map_twinhan_dtv_cab_ci,2.267216,0,0
2,run1_initcall.txt,init_rc_map_vega_s9x,2.27251,0,0
2,run1_initcall.txt,init_rc_map_videomate_k100,2.277814,0,0
2,run1_initcall.txt,init_rc_map_videomate_s350,2.283111,0,0
2,run1_initcall.txt,init_rc_map_videomate_tv_pvr,2.28841,0,0
2,run1_initcall.txt,init_rc_map_kii_pro,2.293653,0,0
2,run1_initcall.txt,init_rc_map_wetek_hub,2.298882,0,0
2,run1_initcall.txt,init_rc_map_wetek_play2,2.304188,0,0
2,run1_initcall.txt,init_rc_map_winfast,2.309505,0,0
2,run1_initcall.txt,init_rc_map_winfast_usbii_deluxe,2.314832,0,0
2,run1_initcall.txt,init_rc_map_x96max,2.320141,0,0
2,run1_initcall.txt,init_rc_map,2.325445,0,0
2,run1_initcall.txt,init_rc_map,2.330592,0,0
2,run1_initcall.txt,init_rc_map_zx_irdec,2.335882,0,0
2,run1_initcall.txt,ptp_kvm_init,2.341193,-95,1
2,run1_initcall.txt,gpio_poweroff_driver_init,2.346583,0,104
2,run1_initcall.txt,bcm2711_thermal_driver_init,2.35491,0,3018
2,run1_initcall.txt,bcm2835_thermal_driver_init,2.360254,0,59
2,run1_initcall.txt,bcm2835_wdt_driver_init,2.365512,0,31
2,run1_initcall.txt,dt_cpufreq_platdrv_init,2.370883,0,34
2,run1_initcall.txt,brcm_avs_cpufreq_platdrv_init,2.37629,0,45
2,run1_initcall.txt,raspberrypi_cpufreq_driver_init,2.38796,0,6302
2,run1_initcall.txt,mmc_pwrseq_simple_driver_init,2.393457,0,84
2,run1_initcall.txt,mmc_pwrseq_emmc_driver_init,2.398844,0,41
2,run1_initcall.txt,mmc_blk_init,2.404338,0,34
2,run1_initcall.txt,sdhci_drv_init,2.415257,0,5465
2,run1_initcall.txt,bcm2835_mmc_driver_init,2.423501,0,2781
2,run1_initcall.txt,bcm2835_driver_init,2.428908,0,44
2,run1_initcall.txt,sdhci_pltfm_drv_init,2.437214,0,2776
2,run1_initcall.txt,sdhci_iproc_driver_init,2.442839,0,98
2,run1_initcall.txt,sdhci_brcmstb_driver_init,2.442918,0,64
2,run1_initcall.txt,esrt_sysfs_init,2.442935,-38,3
2,run1_initcall.txt,smccc_devices_init,2.442947,0,0
2,run1_initcall.txt,smccc_soc_init,2.442961,0,2
2,run1_initcall.txt,arch_timer_mmio_drv_init,2.443012,0,39
2,run1_initcall.txt,arch_timer_mmio_acpi_drv_init,2.443049,0,24
2,run1_initcall.txt,hid_init,2.443122,0,60
2,run1_initcall.txt,hid_generic_init,2.443178,0,41
2,run1_initcall.txt,hid_init,2.443242,0,51
2,run1_initcall.txt,vchiq_driver_init,2.51805,0,74797
2,run1_initcall.txt,bcm74110_mbox_driver_init,2.524793,0,83
2,run1_initcall.txt,extcon_class_init,2.530212,0,40
2,run1_initcall.txt,armv8_pmu_driver_init,2.542211,0,6427
2,run1_initcall.txt,binder_init,2.547871,0,90
2,run1_initcall.txt,rpi_otp_driver_init,2.562057,0,8570
2,run1_initcall.txt,sock_diag_init,2.567662,0,54
2,run1_initcall.txt,blackhole_init,2.573208,0,2
2,run1_initcall.txt,cls_bpf_init_mod,2.578729,0,6
2,run1_initcall.txt,gre_offload_init,2.584232,0,0
2,run1_initcall.txt,sysctl_ipv4_init,2.589826,0,80
2,run1_initcall.txt,cubictcp_register,2.595189,0,10
2,run1_initcall.txt,packet_init,2.603476,0,2787
2,run1_initcall.txt,init_rpcsec_gss,2.609022,0,18
2,run1_initcall.txt,init_kerberos_module,2.614567,0,6
2,run1_initcall.txt,dcbnl_init,2.620092,0,3
2,run1_initcall.txt,init_dns_resolver,2.62826,0,2619
2,run1_initcall.txt,handshake_init,2.633876,0,39
2,run1_initcall.txt,check_mmu_enabled_at_boot,2.639468,0,7
2,run1_initcall.txt,finalize_pkvm,2.645079,0,8
2,run1_initcall.txt,kernel_do_mounts_initrd_sysctls_init,2.653595,0,9
2,run1_initcall.txt,kernel_panic_sysctls_init,2.659248,0,19
2,run1_initcall.txt,kernel_panic_sysfs_init,2.664725,0,6
2,run1_initcall.txt,kernel_exit_sysctls_init,2.670344,0,2
2,run1_initcall.txt,kernel_exit_sysfs_init,2.675975,0,2
2,run1_initcall.txt,param_sysfs_builtin_init,2.691501,0,9876
2,run1_initcall.txt,reboot_ksysfs_init,2.697501,0,318
2,run1_initcall.txt,sched_core_sysctl_init,2.703189,0,8
2,run1_initcall.txt,sched_fair_sysctl_init,2.709546,0,9
2,run1_initcall.txt,sched_rt_sysctl_init,2.715205,0,19
2,run1_initcall.txt,sched_dl_sysctl_init,2.720864,0,2
2,run1_initcall.txt,sched_init_debug,2.726604,0,87
2,run1_initcall.txt,cpu_latency_qos_init,2.732243,0,165
2,run1_initcall.txt,printk_late_init,2.737897,0,20
2,run1_initcall.txt,init_srcu_module_notifier,2.743541,0,9
2,run1_initcall.txt,kernel_rcu_stall_sysfs_init,2.74919,0,5
2,run1_initcall.txt,swiotlb_create_default_debugfs,2.754865,0,19
2,run1_initcall.txt,tk_debug_sleep_time_init,2.760441,0,3
2,run1_initcall.txt,bpf_ksym_iter_register,2.766032,0,2
2,run1_initcall.txt,kernel_acct_sysctls_init,2.771655,0,8
2,run1_initcall.txt,bpf_rstat_kfunc_init,2.777247,0,2
2,run1_initcall.txt,debugfs_kprobe_init,2.782831,0,15
2,run1_initcall.txt,kernel_delayacct_sysctls_init,2.788411,0,4
2,run1_initcall.txt,taskstats_init,2.796626,0,2726
2,run1_initcall.txt,ftrace_sysctl_init,2.802192,0,2
2,run1_initcall.txt,bpf_kprobe_multi_kfuncs_init,2.807725,0,5
2,run1_initcall.txt,kdb_ftrace_register,2.813285,0,21
2,run1_initcall.txt,bpf_global_ma_init,2.818947,0,129
2,run1_initcall.txt,bpf_syscall_sysctl_init,2.824495,0,6
2,run1_initcall.txt,unbound_reg_init,2.82991,0,0
2,run1_initcall.txt,kfunc_init,2.835465,0,6
2,run1_initcall.txt,bpf_map_iter_init,2.841018,0,1
2,run1_initcall.txt,init_subsystem,2.846592,0,0
2,run1_initcall.txt,task_iter_init,2.852135,0,2
2,run1_initcall.txt,bpf_prog_iter_init,2.857685,0,0
2,run1_initcall.txt,bpf_link_iter_init,2.863088,0,5
2,run1_initcall.txt,init_trampolines,2.86861,0,4
2,run1_initcall.txt,rqspinlock_register_kfuncs,2.874133,0,0
2,run1_initcall.txt,kfunc_init,2.879668,0,5
2,run1_initcall.txt,bpf_cgroup_iter_init,2.885198,0,0
2,run1_initcall.txt,cpumask_kfunc_init,2.890737,0,14
2,run1_initcall.txt,crypto_kfunc_init,2.896118,0,1
2,run1_initcall.txt,bpf_kmem_cache_iter_init,2.90167,0,0
2,run1_initcall.txt,dmabuf_iter_init,2.907206,0,4
2,run1_initcall.txt,load_system_certificate_list,2.915429,0,2744
2,run1_initcall.txt,init_lru_gen,2.920957,0,40
2,run1_initcall.txt,vmstat_late_init,2.926487,0,1
2,run1_initcall.txt,fault_around_debugfs,2.931886,0,4
2,run1_initcall.txt,slab_sysfs_init,2.941505,0,4061
2,run1_initcall.txt,max_swapfiles_check,2.947168,0,24
2,run1_initcall.txt,zswap_init,2.952725,0,0
2,run1_initcall.txt,mempolicy_sysfs_init,2.958327,0,30
2,run1_initcall.txt,memory_tier_late_init,2.969441,0,5696
2,run1_initcall.txt,check_early_ioremap_leak,2.97501,0,6
2,run1_initcall.txt,mg_debugfs_init,2.980571,0,19
2,run1_initcall.txt,fscrypt_init,2.99172,0,5591
2,run1_initcall.txt,pstore_init,2.997129,0,12
2,run1_initcall.txt,init_root_keyring,3.002699,0,40
2,run1_initcall.txt,init_profile_hash,3.008227,0,0
2,run1_initcall.txt,integrity_fs_init,3.013799,0,26
2,run1_initcall.txt,crypto_algapi_init,3.019348,0,15
2,run1_initcall.txt,blk_timeout_init,3.024853,0,0
2,run1_initcall.txt,depot_debugfs_init,3.030235,0,12
2,run1_initcall.txt,pci_resource_alignment_sysfs_init,3.035751,0,14
2,run1_initcall.txt,pci_sysfs_init,3.041263,0,13
2,run1_initcall.txt,clk_debug_init,3.047153,0,425
2,run1_initcall.txt,genpd_debug_init,3.053021,0,369
2,run1_initcall.txt,sync_state_resume_initcall,3.058566,0,0
2,run1_initcall.txt,deferred_probe_initcall,3.186271,0,122373
2,run1_initcall.txt,efi_shutdown_init,3.192795,-19,15
2,run1_initcall.txt,efi_earlycon_unmap_fb,3.198525,0,3
2,run1_initcall.txt,psci_debugfs_init,3.203859,0,0
2,run1_initcall.txt,of_cfs_init,3.214439,0,5298
2,run1_initcall.txt,of_fdt_raw_init,3.219714,0,36
2,run1_initcall.txt,bpf_kfunc_init,3.224953,0,2
2,run1_initcall.txt,init_subsystem,3.230053,0,0
2,run1_initcall.txt,xdp_metadata_init,3.235292,0,0
2,run1_initcall.txt,bpf_sockmap_iter_init,3.245811,0,14
2,run1_initcall.txt,bpf_sk_storage_map_iter_init,3.251202,0,33
2,run1_initcall.txt,bpf_prog_test_run_init,3.25661,0,27
2,run1_initcall.txt,bpf_dummy_struct_ops_init,3.261884,0,0
2,run1_initcall.txt,tcp_congestion_default,3.267277,0,1
2,run1_initcall.txt,inet_blackhole_dev_init,3.272637,0,18
2,run1_initcall.txt,ip_auto_config,3.278103,0,14
2,run1_initcall.txt,tcp_bpf_v4_build_proto,3.283499,0,1
2,run1_initcall.txt,udp_bpf_v4_build_proto,3.288859,0,0
2,run1_initcall.txt,bpf_tcp_ca_kfunc_init,3.294108,0,0
2,run1_initcall.txt,bpf_mptcp_kfunc_init,3.299459,0,0
2,run1_initcall.txt,latency_fsnotify_init,3.304902,0,32
2,run1_initcall.txt,trace_eval_sync,3.310269,0,18
2,run1_initcall.txt,late_trace_init,3.315595,0,0
2,run1_initcall.txt,fb_logo_late_init,3.320939,0,0
2,run1_initcall.txt,amba_stub_drv_init,3.326322,0,39
2,run1_initcall.txt,clk_disable_unused,3.33792,0,6368
2,run1_initcall.txt,genpd_power_off_unused,3.346088,0,2780
2,run1_initcall.txt,regulator_init_complete,3.351534,0,23
2,run1_initcall.txt,of_platform_sync_state_init,3.35696,0,19
3,run2_initcall.txt,pm_sysrq_init,0.047262,0,0
3,run2_initcall.txt,init_rcu_stall_sysctl,0.047287,0,0
3,run2_initcall.txt,init_module_sysctl,0.047307,0,0
3,run2_initcall.txt,create_proc_profile,0.047326,0,0
3,run2_initcall.txt,cgroup_sysfs_init,0.047347,0,0
3,run2_initcall.txt,user_namespaces_init,0.047372,0,0
3,run2_initcall.txt,hung_task_init,0.047483,0,0
3,run2_initcall.txt,init_trace_sysctls,0.047502,0,0
3,run2_initcall.txt,trace_eval_init,0.047545,0,0
3,run2_initcall.txt,init_trace_stack_sysctls,0.047565,0,0
3,run2_initcall.txt,send_signal_irq_work_init,0.047585,0,0
3,run2_initcall.txt,dev_map_init,0.047606,0,0
3,run2_initcall.txt,netns_bpf_init,0.047626,0,0
3,run2_initcall.txt,oom_init,0.047702,0,0
3,run2_initcall.txt,init_user_buckets,0.047725,0,0
3,run2_initcall.txt,init_vm_util_sysctls,0.047747,0,0
3,run2_initcall.txt,default_bdi_init,0.047854,0,0
3,run2_initcall.txt,cgwb_init,0.047881,0,0
3,run2_initcall.txt,percpu_enable_async,0.047898,0,0
3,run2_initcall.txt,kcompactd_init,0.048009,0,0
3,run2_initcall.txt,init_mm_sysctl,0.048027,0,0
3,run2_initcall.txt,init_user_reserve,0.048045,0,0
3,run2_initcall.txt,init_admin_reserve,0.04806,0,0
3,run2_initcall.txt,init_reserve_notifier,0.048075,0,0
3,run2_initcall.txt,swap_init,0.048096,0,0
3,run2_initcall.txt,swapfile_init,0.048119,0,0
3,run2_initcall.txt,memory_tier_init,0.048199,0,4000
3,run2_initcall.txt,numa_init_sysfs,0.048223,0,0
3,run2_initcall.txt,mem_cgroup_swap_init,0.048241,0,0
3,run2_initcall.txt,init_msg_buckets,0.048258,0,0
3,run2_initcall.txt,init_bio,0.048304,0,0
3,run2_initcall.txt,blk_ioc_init,0.048324,0,0
3,run2_initcall.txt,blk_mq_init,0.048342,0,0
3,run2_initcall.txt,genhd_device_init,0.048439,0,0
3,run2_initcall.txt,blkcg_punt_bio_init,0.048539,0,0
3,run2_initcall.txt,blk_integrity_auto_init,0.048614,0,0
3,run2_initcall.txt,io_wq_init,0.048635,0,0
3,run2_initcall.txt,crc_t10dif_mod_init,0.048661,0,0
3,run2_initcall.txt,sha256_mod_init,0.048681,0,0
3,run2_initcall.txt,sha512_mod_init,0.048699,0,0
3,run2_initcall.txt,sg_pool_init,0.048731,0,0
3,run2_initcall.txt,gpiolib_debugfs_init,0.048754,0,0
3,run2_initcall.txt,stmpe_gpio_init,0.048851,0,0
3,run2_initcall.txt,pwm_init,0.048879,0,0
3,run2_initcall.txt,leds_init,0.048915,0,0
3,run2_initcall.txt,pci_slot_init,0.048939,0,0
3,run2_initcall.txt,fbmem_init,0.048991,0,0
3,run2_initcall.txt,bcm2835_dma_init,0.049731,0,0
3,run2_initcall.txt,regulator_fixed_voltage_init,0.049815,0,0
3,run2_initcall.txt,gpio_regulator_init,0.049872,0,0
3,run2_initcall.txt,init_sysrq_sysctl,0.049897,0,0
3,run2_initcall.txt,misc_init,0.049925,0,0
3,run2_initcall.txt,iommu_subsys_init,0.049958,0,0
3,run2_initcall.txt,register_cpu_capacity_sysctl,0.050523,0,0
3,run2_initcall.txt,dma_buf_init,0.050606,0,0
3,run2_initcall.txt,dma_heap_init,0.050635,0,0
3,run2_initcall.txt,init_scsi,0.050737,0,0
3,run2_initcall.txt,mdio_bus_init,0.050772,0,0
3,run2_initcall.txt,phy_init,0.050821,0,0
3,run2_initcall.txt,usb_common_init,0.050844,0,0
3,run2_initcall.txt,usb_init,0.050964,0,0
3,run2_initcall.txt,usb_phy_generic_init,0.051125,0,0
3,run2_initcall.txt,usb_udc_init,0.051162,0,0
3,run2_initcall.txt,usb_roles_init,0.051186,0,0
3,run2_initcall.txt,input_init,0.05122,0,0
3,run2_initcall.txt,rtc_init,0.051246,0,0
3,run2_initcall.txt,rc_core_init,0.051276,0,0
3,run2_initcall.txt,pps_init,0.051311,0,0
3,run2_initcall.txt,ptp_init,0.051337,0,0
3,run2_initcall.txt,power_supply_class_init,0.051367,0,0
3,run2_initcall.txt,hwmon_init,0.051391,0,0
3,run2_initcall.txt,mmc_init,0.051436,0,0
3,run2_initcall.txt,dmi_init,0.051453,0,0
3,run2_initcall.txt,efisubsys_init,0.051472,0,0
3,run2_initcall.txt,arm_pmu_hp_init,0.051492,0,0
3,run2_initcall.txt,ras_init,0.051514,0,0
3,run2_initcall.txt,nvmem_init,0.05155,0,0
3,run2_initcall.txt,init_soundcore,0.051571,0,0
3,run2_initcall.txt,proto_init,0.051591,0,0
3,run2_initcall.txt,net_dev_init,0.051822,0,0
3,run2_initcall.txt,neigh_init,0.051842,0,0
3,run2_initcall.txt,fib_notifier_init,0.051858,0,0
3,run2_initcall.txt,netdev_genl_init,0.0519,0,0
3,run2_initcall.txt,page_pool_user_init,0.051918,0,0
3,run2_initcall.txt,fib_rules_init,0.051937,0,0
3,run2_initcall.txt,init_cgroup_netprio,0.051954,0,0
3,run2_initcall.txt,bpf_lwt_init,0.05197,0,0
3,run2_initcall.txt,pktsched_init,0.051991,0,0
3,run2_initcall.txt,tc_filter_init,0.052088,0,0
3,run2_initcall.txt,tc_action_init,0.052105,0,0
3,run2_initcall.txt,ethnl_init,0.052176,0,0
3,run2_initcall.txt,nexthop_init,0.052263,0,0
3,run2_initcall.txt,devlink_init,0.052383,0,0
3,run2_initcall.txt,wireless_nlevent_init,0.052405,0,0
3,run2_initcall.txt,vsprintf_init_hashval,0.052427,0,0
3,run2_initcall.txt,init_32bit_el0_mask,0.052447,0,0
3,run2_initcall.txt,vga_arb_device_init,0.05259,0,0
3,run2_initcall.txt,watchdog_init,0.052685,0,0
3,run2_initcall.txt,create_debug_debugfs_entry,0.052864,0,0
3,run2_initcall.txt,iomem_init_inode,0.052923,0,0
3,run2_initcall.txt,clocksource_done_booting,0.052979,0,17
3,run2_initcall.txt,tracer_init_tracefs,0.053008,0,10
3,run2_initcall.txt,init_trace_printk_function_export,0.05311,0,82
3,run2_initcall.txt,init_graph_tracefs,0.053134,0,2
3,run2_initcall.txt,bpf_event_init,0.053152,0,1
3,run2_initcall.txt,init_kprobe_trace,0.428272,0,375099
3,run2_initcall.txt,init_dynamic_event,0.428391,0,7
3,run2_initcall.txt,bpf_init,0.428426,0,15
3,run2_initcall.txt,secretmem_init,0.428501,0,55
3,run2_initcall.txt,init_fs_stat_sysctls,0.428538,0,18
3,run2_initcall.txt,init_fs_exec_sysctls,0.428558,0,2
3,run2_initcall.txt,init_pipe_fs,0.428591,0,13
3,run2_initcall.txt,init_fs_namei_sysctls,0.428612,0,2
3,run2_initcall.txt,init_fs_dcache_sysctls,0.428649,0,9
3,run2_initcall.txt,init_fs_namespace_sysctls,0.428669,0,1
3,run2_initcall.txt,cgroup_writeback_init,0.4287,0,12
3,run2_initcall.txt,inotify_user_setup,0.428737,0,17
3,run2_initcall.txt,eventpoll_init,0.428776,0,19
3,run2_initcall.txt,anon_inode_init,0.428806,0,10
3,run2_initcall.txt,proc_locks_init,0.428832,0,6
3,run2_initcall.txt,backing_aio_init,0.428853,0,2
3,run2_initcall.txt,init_fs_coredump_sysctls,0.428882,0,7
3,run2_initcall.txt,init_vm_drop_caches_sysctls,0.428905,0,2
3,run2_initcall.txt,iomap_dio_init,0.428951,0,26
3,run2_initcall.txt,iomap_ioend_init,0.429033,0,33
3,run2_initcall.txt,dquot_init,0.429239,0,182
3,run2_initcall.txt,proc_cmdline_init,0.429271,0,6
3,run2_initcall.txt,proc_consoles_init,0.429292,0,1
3,run2_initcall.txt,proc_cpuinfo_init,0.429315,0,1
3,run2_initcall.txt,proc_devices_init,0.429335,0,1
3,run2_initcall.txt,proc_interrupts_init,0.429356,0,1
3,run2_initcall.txt,proc_loadavg_init,0.429375,0,1
3,run2_initcall.txt,proc_meminfo_init,0.429395,0,0
3,run2_initcall.txt,proc_stat_init,0.429416,0,1
3,run2_initcall.txt,proc_uptime_init,0.429436,0,1
3,run2_initcall.txt,proc_version_init,0.429456,0,1
3,run2_initcall.txt,proc_softirqs_init,0.429477,0,1
3,run2_initcall.txt,proc_kmsg_init,0.429494,0,1
3,run2_initcall.txt,proc_page_init,0.429511,0,2
3,run2_initcall.txt,init_ramfs_fs,0.429527,0,1
3,run2_initcall.txt,aa_create_aafs,0.429543,0,0
3,run2_initcall.txt,chr_dev_init,0.432662,0,3098
3,run2_initcall.txt,hwrng_modinit,0.432745,0,48
3,run2_initcall.txt,firmware_class_init,0.432766,0,1
3,run2_initcall.txt,sysctl_core_init,0.432824,0,32
3,run2_initcall.txt,eth_offload_init,0.432842,0,0
3,run2_initcall.txt,ipv4_offload_init,0.43286,0,1
3,run2_initcall.txt,inet_init,0.437021,0,4143
3,run2_initcall.txt,af_unix_init,0.437083,0,25
3,run2_initcall.txt,ipv6_offload_init,0.437104,0,2
3,run2_initcall.txt,init_sunrpc,0.437503,0,372
3,run2_initcall.txt,vlan_offload_init,0.437523,0,0
3,run2_initcall.txt,pci_apply_final_quirks,0.437556,0,13
3,run2_initcall.txt,populate_rootfs,0.437581,0,7
3,run2_initcall.txt,register_arm64_panic_block,0.437701,0,1
3,run2_initcall.txt,cpuinfo_regs_init,0.441088,0,3364
3,run2_initcall.txt,aarch32_el0_sysfs_init,0.441166,0,0
3,run2_initcall.txt,kvm_arm_init,0.445216,0,4031
3,run2_initcall.txt,proc_execdomains_init,0.445277,0,5
3,run2_initcall.txt,register_warn_debugfs,0.445299,0,6
3,run2_initcall.txt,cpuhp_sysfs_init,0.445344,0,28
3,run2_initcall.txt,ioresources_init,0.445365,0,3
3,run2_initcall.txt,psi_proc_init,0.445382,0,0
3,run2_initcall.txt,irq_gc_init_ops,0.445399,0,0
3,run2_initcall.txt,irq_debugfs_init,0.44551,0,82
3,run2_initcall.txt,proc_modules_init,0.445532,0,2
3,run2_initcall.txt,timer_sysctl_init,0.445561,0,9
3,run2_initcall.txt,timekeeping_init_ops,0.44558,0,1
3,run2_initcall.txt,init_clocksource_sysfs,0.445674,0,78
3,run2_initcall.txt,init_timer_list_procfs,0.445696,0,2
3,run2_initcall.txt,alarmtimer_init,0.445793,0,81
3,run2_initcall.txt,clockevents_init_sysfs,0.445933,0,122
3,run2_initcall.txt,sched_clock_syscore_init,0.445956,0,0
3,run2_initcall.txt,kallsyms_init,0.445974,0,3
3,run2_initcall.txt,pid_namespaces_init,0.446042,0,52
3,run2_initcall.txt,audit_watch_init,0.446061,0,1
3,run2_initcall.txt,audit_fsnotify_init,0.446076,0,0
3,run2_initcall.txt,audit_tree_init,0.446095,0,3
3,run2_initcall.txt,seccomp_sysctl_init,0.446118,0,7
3,run2_initcall.txt,utsname_sysctl_init,0.44614,0,6
3,run2_initcall.txt,init_tracepoints,0.44616,0,1
3,run2_initcall.txt,init_lstats_procfs,0.44618,0,4
3,run2_initcall.txt,stack_trace_init,0.44622,0,24
3,run2_initcall.txt,init_blk_tracer,0.446259,0,20
3,run2_initcall.txt,perf_event_sysfs_init,0.446392,0,111
3,run2_initcall.txt,system_trusted_keyring_init,0.446434,0,18
3,run2_initcall.txt,kswapd_init,0.446753,0,296
3,run2_initcall.txt,extfrag_debug_init,0.446855,0,61
3,run2_initcall.txt,mm_compute_batch_init,0.446878,0,0
3,run2_initcall.txt,slab_proc_init,0.446906,0,11
3,run2_initcall.txt,workingset_init,0.446931,0,9
3,run2_initcall.txt,proc_vmalloc_init,0.446948,0,1
3,run2_initcall.txt,memblock_init_debugfs,0.446971,0,6
3,run2_initcall.txt,slab_debugfs_init,0.446998,0,11
3,run2_initcall.txt,procswaps_init,0.44702,0,2
3,run2_initcall.txt,zs_init,0.447038,0,0
3,run2_initcall.txt,fcntl_init,0.447059,0,4
3,run2_initcall.txt,proc_filesystems_init,0.447078,0,1
3,run2_initcall.txt,start_dirtytime_writeback,0.44711,0,12
3,run2_initcall.txt,dio_init,0.447131,0,1
3,run2_initcall.txt,dnotify_init,0.447191,0,42
3,run2_initcall.txt,fanotify_user_setup,0.447227,0,14
3,run2_initcall.txt,aio_setup,0.447317,0,67
3,run2_initcall.txt,mbcache_init,0.447345,0,5
3,run2_initcall.txt,init_grace,0.447367,0,2
3,run2_initcall.txt,init_devpts_fs,0.447398,0,13
3,run2_initcall.txt,ext4_init_fs,0.447515,0,101
3,run2_initcall.txt,journal_init,0.44755,0,18
3,run2_initcall.txt,init_fat_fs,0.447572,0,5
3,run2_initcall.txt,init_vfat_fs,0.447587,0,1
3,run2_initcall.txt,init_msdos_fs,0.447605,0,0
3,run2_initcall.txt,init_nfs_fs,0.447895,0,273
3,run2_initcall.txt,init_nfs_v2,0.447922,0,0
3,run2_initcall.txt,init_nfs_v3,0.447936,0,0
3,run2_initcall.txt,init_nfs_v4,0.447992,0,41
3,run2_initcall.txt,nfs4filelayout_init,0.44802,0,8
3,run2_initcall.txt,nfs4flexfilelayout_init,0.448042,0,7
3,run2_initcall.txt,init_nlm,0.448107,0,39
3,run2_initcall.txt,init_nls_cp437,0.448124,0,0
3,run2_initcall.txt,init_nls_ascii,0.448139,0,0
3,run2_initcall.txt,init_autofs_fs,0.448289,0,134
3,run2_initcall.txt,init_f2fs_fs,0.448467,0,158
3,run2_initcall.txt,ipc_init,0.448504,0,17
3,run2_initcall.txt,ipc_sysctl_init,0.448545,0,25
3,run2_initcall.txt,init_mqueue_fs,0.448611,0,49
3,run2_initcall.txt,key_proc_init,0.448642,0,5
3,run2_initcall.txt,bpf_crypto_skcipher_init,0.44866,0,1
3,run2_initcall.txt,dh_init,0.44868,0,2
3,run2_initcall.txt,rsa_init,0.448697,0,1
3,run2_initcall.txt,cryptomgr_init,0.448714,0,1
3,run2_initcall.txt,hmac_module_init,0.448731,0,0
3,run2_initcall.txt,crypto_sha256_mod_init,0.448753,0,4
3,run2_initcall.txt,crypto_ecb_module_init,0.44877,0,0
3,run2_initcall.txt,crypto_cbc_module_init,0.448789,0,0
3,run2_initcall.txt,crypto_cts_module_init,0.448806,0,0
3,run2_initcall.txt,xts_module_init,0.448823,0,0
3,run2_initcall.txt,des_generic_mod_init,0.448841,0,1
3,run2_initcall.txt,aes_init,0.448858,0,0
3,run2_initcall.txt,lzo_mod_init,0.448875,0,1
3,run2_initcall.txt,lzorle_mod_init,0.448893,0,1
3,run2_initcall.txt,asymmetric_key_init,0.448917,0,6
3,run2_initcall.txt,x509_key_init,0.44894,0,5
3,run2_initcall.txt,crypto_kdf108_init,0.448957,0,0
3,run2_initcall.txt,blkdev_init,0.44904,0,32
3,run2_initcall.txt,proc_genhd_init,0.449064,0,4
3,run2_initcall.txt,bsg_init,0.449123,0,42
3,run2_initcall.txt,throtl_init,0.449311,0,170
3,run2_initcall.txt,deadline_init,0.449347,0,7
3,run2_initcall.txt,kyber_init,0.449375,0,5
3,run2_initcall.txt,bfq_init,0.449432,0,40
3,run2_initcall.txt,io_uring_init,0.449488,0,38
3,run2_initcall.txt,btree_module_init,0.449512,0,2
3,run2_initcall.txt,percpu_counter_startup,0.449593,0,62
3,run2_initcall.txt,audit_classes_init,0.449622,0,6
3,run2_initcall.txt,gicv5_iwb_platform_driver_init,0.449765,0,124
3,run2_initcall.txt,mip_msi_driver_init,0.449825,0,37
3,run2_initcall.txt,bcm7038_l1_driver_init,0.449884,0,34
3,run2_initcall.txt,bcm7120_l2_driver_init,0.449951,0,47
3,run2_initcall.txt,brcmstb_l2_driver_init,0.450538,0,566
3,run2_initcall.txt,simple_pm_bus_driver_init,0.451263,0,695
3,run2_initcall.txt,phy_core_init,0.451325,0,30
3,run2_initcall.txt,brcm_usb_driver_init,0.451439,0,93
3,run2_initcall.txt,rp1_pinctrl_driver_init,0.451495,0,35
3,run2_initcall.txt,bcm2835_pinctrl_driver_init,0.452932,0,1407
3,run2_initcall.txt,bcm2712_pinctrl_driver_init,0.453073,0,74
3,run2_initcall.txt,brcmvirt_gpio_driver_init,0.453138,0,41
3,run2_initcall.txt,brcmstb_gpio_driver_init,0.453197,0,36
3,run2_initcall.txt,rpi_exp_gpio_driver_init,0.453807,0,580
3,run2_initcall.txt,brcmstb_pwm_driver_init,0.453887,0,51
3,run2_initcall.txt,rp1_pwm_driver_init,0.453945,0,35
3,run2_initcall.txt,gpio_led_driver_init,0.670748,0,216781
3,run2_initcall.txt,led_pwm_driver_init,0.670881,0,96
3,run2_initcall.txt,timer_led_trigger_init,0.670909,0,3
3,run2_initcall.txt,oneshot_led_trigger_init,0.67094,0,0
3,run2_initcall.txt,heartbeat_trig_init,0.670963,0,3
3,run2_initcall.txt,bl_led_trigger_init,0.670983,0,0
3,run2_initcall.txt,ledtrig_cpu_init,0.6712,0,197
3,run2_initcall.txt,defon_led_trigger_init,0.671354,0,127
3,run2_initcall.txt,input_trig_init,0.671388,0,3
3,run2_initcall.txt,ledtrig_panic_init,0.67146,0,41
3,run2_initcall.txt,actpwr_trig_init,0.673194,0,1703
3,run2_initcall.txt,pcie_portdrv_init,0.673372,0,102
3,run2_initcall.txt,pci_proc_init,0.673413,0,11
3,run2_initcall.txt,brcm_pcie_driver_init,0.789985,0,116555
3,run2_initcall.txt,bcm2708_fb_init,0.790078,0,70
3,run2_initcall.txt,simplefb_driver_init,0.81618,0,26085
3,run2_initcall.txt,of_fixed_factor_clk_driver_init,0.816279,0,43
3,run2_initcall.txt,of_fixed_clk_driver_init,0.816364,0,35
3,run2_initcall.txt,gpio_clk_driver_init,0.816457,0,44
3,run2_initcall.txt,gated_fixed_clk_driver_init,0.816538,0,34
3,run2_initcall.txt,rp1_clk_driver_init,0.816625,0,39
3,run2_initcall.txt,rp1_sdio_clk_driver_init,0.816708,0,35
3,run2_initcall.txt,clk_dvp_driver_init,0.816915,0,158
3,run2_initcall.txt,bcm2835_aux_clk_driver_init,0.817053,0,70
3,run2_initcall.txt,raspberrypi_clk_driver_init,0.832542,0,15439
3,run2_initcall.txt,dw_driver_init,0.832643,0,50
3,run2_initcall.txt,bcm2835_power_driver_init,0.832715,0,26
3,run2_initcall.txt,rpi_power_driver_init,0.834182,0,1421
3,run2_initcall.txt,brcmstb_reset_driver_init,0.834274,0,39
3,run2_initcall.txt,brcm_rescal_reset_driver_init,0.834361,0,36
3,run2_initcall.txt,rpi_reset_driver_init,0.834528,0,115
3,run2_initcall.txt,reset_simple_driver_init,0.834667,0,83
3,run2_initcall.txt,n_null_init,0.834716,0,0
3,run2_initcall.txt,pty_init,0.834856,0,98
3,run2_initcall.txt,sysrq_init,0.834915,0,15
3,run2_initcall.txt,serial8250_init,0.834961,-19,0
3,run2_initcall.txt,bcm2835aux_serial_driver_init,0.835052,0,42
3,run2_initcall.txt,brcmuart_init,0.835156,0,55
3,run2_initcall.txt,exar_pci_driver_init,0.835236,0,31
3,run2_initcall.txt,of_platform_serial_driver_init,0.835384,0,95
3,run2_initcall.txt,serial_pci_driver_init,0.835467,0,30
3,run2_initcall.txt,pericom8250_pci_driver_init,0.835538,0,20
3,run2_initcall.txt,init_kgdboc,0.835689,0,103
3,run2_initcall.txt,random_sysctls_init,0.835751,0,17
3,run2_initcall.txt,ttyprintk_init,0.835863,0,65
3,run2_initcall.txt,bcm2835_rng_driver_init,0.835974,0,59
3,run2_initcall.txt,bcm74110_rng_driver_init,0.836064,0,39
3,run2_initcall.txt,iproc_rng200_driver_init,0.836395,0,277
3,run2_initcall.txt,smccc_trng_driver_init,0.836475,0,26
3,run2_initcall.txt,vc_mem_init,0.836649,0,126
3,run2_initcall.txt,vcio_driver_init,0.839637,0,2939
3,run2_initcall.txt,bcm2712_iommu_driver_init,0.844806,0,48
3,run2_initcall.txt,bcm2712_iommu_cache_driver_init,0.84985,0,42
3,run2_initcall.txt,topology_sysfs_init,0.855089,0,65
3,run2_initcall.txt,cacheinfo_sysfs_init,0.860572,0,267
3,run2_initcall.txt,devcoredump_init,0.865844,0,11
3,run2_initcall.txt,brd_init,0.877843,0,6779
3,run2_initcall.txt,loop_init,0.888391,0,5465
3,run2_initcall.txt,bcm2835_pm_driver_init,0.896412,0,2754
3,run2_initcall.txt,stmpe_i2c_driver_init,0.901656,0,18
3,run2_initcall.txt,stmpe_spi_driver_init,0.906882,0,13
3,run2_initcall.txt,rp1_driver_init,0.912154,0,35
3,run2_initcall.txt,system_heap_create,0.917346,0,95
3,run2_initcall.txt,add_default_cma_heap,0.922683,0,97
3,run2_initcall.txt,udmabuf_dev_init,0.927958,0,45
3,run2_initcall.txt,iscsi_transport_init,0.936045,0,2860
3,run2_initcall.txt,init_sd,0.941313,0,29
3,run2_initcall.txt,nvme_core_init,0.946784,0,272
3,run2_initcall.txt,nvme_init,0.951919,0,35
3,run2_initcall.txt,blackhole_netdev_init,0.957173,0,20
3,run2_initcall.txt,netkit_init,0.962418,0,6
3,run2_initcall.txt,phylink_init,0.967661,0,0
3,run2_initcall.txt,phy_module_init,0.973082,0,191
3,run2_initcall.txt,phy_module_init,0.978487,0,182
3,run2_initcall.txt,fixed_mdio_bus_init,0.983702,0,167
3,run2_initcall.txt,phy_module_init,0.989101,0,189
3,run2_initcall.txt,phy_module_init,0.994418,0,40
3,run2_initcall.txt,phy_module_init,0.999789,0,67
3,run2_initcall.txt,unimac_mdio_driver_init,1.005287,0,137
3,run2_initcall.txt,macb_driver_init,1.010807,0,117
3,run2_initcall.txt,bcmgenet_driver_init,1.228648,0,212559
3,run2_initcall.txt,bcmasp_driver_init,1.234413,0,99
3,run2_initcall.txt,lan78xx_driver_init,1.24301,0,2888
3,run2_initcall.txt,smsc95xx_driver_init,1.251545,0,2849
3,run2_initcall.txt,usbnet_init,1.257354,0,0
3,run2_initcall.txt,xhci_hcd_init,1.263168,0,17
3,run2_initcall.txt,xhci_pci_init,1.440721,0,171761
3,run2_initcall.txt,xhci_plat_init,1.446488,0,135
3,run2_initcall.txt,dwc_otg_driver_init,1.463075,0,11131
3,run2_initcall.txt,dwc_common_port_init_module,1.471576,0,2925
3,run2_initcall.txt,dwc3_driver_init,1.477254,0,69
3,run2_initcall.txt,dwc3_haps_driver_init,1.482735,0,30
3,run2_initcall.txt,dwc3_of_simple_driver_init,1.488361,0,65
3,run2_initcall.txt,dwc3_generic_driver_init,1.493997,0,51
3,run2_initcall.txt,dwc2_platform_driver_init,1.499705,0,149
3,run2_initcall.txt,uas_init,1.508167,0,2893
3,run2_initcall.txt,usb_storage_driver_init,1.516342,0,2635
3,run2_initcall.txt,brcmstb_usb_pinmap_init,1.52196,-19,83
3,run2_initcall.txt,bdc_driver_init,1.52759,0,55
3,run2_initcall.txt,input_leds_init,1.533818,0,618
3,run2_initcall.txt,mousedev_init,1.542413,0,2932
3,run2_initcall.txt,evdev_init,1.548047,0,0
3,run2_initcall.txt,brcmstb_waketmr_driver_init,1.553573,0,84
3,run2_initcall.txt,rpi_rtc_driver_init,1.559189,0,42
3,run2_initcall.txt,init_rc_map_adstech_dvb_t_pci,1.564774,0,0
3,run2_initcall.txt,init_rc_map_alink_dtu_m,1.570478,0,117
3,run2_initcall.txt,init_rc_map_anysee,1.576085,0,0
3,run2_initcall.txt,init_rc_map_apac_viewcomp,1.581615,0,0
3,run2_initcall.txt,init_rc_map_t2hybrid,1.587057,0,0
3,run2_initcall.txt,init_rc_map_asus_pc39,1.592614,0,0
3,run2_initcall.txt,init_rc_map_asus_ps3_100,1.598271,0,87
3,run2_initcall.txt,init_rc_map_ati_tv_wonder_hd_600,1.603839,0,0
3,run2_initcall.txt,init_rc_map_ati_x10,1.609361,0,0
3,run2_initcall.txt,init_rc_map_avermedia_a16d,1.614874,0,0
3,run2_initcall.txt,init_rc_map_avermedia_cardbus,1.620259,0,0
3,run2_initcall.txt,init_rc_map_avermedia_dvbt,1.625776,0,0
3,run2_initcall.txt,init_rc_map_avermedia_m135a,1.631277,0,0
3,run2_initcall.txt,init_rc_map_avermedia_m733a_rm_k6,1.636787,0,0
3,run2_initcall.txt,init_rc_map_avermedia,1.642314,0,0
3,run2_initcall.txt,init_rc_map_avermedia_rm_ks,1.647819,0,0
3,run2_initcall.txt,init_rc_map_avertv_303,1.655968,0,2784
3,run2_initcall.txt,init_rc_map_azurewave_ad_tu700,1.66165,0,46
3,run2_initcall.txt,init_rc_map_beelink_gs1,1.667169,0,0
3,run2_initcall.txt,init_rc_map_beelink_mxiii,1.672693,0,0
3,run2_initcall.txt,init_rc_map_behold_columbus,1.678249,0,0
3,run2_initcall.txt,init_rc_map_behold,1.683604,0,0
3,run2_initcall.txt,init_rc_map_budget_ci_old,1.689111,0,0
3,run2_initcall.txt,init_rc_map_cinergy_1400,1.694587,0,0
3,run2_initcall.txt,init_rc_map_cinergy,1.700093,0,0
3,run2_initcall.txt,init_rc_map_ct_90405,1.705565,0,0
3,run2_initcall.txt,init_rc_map_d680_dmb,1.711004,0,0
3,run2_initcall.txt,init_rc_map_delock_61959,1.716287,0,0
3,run2_initcall.txt,init_rc_map,1.721725,0,0
3,run2_initcall.txt,init_rc_map,1.727228,0,83
3,run2_initcall.txt,init_rc_map_digitalnow_tinytwin,1.732683,0,0
3,run2_initcall.txt,init_rc_map_digittrade,1.73814,0,0
3,run2_initcall.txt,init_rc_map_dm1105_nec,1.743592,0,0
3,run2_initcall.txt,init_rc_map_dntv_live_dvb_t,1.748907,0,0
3,run2_initcall.txt,init_rc_map_dntv_live_dvbt_pro,1.754299,0,0
3,run2_initcall.txt,init_rc_map_dreambox,1.759726,0,0
3,run2_initcall.txt,init_rc_map_dtt200u,1.765173,0,0
3,run2_initcall.txt,init_rc_map_rc5_dvbsky,1.770614,0,0
3,run2_initcall.txt,init_rc_map_dvico_mce,1.776299,0,0
3,run2_initcall.txt,init_rc_map_dvico_portable,1.781737,0,35
3,run2_initcall.txt,init_rc_map_em_terratec,1.787127,0,13
3,run2_initcall.txt,init_rc_map_encore_enltv2,1.792599,0,0
3,run2_initcall.txt,init_rc_map_encore_enltv_fm53,1.798085,0,0
3,run2_initcall.txt,init_rc_map_encore_enltv,1.803579,0,0
3,run2_initcall.txt,init_rc_map_evga_indtube,1.809169,0,0
3,run2_initcall.txt,init_rc_map_eztv,1.814723,0,0
3,run2_initcall.txt,init_rc_map_flydvb,1.820186,0,0
3,run2_initcall.txt,init_rc_map_flyvideo,1.825744,0,13
3,run2_initcall.txt,init_rc_map_fusionhdtv_mce,1.836747,0,16
3,run2_initcall.txt,init_rc_map_gadmei_rm008z,1.845062,0,2
3,run2_initcall.txt,init_rc_map_geekbox,1.853216,0,1
3,run2_initcall.txt,init_rc_map_genius_tvgo_a11mce,1.861475,0,0
3,run2_initcall.txt,init_rc_map_gotview7135,1.869689,0,0
3,run2_initcall.txt,init_rc_map_rc5_hauppauge_new,1.877857,0,0
3,run2_initcall.txt,init_rc_map_hisi_poplar,1.883173,0,0
3,run2_initcall.txt,init_rc_map_hisi_tv_demo,1.888651,0,0
3,run2_initcall.txt,init_rc_map_imon_mce,1.894137,0,0
3,run2_initcall.txt,init_rc_map_imon_pad,1.899578,0,0
3,run2_initcall.txt,init_rc_map_imon_rsc,1.905003,0,0
3,run2_initcall.txt,init_rc_map_iodata_bctv7e,1.910431,0,0
3,run2_initcall.txt,init_rc_it913x_v1_map,1.915716,0,0
3,run2_initcall.txt,init_rc_it913x_v2_map,1.921097,0,0
3,run2_initcall.txt,init_rc_map_kaiomy,1.926479,0,0
3,run2_initcall.txt,init_rc_map_khadas,1.93187,0,0
3,run2_initcall.txt,init_rc_map_khamsin,1.93724,0,0
3,run2_initcall.txt,init_rc_map_kworld_315u,1.942613,0,0
3,run2_initcall.txt,init_rc_map_kworld_pc150u,1.947978,0,0
3,run2_initcall.txt,init_rc_map_kworld_plus_tv_analog,1.953177,0,0
3,run2_initcall.txt,init_rc_map_leadtek_y04g0051,1.95854,0,0
3,run2_initcall.txt,init_rc_lme2510_map,1.96391,0,0
3,run2_initcall.txt,init_rc_map_manli,1.969365,0,41
3,run2_initcall.txt,init_rc_map_mecool_kiii_pro,1.974843,0,38
3,run2_initcall.txt,init_rc_map_mecool_kii_pro,1.980288,0,0
3,run2_initcall.txt,init_rc_map_medion_x10_digitainer,1.985539,0,0
3,run2_initcall.txt,init_rc_map_medion_x10,1.99095,0,0
3,run2_initcall.txt,init_rc_map_medion_x10_or2x,1.996341,0,0
3,run2_initcall.txt,init_rc_map_minix_neo,2.001721,0,0
3,run2_initcall.txt,init_rc_map_msi_digivox_iii,2.007088,0,0
3,run2_initcall.txt,init_rc_map_msi_digivox_ii,2.012453,0,0
3,run2_initcall.txt,init_rc_map_msi_tvanywhere,2.017879,0,233
3,run2_initcall.txt,init_rc_map_msi_tvanywhere_plus,2.023226,0,0
3,run2_initcall.txt,init_rc_map_mygica_utv3,2.028554,0,0
3,run2_initcall.txt,init_rc_map_nebula,2.033871,0,0
3,run2_initcall.txt,init_rc_map_nec_terratec_cinergy_xs,2.039183,0,0
3,run2_initcall.txt,init_rc_map_norwood,2.044506,0,0
3,run2_initcall.txt,init_rc_map_npgtech,2.04968,0,0
3,run2_initcall.txt,init_rc_map_odroid,2.055008,0,0
3,run2_initcall.txt,init_rc_map_pctv_sedna,2.060329,0,0
3,run2_initcall.txt,init_rc_map_pine64,2.065647,0,0
3,run2_initcall.txt,init_rc_map_pinnacle_color,2.070941,0,0
3,run2_initcall.txt,init_rc_map_pinnacle_grey,2.076229,0,0
3,run2_initcall.txt,init_rc_map_pinnacle_pctv_hd,2.081504,0,0
3,run2_initcall.txt,init_rc_map_pixelview,2.086657,0,0
3,run2_initcall.txt,init_rc_map_pixelview,2.091964,0,0
3,run2_initcall.txt,init_rc_map_pixelview_new,2.097283,0,0
3,run2_initcall.txt,init_rc_map_pixelview,2.10257,0,0
3,run2_initcall.txt,init_rc_map_powercolor_real_angel,2.10786,0,0
3,run2_initcall.txt,init_rc_map_proteus_2309,2.113169,0,0
3,run2_initcall.txt,init_rc_map_purpletv,2.118321,0,0
3,run2_initcall.txt,init_rc_map_pv951,2.123614,0,0
3,run2_initcall.txt,init_rc_map_rc6_mce,2.128933,0,0
3,run2_initcall.txt,init_rc_map_real_audio_220_32_keys,2.134267,0,0
3,run2_initcall.txt,init_rc_map_reddo,2.139598,0,0
3,run2_initcall.txt,init_rc_map_siemens_gigaset_rc20,2.144929,0,0
3,run2_initcall.txt,init_rc_map_snapstream_firefly,2.150096,0,0
3,run2_initcall.txt,init_rc_map_streamzap,2.155421,0,0
3,run2_initcall.txt,init_rc_map_su3000,2.160771,0,0
3,run2_initcall.txt,init_rc_map_tanix_tx3mini,2.166128,0,0
3,run2_initcall.txt,init_rc_map_tanix_tx5max,2.171487,0,0
3,run2_initcall.txt,init_rc_map_tbs_nec,2.176816,0,0
3,run2_initcall.txt,init_rc_map,2.182072,0,0
3,run2_initcall.txt,init_rc_map,2.187344,0,0
3,run2_initcall.txt,init_rc_map_terratec_cinergy_c_pci,2.192684,0,0
3,run2_initcall.txt,init_rc_map_terratec_cinergy_s2_hd,2.198025,0,0
3,run2_initcall.txt,init_rc_map_terratec_cinergy_xs,2.203329,0,0
3,run2_initcall.txt,init_rc_map_terratec_slim_2,2.208652,0,0
3,run2_initcall.txt,init_rc_map_terratec_slim,2.214001,0,0
3,run2_initcall.txt,init_rc_map_tevii_nec,2.219197,0,0
3,run2_initcall.txt,init_rc_map_tivo,2.224555,0,0
3,run2_initcall.txt,init_rc_map_total_media_in_hand_02,2.229903,0,0
3,run2_initcall.txt,init_rc_map_total_media_in_hand,2.235222,0,0
3,run2_initcall.txt,init_rc_map_trekstor,2.240539,0,0
3,run2_initcall.txt,init_rc_map_tt_1500,2.245878,0,0
3,run2_initcall.txt,init_rc_map_twinhan_vp1027,2.251072,0,0
3,run2_initcall.txt,init_rc_map_twinhan_dtv_cab_ci,2.256399,0,0
3,run2_initcall.txt,init_rc_map_vega_s9x,2.261732,0,0
3,run2_initcall.txt,init_rc_map_videomate_k100,2.267059,0,0
3,run2_initcall.txt,init_rc_map_videomate_s350,2.272386,0,0
3,run2_initcall.txt,init_rc_map_videomate_tv_pvr,2.277714,0,0
3,run2_initcall.txt,init_rc_map_kii_pro,2.282886,0,0
3,run2_initcall.txt,init_rc_map_wetek_hub,2.288209,0,0
3,run2_initcall.txt,init_rc_map_wetek_play2,2.293559,0,0
3,run2_initcall.txt,init_rc_map_winfast,2.298894,0,0
3,run2_initcall.txt,init_rc_map_winfast_usbii_deluxe,2.304233,0,0
3,run2_initcall.txt,init_rc_map_x96max,2.309585,0,0
3,run2_initcall.txt,init_rc_map,2.314894,0,0
3,run2_initcall.txt,init_rc_map,2.320092,0,0
3,run2_initcall.txt,init_rc_map_zx_irdec,2.325434,0,0
3,run2_initcall.txt,ptp_kvm_init,2.33078,-95,2
3,run2_initcall.txt,gpio_poweroff_driver_init,2.3362,0,108
3,run2_initcall.txt,bcm2711_thermal_driver_init,2.34461,0,3037
3,run2_initcall.txt,bcm2835_thermal_driver_init,2.349901,0,68
3,run2_initcall.txt,bcm2835_wdt_driver_init,2.355289,0,30
3,run2_initcall.txt,dt_cpufreq_platdrv_init,2.360691,0,27
3,run2_initcall.txt,brcm_avs_cpufreq_platdrv_init,2.366153,0,45
3,run2_initcall.txt,raspberrypi_cpufreq_driver_init,2.37787,0,6321
3,run2_initcall.txt,mmc_pwrseq_simple_driver_init,2.383259,0,90
3,run2_initcall.txt,mmc_pwrseq_emmc_driver_init,2.388774,0,42
3,run2_initcall.txt,mmc_blk_init,2.394319,0,41
3,run2_initcall.txt,sdhci_drv_init,2.405286,0,5491
3,run2_initcall.txt,bcm2835_mmc_driver_init,2.413604,0,2814
3,run2_initcall.txt,bcm2835_driver_init,2.41902,0,49
3,run2_initcall.txt,sdhci_pltfm_drv_init,2.427351,0,2769
3,run2_initcall.txt,sdhci_iproc_driver_init,2.432951,0,84
3,run2_initcall.txt,sdhci_brcmstb_driver_init,2.43304,0,67
3,run2_initcall.txt,esrt_sysfs_init,2.433057,-38,1
3,run2_initcall.txt,smccc_devices_init,2.43308,0,1
3,run2_initcall.txt,smccc_soc_init,2.433093,0,0
3,run2_initcall.txt,arch_timer_mmio_drv_init,2.433145,0,37
3,run2_initcall.txt,arch_timer_mmio_acpi_drv_init,2.433184,0,24
3,run2_initcall.txt,hid_init,2.433269,0,71
3,run2_initcall.txt,hid_generic_init,2.433325,0,43
3,run2_initcall.txt,hid_init,2.433383,0,46
3,run2_initcall.txt,vchiq_driver_init,2.507925,0,74532
3,run2_initcall.txt,bcm74110_mbox_driver_init,2.514545,0,100
3,run2_initcall.txt,extcon_class_init,2.520353,0,38
3,run2_initcall.txt,armv8_pmu_driver_init,2.532197,0,6331
3,run2_initcall.txt,binder_init,2.537885,0,70
3,run2_initcall.txt,rpi_otp_driver_init,2.552132,0,8664
3,run2_initcall.txt,sock_diag_init,2.557743,0,28
3,run2_initcall.txt,blackhole_init,2.563329,0,9
3,run2_initcall.txt,cls_bpf_init_mod,2.568881,0,0
3,run2_initcall.txt,gre_offload_init,2.574443,0,0
3,run2_initcall.txt,sysctl_ipv4_init,2.580035,0,72
3,run2_initcall.txt,cubictcp_register,2.585409,0,2
3,run2_initcall.txt,packet_init,2.59374,0,2798
3,run2_initcall.txt,init_rpcsec_gss,2.599315,0,30
3,run2_initcall.txt,init_kerberos_module,2.604866,0,5
3,run2_initcall.txt,dcbnl_init,2.610426,0,4
3,run2_initcall.txt,init_dns_resolver,2.618599,0,2769
3,run2_initcall.txt,handshake_init,2.624225,0,44
3,run2_initcall.txt,check_mmu_enabled_at_boot,2.629849,0,8
3,run2_initcall.txt,finalize_pkvm,2.635467,0,5
3,run2_initcall.txt,kernel_do_mounts_initrd_sysctls_init,2.644011,0,10
3,run2_initcall.txt,kernel_panic_sysctls_init,2.649532,0,14
3,run2_initcall.txt,kernel_panic_sysfs_init,2.655191,0,11
3,run2_initcall.txt,kernel_exit_sysctls_init,2.660854,0,3
3,run2_initcall.txt,kernel_exit_sysfs_init,2.666503,0,3
3,run2_initcall.txt,param_sysfs_builtin_init,2.682221,0,10046
3,run2_initcall.txt,reboot_ksysfs_init,2.688007,0,32
3,run2_initcall.txt,sched_core_sysctl_init,2.693691,0,4
3,run2_initcall.txt,sched_fair_sysctl_init,2.699356,0,2
3,run2_initcall.txt,sched_rt_sysctl_init,2.705067,0,4
3,run2_initcall.txt,sched_dl_sysctl_init,2.710863,0,84
3,run2_initcall.txt,sched_init_debug,2.716464,0,86
3,run2_initcall.txt,cpu_latency_qos_init,2.723291,0,197
3,run2_initcall.txt,printk_late_init,2.729,0,47
3,run2_initcall.txt,init_srcu_module_notifier,2.734672,0,2
3,run2_initcall.txt,kernel_rcu_stall_sysfs_init,2.740347,0,5
3,run2_initcall.txt,swiotlb_create_default_debugfs,2.746038,0,27
3,run2_initcall.txt,tk_debug_sleep_time_init,2.751575,0,4
3,run2_initcall.txt,bpf_ksym_iter_register,2.757255,0,1
3,run2_initcall.txt,kernel_acct_sysctls_init,2.762905,0,10
3,run2_initcall.txt,bpf_rstat_kfunc_init,2.768537,0,1
3,run2_initcall.txt,debugfs_kprobe_init,2.774181,0,36
3,run2_initcall.txt,kernel_delayacct_sysctls_init,2.779781,0,4
3,run2_initcall.txt,taskstats_init,2.788046,0,2807
3,run2_initcall.txt,ftrace_sysctl_init,2.793632,0,3
3,run2_initcall.txt,bpf_kprobe_multi_kfuncs_init,2.799205,0,5
3,run2_initcall.txt,kdb_ftrace_register,2.804777,0,9
3,run2_initcall.txt,bpf_global_ma_init,2.810484,0,111
3,run2_initcall.txt,bpf_syscall_sysctl_init,2.81596,0,7
3,run2_initcall.txt,unbound_reg_init,2.821552,0,0
3,run2_initcall.txt,kfunc_init,2.827126,0,6
3,run2_initcall.txt,bpf_map_iter_init,2.83271,0,1
3,run2_initcall.txt,init_subsystem,2.83832,0,1
3,run2_initcall.txt,task_iter_init,2.843899,0,1
3,run2_initcall.txt,bpf_prog_iter_init,2.849357,0,0
3,run2_initcall.txt,bpf_link_iter_init,2.854943,0,5
3,run2_initcall.txt,init_trampolines,2.860509,0,2
3,run2_initcall.txt,rqspinlock_register_kfuncs,2.866091,0,0
3,run2_initcall.txt,kfunc_init,2.871678,0,5
3,run2_initcall.txt,bpf_cgroup_iter_init,2.877269,0,1
3,run2_initcall.txt,cpumask_kfunc_init,2.882713,0,12
3,run2_initcall.txt,crypto_kfunc_init,2.888264,0,0
3,run2_initcall.txt,bpf_kmem_cache_iter_init,2.893839,0,0
3,run2_initcall.txt,dmabuf_iter_init,2.899408,0,5
3,run2_initcall.txt,load_system_certificate_list,2.907684,0,2764
3,run2_initcall.txt,init_lru_gen,2.913234,0,24
3,run2_initcall.txt,vmstat_late_init,2.918637,0,7
3,run2_initcall.txt,fault_around_debugfs,2.924219,0,4
3,run2_initcall.txt,slab_sysfs_init,2.933841,0,4063
3,run2_initcall.txt,max_swapfiles_check,2.939531,0,27
3,run2_initcall.txt,zswap_init,2.945145,0,0
3,run2_initcall.txt,mempolicy_sysfs_init,2.950587,0,28
3,run2_initcall.txt,memory_tier_late_init,2.961938,0,5768
3,run2_initcall.txt,check_early_ioremap_leak,2.967533,0,5
3,run2_initcall.txt,mg_debugfs_init,2.973111,0,21
3,run2_initcall.txt,fscrypt_init,2.984126,0,5466
3,run2_initcall.txt,pstore_init,2.989702,0,12
3,run2_initcall.txt,init_root_keyring,2.995298,0,39
3,run2_initcall.txt,init_profile_hash,3.000836,0,0
3,run2_initcall.txt,integrity_fs_init,3.006425,0,30
3,run2_initcall.txt,crypto_algapi_init,3.011985,0,9
3,run2_initcall.txt,blk_timeout_init,3.017357,0,0
3,run2_initcall.txt,depot_debugfs_init,3.022897,0,13
3,run2_initcall.txt,pci_resource_alignment_sysfs_init,3.02843,0,9
3,run2_initcall.txt,pci_sysfs_init,3.033982,0,15
3,run2_initcall.txt,clk_debug_init,3.039937,0,442
3,run2_initcall.txt,genpd_debug_init,3.045809,0,365
3,run2_initcall.txt,sync_state_resume_initcall,3.051186,0,14
3,run2_initcall.txt,deferred_probe_initcall,3.175768,0,119092
3,run2_initcall.txt,efi_shutdown_init,3.182523,-19,6
3,run2_initcall.txt,efi_earlycon_unmap_fb,3.188166,0,0
3,run2_initcall.txt,psci_debugfs_init,3.193486,0,0
3,run2_initcall.txt,of_cfs_init,3.204053,0,5287
3,run2_initcall.txt,of_fdt_raw_init,3.209321,0,34
3,run2_initcall.txt,bpf_kfunc_init,3.214546,0,2
3,run2_initcall.txt,init_subsystem,3.219636,0,0
3,run2_initcall.txt,xdp_metadata_init,3.227506,0,1
3,run2_initcall.txt,bpf_sockmap_iter_init,3.235344,0,1
3,run2_initcall.txt,bpf_sk_storage_map_iter_init,3.240663,0,0
3,run2_initcall.txt,bpf_prog_test_run_init,3.245958,0,0
3,run2_initcall.txt,bpf_dummy_struct_ops_init,3.251089,0,0
3,run2_initcall.txt,tcp_congestion_default,3.25639,0,1
3,run2_initcall.txt,inet_blackhole_dev_init,3.264367,0,10
3,run2_initcall.txt,ip_auto_config,3.272357,0,15
3,run2_initcall.txt,tcp_bpf_v4_build_proto,3.277708,0,1
3,run2_initcall.txt,udp_bpf_v4_build_proto,3.28288,0,0
3,run2_initcall.txt,bpf_tcp_ca_kfunc_init,3.288193,0,1
3,run2_initcall.txt,bpf_mptcp_kfunc_init,3.293513,0,0
3,run2_initcall.txt,latency_fsnotify_init,3.298843,0,36
3,run2_initcall.txt,trace_eval_sync,3.30414,0,11
3,run2_initcall.txt,late_trace_init,3.309433,0,0
3,run2_initcall.txt,fb_logo_late_init,3.314723,0,0
3,run2_initcall.txt,amba_stub_drv_init,3.319914,0,25
3,run2_initcall.txt,clk_disable_unused,3.331538,0,6342
3,run2_initcall.txt,genpd_power_off_unused,3.345678,0,5952
3,run2_initcall.txt,regulator_init_complete,3.356208,0,2
3,run2_initcall.txt,of_platform_sync_state_init,3.364227,0,21
4,run3_initcall.txt,init_rcu_stall_sysctl,0.051274,0,0
4,run3_initcall.txt,init_module_sysctl,0.051296,0,0
4,run3_initcall.txt,create_proc_profile,0.051314,0,0
4,run3_initcall.txt,cgroup_sysfs_init,0.051335,0,0
4,run3_initcall.txt,user_namespaces_init,0.051358,0,0
4,run3_initcall.txt,hung_task_init,0.051476,0,0
4,run3_initcall.txt,init_trace_sysctls,0.0515,0,0
4,run3_initcall.txt,trace_eval_init,0.051545,0,0
4,run3_initcall.txt,init_trace_stack_sysctls,0.051566,0,0
4,run3_initcall.txt,send_signal_irq_work_init,0.051585,0,0
4,run3_initcall.txt,dev_map_init,0.051607,0,0
4,run3_initcall.txt,netns_bpf_init,0.051629,0,0
4,run3_initcall.txt,oom_init,0.051711,0,0
4,run3_initcall.txt,init_user_buckets,0.051737,0,0
4,run3_initcall.txt,init_vm_util_sysctls,0.051762,0,0
4,run3_initcall.txt,default_bdi_init,0.051901,0,0
4,run3_initcall.txt,cgwb_init,0.051929,0,0
4,run3_initcall.txt,percpu_enable_async,0.051946,0,0
4,run3_initcall.txt,kcompactd_init,0.052062,0,0
4,run3_initcall.txt,init_mm_sysctl,0.052083,0,0
4,run3_initcall.txt,init_user_reserve,0.052101,0,0
4,run3_initcall.txt,init_admin_reserve,0.052115,0,0
4,run3_initcall.txt,init_reserve_notifier,0.05213,0,0
4,run3_initcall.txt,swap_init,0.052151,0,0
4,run3_initcall.txt,swapfile_init,0.052179,0,0
4,run3_initcall.txt,memory_tier_init,0.052229,0,0
4,run3_initcall.txt,numa_init_sysfs,0.052251,0,0
4,run3_initcall.txt,mem_cgroup_swap_init,0.052269,0,0
4,run3_initcall.txt,init_msg_buckets,0.052287,0,0
4,run3_initcall.txt,init_bio,0.052332,0,0
4,run3_initcall.txt,blk_ioc_init,0.052352,0,0
4,run3_initcall.txt,blk_mq_init,0.05237,0,0
4,run3_initcall.txt,genhd_device_init,0.0525,0,0
4,run3_initcall.txt,blkcg_punt_bio_init,0.052605,0,0
4,run3_initcall.txt,blk_integrity_auto_init,0.05268,0,0
4,run3_initcall.txt,io_wq_init,0.052701,0,0
4,run3_initcall.txt,crc_t10dif_mod_init,0.052727,0,0
4,run3_initcall.txt,sha256_mod_init,0.052747,0,0
4,run3_initcall.txt,sha512_mod_init,0.052764,0,0
4,run3_initcall.txt,sg_pool_init,0.052798,0,0
4,run3_initcall.txt,gpiolib_debugfs_init,0.052822,0,0
4,run3_initcall.txt,stmpe_gpio_init,0.052934,0,0
4,run3_initcall.txt,pwm_init,0.052962,0,0
4,run3_initcall.txt,leds_init,0.052996,0,0
4,run3_initcall.txt,pci_slot_init,0.053019,0,0
4,run3_initcall.txt,fbmem_init,0.053081,0,0
4,run3_initcall.txt,bcm2835_dma_init,0.053829,0,0
4,run3_initcall.txt,regulator_fixed_voltage_init,0.053913,0,0
4,run3_initcall.txt,gpio_regulator_init,0.053971,0,0
4,run3_initcall.txt,init_sysrq_sysctl,0.054001,0,0
4,run3_initcall.txt,misc_init,0.054032,0,0
4,run3_initcall.txt,iommu_subsys_init,0.054063,0,0
4,run3_initcall.txt,register_cpu_capacity_sysctl,0.054459,0,0
4,run3_initcall.txt,dma_buf_init,0.05454,0,0
4,run3_initcall.txt,dma_heap_init,0.054571,0,0
4,run3_initcall.txt,init_scsi,0.054674,0,0
4,run3_initcall.txt,mdio_bus_init,0.054706,0,0
4,run3_initcall.txt,phy_init,0.054753,0,0
4,run3_initcall.txt,usb_common_init,0.054775,0,0
4,run3_initcall.txt,usb_init,0.054883,0,0
4,run3_initcall.txt,usb_phy_generic_init,0.055039,0,0
4,run3_initcall.txt,usb_udc_init,0.055079,0,0
4,run3_initcall.txt,usb_roles_init,0.055102,0,0
4,run3_initcall.txt,input_init,0.055131,0,0
4,run3_initcall.txt,rtc_init,0.055155,0,0
4,run3_initcall.txt,rc_core_init,0.055184,0,0
4,run3_initcall.txt,pps_init,0.055217,0,0
4,run3_initcall.txt,ptp_init,0.055244,0,0
4,run3_initcall.txt,power_supply_class_init,0.055272,0,0
4,run3_initcall.txt,hwmon_init,0.055294,0,0
4,run3_initcall.txt,mmc_init,0.055335,0,0
4,run3_initcall.txt,dmi_init,0.055352,0,0
4,run3_initcall.txt,efisubsys_init,0.05537,0,0
4,run3_initcall.txt,arm_pmu_hp_init,0.05539,0,0
4,run3_initcall.txt,ras_init,0.055412,0,0
4,run3_initcall.txt,nvmem_init,0.055451,0,0
4,run3_initcall.txt,init_soundcore,0.055471,0,0
4,run3_initcall.txt,proto_init,0.05549,0,0
4,run3_initcall.txt,net_dev_init,0.055714,0,0
4,run3_initcall.txt,neigh_init,0.055734,0,0
4,run3_initcall.txt,fib_notifier_init,0.055751,0,0
4,run3_initcall.txt,netdev_genl_init,0.055792,0,0
4,run3_initcall.txt,page_pool_user_init,0.055809,0,0
4,run3_initcall.txt,fib_rules_init,0.055827,0,0
4,run3_initcall.txt,init_cgroup_netprio,0.055843,0,0
4,run3_initcall.txt,bpf_lwt_init,0.055859,0,0
4,run3_initcall.txt,pktsched_init,0.05588,0,0
4,run3_initcall.txt,tc_filter_init,0.055913,0,0
4,run3_initcall.txt,tc_action_init,0.05593,0,0
4,run3_initcall.txt,ethnl_init,0.056001,0,0
4,run3_initcall.txt,nexthop_init,0.056024,0,0
4,run3_initcall.txt,devlink_init,0.056108,0,0
4,run3_initcall.txt,wireless_nlevent_init,0.056128,0,0
4,run3_initcall.txt,vsprintf_init_hashval,0.056149,0,0
4,run3_initcall.txt,init_32bit_el0_mask,0.056169,0,0
4,run3_initcall.txt,vga_arb_device_init,0.05633,0,4000
4,run3_initcall.txt,watchdog_init,0.056451,0,0
4,run3_initcall.txt,create_debug_debugfs_entry,0.056563,0,0
4,run3_initcall.txt,iomem_init_inode,0.056614,0,0
4,run3_initcall.txt,clocksource_done_booting,0.056662,0,14
4,run3_initcall.txt,tracer_init_tracefs,0.056689,0,9
4,run3_initcall.txt,init_trace_printk_function_export,0.056776,0,69
4,run3_initcall.txt,init_graph_tracefs,0.056799,0,3
4,run3_initcall.txt,bpf_event_init,0.056817,0,1
4,run3_initcall.txt,init_kprobe_trace,0.432574,0,375737
4,run3_initcall.txt,init_dynamic_event,0.432735,0,8
4,run3_initcall.txt,bpf_init,0.432773,0,18
4,run3_initcall.txt,secretmem_init,0.432844,0,51
4,run3_initcall.txt,init_fs_stat_sysctls,0.43288,0,16
4,run3_initcall.txt,init_fs_exec_sysctls,0.432899,0,1
4,run3_initcall.txt,init_pipe_fs,0.432955,0,38
4,run3_initcall.txt,init_fs_namei_sysctls,0.432979,0,4
4,run3_initcall.txt,init_fs_dcache_sysctls,0.433004,0,7
4,run3_initcall.txt,init_fs_namespace_sysctls,0.433025,0,1
4,run3_initcall.txt,cgroup_writeback_init,0.433053,0,9
4,run3_initcall.txt,inotify_user_setup,0.433086,0,15
4,run3_initcall.txt,eventpoll_init,0.433122,0,17
4,run3_initcall.txt,anon_inode_init,0.433155,0,13
4,run3_initcall.txt,proc_locks_init,0.43318,0,6
4,run3_initcall.txt,backing_aio_init,0.433201,0,2
4,run3_initcall.txt,init_fs_coredump_sysctls,0.433227,0,7
4,run3_initcall.txt,init_vm_drop_caches_sysctls,0.433251,0,3
4,run3_initcall.txt,iomap_dio_init,0.433294,0,23
4,run3_initcall.txt,iomap_ioend_init,0.433339,0,26
4,run3_initcall.txt,dquot_init,0.433539,0,179
4,run3_initcall.txt,proc_cmdline_init,0.433571,0,6
4,run3_initcall.txt,proc_consoles_init,0.433592,0,1
4,run3_initcall.txt,proc_cpuinfo_init,0.433613,0,2
4,run3_initcall.txt,proc_devices_init,0.433634,0,1
4,run3_initcall.txt,proc_interrupts_init,0.433654,0,1
4,run3_initcall.txt,proc_loadavg_init,0.433674,0,1
4,run3_initcall.txt,proc_meminfo_init,0.433693,0,1
4,run3_initcall.txt,proc_stat_init,0.433714,0,1
4,run3_initcall.txt,proc_uptime_init,0.433733,0,1
4,run3_initcall.txt,proc_version_init,0.433753,0,1
4,run3_initcall.txt,proc_softirqs_init,0.433772,0,1
4,run3_initcall.txt,proc_kmsg_init,0.433792,0,2
4,run3_initcall.txt,proc_page_init,0.433808,0,2
4,run3_initcall.txt,init_ramfs_fs,0.433823,0,1
4,run3_initcall.txt,aa_create_aafs,0.433839,0,0
4,run3_initcall.txt,chr_dev_init,0.436963,0,3102
4,run3_initcall.txt,hwrng_modinit,0.437044,0,49
4,run3_initcall.txt,firmware_class_init,0.437066,0,2
4,run3_initcall.txt,sysctl_core_init,0.437122,0,37
4,run3_initcall.txt,eth_offload_init,0.437145,0,0
4,run3_initcall.txt,ipv4_offload_init,0.437162,0,1
4,run3_initcall.txt,inet_init,0.441244,0,4064
4,run3_initcall.txt,af_unix_init,0.441298,0,21
4,run3_initcall.txt,ipv6_offload_init,0.441319,0,1
4,run3_initcall.txt,init_sunrpc,0.441736,0,400
4,run3_initcall.txt,vlan_offload_init,0.441756,0,0
4,run3_initcall.txt,pci_apply_final_quirks,0.441786,0,13
4,run3_initcall.txt,populate_rootfs,0.441811,0,7
4,run3_initcall.txt,register_arm64_panic_block,0.441931,0,1
4,run3_initcall.txt,cpuinfo_regs_init,0.442043,0,94
4,run3_initcall.txt,aarch32_el0_sysfs_init,0.442065,0,0
4,run3_initcall.txt,kvm_arm_init,0.446277,0,4191
4,run3_initcall.txt,proc_execdomains_init,0.446329,0,4
4,run3_initcall.txt,register_warn_debugfs,0.446352,0,6
4,run3_initcall.txt,cpuhp_sysfs_init,0.446404,0,36
4,run3_initcall.txt,ioresources_init,0.446425,0,3
4,run3_initcall.txt,psi_proc_init,0.446443,0,1
4,run3_initcall.txt,irq_gc_init_ops,0.44646,0,0
4,run3_initcall.txt,irq_debugfs_init,0.446572,0,92
4,run3_initcall.txt,proc_modules_init,0.446602,0,2
4,run3_initcall.txt,timer_sysctl_init,0.446631,0,10
4,run3_initcall.txt,timekeeping_init_ops,0.446649,0,1
4,run3_initcall.txt,init_clocksource_sysfs,0.446751,0,86
4,run3_initcall.txt,init_timer_list_procfs,0.446774,0,2
4,run3_initcall.txt,alarmtimer_init,0.446853,0,62
4,run3_initcall.txt,clockevents_init_sysfs,0.446996,0,126
4,run3_initcall.txt,sched_clock_syscore_init,0.447015,0,0
4,run3_initcall.txt,kallsyms_init,0.447039,0,5
4,run3_initcall.txt,pid_namespaces_init,0.447106,0,51
4,run3_initcall.txt,audit_watch_init,0.447125,0,2
4,run3_initcall.txt,audit_fsnotify_init,0.44714,0,0
4,run3_initcall.txt,audit_tree_init,0.447158,0,3
4,run3_initcall.txt,seccomp_sysctl_init,0.447179,0,5
4,run3_initcall.txt,utsname_sysctl_init,0.447202,0,8
4,run3_initcall.txt,init_tracepoints,0.44722,0,1
4,run3_initcall.txt,init_lstats_procfs,0.447243,0,5
4,run3_initcall.txt,stack_trace_init,0.447279,0,19
4,run3_initcall.txt,init_blk_tracer,0.447318,0,21
4,run3_initcall.txt,perf_event_sysfs_init,0.447453,0,116
4,run3_initcall.txt,system_trusted_keyring_init,0.447492,0,16
4,run3_initcall.txt,kswapd_init,0.447827,0,313
4,run3_initcall.txt,extfrag_debug_init,0.44789,0,23
4,run3_initcall.txt,mm_compute_batch_init,0.44791,0,0
4,run3_initcall.txt,slab_proc_init,0.447933,0,7
4,run3_initcall.txt,workingset_init,0.447956,0,9
4,run3_initcall.txt,proc_vmalloc_init,0.447972,0,1
4,run3_initcall.txt,memblock_init_debugfs,0.447996,0,7
4,run3_initcall.txt,slab_debugfs_init,0.448031,0,18
4,run3_initcall.txt,procswaps_init,0.448049,0,2
4,run3_initcall.txt,zs_init,0.448067,0,0
4,run3_initcall.txt,fcntl_init,0.448088,0,5
4,run3_initcall.txt,proc_filesystems_init,0.448108,0,2
4,run3_initcall.txt,start_dirtytime_writeback,0.448137,0,9
4,run3_initcall.txt,dio_init,0.448157,0,1
4,run3_initcall.txt,dnotify_init,0.448207,0,32
4,run3_initcall.txt,fanotify_user_setup,0.448242,0,14
4,run3_initcall.txt,aio_setup,0.448326,0,65
4,run3_initcall.txt,mbcache_init,0.448357,0,5
4,run3_initcall.txt,init_grace,0.448379,0,3
4,run3_initcall.txt,init_devpts_fs,0.448416,0,20
4,run3_initcall.txt,ext4_init_fs,0.448534,0,99
4,run3_initcall.txt,journal_init,0.44857,0,18
4,run3_initcall.txt,init_fat_fs,0.448592,0,7
4,run3_initcall.txt,init_vfat_fs,0.448607,0,1
4,run3_initcall.txt,init_msdos_fs,0.448621,0,0
4,run3_initcall.txt,init_nfs_fs,0.448999,0,358
4,run3_initcall.txt,init_nfs_v2,0.449033,0,1
4,run3_initcall.txt,init_nfs_v3,0.449048,0,0
4,run3_initcall.txt,init_nfs_v4,0.449113,0,51
4,run3_initcall.txt,nfs4filelayout_init,0.449135,0,6
4,run3_initcall.txt,nfs4flexfilelayout_init,0.449157,0,6
4,run3_initcall.txt,init_nlm,0.449224,0,44
4,run3_initcall.txt,init_nls_cp437,0.449243,0,2
4,run3_initcall.txt,init_nls_ascii,0.449257,0,0
4,run3_initcall.txt,init_autofs_fs,0.449436,0,162
4,run3_initcall.txt,init_f2fs_fs,0.449616,0,160
4,run3_initcall.txt,ipc_init,0.449655,0,18
4,run3_initcall.txt,ipc_sysctl_init,0.449698,0,26
4,run3_initcall.txt,init_mqueue_fs,0.449767,0,53
4,run3_initcall.txt,key_proc_init,0.449795,0,3
4,run3_initcall.txt,bpf_crypto_skcipher_init,0.449812,0,0
4,run3_initcall.txt,dh_init,0.449837,0,7
4,run3_initcall.txt,rsa_init,0.449855,0,1
4,run3_initcall.txt,cryptomgr_init,0.449872,0,1
4,run3_initcall.txt,hmac_module_init,0.449888,0,0
4,run3_initcall.txt,crypto_sha256_mod_init,0.449909,0,4
4,run3_initcall.txt,crypto_ecb_module_init,0.449926,0,0
4,run3_initcall.txt,crypto_cbc_module_init,0.449945,0,0
4,run3_initcall.txt,crypto_cts_module_init,0.449961,0,0
4,run3_initcall.txt,xts_module_init,0.449978,0,0
4,run3_initcall.txt,des_generic_mod_init,0.449995,0,1
4,run3_initcall.txt,aes_init,0.450012,0,0
4,run3_initcall.txt,lzo_mod_init,0.450029,0,1
4,run3_initcall.txt,lzorle_mod_init,0.450046,0,0
4,run3_initcall.txt,asymmetric_key_init,0.45007,0,6
4,run3_initcall.txt,x509_key_init,0.450093,0,5
4,run3_initcall.txt,crypto_kdf108_init,0.450109,0,0
4,run3_initcall.txt,blkdev_init,0.450159,0,34
4,run3_initcall.txt,proc_genhd_init,0.450183,0,4
4,run3_initcall.txt,bsg_init,0.45023,0,30
4,run3_initcall.txt,throtl_init,0.450445,0,195
4,run3_initcall.txt,deadline_init,0.450481,0,6
4,run3_initcall.txt,kyber_init,0.450507,0,6
4,run3_initcall.txt,bfq_init,0.450569,0,45
4,run3_initcall.txt,io_uring_init,0.450627,0,40
4,run3_initcall.txt,btree_module_init,0.450652,0,4
4,run3_initcall.txt,percpu_counter_startup,0.452729,0,2054
4,run3_initcall.txt,audit_classes_init,0.45282,0,35
4,run3_initcall.txt,gicv5_iwb_platform_driver_init,0.452969,0,129
4,run3_initcall.txt,mip_msi_driver_init,0.453027,0,35
4,run3_initcall.txt,bcm7038_l1_driver_init,0.45309,0,35
4,run3_initcall.txt,bcm7120_l2_driver_init,0.45315,0,40
4,run3_initcall.txt,brcmstb_l2_driver_init,0.453543,0,372
4,run3_initcall.txt,simple_pm_bus_driver_init,0.454203,0,636
4,run3_initcall.txt,phy_core_init,0.454258,0,25
4,run3_initcall.txt,brcm_usb_driver_init,0.454357,0,80
4,run3_initcall.txt,rp1_pinctrl_driver_init,0.454421,0,43
4,run3_initcall.txt,bcm2835_pinctrl_driver_init,0.455772,0,1331
4,run3_initcall.txt,bcm2712_pinctrl_driver_init,0.455873,0,66
4,run3_initcall.txt,brcmvirt_gpio_driver_init,0.455933,0,38
4,run3_initcall.txt,brcmstb_gpio_driver_init,0.455991,0,37
4,run3_initcall.txt,rpi_exp_gpio_driver_init,0.456758,0,737
4,run3_initcall.txt,brcmstb_pwm_driver_init,0.45685,0,61
4,run3_initcall.txt,rp1_pwm_driver_init,0.456907,0,36
4,run3_initcall.txt,gpio_led_driver_init,0.67559,0,218662
4,run3_initcall.txt,led_pwm_driver_init,0.675727,0,101
4,run3_initcall.txt,timer_led_trigger_init,0.675753,0,4
4,run3_initcall.txt,oneshot_led_trigger_init,0.675782,0,0
4,run3_initcall.txt,heartbeat_trig_init,0.675803,0,2
4,run3_initcall.txt,bl_led_trigger_init,0.675822,0,1
4,run3_initcall.txt,ledtrig_cpu_init,0.675985,0,144
4,run3_initcall.txt,defon_led_trigger_init,0.676078,0,69
4,run3_initcall.txt,input_trig_init,0.676106,0,1
4,run3_initcall.txt,ledtrig_panic_init,0.676127,0,2
4,run3_initcall.txt,actpwr_trig_init,0.677552,0,1397
4,run3_initcall.txt,pcie_portdrv_init,0.677766,0,113
4,run3_initcall.txt,pci_proc_init,0.677807,0,16
4,run3_initcall.txt,brcm_pcie_driver_init,0.793663,0,115836
4,run3_initcall.txt,bcm2708_fb_init,0.793759,0,73
4,run3_initcall.txt,simplefb_driver_init,0.820009,0,26233
4,run3_initcall.txt,of_fixed_factor_clk_driver_init,0.820113,0,42
4,run3_initcall.txt,of_fixed_clk_driver_init,0.820196,0,34
4,run3_initcall.txt,gpio_clk_driver_init,0.820286,0,43
4,run3_initcall.txt,gated_fixed_clk_driver_init,0.820369,0,34
4,run3_initcall.txt,rp1_clk_driver_init,0.820451,0,35
4,run3_initcall.txt,rp1_sdio_clk_driver_init,0.820534,0,36
4,run3_initcall.txt,clk_dvp_driver_init,0.820746,0,166
4,run3_initcall.txt,bcm2835_aux_clk_driver_init,0.820863,0,68
4,run3_initcall.txt,raspberrypi_clk_driver_init,0.836337,0,15423
4,run3_initcall.txt,dw_driver_init,0.836437,0,50
4,run3_initcall.txt,bcm2835_power_driver_init,0.836509,0,25
4,run3_initcall.txt,rpi_power_driver_init,0.837948,0,1390
4,run3_initcall.txt,brcmstb_reset_driver_init,0.83804,0,42
4,run3_initcall.txt,brcm_rescal_reset_driver_init,0.838129,0,36
4,run3_initcall.txt,rpi_reset_driver_init,0.838293,0,114
4,run3_initcall.txt,reset_simple_driver_init,0.838423,0,80
4,run3_initcall.txt,n_null_init,0.838478,0,0
4,run3_initcall.txt,pty_init,0.838623,0,104
4,run3_initcall.txt,sysrq_init,0.838681,0,14
4,run3_initcall.txt,serial8250_init,0.838726,-19,0
4,run3_initcall.txt,bcm2835aux_serial_driver_init,0.83882,0,45
4,run3_initcall.txt,brcmuart_init,0.838922,0,54
4,run3_initcall.txt,exar_pci_driver_init,0.838997,0,28
4,run3_initcall.txt,of_platform_serial_driver_init,0.839142,0,94
4,run3_initcall.txt,serial_pci_driver_init,0.839224,0,29
4,run3_initcall.txt,pericom8250_pci_driver_init,0.839293,0,18
4,run3_initcall.txt,init_kgdboc,0.839443,0,102
4,run3_initcall.txt,random_sysctls_init,0.839504,0,14
4,run3_initcall.txt,ttyprintk_init,0.839611,0,59
4,run3_initcall.txt,bcm2835_rng_driver_init,0.839718,0,57
4,run3_initcall.txt,bcm74110_rng_driver_init,0.839806,0,36
4,run3_initcall.txt,iproc_rng200_driver_init,0.840139,0,282
4,run3_initcall.txt,smccc_trng_driver_init,0.840214,0,25
4,run3_initcall.txt,vc_mem_init,0.840397,0,137
4,run3_initcall.txt,vcio_driver_init,0.843401,0,2954
4,run3_initcall.txt,bcm2712_iommu_driver_init,0.848581,0,52
4,run3_initcall.txt,bcm2712_iommu_cache_driver_init,0.853803,0,48
4,run3_initcall.txt,topology_sysfs_init,0.858902,0,61
4,run3_initcall.txt,cacheinfo_sysfs_init,0.864358,0,257
4,run3_initcall.txt,devcoredump_init,0.869635,0,10
4,run3_initcall.txt,brd_init,0.881584,0,6697
4,run3_initcall.txt,loop_init,0.892196,0,5359
4,run3_initcall.txt,bcm2835_pm_driver_init,0.90024,0,2762
4,run3_initcall.txt,stmpe_i2c_driver_init,0.905514,0,23
4,run3_initcall.txt,stmpe_spi_driver_init,0.910782,0,15
4,run3_initcall.txt,rp1_driver_init,0.916047,0,29
4,run3_initcall.txt,system_heap_create,0.921334,0,88
4,run3_initcall.txt,add_default_cma_heap,0.926608,0,94
4,run3_initcall.txt,udmabuf_dev_init,0.931902,0,47
4,run3_initcall.txt,iscsi_transport_init,0.940032,0,2859
4,run3_initcall.txt,init_sd,0.945304,0,28
4,run3_initcall.txt,nvme_core_init,0.950816,0,282
4,run3_initcall.txt,nvme_init,0.955935,0,31
4,run3_initcall.txt,blackhole_netdev_init,0.961204,0,22
4,run3_initcall.txt,netkit_init,0.966431,0,8
4,run3_initcall.txt,phylink_init,0.971679,0,0
4,run3_initcall.txt,phy_module_init,0.977091,0,180
4,run3_initcall.txt,phy_module_init,0.982508,0,184
4,run3_initcall.txt,fixed_mdio_bus_init,0.98788,0,156
4,run3_initcall.txt,phy_module_init,0.993193,0,177
4,run3_initcall.txt,phy_module_init,0.998478,0,21
4,run3_initcall.txt,phy_module_init,1.003875,0,66
4,run3_initcall.txt,unimac_mdio_driver_init,1.009353,0,137
4,run3_initcall.txt,macb_driver_init,1.014871,0,118
4,run3_initcall.txt,bcmgenet_driver_init,1.232137,0,211795
4,run3_initcall.txt,bcmasp_driver_init,1.2379,0,101
4,run3_initcall.txt,lan78xx_driver_init,1.246457,0,2877
4,run3_initcall.txt,smsc95xx_driver_init,1.255051,0,2811
4,run3_initcall.txt,usbnet_init,1.260767,0,0
4,run3_initcall.txt,xhci_hcd_init,1.266577,0,29
4,run3_initcall.txt,xhci_pci_init,1.443742,0,171381
4,run3_initcall.txt,xhci_plat_init,1.44953,0,128
4,run3_initcall.txt,dwc_otg_driver_init,1.466123,0,11057
4,run3_initcall.txt,dwc_common_port_init_module,1.474663,0,2937
4,run3_initcall.txt,dwc3_driver_init,1.480355,0,69
4,run3_initcall.txt,dwc3_haps_driver_init,1.486001,0,35
4,run3_initcall.txt,dwc3_of_simple_driver_init,1.4915,0,63
4,run3_initcall.txt,dwc3_generic_driver_init,1.497116,0,42
4,run3_initcall.txt,dwc2_platform_driver_init,1.502839,0,146
4,run3_initcall.txt,uas_init,1.511276,0,2902
4,run3_initcall.txt,usb_storage_driver_init,1.519601,0,2790
4,run3_initcall.txt,brcmstb_usb_pinmap_init,1.525061,-19,84
4,run3_initcall.txt,bdc_driver_init,1.530683,0,51
4,run3_initcall.txt,input_leds_init,1.536253,0,1
4,run3_initcall.txt,mousedev_init,1.545512,0,2937
4,run3_initcall.txt,evdev_init,1.551181,0,44
4,run3_initcall.txt,brcmstb_waketmr_driver_init,1.556701,0,88
4,run3_initcall.txt,rpi_rtc_driver_init,1.562327,0,46
4,run3_initcall.txt,init_rc_map_adstech_dvb_t_pci,1.567929,0,0
4,run3_initcall.txt,init_rc_map_alink_dtu_m,1.573625,0,113
4,run3_initcall.txt,init_rc_map_anysee,1.579217,0,0
4,run3_initcall.txt,init_rc_map_apac_viewcomp,1.584791,0,0
4,run3_initcall.txt,init_rc_map_t2hybrid,1.590203,0,0
4,run3_initcall.txt,init_rc_map_asus_pc39,1.595757,0,0
4,run3_initcall.txt,init_rc_map_asus_ps3_100,1.601402,0,85
4,run3_initcall.txt,init_rc_map_ati_tv_wonder_hd_600,1.606954,0,0
4,run3_initcall.txt,init_rc_map_ati_x10,1.612471,0,0
4,run3_initcall.txt,init_rc_map_avermedia_a16d,1.61802,0,0
4,run3_initcall.txt,init_rc_map_avermedia_cardbus,1.623378,0,0
4,run3_initcall.txt,init_rc_map_avermedia_dvbt,1.628888,0,0
4,run3_initcall.txt,init_rc_map_avermedia_m135a,1.634392,0,0
4,run3_initcall.txt,init_rc_map_avermedia_m733a_rm_k6,1.639886,0,0
4,run3_initcall.txt,init_rc_map_avermedia,1.645406,0,0
4,run3_initcall.txt,init_rc_map_avermedia_rm_ks,1.650884,0,0
4,run3_initcall.txt,init_rc_map_avertv_303,1.656237,0,0
4,run3_initcall.txt,init_rc_map_azurewave_ad_tu700,1.66455,0,0
4,run3_initcall.txt,init_rc_map_beelink_gs1,1.67008,0,0
4,run3_initcall.txt,init_rc_map_beelink_mxiii,1.675591,0,0
4,run3_initcall.txt,init_rc_map_behold_columbus,1.681133,0,0
4,run3_initcall.txt,init_rc_map_behold,1.686641,0,0
4,run3_initcall.txt,init_rc_map_budget_ci_old,1.691993,0,0
4,run3_initcall.txt,init_rc_map_cinergy_1400,1.697483,0,0
4,run3_initcall.txt,init_rc_map_cinergy,1.702943,0,0
4,run3_initcall.txt,init_rc_map_ct_90405,1.708376,0,0
4,run3_initcall.txt,init_rc_map_d680_dmb,1.713801,0,0
4,run3_initcall.txt,init_rc_map_delock_61959,1.719191,0,0
4,run3_initcall.txt,init_rc_map,1.724455,0,0
4,run3_initcall.txt,init_rc_map,1.729853,0,0
4,run3_initcall.txt,init_rc_map_digitalnow_tinytwin,1.735279,0,0
4,run3_initcall.txt,init_rc_map_digittrade,1.740731,0,0
4,run3_initcall.txt,init_rc_map_dm1105_nec,1.746143,0,0
4,run3_initcall.txt,init_rc_map_dntv_live_dvb_t,1.751581,0,0
4,run3_initcall.txt,init_rc_map_dntv_live_dvbt_pro,1.756835,0,0
4,run3_initcall.txt,init_rc_map_dreambox,1.762231,0,0
4,run3_initcall.txt,init_rc_map_dtt200u,1.767647,0,0
4,run3_initcall.txt,init_rc_map_rc5_dvbsky,1.773077,0,0
4,run3_initcall.txt,init_rc_map_dvico_mce,1.778494,0,0
4,run3_initcall.txt,init_rc_map_dvico_portable,1.784005,0,0
4,run3_initcall.txt,init_rc_map_em_terratec,1.78924,0,0
4,run3_initcall.txt,init_rc_map_encore_enltv2,1.794691,0,37
4,run3_initcall.txt,init_rc_map_encore_enltv_fm53,1.800177,0,0
4,run3_initcall.txt,init_rc_map_encore_enltv,1.811095,0,0
4,run3_initcall.txt,init_rc_map_evga_indtube,1.819477,0,92
4,run3_initcall.txt,init_rc_map_eztv,1.82768,0,0
4,run3_initcall.txt,init_rc_map_flydvb,1.835943,0,0
4,run3_initcall.txt,init_rc_map_flyvideo,1.844159,0,0
4,run3_initcall.txt,init_rc_map_fusionhdtv_mce,1.852358,0,0
4,run3_initcall.txt,init_rc_map_gadmei_rm008z,1.857683,0,0
4,run3_initcall.txt,init_rc_map_geekbox,1.863135,0,0
4,run3_initcall.txt,init_rc_map_genius_tvgo_a11mce,1.868593,0,0
4,run3_initcall.txt,init_rc_map_gotview7135,1.874067,0,0
4,run3_initcall.txt,init_rc_map_rc5_hauppauge_new,1.879503,0,0
4,run3_initcall.txt,init_rc_map_hisi_poplar,1.884965,0,0
4,run3_initcall.txt,init_rc_map_hisi_tv_demo,1.890281,0,0
4,run3_initcall.txt,init_rc_map_imon_mce,1.895718,0,0
4,run3_initcall.txt,init_rc_map_imon_pad,1.901115,0,0
4,run3_initcall.txt,init_rc_map_imon_rsc,1.9065,0,0
4,run3_initcall.txt,init_rc_map_iodata_bctv7e,1.911862,0,0
4,run3_initcall.txt,init_rc_it913x_v1_map,1.917229,0,0
4,run3_initcall.txt,init_rc_it913x_v2_map,1.922445,0,0
4,run3_initcall.txt,init_rc_map_kaiomy,1.927805,0,0
4,run3_initcall.txt,init_rc_map_khadas,1.933146,0,0
4,run3_initcall.txt,init_rc_map_khamsin,1.938488,0,0
4,run3_initcall.txt,init_rc_map_kworld_315u,1.943925,0,39
4,run3_initcall.txt,init_rc_map_kworld_pc150u,1.949351,0,38
4,run3_initcall.txt,init_rc_map_kworld_plus_tv_analog,1.954729,0,11
4,run3_initcall.txt,init_rc_map_leadtek_y04g0051,1.959996,0,0
4,run3_initcall.txt,init_rc_lme2510_map,1.965376,0,0
4,run3_initcall.txt,init_rc_map_manli,1.970741,0,0
4,run3_initcall.txt,init_rc_map_mecool_kiii_pro,1.976105,0,0
4,run3_initcall.txt,init_rc_map_mecool_kii_pro,1.981492,0,0
4,run3_initcall.txt,init_rc_map_medion_x10_digitainer,1.986849,0,0
4,run3_initcall.txt,init_rc_map_medion_x10,1.992056,0,0
4,run3_initcall.txt,init_rc_map_medion_x10_or2x,1.997397,0,0
4,run3_initcall.txt,init_rc_map_minix_neo,2.002739,0,0
4,run3_initcall.txt,init_rc_map_msi_digivox_iii,2.008078,0,0
4,run3_initcall.txt,init_rc_map_msi_digivox_ii,2.013426,0,0
4,run3_initcall.txt,init_rc_map_msi_tvanywhere,2.018731,0,0
4,run3_initcall.txt,init_rc_map_msi_tvanywhere_plus,2.023872,0,0
4,run3_initcall.txt,init_rc_map_mygica_utv3,2.029431,0,7
4,run3_initcall.txt,init_rc_map_nebula,2.03473,0,0
4,run3_initcall.txt,init_rc_map_nec_terratec_cinergy_xs,2.04002,0,0
4,run3_initcall.txt,init_rc_map_norwood,2.045307,0,0
4,run3_initcall.txt,init_rc_map_npgtech,2.050631,0,0
4,run3_initcall.txt,init_rc_map_odroid,2.055773,0,0
4,run3_initcall.txt,init_rc_map_pctv_sedna,2.061068,0,0
4,run3_initcall.txt,init_rc_map_pine64,2.066367,0,0
4,run3_initcall.txt,init_rc_map_pinnacle_color,2.071649,0,0
4,run3_initcall.txt,init_rc_map_pinnacle_grey,2.076932,0,0
4,run3_initcall.txt,init_rc_map_pinnacle_pctv_hd,2.082222,0,0
4,run3_initcall.txt,init_rc_map_pixelview,2.087503,0,0
4,run3_initcall.txt,init_rc_map_pixelview,2.092634,0,0
4,run3_initcall.txt,init_rc_map_pixelview_new,2.097931,0,0
4,run3_initcall.txt,init_rc_map_pixelview,2.103222,0,0
4,run3_initcall.txt,init_rc_map_powercolor_real_angel,2.108514,0,0
4,run3_initcall.txt,init_rc_map_proteus_2309,2.113814,0,0
4,run3_initcall.txt,init_rc_map_purpletv,2.119103,0,0
4,run3_initcall.txt,init_rc_map_pv951,2.124256,0,0
4,run3_initcall.txt,init_rc_map_rc6_mce,2.129581,0,0
4,run3_initcall.txt,init_rc_map_real_audio_220_32_keys,2.134904,0,0
4,run3_initcall.txt,init_rc_map_reddo,2.140232,0,0
4,run3_initcall.txt,init_rc_map_siemens_gigaset_rc20,2.14555,0,0
4,run3_initcall.txt,init_rc_map_snapstream_firefly,2.150869,0,0
4,run3_initcall.txt,init_rc_map_streamzap,2.155991,0,0
4,run3_initcall.txt,init_rc_map_su3000,2.161323,0,0
4,run3_initcall.txt,init_rc_map_tanix_tx3mini,2.166647,0,0
4,run3_initcall.txt,init_rc_map_tanix_tx5max,2.171945,0,0
4,run3_initcall.txt,init_rc_map_tbs_nec,2.177238,0,0
4,run3_initcall.txt,init_rc_map,2.182548,0,0
4,run3_initcall.txt,init_rc_map,2.187851,0,0
4,run3_initcall.txt,init_rc_map_terratec_cinergy_c_pci,2.193042,0,0
4,run3_initcall.txt,init_rc_map_terratec_cinergy_s2_hd,2.198379,0,0
4,run3_initcall.txt,init_rc_map_terratec_cinergy_xs,2.20368,0,0
4,run3_initcall.txt,init_rc_map_terratec_slim_2,2.209006,0,0
4,run3_initcall.txt,init_rc_map_terratec_slim,2.214333,0,0
4,run3_initcall.txt,init_rc_map_tevii_nec,2.219641,0,0
4,run3_initcall.txt,init_rc_map_tivo,2.22481,0,0
4,run3_initcall.txt,init_rc_map_total_media_in_hand_02,2.230125,0,0
4,run3_initcall.txt,init_rc_map_total_media_in_hand,2.235447,0,0
4,run3_initcall.txt,init_rc_map_trekstor,2.240751,0,0
4,run3_initcall.txt,init_rc_map_tt_1500,2.246058,0,0
4,run3_initcall.txt,init_rc_map_twinhan_vp1027,2.251375,0,0
4,run3_initcall.txt,init_rc_map_twinhan_dtv_cab_ci,2.25655,0,0
4,run3_initcall.txt,init_rc_map_vega_s9x,2.261883,0,0
4,run3_initcall.txt,init_rc_map_videomate_k100,2.267196,0,0
4,run3_initcall.txt,init_rc_map_videomate_s350,2.272496,0,0
4,run3_initcall.txt,init_rc_map_videomate_tv_pvr,2.277822,0,0
4,run3_initcall.txt,init_rc_map_kii_pro,2.283126,0,0
4,run3_initcall.txt,init_rc_map_wetek_hub,2.28837,0,0
4,run3_initcall.txt,init_rc_map_wetek_play2,2.293635,0,0
4,run3_initcall.txt,init_rc_map_winfast,2.298963,0,0
4,run3_initcall.txt,init_rc_map_winfast_usbii_deluxe,2.304284,0,0
4,run3_initcall.txt,init_rc_map_x96max,2.309623,0,0
4,run3_initcall.txt,init_rc_map,2.31493,0,0
4,run3_initcall.txt,init_rc_map,2.32024,0,0
4,run3_initcall.txt,init_rc_map_zx_irdec,2.325403,0,0
4,run3_initcall.txt,ptp_kvm_init,2.330702,-95,1
4,run3_initcall.txt,gpio_poweroff_driver_init,2.336099,0,106
4,run3_initcall.txt,bcm2711_thermal_driver_init,2.34448,0,3028
4,run3_initcall.txt,bcm2835_thermal_driver_init,2.349908,0,67
4,run3_initcall.txt,bcm2835_wdt_driver_init,2.355191,0,28
4,run3_initcall.txt,dt_cpufreq_platdrv_init,2.360537,0,28
4,run3_initcall.txt,brcm_avs_cpufreq_platdrv_init,2.365979,0,45
4,run3_initcall.txt,raspberrypi_cpufreq_driver_init,2.377685,0,6302
4,run3_initcall.txt,mmc_pwrseq_simple_driver_init,2.383246,0,88
4,run3_initcall.txt,mmc_pwrseq_emmc_driver_init,2.388669,0,47
4,run3_initcall.txt,mmc_blk_init,2.394147,0,41
4,run3_initcall.txt,sdhci_drv_init,2.405134,0,5500
4,run3_initcall.txt,bcm2835_mmc_driver_init,2.413459,0,2810
4,run3_initcall.txt,bcm2835_driver_init,2.419059,0,56
4,run3_initcall.txt,sdhci_pltfm_drv_init,2.427234,0,2766
4,run3_initcall.txt,sdhci_iproc_driver_init,2.432863,0,77
4,run3_initcall.txt,sdhci_brcmstb_driver_init,2.43294,0,63
4,run3_initcall.txt,esrt_sysfs_init,2.432961,-38,2
4,run3_initcall.txt,smccc_devices_init,2.432974,0,1
4,run3_initcall.txt,smccc_soc_init,2.432988,0,1
4,run3_initcall.txt,arch_timer_mmio_drv_init,2.43304,0,37
4,run3_initcall.txt,arch_timer_mmio_acpi_drv_init,2.433077,0,24
4,run3_initcall.txt,hid_init,2.433151,0,60
4,run3_initcall.txt,hid_generic_init,2.433213,0,49
4,run3_initcall.txt,hid_init,2.433273,0,48
4,run3_initcall.txt,vchiq_driver_init,2.508005,0,74721
4,run3_initcall.txt,bcm74110_mbox_driver_init,2.514622,0,118
4,run3_initcall.txt,extcon_class_init,2.520492,0,11
4,run3_initcall.txt,armv8_pmu_driver_init,2.532174,0,6311
4,run3_initcall.txt,binder_init,2.537873,0,74
4,run3_initcall.txt,rpi_otp_driver_init,2.552155,0,8687
4,run3_initcall.txt,sock_diag_init,2.557621,0,37
4,run3_initcall.txt,blackhole_init,2.563203,0,11
4,run3_initcall.txt,cls_bpf_init_mod,2.568744,0,1
4,run3_initcall.txt,gre_offload_init,2.57431,0,7
4,run3_initcall.txt,sysctl_ipv4_init,2.579902,0,75
4,run3_initcall.txt,cubictcp_register,2.585452,0,3
4,run3_initcall.txt,packet_init,2.593632,0,2773
4,run3_initcall.txt,init_rpcsec_gss,2.599187,0,29
4,run3_initcall.txt,init_kerberos_module,2.604762,0,5
4,run3_initcall.txt,dcbnl_init,2.610341,0,9
4,run3_initcall.txt,init_dns_resolver,2.618689,0,2797
4,run3_initcall.txt,handshake_init,2.624171,0,41
4,run3_initcall.txt,check_mmu_enabled_at_boot,2.629784,0,0
4,run3_initcall.txt,finalize_pkvm,2.63539,0,5
4,run3_initcall.txt,kernel_do_mounts_initrd_sysctls_init,2.643929,0,7
4,run3_initcall.txt,kernel_panic_sysctls_init,2.649607,0,13
4,run3_initcall.txt,kernel_panic_sysfs_init,2.655158,0,10
4,run3_initcall.txt,kernel_exit_sysctls_init,2.66077,0,3
4,run3_initcall.txt,kernel_exit_sysfs_init,2.666445,0,8
4,run3_initcall.txt,param_sysfs_builtin_init,2.681844,0,9769
4,run3_initcall.txt,reboot_ksysfs_init,2.687744,0,25
4,run3_initcall.txt,sched_core_sysctl_init,2.694051,0,742
4,run3_initcall.txt,sched_fair_sysctl_init,2.699819,0,2
4,run3_initcall.txt,sched_rt_sysctl_init,2.705658,0,6
4,run3_initcall.txt,sched_dl_sysctl_init,2.711341,0,8
4,run3_initcall.txt,sched_init_debug,2.71709,0,101
4,run3_initcall.txt,cpu_latency_qos_init,2.722736,0,161
4,run3_initcall.txt,printk_late_init,2.728387,0,21
4,run3_initcall.txt,init_srcu_module_notifier,2.734008,0,2
4,run3_initcall.txt,kernel_rcu_stall_sysfs_init,2.739669,0,5
4,run3_initcall.txt,swiotlb_create_default_debugfs,2.745359,0,14
4,run3_initcall.txt,tk_debug_sleep_time_init,2.751002,0,8
4,run3_initcall.txt,bpf_ksym_iter_register,2.756488,0,1
4,run3_initcall.txt,kernel_acct_sysctls_init,2.762104,0,5
4,run3_initcall.txt,bpf_rstat_kfunc_init,2.767718,0,2
4,run3_initcall.txt,debugfs_kprobe_init,2.773327,0,14
4,run3_initcall.txt,kernel_delayacct_sysctls_init,2.778938,0,8
4,run3_initcall.txt,taskstats_init,2.787319,0,2812
4,run3_initcall.txt,ftrace_sysctl_init,2.792734,0,2
4,run3_initcall.txt,bpf_kprobe_multi_kfuncs_init,2.798285,0,5
4,run3_initcall.txt,kdb_ftrace_register,2.80384,0,8
4,run3_initcall.txt,bpf_global_ma_init,2.809505,0,116
4,run3_initcall.txt,bpf_syscall_sysctl_init,2.815116,0,22
4,run3_initcall.txt,unbound_reg_init,2.820697,0,0
4,run3_initcall.txt,kfunc_init,2.826107,0,6
4,run3_initcall.txt,bpf_map_iter_init,2.831661,0,1
4,run3_initcall.txt,init_subsystem,2.83724,0,0
4,run3_initcall.txt,task_iter_init,2.842793,0,5
4,run3_initcall.txt,bpf_prog_iter_init,2.848367,0,0
4,run3_initcall.txt,bpf_link_iter_init,2.853916,0,0
4,run3_initcall.txt,init_trampolines,2.859295,0,7
4,run3_initcall.txt,rqspinlock_register_kfuncs,2.864831,0,0
4,run3_initcall.txt,kfunc_init,2.870379,0,5
4,run3_initcall.txt,bpf_cgroup_iter_init,2.875927,0,1
4,run3_initcall.txt,cpumask_kfunc_init,2.881496,0,9
4,run3_initcall.txt,crypto_kfunc_init,2.887042,0,5
4,run3_initcall.txt,bpf_kmem_cache_iter_init,2.892419,0,0
4,run3_initcall.txt,dmabuf_iter_init,2.897952,0,0
4,run3_initcall.txt,load_system_certificate_list,2.906166,0,2734
4,run3_initcall.txt,init_lru_gen,2.911689,0,23
4,run3_initcall.txt,vmstat_late_init,2.917208,0,1
4,run3_initcall.txt,fault_around_debugfs,2.922606,0,8
4,run3_initcall.txt,slab_sysfs_init,2.932212,0,4058
4,run3_initcall.txt,max_swapfiles_check,2.937923,0,1
4,run3_initcall.txt,zswap_init,2.943452,0,0
4,run3_initcall.txt,mempolicy_sysfs_init,2.94904,0,36
4,run3_initcall.txt,memory_tier_late_init,2.960125,0,5545
4,run3_initcall.txt,check_early_ioremap_leak,2.965707,0,0
4,run3_initcall.txt,mg_debugfs_init,2.971297,0,24
4,run3_initcall.txt,fscrypt_init,2.982461,0,5609
4,run3_initcall.txt,pstore_init,2.987959,0,10
4,run3_initcall.txt,init_root_keyring,2.993449,0,36
4,run3_initcall.txt,init_profile_hash,2.99898,0,8
4,run3_initcall.txt,integrity_fs_init,3.004519,0,11
4,run3_initcall.txt,crypto_algapi_init,3.010091,0,10
4,run3_initcall.txt,blk_timeout_init,3.015615,0,0
4,run3_initcall.txt,depot_debugfs_init,3.021147,0,8
4,run3_initcall.txt,pci_resource_alignment_sysfs_init,3.026529,0,12
4,run3_initcall.txt,pci_sysfs_init,3.032046,0,14
4,run3_initcall.txt,clk_debug_init,3.03798,0,422
4,run3_initcall.txt,genpd_debug_init,3.043836,0,343
4,run3_initcall.txt,sync_state_resume_initcall,3.049399,0,9
4,run3_initcall.txt,deferred_probe_initcall,3.173956,0,119143
4,run3_initcall.txt,efi_shutdown_init,3.18038,-19,22
4,run3_initcall.txt,efi_earlycon_unmap_fb,3.186326,0,3
4,run3_initcall.txt,psci_debugfs_init,3.191526,0,0
4,run3_initcall.txt,of_cfs_init,3.202118,0,5303
4,run3_initcall.txt,of_fdt_raw_init,3.207393,0,35
4,run3_initcall.txt,bpf_kfunc_init,3.212624,0,2
4,run3_initcall.txt,init_subsystem,3.217857,0,0
4,run3_initcall.txt,xdp_metadata_init,3.222918,0,0
4,run3_initcall.txt,bpf_sockmap_iter_init,3.233432,0,2
4,run3_initcall.txt,bpf_sk_storage_map_iter_init,3.238705,0,1
4,run3_initcall.txt,bpf_prog_test_run_init,3.244029,0,1
4,run3_initcall.txt,bpf_dummy_struct_ops_init,3.249343,0,0
4,run3_initcall.txt,tcp_congestion_default,3.257173,0,1
4,run3_initcall.txt,inet_blackhole_dev_init,3.265243,0,11
4,run3_initcall.txt,ip_auto_config,3.270616,0,12
4,run3_initcall.txt,tcp_bpf_v4_build_proto,3.275988,0,1
4,run3_initcall.txt,udp_bpf_v4_build_proto,3.281352,0,0
4,run3_initcall.txt,bpf_tcp_ca_kfunc_init,3.286735,0,1
4,run3_initcall.txt,bpf_mptcp_kfunc_init,3.29195,0,0
4,run3_initcall.txt,latency_fsnotify_init,3.297335,0,38
4,run3_initcall.txt,trace_eval_sync,3.302683,0,23
4,run3_initcall.txt,late_trace_init,3.308033,0,0
4,run3_initcall.txt,fb_logo_late_init,3.3134,0,5
4,run3_initcall.txt,amba_stub_drv_init,3.318783,0,29
4,run3_initcall.txt,clk_disable_unused,3.33033,0,6343
4,run3_initcall.txt,genpd_power_off_unused,3.344459,0,5872
4,run3_initcall.txt,regulator_init_complete,3.355143,0,8
4,run3_initcall.txt,of_platform_sync_state_init,3.363164,0,27
5,run4_initcall.txt,cgroup_sysfs_init,0.051377,0,0
5,run4_initcall.txt,user_namespaces_init,0.0514,0,0
5,run4_initcall.txt,hung_task_init,0.051518,0,0
5,run4_initcall.txt,init_trace_sysctls,0.051539,0,0
5,run4_initcall.txt,trace_eval_init,0.051583,0,0
5,run4_initcall.txt,init_trace_stack_sysctls,0.051604,0,0
5,run4_initcall.txt,send_signal_irq_work_init,0.051623,0,0
5,run4_initcall.txt,dev_map_init,0.051644,0,0
5,run4_initcall.txt,netns_bpf_init,0.051664,0,0
5,run4_initcall.txt,oom_init,0.051742,0,0
5,run4_initcall.txt,init_user_buckets,0.051767,0,0
5,run4_initcall.txt,init_vm_util_sysctls,0.051794,0,0
5,run4_initcall.txt,default_bdi_init,0.051931,0,0
5,run4_initcall.txt,cgwb_init,0.05196,0,0
5,run4_initcall.txt,percpu_enable_async,0.051977,0,0
5,run4_initcall.txt,kcompactd_init,0.052091,0,0
5,run4_initcall.txt,init_mm_sysctl,0.052113,0,0
5,run4_initcall.txt,init_user_reserve,0.05213,0,0
5,run4_initcall.txt,init_admin_reserve,0.052145,0,0
5,run4_initcall.txt,init_reserve_notifier,0.05216,0,0
5,run4_initcall.txt,swap_init,0.052181,0,0
5,run4_initcall.txt,swapfile_init,0.052208,0,0
5,run4_initcall.txt,memory_tier_init,0.052258,0,0
5,run4_initcall.txt,numa_init_sysfs,0.052279,0,0
5,run4_initcall.txt,mem_cgroup_swap_init,0.052298,0,0
5,run4_initcall.txt,init_msg_buckets,0.052315,0,0
5,run4_initcall.txt,init_bio,0.052362,0,0
5,run4_initcall.txt,blk_ioc_init,0.052381,0,0
5,run4_initcall.txt,blk_mq_init,0.052399,0,0
5,run4_initcall.txt,genhd_device_init,0.05253,0,0
5,run4_initcall.txt,blkcg_punt_bio_init,0.052632,0,0
5,run4_initcall.txt,blk_integrity_auto_init,0.052707,0,0
5,run4_initcall.txt,io_wq_init,0.052729,0,0
5,run4_initcall.txt,crc_t10dif_mod_init,0.052756,0,0
5,run4_initcall.txt,sha256_mod_init,0.052776,0,0
5,run4_initcall.txt,sha512_mod_init,0.052793,0,0
5,run4_initcall.txt,sg_pool_init,0.052824,0,0
5,run4_initcall.txt,gpiolib_debugfs_init,0.052848,0,0
5,run4_initcall.txt,stmpe_gpio_init,0.052955,0,0
5,run4_initcall.txt,pwm_init,0.052983,0,0
5,run4_initcall.txt,leds_init,0.053016,0,0
5,run4_initcall.txt,pci_slot_init,0.053038,0,0
5,run4_initcall.txt,fbmem_init,0.053098,0,0
5,run4_initcall.txt,bcm2835_dma_init,0.05384,0,0
5,run4_initcall.txt,regulator_fixed_voltage_init,0.05392,0,0
5,run4_initcall.txt,gpio_regulator_init,0.053979,0,0
5,run4_initcall.txt,init_sysrq_sysctl,0.054006,0,0
5,run4_initcall.txt,misc_init,0.054034,0,0
5,run4_initcall.txt,iommu_subsys_init,0.054065,0,0
5,run4_initcall.txt,register_cpu_capacity_sysctl,0.054439,0,0
5,run4_initcall.txt,dma_buf_init,0.054522,0,0
5,run4_initcall.txt,dma_heap_init,0.054557,0,0
5,run4_initcall.txt,init_scsi,0.054662,0,0
5,run4_initcall.txt,mdio_bus_init,0.054696,0,0
5,run4_initcall.txt,phy_init,0.054742,0,0
5,run4_initcall.txt,usb_common_init,0.054765,0,0
5,run4_initcall.txt,usb_init,0.054876,0,0
5,run4_initcall.txt,usb_phy_generic_init,0.055131,0,0
5,run4_initcall.txt,usb_udc_init,0.055173,0,0
5,run4_initcall.txt,usb_roles_init,0.055197,0,0
5,run4_initcall.txt,input_init,0.055228,0,0
5,run4_initcall.txt,rtc_init,0.055252,0,0
5,run4_initcall.txt,rc_core_init,0.055282,0,0
5,run4_initcall.txt,pps_init,0.055317,0,0
5,run4_initcall.txt,ptp_init,0.055345,0,0
5,run4_initcall.txt,power_supply_class_init,0.055375,0,0
5,run4_initcall.txt,hwmon_init,0.055398,0,0
5,run4_initcall.txt,mmc_init,0.055441,0,0
5,run4_initcall.txt,dmi_init,0.055458,0,0
5,run4_initcall.txt,efisubsys_init,0.055477,0,0
5,run4_initcall.txt,arm_pmu_hp_init,0.055498,0,0
5,run4_initcall.txt,ras_init,0.055525,0,0
5,run4_initcall.txt,nvmem_init,0.055563,0,0
5,run4_initcall.txt,init_soundcore,0.055584,0,0
5,run4_initcall.txt,proto_init,0.055605,0,0
5,run4_initcall.txt,net_dev_init,0.055845,0,0
5,run4_initcall.txt,neigh_init,0.055866,0,0
5,run4_initcall.txt,fib_notifier_init,0.055882,0,0
5,run4_initcall.txt,netdev_genl_init,0.055925,0,0
5,run4_initcall.txt,page_pool_user_init,0.055942,0,0
5,run4_initcall.txt,fib_rules_init,0.055961,0,0
5,run4_initcall.txt,init_cgroup_netprio,0.055977,0,0
5,run4_initcall.txt,bpf_lwt_init,0.055993,0,0
5,run4_initcall.txt,pktsched_init,0.056014,0,0
5,run4_initcall.txt,tc_filter_init,0.056049,0,0
5,run4_initcall.txt,tc_action_init,0.056066,0,0
5,run4_initcall.txt,ethnl_init,0.056139,0,0
5,run4_initcall.txt,nexthop_init,0.056163,0,0
5,run4_initcall.txt,devlink_init,0.056248,0,4000
5,run4_initcall.txt,wireless_nlevent_init,0.056269,0,0
5,run4_initcall.txt,vsprintf_init_hashval,0.056289,0,0
5,run4_initcall.txt,init_32bit_el0_mask,0.056308,0,0
5,run4_initcall.txt,vga_arb_device_init,0.056452,0,0
5,run4_initcall.txt,watchdog_init,0.056567,0,0
5,run4_initcall.txt,create_debug_debugfs_entry,0.056683,0,0
5,run4_initcall.txt,iomem_init_inode,0.056734,0,0
5,run4_initcall.txt,clocksource_done_booting,0.056783,0,14
5,run4_initcall.txt,tracer_init_tracefs,0.05681,0,9
5,run4_initcall.txt,init_trace_printk_function_export,0.056889,0,61
5,run4_initcall.txt,init_graph_tracefs,0.056912,0,2
5,run4_initcall.txt,bpf_event_init,0.05693,0,1
5,run4_initcall.txt,init_kprobe_trace,0.440207,0,383254
5,run4_initcall.txt,init_dynamic_event,0.44034,0,10
5,run4_initcall.txt,bpf_init,0.440379,0,20
5,run4_initcall.txt,secretmem_init,0.440449,0,52
5,run4_initcall.txt,init_fs_stat_sysctls,0.440481,0,13
5,run4_initcall.txt,init_fs_exec_sysctls,0.440502,0,1
5,run4_initcall.txt,init_pipe_fs,0.440543,0,23
5,run4_initcall.txt,init_fs_namei_sysctls,0.440565,0,3
5,run4_initcall.txt,init_fs_dcache_sysctls,0.440591,0,8
5,run4_initcall.txt,init_fs_namespace_sysctls,0.440612,0,1
5,run4_initcall.txt,cgroup_writeback_init,0.440641,0,9
5,run4_initcall.txt,inotify_user_setup,0.440676,0,17
5,run4_initcall.txt,eventpoll_init,0.440714,0,18
5,run4_initcall.txt,anon_inode_init,0.440744,0,11
5,run4_initcall.txt,proc_locks_init,0.440804,0,40
5,run4_initcall.txt,backing_aio_init,0.440828,0,3
5,run4_initcall.txt,init_fs_coredump_sysctls,0.440855,0,8
5,run4_initcall.txt,init_vm_drop_caches_sysctls,0.440879,0,3
5,run4_initcall.txt,iomap_dio_init,0.440921,0,23
5,run4_initcall.txt,iomap_ioend_init,0.440969,0,29
5,run4_initcall.txt,dquot_init,0.441172,0,182
5,run4_initcall.txt,proc_cmdline_init,0.441201,0,3
5,run4_initcall.txt,proc_consoles_init,0.441222,0,1
5,run4_initcall.txt,proc_cpuinfo_init,0.441243,0,1
5,run4_initcall.txt,proc_devices_init,0.441265,0,1
5,run4_initcall.txt,proc_interrupts_init,0.441286,0,1
5,run4_initcall.txt,proc_loadavg_init,0.441306,0,1
5,run4_initcall.txt,proc_meminfo_init,0.441326,0,1
5,run4_initcall.txt,proc_stat_init,0.441346,0,1
5,run4_initcall.txt,proc_uptime_init,0.44137,0,4
5,run4_initcall.txt,proc_version_init,0.44139,0,1
5,run4_initcall.txt,proc_softirqs_init,0.44141,0,1
5,run4_initcall.txt,proc_kmsg_init,0.441428,0,1
5,run4_initcall.txt,proc_page_init,0.441444,0,2
5,run4_initcall.txt,init_ramfs_fs,0.441461,0,1
5,run4_initcall.txt,aa_create_aafs,0.441478,0,1
5,run4_initcall.txt,chr_dev_init,0.44471,0,3213
5,run4_initcall.txt,hwrng_modinit,0.444835,0,84
5,run4_initcall.txt,firmware_class_init,0.444856,0,1
5,run4_initcall.txt,sysctl_core_init,0.444911,0,30
5,run4_initcall.txt,eth_offload_init,0.444929,0,1
5,run4_initcall.txt,ipv4_offload_init,0.444947,0,1
5,run4_initcall.txt,inet_init,0.448928,0,3964
5,run4_initcall.txt,af_unix_init,0.448991,0,25
5,run4_initcall.txt,ipv6_offload_init,0.449011,0,1
5,run4_initcall.txt,init_sunrpc,0.449388,0,360
5,run4_initcall.txt,vlan_offload_init,0.449408,0,0
5,run4_initcall.txt,pci_apply_final_quirks,0.449437,0,11
5,run4_initcall.txt,populate_rootfs,0.449463,0,8
5,run4_initcall.txt,register_arm64_panic_block,0.449584,0,1
5,run4_initcall.txt,cpuinfo_regs_init,0.449702,0,99
5,run4_initcall.txt,aarch32_el0_sysfs_init,0.449724,0,0
5,run4_initcall.txt,kvm_arm_init,0.453889,0,4146
5,run4_initcall.txt,proc_execdomains_init,0.45394,0,5
5,run4_initcall.txt,register_warn_debugfs,0.453962,0,6
5,run4_initcall.txt,cpuhp_sysfs_init,0.454006,0,27
5,run4_initcall.txt,ioresources_init,0.45403,0,7
5,run4_initcall.txt,psi_proc_init,0.454048,0,0
5,run4_initcall.txt,irq_gc_init_ops,0.454065,0,0
5,run4_initcall.txt,irq_debugfs_init,0.454166,0,82
5,run4_initcall.txt,proc_modules_init,0.454188,0,2
5,run4_initcall.txt,timer_sysctl_init,0.454217,0,9
5,run4_initcall.txt,timekeeping_init_ops,0.454235,0,0
5,run4_initcall.txt,init_clocksource_sysfs,0.454329,0,79
5,run4_initcall.txt,init_timer_list_procfs,0.45435,0,3
5,run4_initcall.txt,alarmtimer_init,0.454422,0,57
5,run4_initcall.txt,clockevents_init_sysfs,0.454557,0,118
5,run4_initcall.txt,sched_clock_syscore_init,0.454575,0,0
5,run4_initcall.txt,kallsyms_init,0.454594,0,3
5,run4_initcall.txt,pid_namespaces_init,0.454659,0,47
5,run4_initcall.txt,audit_watch_init,0.454678,0,1
5,run4_initcall.txt,audit_fsnotify_init,0.454693,0,0
5,run4_initcall.txt,audit_tree_init,0.454714,0,6
5,run4_initcall.txt,seccomp_sysctl_init,0.454735,0,4
5,run4_initcall.txt,utsname_sysctl_init,0.454757,0,7
5,run4_initcall.txt,init_tracepoints,0.454774,0,1
5,run4_initcall.txt,init_lstats_procfs,0.454794,0,5
5,run4_initcall.txt,stack_trace_init,0.454845,0,33
5,run4_initcall.txt,init_blk_tracer,0.454882,0,19
5,run4_initcall.txt,perf_event_sysfs_init,0.455016,0,113
5,run4_initcall.txt,system_trusted_keyring_init,0.455055,0,18
5,run4_initcall.txt,kswapd_init,0.455376,0,299
5,run4_initcall.txt,extfrag_debug_init,0.455428,0,21
5,run4_initcall.txt,mm_compute_batch_init,0.455454,0,0
5,run4_initcall.txt,slab_proc_init,0.455479,0,8
5,run4_initcall.txt,workingset_init,0.455503,0,9
5,run4_initcall.txt,proc_vmalloc_init,0.455519,0,1
5,run4_initcall.txt,memblock_init_debugfs,0.455558,0,23
5,run4_initcall.txt,slab_debugfs_init,0.455588,0,14
5,run4_initcall.txt,procswaps_init,0.455606,0,2
5,run4_initcall.txt,zs_init,0.455626,0,1
5,run4_initcall.txt,fcntl_init,0.455654,0,6
5,run4_initcall.txt,proc_filesystems_init,0.455672,0,1
5,run4_initcall.txt,start_dirtytime_writeback,0.455698,0,8
5,run4_initcall.txt,dio_init,0.455719,0,2
5,run4_initcall.txt,dnotify_init,0.455781,0,43
5,run4_initcall.txt,fanotify_user_setup,0.455813,0,12
5,run4_initcall.txt,aio_setup,0.455885,0,51
5,run4_initcall.txt,mbcache_init,0.455918,0,5
5,run4_initcall.txt,init_grace,0.455949,0,7
5,run4_initcall.txt,init_devpts_fs,0.45598,0,14
5,run4_initcall.txt,ext4_init_fs,0.456102,0,106
5,run4_initcall.txt,journal_init,0.45614,0,17
5,run4_initcall.txt,init_fat_fs,0.456162,0,7
5,run4_initcall.txt,init_vfat_fs,0.456176,0,0
5,run4_initcall.txt,init_msdos_fs,0.456191,0,0
5,run4_initcall.txt,init_nfs_fs,0.456534,0,326
5,run4_initcall.txt,init_nfs_v2,0.456569,0,0
5,run4_initcall.txt,init_nfs_v3,0.456582,0,0
5,run4_initcall.txt,init_nfs_v4,0.45664,0,43
5,run4_initcall.txt,nfs4filelayout_init,0.456663,0,7
5,run4_initcall.txt,nfs4flexfilelayout_init,0.456684,0,6
5,run4_initcall.txt,init_nlm,0.456741,0,42
5,run4_initcall.txt,init_nls_cp437,0.456759,0,0
5,run4_initcall.txt,init_nls_ascii,0.456806,0,0
5,run4_initcall.txt,init_autofs_fs,0.457033,0,210
5,run4_initcall.txt,init_f2fs_fs,0.457234,0,176
5,run4_initcall.txt,ipc_init,0.457272,0,19
5,run4_initcall.txt,ipc_sysctl_init,0.45732,0,31
5,run4_initcall.txt,init_mqueue_fs,0.45741,0,73
5,run4_initcall.txt,key_proc_init,0.457435,0,5
5,run4_initcall.txt,bpf_crypto_skcipher_init,0.457461,0,2
5,run4_initcall.txt,dh_init,0.457482,0,3
5,run4_initcall.txt,rsa_init,0.4575,0,2
5,run4_initcall.txt,cryptomgr_init,0.457517,0,0
5,run4_initcall.txt,hmac_module_init,0.457534,0,0
5,run4_initcall.txt,crypto_sha256_mod_init,0.457556,0,5
5,run4_initcall.txt,crypto_ecb_module_init,0.457572,0,0
5,run4_initcall.txt,crypto_cbc_module_init,0.457589,0,0
5,run4_initcall.txt,crypto_cts_module_init,0.457606,0,0
5,run4_initcall.txt,xts_module_init,0.457623,0,0
5,run4_initcall.txt,des_generic_mod_init,0.457642,0,2
5,run4_initcall.txt,aes_init,0.457659,0,0
5,run4_initcall.txt,lzo_mod_init,0.457676,0,1
5,run4_initcall.txt,lzorle_mod_init,0.457693,0,1
5,run4_initcall.txt,asymmetric_key_init,0.457718,0,8
5,run4_initcall.txt,x509_key_init,0.45774,0,5
5,run4_initcall.txt,crypto_kdf108_init,0.457758,0,0
5,run4_initcall.txt,blkdev_init,0.4578,0,24
5,run4_initcall.txt,proc_genhd_init,0.457823,0,3
5,run4_initcall.txt,bsg_init,0.457873,0,33
5,run4_initcall.txt,throtl_init,0.458074,0,182
5,run4_initcall.txt,deadline_init,0.458107,0,6
5,run4_initcall.txt,kyber_init,0.458129,0,5
5,run4_initcall.txt,bfq_init,0.458191,0,40
5,run4_initcall.txt,io_uring_init,0.45825,0,41
5,run4_initcall.txt,btree_module_init,0.458274,0,2
5,run4_initcall.txt,percpu_counter_startup,0.460855,0,2557
5,run4_initcall.txt,audit_classes_init,0.460921,0,5
5,run4_initcall.txt,gicv5_iwb_platform_driver_init,0.461067,0,126
5,run4_initcall.txt,mip_msi_driver_init,0.461132,0,41
5,run4_initcall.txt,bcm7038_l1_driver_init,0.461188,0,36
5,run4_initcall.txt,bcm7120_l2_driver_init,0.461258,0,42
5,run4_initcall.txt,brcmstb_l2_driver_init,0.461679,0,400
5,run4_initcall.txt,simple_pm_bus_driver_init,0.462534,0,831
5,run4_initcall.txt,phy_core_init,0.462648,0,39
5,run4_initcall.txt,brcm_usb_driver_init,0.462785,0,115
5,run4_initcall.txt,rp1_pinctrl_driver_init,0.46285,0,35
5,run4_initcall.txt,bcm2835_pinctrl_driver_init,0.464188,0,1317
5,run4_initcall.txt,bcm2712_pinctrl_driver_init,0.464286,0,67
5,run4_initcall.txt,brcmvirt_gpio_driver_init,0.464345,0,38
5,run4_initcall.txt,brcmstb_gpio_driver_init,0.464403,0,37
5,run4_initcall.txt,rpi_exp_gpio_driver_init,0.465118,0,694
5,run4_initcall.txt,brcmstb_pwm_driver_init,0.465219,0,63
5,run4_initcall.txt,rp1_pwm_driver_init,0.465276,0,36
5,run4_initcall.txt,gpio_led_driver_init,0.683576,0,218279
5,run4_initcall.txt,led_pwm_driver_init,0.683722,0,107
5,run4_initcall.txt,timer_led_trigger_init,0.683752,0,5
5,run4_initcall.txt,oneshot_led_trigger_init,0.683771,0,0
5,run4_initcall.txt,heartbeat_trig_init,0.683804,0,4
5,run4_initcall.txt,bl_led_trigger_init,0.683824,0,0
5,run4_initcall.txt,ledtrig_cpu_init,0.683956,0,113
5,run4_initcall.txt,defon_led_trigger_init,0.684053,0,73
5,run4_initcall.txt,input_trig_init,0.684082,0,1
5,run4_initcall.txt,ledtrig_panic_init,0.684102,0,2
5,run4_initcall.txt,actpwr_trig_init,0.685552,0,1421
5,run4_initcall.txt,pcie_portdrv_init,0.68578,0,123
5,run4_initcall.txt,pci_proc_init,0.68583,0,17
5,run4_initcall.txt,brcm_pcie_driver_init,0.801764,0,115905
5,run4_initcall.txt,bcm2708_fb_init,0.801856,0,70
5,run4_initcall.txt,simplefb_driver_init,0.827962,0,26090
5,run4_initcall.txt,of_fixed_factor_clk_driver_init,0.828062,0,42
5,run4_initcall.txt,of_fixed_clk_driver_init,0.828153,0,35
5,run4_initcall.txt,gpio_clk_driver_init,0.828243,0,44
5,run4_initcall.txt,gated_fixed_clk_driver_init,0.828325,0,35
5,run4_initcall.txt,rp1_clk_driver_init,0.828409,0,35
5,run4_initcall.txt,rp1_sdio_clk_driver_init,0.828491,0,35
5,run4_initcall.txt,clk_dvp_driver_init,0.828699,0,160
5,run4_initcall.txt,bcm2835_aux_clk_driver_init,0.828829,0,80
5,run4_initcall.txt,raspberrypi_clk_driver_init,0.844316,0,15436
5,run4_initcall.txt,dw_driver_init,0.844421,0,52
5,run4_initcall.txt,bcm2835_power_driver_init,0.844493,0,26
5,run4_initcall.txt,rpi_power_driver_init,0.845945,0,1405
5,run4_initcall.txt,brcmstb_reset_driver_init,0.84604,0,44
5,run4_initcall.txt,brcm_rescal_reset_driver_init,0.846128,0,37
5,run4_initcall.txt,rpi_reset_driver_init,0.846294,0,117
5,run4_initcall.txt,reset_simple_driver_init,0.846432,0,88
5,run4_initcall.txt,n_null_init,0.846479,0,0
5,run4_initcall.txt,pty_init,0.846623,0,100
5,run4_initcall.txt,sysrq_init,0.846683,0,15
5,run4_initcall.txt,serial8250_init,0.846727,-19,0
5,run4_initcall.txt,bcm2835aux_serial_driver_init,0.846819,0,45
5,run4_initcall.txt,brcmuart_init,0.846923,0,56
5,run4_initcall.txt,exar_pci_driver_init,0.846998,0,28
5,run4_initcall.txt,of_platform_serial_driver_init,0.84715,0,101
5,run4_initcall.txt,serial_pci_driver_init,0.847234,0,32
5,run4_initcall.txt,pericom8250_pci_driver_init,0.847307,0,21
5,run4_initcall.txt,init_kgdboc,0.847455,0,102
5,run4_initcall.txt,random_sysctls_init,0.84752,0,18
5,run4_initcall.txt,ttyprintk_init,0.847628,0,59
5,run4_initcall.txt,bcm2835_rng_driver_init,0.847739,0,61
5,run4_initcall.txt,bcm74110_rng_driver_init,0.847825,0,37
5,run4_initcall.txt,iproc_rng200_driver_init,0.84815,0,275
5,run4_initcall.txt,smccc_trng_driver_init,0.84823,0,28
5,run4_initcall.txt,vc_mem_init,0.848408,0,132
5,run4_initcall.txt,vcio_driver_init,0.851603,0,3147
5,run4_initcall.txt,bcm2712_iommu_driver_init,0.857116,0,58
5,run4_initcall.txt,bcm2712_iommu_cache_driver_init,0.862784,0,42
5,run4_initcall.txt,topology_sysfs_init,0.868458,0,65
5,run4_initcall.txt,cacheinfo_sysfs_init,0.874375,0,257
5,run4_initcall.txt,devcoredump_init,0.880086,0,12
5,run4_initcall.txt,brd_init,0.892672,0,6887
5,run4_initcall.txt,loop_init,0.903981,0,5611
5,run4_initcall.txt,bcm2835_pm_driver_init,0.912693,0,2990
5,run4_initcall.txt,stmpe_i2c_driver_init,0.918385,0,20
5,run4_initcall.txt,stmpe_spi_driver_init,0.923938,0,14
5,run4_initcall.txt,rp1_driver_init,0.929636,0,29
5,run4_initcall.txt,system_heap_create,0.935424,0,111
5,run4_initcall.txt,add_default_cma_heap,0.941196,0,91
5,run4_initcall.txt,udmabuf_dev_init,0.946931,0,54
5,run4_initcall.txt,iscsi_transport_init,0.955394,0,2936
5,run4_initcall.txt,init_sd,0.961089,0,26
5,run4_initcall.txt,nvme_core_init,0.966982,0,267
5,run4_initcall.txt,nvme_init,0.972678,0,33
5,run4_initcall.txt,blackhole_netdev_init,0.978344,0,23
5,run4_initcall.txt,netkit_init,0.983998,0,10
5,run4_initcall.txt,phylink_init,0.989525,0,0
5,run4_initcall.txt,phy_module_init,0.995347,0,183
5,run4_initcall.txt,phy_module_init,1.001149,0,181
5,run4_initcall.txt,fixed_mdio_bus_init,1.006969,0,184
5,run4_initcall.txt,phy_module_init,1.012789,0,186
5,run4_initcall.txt,phy_module_init,1.018491,0,22
5,run4_initcall.txt,phy_module_init,1.024125,0,64
5,run4_initcall.txt,unimac_mdio_driver_init,1.030041,0,145
5,run4_initcall.txt,macb_driver_init,1.035999,0,130
5,run4_initcall.txt,bcmgenet_driver_init,1.253281,0,211397
5,run4_initcall.txt,bcmasp_driver_init,1.259275,0,97
5,run4_initcall.txt,lan78xx_driver_init,1.268453,0,3072
5,run4_initcall.txt,smsc95xx_driver_init,1.277727,0,3110
5,run4_initcall.txt,usbnet_init,1.283889,0,0
5,run4_initcall.txt,xhci_hcd_init,1.289952,0,18
5,run4_initcall.txt,xhci_pci_init,1.472106,0,175968
5,run4_initcall.txt,xhci_plat_init,1.478245,0,133
5,run4_initcall.txt,dwc_otg_driver_init,1.49599,0,11739
5,run4_initcall.txt,dwc_common_port_init_module,1.505053,0,3102
5,run4_initcall.txt,dwc3_driver_init,1.51109,0,71
5,run4_initcall.txt,dwc3_haps_driver_init,1.5171,0,34
5,run4_initcall.txt,dwc3_of_simple_driver_init,1.522961,0,67
5,run4_initcall.txt,dwc3_generic_driver_init,1.528953,0,42
5,run4_initcall.txt,dwc2_platform_driver_init,1.535037,0,161
5,run4_initcall.txt,uas_init,1.544025,0,3068
5,run4_initcall.txt,usb_storage_driver_init,1.552878,0,2966
5,run4_initcall.txt,brcmstb_usb_pinmap_init,1.558736,-19,86
5,run4_initcall.txt,bdc_driver_init,1.565541,0,709
5,run4_initcall.txt,input_leds_init,1.571537,0,3
5,run4_initcall.txt,mousedev_init,1.580626,0,3129
5,run4_initcall.txt,evdev_init,1.586601,0,0
5,run4_initcall.txt,brcmstb_waketmr_driver_init,1.592455,0,60
5,run4_initcall.txt,rpi_rtc_driver_init,1.598452,0,51
5,run4_initcall.txt,init_rc_map_adstech_dvb_t_pci,1.604552,0,0
5,run4_initcall.txt,init_rc_map_alink_dtu_m,1.610498,0,0
5,run4_initcall.txt,init_rc_map_anysee,1.616449,0,0
5,run4_initcall.txt,init_rc_map_apac_viewcomp,1.622261,0,0
5,run4_initcall.txt,init_rc_map_t2hybrid,1.628176,0,0
5,run4_initcall.txt,init_rc_map_asus_pc39,1.634203,0,0
5,run4_initcall.txt,init_rc_map_asus_ps3_100,1.64011,0,0
5,run4_initcall.txt,init_rc_map_ati_tv_wonder_hd_600,1.646048,0,0
5,run4_initcall.txt,init_rc_map_ati_x10,1.651924,0,0
5,run4_initcall.txt,init_rc_map_avermedia_a16d,1.657664,0,0
5,run4_initcall.txt,init_rc_map_avermedia_cardbus,1.663521,0,0
5,run4_initcall.txt,init_rc_map_avermedia_dvbt,1.66937,0,0
5,run4_initcall.txt,init_rc_map_avermedia_m135a,1.675193,0,0
5,run4_initcall.txt,init_rc_map_avermedia_m733a_rm_k6,1.681013,0,0
5,run4_initcall.txt,init_rc_map_avermedia,1.689653,0,2801
5,run4_initcall.txt,init_rc_map_avermedia_rm_ks,1.695528,0,0
5,run4_initcall.txt,init_rc_map_avertv_303,1.70141,0,0
5,run4_initcall.txt,init_rc_map_azurewave_ad_tu700,1.707272,0,0
5,run4_initcall.txt,init_rc_map_beelink_gs1,1.713104,0,0
5,run4_initcall.txt,init_rc_map_beelink_mxiii,1.718956,0,0
5,run4_initcall.txt,init_rc_map_behold_columbus,1.724666,0,0
5,run4_initcall.txt,init_rc_map_behold,1.730524,0,0
5,run4_initcall.txt,init_rc_map_budget_ci_old,1.736368,0,0
5,run4_initcall.txt,init_rc_map_cinergy_1400,1.742185,0,0
5,run4_initcall.txt,init_rc_map_cinergy,1.748002,0,0
5,run4_initcall.txt,init_rc_map_ct_90405,1.753759,0,0
5,run4_initcall.txt,init_rc_map_d680_dmb,1.759401,0,0
5,run4_initcall.txt,init_rc_map_delock_61959,1.76516,0,0
5,run4_initcall.txt,init_rc_map,1.770913,0,0
5,run4_initcall.txt,init_rc_map,1.77665,0,0
5,run4_initcall.txt,init_rc_map_digitalnow_tinytwin,1.782403,0,0
5,run4_initcall.txt,init_rc_map_digittrade,1.788063,0,0
5,run4_initcall.txt,init_rc_map_dm1105_nec,1.793815,0,0
5,run4_initcall.txt,init_rc_map_dntv_live_dvb_t,1.799573,0,0
5,run4_initcall.txt,init_rc_map_dntv_live_dvbt_pro,1.805334,0,0
5,run4_initcall.txt,init_rc_map_dreambox,1.811169,0,106
5,run4_initcall.txt,init_rc_map_dtt200u,1.816936,0,0
5,run4_initcall.txt,init_rc_map_rc5_dvbsky,1.822631,0,53
5,run4_initcall.txt,init_rc_map_dvico_mce,1.828428,0,0
5,run4_initcall.txt,init_rc_map_dvico_portable,1.839979,0,0
5,run4_initcall.txt,init_rc_map_em_terratec,1.849008,0,2
5,run4_initcall.txt,init_rc_map_encore_enltv2,1.860495,0,0
5,run4_initcall.txt,init_rc_map_encore_enltv_fm53,1.866353,0,0
5,run4_initcall.txt,init_rc_map_encore_enltv,1.877996,0,0
5,run4_initcall.txt,init_rc_map_evga_indtube,1.883876,0,0
5,run4_initcall.txt,init_rc_map_eztv,1.889639,0,0
5,run4_initcall.txt,init_rc_map_flydvb,1.895491,0,0
5,run4_initcall.txt,init_rc_map_flyvideo,1.901354,0,0
5,run4_initcall.txt,init_rc_map_fusionhdtv_mce,1.907186,0,0
5,run4_initcall.txt,init_rc_map_gadmei_rm008z,1.913013,0,0
5,run4_initcall.txt,init_rc_map_geekbox,1.918825,0,0
5,run4_initcall.txt,init_rc_map_genius_tvgo_a11mce,1.92452,0,0
5,run4_initcall.txt,init_rc_map_gotview7135,1.930313,0,0
5,run4_initcall.txt,init_rc_map_rc5_hauppauge_new,1.93612,0,0
5,run4_initcall.txt,init_rc_map_hisi_poplar,1.941932,0,0
5,run4_initcall.txt,init_rc_map_hisi_tv_demo,1.94772,0,0
5,run4_initcall.txt,init_rc_map_imon_mce,1.953514,0,0
5,run4_initcall.txt,init_rc_map_imon_pad,1.959151,0,0
5,run4_initcall.txt,init_rc_map_imon_rsc,1.964892,0,0
5,run4_initcall.txt,init_rc_map_iodata_bctv7e,1.970671,0,43
5,run4_initcall.txt,init_rc_it913x_v1_map,1.976394,0,38
5,run4_initcall.txt,init_rc_it913x_v2_map,1.982194,0,10
5,run4_initcall.txt,init_rc_map_kaiomy,1.987757,0,0
5,run4_initcall.txt,init_rc_map_khadas,1.993416,0,0
5,run4_initcall.txt,init_rc_map_khamsin,1.999131,0,0
5,run4_initcall.txt,init_rc_map_kworld_315u,2.004853,0,0
5,run4_initcall.txt,init_rc_map_kworld_pc150u,2.010581,0,0
5,run4_initcall.txt,init_rc_map_kworld_plus_tv_analog,2.016305,0,0
5,run4_initcall.txt,init_rc_map_leadtek_y04g0051,2.021929,0,0
5,run4_initcall.txt,init_rc_lme2510_map,2.02766,0,0
5,run4_initcall.txt,init_rc_map_manli,2.033412,0,0
5,run4_initcall.txt,init_rc_map_mecool_kiii_pro,2.039161,0,0
5,run4_initcall.txt,init_rc_map_mecool_kii_pro,2.044939,0,0
5,run4_initcall.txt,init_rc_map_medion_x10_digitainer,2.05096,0,227
5,run4_initcall.txt,init_rc_map_medion_x10,2.056586,0,0
5,run4_initcall.txt,init_rc_map_medion_x10_or2x,2.062338,0,0
5,run4_initcall.txt,init_rc_map_minix_neo,2.06806,0,0
5,run4_initcall.txt,init_rc_map_msi_digivox_iii,2.073796,0,0
5,run4_initcall.txt,init_rc_map_msi_digivox_ii,2.079535,0,0
5,run4_initcall.txt,init_rc_map_msi_tvanywhere,2.085265,0,0
5,run4_initcall.txt,init_rc_map_msi_tvanywhere_plus,2.090836,0,0
5,run4_initcall.txt,init_rc_map_mygica_utv3,2.096554,0,0
5,run4_initcall.txt,init_rc_map_nebula,2.102257,0,0
5,run4_initcall.txt,init_rc_map_nec_terratec_cinergy_xs,2.10795,0,0
5,run4_initcall.txt,init_rc_map_norwood,2.113652,0,0
5,run4_initcall.txt,init_rc_map_npgtech,2.119368,0,0
5,run4_initcall.txt,init_rc_map_odroid,2.124946,0,0
5,run4_initcall.txt,init_rc_map_pctv_sedna,2.130644,0,0
5,run4_initcall.txt,init_rc_map_pine64,2.136356,0,0
5,run4_initcall.txt,init_rc_map_pinnacle_color,2.142055,0,0
5,run4_initcall.txt,init_rc_map_pinnacle_grey,2.147735,0,0
5,run4_initcall.txt,init_rc_map_pinnacle_pctv_hd,2.153444,0,0
5,run4_initcall.txt,init_rc_map_pixelview,2.159009,0,0
5,run4_initcall.txt,init_rc_map_pixelview,2.164705,0,0
5,run4_initcall.txt,init_rc_map_pixelview_new,2.170407,0,0
5,run4_initcall.txt,init_rc_map_pixelview,2.176093,0,0
5,run4_initcall.txt,init_rc_map_powercolor_real_angel,2.18177,0,0
5,run4_initcall.txt,init_rc_map_proteus_2309,2.187406,0,0
5,run4_initcall.txt,init_rc_map_purpletv,2.193017,0,0
5,run4_initcall.txt,init_rc_map_pv951,2.198712,0,0
5,run4_initcall.txt,init_rc_map_rc6_mce,2.2044,0,0
5,run4_initcall.txt,init_rc_map_real_audio_220_32_keys,2.210034,0,0
5,run4_initcall.txt,init_rc_map_reddo,2.215691,0,0
5,run4_initcall.txt,init_rc_map_siemens_gigaset_rc20,2.221239,0,0
5,run4_initcall.txt,init_rc_map_snapstream_firefly,2.226907,0,0
5,run4_initcall.txt,init_rc_map_streamzap,2.232581,0,0
5,run4_initcall.txt,init_rc_map_su3000,2.238292,0,0
5,run4_initcall.txt,init_rc_map_tanix_tx3mini,2.244008,0,0
5,run4_initcall.txt,init_rc_map_tanix_tx5max,2.249687,0,0
5,run4_initcall.txt,init_rc_map_tbs_nec,2.255234,0,0
5,run4_initcall.txt,init_rc_map,2.260966,0,0
5,run4_initcall.txt,init_rc_map,2.266665,0,0
5,run4_initcall.txt,init_rc_map_terratec_cinergy_c_pci,2.272388,0,0
5,run4_initcall.txt,init_rc_map_terratec_cinergy_s2_hd,2.278097,0,0
5,run4_initcall.txt,init_rc_map_terratec_cinergy_xs,2.283786,0,0
5,run4_initcall.txt,init_rc_map_terratec_slim_2,2.289371,0,0
5,run4_initcall.txt,init_rc_map_terratec_slim,2.295088,0,0
5,run4_initcall.txt,init_rc_map_tevii_nec,2.300806,0,0
5,run4_initcall.txt,init_rc_map_tivo,2.306541,0,0
5,run4_initcall.txt,init_rc_map_total_media_in_hand_02,2.312268,0,0
5,run4_initcall.txt,init_rc_map_total_media_in_hand,2.317983,0,0
5,run4_initcall.txt,init_rc_map_trekstor,2.323539,0,0
5,run4_initcall.txt,init_rc_map_tt_1500,2.329253,0,0
5,run4_initcall.txt,init_rc_map_twinhan_vp1027,2.334991,0,0
5,run4_initcall.txt,init_rc_map_twinhan_dtv_cab_ci,2.340729,0,0
5,run4_initcall.txt,init_rc_map_vega_s9x,2.346446,0,0
5,run4_initcall.txt,init_rc_map_videomate_k100,2.352176,0,0
5,run4_initcall.txt,init_rc_map_videomate_s350,2.357771,0,0
5,run4_initcall.txt,init_rc_map_videomate_tv_pvr,2.3635,0,0
5,run4_initcall.txt,init_rc_map_kii_pro,2.369213,0,0
5,run4_initcall.txt,init_rc_map_wetek_hub,2.374927,0,0
5,run4_initcall.txt,init_rc_map_wetek_play2,2.38064,0,0
5,run4_initcall.txt,init_rc_map_winfast,2.386379,0,0
5,run4_initcall.txt,init_rc_map_winfast_usbii_deluxe,2.391945,0,0
5,run4_initcall.txt,init_rc_map_x96max,2.397654,0,0
5,run4_initcall.txt,init_rc_map,2.403352,0,0
5,run4_initcall.txt,init_rc_map,2.409062,0,0
5,run4_initcall.txt,init_rc_map_zx_irdec,2.414767,0,0
5,run4_initcall.txt,ptp_kvm_init,2.420429,-95,0
5,run4_initcall.txt,gpio_poweroff_driver_init,2.426091,0,104
5,run4_initcall.txt,bcm2711_thermal_driver_init,2.434997,0,3215
5,run4_initcall.txt,bcm2835_thermal_driver_init,2.44082,0,80
5,run4_initcall.txt,bcm2835_wdt_driver_init,2.446576,0,31
5,run4_initcall.txt,dt_cpufreq_platdrv_init,2.452329,0,28
5,run4_initcall.txt,brcm_avs_cpufreq_platdrv_init,2.458001,0,44
5,run4_initcall.txt,raspberrypi_cpufreq_driver_init,2.470396,0,6628
5,run4_initcall.txt,mmc_pwrseq_simple_driver_init,2.476303,0,82
5,run4_initcall.txt,mmc_pwrseq_emmc_driver_init,2.482193,0,50
5,run4_initcall.txt,mmc_blk_init,2.487943,0,37
5,run4_initcall.txt,sdhci_drv_init,2.499616,0,5843
5,run4_initcall.txt,bcm2835_mmc_driver_init,2.508473,0,2980
5,run4_initcall.txt,bcm2835_driver_init,2.514435,0,46
5,run4_initcall.txt,sdhci_pltfm_drv_init,2.523141,0,2820
5,run4_initcall.txt,sdhci_iproc_driver_init,2.529113,0,83
5,run4_initcall.txt,sdhci_brcmstb_driver_init,2.529194,0,66
5,run4_initcall.txt,esrt_sysfs_init,2.529212,-38,3
5,run4_initcall.txt,smccc_devices_init,2.529225,0,1
5,run4_initcall.txt,smccc_soc_init,2.529239,0,1
5,run4_initcall.txt,arch_timer_mmio_drv_init,2.529289,0,37
5,run4_initcall.txt,arch_timer_mmio_acpi_drv_init,2.529331,0,26
5,run4_initcall.txt,hid_init,2.529408,0,64
5,run4_initcall.txt,hid_generic_init,2.529459,0,37
5,run4_initcall.txt,hid_init,2.529516,0,45
5,run4_initcall.txt,vchiq_driver_init,2.608937,0,79411
5,run4_initcall.txt,bcm74110_mbox_driver_init,2.615341,0,104
5,run4_initcall.txt,extcon_class_init,2.62168,0,11
5,run4_initcall.txt,armv8_pmu_driver_init,2.634153,0,6606
5,run4_initcall.txt,binder_init,2.640162,0,60
5,run4_initcall.txt,rpi_otp_driver_init,2.655246,0,9157
5,run4_initcall.txt,sock_diag_init,2.661192,0,26
5,run4_initcall.txt,blackhole_init,2.667109,0,8
5,run4_initcall.txt,cls_bpf_init_mod,2.673006,0,0
5,run4_initcall.txt,gre_offload_init,2.678887,0,6
5,run4_initcall.txt,sysctl_ipv4_init,2.684827,0,80
5,run4_initcall.txt,cubictcp_register,2.690571,0,9
5,run4_initcall.txt,packet_init,2.699376,0,2956
5,run4_initcall.txt,init_rpcsec_gss,2.705272,0,18
5,run4_initcall.txt,init_kerberos_module,2.711184,0,10
5,run4_initcall.txt,dcbnl_init,2.717069,0,3
5,run4_initcall.txt,init_dns_resolver,2.725773,0,2959
5,run4_initcall.txt,handshake_init,2.731764,0,44
5,run4_initcall.txt,check_mmu_enabled_at_boot,2.737693,0,0
5,run4_initcall.txt,finalize_pkvm,2.743643,0,5
5,run4_initcall.txt,kernel_do_mounts_initrd_sysctls_init,2.752652,0,6
5,run4_initcall.txt,kernel_panic_sysctls_init,2.758535,0,13
5,run4_initcall.txt,kernel_panic_sysfs_init,2.764506,0,5
5,run4_initcall.txt,kernel_exit_sysctls_init,2.770485,0,3
5,run4_initcall.txt,kernel_exit_sysfs_init,2.776471,0,3
5,run4_initcall.txt,param_sysfs_builtin_init,2.792301,0,9850
5,run4_initcall.txt,reboot_ksysfs_init,2.798494,0,26
5,run4_initcall.txt,sched_core_sysctl_init,2.804485,0,6
5,run4_initcall.txt,sched_fair_sysctl_init,2.810493,0,2
5,run4_initcall.txt,sched_rt_sysctl_init,2.816744,0,4
5,run4_initcall.txt,sched_dl_sysctl_init,2.823326,0,648
5,run4_initcall.txt,sched_init_debug,2.829525,0,112
5,run4_initcall.txt,cpu_latency_qos_init,2.835652,0,156
5,run4_initcall.txt,printk_late_init,2.841664,0,21
5,run4_initcall.txt,init_srcu_module_notifier,2.847634,0,13
5,run4_initcall.txt,kernel_rcu_stall_sysfs_init,2.853614,0,5
5,run4_initcall.txt,swiotlb_create_default_debugfs,2.859495,0,19
5,run4_initcall.txt,tk_debug_sleep_time_init,2.865508,0,20
5,run4_initcall.txt,bpf_ksym_iter_register,2.871524,0,6
5,run4_initcall.txt,kernel_acct_sysctls_init,2.877485,0,5
5,run4_initcall.txt,bpf_rstat_kfunc_init,2.883429,0,1
5,run4_initcall.txt,debugfs_kprobe_init,2.889247,0,19
5,run4_initcall.txt,kernel_delayacct_sysctls_init,2.895178,0,4
5,run4_initcall.txt,taskstats_init,2.904106,0,2980
5,run4_initcall.txt,ftrace_sysctl_init,2.910029,0,3
5,run4_initcall.txt,bpf_kprobe_multi_kfuncs_init,2.915909,0,0
5,run4_initcall.txt,kdb_ftrace_register,2.921681,0,7
5,run4_initcall.txt,bpf_global_ma_init,2.92772,0,117
5,run4_initcall.txt,bpf_syscall_sysctl_init,2.933646,0,6
5,run4_initcall.txt,unbound_reg_init,2.939563,0,5
5,run4_initcall.txt,kfunc_init,2.945478,0,2
5,run4_initcall.txt,bpf_map_iter_init,2.951379,0,6
5,run4_initcall.txt,init_subsystem,2.957181,0,1
5,run4_initcall.txt,task_iter_init,2.963101,0,5
5,run4_initcall.txt,bpf_prog_iter_init,2.969001,0,0
5,run4_initcall.txt,bpf_link_iter_init,2.974879,0,5
5,run4_initcall.txt,init_trampolines,2.980763,0,2
5,run4_initcall.txt,rqspinlock_register_kfuncs,2.98667,0,5
5,run4_initcall.txt,kfunc_init,2.992435,0,0
5,run4_initcall.txt,bpf_cgroup_iter_init,2.998359,0,0
5,run4_initcall.txt,cpumask_kfunc_init,3.004247,0,8
5,run4_initcall.txt,crypto_kfunc_init,3.010143,0,1
5,run4_initcall.txt,bpf_kmem_cache_iter_init,3.016001,0,0
5,run4_initcall.txt,dmabuf_iter_init,3.021744,0,0
5,run4_initcall.txt,load_system_certificate_list,3.030468,0,2905
5,run4_initcall.txt,init_lru_gen,3.036342,0,23
5,run4_initcall.txt,vmstat_late_init,3.042208,0,1
5,run4_initcall.txt,fault_around_debugfs,3.048103,0,4
5,run4_initcall.txt,slab_sysfs_init,3.058027,0,4065
5,run4_initcall.txt,max_swapfiles_check,3.064074,0,0
5,run4_initcall.txt,zswap_init,3.069996,0,9
5,run4_initcall.txt,mempolicy_sysfs_init,3.075932,0,23
5,run4_initcall.txt,memory_tier_late_init,3.087815,0,5940
5,run4_initcall.txt,check_early_ioremap_leak,3.093718,0,0
5,run4_initcall.txt,mg_debugfs_init,3.099627,0,27
5,run4_initcall.txt,fscrypt_init,3.111498,0,5954
5,run4_initcall.txt,pstore_init,3.117407,0,12
5,run4_initcall.txt,init_root_keyring,3.123177,0,38
5,run4_initcall.txt,init_profile_hash,3.129078,0,0
5,run4_initcall.txt,integrity_fs_init,3.134996,0,39
5,run4_initcall.txt,crypto_algapi_init,3.140879,0,8
5,run4_initcall.txt,blk_timeout_init,3.146743,0,0
5,run4_initcall.txt,depot_debugfs_init,3.152616,0,8
5,run4_initcall.txt,pci_resource_alignment_sysfs_init,3.158345,0,6
5,run4_initcall.txt,pci_sysfs_init,3.164221,0,12
5,run4_initcall.txt,clk_debug_init,3.170488,0,404
5,run4_initcall.txt,genpd_debug_init,3.176706,0,364
5,run4_initcall.txt,sync_state_resume_initcall,3.182619,0,1
5,run4_initcall.txt,deferred_probe_initcall,3.316663,0,128345
5,run4_initcall.txt,efi_shutdown_init,3.323291,-19,136
5,run4_initcall.txt,efi_earlycon_unmap_fb,3.329961,0,17
5,run4_initcall.txt,psci_debugfs_init,3.335881,0,0
5,run4_initcall.txt,of_cfs_init,3.347151,0,5632
5,run4_initcall.txt,of_fdt_raw_init,3.352739,0,37
5,run4_initcall.txt,bpf_kfunc_init,3.358178,0,2
5,run4_initcall.txt,init_subsystem,3.363763,0,0
5,run4_initcall.txt,xdp_metadata_init,3.372238,0,0
5,run4_initcall.txt,bpf_sockmap_iter_init,3.380775,0,1
5,run4_initcall.txt,bpf_sk_storage_map_iter_init,3.386381,0,1
5,run4_initcall.txt,bpf_prog_test_run_init,3.391875,0,1
5,run4_initcall.txt,bpf_dummy_struct_ops_init,3.397484,0,0
5,run4_initcall.txt,tcp_congestion_default,3.406018,0,1
5,run4_initcall.txt,inet_blackhole_dev_init,3.406036,0,6
5,run4_initcall.txt,ip_auto_config,3.420256,0,11
5,run4_initcall.txt,tcp_bpf_v4_build_proto,3.425827,0,0
5,run4_initcall.txt,udp_bpf_v4_build_proto,3.431537,0,0
5,run4_initcall.txt,bpf_tcp_ca_kfunc_init,3.437255,0,2
5,run4_initcall.txt,bpf_mptcp_kfunc_init,3.442972,0,0
5,run4_initcall.txt,latency_fsnotify_init,3.44867,0,33
5,run4_initcall.txt,trace_eval_sync,3.454285,0,10
5,run4_initcall.txt,late_trace_init,3.459907,0,1
5,run4_initcall.txt,fb_logo_late_init,3.465754,0,5
5,run4_initcall.txt,amba_stub_drv_init,3.471743,0,33
5,run4_initcall.txt,clk_disable_unused,3.484159,0,6592
5,run4_initcall.txt,genpd_power_off_unused,3.501811,0,5751
5,run4_initcall.txt,regulator_init_complete,3.510379,0,2
5,run4_initcall.txt,of_platform_sync_state_init,3.516067,0,19
6,run5_initcall.txt,create_proc_profile,0.047291,0,0
6,run5_initcall.txt,cgroup_sysfs_init,0.047311,0,0
6,run5_initcall.txt,user_namespaces_init,0.047336,0,0
6,run5_initcall.txt,hung_task_init,0.047442,0,0
6,run5_initcall.txt,init_trace_sysctls,0.047461,0,0
6,run5_initcall.txt,trace_eval_init,0.047504,0,0
6,run5_initcall.txt,init_trace_stack_sysctls,0.047524,0,0
6,run5_initcall.txt,send_signal_irq_work_init,0.047543,0,0
6,run5_initcall.txt,dev_map_init,0.047564,0,0
6,run5_initcall.txt,netns_bpf_init,0.047584,0,0
6,run5_initcall.txt,oom_init,0.047652,0,0
6,run5_initcall.txt,init_user_buckets,0.047674,0,0
6,run5_initcall.txt,init_vm_util_sysctls,0.047695,0,0
6,run5_initcall.txt,default_bdi_init,0.047799,0,0
6,run5_initcall.txt,cgwb_init,0.047827,0,0
6,run5_initcall.txt,percpu_enable_async,0.047844,0,0
6,run5_initcall.txt,kcompactd_init,0.047952,0,0
6,run5_initcall.txt,init_mm_sysctl,0.04797,0,0
6,run5_initcall.txt,init_user_reserve,0.047988,0,0
6,run5_initcall.txt,init_admin_reserve,0.048004,0,0
6,run5_initcall.txt,init_reserve_notifier,0.048018,0,0
6,run5_initcall.txt,swap_init,0.048039,0,0
6,run5_initcall.txt,swapfile_init,0.048063,0,0
6,run5_initcall.txt,memory_tier_init,0.048114,0,0
6,run5_initcall.txt,numa_init_sysfs,0.048136,0,0
6,run5_initcall.txt,mem_cgroup_swap_init,0.048154,0,0
6,run5_initcall.txt,init_msg_buckets,0.048208,0,0
6,run5_initcall.txt,init_bio,0.048257,0,0
6,run5_initcall.txt,blk_ioc_init,0.048277,0,0
6,run5_initcall.txt,blk_mq_init,0.048295,0,0
6,run5_initcall.txt,genhd_device_init,0.048398,0,0
6,run5_initcall.txt,blkcg_punt_bio_init,0.048507,0,0
6,run5_initcall.txt,blk_integrity_auto_init,0.048581,0,0
6,run5_initcall.txt,io_wq_init,0.048602,0,0
6,run5_initcall.txt,crc_t10dif_mod_init,0.04863,0,0
6,run5_initcall.txt,sha256_mod_init,0.048651,0,0
6,run5_initcall.txt,sha512_mod_init,0.048669,0,0
6,run5_initcall.txt,sg_pool_init,0.048701,0,0
6,run5_initcall.txt,gpiolib_debugfs_init,0.048727,0,0
6,run5_initcall.txt,stmpe_gpio_init,0.048831,0,0
6,run5_initcall.txt,pwm_init,0.048861,0,0
6,run5_initcall.txt,leds_init,0.048896,0,0
6,run5_initcall.txt,pci_slot_init,0.04892,0,0
6,run5_initcall.txt,fbmem_init,0.048976,0,0
6,run5_initcall.txt,bcm2835_dma_init,0.049718,0,0
6,run5_initcall.txt,regulator_fixed_voltage_init,0.049802,0,0
6,run5_initcall.txt,gpio_regulator_init,0.049858,0,0
6,run5_initcall.txt,init_sysrq_sysctl,0.049883,0,0
6,run5_initcall.txt,misc_init,0.049914,0,0
6,run5_initcall.txt,iommu_subsys_init,0.049946,0,0
6,run5_initcall.txt,register_cpu_capacity_sysctl,0.050497,0,0
6,run5_initcall.txt,dma_buf_init,0.050626,0,0
6,run5_initcall.txt,dma_heap_init,0.050668,0,0
6,run5_initcall.txt,init_scsi,0.050771,0,0
6,run5_initcall.txt,mdio_bus_init,0.050802,0,0
6,run5_initcall.txt,phy_init,0.050849,0,0
6,run5_initcall.txt,usb_common_init,0.050871,0,0
6,run5_initcall.txt,usb_init,0.050984,0,0
6,run5_initcall.txt,usb_phy_generic_init,0.051164,0,0
6,run5_initcall.txt,usb_udc_init,0.051212,0,0
6,run5_initcall.txt,usb_roles_init,0.051236,0,0
6,run5_initcall.txt,input_init,0.051269,0,0
6,run5_initcall.txt,rtc_init,0.051293,0,0
6,run5_initcall.txt,rc_core_init,0.051321,0,0
6,run5_initcall.txt,pps_init,0.051358,0,0
6,run5_initcall.txt,ptp_init,0.051384,0,0
6,run5_initcall.txt,power_supply_class_init,0.051414,0,0
6,run5_initcall.txt,hwmon_init,0.051438,0,0
6,run5_initcall.txt,mmc_init,0.05148,0,0
6,run5_initcall.txt,dmi_init,0.051498,0,0
6,run5_initcall.txt,efisubsys_init,0.051517,0,0
6,run5_initcall.txt,arm_pmu_hp_init,0.051539,0,0
6,run5_initcall.txt,ras_init,0.051561,0,0
6,run5_initcall.txt,nvmem_init,0.051602,0,0
6,run5_initcall.txt,init_soundcore,0.051623,0,0
6,run5_initcall.txt,proto_init,0.051645,0,0
6,run5_initcall.txt,net_dev_init,0.051885,0,0
6,run5_initcall.txt,neigh_init,0.051905,0,0
6,run5_initcall.txt,fib_notifier_init,0.051923,0,0
6,run5_initcall.txt,netdev_genl_init,0.051964,0,0
6,run5_initcall.txt,page_pool_user_init,0.051982,0,0
6,run5_initcall.txt,fib_rules_init,0.052,0,0
6,run5_initcall.txt,init_cgroup_netprio,0.052017,0,0
6,run5_initcall.txt,bpf_lwt_init,0.052033,0,0
6,run5_initcall.txt,pktsched_init,0.052053,0,0
6,run5_initcall.txt,tc_filter_init,0.052086,0,0
6,run5_initcall.txt,tc_action_init,0.052103,0,0
6,run5_initcall.txt,ethnl_init,0.052174,0,0
6,run5_initcall.txt,nexthop_init,0.052197,0,0
6,run5_initcall.txt,devlink_init,0.052282,0,0
6,run5_initcall.txt,wireless_nlevent_init,0.052302,0,0
6,run5_initcall.txt,vsprintf_init_hashval,0.052323,0,0
6,run5_initcall.txt,init_32bit_el0_mask,0.052343,0,0
6,run5_initcall.txt,vga_arb_device_init,0.052478,0,0
6,run5_initcall.txt,watchdog_init,0.052599,0,0
6,run5_initcall.txt,create_debug_debugfs_entry,0.052713,0,0
6,run5_initcall.txt,iomem_init_inode,0.052763,0,0
6,run5_initcall.txt,clocksource_done_booting,0.052814,0,13
6,run5_initcall.txt,tracer_init_tracefs,0.052844,0,10
6,run5_initcall.txt,init_trace_printk_function_export,0.052909,0,46
6,run5_initcall.txt,init_graph_tracefs,0.052933,0,2
6,run5_initcall.txt,bpf_event_init,0.052952,0,1
6,run5_initcall.txt,init_kprobe_trace,0.432009,0,379036
6,run5_initcall.txt,init_dynamic_event,0.432136,0,5
6,run5_initcall.txt,bpf_init,0.432172,0,16
6,run5_initcall.txt,secretmem_init,0.432246,0,54
6,run5_initcall.txt,init_fs_stat_sysctls,0.432284,0,19
6,run5_initcall.txt,init_fs_exec_sysctls,0.432303,0,1
6,run5_initcall.txt,init_pipe_fs,0.43234,0,14
6,run5_initcall.txt,init_fs_namei_sysctls,0.432373,0,13
6,run5_initcall.txt,init_fs_dcache_sysctls,0.432402,0,11
6,run5_initcall.txt,init_fs_namespace_sysctls,0.432425,0,1
6,run5_initcall.txt,cgroup_writeback_init,0.432453,0,8
6,run5_initcall.txt,inotify_user_setup,0.432488,0,16
6,run5_initcall.txt,eventpoll_init,0.432528,0,20
6,run5_initcall.txt,anon_inode_init,0.432561,0,12
6,run5_initcall.txt,proc_locks_init,0.432586,0,5
6,run5_initcall.txt,backing_aio_init,0.432608,0,2
6,run5_initcall.txt,init_fs_coredump_sysctls,0.432637,0,9
6,run5_initcall.txt,init_vm_drop_caches_sysctls,0.432661,0,3
6,run5_initcall.txt,iomap_dio_init,0.432704,0,23
6,run5_initcall.txt,iomap_ioend_init,0.432754,0,30
6,run5_initcall.txt,dquot_init,0.432986,0,211
6,run5_initcall.txt,proc_cmdline_init,0.433015,0,3
6,run5_initcall.txt,proc_consoles_init,0.433036,0,1
6,run5_initcall.txt,proc_cpuinfo_init,0.433057,0,1
6,run5_initcall.txt,proc_devices_init,0.433079,0,1
6,run5_initcall.txt,proc_interrupts_init,0.4331,0,1
6,run5_initcall.txt,proc_loadavg_init,0.43312,0,1
6,run5_initcall.txt,proc_meminfo_init,0.43314,0,1
6,run5_initcall.txt,proc_stat_init,0.433161,0,1
6,run5_initcall.txt,proc_uptime_init,0.433181,0,1
6,run5_initcall.txt,proc_version_init,0.433201,0,1
6,run5_initcall.txt,proc_softirqs_init,0.433221,0,1
6,run5_initcall.txt,proc_kmsg_init,0.43324,0,1
6,run5_initcall.txt,proc_page_init,0.433257,0,3
6,run5_initcall.txt,init_ramfs_fs,0.433273,0,2
6,run5_initcall.txt,aa_create_aafs,0.43329,0,0
6,run5_initcall.txt,chr_dev_init,0.436414,0,3104
6,run5_initcall.txt,hwrng_modinit,0.436495,0,46
6,run5_initcall.txt,firmware_class_init,0.436517,0,1
6,run5_initcall.txt,sysctl_core_init,0.436566,0,30
6,run5_initcall.txt,eth_offload_init,0.436587,0,0
6,run5_initcall.txt,ipv4_offload_init,0.436606,0,2
6,run5_initcall.txt,inet_init,0.440614,0,3992
6,run5_initcall.txt,af_unix_init,0.440682,0,30
6,run5_initcall.txt,ipv6_offload_init,0.440703,0,2
6,run5_initcall.txt,init_sunrpc,0.441206,0,485
6,run5_initcall.txt,vlan_offload_init,0.441228,0,1
6,run5_initcall.txt,pci_apply_final_quirks,0.441258,0,12
6,run5_initcall.txt,populate_rootfs,0.441282,0,6
6,run5_initcall.txt,register_arm64_panic_block,0.441398,0,1
6,run5_initcall.txt,cpuinfo_regs_init,0.44499,0,3567
6,run5_initcall.txt,aarch32_el0_sysfs_init,0.44506,0,0
6,run5_initcall.txt,kvm_arm_init,0.449219,0,4129
6,run5_initcall.txt,proc_execdomains_init,0.449267,0,4
6,run5_initcall.txt,register_warn_debugfs,0.44929,0,6
6,run5_initcall.txt,cpuhp_sysfs_init,0.449336,0,28
6,run5_initcall.txt,ioresources_init,0.449357,0,3
6,run5_initcall.txt,psi_proc_init,0.449376,0,1
6,run5_initcall.txt,irq_gc_init_ops,0.449394,0,0
6,run5_initcall.txt,irq_debugfs_init,0.449505,0,92
6,run5_initcall.txt,proc_modules_init,0.449542,0,3
6,run5_initcall.txt,timer_sysctl_init,0.449572,0,10
6,run5_initcall.txt,timekeeping_init_ops,0.449589,0,0
6,run5_initcall.txt,init_clocksource_sysfs,0.44968,0,75
6,run5_initcall.txt,init_timer_list_procfs,0.449701,0,3
6,run5_initcall.txt,alarmtimer_init,0.44978,0,63
6,run5_initcall.txt,clockevents_init_sysfs,0.449921,0,124
6,run5_initcall.txt,sched_clock_syscore_init,0.44994,0,0
6,run5_initcall.txt,kallsyms_init,0.449964,0,2
6,run5_initcall.txt,pid_namespaces_init,0.45003,0,50
6,run5_initcall.txt,audit_watch_init,0.45005,0,1
6,run5_initcall.txt,audit_fsnotify_init,0.450065,0,0
6,run5_initcall.txt,audit_tree_init,0.450083,0,2
6,run5_initcall.txt,seccomp_sysctl_init,0.450105,0,6
6,run5_initcall.txt,utsname_sysctl_init,0.450129,0,7
6,run5_initcall.txt,init_tracepoints,0.450147,0,2
6,run5_initcall.txt,init_lstats_procfs,0.45017,0,4
6,run5_initcall.txt,stack_trace_init,0.45021,0,21
6,run5_initcall.txt,init_blk_tracer,0.450257,0,28
6,run5_initcall.txt,perf_event_sysfs_init,0.450393,0,115
6,run5_initcall.txt,system_trusted_keyring_init,0.450436,0,19
6,run5_initcall.txt,kswapd_init,0.450733,0,274
6,run5_initcall.txt,extfrag_debug_init,0.450825,0,52
6,run5_initcall.txt,mm_compute_batch_init,0.450847,0,0
6,run5_initcall.txt,slab_proc_init,0.450876,0,10
6,run5_initcall.txt,workingset_init,0.450902,0,10
6,run5_initcall.txt,proc_vmalloc_init,0.45092,0,2
6,run5_initcall.txt,memblock_init_debugfs,0.450942,0,6
6,run5_initcall.txt,slab_debugfs_init,0.450976,0,17
6,run5_initcall.txt,procswaps_init,0.450996,0,2
6,run5_initcall.txt,zs_init,0.451014,0,0
6,run5_initcall.txt,fcntl_init,0.451038,0,6
6,run5_initcall.txt,proc_filesystems_init,0.451057,0,1
6,run5_initcall.txt,start_dirtytime_writeback,0.451087,0,11
6,run5_initcall.txt,dio_init,0.45111,0,3
6,run5_initcall.txt,dnotify_init,0.451162,0,33
6,run5_initcall.txt,fanotify_user_setup,0.451194,0,12
6,run5_initcall.txt,aio_setup,0.451282,0,67
6,run5_initcall.txt,mbcache_init,0.451313,0,5
6,run5_initcall.txt,init_grace,0.451334,0,2
6,run5_initcall.txt,init_devpts_fs,0.451365,0,14
6,run5_initcall.txt,ext4_init_fs,0.451474,0,93
6,run5_initcall.txt,journal_init,0.45151,0,16
6,run5_initcall.txt,init_fat_fs,0.451531,0,5
6,run5_initcall.txt,init_vfat_fs,0.451547,0,0
6,run5_initcall.txt,init_msdos_fs,0.451561,0,0
6,run5_initcall.txt,init_nfs_fs,0.451885,0,306
6,run5_initcall.txt,init_nfs_v2,0.451915,0,0
6,run5_initcall.txt,init_nfs_v3,0.45193,0,0
6,run5_initcall.txt,init_nfs_v4,0.451985,0,41
6,run5_initcall.txt,nfs4filelayout_init,0.452009,0,6
6,run5_initcall.txt,nfs4flexfilelayout_init,0.452033,0,8
6,run5_initcall.txt,init_nlm,0.452092,0,42
6,run5_initcall.txt,init_nls_cp437,0.452116,0,0
6,run5_initcall.txt,init_nls_ascii,0.452131,0,0
6,run5_initcall.txt,init_autofs_fs,0.45234,0,192
6,run5_initcall.txt,init_f2fs_fs,0.45252,0,159
6,run5_initcall.txt,ipc_init,0.452556,0,16
6,run5_initcall.txt,ipc_sysctl_init,0.452603,0,29
6,run5_initcall.txt,init_mqueue_fs,0.452675,0,55
6,run5_initcall.txt,key_proc_init,0.452701,0,6
6,run5_initcall.txt,bpf_crypto_skcipher_init,0.452725,0,1
6,run5_initcall.txt,dh_init,0.452745,0,2
6,run5_initcall.txt,rsa_init,0.452762,0,1
6,run5_initcall.txt,cryptomgr_init,0.45278,0,1
6,run5_initcall.txt,hmac_module_init,0.452798,0,0
6,run5_initcall.txt,crypto_sha256_mod_init,0.452851,0,4
6,run5_initcall.txt,crypto_ecb_module_init,0.45287,0,0
6,run5_initcall.txt,crypto_cbc_module_init,0.452888,0,0
6,run5_initcall.txt,crypto_cts_module_init,0.452908,0,0
6,run5_initcall.txt,xts_module_init,0.452925,0,0
6,run5_initcall.txt,des_generic_mod_init,0.452947,0,3
6,run5_initcall.txt,aes_init,0.452965,0,0
6,run5_initcall.txt,lzo_mod_init,0.452984,0,1
6,run5_initcall.txt,lzorle_mod_init,0.453002,0,1
6,run5_initcall.txt,asymmetric_key_init,0.453026,0,6
6,run5_initcall.txt,x509_key_init,0.453049,0,6
6,run5_initcall.txt,crypto_kdf108_init,0.453067,0,0
6,run5_initcall.txt,blkdev_init,0.453117,0,32
6,run5_initcall.txt,proc_genhd_init,0.453142,0,5
6,run5_initcall.txt,bsg_init,0.45319,0,31
6,run5_initcall.txt,throtl_init,0.453376,0,167
6,run5_initcall.txt,deadline_init,0.45341,0,8
6,run5_initcall.txt,kyber_init,0.453433,0,5
6,run5_initcall.txt,bfq_init,0.4535,0,44
6,run5_initcall.txt,io_uring_init,0.453555,0,36
6,run5_initcall.txt,btree_module_init,0.453579,0,3
6,run5_initcall.txt,percpu_counter_startup,0.453663,0,64
6,run5_initcall.txt,audit_classes_init,0.453691,0,6
6,run5_initcall.txt,gicv5_iwb_platform_driver_init,0.453826,0,116
6,run5_initcall.txt,mip_msi_driver_init,0.453886,0,37
6,run5_initcall.txt,bcm7038_l1_driver_init,0.453945,0,39
6,run5_initcall.txt,bcm7120_l2_driver_init,0.454028,0,55
6,run5_initcall.txt,brcmstb_l2_driver_init,0.454435,0,385
6,run5_initcall.txt,simple_pm_bus_driver_init,0.455134,0,673
6,run5_initcall.txt,phy_core_init,0.455193,0,28
6,run5_initcall.txt,brcm_usb_driver_init,0.455295,0,82
6,run5_initcall.txt,rp1_pinctrl_driver_init,0.455351,0,34
6,run5_initcall.txt,bcm2835_pinctrl_driver_init,0.456739,0,1368
6,run5_initcall.txt,bcm2712_pinctrl_driver_init,0.456894,0,119
6,run5_initcall.txt,brcmvirt_gpio_driver_init,0.456957,0,39
6,run5_initcall.txt,brcmstb_gpio_driver_init,0.457015,0,36
6,run5_initcall.txt,rpi_exp_gpio_driver_init,0.457634,0,597
6,run5_initcall.txt,brcmstb_pwm_driver_init,0.457715,0,51
6,run5_initcall.txt,rp1_pwm_driver_init,0.457782,0,36
6,run5_initcall.txt,gpio_led_driver_init,0.674839,0,217035
6,run5_initcall.txt,led_pwm_driver_init,0.674973,0,96
6,run5_initcall.txt,timer_led_trigger_init,0.675001,0,3
6,run5_initcall.txt,oneshot_led_trigger_init,0.675021,0,0
6,run5_initcall.txt,heartbeat_trig_init,0.675046,0,4
6,run5_initcall.txt,bl_led_trigger_init,0.675075,0,0
6,run5_initcall.txt,ledtrig_cpu_init,0.675217,0,123
6,run5_initcall.txt,defon_led_trigger_init,0.675313,0,71
6,run5_initcall.txt,input_trig_init,0.675339,0,1
6,run5_initcall.txt,ledtrig_panic_init,0.675363,0,3
6,run5_initcall.txt,actpwr_trig_init,0.678884,0,3498
6,run5_initcall.txt,pcie_portdrv_init,0.679027,0,81
6,run5_initcall.txt,pci_proc_init,0.679058,0,11
6,run5_initcall.txt,brcm_pcie_driver_init,0.793821,0,114746
6,run5_initcall.txt,bcm2708_fb_init,0.793913,0,70
6,run5_initcall.txt,simplefb_driver_init,0.820046,0,26116
6,run5_initcall.txt,of_fixed_factor_clk_driver_init,0.82014,0,41
6,run5_initcall.txt,of_fixed_clk_driver_init,0.820224,0,35
6,run5_initcall.txt,gpio_clk_driver_init,0.820314,0,43
6,run5_initcall.txt,gated_fixed_clk_driver_init,0.820397,0,35
6,run5_initcall.txt,rp1_clk_driver_init,0.820488,0,36
6,run5_initcall.txt,rp1_sdio_clk_driver_init,0.82057,0,35
6,run5_initcall.txt,clk_dvp_driver_init,0.820773,0,158
6,run5_initcall.txt,bcm2835_aux_clk_driver_init,0.820906,0,68
6,run5_initcall.txt,raspberrypi_clk_driver_init,0.836387,0,15430
6,run5_initcall.txt,dw_driver_init,0.836486,0,50
6,run5_initcall.txt,bcm2835_power_driver_init,0.836556,0,23
6,run5_initcall.txt,rpi_power_driver_init,0.838,0,1398
6,run5_initcall.txt,brcmstb_reset_driver_init,0.838097,0,42
6,run5_initcall.txt,brcm_rescal_reset_driver_init,0.838184,0,36
6,run5_initcall.txt,rpi_reset_driver_init,0.83835,0,117
6,run5_initcall.txt,reset_simple_driver_init,0.83848,0,81
6,run5_initcall.txt,n_null_init,0.838528,0,0
6,run5_initcall.txt,pty_init,0.838666,0,96
6,run5_initcall.txt,sysrq_init,0.838725,0,15
6,run5_initcall.txt,serial8250_init,0.838771,-19,0
6,run5_initcall.txt,bcm2835aux_serial_driver_init,0.838864,0,42
6,run5_initcall.txt,brcmuart_init,0.838969,0,56
6,run5_initcall.txt,exar_pci_driver_init,0.839043,0,27
6,run5_initcall.txt,of_platform_serial_driver_init,0.839189,0,98
6,run5_initcall.txt,serial_pci_driver_init,0.839266,0,27
6,run5_initcall.txt,pericom8250_pci_driver_init,0.839334,0,18
6,run5_initcall.txt,init_kgdboc,0.839486,0,104
6,run5_initcall.txt,random_sysctls_init,0.839546,0,14
6,run5_initcall.txt,ttyprintk_init,0.839647,0,54
6,run5_initcall.txt,bcm2835_rng_driver_init,0.839754,0,58
6,run5_initcall.txt,bcm74110_rng_driver_init,0.839842,0,39
6,run5_initcall.txt,iproc_rng200_driver_init,0.840174,0,282
6,run5_initcall.txt,smccc_trng_driver_init,0.840252,0,27
6,run5_initcall.txt,vc_mem_init,0.840428,0,127
6,run5_initcall.txt,vcio_driver_init,0.843445,0,2968
6,run5_initcall.txt,bcm2712_iommu_driver_init,0.848502,0,52
6,run5_initcall.txt,bcm2712_iommu_cache_driver_init,0.853721,0,42
6,run5_initcall.txt,topology_sysfs_init,0.858981,0,67
6,run5_initcall.txt,cacheinfo_sysfs_init,0.864458,0,254
6,run5_initcall.txt,devcoredump_init,0.869714,0,10
6,run5_initcall.txt,brd_init,0.88156,0,6586
6,run5_initcall.txt,loop_init,0.892245,0,5425
6,run5_initcall.txt,bcm2835_pm_driver_init,0.900276,0,2768
6,run5_initcall.txt,stmpe_i2c_driver_init,0.905539,0,17
6,run5_initcall.txt,stmpe_spi_driver_init,0.910796,0,15
6,run5_initcall.txt,rp1_driver_init,0.915896,0,28
6,run5_initcall.txt,system_heap_create,0.921223,0,104
6,run5_initcall.txt,add_default_cma_heap,0.926545,0,94
6,run5_initcall.txt,udmabuf_dev_init,0.931822,0,44
6,run5_initcall.txt,iscsi_transport_init,0.939921,0,2856
6,run5_initcall.txt,init_sd,0.94519,0,28
6,run5_initcall.txt,nvme_core_init,0.950502,0,271
6,run5_initcall.txt,nvme_init,0.955794,0,33
6,run5_initcall.txt,blackhole_netdev_init,0.961057,0,21
6,run5_initcall.txt,netkit_init,0.966312,0,7
6,run5_initcall.txt,phylink_init,0.971549,0,0
6,run5_initcall.txt,phy_module_init,0.976967,0,190
6,run5_initcall.txt,phy_module_init,0.982191,0,183
6,run5_initcall.txt,fixed_mdio_bus_init,0.987582,0,163
6,run5_initcall.txt,phy_module_init,0.992982,0,176
6,run5_initcall.txt,phy_module_init,0.998327,0,39
6,run5_initcall.txt,phy_module_init,1.003722,0,66
6,run5_initcall.txt,unimac_mdio_driver_init,1.009233,0,142
6,run5_initcall.txt,macb_driver_init,1.014635,0,117
6,run5_initcall.txt,bcmgenet_driver_init,1.232474,0,212370
6,run5_initcall.txt,bcmasp_driver_init,1.238245,0,99
6,run5_initcall.txt,lan78xx_driver_init,1.2468,0,2870
6,run5_initcall.txt,smsc95xx_driver_init,1.255356,0,2906
6,run5_initcall.txt,usbnet_init,1.261153,0,0
6,run5_initcall.txt,xhci_hcd_init,1.266962,0,19
6,run5_initcall.txt,xhci_pci_init,1.444,0,171262
6,run5_initcall.txt,xhci_plat_init,1.449631,0,132
6,run5_initcall.txt,dwc_otg_driver_init,1.466428,0,11151
6,run5_initcall.txt,dwc_common_port_init_module,1.474952,0,2932
6,run5_initcall.txt,dwc3_driver_init,1.480553,0,66
6,run5_initcall.txt,dwc3_haps_driver_init,1.486104,0,34
6,run5_initcall.txt,dwc3_of_simple_driver_init,1.491731,0,65
6,run5_initcall.txt,dwc3_generic_driver_init,1.497342,0,42
6,run5_initcall.txt,dwc2_platform_driver_init,1.503056,0,148
6,run5_initcall.txt,uas_init,1.511542,0,2916
6,run5_initcall.txt,usb_storage_driver_init,1.519738,0,2795
6,run5_initcall.txt,brcmstb_usb_pinmap_init,1.525371,-19,82
6,run5_initcall.txt,bdc_driver_init,1.531,0,50
6,run5_initcall.txt,input_leds_init,1.536593,0,1
6,run5_initcall.txt,mousedev_init,1.545978,0,3472
6,run5_initcall.txt,evdev_init,1.551439,0,0
6,run5_initcall.txt,brcmstb_waketmr_driver_init,1.55718,0,98
6,run5_initcall.txt,rpi_rtc_driver_init,1.562806,0,42
6,run5_initcall.txt,init_rc_map_adstech_dvb_t_pci,1.568397,0,1
6,run5_initcall.txt,init_rc_map_alink_dtu_m,1.573985,0,0
6,run5_initcall.txt,init_rc_map_anysee,1.579718,0,156
6,run5_initcall.txt,init_rc_map_apac_viewcomp,1.585141,0,0
6,run5_initcall.txt,init_rc_map_t2hybrid,1.590701,0,0
6,run5_initcall.txt,init_rc_map_asus_pc39,1.596272,0,0
6,run5_initcall.txt,init_rc_map_asus_ps3_100,1.601847,0,0
6,run5_initcall.txt,init_rc_map_ati_tv_wonder_hd_600,1.607469,0,87
6,run5_initcall.txt,init_rc_map_ati_x10,1.613004,0,0
6,run5_initcall.txt,init_rc_map_avermedia_a16d,1.618381,0,0
6,run5_initcall.txt,init_rc_map_avermedia_cardbus,1.62389,0,0
6,run5_initcall.txt,init_rc_map_avermedia_dvbt,1.629385,0,0
6,run5_initcall.txt,init_rc_map_avermedia_m135a,1.634879,0,0
6,run5_initcall.txt,init_rc_map_avermedia_m733a_rm_k6,1.640356,0,0
6,run5_initcall.txt,init_rc_map_avermedia,1.645902,0,0
6,run5_initcall.txt,init_rc_map_avermedia_rm_ks,1.651236,0,0
6,run5_initcall.txt,init_rc_map_avertv_303,1.656727,0,0
6,run5_initcall.txt,init_rc_map_azurewave_ad_tu700,1.66498,0,2777
6,run5_initcall.txt,init_rc_map_beelink_gs1,1.670509,0,0
6,run5_initcall.txt,init_rc_map_beelink_mxiii,1.676039,0,0
6,run5_initcall.txt,init_rc_map_behold_columbus,1.681393,0,0
6,run5_initcall.txt,init_rc_map_behold,1.686899,0,0
6,run5_initcall.txt,init_rc_map_budget_ci_old,1.692386,0,0
6,run5_initcall.txt,init_rc_map_cinergy_1400,1.697865,0,0
6,run5_initcall.txt,init_rc_map_cinergy,1.703344,0,0
6,run5_initcall.txt,init_rc_map_ct_90405,1.708786,0,0
6,run5_initcall.txt,init_rc_map_d680_dmb,1.714128,0,0
6,run5_initcall.txt,init_rc_map_delock_61959,1.719501,0,0
6,run5_initcall.txt,init_rc_map,1.724923,0,0
6,run5_initcall.txt,init_rc_map,1.730325,0,0
6,run5_initcall.txt,init_rc_map_digitalnow_tinytwin,1.735765,0,0
6,run5_initcall.txt,init_rc_map_digittrade,1.741204,0,0
6,run5_initcall.txt,init_rc_map_dm1105_nec,1.746615,0,0
6,run5_initcall.txt,init_rc_map_dntv_live_dvb_t,1.751876,0,0
6,run5_initcall.txt,init_rc_map_dntv_live_dvbt_pro,1.757284,0,0
6,run5_initcall.txt,init_rc_map_dreambox,1.762695,0,0
6,run5_initcall.txt,init_rc_map_dtt200u,1.768106,0,0
6,run5_initcall.txt,init_rc_map_rc5_dvbsky,1.773539,0,0
6,run5_initcall.txt,init_rc_map_dvico_mce,1.778966,0,0
6,run5_initcall.txt,init_rc_map_dvico_portable,1.784234,0,0
6,run5_initcall.txt,init_rc_map_em_terratec,1.789749,0,0
6,run5_initcall.txt,init_rc_map_encore_enltv2,1.795166,0,0
6,run5_initcall.txt,init_rc_map_encore_enltv_fm53,1.800641,0,0
6,run5_initcall.txt,init_rc_map_encore_enltv,1.806142,0,0
6,run5_initcall.txt,init_rc_map_evga_indtube,1.816924,0,0
6,run5_initcall.txt,init_rc_map_eztv,1.825474,0,1
6,run5_initcall.txt,init_rc_map_flydvb,1.836549,0,0
6,run5_initcall.txt,init_rc_map_flyvideo,1.842099,0,0
6,run5_initcall.txt,init_rc_map_fusionhdtv_mce,1.852937,0,0
6,run5_initcall.txt,init_rc_map_gadmei_rm008z,1.858426,0,0
6,run5_initcall.txt,init_rc_map_geekbox,1.86392,0,0
6,run5_initcall.txt,init_rc_map_genius_tvgo_a11mce,1.869401,0,0
6,run5_initcall.txt,init_rc_map_gotview7135,1.874879,0,0
6,run5_initcall.txt,init_rc_map_rc5_hauppauge_new,1.88031,0,0
6,run5_initcall.txt,init_rc_map_hisi_poplar,1.885673,0,0
6,run5_initcall.txt,init_rc_map_hisi_tv_demo,1.89116,0,0
6,run5_initcall.txt,init_rc_map_imon_mce,1.896617,0,0
6,run5_initcall.txt,init_rc_map_imon_pad,1.902064,0,0
6,run5_initcall.txt,init_rc_map_imon_rsc,1.907504,0,0
6,run5_initcall.txt,init_rc_map_iodata_bctv7e,1.912932,0,0
6,run5_initcall.txt,init_rc_it913x_v1_map,1.918176,0,0
6,run5_initcall.txt,init_rc_it913x_v2_map,1.923599,0,1
6,run5_initcall.txt,init_rc_map_kaiomy,1.929008,0,0
6,run5_initcall.txt,init_rc_map_khadas,1.93439,0,0
6,run5_initcall.txt,init_rc_map_khamsin,1.939784,0,0
6,run5_initcall.txt,init_rc_map_kworld_315u,1.945203,0,42
6,run5_initcall.txt,init_rc_map_kworld_pc150u,1.95052,0,39
6,run5_initcall.txt,init_rc_map_kworld_plus_tv_analog,1.955991,0,55
6,run5_initcall.txt,init_rc_map_leadtek_y04g0051,1.961441,0,0
6,run5_initcall.txt,init_rc_lme2510_map,1.966835,0,13
6,run5_initcall.txt,init_rc_map_manli,1.972222,0,0
6,run5_initcall.txt,init_rc_map_mecool_kiii_pro,1.977649,0,0
6,run5_initcall.txt,init_rc_map_mecool_kii_pro,1.982899,0,0
6,run5_initcall.txt,init_rc_map_medion_x10_digitainer,1.98831,0,0
6,run5_initcall.txt,init_rc_map_medion_x10,1.993722,0,0
6,run5_initcall.txt,init_rc_map_medion_x10_or2x,1.999114,0,0
6,run5_initcall.txt,init_rc_map_minix_neo,2.004491,0,0
6,run5_initcall.txt,init_rc_map_msi_digivox_iii,2.009878,0,0
6,run5_initcall.txt,init_rc_map_msi_digivox_ii,2.015108,0,0
6,run5_initcall.txt,init_rc_map_msi_tvanywhere,2.020475,0,0
6,run5_initcall.txt,init_rc_map_msi_tvanywhere_plus,2.026064,0,228
6,run5_initcall.txt,init_rc_map_mygica_utv3,2.031384,0,0
6,run5_initcall.txt,init_rc_map_nebula,2.036731,0,0
6,run5_initcall.txt,init_rc_map_nec_terratec_cinergy_xs,2.04208,0,0
6,run5_initcall.txt,init_rc_map_norwood,2.047345,0,0
6,run5_initcall.txt,init_rc_map_npgtech,2.052613,0,0
6,run5_initcall.txt,init_rc_map_odroid,2.057941,0,0
6,run5_initcall.txt,init_rc_map_pctv_sedna,2.063263,0,0
6,run5_initcall.txt,init_rc_map_pine64,2.068593,0,0
6,run5_initcall.txt,init_rc_map_pinnacle_color,2.073931,0,0
6,run5_initcall.txt,init_rc_map_pinnacle_grey,2.079244,0,0
6,run5_initcall.txt,init_rc_map_pinnacle_pctv_hd,2.084423,0,0
6,run5_initcall.txt,init_rc_map_pixelview,2.089729,0,0
6,run5_initcall.txt,init_rc_map_pixelview,2.095037,0,0
6,run5_initcall.txt,init_rc_map_pixelview_new,2.100358,0,0
6,run5_initcall.txt,init_rc_map_pixelview,2.105681,0,0
6,run5_initcall.txt,init_rc_map_powercolor_real_angel,2.111012,0,0
6,run5_initcall.txt,init_rc_map_proteus_2309,2.116187,0,0
6,run5_initcall.txt,init_rc_map_purpletv,2.121503,0,0
6,run5_initcall.txt,init_rc_map_pv951,2.126839,0,0
6,run5_initcall.txt,init_rc_map_rc6_mce,2.132156,0,0
6,run5_initcall.txt,init_rc_map_real_audio_220_32_keys,2.137521,0,0
6,run5_initcall.txt,init_rc_map_reddo,2.142886,0,0
6,run5_initcall.txt,init_rc_map_siemens_gigaset_rc20,2.148069,0,0
6,run5_initcall.txt,init_rc_map_snapstream_firefly,2.153402,0,0
6,run5_initcall.txt,init_rc_map_streamzap,2.158722,0,0
6,run5_initcall.txt,init_rc_map_su3000,2.164034,0,0
6,run5_initcall.txt,init_rc_map_tanix_tx3mini,2.169362,0,0
6,run5_initcall.txt,init_rc_map_tanix_tx5max,2.174659,0,0
6,run5_initcall.txt,init_rc_map_tbs_nec,2.179954,0,0
6,run5_initcall.txt,init_rc_map,2.185125,0,0
6,run5_initcall.txt,init_rc_map,2.190425,0,0
6,run5_initcall.txt,init_rc_map_terratec_cinergy_c_pci,2.195753,0,0
6,run5_initcall.txt,init_rc_map_terratec_cinergy_s2_hd,2.201066,0,0
6,run5_initcall.txt,init_rc_map_terratec_cinergy_xs,2.206365,0,0
6,run5_initcall.txt,init_rc_map_terratec_slim_2,2.211678,0,0
6,run5_initcall.txt,init_rc_map_terratec_slim,2.216864,0,0
6,run5_initcall.txt,init_rc_map_tevii_nec,2.222189,0,0
6,run5_initcall.txt,init_rc_map_tivo,2.227531,0,0
6,run5_initcall.txt,init_rc_map_total_media_in_hand_02,2.232854,0,0
6,run5_initcall.txt,init_rc_map_total_media_in_hand,2.238146,0,0
6,run5_initcall.txt,init_rc_map_trekstor,2.24345,0,0
6,run5_initcall.txt,init_rc_map_tt_1500,2.248599,0,0
6,run5_initcall.txt,init_rc_map_twinhan_vp1027,2.253896,0,0
6,run5_initcall.txt,init_rc_map_twinhan_dtv_cab_ci,2.259225,0,0
6,run5_initcall.txt,init_rc_map_vega_s9x,2.264542,0,0
6,run5_initcall.txt,init_rc_map_videomate_k100,2.269846,0,0
6,run5_initcall.txt,init_rc_map_videomate_s350,2.275166,0,0
6,run5_initcall.txt,init_rc_map_videomate_tv_pvr,2.280409,0,0
6,run5_initcall.txt,init_rc_map_kii_pro,2.285621,0,0
6,run5_initcall.txt,init_rc_map_wetek_hub,2.290933,0,0
6,run5_initcall.txt,init_rc_map_wetek_play2,2.296236,0,0
6,run5_initcall.txt,init_rc_map_winfast,2.301565,0,0
6,run5_initcall.txt,init_rc_map_winfast_usbii_deluxe,2.306902,0,0
6,run5_initcall.txt,init_rc_map_x96max,2.312221,0,0
6,run5_initcall.txt,init_rc_map,2.31739,0,0
6,run5_initcall.txt,init_rc_map,2.322699,0,0
6,run5_initcall.txt,init_rc_map_zx_irdec,2.328006,0,0
6,run5_initcall.txt,ptp_kvm_init,2.333314,-95,1
6,run5_initcall.txt,gpio_poweroff_driver_init,2.338716,0,108
6,run5_initcall.txt,bcm2711_thermal_driver_init,2.347018,0,2975
6,run5_initcall.txt,bcm2835_thermal_driver_init,2.352315,0,64
6,run5_initcall.txt,bcm2835_wdt_driver_init,2.357685,0,30
6,run5_initcall.txt,dt_cpufreq_platdrv_init,2.363082,0,33
6,run5_initcall.txt,brcm_avs_cpufreq_platdrv_init,2.368499,0,44
6,run5_initcall.txt,raspberrypi_cpufreq_driver_init,2.380203,0,6299
6,run5_initcall.txt,mmc_pwrseq_simple_driver_init,2.385606,0,100
6,run5_initcall.txt,mmc_pwrseq_emmc_driver_init,2.391116,0,46
6,run5_initcall.txt,mmc_blk_init,2.396592,0,34
6,run5_initcall.txt,sdhci_drv_init,2.407545,0,5490
6,run5_initcall.txt,bcm2835_mmc_driver_init,2.415659,0,2624
6,run5_initcall.txt,bcm2835_driver_init,2.421265,0,45
6,run5_initcall.txt,sdhci_pltfm_drv_init,2.429603,0,2778
6,run5_initcall.txt,sdhci_iproc_driver_init,2.435225,0,80
6,run5_initcall.txt,sdhci_brcmstb_driver_init,2.435313,0,74
6,run5_initcall.txt,esrt_sysfs_init,2.435336,-38,1
6,run5_initcall.txt,smccc_devices_init,2.43535,0,0
6,run5_initcall.txt,smccc_soc_init,2.435363,0,1
6,run5_initcall.txt,arch_timer_mmio_drv_init,2.435414,0,38
6,run5_initcall.txt,arch_timer_mmio_acpi_drv_init,2.435454,0,25
6,run5_initcall.txt,hid_init,2.435534,0,67
6,run5_initcall.txt,hid_generic_init,2.43559,0,41
6,run5_initcall.txt,hid_init,2.43565,0,48
6,run5_initcall.txt,vchiq_driver_init,2.509236,0,73574
6,run5_initcall.txt,bcm74110_mbox_driver_init,2.515829,0,101
6,run5_initcall.txt,extcon_class_init,2.52141,0,10
6,run5_initcall.txt,armv8_pmu_driver_init,2.533317,0,6388
6,run5_initcall.txt,binder_init,2.539009,0,114
6,run5_initcall.txt,rpi_otp_driver_init,2.553225,0,8592
6,run5_initcall.txt,sock_diag_init,2.558812,0,53
6,run5_initcall.txt,blackhole_init,2.564357,0,1
6,run5_initcall.txt,cls_bpf_init_mod,2.56991,0,0
6,run5_initcall.txt,gre_offload_init,2.575433,0,6
6,run5_initcall.txt,sysctl_ipv4_init,2.580917,0,74
6,run5_initcall.txt,cubictcp_register,2.586408,0,8
6,run5_initcall.txt,packet_init,2.594691,0,2762
6,run5_initcall.txt,init_rpcsec_gss,2.60023,0,18
6,run5_initcall.txt,init_kerberos_module,2.605799,0,5
6,run5_initcall.txt,dcbnl_init,2.611344,0,7
6,run5_initcall.txt,init_dns_resolver,2.619489,0,2784
6,run5_initcall.txt,handshake_init,2.625108,0,36
6,run5_initcall.txt,check_mmu_enabled_at_boot,2.630729,0,6
6,run5_initcall.txt,finalize_pkvm,2.636338,0,1
6,run5_initcall.txt,kernel_do_mounts_initrd_sysctls_init,2.644859,0,10
6,run5_initcall.txt,kernel_panic_sysctls_init,2.650355,0,17
6,run5_initcall.txt,kernel_panic_sysfs_init,2.655994,0,5
6,run5_initcall.txt,kernel_exit_sysctls_init,2.66163,0,2
6,run5_initcall.txt,kernel_exit_sysfs_init,2.667273,0,7
6,run5_initcall.txt,param_sysfs_builtin_init,2.682748,0,9841
6,run5_initcall.txt,reboot_ksysfs_init,2.688578,0,25
6,run5_initcall.txt,sched_core_sysctl_init,2.694602,0,363
6,run5_initcall.txt,sched_fair_sysctl_init,2.700287,0,2
6,run5_initcall.txt,sched_rt_sysctl_init,2.706617,0,8
6,run5_initcall.txt,sched_dl_sysctl_init,2.712257,0,2
6,run5_initcall.txt,sched_init_debug,2.717889,0,109
6,run5_initcall.txt,cpu_latency_qos_init,2.723685,0,178
6,run5_initcall.txt,printk_late_init,2.72937,0,21
6,run5_initcall.txt,init_srcu_module_notifier,2.73501,0,8
6,run5_initcall.txt,kernel_rcu_stall_sysfs_init,2.740645,0,4
6,run5_initcall.txt,swiotlb_create_default_debugfs,2.746322,0,14
6,run5_initcall.txt,tk_debug_sleep_time_init,2.751813,0,2
6,run5_initcall.txt,bpf_ksym_iter_register,2.757495,0,2
6,run5_initcall.txt,kernel_acct_sysctls_init,2.763113,0,10
6,run5_initcall.txt,bpf_rstat_kfunc_init,2.768698,0,1
6,run5_initcall.txt,debugfs_kprobe_init,2.774302,0,9
6,run5_initcall.txt,kernel_delayacct_sysctls_init,2.779872,0,3
6,run5_initcall.txt,taskstats_init,2.788091,0,2792
6,run5_initcall.txt,ftrace_sysctl_init,2.793654,0,2
6,run5_initcall.txt,bpf_kprobe_multi_kfuncs_init,2.799187,0,5
6,run5_initcall.txt,kdb_ftrace_register,2.804716,0,9
6,run5_initcall.txt,bpf_global_ma_init,2.810408,0,115
6,run5_initcall.txt,bpf_syscall_sysctl_init,2.81584,0,8
6,run5_initcall.txt,unbound_reg_init,2.821409,0,0
6,run5_initcall.txt,kfunc_init,2.82695,0,6
6,run5_initcall.txt,bpf_map_iter_init,2.83252,0,1
6,run5_initcall.txt,init_subsystem,2.838108,0,9
6,run5_initcall.txt,task_iter_init,2.843681,0,1
6,run5_initcall.txt,bpf_prog_iter_init,2.849098,0,0
6,run5_initcall.txt,bpf_link_iter_init,2.854649,0,4
6,run5_initcall.txt,init_trampolines,2.86019,0,4
6,run5_initcall.txt,rqspinlock_register_kfuncs,2.865754,0,0
6,run5_initcall.txt,kfunc_init,2.871295,0,4
6,run5_initcall.txt,bpf_cgroup_iter_init,2.876857,0,1
6,run5_initcall.txt,cpumask_kfunc_init,2.882266,0,11
6,run5_initcall.txt,crypto_kfunc_init,2.887825,0,0
6,run5_initcall.txt,bpf_kmem_cache_iter_init,2.893391,0,1
6,run5_initcall.txt,dmabuf_iter_init,2.898946,0,7
6,run5_initcall.txt,load_system_certificate_list,2.907197,0,2745
6,run5_initcall.txt,init_lru_gen,2.912741,0,25
6,run5_initcall.txt,vmstat_late_init,2.918102,0,2
6,run5_initcall.txt,fault_around_debugfs,2.923669,0,3
6,run5_initcall.txt,slab_sysfs_init,2.93329,0,4056
6,run5_initcall.txt,max_swapfiles_check,2.938984,0,24
6,run5_initcall.txt,zswap_init,2.944564,0,0
6,run5_initcall.txt,mempolicy_sysfs_init,2.950004,0,23
6,run5_initcall.txt,memory_tier_late_init,2.961299,0,5719
6,run5_initcall.txt,check_early_ioremap_leak,2.96687,0,5
6,run5_initcall.txt,mg_debugfs_init,2.972444,0,20
6,run5_initcall.txt,fscrypt_init,2.983475,0,5458
6,run5_initcall.txt,pstore_init,2.989026,0,12
6,run5_initcall.txt,init_root_keyring,2.994623,0,36
6,run5_initcall.txt,init_profile_hash,3.000162,0,0
6,run5_initcall.txt,integrity_fs_init,3.005742,0,30
6,run5_initcall.txt,crypto_algapi_init,3.011283,0,15
6,run5_initcall.txt,blk_timeout_init,3.016654,0,0
6,run5_initcall.txt,depot_debugfs_init,3.022212,0,10
6,run5_initcall.txt,pci_resource_alignment_sysfs_init,3.027722,0,8
6,run5_initcall.txt,pci_sysfs_init,3.033241,0,14
6,run5_initcall.txt,clk_debug_init,3.039162,0,451
6,run5_initcall.txt,genpd_debug_init,3.045062,0,374
6,run5_initcall.txt,sync_state_resume_initcall,3.05041,0,9
6,run5_initcall.txt,deferred_probe_initcall,3.150398,0,94504
6,run5_initcall.txt,efi_shutdown_init,3.157074,-19,7
6,run5_initcall.txt,efi_earlycon_unmap_fb,3.162889,0,1
6,run5_initcall.txt,psci_debugfs_init,3.168161,0,0
6,run5_initcall.txt,of_cfs_init,3.178657,0,5254
6,run5_initcall.txt,of_fdt_raw_init,3.18371,0,33
6,run5_initcall.txt,bpf_kfunc_init,3.188912,0,2
6,run5_initcall.txt,init_subsystem,3.194119,0,0
6,run5_initcall.txt,xdp_metadata_init,3.199329,0,0
6,run5_initcall.txt,bpf_sockmap_iter_init,3.209754,0,1
6,run5_initcall.txt,bpf_sk_storage_map_iter_init,3.214879,0,9
6,run5_initcall.txt,bpf_prog_test_run_init,3.220178,0,1
6,run5_initcall.txt,bpf_dummy_struct_ops_init,3.22546,0,0
6,run5_initcall.txt,tcp_congestion_default,3.23075,0,1
6,run5_initcall.txt,inet_blackhole_dev_init,3.236033,0,7
6,run5_initcall.txt,ip_auto_config,3.241349,0,14
6,run5_initcall.txt,tcp_bpf_v4_build_proto,3.251815,0,1
6,run5_initcall.txt,udp_bpf_v4_build_proto,3.257124,0,0
6,run5_initcall.txt,bpf_tcp_ca_kfunc_init,3.262408,0,0
6,run5_initcall.txt,bpf_mptcp_kfunc_init,3.267704,0,1
6,run5_initcall.txt,latency_fsnotify_init,3.273,0,37
6,run5_initcall.txt,trace_eval_sync,3.278247,0,10
6,run5_initcall.txt,late_trace_init,3.283356,0,0
6,run5_initcall.txt,fb_logo_late_init,3.288627,0,0
6,run5_initcall.txt,amba_stub_drv_init,3.293944,0,26
6,run5_initcall.txt,clk_disable_unused,3.305548,0,6323
6,run5_initcall.txt,genpd_power_off_unused,3.313485,0,2634
6,run5_initcall.txt,regulator_init_complete,3.324753,0,6
6,run5_initcall.txt,of_platform_sync_state_init,3.335549,0,62
7,run6_initcall.txt,init_rtmutex_sysctl,0.051425,0,0
7,run6_initcall.txt,pm_sysrq_init,0.051491,0,0
7,run6_initcall.txt,init_rcu_stall_sysctl,0.051513,0,0
7,run6_initcall.txt,init_module_sysctl,0.051535,0,0
7,run6_initcall.txt,create_proc_profile,0.051555,0,0
7,run6_initcall.txt,cgroup_sysfs_init,0.051575,0,0
7,run6_initcall.txt,user_namespaces_init,0.051599,0,0
7,run6_initcall.txt,hung_task_init,0.051721,0,0
7,run6_initcall.txt,init_trace_sysctls,0.051745,0,0
7,run6_initcall.txt,trace_eval_init,0.051788,0,0
7,run6_initcall.txt,init_trace_stack_sysctls,0.051809,0,0
7,run6_initcall.txt,send_signal_irq_work_init,0.05183,0,0
7,run6_initcall.txt,dev_map_init,0.051851,0,0
7,run6_initcall.txt,netns_bpf_init,0.05187,0,0
7,run6_initcall.txt,oom_init,0.051956,0,0
7,run6_initcall.txt,init_user_buckets,0.051982,0,0
7,run6_initcall.txt,init_vm_util_sysctls,0.05201,0,0
7,run6_initcall.txt,default_bdi_init,0.052148,0,0
7,run6_initcall.txt,cgwb_init,0.052172,0,0
7,run6_initcall.txt,percpu_enable_async,0.052189,0,0
7,run6_initcall.txt,kcompactd_init,0.052307,0,0
7,run6_initcall.txt,init_mm_sysctl,0.05233,0,0
7,run6_initcall.txt,init_user_reserve,0.052347,0,0
7,run6_initcall.txt,init_admin_reserve,0.052362,0,0
7,run6_initcall.txt,init_reserve_notifier,0.052376,0,0
7,run6_initcall.txt,swap_init,0.052396,0,0
7,run6_initcall.txt,swapfile_init,0.052424,0,0
7,run6_initcall.txt,memory_tier_init,0.052475,0,0
7,run6_initcall.txt,numa_init_sysfs,0.052496,0,0
7,run6_initcall.txt,mem_cgroup_swap_init,0.052514,0,0
7,run6_initcall.txt,init_msg_buckets,0.052532,0,0
7,run6_initcall.txt,init_bio,0.052579,0,0
7,run6_initcall.txt,blk_ioc_init,0.052598,0,0
7,run6_initcall.txt,blk_mq_init,0.052615,0,0
7,run6_initcall.txt,genhd_device_init,0.052748,0,0
7,run6_initcall.txt,blkcg_punt_bio_init,0.05285,0,0
7,run6_initcall.txt,blk_integrity_auto_init,0.052922,0,0
7,run6_initcall.txt,io_wq_init,0.052943,0,0
7,run6_initcall.txt,crc_t10dif_mod_init,0.052969,0,0
7,run6_initcall.txt,sha256_mod_init,0.052989,0,0
7,run6_initcall.txt,sha512_mod_init,0.053006,0,0
7,run6_initcall.txt,sg_pool_init,0.053036,0,0
7,run6_initcall.txt,gpiolib_debugfs_init,0.053061,0,0
7,run6_initcall.txt,stmpe_gpio_init,0.053167,0,0
7,run6_initcall.txt,pwm_init,0.053195,0,0
7,run6_initcall.txt,leds_init,0.053229,0,0
7,run6_initcall.txt,pci_slot_init,0.053252,0,0
7,run6_initcall.txt,fbmem_init,0.053312,0,0
7,run6_initcall.txt,bcm2835_dma_init,0.054042,0,0
7,run6_initcall.txt,regulator_fixed_voltage_init,0.054127,0,0
7,run6_initcall.txt,gpio_regulator_init,0.054189,0,0
7,run6_initcall.txt,init_sysrq_sysctl,0.054214,0,0
7,run6_initcall.txt,misc_init,0.05424,0,0
7,run6_initcall.txt,iommu_subsys_init,0.054274,0,0
7,run6_initcall.txt,register_cpu_capacity_sysctl,0.054653,0,0
7,run6_initcall.txt,dma_buf_init,0.05475,0,0
7,run6_initcall.txt,dma_heap_init,0.054781,0,0
7,run6_initcall.txt,init_scsi,0.054891,0,0
7,run6_initcall.txt,mdio_bus_init,0.054925,0,0
7,run6_initcall.txt,phy_init,0.054974,0,0
7,run6_initcall.txt,usb_common_init,0.054996,0,0
7,run6_initcall.txt,usb_init,0.055111,0,0
7,run6_initcall.txt,usb_phy_generic_init,0.055274,0,0
7,run6_initcall.txt,usb_udc_init,0.055314,0,0
7,run6_initcall.txt,usb_roles_init,0.055338,0,0
7,run6_initcall.txt,input_init,0.055367,0,0
7,run6_initcall.txt,rtc_init,0.05539,0,0
7,run6_initcall.txt,rc_core_init,0.05542,0,0
7,run6_initcall.txt,pps_init,0.055453,0,0
7,run6_initcall.txt,ptp_init,0.055483,0,0
7,run6_initcall.txt,power_supply_class_init,0.055512,0,0
7,run6_initcall.txt,hwmon_init,0.055536,0,0
7,run6_initcall.txt,mmc_init,0.055577,0,0
7,run6_initcall.txt,dmi_init,0.055594,0,0
7,run6_initcall.txt,efisubsys_init,0.055612,0,0
7,run6_initcall.txt,arm_pmu_hp_init,0.055632,0,0
7,run6_initcall.txt,ras_init,0.055655,0,0
7,run6_initcall.txt,nvmem_init,0.055694,0,0
7,run6_initcall.txt,init_soundcore,0.055714,0,0
7,run6_initcall.txt,proto_init,0.055734,0,0
7,run6_initcall.txt,net_dev_init,0.055966,0,0
7,run6_initcall.txt,neigh_init,0.055986,0,0
7,run6_initcall.txt,fib_notifier_init,0.056003,0,0
7,run6_initcall.txt,netdev_genl_init,0.056044,0,0
7,run6_initcall.txt,page_pool_user_init,0.056061,0,0
7,run6_initcall.txt,fib_rules_init,0.05608,0,0
7,run6_initcall.txt,init_cgroup_netprio,0.056096,0,0
7,run6_initcall.txt,bpf_lwt_init,0.056111,0,0
7,run6_initcall.txt,pktsched_init,0.056131,0,0
7,run6_initcall.txt,tc_filter_init,0.056168,0,0
7,run6_initcall.txt,tc_action_init,0.056185,0,0
7,run6_initcall.txt,ethnl_init,0.056255,0,0
7,run6_initcall.txt,nexthop_init,0.056277,0,0
7,run6_initcall.txt,devlink_init,0.05636,0,0
7,run6_initcall.txt,wireless_nlevent_init,0.05638,0,0
7,run6_initcall.txt,vsprintf_init_hashval,0.0564,0,0
7,run6_initcall.txt,init_32bit_el0_mask,0.05642,0,0
7,run6_initcall.txt,vga_arb_device_init,0.056572,0,0
7,run6_initcall.txt,watchdog_init,0.056707,0,0
7,run6_initcall.txt,create_debug_debugfs_entry,0.056817,0,0
7,run6_initcall.txt,iomem_init_inode,0.056865,0,0
7,run6_initcall.txt,clocksource_done_booting,0.056915,0,14
7,run6_initcall.txt,tracer_init_tracefs,0.056944,0,10
7,run6_initcall.txt,init_trace_printk_function_export,0.057017,0,55
7,run6_initcall.txt,init_graph_tracefs,0.05704,0,2
7,run6_initcall.txt,bpf_event_init,0.057059,0,1
7,run6_initcall.txt,init_kprobe_trace,0.432717,0,375636
7,run6_initcall.txt,init_dynamic_event,0.432859,0,13
7,run6_initcall.txt,bpf_init,0.432936,0,58
7,run6_initcall.txt,secretmem_init,0.43301,0,54
7,run6_initcall.txt,init_fs_stat_sysctls,0.43304,0,11
7,run6_initcall.txt,init_fs_exec_sysctls,0.43306,0,1
7,run6_initcall.txt,init_pipe_fs,0.433099,0,21
7,run6_initcall.txt,init_fs_namei_sysctls,0.433122,0,4
7,run6_initcall.txt,init_fs_dcache_sysctls,0.43315,0,10
7,run6_initcall.txt,init_fs_namespace_sysctls,0.433172,0,1
7,run6_initcall.txt,cgroup_writeback_init,0.433207,0,16
7,run6_initcall.txt,inotify_user_setup,0.433242,0,15
7,run6_initcall.txt,eventpoll_init,0.433278,0,17
7,run6_initcall.txt,anon_inode_init,0.433312,0,14
7,run6_initcall.txt,proc_locks_init,0.433337,0,6
7,run6_initcall.txt,backing_aio_init,0.433358,0,2
7,run6_initcall.txt,init_fs_coredump_sysctls,0.433384,0,8
7,run6_initcall.txt,init_vm_drop_caches_sysctls,0.433408,0,2
7,run6_initcall.txt,iomap_dio_init,0.43345,0,23
7,run6_initcall.txt,iomap_ioend_init,0.433502,0,33
7,run6_initcall.txt,dquot_init,0.43373,0,207
7,run6_initcall.txt,proc_cmdline_init,0.433758,0,3
7,run6_initcall.txt,proc_consoles_init,0.433779,0,1
7,run6_initcall.txt,proc_cpuinfo_init,0.4338,0,2
7,run6_initcall.txt,proc_devices_init,0.433821,0,1
7,run6_initcall.txt,proc_interrupts_init,0.433841,0,1
7,run6_initcall.txt,proc_loadavg_init,0.43386,0,1
7,run6_initcall.txt,proc_meminfo_init,0.43388,0,1
7,run6_initcall.txt,proc_stat_init,0.4339,0,1
7,run6_initcall.txt,proc_uptime_init,0.433923,0,4
7,run6_initcall.txt,proc_version_init,0.433943,0,1
7,run6_initcall.txt,proc_softirqs_init,0.433963,0,1
7,run6_initcall.txt,proc_kmsg_init,0.433981,0,1
7,run6_initcall.txt,proc_page_init,0.433997,0,2
7,run6_initcall.txt,init_ramfs_fs,0.434013,0,2
7,run6_initcall.txt,aa_create_aafs,0.434029,0,0
7,run6_initcall.txt,chr_dev_init,0.437199,0,3151
7,run6_initcall.txt,hwrng_modinit,0.43729,0,49
7,run6_initcall.txt,firmware_class_init,0.437311,0,1
7,run6_initcall.txt,sysctl_core_init,0.437367,0,30
7,run6_initcall.txt,eth_offload_init,0.437384,0,1
7,run6_initcall.txt,ipv4_offload_init,0.437401,0,1
7,run6_initcall.txt,inet_init,0.441355,0,3937
7,run6_initcall.txt,af_unix_init,0.441414,0,22
7,run6_initcall.txt,ipv6_offload_init,0.441434,0,2
7,run6_initcall.txt,init_sunrpc,0.441813,0,362
7,run6_initcall.txt,vlan_offload_init,0.441832,0,0
7,run6_initcall.txt,pci_apply_final_quirks,0.441863,0,13
7,run6_initcall.txt,populate_rootfs,0.441888,0,7
7,run6_initcall.txt,register_arm64_panic_block,0.442008,0,1
7,run6_initcall.txt,cpuinfo_regs_init,0.442125,0,98
7,run6_initcall.txt,aarch32_el0_sysfs_init,0.442148,0,0
7,run6_initcall.txt,kvm_arm_init,0.446418,0,4250
7,run6_initcall.txt,proc_execdomains_init,0.446475,0,4
7,run6_initcall.txt,register_warn_debugfs,0.446497,0,7
7,run6_initcall.txt,cpuhp_sysfs_init,0.446544,0,29
7,run6_initcall.txt,ioresources_init,0.44657,0,8
7,run6_initcall.txt,psi_proc_init,0.446588,0,0
7,run6_initcall.txt,irq_gc_init_ops,0.446605,0,0
7,run6_initcall.txt,irq_debugfs_init,0.446716,0,93
7,run6_initcall.txt,proc_modules_init,0.446738,0,2
7,run6_initcall.txt,timer_sysctl_init,0.44677,0,12
7,run6_initcall.txt,timekeeping_init_ops,0.446789,0,0
7,run6_initcall.txt,init_clocksource_sysfs,0.44689,0,85
7,run6_initcall.txt,init_timer_list_procfs,0.446911,0,2
7,run6_initcall.txt,alarmtimer_init,0.44699,0,64
7,run6_initcall.txt,clockevents_init_sysfs,0.447129,0,123
7,run6_initcall.txt,sched_clock_syscore_init,0.447148,0,0
7,run6_initcall.txt,kallsyms_init,0.447166,0,2
7,run6_initcall.txt,pid_namespaces_init,0.447237,0,52
7,run6_initcall.txt,audit_watch_init,0.447257,0,1
7,run6_initcall.txt,audit_fsnotify_init,0.447272,0,0
7,run6_initcall.txt,audit_tree_init,0.447296,0,9
7,run6_initcall.txt,seccomp_sysctl_init,0.447316,0,5
7,run6_initcall.txt,utsname_sysctl_init,0.447339,0,7
7,run6_initcall.txt,init_tracepoints,0.447356,0,2
7,run6_initcall.txt,init_lstats_procfs,0.447375,0,3
7,run6_initcall.txt,stack_trace_init,0.447435,0,41
7,run6_initcall.txt,init_blk_tracer,0.447474,0,20
7,run6_initcall.txt,perf_event_sysfs_init,0.447611,0,117
7,run6_initcall.txt,system_trusted_keyring_init,0.447653,0,21
7,run6_initcall.txt,kswapd_init,0.447969,0,295
7,run6_initcall.txt,extfrag_debug_init,0.448023,0,21
7,run6_initcall.txt,mm_compute_batch_init,0.448051,0,1
7,run6_initcall.txt,slab_proc_init,0.448074,0,6
7,run6_initcall.txt,workingset_init,0.448098,0,11
7,run6_initcall.txt,proc_vmalloc_init,0.448115,0,2
7,run6_initcall.txt,memblock_init_debugfs,0.448164,0,33
7,run6_initcall.txt,slab_debugfs_init,0.448196,0,13
7,run6_initcall.txt,procswaps_init,0.448217,0,5
7,run6_initcall.txt,zs_init,0.44824,0,2
7,run6_initcall.txt,fcntl_init,0.448263,0,4
7,run6_initcall.txt,proc_filesystems_init,0.448282,0,1
7,run6_initcall.txt,start_dirtytime_writeback,0.448308,0,8
7,run6_initcall.txt,dio_init,0.448329,0,1
7,run6_initcall.txt,dnotify_init,0.448382,0,34
7,run6_initcall.txt,fanotify_user_setup,0.448412,0,10
7,run6_initcall.txt,aio_setup,0.448481,0,47
7,run6_initcall.txt,mbcache_init,0.448513,0,5
7,run6_initcall.txt,init_grace,0.448545,0,7
7,run6_initcall.txt,init_devpts_fs,0.448573,0,12
7,run6_initcall.txt,ext4_init_fs,0.448688,0,100
7,run6_initcall.txt,journal_init,0.448726,0,16
7,run6_initcall.txt,init_fat_fs,0.448746,0,5
7,run6_initcall.txt,init_vfat_fs,0.448761,0,1
7,run6_initcall.txt,init_msdos_fs,0.448776,0,0
7,run6_initcall.txt,init_nfs_fs,0.449164,0,369
7,run6_initcall.txt,init_nfs_v2,0.449201,0,0
7,run6_initcall.txt,init_nfs_v3,0.449215,0,0
7,run6_initcall.txt,init_nfs_v4,0.449276,0,47
7,run6_initcall.txt,nfs4filelayout_init,0.449299,0,6
7,run6_initcall.txt,nfs4flexfilelayout_init,0.449321,0,6
7,run6_initcall.txt,init_nlm,0.449375,0,39
7,run6_initcall.txt,init_nls_cp437,0.449395,0,0
7,run6_initcall.txt,init_nls_ascii,0.44941,0,0
7,run6_initcall.txt,init_autofs_fs,0.449584,0,158
7,run6_initcall.txt,init_f2fs_fs,0.449758,0,154
7,run6_initcall.txt,ipc_init,0.449795,0,17
7,run6_initcall.txt,ipc_sysctl_init,0.449841,0,29
7,run6_initcall.txt,init_mqueue_fs,0.449922,0,65
7,run6_initcall.txt,key_proc_init,0.44995,0,5
7,run6_initcall.txt,bpf_crypto_skcipher_init,0.449975,0,1
7,run6_initcall.txt,dh_init,0.449994,0,3
7,run6_initcall.txt,rsa_init,0.450012,0,1
7,run6_initcall.txt,cryptomgr_init,0.450029,0,2
7,run6_initcall.txt,hmac_module_init,0.450046,0,0
7,run6_initcall.txt,crypto_sha256_mod_init,0.450067,0,5
7,run6_initcall.txt,crypto_ecb_module_init,0.450085,0,0
7,run6_initcall.txt,crypto_cbc_module_init,0.450102,0,0
7,run6_initcall.txt,crypto_cts_module_init,0.45012,0,0
7,run6_initcall.txt,xts_module_init,0.450136,0,0
7,run6_initcall.txt,des_generic_mod_init,0.450156,0,3
7,run6_initcall.txt,aes_init,0.450173,0,0
7,run6_initcall.txt,lzo_mod_init,0.450191,0,1
7,run6_initcall.txt,lzorle_mod_init,0.450207,0,0
7,run6_initcall.txt,asymmetric_key_init,0.45023,0,6
7,run6_initcall.txt,x509_key_init,0.450252,0,5
7,run6_initcall.txt,crypto_kdf108_init,0.450269,0,0
7,run6_initcall.txt,blkdev_init,0.450311,0,25
7,run6_initcall.txt,proc_genhd_init,0.450336,0,5
7,run6_initcall.txt,bsg_init,0.450378,0,25
7,run6_initcall.txt,throtl_init,0.450585,0,186
7,run6_initcall.txt,deadline_init,0.450617,0,6
7,run6_initcall.txt,kyber_init,0.450638,0,5
7,run6_initcall.txt,bfq_init,0.4507,0,41
7,run6_initcall.txt,io_uring_init,0.450757,0,39
7,run6_initcall.txt,btree_module_init,0.45078,0,2
7,run6_initcall.txt,percpu_counter_startup,0.452987,0,2182
7,run6_initcall.txt,audit_classes_init,0.453048,0,6
7,run6_initcall.txt,gicv5_iwb_platform_driver_init,0.453211,0,143
7,run6_initcall.txt,mip_msi_driver_init,0.453272,0,38
7,run6_initcall.txt,bcm7038_l1_driver_init,0.453329,0,37
7,run6_initcall.txt,bcm7120_l2_driver_init,0.453396,0,39
7,run6_initcall.txt,brcmstb_l2_driver_init,0.453817,0,399
7,run6_initcall.txt,simple_pm_bus_driver_init,0.454643,0,798
7,run6_initcall.txt,phy_core_init,0.45477,0,78
7,run6_initcall.txt,brcm_usb_driver_init,0.45493,0,125
7,run6_initcall.txt,rp1_pinctrl_driver_init,0.454994,0,41
7,run6_initcall.txt,bcm2835_pinctrl_driver_init,0.456299,0,1284
7,run6_initcall.txt,bcm2712_pinctrl_driver_init,0.456399,0,68
7,run6_initcall.txt,brcmvirt_gpio_driver_init,0.456459,0,38
7,run6_initcall.txt,brcmstb_gpio_driver_init,0.456523,0,42
7,run6_initcall.txt,rpi_exp_gpio_driver_init,0.457208,0,651
7,run6_initcall.txt,brcmstb_pwm_driver_init,0.457292,0,55
7,run6_initcall.txt,rp1_pwm_driver_init,0.457352,0,40
7,run6_initcall.txt,gpio_led_driver_init,0.675702,0,218328
7,run6_initcall.txt,led_pwm_driver_init,0.675838,0,99
7,run6_initcall.txt,timer_led_trigger_init,0.675865,0,3
7,run6_initcall.txt,oneshot_led_trigger_init,0.675893,0,0
7,run6_initcall.txt,heartbeat_trig_init,0.675915,0,2
7,run6_initcall.txt,bl_led_trigger_init,0.675934,0,0
7,run6_initcall.txt,ledtrig_cpu_init,0.680286,0,4332
7,run6_initcall.txt,defon_led_trigger_init,0.680393,0,67
7,run6_initcall.txt,input_trig_init,0.680417,0,1
7,run6_initcall.txt,ledtrig_panic_init,0.680439,0,2
7,run6_initcall.txt,actpwr_trig_init,0.680957,0,498
7,run6_initcall.txt,pcie_portdrv_init,0.681059,0,72
7,run6_initcall.txt,pci_proc_init,0.681091,0,13
7,run6_initcall.txt,brcm_pcie_driver_init,0.793956,0,112850
7,run6_initcall.txt,bcm2708_fb_init,0.794049,0,71
7,run6_initcall.txt,simplefb_driver_init,0.820126,0,26061
7,run6_initcall.txt,of_fixed_factor_clk_driver_init,0.82022,0,41
7,run6_initcall.txt,of_fixed_clk_driver_init,0.820305,0,35
7,run6_initcall.txt,gpio_clk_driver_init,0.820401,0,43
7,run6_initcall.txt,gated_fixed_clk_driver_init,0.820484,0,36
7,run6_initcall.txt,rp1_clk_driver_init,0.820567,0,35
7,run6_initcall.txt,rp1_sdio_clk_driver_init,0.820648,0,36
7,run6_initcall.txt,clk_dvp_driver_init,0.820843,0,148
7,run6_initcall.txt,bcm2835_aux_clk_driver_init,0.820972,0,80
7,run6_initcall.txt,raspberrypi_clk_driver_init,0.836464,0,15441
7,run6_initcall.txt,dw_driver_init,0.836561,0,48
7,run6_initcall.txt,bcm2835_power_driver_init,0.836634,0,24
7,run6_initcall.txt,rpi_power_driver_init,0.838074,0,1392
7,run6_initcall.txt,brcmstb_reset_driver_init,0.838164,0,40
7,run6_initcall.txt,brcm_rescal_reset_driver_init,0.838255,0,38
7,run6_initcall.txt,rpi_reset_driver_init,0.838417,0,113
7,run6_initcall.txt,reset_simple_driver_init,0.838547,0,82
7,run6_initcall.txt,n_null_init,0.838596,0,0
7,run6_initcall.txt,pty_init,0.83872,0,85
7,run6_initcall.txt,sysrq_init,0.838778,0,13
7,run6_initcall.txt,serial8250_init,0.838819,-19,0
7,run6_initcall.txt,bcm2835aux_serial_driver_init,0.838905,0,41
7,run6_initcall.txt,brcmuart_init,0.839008,0,56
7,run6_initcall.txt,exar_pci_driver_init,0.839077,0,25
7,run6_initcall.txt,of_platform_serial_driver_init,0.839217,0,93
7,run6_initcall.txt,serial_pci_driver_init,0.839292,0,27
7,run6_initcall.txt,pericom8250_pci_driver_init,0.83936,0,20
7,run6_initcall.txt,init_kgdboc,0.839499,0,93
7,run6_initcall.txt,random_sysctls_init,0.839563,0,21
7,run6_initcall.txt,ttyprintk_init,0.839662,0,54
7,run6_initcall.txt,bcm2835_rng_driver_init,0.839768,0,58
7,run6_initcall.txt,bcm74110_rng_driver_init,0.839852,0,36
7,run6_initcall.txt,iproc_rng200_driver_init,0.840191,0,291
7,run6_initcall.txt,smccc_trng_driver_init,0.840266,0,24
7,run6_initcall.txt,vc_mem_init,0.840444,0,130
7,run6_initcall.txt,vcio_driver_init,0.843474,0,2980
7,run6_initcall.txt,bcm2712_iommu_driver_init,0.848675,0,53
7,run6_initcall.txt,bcm2712_iommu_cache_driver_init,0.853908,0,44
7,run6_initcall.txt,topology_sysfs_init,0.859184,0,68
7,run6_initcall.txt,cacheinfo_sysfs_init,0.864648,0,244
7,run6_initcall.txt,devcoredump_init,0.869921,0,11
7,run6_initcall.txt,brd_init,0.881715,0,6703
7,run6_initcall.txt,loop_init,0.892378,0,5388
7,run6_initcall.txt,bcm2835_pm_driver_init,0.900435,0,2772
7,run6_initcall.txt,stmpe_i2c_driver_init,0.905661,0,16
7,run6_initcall.txt,stmpe_spi_driver_init,0.910816,0,20
7,run6_initcall.txt,rp1_driver_init,0.916067,0,29
7,run6_initcall.txt,system_heap_create,0.921364,0,90
7,run6_initcall.txt,add_default_cma_heap,0.926698,0,91
7,run6_initcall.txt,udmabuf_dev_init,0.931978,0,47
7,run6_initcall.txt,iscsi_transport_init,0.939941,0,2719
7,run6_initcall.txt,init_sd,0.945185,0,29
7,run6_initcall.txt,nvme_core_init,0.950656,0,268
7,run6_initcall.txt,nvme_init,0.955933,0,37
7,run6_initcall.txt,blackhole_netdev_init,0.961198,0,25
7,run6_initcall.txt,netkit_init,0.966408,0,8
7,run6_initcall.txt,phylink_init,0.971639,0,0
7,run6_initcall.txt,phy_module_init,0.976878,0,182
7,run6_initcall.txt,phy_module_init,0.982246,0,181
7,run6_initcall.txt,fixed_mdio_bus_init,0.987612,0,171
7,run6_initcall.txt,phy_module_init,0.993015,0,189
7,run6_initcall.txt,phy_module_init,0.998319,0,40
7,run6_initcall.txt,phy_module_init,1.003682,0,71
7,run6_initcall.txt,unimac_mdio_driver_init,1.009014,0,147
7,run6_initcall.txt,macb_driver_init,1.014518,0,116
7,run6_initcall.txt,bcmgenet_driver_init,1.228594,0,208613
7,run6_initcall.txt,bcmasp_driver_init,1.234358,0,97
7,run6_initcall.txt,lan78xx_driver_init,1.242758,0,2870
7,run6_initcall.txt,smsc95xx_driver_init,1.251426,0,2908
7,run6_initcall.txt,usbnet_init,1.257217,0,0
7,run6_initcall.txt,xhci_hcd_init,1.263021,0,18
7,run6_initcall.txt,xhci_pci_init,1.439998,0,171202
7,run6_initcall.txt,xhci_plat_init,1.445779,0,130
7,run6_initcall.txt,dwc_otg_driver_init,1.462512,0,11123
7,run6_initcall.txt,dwc_common_port_init_module,1.471013,0,2914
7,run6_initcall.txt,dwc3_driver_init,1.476531,0,66
7,run6_initcall.txt,dwc3_haps_driver_init,1.482166,0,29
7,run6_initcall.txt,dwc3_of_simple_driver_init,1.487791,0,63
7,run6_initcall.txt,dwc3_generic_driver_init,1.493413,0,50
7,run6_initcall.txt,dwc2_platform_driver_init,1.49912,0,147
7,run6_initcall.txt,uas_init,1.507414,0,2744
7,run6_initcall.txt,usb_storage_driver_init,1.515704,0,2783
7,run6_initcall.txt,brcmstb_usb_pinmap_init,1.521332,-19,84
7,run6_initcall.txt,bdc_driver_init,1.526966,0,56
7,run6_initcall.txt,input_leds_init,1.532562,0,1
7,run6_initcall.txt,mousedev_init,1.541686,0,2821
7,run6_initcall.txt,evdev_init,1.547326,0,40
7,run6_initcall.txt,brcmstb_waketmr_driver_init,1.553005,0,81
7,run6_initcall.txt,rpi_rtc_driver_init,1.558639,0,42
7,run6_initcall.txt,init_rc_map_adstech_dvb_t_pci,1.564223,0,0
7,run6_initcall.txt,init_rc_map_alink_dtu_m,1.569937,0,116
7,run6_initcall.txt,init_rc_map_anysee,1.575401,0,0
7,run6_initcall.txt,init_rc_map_apac_viewcomp,1.58097,0,0
7,run6_initcall.txt,init_rc_map_t2hybrid,1.586547,0,0
7,run6_initcall.txt,init_rc_map_asus_pc39,1.592137,0,0
7,run6_initcall.txt,init_rc_map_asus_ps3_100,1.597815,0,85
7,run6_initcall.txt,init_rc_map_ati_tv_wonder_hd_600,1.603383,0,0
7,run6_initcall.txt,init_rc_map_ati_x10,1.608756,0,0
7,run6_initcall.txt,init_rc_map_avermedia_a16d,1.614311,0,0
7,run6_initcall.txt,init_rc_map_avermedia_cardbus,1.619836,0,0
7,run6_initcall.txt,init_rc_map_avermedia_dvbt,1.625337,0,0
7,run6_initcall.txt,init_rc_map_avermedia_m135a,1.630831,0,0
7,run6_initcall.txt,init_rc_map_avermedia_m733a_rm_k6,1.636329,0,0
7,run6_initcall.txt,init_rc_map_avermedia,1.641701,0,0
7,run6_initcall.txt,init_rc_map_avermedia_rm_ks,1.647197,0,0
7,run6_initcall.txt,init_rc_map_avertv_303,1.652689,0,0
7,run6_initcall.txt,init_rc_map_azurewave_ad_tu700,1.661009,0,46
7,run6_initcall.txt,init_rc_map_beelink_gs1,1.666633,0,11
7,run6_initcall.txt,init_rc_map_beelink_mxiii,1.67215,0,0
7,run6_initcall.txt,init_rc_map_behold_columbus,1.67755,0,0
7,run6_initcall.txt,init_rc_map_behold,1.683075,0,0
7,run6_initcall.txt,init_rc_map_budget_ci_old,1.688601,0,0
7,run6_initcall.txt,init_rc_map_cinergy_1400,1.694067,0,0
7,run6_initcall.txt,init_rc_map_cinergy,1.699554,0,0
7,run6_initcall.txt,init_rc_map_ct_90405,1.705021,0,0
7,run6_initcall.txt,init_rc_map_d680_dmb,1.710321,0,0
7,run6_initcall.txt,init_rc_map_delock_61959,1.715757,0,1
7,run6_initcall.txt,init_rc_map,1.721173,0,0
7,run6_initcall.txt,init_rc_map,1.726588,0,0
7,run6_initcall.txt,init_rc_map_digitalnow_tinytwin,1.732014,0,0
7,run6_initcall.txt,init_rc_map_digittrade,1.737469,0,0
7,run6_initcall.txt,init_rc_map_dm1105_nec,1.742744,0,0
7,run6_initcall.txt,init_rc_map_dntv_live_dvb_t,1.748152,0,0
7,run6_initcall.txt,init_rc_map_dntv_live_dvbt_pro,1.753575,0,0
7,run6_initcall.txt,init_rc_map_dreambox,1.758972,0,0
7,run6_initcall.txt,init_rc_map_dtt200u,1.764399,0,0
7,run6_initcall.txt,init_rc_map_rc5_dvbsky,1.769849,0,0
7,run6_initcall.txt,init_rc_map_dvico_mce,1.775111,0,0
7,run6_initcall.txt,init_rc_map_dvico_portable,1.780754,0,0
7,run6_initcall.txt,init_rc_map_em_terratec,1.786153,0,0
7,run6_initcall.txt,init_rc_map_encore_enltv2,1.791635,0,38
7,run6_initcall.txt,init_rc_map_encore_enltv_fm53,1.797098,0,0
7,run6_initcall.txt,init_rc_map_encore_enltv,1.802555,0,0
7,run6_initcall.txt,init_rc_map_evga_indtube,1.810636,0,0
7,run6_initcall.txt,init_rc_map_eztv,1.821806,0,99
7,run6_initcall.txt,init_rc_map_flydvb,1.827464,0,17
7,run6_initcall.txt,init_rc_map_flyvideo,1.833082,0,0
7,run6_initcall.txt,init_rc_map_fusionhdtv_mce,1.841215,0,0
7,run6_initcall.txt,init_rc_map_gadmei_rm008z,1.849461,0,0
7,run6_initcall.txt,init_rc_map_geekbox,1.855034,0,0
7,run6_initcall.txt,init_rc_map_genius_tvgo_a11mce,1.86057,0,0
7,run6_initcall.txt,init_rc_map_gotview7135,1.866099,0,0
7,run6_initcall.txt,init_rc_map_rc5_hauppauge_new,1.874133,0,0
7,run6_initcall.txt,init_rc_map_hisi_poplar,1.882282,0,0
7,run6_initcall.txt,init_rc_map_hisi_tv_demo,1.887727,0,0
7,run6_initcall.txt,init_rc_map_imon_mce,1.89321,0,0
7,run6_initcall.txt,init_rc_map_imon_pad,1.89862,0,0
7,run6_initcall.txt,init_rc_map_imon_rsc,1.904027,0,0
7,run6_initcall.txt,init_rc_map_iodata_bctv7e,1.909281,0,0
7,run6_initcall.txt,init_rc_it913x_v1_map,1.914656,0,0
7,run6_initcall.txt,init_rc_it913x_v2_map,1.920025,0,0
7,run6_initcall.txt,init_rc_map_kaiomy,1.925402,0,0
7,run6_initcall.txt,init_rc_map_khadas,1.93075,0,0
7,run6_initcall.txt,init_rc_map_khamsin,1.936086,0,0
7,run6_initcall.txt,init_rc_map_kworld_315u,1.941253,0,0
7,run6_initcall.txt,init_rc_map_kworld_pc150u,1.946599,0,0
7,run6_initcall.txt,init_rc_map_kworld_plus_tv_analog,1.95194,0,0
7,run6_initcall.txt,init_rc_map_leadtek_y04g0051,1.95729,0,0
7,run6_initcall.txt,init_rc_lme2510_map,1.96265,0,0
7,run6_initcall.txt,init_rc_map_manli,1.968008,0,0
7,run6_initcall.txt,init_rc_map_mecool_kiii_pro,1.97329,0,47
7,run6_initcall.txt,init_rc_map_mecool_kii_pro,1.978855,0,39
7,run6_initcall.txt,init_rc_map_medion_x10_digitainer,1.984443,0,55
7,run6_initcall.txt,init_rc_map_medion_x10,1.989947,0,39
7,run6_initcall.txt,init_rc_map_medion_x10_or2x,1.99547,0,6
7,run6_initcall.txt,init_rc_map_minix_neo,2.000844,0,0
7,run6_initcall.txt,init_rc_map_msi_digivox_iii,2.006144,0,0
7,run6_initcall.txt,init_rc_map_msi_digivox_ii,2.011503,0,45
7,run6_initcall.txt,init_rc_map_msi_tvanywhere,2.016861,0,0
7,run6_initcall.txt,init_rc_map_msi_tvanywhere_plus,2.02218,0,0
7,run6_initcall.txt,init_rc_map_mygica_utv3,2.02761,0,117
7,run6_initcall.txt,init_rc_map_nebula,2.03296,0,0
7,run6_initcall.txt,init_rc_map_nec_terratec_cinergy_xs,2.038298,0,0
7,run6_initcall.txt,init_rc_map_norwood,2.043485,0,0
7,run6_initcall.txt,init_rc_map_npgtech,2.048823,0,0
7,run6_initcall.txt,init_rc_map_odroid,2.054161,0,0
7,run6_initcall.txt,init_rc_map_pctv_sedna,2.059482,0,0
7,run6_initcall.txt,init_rc_map_pine64,2.064794,0,0
7,run6_initcall.txt,init_rc_map_pinnacle_color,2.070106,0,0
7,run6_initcall.txt,init_rc_map_pinnacle_grey,2.075263,0,0
7,run6_initcall.txt,init_rc_map_pinnacle_pctv_hd,2.080578,0,0
7,run6_initcall.txt,init_rc_map_pixelview,2.085902,0,0
7,run6_initcall.txt,init_rc_map_pixelview,2.09122,0,0
7,run6_initcall.txt,init_rc_map_pixelview_new,2.096524,0,0
7,run6_initcall.txt,init_rc_map_pixelview,2.101851,0,0
7,run6_initcall.txt,init_rc_map_powercolor_real_angel,2.107006,0,0
7,run6_initcall.txt,init_rc_map_proteus_2309,2.112326,0,0
7,run6_initcall.txt,init_rc_map_purpletv,2.117669,0,0
7,run6_initcall.txt,init_rc_map_pv951,2.123007,0,0
7,run6_initcall.txt,init_rc_map_rc6_mce,2.128349,0,0
7,run6_initcall.txt,init_rc_map_real_audio_220_32_keys,2.133717,0,0
7,run6_initcall.txt,init_rc_map_reddo,2.13902,0,0
7,run6_initcall.txt,init_rc_map_siemens_gigaset_rc20,2.14426,0,0
7,run6_initcall.txt,init_rc_map_snapstream_firefly,2.149619,0,0
7,run6_initcall.txt,init_rc_map_streamzap,2.154979,0,0
7,run6_initcall.txt,init_rc_map_su3000,2.16031,0,0
7,run6_initcall.txt,init_rc_map_tanix_tx3mini,2.165651,0,0
7,run6_initcall.txt,init_rc_map_tanix_tx5max,2.170991,0,0
7,run6_initcall.txt,init_rc_map_tbs_nec,2.176203,0,0
7,run6_initcall.txt,init_rc_map,2.18157,0,0
7,run6_initcall.txt,init_rc_map,2.186926,0,0
7,run6_initcall.txt,init_rc_map_terratec_cinergy_c_pci,2.192295,0,0
7,run6_initcall.txt,init_rc_map_terratec_cinergy_s2_hd,2.197666,0,0
7,run6_initcall.txt,init_rc_map_terratec_cinergy_xs,2.203,0,0
7,run6_initcall.txt,init_rc_map_terratec_slim_2,2.208234,0,0
7,run6_initcall.txt,init_rc_map_terratec_slim,2.213593,0,0
7,run6_initcall.txt,init_rc_map_tevii_nec,2.218956,0,0
7,run6_initcall.txt,init_rc_map_tivo,2.22433,0,0
7,run6_initcall.txt,init_rc_map_total_media_in_hand_02,2.229695,0,0
7,run6_initcall.txt,init_rc_map_total_media_in_hand,2.235037,0,9
7,run6_initcall.txt,init_rc_map_trekstor,2.240217,0,0
7,run6_initcall.txt,init_rc_map_tt_1500,2.245563,0,0
7,run6_initcall.txt,init_rc_map_twinhan_vp1027,2.250913,0,0
7,run6_initcall.txt,init_rc_map_twinhan_dtv_cab_ci,2.256263,0,0
7,run6_initcall.txt,init_rc_map_vega_s9x,2.261593,0,0
7,run6_initcall.txt,init_rc_map_videomate_k100,2.266928,0,0
7,run6_initcall.txt,init_rc_map_videomate_s350,2.272248,0,0
7,run6_initcall.txt,init_rc_map_videomate_tv_pvr,2.277459,0,0
7,run6_initcall.txt,init_rc_map_kii_pro,2.282803,0,0
7,run6_initcall.txt,init_rc_map_wetek_hub,2.288138,0,0
7,run6_initcall.txt,init_rc_map_wetek_play2,2.29349,0,0
7,run6_initcall.txt,init_rc_map_winfast,2.298852,0,0
7,run6_initcall.txt,init_rc_map_winfast_usbii_deluxe,2.304228,0,0
7,run6_initcall.txt,init_rc_map_x96max,2.309439,0,0
7,run6_initcall.txt,init_rc_map,2.314817,0,0
7,run6_initcall.txt,init_rc_map,2.320177,0,0
7,run6_initcall.txt,init_rc_map_zx_irdec,2.32553,0,0
7,run6_initcall.txt,ptp_kvm_init,2.330892,-95,1
7,run6_initcall.txt,gpio_poweroff_driver_init,2.336349,0,107
7,run6_initcall.txt,bcm2711_thermal_driver_init,2.344564,0,3015
7,run6_initcall.txt,bcm2835_thermal_driver_init,2.350012,0,62
7,run6_initcall.txt,bcm2835_wdt_driver_init,2.355404,0,30
7,run6_initcall.txt,dt_cpufreq_platdrv_init,2.360796,0,27
7,run6_initcall.txt,brcm_avs_cpufreq_platdrv_init,2.366228,0,49
7,run6_initcall.txt,raspberrypi_cpufreq_driver_init,2.377807,0,6162
7,run6_initcall.txt,mmc_pwrseq_simple_driver_init,2.383358,0,89
7,run6_initcall.txt,mmc_pwrseq_emmc_driver_init,2.388857,0,42
7,run6_initcall.txt,mmc_blk_init,2.394393,0,42
7,run6_initcall.txt,sdhci_drv_init,2.405328,0,5479
7,run6_initcall.txt,bcm2835_mmc_driver_init,2.413479,0,2814
7,run6_initcall.txt,bcm2835_driver_init,2.419065,0,49
7,run6_initcall.txt,sdhci_pltfm_drv_init,2.427368,0,2772
7,run6_initcall.txt,sdhci_iproc_driver_init,2.432979,0,84
7,run6_initcall.txt,sdhci_brcmstb_driver_init,2.433058,0,64
7,run6_initcall.txt,esrt_sysfs_init,2.433075,-38,3
7,run6_initcall.txt,smccc_devices_init,2.433097,0,1
7,run6_initcall.txt,smccc_soc_init,2.43311,0,1
7,run6_initcall.txt,arch_timer_mmio_drv_init,2.43316,0,38
7,run6_initcall.txt,arch_timer_mmio_acpi_drv_init,2.433197,0,25
7,run6_initcall.txt,hid_init,2.433286,0,75
7,run6_initcall.txt,hid_generic_init,2.433347,0,48
7,run6_initcall.txt,hid_init,2.433404,0,44
7,run6_initcall.txt,vchiq_driver_init,2.507693,0,74277
7,run6_initcall.txt,bcm74110_mbox_driver_init,2.514249,0,101
7,run6_initcall.txt,extcon_class_init,2.520205,0,33
7,run6_initcall.txt,armv8_pmu_driver_init,2.532078,0,6324
7,run6_initcall.txt,binder_init,2.53771,0,58
7,run6_initcall.txt,rpi_otp_driver_init,2.551802,0,8701
7,run6_initcall.txt,sock_diag_init,2.557391,0,39
7,run6_initcall.txt,blackhole_init,2.562946,0,8
7,run6_initcall.txt,cls_bpf_init_mod,2.568459,0,0
7,run6_initcall.txt,gre_offload_init,2.573823,0,1
7,run6_initcall.txt,sysctl_ipv4_init,2.579393,0,77
7,run6_initcall.txt,cubictcp_register,2.584882,0,3
7,run6_initcall.txt,packet_init,2.593173,0,2774
7,run6_initcall.txt,init_rpcsec_gss,2.598704,0,24
7,run6_initcall.txt,init_kerberos_module,2.604229,0,6
7,run6_initcall.txt,dcbnl_init,2.609608,0,4
7,run6_initcall.txt,init_dns_resolver,2.61789,0,2762
7,run6_initcall.txt,handshake_init,2.623496,0,43
7,run6_initcall.txt,check_mmu_enabled_at_boot,2.629049,0,0
7,run6_initcall.txt,finalize_pkvm,2.63462,0,5
7,run6_initcall.txt,kernel_do_mounts_initrd_sysctls_init,2.642945,0,16
7,run6_initcall.txt,kernel_panic_sysctls_init,2.648571,0,13
7,run6_initcall.txt,kernel_panic_sysfs_init,2.654218,0,6
7,run6_initcall.txt,kernel_exit_sysctls_init,2.659845,0,4
7,run6_initcall.txt,kernel_exit_sysfs_init,2.665473,0,3
7,run6_initcall.txt,param_sysfs_builtin_init,2.680824,0,9745
7,run6_initcall.txt,reboot_ksysfs_init,2.686718,0,31
7,run6_initcall.txt,sched_core_sysctl_init,2.692575,0,7
7,run6_initcall.txt,sched_fair_sysctl_init,2.698981,0,681
7,run6_initcall.txt,sched_rt_sysctl_init,2.704724,0,4
7,run6_initcall.txt,sched_dl_sysctl_init,2.710272,0,2
7,run6_initcall.txt,sched_init_debug,2.715968,0,101
7,run6_initcall.txt,cpu_latency_qos_init,2.721782,0,167
7,run6_initcall.txt,printk_late_init,2.72742,0,26
7,run6_initcall.txt,init_srcu_module_notifier,2.73303,0,3
7,run6_initcall.txt,kernel_rcu_stall_sysfs_init,2.73864,0,10
7,run6_initcall.txt,swiotlb_create_default_debugfs,2.74415,0,17
7,run6_initcall.txt,tk_debug_sleep_time_init,2.749813,0,3
7,run6_initcall.txt,bpf_ksym_iter_register,2.755451,0,6
7,run6_initcall.txt,kernel_acct_sysctls_init,2.76106,0,4
7,run6_initcall.txt,bpf_rstat_kfunc_init,2.766631,0,6
7,run6_initcall.txt,debugfs_kprobe_init,2.772165,0,9
7,run6_initcall.txt,kernel_delayacct_sysctls_init,2.777614,0,3
7,run6_initcall.txt,taskstats_init,2.785959,0,2801
7,run6_initcall.txt,ftrace_sysctl_init,2.791493,0,7
7,run6_initcall.txt,bpf_kprobe_multi_kfuncs_init,2.797026,0,0
7,run6_initcall.txt,kdb_ftrace_register,2.802576,0,12
7,run6_initcall.txt,bpf_global_ma_init,2.808083,0,113
7,run6_initcall.txt,bpf_syscall_sysctl_init,2.813697,0,21
7,run6_initcall.txt,unbound_reg_init,2.819251,0,5
7,run6_initcall.txt,kfunc_init,2.824786,0,1
7,run6_initcall.txt,bpf_map_iter_init,2.83034,0,1
7,run6_initcall.txt,init_subsystem,2.835891,0,0
7,run6_initcall.txt,task_iter_init,2.84131,0,2
7,run6_initcall.txt,bpf_prog_iter_init,2.846884,0,11
7,run6_initcall.txt,bpf_link_iter_init,2.852427,0,0
7,run6_initcall.txt,init_trampolines,2.857953,0,3
7,run6_initcall.txt,rqspinlock_register_kfuncs,2.863491,0,5
7,run6_initcall.txt,kfunc_init,2.869032,0,0
7,run6_initcall.txt,bpf_cgroup_iter_init,2.874423,0,5
7,run6_initcall.txt,cpumask_kfunc_init,2.879993,0,14
7,run6_initcall.txt,crypto_kfunc_init,2.885579,0,0
7,run6_initcall.txt,bpf_kmem_cache_iter_init,2.891123,0,5
7,run6_initcall.txt,dmabuf_iter_init,2.896646,0,1
7,run6_initcall.txt,load_system_certificate_list,2.904873,0,2735
7,run6_initcall.txt,init_lru_gen,2.910265,0,25
7,run6_initcall.txt,vmstat_late_init,2.915773,0,1
7,run6_initcall.txt,fault_around_debugfs,2.921346,0,3
7,run6_initcall.txt,slab_sysfs_init,2.930962,0,4071
7,run6_initcall.txt,max_swapfiles_check,2.936631,0,0
7,run6_initcall.txt,zswap_init,2.942072,0,0
7,run6_initcall.txt,mempolicy_sysfs_init,2.947679,0,28
7,run6_initcall.txt,memory_tier_late_init,2.958941,0,5690
7,run6_initcall.txt,check_early_ioremap_leak,2.964523,0,0
7,run6_initcall.txt,mg_debugfs_init,2.97012,0,21
7,run6_initcall.txt,fscrypt_init,2.981116,0,5601
7,run6_initcall.txt,pstore_init,2.986681,0,17
7,run6_initcall.txt,init_root_keyring,2.992274,0,31
7,run6_initcall.txt,init_profile_hash,2.997845,0,0
7,run6_initcall.txt,integrity_fs_init,3.003406,0,16
7,run6_initcall.txt,crypto_algapi_init,3.008803,0,8
7,run6_initcall.txt,blk_timeout_init,3.014345,0,0
7,run6_initcall.txt,depot_debugfs_init,3.019894,0,8
7,run6_initcall.txt,pci_resource_alignment_sysfs_init,3.025434,0,8
7,run6_initcall.txt,pci_sysfs_init,3.030961,0,18
7,run6_initcall.txt,clk_debug_init,3.036896,0,426
7,run6_initcall.txt,genpd_debug_init,3.042629,0,368
7,run6_initcall.txt,sync_state_resume_initcall,3.048158,0,1
7,run6_initcall.txt,deferred_probe_initcall,3.148312,0,94640
7,run6_initcall.txt,efi_shutdown_init,3.15515,-19,8
7,run6_initcall.txt,efi_earlycon_unmap_fb,3.160807,0,4
7,run6_initcall.txt,psci_debugfs_init,3.166147,0,0
7,run6_initcall.txt,of_cfs_init,3.176517,0,5113
7,run6_initcall.txt,of_fdt_raw_init,3.181733,0,35
7,run6_initcall.txt,bpf_kfunc_init,3.186931,0,2
7,run6_initcall.txt,init_subsystem,3.192127,0,1
7,run6_initcall.txt,xdp_metadata_init,3.197347,0,10
7,run6_initcall.txt,bpf_sockmap_iter_init,3.205195,0,1
7,run6_initcall.txt,bpf_sk_storage_map_iter_init,3.21289,0,0
7,run6_initcall.txt,bpf_prog_test_run_init,3.218175,0,1
7,run6_initcall.txt,bpf_dummy_struct_ops_init,3.223504,0,0
7,run6_initcall.txt,tcp_congestion_default,3.231469,0,1
7,run6_initcall.txt,inet_blackhole_dev_init,3.239384,0,6
7,run6_initcall.txt,ip_auto_config,3.244664,0,12
7,run6_initcall.txt,tcp_bpf_v4_build_proto,3.250039,0,1
7,run6_initcall.txt,udp_bpf_v4_build_proto,3.255386,0,9
7,run6_initcall.txt,bpf_tcp_ca_kfunc_init,3.260718,0,1
7,run6_initcall.txt,bpf_mptcp_kfunc_init,3.266086,0,0
7,run6_initcall.txt,latency_fsnotify_init,3.2714,0,32
7,run6_initcall.txt,trace_eval_sync,3.276552,0,10
7,run6_initcall.txt,late_trace_init,3.281852,0,0
7,run6_initcall.txt,fb_logo_late_init,3.287144,0,0
7,run6_initcall.txt,amba_stub_drv_init,3.292497,0,27
7,run6_initcall.txt,clk_disable_unused,3.305968,0,8143
7,run6_initcall.txt,genpd_power_off_unused,3.314134,0,27
7,run6_initcall.txt,regulator_init_complete,3.325377,0,2
7,run6_initcall.txt,of_platform_sync_state_init,3.338691,0,24
8,run7_initcall.txt,create_proc_profile,0.047323,0,0
8,run7_initcall.txt,cgroup_sysfs_init,0.047343,0,0
8,run7_initcall.txt,user_namespaces_init,0.047368,0,0
8,run7_initcall.txt,hung_task_init,0.047545,0,0
8,run7_initcall.txt,init_trace_sysctls,0.047564,0,0
8,run7_initcall.txt,trace_eval_init,0.047606,0,0
8,run7_initcall.txt,init_trace_stack_sysctls,0.047627,0,0
8,run7_initcall.txt,send_signal_irq_work_init,0.047645,0,0
8,run7_initcall.txt,dev_map_init,0.047668,0,0
8,run7_initcall.txt,netns_bpf_init,0.047688,0,0
8,run7_initcall.txt,oom_init,0.04777,0,0
8,run7_initcall.txt,init_user_buckets,0.047792,0,0
8,run7_initcall.txt,init_vm_util_sysctls,0.047813,0,0
8,run7_initcall.txt,default_bdi_init,0.047929,0,0
8,run7_initcall.txt,cgwb_init,0.047954,0,0
8,run7_initcall.txt,percpu_enable_async,0.047971,0,0
8,run7_initcall.txt,kcompactd_init,0.048087,0,0
8,run7_initcall.txt,init_mm_sysctl,0.048105,0,0
8,run7_initcall.txt,init_user_reserve,0.048122,0,0
8,run7_initcall.txt,init_admin_reserve,0.048137,0,0
8,run7_initcall.txt,init_reserve_notifier,0.048151,0,0
8,run7_initcall.txt,swap_init,0.048204,0,0
8,run7_initcall.txt,swapfile_init,0.048228,0,0
8,run7_initcall.txt,memory_tier_init,0.048281,0,0
8,run7_initcall.txt,numa_init_sysfs,0.048303,0,0
8,run7_initcall.txt,mem_cgroup_swap_init,0.04832,0,0
8,run7_initcall.txt,init_msg_buckets,0.048337,0,0
8,run7_initcall.txt,init_bio,0.048385,0,0
8,run7_initcall.txt,blk_ioc_init,0.048404,0,0
8,run7_initcall.txt,blk_mq_init,0.048422,0,0
8,run7_initcall.txt,genhd_device_init,0.048541,0,0
8,run7_initcall.txt,blkcg_punt_bio_init,0.048643,0,0
8,run7_initcall.txt,blk_integrity_auto_init,0.048712,0,0
8,run7_initcall.txt,io_wq_init,0.048732,0,0
8,run7_initcall.txt,crc_t10dif_mod_init,0.048759,0,0
8,run7_initcall.txt,sha256_mod_init,0.048779,0,0
8,run7_initcall.txt,sha512_mod_init,0.048796,0,0
8,run7_initcall.txt,sg_pool_init,0.048829,0,0
8,run7_initcall.txt,gpiolib_debugfs_init,0.048851,0,0
8,run7_initcall.txt,stmpe_gpio_init,0.048954,0,0
8,run7_initcall.txt,pwm_init,0.048983,0,0
8,run7_initcall.txt,leds_init,0.049015,0,0
8,run7_initcall.txt,pci_slot_init,0.049039,0,0
8,run7_initcall.txt,fbmem_init,0.049094,0,0
8,run7_initcall.txt,bcm2835_dma_init,0.049834,0,0
8,run7_initcall.txt,regulator_fixed_voltage_init,0.049918,0,0
8,run7_initcall.txt,gpio_regulator_init,0.049973,0,0
8,run7_initcall.txt,init_sysrq_sysctl,0.049997,0,0
8,run7_initcall.txt,misc_init,0.050028,0,0
8,run7_initcall.txt,iommu_subsys_init,0.050059,0,0
8,run7_initcall.txt,register_cpu_capacity_sysctl,0.050621,0,0
8,run7_initcall.txt,dma_buf_init,0.050692,0,0
8,run7_initcall.txt,dma_heap_init,0.05072,0,0
8,run7_initcall.txt,init_scsi,0.050818,0,0
8,run7_initcall.txt,mdio_bus_init,0.050849,0,0
8,run7_initcall.txt,phy_init,0.050899,0,0
8,run7_initcall.txt,usb_common_init,0.050921,0,0
8,run7_initcall.txt,usb_init,0.051038,0,0
8,run7_initcall.txt,usb_phy_generic_init,0.051191,0,0
8,run7_initcall.txt,usb_udc_init,0.051227,0,0
8,run7_initcall.txt,usb_roles_init,0.05125,0,0
8,run7_initcall.txt,input_init,0.051279,0,0
8,run7_initcall.txt,rtc_init,0.051304,0,0
8,run7_initcall.txt,rc_core_init,0.051333,0,0
8,run7_initcall.txt,pps_init,0.051367,0,0
8,run7_initcall.txt,ptp_init,0.051393,0,0
8,run7_initcall.txt,power_supply_class_init,0.051422,0,0
8,run7_initcall.txt,hwmon_init,0.051444,0,0
8,run7_initcall.txt,mmc_init,0.051491,0,0
8,run7_initcall.txt,dmi_init,0.051508,0,0
8,run7_initcall.txt,efisubsys_init,0.051526,0,0
8,run7_initcall.txt,arm_pmu_hp_init,0.051547,0,0
8,run7_initcall.txt,ras_init,0.051569,0,0
8,run7_initcall.txt,nvmem_init,0.051607,0,0
8,run7_initcall.txt,init_soundcore,0.051627,0,0
8,run7_initcall.txt,proto_init,0.051647,0,0
8,run7_initcall.txt,net_dev_init,0.051875,0,0
8,run7_initcall.txt,neigh_init,0.051895,0,0
8,run7_initcall.txt,fib_notifier_init,0.051912,0,0
8,run7_initcall.txt,netdev_genl_init,0.051952,0,0
8,run7_initcall.txt,page_pool_user_init,0.051969,0,0
8,run7_initcall.txt,fib_rules_init,0.051987,0,0
8,run7_initcall.txt,init_cgroup_netprio,0.052003,0,0
8,run7_initcall.txt,bpf_lwt_init,0.052018,0,0
8,run7_initcall.txt,pktsched_init,0.052042,0,0
8,run7_initcall.txt,tc_filter_init,0.052074,0,0
8,run7_initcall.txt,tc_action_init,0.052091,0,0
8,run7_initcall.txt,ethnl_init,0.052162,0,0
8,run7_initcall.txt,nexthop_init,0.052205,0,4000
8,run7_initcall.txt,devlink_init,0.052292,0,0
8,run7_initcall.txt,wireless_nlevent_init,0.052312,0,0
8,run7_initcall.txt,vsprintf_init_hashval,0.052334,0,0
8,run7_initcall.txt,init_32bit_el0_mask,0.052353,0,0
8,run7_initcall.txt,vga_arb_device_init,0.052484,0,0
8,run7_initcall.txt,watchdog_init,0.052598,0,0
8,run7_initcall.txt,create_debug_debugfs_entry,0.052709,0,0
8,run7_initcall.txt,iomem_init_inode,0.05276,0,0
8,run7_initcall.txt,clocksource_done_booting,0.052809,0,15
8,run7_initcall.txt,tracer_init_tracefs,0.052836,0,9
8,run7_initcall.txt,init_trace_printk_function_export,0.052927,0,72
8,run7_initcall.txt,init_graph_tracefs,0.05295,0,2
8,run7_initcall.txt,bpf_event_init,0.052968,0,1
8,run7_initcall.txt,init_kprobe_trace,0.428262,0,375272
8,run7_initcall.txt,init_dynamic_event,0.428353,0,11
8,run7_initcall.txt,bpf_init,0.428422,0,48
8,run7_initcall.txt,secretmem_init,0.428501,0,57
8,run7_initcall.txt,init_fs_stat_sysctls,0.428539,0,18
8,run7_initcall.txt,init_fs_exec_sysctls,0.428557,0,1
8,run7_initcall.txt,init_pipe_fs,0.428588,0,12
8,run7_initcall.txt,init_fs_namei_sysctls,0.428609,0,2
8,run7_initcall.txt,init_fs_dcache_sysctls,0.428636,0,9
8,run7_initcall.txt,init_fs_namespace_sysctls,0.428657,0,1
8,run7_initcall.txt,cgroup_writeback_init,0.428685,0,9
8,run7_initcall.txt,inotify_user_setup,0.428721,0,17
8,run7_initcall.txt,eventpoll_init,0.42876,0,19
8,run7_initcall.txt,anon_inode_init,0.428792,0,12
8,run7_initcall.txt,proc_locks_init,0.428848,0,5
8,run7_initcall.txt,backing_aio_init,0.428869,0,2
8,run7_initcall.txt,init_fs_coredump_sysctls,0.428896,0,8
8,run7_initcall.txt,init_vm_drop_caches_sysctls,0.428919,0,2
8,run7_initcall.txt,iomap_dio_init,0.428965,0,26
8,run7_initcall.txt,iomap_ioend_init,0.429023,0,40
8,run7_initcall.txt,dquot_init,0.429224,0,180
8,run7_initcall.txt,proc_cmdline_init,0.429254,0,2
8,run7_initcall.txt,proc_consoles_init,0.429275,0,1
8,run7_initcall.txt,proc_cpuinfo_init,0.429296,0,1
8,run7_initcall.txt,proc_devices_init,0.429318,0,1
8,run7_initcall.txt,proc_interrupts_init,0.429337,0,1
8,run7_initcall.txt,proc_loadavg_init,0.429357,0,1
8,run7_initcall.txt,proc_meminfo_init,0.429376,0,1
8,run7_initcall.txt,proc_stat_init,0.429399,0,4
8,run7_initcall.txt,proc_uptime_init,0.429419,0,1
8,run7_initcall.txt,proc_version_init,0.429439,0,1
8,run7_initcall.txt,proc_softirqs_init,0.429459,0,0
8,run7_initcall.txt,proc_kmsg_init,0.429478,0,2
8,run7_initcall.txt,proc_page_init,0.429495,0,3
8,run7_initcall.txt,init_ramfs_fs,0.42951,0,2
8,run7_initcall.txt,aa_create_aafs,0.429526,0,0
8,run7_initcall.txt,chr_dev_init,0.432656,0,3110
8,run7_initcall.txt,hwrng_modinit,0.432739,0,45
8,run7_initcall.txt,firmware_class_init,0.432761,0,1
8,run7_initcall.txt,sysctl_core_init,0.432833,0,48
8,run7_initcall.txt,eth_offload_init,0.432852,0,0
8,run7_initcall.txt,ipv4_offload_init,0.432871,0,2
8,run7_initcall.txt,inet_init,0.436888,0,4000
8,run7_initcall.txt,af_unix_init,0.436954,0,28
8,run7_initcall.txt,ipv6_offload_init,0.436976,0,2
8,run7_initcall.txt,init_sunrpc,0.437368,0,375
8,run7_initcall.txt,vlan_offload_init,0.437387,0,0
8,run7_initcall.txt,pci_apply_final_quirks,0.437416,0,11
8,run7_initcall.txt,populate_rootfs,0.437439,0,6
8,run7_initcall.txt,register_arm64_panic_block,0.437554,0,1
8,run7_initcall.txt,cpuinfo_regs_init,0.437663,0,87
8,run7_initcall.txt,aarch32_el0_sysfs_init,0.437684,0,0
8,run7_initcall.txt,kvm_arm_init,0.441724,0,4016
8,run7_initcall.txt,proc_execdomains_init,0.441782,0,5
8,run7_initcall.txt,register_warn_debugfs,0.441809,0,10
8,run7_initcall.txt,cpuhp_sysfs_init,0.441859,0,32
8,run7_initcall.txt,ioresources_init,0.441881,0,4
8,run7_initcall.txt,psi_proc_init,0.441899,0,0
8,run7_initcall.txt,irq_gc_init_ops,0.441917,0,0
8,run7_initcall.txt,irq_debugfs_init,0.44202,0,85
8,run7_initcall.txt,proc_modules_init,0.442057,0,3
8,run7_initcall.txt,timer_sysctl_init,0.442087,0,11
8,run7_initcall.txt,timekeeping_init_ops,0.442105,0,0
8,run7_initcall.txt,init_clocksource_sysfs,0.442199,0,79
8,run7_initcall.txt,init_timer_list_procfs,0.442221,0,3
8,run7_initcall.txt,alarmtimer_init,0.442304,0,67
8,run7_initcall.txt,clockevents_init_sysfs,0.442438,0,117
8,run7_initcall.txt,sched_clock_syscore_init,0.442457,0,0
8,run7_initcall.txt,kallsyms_init,0.442479,0,3
8,run7_initcall.txt,pid_namespaces_init,0.442547,0,53
8,run7_initcall.txt,audit_watch_init,0.442566,0,1
8,run7_initcall.txt,audit_fsnotify_init,0.442592,0,10
8,run7_initcall.txt,audit_tree_init,0.44261,0,2
8,run7_initcall.txt,seccomp_sysctl_init,0.442631,0,6
8,run7_initcall.txt,utsname_sysctl_init,0.442656,0,8
8,run7_initcall.txt,init_tracepoints,0.442672,0,1
8,run7_initcall.txt,init_lstats_procfs,0.442695,0,5
8,run7_initcall.txt,stack_trace_init,0.442744,0,32
8,run7_initcall.txt,init_blk_tracer,0.442778,0,16
8,run7_initcall.txt,perf_event_sysfs_init,0.442913,0,114
8,run7_initcall.txt,system_trusted_keyring_init,0.442955,0,18
8,run7_initcall.txt,kswapd_init,0.443262,0,287
8,run7_initcall.txt,extfrag_debug_init,0.443336,0,36
8,run7_initcall.txt,mm_compute_batch_init,0.443357,0,0
8,run7_initcall.txt,slab_proc_init,0.443381,0,6
8,run7_initcall.txt,workingset_init,0.443407,0,12
8,run7_initcall.txt,proc_vmalloc_init,0.443423,0,2
8,run7_initcall.txt,memblock_init_debugfs,0.443445,0,6
8,run7_initcall.txt,slab_debugfs_init,0.443476,0,14
8,run7_initcall.txt,procswaps_init,0.443498,0,6
8,run7_initcall.txt,zs_init,0.443516,0,0
8,run7_initcall.txt,fcntl_init,0.443536,0,4
8,run7_initcall.txt,proc_filesystems_init,0.443555,0,1
8,run7_initcall.txt,start_dirtytime_writeback,0.443582,0,8
8,run7_initcall.txt,dio_init,0.443606,0,3
8,run7_initcall.txt,dnotify_init,0.443657,0,32
8,run7_initcall.txt,fanotify_user_setup,0.443691,0,12
8,run7_initcall.txt,aio_setup,0.443791,0,80
8,run7_initcall.txt,mbcache_init,0.443827,0,6
8,run7_initcall.txt,init_grace,0.443849,0,4
8,run7_initcall.txt,init_devpts_fs,0.44388,0,14
8,run7_initcall.txt,ext4_init_fs,0.444007,0,111
8,run7_initcall.txt,journal_init,0.444042,0,15
8,run7_initcall.txt,init_fat_fs,0.444063,0,5
8,run7_initcall.txt,init_vfat_fs,0.444078,0,1
8,run7_initcall.txt,init_msdos_fs,0.444093,0,0
8,run7_initcall.txt,init_nfs_fs,0.444406,0,291
8,run7_initcall.txt,init_nfs_v2,0.444452,0,0
8,run7_initcall.txt,init_nfs_v3,0.444467,0,0
8,run7_initcall.txt,init_nfs_v4,0.444527,0,46
8,run7_initcall.txt,nfs4filelayout_init,0.444551,0,7
8,run7_initcall.txt,nfs4flexfilelayout_init,0.444572,0,6
8,run7_initcall.txt,init_nlm,0.444627,0,40
8,run7_initcall.txt,init_nls_cp437,0.444651,0,0
8,run7_initcall.txt,init_nls_ascii,0.444665,0,0
8,run7_initcall.txt,init_autofs_fs,0.444867,0,186
8,run7_initcall.txt,init_f2fs_fs,0.445066,0,177
8,run7_initcall.txt,ipc_init,0.445101,0,15
8,run7_initcall.txt,ipc_sysctl_init,0.445146,0,29
8,run7_initcall.txt,init_mqueue_fs,0.445231,0,68
8,run7_initcall.txt,key_proc_init,0.445254,0,3
8,run7_initcall.txt,bpf_crypto_skcipher_init,0.445278,0,0
8,run7_initcall.txt,dh_init,0.445297,0,2
8,run7_initcall.txt,rsa_init,0.445316,0,3
8,run7_initcall.txt,cryptomgr_init,0.445333,0,0
8,run7_initcall.txt,hmac_module_init,0.445351,0,0
8,run7_initcall.txt,crypto_sha256_mod_init,0.445372,0,4
8,run7_initcall.txt,crypto_ecb_module_init,0.445389,0,0
8,run7_initcall.txt,crypto_cbc_module_init,0.445405,0,0
8,run7_initcall.txt,crypto_cts_module_init,0.445423,0,0
8,run7_initcall.txt,xts_module_init,0.445439,0,0
8,run7_initcall.txt,des_generic_mod_init,0.445457,0,1
8,run7_initcall.txt,aes_init,0.445473,0,0
8,run7_initcall.txt,lzo_mod_init,0.44549,0,1
8,run7_initcall.txt,lzorle_mod_init,0.445507,0,1
8,run7_initcall.txt,asymmetric_key_init,0.445529,0,6
8,run7_initcall.txt,x509_key_init,0.445551,0,5
8,run7_initcall.txt,crypto_kdf108_init,0.445569,0,0
8,run7_initcall.txt,blkdev_init,0.445611,0,23
8,run7_initcall.txt,proc_genhd_init,0.445635,0,5
8,run7_initcall.txt,bsg_init,0.445683,0,31
8,run7_initcall.txt,throtl_init,0.445909,0,205
8,run7_initcall.txt,deadline_init,0.445945,0,7
8,run7_initcall.txt,kyber_init,0.445966,0,5
8,run7_initcall.txt,bfq_init,0.446028,0,42
8,run7_initcall.txt,io_uring_init,0.446089,0,42
8,run7_initcall.txt,btree_module_init,0.446111,0,2
8,run7_initcall.txt,percpu_counter_startup,0.446197,0,67
8,run7_initcall.txt,audit_classes_init,0.446241,0,13
8,run7_initcall.txt,gicv5_iwb_platform_driver_init,0.446385,0,125
8,run7_initcall.txt,mip_msi_driver_init,0.446445,0,39
8,run7_initcall.txt,bcm7038_l1_driver_init,0.4465,0,35
8,run7_initcall.txt,bcm7120_l2_driver_init,0.446572,0,44
8,run7_initcall.txt,brcmstb_l2_driver_init,0.446956,0,363
8,run7_initcall.txt,simple_pm_bus_driver_init,0.447573,0,591
8,run7_initcall.txt,phy_core_init,0.44762,0,23
8,run7_initcall.txt,brcm_usb_driver_init,0.447727,0,87
8,run7_initcall.txt,rp1_pinctrl_driver_init,0.447782,0,34
8,run7_initcall.txt,bcm2835_pinctrl_driver_init,0.449279,0,1476
8,run7_initcall.txt,bcm2712_pinctrl_driver_init,0.449379,0,68
8,run7_initcall.txt,brcmvirt_gpio_driver_init,0.449439,0,39
8,run7_initcall.txt,brcmstb_gpio_driver_init,0.4495,0,39
8,run7_initcall.txt,rpi_exp_gpio_driver_init,0.450202,0,680
8,run7_initcall.txt,brcmstb_pwm_driver_init,0.450295,0,54
8,run7_initcall.txt,rp1_pwm_driver_init,0.450355,0,38
8,run7_initcall.txt,gpio_led_driver_init,0.670441,0,220066
8,run7_initcall.txt,led_pwm_driver_init,0.670571,0,95
8,run7_initcall.txt,timer_led_trigger_init,0.670598,0,4
8,run7_initcall.txt,oneshot_led_trigger_init,0.670626,0,0
8,run7_initcall.txt,heartbeat_trig_init,0.67065,0,5
8,run7_initcall.txt,bl_led_trigger_init,0.670669,0,0
8,run7_initcall.txt,ledtrig_cpu_init,0.670849,0,161
8,run7_initcall.txt,defon_led_trigger_init,0.670947,0,73
8,run7_initcall.txt,input_trig_init,0.670972,0,1
8,run7_initcall.txt,ledtrig_panic_init,0.670993,0,2
8,run7_initcall.txt,actpwr_trig_init,0.672304,0,1287
8,run7_initcall.txt,pcie_portdrv_init,0.672491,0,115
8,run7_initcall.txt,pci_proc_init,0.672528,0,13
8,run7_initcall.txt,brcm_pcie_driver_init,0.785927,0,113376
8,run7_initcall.txt,bcm2708_fb_init,0.786023,0,73
8,run7_initcall.txt,simplefb_driver_init,0.812109,0,26070
8,run7_initcall.txt,of_fixed_factor_clk_driver_init,0.812212,0,41
8,run7_initcall.txt,of_fixed_clk_driver_init,0.812298,0,36
8,run7_initcall.txt,gpio_clk_driver_init,0.812388,0,44
8,run7_initcall.txt,gated_fixed_clk_driver_init,0.812472,0,36
8,run7_initcall.txt,rp1_clk_driver_init,0.812557,0,35
8,run7_initcall.txt,rp1_sdio_clk_driver_init,0.812638,0,36
8,run7_initcall.txt,clk_dvp_driver_init,0.812859,0,174
8,run7_initcall.txt,bcm2835_aux_clk_driver_init,0.812973,0,64
8,run7_initcall.txt,raspberrypi_clk_driver_init,0.830243,0,17219
8,run7_initcall.txt,dw_driver_init,0.830344,0,53
8,run7_initcall.txt,bcm2835_power_driver_init,0.830414,0,23
8,run7_initcall.txt,rpi_power_driver_init,0.83184,0,1377
8,run7_initcall.txt,brcmstb_reset_driver_init,0.83193,0,40
8,run7_initcall.txt,brcm_rescal_reset_driver_init,0.832016,0,36
8,run7_initcall.txt,rpi_reset_driver_init,0.832179,0,114
8,run7_initcall.txt,reset_simple_driver_init,0.832311,0,83
8,run7_initcall.txt,n_null_init,0.832361,0,0
8,run7_initcall.txt,pty_init,0.832495,0,92
8,run7_initcall.txt,sysrq_init,0.832554,0,15
8,run7_initcall.txt,serial8250_init,0.832599,-19,0
8,run7_initcall.txt,bcm2835aux_serial_driver_init,0.832689,0,43
8,run7_initcall.txt,brcmuart_init,0.832792,0,53
8,run7_initcall.txt,exar_pci_driver_init,0.832909,0,42
8,run7_initcall.txt,of_platform_serial_driver_init,0.833055,0,94
8,run7_initcall.txt,serial_pci_driver_init,0.83314,0,32
8,run7_initcall.txt,pericom8250_pci_driver_init,0.833208,0,17
8,run7_initcall.txt,init_kgdboc,0.833362,0,107
8,run7_initcall.txt,random_sysctls_init,0.833432,0,23
8,run7_initcall.txt,ttyprintk_init,0.833544,0,62
8,run7_initcall.txt,bcm2835_rng_driver_init,0.833653,0,60
8,run7_initcall.txt,bcm74110_rng_driver_init,0.83374,0,36
8,run7_initcall.txt,iproc_rng200_driver_init,0.834086,0,294
8,run7_initcall.txt,smccc_trng_driver_init,0.834166,0,27
8,run7_initcall.txt,vc_mem_init,0.834363,0,149
8,run7_initcall.txt,vcio_driver_init,0.83738,0,2967
8,run7_initcall.txt,bcm2712_iommu_driver_init,0.842452,0,50
8,run7_initcall.txt,bcm2712_iommu_cache_driver_init,0.847678,0,40
8,run7_initcall.txt,topology_sysfs_init,0.852936,0,65
8,run7_initcall.txt,cacheinfo_sysfs_init,0.858414,0,259
8,run7_initcall.txt,devcoredump_init,0.863699,0,11
8,run7_initcall.txt,brd_init,0.875568,0,6633
8,run7_initcall.txt,loop_init,0.886297,0,5443
8,run7_initcall.txt,bcm2835_pm_driver_init,0.894344,0,2779
8,run7_initcall.txt,stmpe_i2c_driver_init,0.899613,0,18
8,run7_initcall.txt,stmpe_spi_driver_init,0.904791,0,13
8,run7_initcall.txt,rp1_driver_init,0.910018,0,29
8,run7_initcall.txt,system_heap_create,0.915348,0,110
8,run7_initcall.txt,add_default_cma_heap,0.920715,0,91
8,run7_initcall.txt,udmabuf_dev_init,0.926036,0,48
8,run7_initcall.txt,iscsi_transport_init,0.934167,0,2885
8,run7_initcall.txt,init_sd,0.939273,0,27
8,run7_initcall.txt,nvme_core_init,0.944774,0,277
8,run7_initcall.txt,nvme_init,0.950078,0,35
8,run7_initcall.txt,blackhole_netdev_init,0.955327,0,23
8,run7_initcall.txt,netkit_init,0.960554,0,6
8,run7_initcall.txt,phylink_init,0.965771,0,0
8,run7_initcall.txt,phy_module_init,0.971123,0,172
8,run7_initcall.txt,phy_module_init,0.976405,0,178
8,run7_initcall.txt,fixed_mdio_bus_init,0.981818,0,165
8,run7_initcall.txt,phy_module_init,0.987221,0,174
8,run7_initcall.txt,phy_module_init,0.992516,0,24
8,run7_initcall.txt,phy_module_init,0.997921,0,67
8,run7_initcall.txt,unimac_mdio_driver_init,1.003407,0,134
8,run7_initcall.txt,macb_driver_init,1.008806,0,124
8,run7_initcall.txt,bcmgenet_driver_init,1.232512,0,218239
8,run7_initcall.txt,bcmasp_driver_init,1.23818,0,93
8,run7_initcall.txt,lan78xx_driver_init,1.246719,0,2893
8,run7_initcall.txt,smsc95xx_driver_init,1.255417,0,2918
8,run7_initcall.txt,usbnet_init,1.26124,0,0
8,run7_initcall.txt,xhci_hcd_init,1.267081,0,18
8,run7_initcall.txt,xhci_pci_init,1.444132,0,171403
8,run7_initcall.txt,xhci_plat_init,1.449911,0,132
8,run7_initcall.txt,dwc_otg_driver_init,1.466753,0,11197
8,run7_initcall.txt,dwc_common_port_init_module,1.475164,0,2944
8,run7_initcall.txt,dwc3_driver_init,1.480884,0,79
8,run7_initcall.txt,dwc3_haps_driver_init,1.486541,0,28
8,run7_initcall.txt,dwc3_of_simple_driver_init,1.4922,0,63
8,run7_initcall.txt,dwc3_generic_driver_init,1.49784,0,44
8,run7_initcall.txt,dwc2_platform_driver_init,1.50357,0,149
8,run7_initcall.txt,uas_init,1.511887,0,2905
8,run7_initcall.txt,usb_storage_driver_init,1.520238,0,2791
8,run7_initcall.txt,brcmstb_usb_pinmap_init,1.525887,-19,83
8,run7_initcall.txt,bdc_driver_init,1.531543,0,50
8,run7_initcall.txt,input_leds_init,1.537825,0,655
8,run7_initcall.txt,mousedev_init,1.546415,0,2959
8,run7_initcall.txt,evdev_init,1.552081,0,0
8,run7_initcall.txt,brcmstb_waketmr_driver_init,1.557796,0,92
8,run7_initcall.txt,rpi_rtc_driver_init,1.563443,0,42
8,run7_initcall.txt,init_rc_map_adstech_dvb_t_pci,1.569042,0,0
8,run7_initcall.txt,init_rc_map_alink_dtu_m,1.574599,0,118
8,run7_initcall.txt,init_rc_map_anysee,1.580198,0,0
8,run7_initcall.txt,init_rc_map_apac_viewcomp,1.585768,0,0
8,run7_initcall.txt,init_rc_map_t2hybrid,1.591363,0,0
8,run7_initcall.txt,init_rc_map_asus_pc39,1.596939,0,0
8,run7_initcall.txt,init_rc_map_asus_ps3_100,1.602608,0,89
8,run7_initcall.txt,init_rc_map_ati_tv_wonder_hd_600,1.608031,0,0
8,run7_initcall.txt,init_rc_map_ati_x10,1.613578,0,0
8,run7_initcall.txt,init_rc_map_avermedia_a16d,1.619122,0,0
8,run7_initcall.txt,init_rc_map_avermedia_cardbus,1.62463,0,0
8,run7_initcall.txt,init_rc_map_avermedia_dvbt,1.630125,0,0
8,run7_initcall.txt,init_rc_map_avermedia_m135a,1.635628,0,0
8,run7_initcall.txt,init_rc_map_avermedia_m733a_rm_k6,1.641004,0,0
8,run7_initcall.txt,init_rc_map_avermedia,1.646511,0,0
8,run7_initcall.txt,init_rc_map_avermedia_rm_ks,1.652018,0,0
8,run7_initcall.txt,init_rc_map_avertv_303,1.660297,0,2780
8,run7_initcall.txt,init_rc_map_azurewave_ad_tu700,1.665967,0,46
8,run7_initcall.txt,init_rc_map_beelink_gs1,1.671405,0,0
8,run7_initcall.txt,init_rc_map_beelink_mxiii,1.676849,0,0
8,run7_initcall.txt,init_rc_map_behold_columbus,1.682373,0,0
8,run7_initcall.txt,init_rc_map_behold,1.687883,0,0
8,run7_initcall.txt,init_rc_map_budget_ci_old,1.693387,0,0
8,run7_initcall.txt,init_rc_map_cinergy_1400,1.698859,0,0
8,run7_initcall.txt,init_rc_map_cinergy,1.7043,0,0
8,run7_initcall.txt,init_rc_map_ct_90405,1.70962,0,0
8,run7_initcall.txt,init_rc_map_d680_dmb,1.715041,0,0
8,run7_initcall.txt,init_rc_map_delock_61959,1.720444,0,0
8,run7_initcall.txt,init_rc_map,1.72584,0,0
8,run7_initcall.txt,init_rc_map,1.731309,0,83
8,run7_initcall.txt,init_rc_map_digitalnow_tinytwin,1.736742,0,0
8,run7_initcall.txt,init_rc_map_digittrade,1.742022,0,0
8,run7_initcall.txt,init_rc_map_dm1105_nec,1.747432,0,0
8,run7_initcall.txt,init_rc_map_dntv_live_dvb_t,1.752857,0,0
8,run7_initcall.txt,init_rc_map_dntv_live_dvbt_pro,1.758266,0,0
8,run7_initcall.txt,init_rc_map_dreambox,1.763653,0,0
8,run7_initcall.txt,init_rc_map_dtt200u,1.769057,0,0
8,run7_initcall.txt,init_rc_map_rc5_dvbsky,1.774324,0,0
8,run7_initcall.txt,init_rc_map_dvico_mce,1.779969,0,0
8,run7_initcall.txt,init_rc_map_dvico_portable,1.785424,0,35
8,run7_initcall.txt,init_rc_map_em_terratec,1.790907,0,52
8,run7_initcall.txt,init_rc_map_encore_enltv2,1.796324,0,0
8,run7_initcall.txt,init_rc_map_encore_enltv_fm53,1.801762,0,0
8,run7_initcall.txt,init_rc_map_encore_enltv,1.8071,0,38
8,run7_initcall.txt,init_rc_map_evga_indtube,1.81259,0,0
8,run7_initcall.txt,init_rc_map_eztv,1.823558,0,0
8,run7_initcall.txt,init_rc_map_flydvb,1.831871,0,2
8,run7_initcall.txt,init_rc_map_flyvideo,1.840046,0,0
8,run7_initcall.txt,init_rc_map_fusionhdtv_mce,1.848309,0,0
8,run7_initcall.txt,init_rc_map_gadmei_rm008z,1.856561,0,0
8,run7_initcall.txt,init_rc_map_geekbox,1.864779,0,0
8,run7_initcall.txt,init_rc_map_genius_tvgo_a11mce,1.870274,0,0
8,run7_initcall.txt,init_rc_map_gotview7135,1.875583,0,0
8,run7_initcall.txt,init_rc_map_rc5_hauppauge_new,1.881048,0,0
8,run7_initcall.txt,init_rc_map_hisi_poplar,1.886502,0,0
8,run7_initcall.txt,init_rc_map_hisi_tv_demo,1.891989,0,0
8,run7_initcall.txt,init_rc_map_imon_mce,1.897447,0,0
8,run7_initcall.txt,init_rc_map_imon_pad,1.902892,0,0
8,run7_initcall.txt,init_rc_map_imon_rsc,1.908148,0,0
8,run7_initcall.txt,init_rc_map_iodata_bctv7e,1.913565,0,0
8,run7_initcall.txt,init_rc_it913x_v1_map,1.918972,0,0
8,run7_initcall.txt,init_rc_it913x_v2_map,1.924367,0,0
8,run7_initcall.txt,init_rc_map_kaiomy,1.929752,0,0
8,run7_initcall.txt,init_rc_map_khadas,1.935105,0,0
8,run7_initcall.txt,init_rc_map_khamsin,1.940315,0,0
8,run7_initcall.txt,init_rc_map_kworld_315u,1.945681,0,0
8,run7_initcall.txt,init_rc_map_kworld_pc150u,1.951035,0,0
8,run7_initcall.txt,init_rc_map_kworld_plus_tv_analog,1.956476,0,40
8,run7_initcall.txt,init_rc_map_leadtek_y04g0051,1.961933,0,38
8,run7_initcall.txt,init_rc_lme2510_map,1.967384,0,12
8,run7_initcall.txt,init_rc_map_manli,1.972625,0,0
8,run7_initcall.txt,init_rc_map_mecool_kiii_pro,1.978032,0,0
8,run7_initcall.txt,init_rc_map_mecool_kii_pro,1.983453,0,0
8,run7_initcall.txt,init_rc_map_medion_x10_digitainer,1.988865,0,0
8,run7_initcall.txt,init_rc_map_medion_x10,1.994232,0,0
8,run7_initcall.txt,init_rc_map_medion_x10_or2x,1.99962,0,0
8,run7_initcall.txt,init_rc_map_minix_neo,2.004887,0,0
8,run7_initcall.txt,init_rc_map_msi_digivox_iii,2.010216,0,0
8,run7_initcall.txt,init_rc_map_msi_digivox_ii,2.015549,0,0
8,run7_initcall.txt,init_rc_map_msi_tvanywhere,2.021081,0,0
8,run7_initcall.txt,init_rc_map_msi_tvanywhere_plus,2.026375,0,0
8,run7_initcall.txt,init_rc_map_mygica_utv3,2.031678,0,0
8,run7_initcall.txt,init_rc_map_nebula,2.036985,0,0
8,run7_initcall.txt,init_rc_map_nec_terratec_cinergy_xs,2.042151,0,0
8,run7_initcall.txt,init_rc_map_norwood,2.047465,0,0
8,run7_initcall.txt,init_rc_map_npgtech,2.052786,0,0
8,run7_initcall.txt,init_rc_map_odroid,2.058097,0,0
8,run7_initcall.txt,init_rc_map_pctv_sedna,2.063381,0,0
8,run7_initcall.txt,init_rc_map_pine64,2.068672,0,0
8,run7_initcall.txt,init_rc_map_pinnacle_color,2.073829,0,0
8,run7_initcall.txt,init_rc_map_pinnacle_grey,2.07912,0,0
8,run7_initcall.txt,init_rc_map_pinnacle_pctv_hd,2.084421,0,0
8,run7_initcall.txt,init_rc_map_pixelview,2.089703,0,0
8,run7_initcall.txt,init_rc_map_pixelview,2.09497,0,0
8,run7_initcall.txt,init_rc_map_pixelview_new,2.100269,0,0
8,run7_initcall.txt,init_rc_map_pixelview,2.105428,0,0
8,run7_initcall.txt,init_rc_map_powercolor_real_angel,2.110716,0,0
8,run7_initcall.txt,init_rc_map_proteus_2309,2.116008,0,0
8,run7_initcall.txt,init_rc_map_purpletv,2.121295,0,0
8,run7_initcall.txt,init_rc_map_pv951,2.126611,0,0
8,run7_initcall.txt,init_rc_map_rc6_mce,2.131913,0,0
8,run7_initcall.txt,init_rc_map_real_audio_220_32_keys,2.137248,0,0
8,run7_initcall.txt,init_rc_map_reddo,2.142409,0,0
8,run7_initcall.txt,init_rc_map_siemens_gigaset_rc20,2.147727,0,0
8,run7_initcall.txt,init_rc_map_snapstream_firefly,2.153074,0,0
8,run7_initcall.txt,init_rc_map_streamzap,2.158404,0,0
8,run7_initcall.txt,init_rc_map_su3000,2.163731,0,0
8,run7_initcall.txt,init_rc_map_tanix_tx3mini,2.169015,0,0
8,run7_initcall.txt,init_rc_map_tanix_tx5max,2.174181,0,0
8,run7_initcall.txt,init_rc_map_tbs_nec,2.1795,0,0
8,run7_initcall.txt,init_rc_map,2.184815,0,0
8,run7_initcall.txt,init_rc_map,2.190137,0,0
8,run7_initcall.txt,init_rc_map_terratec_cinergy_c_pci,2.195454,0,0
8,run7_initcall.txt,init_rc_map_terratec_cinergy_s2_hd,2.200777,0,0
8,run7_initcall.txt,init_rc_map_terratec_cinergy_xs,2.205953,0,0
8,run7_initcall.txt,init_rc_map_terratec_slim_2,2.211247,0,0
8,run7_initcall.txt,init_rc_map_terratec_slim,2.216541,0,0
8,run7_initcall.txt,init_rc_map_tevii_nec,2.221861,0,7
8,run7_initcall.txt,init_rc_map_tivo,2.227199,0,0
8,run7_initcall.txt,init_rc_map_total_media_in_hand_02,2.23249,0,0
8,run7_initcall.txt,init_rc_map_total_media_in_hand,2.237745,0,0
8,run7_initcall.txt,init_rc_map_trekstor,2.242911,0,0
8,run7_initcall.txt,init_rc_map_tt_1500,2.248211,0,0
8,run7_initcall.txt,init_rc_map_twinhan_vp1027,2.25353,0,0
8,run7_initcall.txt,init_rc_map_twinhan_dtv_cab_ci,2.25885,0,0
8,run7_initcall.txt,init_rc_map_vega_s9x,2.264172,0,0
8,run7_initcall.txt,init_rc_map_videomate_k100,2.269473,0,0
8,run7_initcall.txt,init_rc_map_videomate_s350,2.274634,0,0
8,run7_initcall.txt,init_rc_map_videomate_tv_pvr,2.279948,0,0
8,run7_initcall.txt,init_rc_map_kii_pro,2.285266,0,0
8,run7_initcall.txt,init_rc_map_wetek_hub,2.290582,0,0
8,run7_initcall.txt,init_rc_map_wetek_play2,2.295893,0,0
8,run7_initcall.txt,init_rc_map_winfast,2.301228,0,0
8,run7_initcall.txt,init_rc_map_winfast_usbii_deluxe,2.306418,0,0
8,run7_initcall.txt,init_rc_map_x96max,2.311747,0,0
8,run7_initcall.txt,init_rc_map,2.31706,0,0
8,run7_initcall.txt,init_rc_map,2.322363,0,0
8,run7_initcall.txt,init_rc_map_zx_irdec,2.327663,0,0
8,run7_initcall.txt,ptp_kvm_init,2.332998,-95,1
8,run7_initcall.txt,gpio_poweroff_driver_init,2.338301,0,97
8,run7_initcall.txt,bcm2711_thermal_driver_init,2.346651,0,3037
8,run7_initcall.txt,bcm2835_thermal_driver_init,2.35207,0,64
8,run7_initcall.txt,bcm2835_wdt_driver_init,2.357449,0,32
8,run7_initcall.txt,dt_cpufreq_platdrv_init,2.362836,0,30
8,run7_initcall.txt,brcm_avs_cpufreq_platdrv_init,2.368255,0,49
8,run7_initcall.txt,raspberrypi_cpufreq_driver_init,2.379791,0,6286
8,run7_initcall.txt,mmc_pwrseq_simple_driver_init,2.385338,0,89
8,run7_initcall.txt,mmc_pwrseq_emmc_driver_init,2.390848,0,48
8,run7_initcall.txt,mmc_blk_init,2.396364,0,34
8,run7_initcall.txt,sdhci_drv_init,2.407165,0,5333
8,run7_initcall.txt,bcm2835_mmc_driver_init,2.415472,0,2809
8,run7_initcall.txt,bcm2835_driver_init,2.421066,0,46
8,run7_initcall.txt,sdhci_pltfm_drv_init,2.429396,0,2794
8,run7_initcall.txt,sdhci_iproc_driver_init,2.435043,0,89
8,run7_initcall.txt,sdhci_brcmstb_driver_init,2.435121,0,61
8,run7_initcall.txt,esrt_sysfs_init,2.435141,-38,1
8,run7_initcall.txt,smccc_devices_init,2.435154,0,0
8,run7_initcall.txt,smccc_soc_init,2.435168,0,1
8,run7_initcall.txt,arch_timer_mmio_drv_init,2.435228,0,47
8,run7_initcall.txt,arch_timer_mmio_acpi_drv_init,2.43527,0,28
8,run7_initcall.txt,hid_init,2.435353,0,70
8,run7_initcall.txt,hid_generic_init,2.435411,0,44
8,run7_initcall.txt,hid_init,2.435469,0,46
8,run7_initcall.txt,vchiq_driver_init,2.508932,0,73450
8,run7_initcall.txt,bcm74110_mbox_driver_init,2.515731,0,88
8,run7_initcall.txt,extcon_class_init,2.521292,0,10
8,run7_initcall.txt,armv8_pmu_driver_init,2.533127,0,6321
8,run7_initcall.txt,binder_init,2.538612,0,64
8,run7_initcall.txt,rpi_otp_driver_init,2.55289,0,8718
8,run7_initcall.txt,sock_diag_init,2.558459,0,38
8,run7_initcall.txt,blackhole_init,2.563988,0,1
8,run7_initcall.txt,cls_bpf_init_mod,2.569516,0,0
8,run7_initcall.txt,gre_offload_init,2.574886,0,6
8,run7_initcall.txt,sysctl_ipv4_init,2.580451,0,71
8,run7_initcall.txt,cubictcp_register,2.585982,0,3
8,run7_initcall.txt,packet_init,2.594252,0,2769
8,run7_initcall.txt,init_rpcsec_gss,2.599777,0,21
8,run7_initcall.txt,init_kerberos_module,2.605178,0,5
8,run7_initcall.txt,dcbnl_init,2.61067,0,7
8,run7_initcall.txt,init_dns_resolver,2.618995,0,2795
8,run7_initcall.txt,handshake_init,2.624599,0,36
8,run7_initcall.txt,check_mmu_enabled_at_boot,2.63021,0,8
8,run7_initcall.txt,finalize_pkvm,2.635791,0,0
8,run7_initcall.txt,kernel_do_mounts_initrd_sysctls_init,2.644149,0,7
8,run7_initcall.txt,kernel_panic_sysctls_init,2.64978,0,13
8,run7_initcall.txt,kernel_panic_sysfs_init,2.655398,0,10
8,run7_initcall.txt,kernel_exit_sysctls_init,2.661035,0,3
8,run7_initcall.txt,kernel_exit_sysfs_init,2.666679,0,7
8,run7_initcall.txt,param_sysfs_builtin_init,2.681983,0,9847
8,run7_initcall.txt,reboot_ksysfs_init,2.687869,0,29
8,run7_initcall.txt,sched_core_sysctl_init,2.694279,0,735
8,run7_initcall.txt,sched_fair_sysctl_init,2.700033,0,2
8,run7_initcall.txt,sched_rt_sysctl_init,2.705702,0,5
8,run7_initcall.txt,sched_dl_sysctl_init,2.711366,0,9
8,run7_initcall.txt,sched_init_debug,2.717085,0,94
8,run7_initcall.txt,cpu_latency_qos_init,2.722877,0,164
8,run7_initcall.txt,printk_late_init,2.72851,0,19
8,run7_initcall.txt,init_srcu_module_notifier,2.734149,0,2
8,run7_initcall.txt,kernel_rcu_stall_sysfs_init,2.739613,0,5
8,run7_initcall.txt,swiotlb_create_default_debugfs,2.745253,0,13
8,run7_initcall.txt,tk_debug_sleep_time_init,2.750908,0,8
8,run7_initcall.txt,bpf_ksym_iter_register,2.756532,0,1
8,run7_initcall.txt,kernel_acct_sysctls_init,2.762135,0,4
8,run7_initcall.txt,bpf_rstat_kfunc_init,2.767716,0,2
8,run7_initcall.txt,debugfs_kprobe_init,2.773138,0,27
8,run7_initcall.txt,kernel_delayacct_sysctls_init,2.778691,0,8
8,run7_initcall.txt,taskstats_init,2.787043,0,2797
8,run7_initcall.txt,ftrace_sysctl_init,2.792579,0,2
8,run7_initcall.txt,bpf_kprobe_multi_kfuncs_init,2.7981,0,1
8,run7_initcall.txt,kdb_ftrace_register,2.803627,0,7
8,run7_initcall.txt,bpf_global_ma_init,2.809131,0,118
8,run7_initcall.txt,bpf_syscall_sysctl_init,2.814697,0,24
8,run7_initcall.txt,unbound_reg_init,2.820236,0,0
8,run7_initcall.txt,kfunc_init,2.82579,0,2
8,run7_initcall.txt,bpf_map_iter_init,2.831322,0,6
8,run7_initcall.txt,init_subsystem,2.836879,0,0
8,run7_initcall.txt,task_iter_init,2.842268,0,5
8,run7_initcall.txt,bpf_prog_iter_init,2.847795,0,0
8,run7_initcall.txt,bpf_link_iter_init,2.853322,0,0
8,run7_initcall.txt,init_trampolines,2.858848,0,7
8,run7_initcall.txt,rqspinlock_register_kfuncs,2.864364,0,0
8,run7_initcall.txt,kfunc_init,2.86989,0,0
8,run7_initcall.txt,bpf_cgroup_iter_init,2.875263,0,5
8,run7_initcall.txt,cpumask_kfunc_init,2.880811,0,11
8,run7_initcall.txt,crypto_kfunc_init,2.886335,0,6
8,run7_initcall.txt,bpf_kmem_cache_iter_init,2.891871,0,0
8,run7_initcall.txt,dmabuf_iter_init,2.897402,0,0
8,run7_initcall.txt,load_system_certificate_list,2.90547,0,2583
8,run7_initcall.txt,init_lru_gen,2.910989,0,29
8,run7_initcall.txt,vmstat_late_init,2.916506,0,1
8,run7_initcall.txt,fault_around_debugfs,2.922061,0,3
8,run7_initcall.txt,slab_sysfs_init,2.931693,0,4087
8,run7_initcall.txt,max_swapfiles_check,2.937395,0,13
8,run7_initcall.txt,zswap_init,2.942805,0,0
8,run7_initcall.txt,mempolicy_sysfs_init,2.948384,0,24
8,run7_initcall.txt,memory_tier_late_init,2.959617,0,5675
8,run7_initcall.txt,check_early_ioremap_leak,2.9652,0,0
8,run7_initcall.txt,mg_debugfs_init,2.970755,0,25
8,run7_initcall.txt,fscrypt_init,2.981756,0,5606
8,run7_initcall.txt,pstore_init,2.987286,0,17
8,run7_initcall.txt,init_root_keyring,2.992887,0,39
8,run7_initcall.txt,init_profile_hash,2.998422,0,7
8,run7_initcall.txt,integrity_fs_init,3.003975,0,21
8,run7_initcall.txt,crypto_algapi_init,3.009394,0,11
8,run7_initcall.txt,blk_timeout_init,3.0149,0,5
8,run7_initcall.txt,depot_debugfs_init,3.02043,0,12
8,run7_initcall.txt,pci_resource_alignment_sysfs_init,3.025946,0,8
8,run7_initcall.txt,pci_sysfs_init,3.031461,0,20
8,run7_initcall.txt,clk_debug_init,3.037382,0,414
8,run7_initcall.txt,genpd_debug_init,3.043128,0,385
8,run7_initcall.txt,sync_state_resume_initcall,3.048658,0,1
8,run7_initcall.txt,deferred_probe_initcall,3.147637,0,93484
8,run7_initcall.txt,efi_shutdown_init,3.154412,-19,8
8,run7_initcall.txt,efi_earlycon_unmap_fb,3.160121,0,2
8,run7_initcall.txt,psci_debugfs_init,3.165478,0,0
8,run7_initcall.txt,of_cfs_init,3.175884,0,5151
8,run7_initcall.txt,of_fdt_raw_init,3.181147,0,36
8,run7_initcall.txt,bpf_kfunc_init,3.186357,0,2
8,run7_initcall.txt,init_subsystem,3.191579,0,0
8,run7_initcall.txt,xdp_metadata_init,3.196812,0,0
8,run7_initcall.txt,bpf_sockmap_iter_init,3.202042,0,1
8,run7_initcall.txt,bpf_sk_storage_map_iter_init,3.212409,0,0
8,run7_initcall.txt,bpf_prog_test_run_init,3.217784,0,1
8,run7_initcall.txt,bpf_dummy_struct_ops_init,3.223077,0,0
8,run7_initcall.txt,tcp_congestion_default,3.22839,0,1
8,run7_initcall.txt,inet_blackhole_dev_init,3.238939,0,9
8,run7_initcall.txt,ip_auto_config,3.244311,0,12
8,run7_initcall.txt,tcp_bpf_v4_build_proto,3.249666,0,1
8,run7_initcall.txt,udp_bpf_v4_build_proto,3.255019,0,1
8,run7_initcall.txt,bpf_tcp_ca_kfunc_init,3.26036,0,0
8,run7_initcall.txt,bpf_mptcp_kfunc_init,3.265712,0,5
8,run7_initcall.txt,latency_fsnotify_init,3.271011,0,27
8,run7_initcall.txt,trace_eval_sync,3.276194,0,11
8,run7_initcall.txt,late_trace_init,3.281505,0,0
8,run7_initcall.txt,fb_logo_late_init,3.28681,0,0
8,run7_initcall.txt,amba_stub_drv_init,3.292176,0,27
8,run7_initcall.txt,clk_disable_unused,3.30383,0,6349
8,run7_initcall.txt,genpd_power_off_unused,3.314604,0,5583
8,run7_initcall.txt,regulator_init_complete,3.325917,0,11
8,run7_initcall.txt,of_platform_sync_state_init,3.336636,0,32
9,run8_initcall.txt,pm_sysrq_init,0.047256,0,0
9,run8_initcall.txt,init_rcu_stall_sysctl,0.047281,0,0
9,run8_initcall.txt,init_module_sysctl,0.047301,0,0
9,run8_initcall.txt,create_proc_profile,0.047321,0,0
9,run8_initcall.txt,cgroup_sysfs_init,0.047341,0,0
9,run8_initcall.txt,user_namespaces_init,0.047365,0,0
9,run8_initcall.txt,hung_task_init,0.047478,0,0
9,run8_initcall.txt,init_trace_sysctls,0.047498,0,0
9,run8_initcall.txt,trace_eval_init,0.047543,0,0
9,run8_initcall.txt,init_trace_stack_sysctls,0.047562,0,0
9,run8_initcall.txt,send_signal_irq_work_init,0.047582,0,0
9,run8_initcall.txt,dev_map_init,0.047604,0,0
9,run8_initcall.txt,netns_bpf_init,0.047622,0,0
9,run8_initcall.txt,oom_init,0.0477,0,0
9,run8_initcall.txt,init_user_buckets,0.047721,0,0
9,run8_initcall.txt,init_vm_util_sysctls,0.047745,0,0
9,run8_initcall.txt,default_bdi_init,0.047856,0,0
9,run8_initcall.txt,cgwb_init,0.047883,0,0
9,run8_initcall.txt,percpu_enable_async,0.047899,0,0
9,run8_initcall.txt,kcompactd_init,0.048021,0,0
9,run8_initcall.txt,init_mm_sysctl,0.048038,0,0
9,run8_initcall.txt,init_user_reserve,0.048055,0,0
9,run8_initcall.txt,init_admin_reserve,0.048069,0,0
9,run8_initcall.txt,init_reserve_notifier,0.048084,0,0
9,run8_initcall.txt,swap_init,0.048104,0,0
9,run8_initcall.txt,swapfile_init,0.048126,0,0
9,run8_initcall.txt,memory_tier_init,0.048212,0,4000
9,run8_initcall.txt,numa_init_sysfs,0.048236,0,0
9,run8_initcall.txt,mem_cgroup_swap_init,0.048253,0,0
9,run8_initcall.txt,init_msg_buckets,0.048269,0,0
9,run8_initcall.txt,init_bio,0.048317,0,0
9,run8_initcall.txt,blk_ioc_init,0.048338,0,0
9,run8_initcall.txt,blk_mq_init,0.048356,0,0
9,run8_initcall.txt,genhd_device_init,0.048459,0,0
9,run8_initcall.txt,blkcg_punt_bio_init,0.048563,0,0
9,run8_initcall.txt,blk_integrity_auto_init,0.048641,0,0
9,run8_initcall.txt,io_wq_init,0.048662,0,0
9,run8_initcall.txt,crc_t10dif_mod_init,0.048688,0,0
9,run8_initcall.txt,sha256_mod_init,0.048708,0,0
9,run8_initcall.txt,sha512_mod_init,0.048726,0,0
9,run8_initcall.txt,sg_pool_init,0.048758,0,0
9,run8_initcall.txt,gpiolib_debugfs_init,0.048782,0,0
9,run8_initcall.txt,stmpe_gpio_init,0.048886,0,0
9,run8_initcall.txt,pwm_init,0.048915,0,0
9,run8_initcall.txt,leds_init,0.048951,0,0
9,run8_initcall.txt,pci_slot_init,0.048975,0,0
9,run8_initcall.txt,fbmem_init,0.049029,0,0
9,run8_initcall.txt,bcm2835_dma_init,0.049771,0,0
9,run8_initcall.txt,regulator_fixed_voltage_init,0.049858,0,0
9,run8_initcall.txt,gpio_regulator_init,0.049913,0,0
9,run8_initcall.txt,init_sysrq_sysctl,0.049939,0,0
9,run8_initcall.txt,misc_init,0.049968,0,0
9,run8_initcall.txt,iommu_subsys_init,0.05,0,0
9,run8_initcall.txt,register_cpu_capacity_sysctl,0.050519,0,0
9,run8_initcall.txt,dma_buf_init,0.050603,0,0
9,run8_initcall.txt,dma_heap_init,0.050631,0,0
9,run8_initcall.txt,init_scsi,0.050728,0,0
9,run8_initcall.txt,mdio_bus_init,0.050761,0,0
9,run8_initcall.txt,phy_init,0.050812,0,0
9,run8_initcall.txt,usb_common_init,0.050834,0,0
9,run8_initcall.txt,usb_init,0.050944,0,0
9,run8_initcall.txt,usb_phy_generic_init,0.051109,0,0
9,run8_initcall.txt,usb_udc_init,0.051148,0,0
9,run8_initcall.txt,usb_roles_init,0.051171,0,0
9,run8_initcall.txt,input_init,0.051203,0,0
9,run8_initcall.txt,rtc_init,0.051228,0,0
9,run8_initcall.txt,rc_core_init,0.05126,0,0
9,run8_initcall.txt,pps_init,0.051293,0,0
9,run8_initcall.txt,ptp_init,0.051318,0,0
9,run8_initcall.txt,power_supply_class_init,0.051347,0,0
9,run8_initcall.txt,hwmon_init,0.05137,0,0
9,run8_initcall.txt,mmc_init,0.051416,0,0
9,run8_initcall.txt,dmi_init,0.051433,0,0
9,run8_initcall.txt,efisubsys_init,0.051451,0,0
9,run8_initcall.txt,arm_pmu_hp_init,0.051471,0,0
9,run8_initcall.txt,ras_init,0.051494,0,0
9,run8_initcall.txt,nvmem_init,0.051529,0,0
9,run8_initcall.txt,init_soundcore,0.051549,0,0
9,run8_initcall.txt,proto_init,0.05157,0,0
9,run8_initcall.txt,net_dev_init,0.051799,0,0
9,run8_initcall.txt,neigh_init,0.05182,0,0
9,run8_initcall.txt,fib_notifier_init,0.051836,0,0
9,run8_initcall.txt,netdev_genl_init,0.051877,0,0
9,run8_initcall.txt,page_pool_user_init,0.051894,0,0
9,run8_initcall.txt,fib_rules_init,0.051912,0,0
9,run8_initcall.txt,init_cgroup_netprio,0.051929,0,0
9,run8_initcall.txt,bpf_lwt_init,0.051944,0,0
9,run8_initcall.txt,pktsched_init,0.051965,0,0
9,run8_initcall.txt,tc_filter_init,0.051994,0,0
9,run8_initcall.txt,tc_action_init,0.05201,0,0
9,run8_initcall.txt,ethnl_init,0.052081,0,0
9,run8_initcall.txt,nexthop_init,0.052104,0,0
9,run8_initcall.txt,devlink_init,0.05219,0,0
9,run8_initcall.txt,wireless_nlevent_init,0.052229,0,0
9,run8_initcall.txt,vsprintf_init_hashval,0.052251,0,0
9,run8_initcall.txt,init_32bit_el0_mask,0.052271,0,0
9,run8_initcall.txt,vga_arb_device_init,0.052434,0,0
9,run8_initcall.txt,watchdog_init,0.052557,0,0
9,run8_initcall.txt,create_debug_debugfs_entry,0.052669,0,0
9,run8_initcall.txt,iomem_init_inode,0.052719,0,0
9,run8_initcall.txt,clocksource_done_booting,0.052768,0,13
9,run8_initcall.txt,tracer_init_tracefs,0.052795,0,9
9,run8_initcall.txt,init_trace_printk_function_export,0.052875,0,62
9,run8_initcall.txt,init_graph_tracefs,0.052898,0,2
9,run8_initcall.txt,bpf_event_init,0.052916,0,1
9,run8_initcall.txt,init_kprobe_trace,0.428013,0,375075
9,run8_initcall.txt,init_dynamic_event,0.428146,0,6
9,run8_initcall.txt,bpf_init,0.428182,0,16
9,run8_initcall.txt,secretmem_init,0.428274,0,73
9,run8_initcall.txt,init_fs_stat_sysctls,0.428311,0,15
9,run8_initcall.txt,init_fs_exec_sysctls,0.42833,0,1
9,run8_initcall.txt,init_pipe_fs,0.428367,0,19
9,run8_initcall.txt,init_fs_namei_sysctls,0.428388,0,3
9,run8_initcall.txt,init_fs_dcache_sysctls,0.428414,0,8
9,run8_initcall.txt,init_fs_namespace_sysctls,0.428437,0,1
9,run8_initcall.txt,cgroup_writeback_init,0.428465,0,10
9,run8_initcall.txt,inotify_user_setup,0.428501,0,16
9,run8_initcall.txt,eventpoll_init,0.428537,0,17
9,run8_initcall.txt,anon_inode_init,0.428576,0,19
9,run8_initcall.txt,proc_locks_init,0.428602,0,6
9,run8_initcall.txt,backing_aio_init,0.428623,0,2
9,run8_initcall.txt,init_fs_coredump_sysctls,0.42865,0,8
9,run8_initcall.txt,init_vm_drop_caches_sysctls,0.428673,0,2
9,run8_initcall.txt,iomap_dio_init,0.428715,0,23
9,run8_initcall.txt,iomap_ioend_init,0.428799,0,66
9,run8_initcall.txt,dquot_init,0.428998,0,177
9,run8_initcall.txt,proc_cmdline_init,0.429026,0,3
9,run8_initcall.txt,proc_consoles_init,0.429048,0,1
9,run8_initcall.txt,proc_cpuinfo_init,0.429068,0,1
9,run8_initcall.txt,proc_devices_init,0.429089,0,1
9,run8_initcall.txt,proc_interrupts_init,0.429109,0,1
9,run8_initcall.txt,proc_loadavg_init,0.429129,0,1
9,run8_initcall.txt,proc_meminfo_init,0.429148,0,1
9,run8_initcall.txt,proc_stat_init,0.429168,0,1
9,run8_initcall.txt,proc_uptime_init,0.429188,0,1
9,run8_initcall.txt,proc_version_init,0.429207,0,1
9,run8_initcall.txt,proc_softirqs_init,0.429227,0,1
9,run8_initcall.txt,proc_kmsg_init,0.429246,0,1
9,run8_initcall.txt,proc_page_init,0.429265,0,5
9,run8_initcall.txt,init_ramfs_fs,0.429281,0,1
9,run8_initcall.txt,aa_create_aafs,0.429297,0,0
9,run8_initcall.txt,chr_dev_init,0.432379,0,3063
9,run8_initcall.txt,hwrng_modinit,0.432465,0,49
9,run8_initcall.txt,firmware_class_init,0.432487,0,1
9,run8_initcall.txt,sysctl_core_init,0.432544,0,39
9,run8_initcall.txt,eth_offload_init,0.432565,0,0
9,run8_initcall.txt,ipv4_offload_init,0.432582,0,1
9,run8_initcall.txt,inet_init,0.436589,0,3989
9,run8_initcall.txt,af_unix_init,0.436649,0,23
9,run8_initcall.txt,ipv6_offload_init,0.436669,0,1
9,run8_initcall.txt,init_sunrpc,0.437126,0,440
9,run8_initcall.txt,vlan_offload_init,0.437155,0,0
9,run8_initcall.txt,pci_apply_final_quirks,0.437186,0,13
9,run8_initcall.txt,populate_rootfs,0.437211,0,7
9,run8_initcall.txt,register_arm64_panic_block,0.43733,0,1
9,run8_initcall.txt,cpuinfo_regs_init,0.437457,0,108
9,run8_initcall.txt,aarch32_el0_sysfs_init,0.437478,0,0
9,run8_initcall.txt,kvm_arm_init,0.441696,0,4198
9,run8_initcall.txt,proc_execdomains_init,0.441749,0,7
9,run8_initcall.txt,register_warn_debugfs,0.441781,0,6
9,run8_initcall.txt,cpuhp_sysfs_init,0.441825,0,28
9,run8_initcall.txt,ioresources_init,0.441846,0,4
9,run8_initcall.txt,psi_proc_init,0.441863,0,1
9,run8_initcall.txt,irq_gc_init_ops,0.441881,0,0
9,run8_initcall.txt,irq_debugfs_init,0.441998,0,97
9,run8_initcall.txt,proc_modules_init,0.44202,0,2
9,run8_initcall.txt,timer_sysctl_init,0.442051,0,12
9,run8_initcall.txt,timekeeping_init_ops,0.442071,0,0
9,run8_initcall.txt,init_clocksource_sysfs,0.442167,0,81
9,run8_initcall.txt,init_timer_list_procfs,0.442189,0,3
9,run8_initcall.txt,alarmtimer_init,0.442271,0,68
9,run8_initcall.txt,clockevents_init_sysfs,0.442407,0,120
9,run8_initcall.txt,sched_clock_syscore_init,0.442426,0,0
9,run8_initcall.txt,kallsyms_init,0.442443,0,2
9,run8_initcall.txt,pid_namespaces_init,0.44251,0,52
9,run8_initcall.txt,audit_watch_init,0.442535,0,1
9,run8_initcall.txt,audit_fsnotify_init,0.442551,0,0
9,run8_initcall.txt,audit_tree_init,0.442568,0,3
9,run8_initcall.txt,seccomp_sysctl_init,0.44259,0,6
9,run8_initcall.txt,utsname_sysctl_init,0.442612,0,7
9,run8_initcall.txt,init_tracepoints,0.442629,0,1
9,run8_initcall.txt,init_lstats_procfs,0.44265,0,4
9,run8_initcall.txt,stack_trace_init,0.442689,0,20
9,run8_initcall.txt,init_blk_tracer,0.44273,0,22
9,run8_initcall.txt,perf_event_sysfs_init,0.442864,0,114
9,run8_initcall.txt,system_trusted_keyring_init,0.442904,0,18
9,run8_initcall.txt,kswapd_init,0.443232,0,305
9,run8_initcall.txt,extfrag_debug_init,0.443328,0,57
9,run8_initcall.txt,mm_compute_batch_init,0.443351,0,0
9,run8_initcall.txt,slab_proc_init,0.443387,0,10
9,run8_initcall.txt,workingset_init,0.443411,0,9
9,run8_initcall.txt,proc_vmalloc_init,0.443428,0,2
9,run8_initcall.txt,memblock_init_debugfs,0.443451,0,7
9,run8_initcall.txt,slab_debugfs_init,0.443502,0,34
9,run8_initcall.txt,procswaps_init,0.443522,0,3
9,run8_initcall.txt,zs_init,0.443538,0,0
9,run8_initcall.txt,fcntl_init,0.443558,0,4
9,run8_initcall.txt,proc_filesystems_init,0.443578,0,1
9,run8_initcall.txt,start_dirtytime_writeback,0.44361,0,13
9,run8_initcall.txt,dio_init,0.443633,0,2
9,run8_initcall.txt,dnotify_init,0.443697,0,45
9,run8_initcall.txt,fanotify_user_setup,0.443733,0,14
9,run8_initcall.txt,aio_setup,0.443851,0,98
9,run8_initcall.txt,mbcache_init,0.443879,0,5
9,run8_initcall.txt,init_grace,0.443901,0,3
9,run8_initcall.txt,init_devpts_fs,0.443936,0,14
9,run8_initcall.txt,ext4_init_fs,0.444063,0,111
9,run8_initcall.txt,journal_init,0.444102,0,18
9,run8_initcall.txt,init_fat_fs,0.444124,0,6
9,run8_initcall.txt,init_vfat_fs,0.444138,0,1
9,run8_initcall.txt,init_msdos_fs,0.444152,0,0
9,run8_initcall.txt,init_nfs_fs,0.444503,0,334
9,run8_initcall.txt,init_nfs_v2,0.444544,0,1
9,run8_initcall.txt,init_nfs_v3,0.444559,0,0
9,run8_initcall.txt,init_nfs_v4,0.444615,0,43
9,run8_initcall.txt,nfs4filelayout_init,0.444638,0,7
9,run8_initcall.txt,nfs4flexfilelayout_init,0.44466,0,6
9,run8_initcall.txt,init_nlm,0.444717,0,41
9,run8_initcall.txt,init_nls_cp437,0.444733,0,0
9,run8_initcall.txt,init_nls_ascii,0.444748,0,0
9,run8_initcall.txt,init_autofs_fs,0.444977,0,171
9,run8_initcall.txt,init_f2fs_fs,0.445182,0,184
9,run8_initcall.txt,ipc_init,0.445225,0,20
9,run8_initcall.txt,ipc_sysctl_init,0.445275,0,34
9,run8_initcall.txt,init_mqueue_fs,0.445346,0,54
9,run8_initcall.txt,key_proc_init,0.445372,0,5
9,run8_initcall.txt,bpf_crypto_skcipher_init,0.44539,0,1
9,run8_initcall.txt,dh_init,0.445409,0,2
9,run8_initcall.txt,rsa_init,0.445434,0,1
9,run8_initcall.txt,cryptomgr_init,0.445451,0,0
9,run8_initcall.txt,hmac_module_init,0.445467,0,0
9,run8_initcall.txt,crypto_sha256_mod_init,0.445487,0,3
9,run8_initcall.txt,crypto_ecb_module_init,0.445505,0,0
9,run8_initcall.txt,crypto_cbc_module_init,0.445521,0,0
9,run8_initcall.txt,crypto_cts_module_init,0.445538,0,0
9,run8_initcall.txt,xts_module_init,0.445554,0,0
9,run8_initcall.txt,des_generic_mod_init,0.445573,0,1
9,run8_initcall.txt,aes_init,0.445589,0,0
9,run8_initcall.txt,lzo_mod_init,0.445606,0,1
9,run8_initcall.txt,lzorle_mod_init,0.445625,0,1
9,run8_initcall.txt,asymmetric_key_init,0.445648,0,6
9,run8_initcall.txt,x509_key_init,0.44567,0,5
9,run8_initcall.txt,crypto_kdf108_init,0.445686,0,0
9,run8_initcall.txt,blkdev_init,0.445731,0,29
9,run8_initcall.txt,proc_genhd_init,0.445756,0,3
9,run8_initcall.txt,bsg_init,0.445809,0,35
9,run8_initcall.txt,throtl_init,0.446017,0,191
9,run8_initcall.txt,deadline_init,0.446051,0,6
9,run8_initcall.txt,kyber_init,0.446074,0,6
9,run8_initcall.txt,bfq_init,0.446131,0,40
9,run8_initcall.txt,io_uring_init,0.446186,0,36
9,run8_initcall.txt,btree_module_init,0.446215,0,2
9,run8_initcall.txt,percpu_counter_startup,0.446297,0,63
9,run8_initcall.txt,audit_classes_init,0.446324,0,5
9,run8_initcall.txt,gicv5_iwb_platform_driver_init,0.446461,0,118
9,run8_initcall.txt,mip_msi_driver_init,0.446522,0,37
9,run8_initcall.txt,bcm7038_l1_driver_init,0.446576,0,34
9,run8_initcall.txt,bcm7120_l2_driver_init,0.446646,0,50
9,run8_initcall.txt,brcmstb_l2_driver_init,0.447021,0,354
9,run8_initcall.txt,simple_pm_bus_driver_init,0.447872,0,821
9,run8_initcall.txt,phy_core_init,0.447924,0,21
9,run8_initcall.txt,brcm_usb_driver_init,0.44807,0,124
9,run8_initcall.txt,rp1_pinctrl_driver_init,0.448126,0,34
9,run8_initcall.txt,bcm2835_pinctrl_driver_init,0.449393,0,1246
9,run8_initcall.txt,bcm2712_pinctrl_driver_init,0.4495,0,67
9,run8_initcall.txt,brcmvirt_gpio_driver_init,0.449561,0,37
9,run8_initcall.txt,brcmstb_gpio_driver_init,0.449618,0,36
9,run8_initcall.txt,rpi_exp_gpio_driver_init,0.450293,0,654
9,run8_initcall.txt,brcmstb_pwm_driver_init,0.450379,0,57
9,run8_initcall.txt,rp1_pwm_driver_init,0.450437,0,37
9,run8_initcall.txt,gpio_led_driver_init,0.670595,0,220138
9,run8_initcall.txt,led_pwm_driver_init,0.670752,0,120
9,run8_initcall.txt,timer_led_trigger_init,0.670786,0,8
9,run8_initcall.txt,oneshot_led_trigger_init,0.670805,0,1
9,run8_initcall.txt,heartbeat_trig_init,0.670828,0,3
9,run8_initcall.txt,bl_led_trigger_init,0.670846,0,0
9,run8_initcall.txt,ledtrig_cpu_init,0.671042,0,168
9,run8_initcall.txt,defon_led_trigger_init,0.671167,0,97
9,run8_initcall.txt,input_trig_init,0.671198,0,3
9,run8_initcall.txt,ledtrig_panic_init,0.671219,0,2
9,run8_initcall.txt,actpwr_trig_init,0.672643,0,1393
9,run8_initcall.txt,pcie_portdrv_init,0.672924,0,135
9,run8_initcall.txt,pci_proc_init,0.672989,0,22
9,run8_initcall.txt,brcm_pcie_driver_init,0.789808,0,116800
9,run8_initcall.txt,bcm2708_fb_init,0.7899,0,70
9,run8_initcall.txt,simplefb_driver_init,0.816118,0,26202
9,run8_initcall.txt,of_fixed_factor_clk_driver_init,0.816212,0,40
9,run8_initcall.txt,of_fixed_clk_driver_init,0.816295,0,35
9,run8_initcall.txt,gpio_clk_driver_init,0.816386,0,43
9,run8_initcall.txt,gated_fixed_clk_driver_init,0.816475,0,35
9,run8_initcall.txt,rp1_clk_driver_init,0.816558,0,35
9,run8_initcall.txt,rp1_sdio_clk_driver_init,0.81664,0,35
9,run8_initcall.txt,clk_dvp_driver_init,0.816858,0,171
9,run8_initcall.txt,bcm2835_aux_clk_driver_init,0.81697,0,64
9,run8_initcall.txt,raspberrypi_clk_driver_init,0.832427,0,15407
9,run8_initcall.txt,dw_driver_init,0.832525,0,49
9,run8_initcall.txt,bcm2835_power_driver_init,0.832593,0,23
9,run8_initcall.txt,rpi_power_driver_init,0.834019,0,1375
9,run8_initcall.txt,brcmstb_reset_driver_init,0.834113,0,46
9,run8_initcall.txt,brcm_rescal_reset_driver_init,0.8342,0,36
9,run8_initcall.txt,rpi_reset_driver_init,0.834362,0,112
9,run8_initcall.txt,reset_simple_driver_init,0.834491,0,81
9,run8_initcall.txt,n_null_init,0.834537,0,0
9,run8_initcall.txt,pty_init,0.834668,0,89
9,run8_initcall.txt,sysrq_init,0.834726,0,15
9,run8_initcall.txt,serial8250_init,0.834774,-19,0
9,run8_initcall.txt,bcm2835aux_serial_driver_init,0.834867,0,44
9,run8_initcall.txt,brcmuart_init,0.834985,0,68
9,run8_initcall.txt,exar_pci_driver_init,0.835058,0,27
9,run8_initcall.txt,of_platform_serial_driver_init,0.835202,0,93
9,run8_initcall.txt,serial_pci_driver_init,0.835282,0,30
9,run8_initcall.txt,pericom8250_pci_driver_init,0.83535,0,17
9,run8_initcall.txt,init_kgdboc,0.835496,0,98
9,run8_initcall.txt,random_sysctls_init,0.835558,0,14
9,run8_initcall.txt,ttyprintk_init,0.83568,0,73
9,run8_initcall.txt,bcm2835_rng_driver_init,0.835788,0,58
9,run8_initcall.txt,bcm74110_rng_driver_init,0.835875,0,36
9,run8_initcall.txt,iproc_rng200_driver_init,0.836221,0,294
9,run8_initcall.txt,smccc_trng_driver_init,0.836297,0,25
9,run8_initcall.txt,vc_mem_init,0.836473,0,128
9,run8_initcall.txt,vcio_driver_init,0.839541,0,3017
9,run8_initcall.txt,bcm2712_iommu_driver_init,0.844746,0,59
9,run8_initcall.txt,bcm2712_iommu_cache_driver_init,0.849994,0,49
9,run8_initcall.txt,topology_sysfs_init,0.855118,0,63
9,run8_initcall.txt,cacheinfo_sysfs_init,0.860598,0,264
9,run8_initcall.txt,devcoredump_init,0.865897,0,12
9,run8_initcall.txt,brd_init,0.877939,0,6767
9,run8_initcall.txt,loop_init,0.888467,0,5245
9,run8_initcall.txt,bcm2835_pm_driver_init,0.896519,0,2764
9,run8_initcall.txt,stmpe_i2c_driver_init,0.901813,0,22
9,run8_initcall.txt,stmpe_spi_driver_init,0.907053,0,14
9,run8_initcall.txt,rp1_driver_init,0.912323,0,28
9,run8_initcall.txt,system_heap_create,0.917662,0,100
9,run8_initcall.txt,add_default_cma_heap,0.922859,0,96
9,run8_initcall.txt,udmabuf_dev_init,0.928135,0,48
9,run8_initcall.txt,iscsi_transport_init,0.936227,0,2854
9,run8_initcall.txt,init_sd,0.941482,0,27
9,run8_initcall.txt,nvme_core_init,0.946956,0,267
9,run8_initcall.txt,nvme_init,0.952236,0,36
9,run8_initcall.txt,blackhole_netdev_init,0.957352,0,22
9,run8_initcall.txt,netkit_init,0.96258,0,7
9,run8_initcall.txt,phylink_init,0.967812,0,0
9,run8_initcall.txt,phy_module_init,0.973223,0,182
9,run8_initcall.txt,phy_module_init,0.978617,0,180
9,run8_initcall.txt,fixed_mdio_bus_init,0.984,0,161
9,run8_initcall.txt,phy_module_init,0.989268,0,181
9,run8_initcall.txt,phy_module_init,0.994612,0,39
9,run8_initcall.txt,phy_module_init,1.00001,0,66
9,run8_initcall.txt,unimac_mdio_driver_init,1.005525,0,137
9,run8_initcall.txt,macb_driver_init,1.011045,0,124
9,run8_initcall.txt,bcmgenet_driver_init,1.224313,0,207831
9,run8_initcall.txt,bcmasp_driver_init,1.230118,0,102
9,run8_initcall.txt,lan78xx_driver_init,1.238723,0,2897
9,run8_initcall.txt,smsc95xx_driver_init,1.247434,0,2903
9,run8_initcall.txt,usbnet_init,1.253224,0,0
9,run8_initcall.txt,xhci_hcd_init,1.258877,0,17
9,run8_initcall.txt,xhci_pci_init,1.435508,0,170838
9,run8_initcall.txt,xhci_plat_init,1.441291,0,132
9,run8_initcall.txt,dwc_otg_driver_init,1.457938,0,11012
9,run8_initcall.txt,dwc_common_port_init_module,1.4665,0,2932
9,run8_initcall.txt,dwc3_driver_init,1.47218,0,71
9,run8_initcall.txt,dwc3_haps_driver_init,1.477816,0,30
9,run8_initcall.txt,dwc3_of_simple_driver_init,1.483455,0,69
9,run8_initcall.txt,dwc3_generic_driver_init,1.48892,0,40
9,run8_initcall.txt,dwc2_platform_driver_init,1.494624,0,148
9,run8_initcall.txt,uas_init,1.503097,0,2900
9,run8_initcall.txt,usb_storage_driver_init,1.511448,0,2787
9,run8_initcall.txt,brcmstb_usb_pinmap_init,1.517087,-19,81
9,run8_initcall.txt,bdc_driver_init,1.522569,0,50
9,run8_initcall.txt,input_leds_init,1.528372,0,58
9,run8_initcall.txt,mousedev_init,1.537397,0,3077
9,run8_initcall.txt,evdev_init,1.543066,0,41
9,run8_initcall.txt,brcmstb_waketmr_driver_init,1.548753,0,82
9,run8_initcall.txt,rpi_rtc_driver_init,1.554347,0,43
9,run8_initcall.txt,init_rc_map_adstech_dvb_t_pci,1.559877,0,1
9,run8_initcall.txt,init_rc_map_alink_dtu_m,1.565603,0,114
9,run8_initcall.txt,init_rc_map_anysee,1.571204,0,0
9,run8_initcall.txt,init_rc_map_apac_viewcomp,1.576792,0,0
9,run8_initcall.txt,init_rc_map_t2hybrid,1.582379,0,0
9,run8_initcall.txt,init_rc_map_asus_pc39,1.587865,0,0
9,run8_initcall.txt,init_rc_map_asus_ps3_100,1.593385,0,0
9,run8_initcall.txt,init_rc_map_ati_tv_wonder_hd_600,1.598955,0,0
9,run8_initcall.txt,init_rc_map_ati_x10,1.604529,0,0
9,run8_initcall.txt,init_rc_map_avermedia_a16d,1.610068,0,0
9,run8_initcall.txt,init_rc_map_avermedia_cardbus,1.615593,0,0
9,run8_initcall.txt,init_rc_map_avermedia_dvbt,1.62103,0,0
9,run8_initcall.txt,init_rc_map_avermedia_m135a,1.626466,0,0
9,run8_initcall.txt,init_rc_map_avermedia_m733a_rm_k6,1.631965,0,0
9,run8_initcall.txt,init_rc_map_avermedia,1.637479,0,0
9,run8_initcall.txt,init_rc_map_avermedia_rm_ks,1.64302,0,0
9,run8_initcall.txt,init_rc_map_avertv_303,1.648522,0,0
9,run8_initcall.txt,init_rc_map_azurewave_ad_tu700,1.654008,0,0
9,run8_initcall.txt,init_rc_map_beelink_gs1,1.659387,0,0
9,run8_initcall.txt,init_rc_map_beelink_mxiii,1.667657,0,0
9,run8_initcall.txt,init_rc_map_behold_columbus,1.673266,0,0
9,run8_initcall.txt,init_rc_map_behold,1.678738,0,0
9,run8_initcall.txt,init_rc_map_budget_ci_old,1.684241,0,0
9,run8_initcall.txt,init_rc_map_cinergy_1400,1.689546,0,0
9,run8_initcall.txt,init_rc_map_cinergy,1.694971,0,0
9,run8_initcall.txt,init_rc_map_ct_90405,1.700384,0,0
9,run8_initcall.txt,init_rc_map_d680_dmb,1.705799,0,0
9,run8_initcall.txt,init_rc_map_delock_61959,1.711161,0,0
9,run8_initcall.txt,init_rc_map,1.716515,0,0
9,run8_initcall.txt,init_rc_map,1.721744,0,0
9,run8_initcall.txt,init_rc_map_digitalnow_tinytwin,1.727146,0,0
9,run8_initcall.txt,init_rc_map_digittrade,1.732557,0,0
9,run8_initcall.txt,init_rc_map_dm1105_nec,1.737963,0,0
9,run8_initcall.txt,init_rc_map_dntv_live_dvb_t,1.743345,0,0
9,run8_initcall.txt,init_rc_map_dntv_live_dvbt_pro,1.748733,0,0
9,run8_initcall.txt,init_rc_map_dreambox,1.754069,0,0
9,run8_initcall.txt,init_rc_map_dtt200u,1.75933,0,0
9,run8_initcall.txt,init_rc_map_rc5_dvbsky,1.764729,0,0
9,run8_initcall.txt,init_rc_map_dvico_mce,1.770121,0,0
9,run8_initcall.txt,init_rc_map_dvico_portable,1.775735,0,0
9,run8_initcall.txt,init_rc_map_em_terratec,1.78111,0,0
9,run8_initcall.txt,init_rc_map_encore_enltv2,1.786559,0,39
9,run8_initcall.txt,init_rc_map_encore_enltv_fm53,1.791885,0,0
9,run8_initcall.txt,init_rc_map_encore_enltv,1.79735,0,0
9,run8_initcall.txt,init_rc_map_evga_indtube,1.802764,0,0
9,run8_initcall.txt,init_rc_map_eztv,1.808194,0,0
9,run8_initcall.txt,init_rc_map_flydvb,1.813793,0,0
9,run8_initcall.txt,init_rc_map_flyvideo,1.819311,0,0
9,run8_initcall.txt,init_rc_map_fusionhdtv_mce,1.824692,0,0
9,run8_initcall.txt,init_rc_map_gadmei_rm008z,1.8302,0,0
9,run8_initcall.txt,init_rc_map_geekbox,1.838308,0,0
9,run8_initcall.txt,init_rc_map_genius_tvgo_a11mce,1.849203,0,2
9,run8_initcall.txt,init_rc_map_gotview7135,1.854633,0,0
9,run8_initcall.txt,init_rc_map_rc5_hauppauge_new,1.860144,0,0
9,run8_initcall.txt,init_rc_map_hisi_poplar,1.865663,0,0
9,run8_initcall.txt,init_rc_map_hisi_tv_demo,1.876604,0,0
9,run8_initcall.txt,init_rc_map_imon_mce,1.882147,0,0
9,run8_initcall.txt,init_rc_map_imon_pad,1.887586,0,0
9,run8_initcall.txt,init_rc_map_imon_rsc,1.892941,0,0
9,run8_initcall.txt,init_rc_map_iodata_bctv7e,1.903634,0,0
9,run8_initcall.txt,init_rc_it913x_v1_map,1.909009,0,0
9,run8_initcall.txt,init_rc_it913x_v2_map,1.914358,0,0
9,run8_initcall.txt,init_rc_map_kaiomy,1.919684,0,1
9,run8_initcall.txt,init_rc_map_khadas,1.924879,0,0
9,run8_initcall.txt,init_rc_map_khamsin,1.930199,0,0
9,run8_initcall.txt,init_rc_map_kworld_315u,1.935512,0,0
9,run8_initcall.txt,init_rc_map_kworld_pc150u,1.940858,0,0
9,run8_initcall.txt,init_rc_map_kworld_plus_tv_analog,1.946182,0,0
9,run8_initcall.txt,init_rc_map_leadtek_y04g0051,1.951528,0,0
9,run8_initcall.txt,init_rc_lme2510_map,1.956728,0,0
9,run8_initcall.txt,init_rc_map_manli,1.962061,0,0
9,run8_initcall.txt,init_rc_map_mecool_kiii_pro,1.967424,0,0
9,run8_initcall.txt,init_rc_map_mecool_kii_pro,1.972809,0,0
9,run8_initcall.txt,init_rc_map_medion_x10_digitainer,1.978195,0,0
9,run8_initcall.txt,init_rc_map_medion_x10,1.983567,0,0
9,run8_initcall.txt,init_rc_map_medion_x10_or2x,1.988772,0,0
9,run8_initcall.txt,init_rc_map_minix_neo,1.994166,0,46
9,run8_initcall.txt,init_rc_map_msi_digivox_iii,1.999694,0,38
9,run8_initcall.txt,init_rc_map_msi_digivox_ii,2.005269,0,55
9,run8_initcall.txt,init_rc_map_msi_tvanywhere,2.010759,0,38
9,run8_initcall.txt,init_rc_map_msi_tvanywhere_plus,2.016288,0,0
9,run8_initcall.txt,init_rc_map_mygica_utv3,2.021492,0,0
9,run8_initcall.txt,init_rc_map_nebula,2.02681,0,0
9,run8_initcall.txt,init_rc_map_nec_terratec_cinergy_xs,2.032206,0,0
9,run8_initcall.txt,init_rc_map_norwood,2.037546,0,0
9,run8_initcall.txt,init_rc_map_npgtech,2.042901,0,0
9,run8_initcall.txt,init_rc_map_odroid,2.048329,0,0
9,run8_initcall.txt,init_rc_map_pctv_sedna,2.053656,0,0
9,run8_initcall.txt,init_rc_map_pine64,2.058852,0,0
9,run8_initcall.txt,init_rc_map_pinnacle_color,2.064167,0,0
9,run8_initcall.txt,init_rc_map_pinnacle_grey,2.069492,0,0
9,run8_initcall.txt,init_rc_map_pinnacle_pctv_hd,2.074793,0,0
9,run8_initcall.txt,init_rc_map_pixelview,2.080084,0,0
9,run8_initcall.txt,init_rc_map_pixelview,2.085391,0,0
9,run8_initcall.txt,init_rc_map_pixelview_new,2.090551,0,0
9,run8_initcall.txt,init_rc_map_pixelview,2.095865,0,0
9,run8_initcall.txt,init_rc_map_powercolor_real_angel,2.101168,0,0
9,run8_initcall.txt,init_rc_map_proteus_2309,2.106483,0,0
9,run8_initcall.txt,init_rc_map_purpletv,2.111796,0,0
9,run8_initcall.txt,init_rc_map_pv951,2.117137,0,0
9,run8_initcall.txt,init_rc_map_rc6_mce,2.122324,0,0
9,run8_initcall.txt,init_rc_map_real_audio_220_32_keys,2.12766,0,0
9,run8_initcall.txt,init_rc_map_reddo,2.133019,0,0
9,run8_initcall.txt,init_rc_map_siemens_gigaset_rc20,2.138364,0,0
9,run8_initcall.txt,init_rc_map_snapstream_firefly,2.143707,0,0
9,run8_initcall.txt,init_rc_map_streamzap,2.149068,0,0
9,run8_initcall.txt,init_rc_map_su3000,2.154354,0,0
9,run8_initcall.txt,init_rc_map_tanix_tx3mini,2.159638,0,0
9,run8_initcall.txt,init_rc_map_tanix_tx5max,2.165044,0,0
9,run8_initcall.txt,init_rc_map_tbs_nec,2.170417,0,0
9,run8_initcall.txt,init_rc_map,2.17582,0,0
9,run8_initcall.txt,init_rc_map,2.181208,0,0
9,run8_initcall.txt,init_rc_map_terratec_cinergy_c_pci,2.186555,0,0
9,run8_initcall.txt,init_rc_map_terratec_cinergy_s2_hd,2.191749,0,0
9,run8_initcall.txt,init_rc_map_terratec_cinergy_xs,2.197075,0,0
9,run8_initcall.txt,init_rc_map_terratec_slim_2,2.202411,0,0
9,run8_initcall.txt,init_rc_map_terratec_slim,2.207724,0,0
9,run8_initcall.txt,init_rc_map_tevii_nec,2.213061,0,0
9,run8_initcall.txt,init_rc_map_tivo,2.218409,0,7
9,run8_initcall.txt,init_rc_map_total_media_in_hand_02,2.223594,0,0
9,run8_initcall.txt,init_rc_map_total_media_in_hand,2.228896,0,0
9,run8_initcall.txt,init_rc_map_trekstor,2.234214,0,0
9,run8_initcall.txt,init_rc_map_tt_1500,2.239548,0,0
9,run8_initcall.txt,init_rc_map_twinhan_vp1027,2.244887,0,0
9,run8_initcall.txt,init_rc_map_twinhan_dtv_cab_ci,2.250242,0,0
9,run8_initcall.txt,init_rc_map_vega_s9x,2.255424,0,0
9,run8_initcall.txt,init_rc_map_videomate_k100,2.260745,0,0
9,run8_initcall.txt,init_rc_map_videomate_s350,2.266067,0,0
9,run8_initcall.txt,init_rc_map_videomate_tv_pvr,2.271386,0,0
9,run8_initcall.txt,init_rc_map_kii_pro,2.276699,0,0
9,run8_initcall.txt,init_rc_map_wetek_hub,2.282022,0,0
9,run8_initcall.txt,init_rc_map_wetek_play2,2.287322,0,0
9,run8_initcall.txt,init_rc_map_winfast,2.292525,0,0
9,run8_initcall.txt,init_rc_map_winfast_usbii_deluxe,2.297862,0,0
9,run8_initcall.txt,init_rc_map_x96max,2.303201,0,0
9,run8_initcall.txt,init_rc_map,2.308522,0,0
9,run8_initcall.txt,init_rc_map,2.313838,0,0
9,run8_initcall.txt,init_rc_map_zx_irdec,2.319157,0,0
9,run8_initcall.txt,ptp_kvm_init,2.324307,-95,1
9,run8_initcall.txt,gpio_poweroff_driver_init,2.329734,0,106
9,run8_initcall.txt,bcm2711_thermal_driver_init,2.338094,0,3016
9,run8_initcall.txt,bcm2835_thermal_driver_init,2.343501,0,64
9,run8_initcall.txt,bcm2835_wdt_driver_init,2.348883,0,30
9,run8_initcall.txt,dt_cpufreq_platdrv_init,2.354213,0,27
9,run8_initcall.txt,brcm_avs_cpufreq_platdrv_init,2.359522,0,43
9,run8_initcall.txt,raspberrypi_cpufreq_driver_init,2.371179,0,6284
9,run8_initcall.txt,mmc_pwrseq_simple_driver_init,2.376709,0,80
9,run8_initcall.txt,mmc_pwrseq_emmc_driver_init,2.38222,0,45
9,run8_initcall.txt,mmc_blk_init,2.387634,0,31
9,run8_initcall.txt,sdhci_drv_init,2.398499,0,5459
9,run8_initcall.txt,bcm2835_mmc_driver_init,2.406771,0,2803
9,run8_initcall.txt,bcm2835_driver_init,2.412348,0,50
9,run8_initcall.txt,sdhci_pltfm_drv_init,2.420627,0,2725
9,run8_initcall.txt,sdhci_iproc_driver_init,2.426131,0,78
9,run8_initcall.txt,sdhci_brcmstb_driver_init,2.426208,0,63
9,run8_initcall.txt,esrt_sysfs_init,2.426225,-38,1
9,run8_initcall.txt,smccc_devices_init,2.426247,0,2
9,run8_initcall.txt,smccc_soc_init,2.42626,0,1
9,run8_initcall.txt,arch_timer_mmio_drv_init,2.42631,0,38
9,run8_initcall.txt,arch_timer_mmio_acpi_drv_init,2.426348,0,24
9,run8_initcall.txt,hid_init,2.426427,0,66
9,run8_initcall.txt,hid_generic_init,2.42649,0,50
9,run8_initcall.txt,hid_init,2.426544,0,42
9,run8_initcall.txt,vchiq_driver_init,2.501126,0,74571
9,run8_initcall.txt,bcm74110_mbox_driver_init,2.507482,0,98
9,run8_initcall.txt,extcon_class_init,2.513421,0,12
9,run8_initcall.txt,armv8_pmu_driver_init,2.525084,0,6156
9,run8_initcall.txt,binder_init,2.530738,0,86
9,run8_initcall.txt,rpi_otp_driver_init,2.545011,0,8714
9,run8_initcall.txt,sock_diag_init,2.550565,0,27
9,run8_initcall.txt,blackhole_init,2.555945,0,2
9,run8_initcall.txt,cls_bpf_init_mod,2.56147,0,0
9,run8_initcall.txt,gre_offload_init,2.566971,0,0
9,run8_initcall.txt,sysctl_ipv4_init,2.572523,0,72
9,run8_initcall.txt,cubictcp_register,2.577997,0,3
9,run8_initcall.txt,packet_init,2.586258,0,2767
9,run8_initcall.txt,init_rpcsec_gss,2.591648,0,25
9,run8_initcall.txt,init_kerberos_module,2.597184,0,6
9,run8_initcall.txt,dcbnl_init,2.60271,0,9
9,run8_initcall.txt,init_dns_resolver,2.610969,0,2759
9,run8_initcall.txt,handshake_init,2.616576,0,36
9,run8_initcall.txt,check_mmu_enabled_at_boot,2.622027,0,0
9,run8_initcall.txt,finalize_pkvm,2.627601,0,0
9,run8_initcall.txt,kernel_do_mounts_initrd_sysctls_init,2.636055,0,7
9,run8_initcall.txt,kernel_panic_sysctls_init,2.641677,0,14
9,run8_initcall.txt,kernel_panic_sysfs_init,2.647292,0,10
9,run8_initcall.txt,kernel_exit_sysctls_init,2.652907,0,8
9,run8_initcall.txt,kernel_exit_sysfs_init,2.65837,0,9
9,run8_initcall.txt,param_sysfs_builtin_init,2.673835,0,9865
9,run8_initcall.txt,reboot_ksysfs_init,2.679627,0,25
9,run8_initcall.txt,sched_core_sysctl_init,2.685396,0,17
9,run8_initcall.txt,sched_fair_sysctl_init,2.690927,0,3
9,run8_initcall.txt,sched_rt_sysctl_init,2.697046,0,16
9,run8_initcall.txt,sched_dl_sysctl_init,2.702746,0,3
9,run8_initcall.txt,sched_init_debug,2.708478,0,99
9,run8_initcall.txt,cpu_latency_qos_init,2.714275,0,167
9,run8_initcall.txt,printk_late_init,2.719878,0,22
9,run8_initcall.txt,init_srcu_module_notifier,2.725338,0,1
9,run8_initcall.txt,kernel_rcu_stall_sysfs_init,2.730946,0,11
9,run8_initcall.txt,swiotlb_create_default_debugfs,2.736586,0,19
9,run8_initcall.txt,tk_debug_sleep_time_init,2.742213,0,3
9,run8_initcall.txt,bpf_ksym_iter_register,2.747831,0,1
9,run8_initcall.txt,kernel_acct_sysctls_init,2.753422,0,6
9,run8_initcall.txt,bpf_rstat_kfunc_init,2.758845,0,6
9,run8_initcall.txt,debugfs_kprobe_init,2.764428,0,24
9,run8_initcall.txt,kernel_delayacct_sysctls_init,2.769993,0,4
9,run8_initcall.txt,taskstats_init,2.778327,0,2800
9,run8_initcall.txt,ftrace_sysctl_init,2.783849,0,3
9,run8_initcall.txt,bpf_kprobe_multi_kfuncs_init,2.78921,0,0
9,run8_initcall.txt,kdb_ftrace_register,2.794734,0,13
9,run8_initcall.txt,bpf_global_ma_init,2.800388,0,123
9,run8_initcall.txt,bpf_syscall_sysctl_init,2.805952,0,8
9,run8_initcall.txt,unbound_reg_init,2.811502,0,4
9,run8_initcall.txt,kfunc_init,2.817077,0,3
9,run8_initcall.txt,bpf_map_iter_init,2.82247,0,7
9,run8_initcall.txt,init_subsystem,2.828025,0,1
9,run8_initcall.txt,task_iter_init,2.833593,0,1
9,run8_initcall.txt,bpf_prog_iter_init,2.839124,0,5
9,run8_initcall.txt,bpf_link_iter_init,2.844651,0,0
9,run8_initcall.txt,init_trampolines,2.850168,0,2
9,run8_initcall.txt,rqspinlock_register_kfuncs,2.855528,0,0
9,run8_initcall.txt,kfunc_init,2.861076,0,0
9,run8_initcall.txt,bpf_cgroup_iter_init,2.866614,0,5
9,run8_initcall.txt,cpumask_kfunc_init,2.872149,0,11
9,run8_initcall.txt,crypto_kfunc_init,2.877685,0,1
9,run8_initcall.txt,bpf_kmem_cache_iter_init,2.883247,0,6
9,run8_initcall.txt,dmabuf_iter_init,2.88861,0,0
9,run8_initcall.txt,load_system_certificate_list,2.896843,0,2733
9,run8_initcall.txt,init_lru_gen,2.902367,0,31
9,run8_initcall.txt,vmstat_late_init,2.907872,0,1
9,run8_initcall.txt,fault_around_debugfs,2.913409,0,3
9,run8_initcall.txt,slab_sysfs_init,2.923104,0,4157
9,run8_initcall.txt,max_swapfiles_check,2.928754,0,0
9,run8_initcall.txt,zswap_init,2.934364,0,3
9,run8_initcall.txt,mempolicy_sysfs_init,2.939925,0,25
9,run8_initcall.txt,memory_tier_late_init,2.951198,0,5702
9,run8_initcall.txt,check_early_ioremap_leak,2.956618,0,1
9,run8_initcall.txt,mg_debugfs_init,2.962198,0,24
9,run8_initcall.txt,fscrypt_init,2.973386,0,5637
9,run8_initcall.txt,pstore_init,2.978966,0,17
9,run8_initcall.txt,init_root_keyring,2.984533,0,31
9,run8_initcall.txt,init_profile_hash,2.989961,0,0
9,run8_initcall.txt,integrity_fs_init,2.995518,0,16
9,run8_initcall.txt,crypto_algapi_init,3.001094,0,9
9,run8_initcall.txt,blk_timeout_init,3.006646,0,5
9,run8_initcall.txt,depot_debugfs_init,3.01219,0,9
9,run8_initcall.txt,pci_resource_alignment_sysfs_init,3.017745,0,11
9,run8_initcall.txt,pci_sysfs_init,3.023124,0,18
9,run8_initcall.txt,clk_debug_init,3.029069,0,424
9,run8_initcall.txt,genpd_debug_init,3.034967,0,380
9,run8_initcall.txt,sync_state_resume_initcall,3.040504,0,1
9,run8_initcall.txt,deferred_probe_initcall,3.166052,0,120028
9,run8_initcall.txt,efi_shutdown_init,3.172442,-19,24
9,run8_initcall.txt,efi_earlycon_unmap_fb,3.178471,0,5
9,run8_initcall.txt,psci_debugfs_init,3.183819,0,0
9,run8_initcall.txt,of_cfs_init,3.19427,0,5288
9,run8_initcall.txt,of_fdt_raw_init,3.199511,0,38
9,run8_initcall.txt,bpf_kfunc_init,3.204723,0,3
9,run8_initcall.txt,init_subsystem,3.209943,0,0
9,run8_initcall.txt,xdp_metadata_init,3.215187,0,9
9,run8_initcall.txt,bpf_sockmap_iter_init,3.220411,0,1
9,run8_initcall.txt,bpf_sk_storage_map_iter_init,3.220425,0,0
9,run8_initcall.txt,bpf_prog_test_run_init,3.236008,0,1
9,run8_initcall.txt,bpf_dummy_struct_ops_init,3.241287,0,0
9,run8_initcall.txt,tcp_congestion_default,3.246556,0,1
9,run8_initcall.txt,inet_blackhole_dev_init,3.251839,0,11
9,run8_initcall.txt,ip_auto_config,3.257007,0,14
9,run8_initcall.txt,tcp_bpf_v4_build_proto,3.267641,0,2
9,run8_initcall.txt,udp_bpf_v4_build_proto,3.272944,0,2
9,run8_initcall.txt,bpf_tcp_ca_kfunc_init,3.278246,0,1
9,run8_initcall.txt,bpf_mptcp_kfunc_init,3.283556,0,0
9,run8_initcall.txt,latency_fsnotify_init,3.288703,0,34
9,run8_initcall.txt,trace_eval_sync,3.293975,0,12
9,run8_initcall.txt,late_trace_init,3.299236,0,0
9,run8_initcall.txt,fb_logo_late_init,3.304507,0,0
9,run8_initcall.txt,amba_stub_drv_init,3.309812,0,28
9,run8_initcall.txt,clk_disable_unused,3.321425,0,6344
9,run8_initcall.txt,genpd_power_off_unused,3.329583,0,33
9,run8_initcall.txt,regulator_init_complete,3.340644,0,2
9,run8_initcall.txt,of_platform_sync_state_init,3.35381,0,24
10,run9_initcall.txt,pm_sysrq_init,0.047241,0,0
10,run9_initcall.txt,init_rcu_stall_sysctl,0.047265,0,0
10,run9_initcall.txt,init_module_sysctl,0.047285,0,0
10,run9_initcall.txt,create_proc_profile,0.047306,0,0
10,run9_initcall.txt,cgroup_sysfs_init,0.047325,0,0
10,run9_initcall.txt,user_namespaces_init,0.04735,0,0
10,run9_initcall.txt,hung_task_init,0.047461,0,0
10,run9_initcall.txt,init_trace_sysctls,0.047481,0,0
10,run9_initcall.txt,trace_eval_init,0.047524,0,0
10,run9_initcall.txt,init_trace_stack_sysctls,0.047544,0,0
10,run9_initcall.txt,send_signal_irq_work_init,0.047565,0,0
10,run9_initcall.txt,dev_map_init,0.047586,0,0
10,run9_initcall.txt,netns_bpf_init,0.047606,0,0
10,run9_initcall.txt,oom_init,0.047677,0,0
10,run9_initcall.txt,init_user_buckets,0.047699,0,0
10,run9_initcall.txt,init_vm_util_sysctls,0.047721,0,0
10,run9_initcall.txt,default_bdi_init,0.047835,0,0
10,run9_initcall.txt,cgwb_init,0.047864,0,0
10,run9_initcall.txt,percpu_enable_async,0.047881,0,0
10,run9_initcall.txt,kcompactd_init,0.047992,0,0
10,run9_initcall.txt,init_mm_sysctl,0.04801,0,0
10,run9_initcall.txt,init_user_reserve,0.048027,0,0
10,run9_initcall.txt,init_admin_reserve,0.048042,0,0
10,run9_initcall.txt,init_reserve_notifier,0.048058,0,0
10,run9_initcall.txt,swap_init,0.04808,0,0
10,run9_initcall.txt,swapfile_init,0.048104,0,0
10,run9_initcall.txt,memory_tier_init,0.048154,0,0
10,run9_initcall.txt,numa_init_sysfs,0.048212,0,0
10,run9_initcall.txt,mem_cgroup_swap_init,0.048231,0,0
10,run9_initcall.txt,init_msg_buckets,0.048248,0,0
10,run9_initcall.txt,init_bio,0.048294,0,0
10,run9_initcall.txt,blk_ioc_init,0.048314,0,0
10,run9_initcall.txt,blk_mq_init,0.048332,0,0
10,run9_initcall.txt,genhd_device_init,0.048434,0,0
10,run9_initcall.txt,blkcg_punt_bio_init,0.04854,0,0
10,run9_initcall.txt,blk_integrity_auto_init,0.048612,0,0
10,run9_initcall.txt,io_wq_init,0.048633,0,0
10,run9_initcall.txt,crc_t10dif_mod_init,0.04866,0,0
10,run9_initcall.txt,sha256_mod_init,0.04868,0,0
10,run9_initcall.txt,sha512_mod_init,0.048697,0,0
10,run9_initcall.txt,sg_pool_init,0.04873,0,0
10,run9_initcall.txt,gpiolib_debugfs_init,0.048754,0,0
10,run9_initcall.txt,stmpe_gpio_init,0.048857,0,0
10,run9_initcall.txt,pwm_init,0.048887,0,0
10,run9_initcall.txt,leds_init,0.048923,0,0
10,run9_initcall.txt,pci_slot_init,0.048948,0,0
10,run9_initcall.txt,fbmem_init,0.049003,0,0
10,run9_initcall.txt,bcm2835_dma_init,0.049759,0,0
10,run9_initcall.txt,regulator_fixed_voltage_init,0.049842,0,0
10,run9_initcall.txt,gpio_regulator_init,0.0499,0,0
10,run9_initcall.txt,init_sysrq_sysctl,0.049926,0,0
10,run9_initcall.txt,misc_init,0.049954,0,0
10,run9_initcall.txt,iommu_subsys_init,0.049987,0,0
10,run9_initcall.txt,register_cpu_capacity_sysctl,0.050519,0,0
10,run9_initcall.txt,dma_buf_init,0.050599,0,0
10,run9_initcall.txt,dma_heap_init,0.050628,0,0
10,run9_initcall.txt,init_scsi,0.050731,0,0
10,run9_initcall.txt,mdio_bus_init,0.050763,0,0
10,run9_initcall.txt,phy_init,0.050814,0,0
10,run9_initcall.txt,usb_common_init,0.050836,0,0
10,run9_initcall.txt,usb_init,0.050951,0,0
10,run9_initcall.txt,usb_phy_generic_init,0.051109,0,0
10,run9_initcall.txt,usb_udc_init,0.051146,0,0
10,run9_initcall.txt,usb_roles_init,0.05117,0,0
10,run9_initcall.txt,input_init,0.051204,0,0
10,run9_initcall.txt,rtc_init,0.051229,0,0
10,run9_initcall.txt,rc_core_init,0.05126,0,0
10,run9_initcall.txt,pps_init,0.051298,0,0
10,run9_initcall.txt,ptp_init,0.051325,0,0
10,run9_initcall.txt,power_supply_class_init,0.051354,0,0
10,run9_initcall.txt,hwmon_init,0.051378,0,0
10,run9_initcall.txt,mmc_init,0.051423,0,0
10,run9_initcall.txt,dmi_init,0.051441,0,0
10,run9_initcall.txt,efisubsys_init,0.05146,0,0
10,run9_initcall.txt,arm_pmu_hp_init,0.05148,0,0
10,run9_initcall.txt,ras_init,0.051503,0,0
10,run9_initcall.txt,nvmem_init,0.051539,0,0
10,run9_initcall.txt,init_soundcore,0.05156,0,0
10,run9_initcall.txt,proto_init,0.051582,0,0
10,run9_initcall.txt,net_dev_init,0.051811,0,0
10,run9_initcall.txt,neigh_init,0.051833,0,0
10,run9_initcall.txt,fib_notifier_init,0.05185,0,0
10,run9_initcall.txt,netdev_genl_init,0.051891,0,0
10,run9_initcall.txt,page_pool_user_init,0.051908,0,0
10,run9_initcall.txt,fib_rules_init,0.051928,0,0
10,run9_initcall.txt,init_cgroup_netprio,0.051944,0,0
10,run9_initcall.txt,bpf_lwt_init,0.05196,0,0
10,run9_initcall.txt,pktsched_init,0.051982,0,0
10,run9_initcall.txt,tc_filter_init,0.052016,0,0
10,run9_initcall.txt,tc_action_init,0.052034,0,0
10,run9_initcall.txt,ethnl_init,0.052109,0,0
10,run9_initcall.txt,nexthop_init,0.052132,0,0
10,run9_initcall.txt,devlink_init,0.052274,0,4000
10,run9_initcall.txt,wireless_nlevent_init,0.052297,0,0
10,run9_initcall.txt,vsprintf_init_hashval,0.052319,0,0
10,run9_initcall.txt,init_32bit_el0_mask,0.052365,0,0
10,run9_initcall.txt,vga_arb_device_init,0.052516,0,0
10,run9_initcall.txt,watchdog_init,0.052597,0,0
10,run9_initcall.txt,create_debug_debugfs_entry,0.052712,0,0
10,run9_initcall.txt,iomem_init_inode,0.052762,0,0
10,run9_initcall.txt,clocksource_done_booting,0.052812,0,14
10,run9_initcall.txt,tracer_init_tracefs,0.052841,0,9
10,run9_initcall.txt,init_trace_printk_function_export,0.05292,0,59
10,run9_initcall.txt,init_graph_tracefs,0.052944,0,2
10,run9_initcall.txt,bpf_event_init,0.052964,0,1
10,run9_initcall.txt,init_kprobe_trace,0.439286,0,386298
10,run9_initcall.txt,init_dynamic_event,0.43939,0,7
10,run9_initcall.txt,bpf_init,0.439431,0,23
10,run9_initcall.txt,secretmem_init,0.439508,0,56
10,run9_initcall.txt,init_fs_stat_sysctls,0.439541,0,14
10,run9_initcall.txt,init_fs_exec_sysctls,0.439563,0,1
10,run9_initcall.txt,init_pipe_fs,0.439594,0,13
10,run9_initcall.txt,init_fs_namei_sysctls,0.439617,0,3
10,run9_initcall.txt,init_fs_dcache_sysctls,0.43965,0,7
10,run9_initcall.txt,init_fs_namespace_sysctls,0.439671,0,1
10,run9_initcall.txt,cgroup_writeback_init,0.439702,0,12
10,run9_initcall.txt,inotify_user_setup,0.439738,0,16
10,run9_initcall.txt,eventpoll_init,0.439776,0,18
10,run9_initcall.txt,anon_inode_init,0.439807,0,12
10,run9_initcall.txt,proc_locks_init,0.439834,0,7
10,run9_initcall.txt,backing_aio_init,0.439855,0,2
10,run9_initcall.txt,init_fs_coredump_sysctls,0.439883,0,7
10,run9_initcall.txt,init_vm_drop_caches_sysctls,0.439907,0,3
10,run9_initcall.txt,iomap_dio_init,0.439953,0,26
10,run9_initcall.txt,iomap_ioend_init,0.440004,0,32
10,run9_initcall.txt,dquot_init,0.440205,0,180
10,run9_initcall.txt,proc_cmdline_init,0.440232,0,3
10,run9_initcall.txt,proc_consoles_init,0.440253,0,1
10,run9_initcall.txt,proc_cpuinfo_init,0.440276,0,2
10,run9_initcall.txt,proc_devices_init,0.440296,0,1
10,run9_initcall.txt,proc_interrupts_init,0.44032,0,5
10,run9_initcall.txt,proc_loadavg_init,0.440341,0,1
10,run9_initcall.txt,proc_meminfo_init,0.440361,0,1
10,run9_initcall.txt,proc_stat_init,0.440381,0,1
10,run9_initcall.txt,proc_uptime_init,0.440402,0,1
10,run9_initcall.txt,proc_version_init,0.440422,0,1
10,run9_initcall.txt,proc_softirqs_init,0.440443,0,1
10,run9_initcall.txt,proc_kmsg_init,0.440461,0,1
10,run9_initcall.txt,proc_page_init,0.440478,0,2
10,run9_initcall.txt,init_ramfs_fs,0.440493,0,1
10,run9_initcall.txt,aa_create_aafs,0.44051,0,0
10,run9_initcall.txt,chr_dev_init,0.443693,0,3164
10,run9_initcall.txt,hwrng_modinit,0.443781,0,50
10,run9_initcall.txt,firmware_class_init,0.443803,0,1
10,run9_initcall.txt,sysctl_core_init,0.443858,0,29
10,run9_initcall.txt,eth_offload_init,0.443877,0,0
10,run9_initcall.txt,ipv4_offload_init,0.443894,0,1
10,run9_initcall.txt,inet_init,0.447841,0,3930
10,run9_initcall.txt,af_unix_init,0.447901,0,23
10,run9_initcall.txt,ipv6_offload_init,0.447922,0,1
10,run9_initcall.txt,init_sunrpc,0.448454,0,514
10,run9_initcall.txt,vlan_offload_init,0.448478,0,0
10,run9_initcall.txt,pci_apply_final_quirks,0.448509,0,13
10,run9_initcall.txt,populate_rootfs,0.448533,0,7
10,run9_initcall.txt,register_arm64_panic_block,0.448653,0,1
10,run9_initcall.txt,cpuinfo_regs_init,0.448767,0,96
10,run9_initcall.txt,aarch32_el0_sysfs_init,0.448788,0,0
10,run9_initcall.txt,kvm_arm_init,0.453005,0,4167
10,run9_initcall.txt,proc_execdomains_init,0.45306,0,6
10,run9_initcall.txt,register_warn_debugfs,0.453083,0,6
10,run9_initcall.txt,cpuhp_sysfs_init,0.453133,0,34
10,run9_initcall.txt,ioresources_init,0.453155,0,3
10,run9_initcall.txt,psi_proc_init,0.453173,0,0
10,run9_initcall.txt,irq_gc_init_ops,0.453191,0,0
10,run9_initcall.txt,irq_debugfs_init,0.453302,0,92
10,run9_initcall.txt,proc_modules_init,0.453334,0,2
10,run9_initcall.txt,timer_sysctl_init,0.453366,0,13
10,run9_initcall.txt,timekeeping_init_ops,0.453384,0,0
10,run9_initcall.txt,init_clocksource_sysfs,0.453486,0,86
10,run9_initcall.txt,init_timer_list_procfs,0.453508,0,4
10,run9_initcall.txt,alarmtimer_init,0.453589,0,65
10,run9_initcall.txt,clockevents_init_sysfs,0.453726,0,120
10,run9_initcall.txt,sched_clock_syscore_init,0.453745,0,0
10,run9_initcall.txt,kallsyms_init,0.453768,0,2
10,run9_initcall.txt,pid_namespaces_init,0.45384,0,56
10,run9_initcall.txt,audit_watch_init,0.453859,0,1
10,run9_initcall.txt,audit_fsnotify_init,0.453875,0,1
10,run9_initcall.txt,audit_tree_init,0.453893,0,3
10,run9_initcall.txt,seccomp_sysctl_init,0.453914,0,5
10,run9_initcall.txt,utsname_sysctl_init,0.453939,0,9
10,run9_initcall.txt,init_tracepoints,0.453957,0,1
10,run9_initcall.txt,init_lstats_procfs,0.45398,0,6
10,run9_initcall.txt,stack_trace_init,0.454033,0,34
10,run9_initcall.txt,init_blk_tracer,0.45407,0,19
10,run9_initcall.txt,perf_event_sysfs_init,0.454206,0,114
10,run9_initcall.txt,system_trusted_keyring_init,0.454248,0,19
10,run9_initcall.txt,kswapd_init,0.454598,0,328
10,run9_initcall.txt,extfrag_debug_init,0.454673,0,26
10,run9_initcall.txt,mm_compute_batch_init,0.454694,0,0
10,run9_initcall.txt,slab_proc_init,0.454723,0,10
10,run9_initcall.txt,workingset_init,0.454746,0,9
10,run9_initcall.txt,proc_vmalloc_init,0.454766,0,3
10,run9_initcall.txt,memblock_init_debugfs,0.454788,0,6
10,run9_initcall.txt,slab_debugfs_init,0.454824,0,18
10,run9_initcall.txt,procswaps_init,0.454842,0,2
10,run9_initcall.txt,zs_init,0.454861,0,0
10,run9_initcall.txt,fcntl_init,0.454884,0,6
10,run9_initcall.txt,proc_filesystems_init,0.454903,0,1
10,run9_initcall.txt,start_dirtytime_writeback,0.454929,0,7
10,run9_initcall.txt,dio_init,0.454951,0,1
10,run9_initcall.txt,dnotify_init,0.455007,0,35
10,run9_initcall.txt,fanotify_user_setup,0.455037,0,10
10,run9_initcall.txt,aio_setup,0.455113,0,56
10,run9_initcall.txt,mbcache_init,0.455144,0,6
10,run9_initcall.txt,init_grace,0.455167,0,3
10,run9_initcall.txt,init_devpts_fs,0.455198,0,14
10,run9_initcall.txt,ext4_init_fs,0.455334,0,120
10,run9_initcall.txt,journal_init,0.455374,0,19
10,run9_initcall.txt,init_fat_fs,0.455395,0,6
10,run9_initcall.txt,init_vfat_fs,0.455411,0,1
10,run9_initcall.txt,init_msdos_fs,0.455425,0,0
10,run9_initcall.txt,init_nfs_fs,0.455752,0,307
10,run9_initcall.txt,init_nfs_v2,0.455787,0,1
10,run9_initcall.txt,init_nfs_v3,0.455802,0,0
10,run9_initcall.txt,init_nfs_v4,0.455861,0,45
10,run9_initcall.txt,nfs4filelayout_init,0.455885,0,7
10,run9_initcall.txt,nfs4flexfilelayout_init,0.455907,0,7
10,run9_initcall.txt,init_nlm,0.45596,0,37
10,run9_initcall.txt,init_nls_cp437,0.455984,0,0
10,run9_initcall.txt,init_nls_ascii,0.455999,0,0
10,run9_initcall.txt,init_autofs_fs,0.456177,0,162
10,run9_initcall.txt,init_f2fs_fs,0.456369,0,169
10,run9_initcall.txt,ipc_init,0.456405,0,14
10,run9_initcall.txt,ipc_sysctl_init,0.456458,0,36
10,run9_initcall.txt,init_mqueue_fs,0.456532,0,54
10,run9_initcall.txt,key_proc_init,0.456559,0,6
10,run9_initcall.txt,bpf_crypto_skcipher_init,0.456586,0,2
10,run9_initcall.txt,dh_init,0.456608,0,3
10,run9_initcall.txt,rsa_init,0.456625,0,1
10,run9_initcall.txt,cryptomgr_init,0.456642,0,0
10,run9_initcall.txt,hmac_module_init,0.456661,0,1
10,run9_initcall.txt,crypto_sha256_mod_init,0.456681,0,3
10,run9_initcall.txt,crypto_ecb_module_init,0.456699,0,0
10,run9_initcall.txt,crypto_cbc_module_init,0.456716,0,0
10,run9_initcall.txt,crypto_cts_module_init,0.456735,0,0
10,run9_initcall.txt,xts_module_init,0.456752,0,0
10,run9_initcall.txt,des_generic_mod_init,0.456771,0,1
10,run9_initcall.txt,aes_init,0.456788,0,0
10,run9_initcall.txt,lzo_mod_init,0.456834,0,1
10,run9_initcall.txt,lzorle_mod_init,0.456852,0,1
10,run9_initcall.txt,asymmetric_key_init,0.456876,0,7
10,run9_initcall.txt,x509_key_init,0.456899,0,5
10,run9_initcall.txt,crypto_kdf108_init,0.456917,0,0
10,run9_initcall.txt,blkdev_init,0.456965,0,30
10,run9_initcall.txt,proc_genhd_init,0.456997,0,11
10,run9_initcall.txt,bsg_init,0.457049,0,35
10,run9_initcall.txt,throtl_init,0.457266,0,198
10,run9_initcall.txt,deadline_init,0.457304,0,7
10,run9_initcall.txt,kyber_init,0.457326,0,5
10,run9_initcall.txt,bfq_init,0.457387,0,38
10,run9_initcall.txt,io_uring_init,0.457441,0,36
10,run9_initcall.txt,btree_module_init,0.457465,0,3
10,run9_initcall.txt,percpu_counter_startup,0.457584,0,100
10,run9_initcall.txt,audit_classes_init,0.457618,0,12
10,run9_initcall.txt,gicv5_iwb_platform_driver_init,0.457754,0,117
10,run9_initcall.txt,mip_msi_driver_init,0.457813,0,37
10,run9_initcall.txt,bcm7038_l1_driver_init,0.457871,0,37
10,run9_initcall.txt,bcm7120_l2_driver_init,0.457938,0,40
10,run9_initcall.txt,brcmstb_l2_driver_init,0.458321,0,362
10,run9_initcall.txt,simple_pm_bus_driver_init,0.458923,0,577
10,run9_initcall.txt,phy_core_init,0.458975,0,26
10,run9_initcall.txt,brcm_usb_driver_init,0.459075,0,80
10,run9_initcall.txt,rp1_pinctrl_driver_init,0.459131,0,35
10,run9_initcall.txt,bcm2835_pinctrl_driver_init,0.460486,0,1333
10,run9_initcall.txt,bcm2712_pinctrl_driver_init,0.460591,0,69
10,run9_initcall.txt,brcmvirt_gpio_driver_init,0.46067,0,56
10,run9_initcall.txt,brcmstb_gpio_driver_init,0.460733,0,40
10,run9_initcall.txt,rpi_exp_gpio_driver_init,0.461501,0,746
10,run9_initcall.txt,brcmstb_pwm_driver_init,0.461603,0,63
10,run9_initcall.txt,rp1_pwm_driver_init,0.461664,0,39
10,run9_initcall.txt,gpio_led_driver_init,0.682959,0,221271
10,run9_initcall.txt,led_pwm_driver_init,0.683093,0,93
10,run9_initcall.txt,timer_led_trigger_init,0.683122,0,5
10,run9_initcall.txt,oneshot_led_trigger_init,0.683155,0,0
10,run9_initcall.txt,heartbeat_trig_init,0.683178,0,3
10,run9_initcall.txt,bl_led_trigger_init,0.683198,0,0
10,run9_initcall.txt,ledtrig_cpu_init,0.683339,0,121
10,run9_initcall.txt,defon_led_trigger_init,0.683477,0,110
10,run9_initcall.txt,input_trig_init,0.683511,0,1
10,run9_initcall.txt,ledtrig_panic_init,0.683532,0,2
10,run9_initcall.txt,actpwr_trig_init,0.685187,0,1614
10,run9_initcall.txt,pcie_portdrv_init,0.685374,0,90
10,run9_initcall.txt,pci_proc_init,0.685411,0,13
10,run9_initcall.txt,brcm_pcie_driver_init,0.801865,0,116429
10,run9_initcall.txt,bcm2708_fb_init,0.801964,0,76
10,run9_initcall.txt,simplefb_driver_init,0.828073,0,26092
10,run9_initcall.txt,of_fixed_factor_clk_driver_init,0.828179,0,42
10,run9_initcall.txt,of_fixed_clk_driver_init,0.828268,0,40
10,run9_initcall.txt,gpio_clk_driver_init,0.828359,0,43
10,run9_initcall.txt,gated_fixed_clk_driver_init,0.828441,0,35
10,run9_initcall.txt,rp1_clk_driver_init,0.828525,0,35
10,run9_initcall.txt,rp1_sdio_clk_driver_init,0.828606,0,35
10,run9_initcall.txt,clk_dvp_driver_init,0.828825,0,171
10,run9_initcall.txt,bcm2835_aux_clk_driver_init,0.82894,0,66
10,run9_initcall.txt,raspberrypi_clk_driver_init,0.844424,0,15432
10,run9_initcall.txt,dw_driver_init,0.844521,0,51
10,run9_initcall.txt,bcm2835_power_driver_init,0.844591,0,26
10,run9_initcall.txt,rpi_power_driver_init,0.845995,0,1357
10,run9_initcall.txt,brcmstb_reset_driver_init,0.846086,0,40
10,run9_initcall.txt,brcm_rescal_reset_driver_init,0.846175,0,37
10,run9_initcall.txt,rpi_reset_driver_init,0.846341,0,117
10,run9_initcall.txt,reset_simple_driver_init,0.846473,0,82
10,run9_initcall.txt,n_null_init,0.846523,0,0
10,run9_initcall.txt,pty_init,0.846666,0,100
10,run9_initcall.txt,sysrq_init,0.846726,0,15
10,run9_initcall.txt,serial8250_init,0.84677,-19,0
10,run9_initcall.txt,bcm2835aux_serial_driver_init,0.84686,0,43
10,run9_initcall.txt,brcmuart_init,0.846962,0,53
10,run9_initcall.txt,exar_pci_driver_init,0.847038,0,28
10,run9_initcall.txt,of_platform_serial_driver_init,0.847181,0,93
10,run9_initcall.txt,serial_pci_driver_init,0.847267,0,32
10,run9_initcall.txt,pericom8250_pci_driver_init,0.847337,0,18
10,run9_initcall.txt,init_kgdboc,0.847489,0,105
10,run9_initcall.txt,random_sysctls_init,0.847553,0,16
10,run9_initcall.txt,ttyprintk_init,0.847658,0,55
10,run9_initcall.txt,bcm2835_rng_driver_init,0.847766,0,58
10,run9_initcall.txt,bcm74110_rng_driver_init,0.847853,0,37
10,run9_initcall.txt,iproc_rng200_driver_init,0.848194,0,290
10,run9_initcall.txt,smccc_trng_driver_init,0.848273,0,28
10,run9_initcall.txt,vc_mem_init,0.848461,0,138
10,run9_initcall.txt,vcio_driver_init,0.851495,0,2986
10,run9_initcall.txt,bcm2712_iommu_driver_init,0.856704,0,55
10,run9_initcall.txt,bcm2712_iommu_cache_driver_init,0.861927,0,44
10,run9_initcall.txt,topology_sysfs_init,0.867179,0,67
10,run9_initcall.txt,cacheinfo_sysfs_init,0.872653,0,260
10,run9_initcall.txt,devcoredump_init,0.877907,0,9
10,run9_initcall.txt,brd_init,0.889777,0,6718
10,run9_initcall.txt,loop_init,0.900498,0,5461
10,run9_initcall.txt,bcm2835_pm_driver_init,0.908563,0,2780
10,run9_initcall.txt,stmpe_i2c_driver_init,0.913692,0,16
10,run9_initcall.txt,stmpe_spi_driver_init,0.91896,0,14
10,run9_initcall.txt,rp1_driver_init,0.924229,0,29
10,run9_initcall.txt,system_heap_create,0.929577,0,104
10,run9_initcall.txt,add_default_cma_heap,0.934936,0,101
10,run9_initcall.txt,udmabuf_dev_init,0.940225,0,49
10,run9_initcall.txt,iscsi_transport_init,0.948184,0,2832
10,run9_initcall.txt,init_sd,0.953469,0,30
10,run9_initcall.txt,nvme_core_init,0.958953,0,278
10,run9_initcall.txt,nvme_init,0.964239,0,35
10,run9_initcall.txt,blackhole_netdev_init,0.969504,0,22
10,run9_initcall.txt,netkit_init,0.974733,0,6
10,run9_initcall.txt,phylink_init,0.979835,0,0
10,run9_initcall.txt,phy_module_init,0.985264,0,190
10,run9_initcall.txt,phy_module_init,0.990677,0,198
10,run9_initcall.txt,fixed_mdio_bus_init,0.996072,0,165
10,run9_initcall.txt,phy_module_init,1.00149,0,179
10,run9_initcall.txt,phy_module_init,1.006825,0,24
10,run9_initcall.txt,phy_module_init,1.012093,0,62
10,run9_initcall.txt,unimac_mdio_driver_init,1.017571,0,143
10,run9_initcall.txt,macb_driver_init,1.023116,0,124
10,run9_initcall.txt,bcmgenet_driver_init,1.236515,0,207915
10,run9_initcall.txt,bcmasp_driver_init,1.242286,0,95
10,run9_initcall.txt,lan78xx_driver_init,1.25073,0,2887
10,run9_initcall.txt,smsc95xx_driver_init,1.259424,0,2924
10,run9_initcall.txt,usbnet_init,1.26519,0,0
10,run9_initcall.txt,xhci_hcd_init,1.270985,0,18
10,run9_initcall.txt,xhci_pci_init,1.448179,0,171423
10,run9_initcall.txt,xhci_plat_init,1.453962,0,128
10,run9_initcall.txt,dwc_otg_driver_init,1.470697,0,11135
10,run9_initcall.txt,dwc_common_port_init_module,1.479066,0,2784
10,run9_initcall.txt,dwc3_driver_init,1.484742,0,72
10,run9_initcall.txt,dwc3_haps_driver_init,1.490377,0,29
10,run9_initcall.txt,dwc3_of_simple_driver_init,1.495999,0,62
10,run9_initcall.txt,dwc3_generic_driver_init,1.501597,0,42
10,run9_initcall.txt,dwc2_platform_driver_init,1.507298,0,146
10,run9_initcall.txt,uas_init,1.515617,0,2923
10,run9_initcall.txt,usb_storage_driver_init,1.523927,0,2774
10,run9_initcall.txt,brcmstb_usb_pinmap_init,1.529551,-19,84
10,run9_initcall.txt,bdc_driver_init,1.535167,0,51
10,run9_initcall.txt,input_leds_init,1.540772,0,1
10,run9_initcall.txt,mousedev_init,1.550043,0,3702
10,run9_initcall.txt,evdev_init,1.555654,0,1
10,run9_initcall.txt,brcmstb_waketmr_driver_init,1.561384,0,89
10,run9_initcall.txt,rpi_rtc_driver_init,1.567012,0,43
10,run9_initcall.txt,init_rc_map_adstech_dvb_t_pci,1.572605,0,0
10,run9_initcall.txt,init_rc_map_alink_dtu_m,1.578119,0,0
10,run9_initcall.txt,init_rc_map_anysee,1.583624,0,50
10,run9_initcall.txt,init_rc_map_apac_viewcomp,1.589312,0,0
10,run9_initcall.txt,init_rc_map_t2hybrid,1.594863,0,0
10,run9_initcall.txt,init_rc_map_asus_pc39,1.600435,0,0
10,run9_initcall.txt,init_rc_map_asus_ps3_100,1.605993,0,0
10,run9_initcall.txt,init_rc_map_ati_tv_wonder_hd_600,1.611573,0,85
10,run9_initcall.txt,init_rc_map_ati_x10,1.617007,0,0
10,run9_initcall.txt,init_rc_map_avermedia_a16d,1.62255,0,6
10,run9_initcall.txt,init_rc_map_avermedia_cardbus,1.628065,0,0
10,run9_initcall.txt,init_rc_map_avermedia_dvbt,1.633551,0,0
10,run9_initcall.txt,init_rc_map_avermedia_m135a,1.639048,0,0
10,run9_initcall.txt,init_rc_map_avermedia_m733a_rm_k6,1.644545,0,0
10,run9_initcall.txt,init_rc_map_avermedia,1.649913,0,0
10,run9_initcall.txt,init_rc_map_avermedia_rm_ks,1.655398,0,0
10,run9_initcall.txt,init_rc_map_avertv_303,1.660908,0,0
10,run9_initcall.txt,init_rc_map_azurewave_ad_tu700,1.669115,0,2732
10,run9_initcall.txt,init_rc_map_beelink_gs1,1.674651,0,12
10,run9_initcall.txt,init_rc_map_beelink_mxiii,1.680041,0,0
10,run9_initcall.txt,init_rc_map_behold_columbus,1.685575,0,0
10,run9_initcall.txt,init_rc_map_behold,1.691085,0,0
10,run9_initcall.txt,init_rc_map_budget_ci_old,1.696598,0,0
10,run9_initcall.txt,init_rc_map_cinergy_1400,1.7021,0,0
10,run9_initcall.txt,init_rc_map_cinergy,1.70759,0,0
10,run9_initcall.txt,init_rc_map_ct_90405,1.712908,0,0
10,run9_initcall.txt,init_rc_map_d680_dmb,1.718377,0,0
10,run9_initcall.txt,init_rc_map_delock_61959,1.723814,0,0
10,run9_initcall.txt,init_rc_map,1.729266,0,0
10,run9_initcall.txt,init_rc_map,1.734699,0,0
10,run9_initcall.txt,init_rc_map_digitalnow_tinytwin,1.740151,0,0
10,run9_initcall.txt,init_rc_map_digittrade,1.745489,0,0
10,run9_initcall.txt,init_rc_map_dm1105_nec,1.750929,0,0
10,run9_initcall.txt,init_rc_map_dntv_live_dvb_t,1.756368,0,0
10,run9_initcall.txt,init_rc_map_dntv_live_dvbt_pro,1.761795,0,0
10,run9_initcall.txt,init_rc_map_dreambox,1.767236,0,0
10,run9_initcall.txt,init_rc_map_dtt200u,1.772655,0,0
10,run9_initcall.txt,init_rc_map_rc5_dvbsky,1.778063,0,0
10,run9_initcall.txt,init_rc_map_dvico_mce,1.783411,0,0
10,run9_initcall.txt,init_rc_map_dvico_portable,1.788867,0,0
10,run9_initcall.txt,init_rc_map_em_terratec,1.794398,0,106
10,run9_initcall.txt,init_rc_map_encore_enltv2,1.799883,0,0
10,run9_initcall.txt,init_rc_map_encore_enltv_fm53,1.80543,0,38
10,run9_initcall.txt,init_rc_map_encore_enltv,1.810947,0,0
10,run9_initcall.txt,init_rc_map_evga_indtube,1.819027,0,0
10,run9_initcall.txt,init_rc_map_eztv,1.830297,0,92
10,run9_initcall.txt,init_rc_map_flydvb,1.838696,0,0
10,run9_initcall.txt,init_rc_map_flyvideo,1.846867,0,0
10,run9_initcall.txt,init_rc_map_fusionhdtv_mce,1.855157,0,0
10,run9_initcall.txt,init_rc_map_gadmei_rm008z,1.863424,0,0
10,run9_initcall.txt,init_rc_map_geekbox,1.868964,0,0
10,run9_initcall.txt,init_rc_map_genius_tvgo_a11mce,1.874467,0,0
10,run9_initcall.txt,init_rc_map_gotview7135,1.879825,0,0
10,run9_initcall.txt,init_rc_map_rc5_hauppauge_new,1.885334,0,0
10,run9_initcall.txt,init_rc_map_hisi_poplar,1.89085,0,0
10,run9_initcall.txt,init_rc_map_hisi_tv_demo,1.896328,0,0
10,run9_initcall.txt,init_rc_map_imon_mce,1.901812,0,0
10,run9_initcall.txt,init_rc_map_imon_pad,1.907267,0,0
10,run9_initcall.txt,init_rc_map_imon_rsc,1.912553,0,0
10,run9_initcall.txt,init_rc_map_iodata_bctv7e,1.917981,0,0
10,run9_initcall.txt,init_rc_it913x_v1_map,1.923388,0,0
10,run9_initcall.txt,init_rc_it913x_v2_map,1.928821,0,0
10,run9_initcall.txt,init_rc_map_kaiomy,1.934254,0,0
10,run9_initcall.txt,init_rc_map_khadas,1.939661,0,0
10,run9_initcall.txt,init_rc_map_khamsin,1.944985,0,0
10,run9_initcall.txt,init_rc_map_kworld_315u,1.950284,0,0
10,run9_initcall.txt,init_rc_map_kworld_pc150u,1.955786,0,39
10,run9_initcall.txt,init_rc_map_kworld_plus_tv_analog,1.961283,0,38
10,run9_initcall.txt,init_rc_map_leadtek_y04g0051,1.966795,0,12
10,run9_initcall.txt,init_rc_lme2510_map,1.972224,0,0
10,run9_initcall.txt,init_rc_map_manli,1.977647,0,0
10,run9_initcall.txt,init_rc_map_mecool_kiii_pro,1.982909,0,0
10,run9_initcall.txt,init_rc_map_mecool_kii_pro,1.988332,0,0
10,run9_initcall.txt,init_rc_map_medion_x10_digitainer,1.993765,0,0
10,run9_initcall.txt,init_rc_map_medion_x10,1.99917,0,0
10,run9_initcall.txt,init_rc_map_medion_x10_or2x,2.004579,0,0
10,run9_initcall.txt,init_rc_map_minix_neo,2.009973,0,0
10,run9_initcall.txt,init_rc_map_msi_digivox_iii,2.015241,0,0
10,run9_initcall.txt,init_rc_map_msi_digivox_ii,2.020658,0,0
10,run9_initcall.txt,init_rc_map_msi_tvanywhere,2.026041,0,0
10,run9_initcall.txt,init_rc_map_msi_tvanywhere_plus,2.031389,0,0
10,run9_initcall.txt,init_rc_map_mygica_utv3,2.036972,0,0
10,run9_initcall.txt,init_rc_map_nebula,2.042317,0,0
10,run9_initcall.txt,init_rc_map_nec_terratec_cinergy_xs,2.047515,0,0
10,run9_initcall.txt,init_rc_map_norwood,2.052865,0,0
10,run9_initcall.txt,init_rc_map_npgtech,2.058216,0,0
10,run9_initcall.txt,init_rc_map_odroid,2.063572,0,0
10,run9_initcall.txt,init_rc_map_pctv_sedna,2.068907,0,0
10,run9_initcall.txt,init_rc_map_pine64,2.074225,0,0
10,run9_initcall.txt,init_rc_map_pinnacle_color,2.079383,0,0
10,run9_initcall.txt,init_rc_map_pinnacle_grey,2.084684,0,0
10,run9_initcall.txt,init_rc_map_pinnacle_pctv_hd,2.089993,0,0
10,run9_initcall.txt,init_rc_map_pixelview,2.0953,0,0
10,run9_initcall.txt,init_rc_map_pixelview,2.100609,0,0
10,run9_initcall.txt,init_rc_map_pixelview_new,2.105928,0,0
10,run9_initcall.txt,init_rc_map_pixelview,2.111208,0,0
10,run9_initcall.txt,init_rc_map_powercolor_real_angel,2.116373,0,0
10,run9_initcall.txt,init_rc_map_proteus_2309,2.121681,0,0
10,run9_initcall.txt,init_rc_map_purpletv,2.126982,0,0
10,run9_initcall.txt,init_rc_map_pv951,2.132287,0,0
10,run9_initcall.txt,init_rc_map_rc6_mce,2.137604,0,0
10,run9_initcall.txt,init_rc_map_real_audio_220_32_keys,2.142931,0,0
10,run9_initcall.txt,init_rc_map_reddo,2.148112,0,1
10,run9_initcall.txt,init_rc_map_siemens_gigaset_rc20,2.153428,0,0
10,run9_initcall.txt,init_rc_map_snapstream_firefly,2.158763,0,0
10,run9_initcall.txt,init_rc_map_streamzap,2.164088,0,0
10,run9_initcall.txt,init_rc_map_su3000,2.169397,0,0
10,run9_initcall.txt,init_rc_map_tanix_tx3mini,2.174716,0,0
10,run9_initcall.txt,init_rc_map_tanix_tx5max,2.179893,0,1
10,run9_initcall.txt,init_rc_map_tbs_nec,2.185218,0,0
10,run9_initcall.txt,init_rc_map,2.190516,0,0
10,run9_initcall.txt,init_rc_map,2.195837,0,0
10,run9_initcall.txt,init_rc_map_terratec_cinergy_c_pci,2.201148,0,0
10,run9_initcall.txt,init_rc_map_terratec_cinergy_s2_hd,2.206481,0,0
10,run9_initcall.txt,init_rc_map_terratec_cinergy_xs,2.211715,0,0
10,run9_initcall.txt,init_rc_map_terratec_slim_2,2.21695,0,0
10,run9_initcall.txt,init_rc_map_terratec_slim,2.222267,0,0
10,run9_initcall.txt,init_rc_map_tevii_nec,2.227572,0,0
10,run9_initcall.txt,init_rc_map_tivo,2.232899,0,0
10,run9_initcall.txt,init_rc_map_total_media_in_hand_02,2.238241,0,7
10,run9_initcall.txt,init_rc_map_total_media_in_hand,2.243558,0,0
10,run9_initcall.txt,init_rc_map_trekstor,2.248699,0,0
10,run9_initcall.txt,init_rc_map_tt_1500,2.253979,0,0
10,run9_initcall.txt,init_rc_map_twinhan_vp1027,2.2593,0,0
10,run9_initcall.txt,init_rc_map_twinhan_dtv_cab_ci,2.26462,0,0
10,run9_initcall.txt,init_rc_map_vega_s9x,2.269923,0,0
10,run9_initcall.txt,init_rc_map_videomate_k100,2.275239,0,0
10,run9_initcall.txt,init_rc_map_videomate_s350,2.28039,0,0
10,run9_initcall.txt,init_rc_map_videomate_tv_pvr,2.28572,0,0
10,run9_initcall.txt,init_rc_map_kii_pro,2.291028,0,0
10,run9_initcall.txt,init_rc_map_wetek_hub,2.296352,0,1
10,run9_initcall.txt,init_rc_map_wetek_play2,2.301674,0,0
10,run9_initcall.txt,init_rc_map_winfast,2.306992,0,0
10,run9_initcall.txt,init_rc_map_winfast_usbii_deluxe,2.312189,0,0
10,run9_initcall.txt,init_rc_map_x96max,2.317499,0,0
10,run9_initcall.txt,init_rc_map,2.322821,0,0
10,run9_initcall.txt,init_rc_map,2.328134,0,0
10,run9_initcall.txt,init_rc_map_zx_irdec,2.333459,0,0
10,run9_initcall.txt,ptp_kvm_init,2.338757,-95,1
10,run9_initcall.txt,gpio_poweroff_driver_init,2.344176,0,110
10,run9_initcall.txt,bcm2711_thermal_driver_init,2.352357,0,2992
10,run9_initcall.txt,bcm2835_thermal_driver_init,2.357763,0,65
10,run9_initcall.txt,bcm2835_wdt_driver_init,2.363125,0,30
10,run9_initcall.txt,dt_cpufreq_platdrv_init,2.368521,0,32
10,run9_initcall.txt,brcm_avs_cpufreq_platdrv_init,2.373967,0,44
10,run9_initcall.txt,raspberrypi_cpufreq_driver_init,2.385487,0,6291
10,run9_initcall.txt,mmc_pwrseq_simple_driver_init,2.391026,0,95
10,run9_initcall.txt,mmc_pwrseq_emmc_driver_init,2.396546,0,43
10,run9_initcall.txt,mmc_blk_init,2.402063,0,40
10,run9_initcall.txt,sdhci_drv_init,2.412847,0,5325
10,run9_initcall.txt,bcm2835_mmc_driver_init,2.42114,0,2807
10,run9_initcall.txt,bcm2835_driver_init,2.426709,0,52
10,run9_initcall.txt,sdhci_pltfm_drv_init,2.435034,0,2771
10,run9_initcall.txt,sdhci_iproc_driver_init,2.440655,0,81
10,run9_initcall.txt,sdhci_brcmstb_driver_init,2.440741,0,70
10,run9_initcall.txt,esrt_sysfs_init,2.440757,-38,1
10,run9_initcall.txt,smccc_devices_init,2.440771,0,1
10,run9_initcall.txt,smccc_soc_init,2.440783,0,1
10,run9_initcall.txt,arch_timer_mmio_drv_init,2.440862,0,66
10,run9_initcall.txt,arch_timer_mmio_acpi_drv_init,2.440901,0,25
10,run9_initcall.txt,hid_init,2.440977,0,62
10,run9_initcall.txt,hid_generic_init,2.441028,0,38
10,run9_initcall.txt,hid_init,2.441091,0,50
10,run9_initcall.txt,vchiq_driver_init,2.514486,0,73384
10,run9_initcall.txt,bcm74110_mbox_driver_init,2.521324,0,154
10,run9_initcall.txt,extcon_class_init,2.526903,0,22
10,run9_initcall.txt,armv8_pmu_driver_init,2.538837,0,6366
10,run9_initcall.txt,binder_init,2.544481,0,60
10,run9_initcall.txt,rpi_otp_driver_init,2.558648,0,8693
10,run9_initcall.txt,sock_diag_init,2.564268,0,39
10,run9_initcall.txt,blackhole_init,2.569834,0,2
10,run9_initcall.txt,cls_bpf_init_mod,2.575372,0,8
10,run9_initcall.txt,gre_offload_init,2.580756,0,0
10,run9_initcall.txt,sysctl_ipv4_init,2.586356,0,71
10,run9_initcall.txt,cubictcp_register,2.591892,0,3
10,run9_initcall.txt,packet_init,2.600167,0,2756
10,run9_initcall.txt,init_rpcsec_gss,2.605714,0,19
10,run9_initcall.txt,init_kerberos_module,2.611236,0,13
10,run9_initcall.txt,dcbnl_init,2.616665,0,3
10,run9_initcall.txt,init_dns_resolver,2.624985,0,2788
10,run9_initcall.txt,handshake_init,2.630629,0,45
10,run9_initcall.txt,check_mmu_enabled_at_boot,2.6362,0,0
10,run9_initcall.txt,finalize_pkvm,2.64182,0,0
10,run9_initcall.txt,kernel_do_mounts_initrd_sysctls_init,2.650199,0,6
10,run9_initcall.txt,kernel_panic_sysctls_init,2.655833,0,13
10,run9_initcall.txt,kernel_panic_sysfs_init,2.661486,0,6
10,run9_initcall.txt,kernel_exit_sysctls_init,2.667141,0,7
10,run9_initcall.txt,kernel_exit_sysfs_init,2.67278,0,3
10,run9_initcall.txt,param_sysfs_builtin_init,2.688355,0,10010
10,run9_initcall.txt,reboot_ksysfs_init,2.694469,0,247
10,run9_initcall.txt,sched_core_sysctl_init,2.700104,0,4
10,run9_initcall.txt,sched_fair_sysctl_init,2.706632,0,12
10,run9_initcall.txt,sched_rt_sysctl_init,2.712154,0,4
10,run9_initcall.txt,sched_dl_sysctl_init,2.717818,0,3
10,run9_initcall.txt,sched_init_debug,2.723576,0,112
10,run9_initcall.txt,cpu_latency_qos_init,2.729363,0,165
10,run9_initcall.txt,printk_late_init,2.734999,0,22
10,run9_initcall.txt,init_srcu_module_notifier,2.740617,0,3
10,run9_initcall.txt,kernel_rcu_stall_sysfs_init,2.746125,0,5
10,run9_initcall.txt,swiotlb_create_default_debugfs,2.751803,0,14
10,run9_initcall.txt,tk_debug_sleep_time_init,2.757451,0,3
10,run9_initcall.txt,bpf_ksym_iter_register,2.763106,0,7
10,run9_initcall.txt,kernel_acct_sysctls_init,2.768713,0,4
10,run9_initcall.txt,bpf_rstat_kfunc_init,2.774314,0,1
10,run9_initcall.txt,debugfs_kprobe_init,2.779737,0,16
10,run9_initcall.txt,kernel_delayacct_sysctls_init,2.78531,0,4
10,run9_initcall.txt,taskstats_init,2.793678,0,2806
10,run9_initcall.txt,ftrace_sysctl_init,2.799257,0,8
10,run9_initcall.txt,bpf_kprobe_multi_kfuncs_init,2.804776,0,0
10,run9_initcall.txt,kdb_ftrace_register,2.810308,0,9
10,run9_initcall.txt,bpf_global_ma_init,2.815849,0,137
10,run9_initcall.txt,bpf_syscall_sysctl_init,2.821436,0,8
10,run9_initcall.txt,unbound_reg_init,2.82699,0,6
10,run9_initcall.txt,kfunc_init,2.832549,0,1
10,run9_initcall.txt,bpf_map_iter_init,2.838102,0,1
10,run9_initcall.txt,init_subsystem,2.843631,0,0
10,run9_initcall.txt,task_iter_init,2.849076,0,11
10,run9_initcall.txt,bpf_prog_iter_init,2.854635,0,5
10,run9_initcall.txt,bpf_link_iter_init,2.86015,0,0
10,run9_initcall.txt,init_trampolines,2.865687,0,2
10,run9_initcall.txt,rqspinlock_register_kfuncs,2.871223,0,5
10,run9_initcall.txt,kfunc_init,2.876751,0,0
10,run9_initcall.txt,bpf_cgroup_iter_init,2.882169,0,1
10,run9_initcall.txt,cpumask_kfunc_init,2.887724,0,10
10,run9_initcall.txt,crypto_kfunc_init,2.893281,0,0
10,run9_initcall.txt,bpf_kmem_cache_iter_init,2.898823,0,5
10,run9_initcall.txt,dmabuf_iter_init,2.904337,0,0
10,run9_initcall.txt,load_system_certificate_list,2.912396,0,2567
10,run9_initcall.txt,init_lru_gen,2.917921,0,28
10,run9_initcall.txt,vmstat_late_init,2.92345,0,7
10,run9_initcall.txt,fault_around_debugfs,2.929007,0,4
10,run9_initcall.txt,slab_sysfs_init,2.938643,0,4098
10,run9_initcall.txt,max_swapfiles_check,2.944293,0,0
10,run9_initcall.txt,zswap_init,2.9497,0,0
10,run9_initcall.txt,mempolicy_sysfs_init,2.955264,0,28
10,run9_initcall.txt,memory_tier_late_init,2.966524,0,5703
10,run9_initcall.txt,check_early_ioremap_leak,2.972086,0,0
10,run9_initcall.txt,mg_debugfs_init,2.977669,0,19
10,run9_initcall.txt,fscrypt_init,2.98868,0,5619
10,run9_initcall.txt,pstore_init,2.994263,0,12
10,run9_initcall.txt,init_root_keyring,2.999844,0,34
10,run9_initcall.txt,init_profile_hash,3.005382,0,0
10,run9_initcall.txt,integrity_fs_init,3.010918,0,15
10,run9_initcall.txt,crypto_algapi_init,3.016312,0,9
10,run9_initcall.txt,blk_timeout_init,3.021854,0,0
10,run9_initcall.txt,depot_debugfs_init,3.027391,0,13
10,run9_initcall.txt,pci_resource_alignment_sysfs_init,3.032893,0,7
10,run9_initcall.txt,pci_sysfs_init,3.038432,0,20
10,run9_initcall.txt,clk_debug_init,3.044359,0,445
10,run9_initcall.txt,genpd_debug_init,3.050101,0,366
10,run9_initcall.txt,sync_state_resume_initcall,3.055632,0,1
10,run9_initcall.txt,deferred_probe_initcall,3.185571,0,124458
10,run9_initcall.txt,efi_shutdown_init,3.191584,-19,131
10,run9_initcall.txt,efi_earlycon_unmap_fb,3.197947,0,31
10,run9_initcall.txt,psci_debugfs_init,3.203405,0,0
10,run9_initcall.txt,of_cfs_init,3.213785,0,5131
10,run9_initcall.txt,of_fdt_raw_init,3.219019,0,37
10,run9_initcall.txt,bpf_kfunc_init,3.224226,0,1
10,run9_initcall.txt,init_subsystem,3.229441,0,0
10,run9_initcall.txt,xdp_metadata_init,3.234662,0,1
10,run9_initcall.txt,bpf_sockmap_iter_init,3.245057,0,1
10,run9_initcall.txt,bpf_sk_storage_map_iter_init,3.25023,0,0
10,run9_initcall.txt,bpf_prog_test_run_init,3.255491,0,2
10,run9_initcall.txt,bpf_dummy_struct_ops_init,3.260785,0,0
10,run9_initcall.txt,tcp_congestion_default,3.266082,0,2
10,run9_initcall.txt,inet_blackhole_dev_init,3.27138,0,9
10,run9_initcall.txt,ip_auto_config,3.276697,0,14
10,run9_initcall.txt,tcp_bpf_v4_build_proto,3.287162,0,1
10,run9_initcall.txt,udp_bpf_v4_build_proto,3.292449,0,0
10,run9_initcall.txt,bpf_tcp_ca_kfunc_init,3.297743,0,2
10,run9_initcall.txt,bpf_mptcp_kfunc_init,3.303029,0,0
10,run9_initcall.txt,latency_fsnotify_init,3.308305,0,35
10,run9_initcall.txt,trace_eval_sync,3.313426,0,12
10,run9_initcall.txt,late_trace_init,3.318696,0,8
10,run9_initcall.txt,fb_logo_late_init,3.323967,0,0
10,run9_initcall.txt,amba_stub_drv_init,3.329283,0,27
10,run9_initcall.txt,clk_disable_unused,3.34086,0,6320
10,run9_initcall.txt,genpd_power_off_unused,3.348631,0,2643
10,run9_initcall.txt,regulator_init_complete,3.353951,0,2
10,run9_initcall.txt,of_platform_sync_state_init,3.365373,0,42
