run_id,source_file,name,timestamp_s,return_code,duration_us
1,run10_initcall.txt,default_bdi_init,0.045735,0,0
1,run10_initcall.txt,cgwb_init,0.045764,0,0
1,run10_initcall.txt,percpu_enable_async,0.045781,0,0
1,run10_initcall.txt,kcompactd_init,0.045899,0,0
1,run10_initcall.txt,init_mm_sysctl,0.045918,0,0
1,run10_initcall.txt,init_user_reserve,0.045939,0,0
1,run10_initcall.txt,init_admin_reserve,0.045954,0,0
1,run10_initcall.txt,init_reserve_notifier,0.04597,0,0
1,run10_initcall.txt,swap_init,0.045993,0,0
1,run10_initcall.txt,swapfile_init,0.046019,0,0
1,run10_initcall.txt,memory_tier_init,0.046064,0,0
1,run10_initcall.txt,numa_init_sysfs,0.046082,0,0
1,run10_initcall.txt,mem_cgroup_swap_init,0.046096,0,0
1,run10_initcall.txt,init_msg_buckets,0.046113,0,0
1,run10_initcall.txt,init_bio,0.04616,0,0
1,run10_initcall.txt,blk_ioc_init,0.046177,0,0
1,run10_initcall.txt,blk_mq_init,0.046191,0,0
1,run10_initcall.txt,genhd_device_init,0.046341,0,0
1,run10_initcall.txt,blkcg_punt_bio_init,0.046441,0,0
1,run10_initcall.txt,blk_integrity_auto_init,0.046513,0,0
1,run10_initcall.txt,io_wq_init,0.046531,0,0
1,run10_initcall.txt,crc_t10dif_mod_init,0.046554,0,0
1,run10_initcall.txt,sha256_mod_init,0.046571,0,0
1,run10_initcall.txt,sha512_mod_init,0.046585,0,0
1,run10_initcall.txt,sg_pool_init,0.046612,0,0
1,run10_initcall.txt,gpiolib_debugfs_init,0.046632,0,0
1,run10_initcall.txt,stmpe_gpio_init,0.046729,0,0
1,run10_initcall.txt,pwm_init,0.046755,0,0
1,run10_initcall.txt,leds_init,0.046785,0,0
1,run10_initcall.txt,pci_slot_init,0.046809,0,0
1,run10_initcall.txt,fbmem_init,0.046868,0,0
1,run10_initcall.txt,bcm2835_dma_init,0.0476,0,0
1,run10_initcall.txt,regulator_fixed_voltage_init,0.047686,0,0
1,run10_initcall.txt,gpio_regulator_init,0.047744,0,0
1,run10_initcall.txt,init_sysrq_sysctl,0.047769,0,0
1,run10_initcall.txt,misc_init,0.047803,0,0
1,run10_initcall.txt,iommu_subsys_init,0.047834,0,0
1,run10_initcall.txt,register_cpu_capacity_sysctl,0.048413,0,4000
1,run10_initcall.txt,dma_buf_init,0.048492,0,0
1,run10_initcall.txt,dma_heap_init,0.04852,0,0
1,run10_initcall.txt,init_scsi,0.048619,0,0
1,run10_initcall.txt,mdio_bus_init,0.04865,0,0
1,run10_initcall.txt,phy_init,0.048692,0,0
1,run10_initcall.txt,usb_common_init,0.048711,0,0
1,run10_initcall.txt,usb_init,0.048816,0,0
1,run10_initcall.txt,usb_phy_generic_init,0.048968,0,0
1,run10_initcall.txt,usb_udc_init,0.049,0,0
1,run10_initcall.txt,usb_roles_init,0.04902,0,0
1,run10_initcall.txt,input_init,0.049049,0,0
1,run10_initcall.txt,rtc_init,0.04907,0,0
1,run10_initcall.txt,rc_core_init,0.049099,0,0
1,run10_initcall.txt,pps_init,0.04913,0,0
1,run10_initcall.txt,ptp_init,0.049152,0,0
1,run10_initcall.txt,power_supply_class_init,0.04918,0,0
1,run10_initcall.txt,hwmon_init,0.049198,0,0
1,run10_initcall.txt,mmc_init,0.049239,0,0
1,run10_initcall.txt,dmi_init,0.049255,0,0
1,run10_initcall.txt,efisubsys_init,0.04927,0,0
1,run10_initcall.txt,arm_pmu_hp_init,0.049291,0,0
1,run10_initcall.txt,ras_init,0.049315,0,0
1,run10_initcall.txt,nvmem_init,0.049355,0,0
1,run10_initcall.txt,init_soundcore,0.049378,0,0
1,run10_initcall.txt,proto_init,0.049399,0,0
1,run10_initcall.txt,net_dev_init,0.049624,0,0
1,run10_initcall.txt,neigh_init,0.04965,0,0
1,run10_initcall.txt,fib_notifier_init,0.049669,0,0
1,run10_initcall.txt,netdev_genl_init,0.04971,0,0
1,run10_initcall.txt,page_pool_user_init,0.049729,0,0
1,run10_initcall.txt,fib_rules_init,0.049749,0,0
1,run10_initcall.txt,init_cgroup_netprio,0.049767,0,0
1,run10_initcall.txt,bpf_lwt_init,0.049785,0,0
1,run10_initcall.txt,pktsched_init,0.049808,0,0
1,run10_initcall.txt,tc_filter_init,0.049841,0,0
1,run10_initcall.txt,tc_action_init,0.04986,0,0
1,run10_initcall.txt,ethnl_init,0.049934,0,0
1,run10_initcall.txt,nexthop_init,0.049955,0,0
1,run10_initcall.txt,devlink_init,0.050033,0,0
1,run10_initcall.txt,wireless_nlevent_init,0.050051,0,0
1,run10_initcall.txt,vsprintf_init_hashval,0.05007,0,0
1,run10_initcall.txt,init_32bit_el0_mask,0.050087,0,0
1,run10_initcall.txt,vga_arb_device_init,0.050272,0,0
1,run10_initcall.txt,watchdog_init,0.050389,0,0
1,run10_initcall.txt,create_debug_debugfs_entry,0.0505,0,0
1,run10_initcall.txt,iomem_init_inode,0.050565,0,0
1,run10_initcall.txt,clocksource_done_booting,0.050617,0,14
1,run10_initcall.txt,tracer_init_tracefs,0.050644,0,9
1,run10_initcall.txt,init_trace_printk_function_export,0.05073,0,70
1,run10_initcall.txt,init_graph_tracefs,0.050751,0,2
1,run10_initcall.txt,bpf_event_init,0.050766,0,1
1,run10_initcall.txt,init_kprobe_trace,0.448189,0,397405
1,run10_initcall.txt,init_dynamic_event,0.448291,0,12
1,run10_initcall.txt,bpf_init,0.448333,0,14
1,run10_initcall.txt,secretmem_init,0.44843,0,80
1,run10_initcall.txt,init_fs_stat_sysctls,0.448464,0,15
1,run10_initcall.txt,init_fs_exec_sysctls,0.448481,0,2
1,run10_initcall.txt,init_pipe_fs,0.44851,0,14
1,run10_initcall.txt,init_fs_namei_sysctls,0.448529,0,2
1,run10_initcall.txt,init_fs_dcache_sysctls,0.448556,0,12
1,run10_initcall.txt,init_fs_namespace_sysctls,0.448573,0,1
1,run10_initcall.txt,cgroup_writeback_init,0.448602,0,11
1,run10_initcall.txt,inotify_user_setup,0.448634,0,16
1,run10_initcall.txt,eventpoll_init,0.44867,0,20
1,run10_initcall.txt,anon_inode_init,0.448698,0,11
1,run10_initcall.txt,proc_locks_init,0.448722,0,8
1,run10_initcall.txt,backing_aio_init,0.448741,0,2
1,run10_initcall.txt,init_fs_coredump_sysctls,0.448767,0,10
1,run10_initcall.txt,init_vm_drop_caches_sysctls,0.448787,0,2
1,run10_initcall.txt,iomap_dio_init,0.448829,0,24
1,run10_initcall.txt,iomap_ioend_init,0.448871,0,26
1,run10_initcall.txt,dquot_init,0.449058,0,169
1,run10_initcall.txt,proc_cmdline_init,0.449083,0,3
1,run10_initcall.txt,proc_consoles_init,0.4491,0,1
1,run10_initcall.txt,proc_cpuinfo_init,0.449117,0,2
1,run10_initcall.txt,proc_devices_init,0.449133,0,0
1,run10_initcall.txt,proc_interrupts_init,0.449152,0,1
1,run10_initcall.txt,proc_loadavg_init,0.449168,0,0
1,run10_initcall.txt,proc_meminfo_init,0.449184,0,0
1,run10_initcall.txt,proc_stat_init,0.4492,0,1
1,run10_initcall.txt,proc_uptime_init,0.449219,0,3
1,run10_initcall.txt,proc_version_init,0.449236,0,1
1,run10_initcall.txt,proc_softirqs_init,0.449253,0,1
1,run10_initcall.txt,proc_kmsg_init,0.44927,0,1
1,run10_initcall.txt,proc_page_init,0.449288,0,2
1,run10_initcall.txt,init_ramfs_fs,0.449306,0,1
1,run10_initcall.txt,aa_create_aafs,0.449323,0,0
1,run10_initcall.txt,chr_dev_init,0.452444,0,3100
1,run10_initcall.txt,hwrng_modinit,0.452532,0,45
1,run10_initcall.txt,firmware_class_init,0.452554,0,1
1,run10_initcall.txt,sysctl_core_init,0.452609,0,35
1,run10_initcall.txt,eth_offload_init,0.452636,0,0
1,run10_initcall.txt,ipv4_offload_init,0.452653,0,1
1,run10_initcall.txt,inet_init,0.456504,0,3836
1,run10_initcall.txt,af_unix_init,0.456559,0,27
1,run10_initcall.txt,ipv6_offload_init,0.456578,0,1
1,run10_initcall.txt,init_sunrpc,0.457038,0,446
1,run10_initcall.txt,vlan_offload_init,0.457057,0,1
1,run10_initcall.txt,pci_apply_final_quirks,0.457086,0,10
1,run10_initcall.txt,populate_rootfs,0.457108,0,6
1,run10_initcall.txt,register_arm64_panic_block,0.457222,0,2
1,run10_initcall.txt,cpuinfo_regs_init,0.457344,0,107
1,run10_initcall.txt,aarch32_el0_sysfs_init,0.457362,0,0
1,run10_initcall.txt,kvm_arm_init,0.460975,0,3590
1,run10_initcall.txt,proc_execdomains_init,0.461017,0,5
1,run10_initcall.txt,register_warn_debugfs,0.46104,0,4
1,run10_initcall.txt,cpuhp_sysfs_init,0.461089,0,30
1,run10_initcall.txt,ioresources_init,0.46111,0,3
1,run10_initcall.txt,psi_proc_init,0.461125,0,0
1,run10_initcall.txt,irq_gc_init_ops,0.46114,0,0
1,run10_initcall.txt,irq_debugfs_init,0.461236,0,81
1,run10_initcall.txt,proc_modules_init,0.461266,0,5
1,run10_initcall.txt,timer_sysctl_init,0.461291,0,8
1,run10_initcall.txt,timekeeping_init_ops,0.461307,0,0
1,run10_initcall.txt,init_clocksource_sysfs,0.461382,0,58
1,run10_initcall.txt,init_timer_list_procfs,0.461402,0,2
1,run10_initcall.txt,alarmtimer_init,0.461476,0,57
1,run10_initcall.txt,clockevents_init_sysfs,0.461605,0,111
1,run10_initcall.txt,sched_clock_syscore_init,0.461625,0,0
1,run10_initcall.txt,kallsyms_init,0.461645,0,2
1,run10_initcall.txt,pid_namespaces_init,0.461684,0,22
1,run10_initcall.txt,audit_watch_init,0.461703,0,0
1,run10_initcall.txt,audit_fsnotify_init,0.46172,0,0
1,run10_initcall.txt,audit_tree_init,0.46174,0,3
1,run10_initcall.txt,seccomp_sysctl_init,0.46176,0,4
1,run10_initcall.txt,utsname_sysctl_init,0.461786,0,7
1,run10_initcall.txt,init_tracepoints,0.461804,0,1
1,run10_initcall.txt,init_lstats_procfs,0.461826,0,3
1,run10_initcall.txt,stack_trace_init,0.46187,0,27
1,run10_initcall.txt,init_blk_tracer,0.4619,0,14
1,run10_initcall.txt,perf_event_sysfs_init,0.462007,0,92
1,run10_initcall.txt,system_trusted_keyring_init,0.46204,0,15
1,run10_initcall.txt,kswapd_init,0.462238,0,182
1,run10_initcall.txt,extfrag_debug_init,0.462265,0,7
1,run10_initcall.txt,mm_compute_batch_init,0.462282,0,0
1,run10_initcall.txt,slab_proc_init,0.4623,0,2
1,run10_initcall.txt,workingset_init,0.462325,0,8
1,run10_initcall.txt,proc_vmalloc_init,0.462342,0,1
1,run10_initcall.txt,memblock_init_debugfs,0.462366,0,6
1,run10_initcall.txt,slab_debugfs_init,0.462388,0,4
1,run10_initcall.txt,procswaps_init,0.462407,0,1
1,run10_initcall.txt,zs_init,0.462424,0,0
1,run10_initcall.txt,fcntl_init,0.46244,0,2
1,run10_initcall.txt,proc_filesystems_init,0.462455,0,1
1,run10_initcall.txt,start_dirtytime_writeback,0.462477,0,5
1,run10_initcall.txt,dio_init,0.462494,0,1
1,run10_initcall.txt,dnotify_init,0.462523,0,14
1,run10_initcall.txt,fanotify_user_setup,0.462548,0,8
1,run10_initcall.txt,aio_setup,0.462601,0,37
1,run10_initcall.txt,mbcache_init,0.462647,0,6
1,run10_initcall.txt,init_grace,0.462665,0,2
1,run10_initcall.txt,init_devpts_fs,0.462689,0,8
1,run10_initcall.txt,ext4_init_fs,0.462782,0,76
1,run10_initcall.txt,journal_init,0.462815,0,14
1,run10_initcall.txt,init_fat_fs,0.462837,0,5
1,run10_initcall.txt,init_vfat_fs,0.462854,0,0
1,run10_initcall.txt,init_msdos_fs,0.462871,0,0
1,run10_initcall.txt,init_nfs_fs,0.463022,0,134
1,run10_initcall.txt,init_nfs_v2,0.463043,0,0
1,run10_initcall.txt,init_nfs_v3,0.46306,0,0
1,run10_initcall.txt,init_nfs_v4,0.463108,0,32
1,run10_initcall.txt,nfs4filelayout_init,0.463132,0,6
1,run10_initcall.txt,nfs4flexfilelayout_init,0.463156,0,6
1,run10_initcall.txt,init_nlm,0.463202,0,29
1,run10_initcall.txt,init_nls_cp437,0.463223,0,1
1,run10_initcall.txt,init_nls_ascii,0.463239,0,0
1,run10_initcall.txt,init_autofs_fs,0.46335,0,94
1,run10_initcall.txt,init_f2fs_fs,0.463496,0,126
1,run10_initcall.txt,ipc_init,0.46353,0,14
1,run10_initcall.txt,ipc_sysctl_init,0.463566,0,18
1,run10_initcall.txt,init_mqueue_fs,0.463622,0,38
1,run10_initcall.txt,key_proc_init,0.463644,0,2
1,run10_initcall.txt,bpf_crypto_skcipher_init,0.463663,0,0
1,run10_initcall.txt,dh_init,0.46368,0,3
1,run10_initcall.txt,rsa_init,0.463695,0,2
1,run10_initcall.txt,cryptomgr_init,0.463708,0,0
1,run10_initcall.txt,hmac_module_init,0.463722,0,0
1,run10_initcall.txt,crypto_sha256_mod_init,0.46374,0,4
1,run10_initcall.txt,crypto_ecb_module_init,0.463754,0,0
1,run10_initcall.txt,crypto_cbc_module_init,0.463768,0,0
1,run10_initcall.txt,crypto_cts_module_init,0.463782,0,0
1,run10_initcall.txt,xts_module_init,0.463796,0,0
1,run10_initcall.txt,des_generic_mod_init,0.463811,0,1
1,run10_initcall.txt,aes_init,0.463825,0,0
1,run10_initcall.txt,lzo_mod_init,0.463839,0,1
1,run10_initcall.txt,lzorle_mod_init,0.463854,0,0
1,run10_initcall.txt,asymmetric_key_init,0.463873,0,5
1,run10_initcall.txt,x509_key_init,0.463892,0,6
1,run10_initcall.txt,crypto_kdf108_init,0.463906,0,0
1,run10_initcall.txt,blkdev_init,0.463933,0,13
1,run10_initcall.txt,proc_genhd_init,0.463949,0,2
1,run10_initcall.txt,bsg_init,0.463979,0,16
1,run10_initcall.txt,throtl_init,0.464068,0,74
1,run10_initcall.txt,deadline_init,0.464089,0,5
1,run10_initcall.txt,kyber_init,0.464107,0,5
1,run10_initcall.txt,bfq_init,0.464143,0,21
1,run10_initcall.txt,io_uring_init,0.464179,0,21
1,run10_initcall.txt,btree_module_init,0.464196,0,2
1,run10_initcall.txt,percpu_counter_startup,0.464258,0,46
1,run10_initcall.txt,audit_classes_init,0.464288,0,7
1,run10_initcall.txt,gicv5_iwb_platform_driver_init,0.464393,0,88
1,run10_initcall.txt,mip_msi_driver_init,0.464447,0,35
1,run10_initcall.txt,bcm7038_l1_driver_init,0.464499,0,35
1,run10_initcall.txt,bcm7120_l2_driver_init,0.464559,0,40
1,run10_initcall.txt,brcmstb_l2_driver_init,0.464862,0,286
1,run10_initcall.txt,simple_pm_bus_driver_init,0.465369,0,489
1,run10_initcall.txt,phy_core_init,0.465398,0,11
1,run10_initcall.txt,brcm_usb_driver_init,0.46548,0,65
1,run10_initcall.txt,rp1_pinctrl_driver_init,0.46553,0,34
1,run10_initcall.txt,bcm2835_pinctrl_driver_init,0.46647,0,922
1,run10_initcall.txt,bcm2712_pinctrl_driver_init,0.466554,0,61
1,run10_initcall.txt,brcmvirt_gpio_driver_init,0.466643,0,69
1,run10_initcall.txt,brcmstb_gpio_driver_init,0.466698,0,37
1,run10_initcall.txt,rpi_exp_gpio_driver_init,0.467154,0,437
1,run10_initcall.txt,brcmstb_pwm_driver_init,0.467216,0,38
1,run10_initcall.txt,rp1_pwm_driver_init,0.46727,0,35
1,run10_initcall.txt,gpio_led_driver_init,0.469044,0,1757
1,run10_initcall.txt,led_pwm_driver_init,0.469112,0,48
1,run10_initcall.txt,timer_led_trigger_init,0.469131,0,1
1,run10_initcall.txt,oneshot_led_trigger_init,0.469148,0,0
1,run10_initcall.txt,heartbeat_trig_init,0.469167,0,2
1,run10_initcall.txt,bl_led_trigger_init,0.469183,0,0
1,run10_initcall.txt,ledtrig_cpu_init,0.469275,0,76
1,run10_initcall.txt,defon_led_trigger_init,0.469325,0,33
1,run10_initcall.txt,input_trig_init,0.469344,0,1
1,run10_initcall.txt,ledtrig_panic_init,0.469361,0,1
1,run10_initcall.txt,actpwr_trig_init,0.469534,0,156
1,run10_initcall.txt,pcie_portdrv_init,0.469612,0,55
1,run10_initcall.txt,pci_proc_init,0.469637,0,7
1,run10_initcall.txt,brcm_pcie_driver_init,0.58351,0,113856
1,run10_initcall.txt,bcm2708_fb_init,0.583597,0,61
1,run10_initcall.txt,simplefb_driver_init,0.590377,0,6761
1,run10_initcall.txt,of_fixed_factor_clk_driver_init,0.590471,0,39
1,run10_initcall.txt,of_fixed_clk_driver_init,0.590556,0,34
1,run10_initcall.txt,gpio_clk_driver_init,0.590662,0,45
1,run10_initcall.txt,gated_fixed_clk_driver_init,0.590746,0,35
1,run10_initcall.txt,rp1_clk_driver_init,0.590831,0,36
1,run10_initcall.txt,rp1_sdio_clk_driver_init,0.590915,0,35
1,run10_initcall.txt,clk_dvp_driver_init,0.591109,0,146
1,run10_initcall.txt,bcm2835_aux_clk_driver_init,0.591224,0,66
1,run10_initcall.txt,raspberrypi_clk_driver_init,0.606836,0,15560
1,run10_initcall.txt,dw_driver_init,0.606939,0,50
1,run10_initcall.txt,bcm2835_power_driver_init,0.607015,0,25
1,run10_initcall.txt,rpi_power_driver_init,0.625434,0,18367
1,run10_initcall.txt,brcmstb_reset_driver_init,0.627461,0,45
1,run10_initcall.txt,brcm_rescal_reset_driver_init,0.629468,0,39
1,run10_initcall.txt,rpi_reset_driver_init,0.632493,0,1069
1,run10_initcall.txt,reset_simple_driver_init,0.634516,0,86
1,run10_initcall.txt,n_null_init,0.63648,0,1
1,run10_initcall.txt,pty_init,0.638518,0,87
1,run10_initcall.txt,sysrq_init,0.640496,0,13
1,run10_initcall.txt,serial8250_init,0.64244,-19,0
1,run10_initcall.txt,bcm2835aux_serial_driver_init,0.644437,0,49
1,run10_initcall.txt,brcmuart_init,0.646436,0,57
1,run10_initcall.txt,exar_pci_driver_init,0.648419,0,26
1,run10_initcall.txt,of_platform_serial_driver_init,0.650469,0,99
1,run10_initcall.txt,serial_pci_driver_init,0.652409,0,29
1,run10_initcall.txt,pericom8250_pci_driver_init,0.654365,0,18
1,run10_initcall.txt,init_kgdboc,0.657347,0,1037
1,run10_initcall.txt,random_sysctls_init,0.659285,0,12
1,run10_initcall.txt,ttyprintk_init,0.661297,0,68
1,run10_initcall.txt,bcm2835_rng_driver_init,0.663308,0,62
1,run10_initcall.txt,bcm74110_rng_driver_init,0.665338,0,39
1,run10_initcall.txt,iproc_rng200_driver_init,0.669631,0,2273
1,run10_initcall.txt,smccc_trng_driver_init,0.671788,0,28
1,run10_initcall.txt,vc_mem_init,0.67518,0,1231
1,run10_initcall.txt,vcio_driver_init,0.678881,0,1449
1,run10_initcall.txt,bcm2712_iommu_driver_init,0.681232,0,43
1,run10_initcall.txt,bcm2712_iommu_cache_driver_init,0.683634,0,40
1,run10_initcall.txt,topology_sysfs_init,0.686058,0,63
1,run10_initcall.txt,cacheinfo_sysfs_init,0.688732,0,239
1,run10_initcall.txt,devcoredump_init,0.691206,0,16
1,run10_initcall.txt,brd_init,0.698696,0,5070
1,run10_initcall.txt,loop_init,0.704852,0,3788
1,run10_initcall.txt,bcm2835_pm_driver_init,0.708599,0,1345
1,run10_initcall.txt,stmpe_i2c_driver_init,0.711017,0,21
1,run10_initcall.txt,stmpe_spi_driver_init,0.713408,0,16
1,run10_initcall.txt,rp1_driver_init,0.715823,0,28
1,run10_initcall.txt,system_heap_create,0.718257,0,85
1,run10_initcall.txt,add_default_cma_heap,0.720763,0,96
1,run10_initcall.txt,udmabuf_dev_init,0.723197,0,46
1,run10_initcall.txt,iscsi_transport_init,0.727047,0,1449
1,run10_initcall.txt,init_sd,0.729471,0,21
1,run10_initcall.txt,nvme_core_init,0.732152,0,278
1,run10_initcall.txt,nvme_init,0.734544,0,26
1,run10_initcall.txt,blackhole_netdev_init,0.736972,0,17
1,run10_initcall.txt,netkit_init,0.73936,0,4
1,run10_initcall.txt,phylink_init,0.741739,0,0
1,run10_initcall.txt,phy_module_init,0.744286,0,169
1,run10_initcall.txt,phy_module_init,0.74685,0,181
1,run10_initcall.txt,fixed_mdio_bus_init,0.749389,0,154
1,run10_initcall.txt,phy_module_init,0.751893,0,163
1,run10_initcall.txt,phy_module_init,0.754276,0,21
1,run10_initcall.txt,phy_module_init,0.756683,0,63
1,run10_initcall.txt,unimac_mdio_driver_init,0.759132,0,128
1,run10_initcall.txt,macb_driver_init,0.76157,0,122
1,run10_initcall.txt,bcmgenet_driver_init,0.963701,0,199819
1,run10_initcall.txt,bcmasp_driver_init,0.966119,0,84
1,run10_initcall.txt,lan78xx_driver_init,0.96963,0,1207
1,run10_initcall.txt,smsc95xx_driver_init,0.973227,0,1210
1,run10_initcall.txt,usbnet_init,0.975606,0,0
1,run10_initcall.txt,xhci_hcd_init,0.977987,0,14
1,run10_initcall.txt,xhci_pci_init,1.105807,0,125458
1,run10_initcall.txt,xhci_plat_init,1.108207,0,124
1,run10_initcall.txt,dwc_otg_driver_init,1.114946,0,4479
1,run10_initcall.txt,dwc_common_port_init_module,1.118382,0,1202
1,run10_initcall.txt,dwc3_driver_init,1.120685,0,54
1,run10_initcall.txt,dwc3_haps_driver_init,1.12295,0,27
1,run10_initcall.txt,dwc3_of_simple_driver_init,1.125245,0,61
1,run10_initcall.txt,dwc3_generic_driver_init,1.127535,0,48
1,run10_initcall.txt,dwc2_platform_driver_init,1.129903,0,151
1,run10_initcall.txt,uas_init,1.133328,0,1205
1,run10_initcall.txt,usb_storage_driver_init,1.136611,0,1111
1,run10_initcall.txt,brcmstb_usb_pinmap_init,1.138881,-19,77
1,run10_initcall.txt,bdc_driver_init,1.141117,0,46
1,run10_initcall.txt,input_leds_init,1.143313,0,1
1,run10_initcall.txt,mousedev_init,1.146707,0,1211
1,run10_initcall.txt,evdev_init,1.148933,0,0
1,run10_initcall.txt,brcmstb_waketmr_driver_init,1.151164,0,47
1,run10_initcall.txt,rpi_rtc_driver_init,1.153419,0,41
1,run10_initcall.txt,init_rc_map_adstech_dvb_t_pci,1.155635,0,1
1,run10_initcall.txt,init_rc_map_alink_dtu_m,1.157839,0,0
1,run10_initcall.txt,init_rc_map_anysee,1.16005,0,0
1,run10_initcall.txt,init_rc_map_apac_viewcomp,1.162264,0,0
1,run10_initcall.txt,init_rc_map_t2hybrid,1.16449,0,0
1,run10_initcall.txt,init_rc_map_asus_pc39,1.166704,0,0
1,run10_initcall.txt,init_rc_map_asus_ps3_100,1.168869,0,0
1,run10_initcall.txt,init_rc_map_ati_tv_wonder_hd_600,1.171088,0,0
1,run10_initcall.txt,init_rc_map_ati_x10,1.173311,0,0
1,run10_initcall.txt,init_rc_map_avermedia_a16d,1.17556,0,0
1,run10_initcall.txt,init_rc_map_avermedia_cardbus,1.177803,0,0
1,run10_initcall.txt,init_rc_map_avermedia_dvbt,1.180041,0,0
1,run10_initcall.txt,init_rc_map_avermedia_m135a,1.182286,0,0
1,run10_initcall.txt,init_rc_map_avermedia_m733a_rm_k6,1.184512,0,0
1,run10_initcall.txt,init_rc_map_avermedia,1.186778,0,0
1,run10_initcall.txt,init_rc_map_avermedia_rm_ks,1.189033,0,0
1,run10_initcall.txt,init_rc_map_avertv_303,1.191304,0,0
1,run10_initcall.txt,init_rc_map_azurewave_ad_tu700,1.193557,0,0
1,run10_initcall.txt,init_rc_map_beelink_gs1,1.195831,0,0
1,run10_initcall.txt,init_rc_map_beelink_mxiii,1.198084,0,0
1,run10_initcall.txt,init_rc_map_behold_columbus,1.200337,0,0
1,run10_initcall.txt,init_rc_map_behold,1.202543,0,0
1,run10_initcall.txt,init_rc_map_budget_ci_old,1.205182,0,0
1,run10_initcall.txt,init_rc_map_cinergy_1400,1.207428,0,0
1,run10_initcall.txt,init_rc_map_cinergy,1.209639,0,0
1,run10_initcall.txt,init_rc_map_ct_90405,1.211848,0,0
1,run10_initcall.txt,init_rc_map_d680_dmb,1.214039,0,0
1,run10_initcall.txt,init_rc_map_delock_61959,1.216254,0,0
1,run10_initcall.txt,init_rc_map,1.218382,0,0
1,run10_initcall.txt,init_rc_map,1.220717,0,59
1,run10_initcall.txt,init_rc_map_digitalnow_tinytwin,1.222976,0,44
1,run10_initcall.txt,init_rc_map_digittrade,1.225253,0,104
1,run10_initcall.txt,init_rc_map_dm1105_nec,1.227434,0,15
1,run10_initcall.txt,init_rc_map_dntv_live_dvb_t,1.229602,0,0
1,run10_initcall.txt,init_rc_map_dntv_live_dvbt_pro,1.231779,0,0
1,run10_initcall.txt,init_rc_map_dreambox,1.233941,0,0
1,run10_initcall.txt,init_rc_map_dtt200u,1.236135,0,0
1,run10_initcall.txt,init_rc_map_rc5_dvbsky,1.238302,0,0
1,run10_initcall.txt,init_rc_map_dvico_mce,1.240478,0,0
1,run10_initcall.txt,init_rc_map_dvico_portable,1.242646,0,0
1,run10_initcall.txt,init_rc_map_em_terratec,1.244791,0,0
1,run10_initcall.txt,init_rc_map_encore_enltv2,1.246957,0,0
1,run10_initcall.txt,init_rc_map_encore_enltv_fm53,1.249126,0,0
1,run10_initcall.txt,init_rc_map_encore_enltv,1.251267,0,0
1,run10_initcall.txt,init_rc_map_evga_indtube,1.253423,0,0
1,run10_initcall.txt,init_rc_map_eztv,1.255583,0,0
1,run10_initcall.txt,init_rc_map_flydvb,1.257722,0,0
1,run10_initcall.txt,init_rc_map_flyvideo,1.259858,0,0
1,run10_initcall.txt,init_rc_map_fusionhdtv_mce,1.261986,0,0
1,run10_initcall.txt,init_rc_map_gadmei_rm008z,1.264107,0,0
1,run10_initcall.txt,init_rc_map_geekbox,1.266222,0,0
1,run10_initcall.txt,init_rc_map_genius_tvgo_a11mce,1.268293,0,0
1,run10_initcall.txt,init_rc_map_gotview7135,1.270403,0,0
1,run10_initcall.txt,init_rc_map_rc5_hauppauge_new,1.272517,0,0
1,run10_initcall.txt,init_rc_map_hisi_poplar,1.274637,0,0
1,run10_initcall.txt,init_rc_map_hisi_tv_demo,1.276752,0,0
1,run10_initcall.txt,init_rc_map_imon_mce,1.278871,0,0
1,run10_initcall.txt,init_rc_map_imon_pad,1.280992,0,0
1,run10_initcall.txt,init_rc_map_imon_rsc,1.283106,0,0
1,run10_initcall.txt,init_rc_map_iodata_bctv7e,1.285154,0,0
1,run10_initcall.txt,init_rc_it913x_v1_map,1.287255,0,0
1,run10_initcall.txt,init_rc_it913x_v2_map,1.289343,0,0
1,run10_initcall.txt,init_rc_map_kaiomy,1.29143,0,0
1,run10_initcall.txt,init_rc_map_khadas,1.293517,0,0
1,run10_initcall.txt,init_rc_map_khamsin,1.295599,0,0
1,run10_initcall.txt,init_rc_map_kworld_315u,1.297668,0,0
1,run10_initcall.txt,init_rc_map_kworld_pc150u,1.299736,0,0
1,run10_initcall.txt,init_rc_map_kworld_plus_tv_analog,1.301768,0,0
1,run10_initcall.txt,init_rc_map_leadtek_y04g0051,1.303848,0,0
1,run10_initcall.txt,init_rc_lme2510_map,1.305928,0,0
1,run10_initcall.txt,init_rc_map_manli,1.308038,0,0
1,run10_initcall.txt,init_rc_map_mecool_kiii_pro,1.310151,0,0
1,run10_initcall.txt,init_rc_map_mecool_kii_pro,1.312263,0,0
1,run10_initcall.txt,init_rc_map_medion_x10_digitainer,1.314372,0,0
1,run10_initcall.txt,init_rc_map_medion_x10,1.316484,0,0
1,run10_initcall.txt,init_rc_map_medion_x10_or2x,1.318554,0,0
1,run10_initcall.txt,init_rc_map_minix_neo,1.320666,0,0
1,run10_initcall.txt,init_rc_map_msi_digivox_iii,1.322799,0,0
1,run10_initcall.txt,init_rc_map_msi_digivox_ii,1.324934,0,0
1,run10_initcall.txt,init_rc_map_msi_tvanywhere,1.327064,0,0
1,run10_initcall.txt,init_rc_map_msi_tvanywhere_plus,1.329188,0,0
1,run10_initcall.txt,init_rc_map_mygica_utv3,1.331306,0,0
1,run10_initcall.txt,init_rc_map_nebula,1.333433,0,0
1,run10_initcall.txt,init_rc_map_nec_terratec_cinergy_xs,1.335504,0,0
1,run10_initcall.txt,init_rc_map_norwood,1.337615,0,0
1,run10_initcall.txt,init_rc_map_npgtech,1.339726,0,0
1,run10_initcall.txt,init_rc_map_odroid,1.341837,0,0
1,run10_initcall.txt,init_rc_map_pctv_sedna,1.343939,0,0
1,run10_initcall.txt,init_rc_map_pine64,1.346037,0,0
1,run10_initcall.txt,init_rc_map_pinnacle_color,1.348156,0,0
1,run10_initcall.txt,init_rc_map_pinnacle_grey,1.351398,0,0
1,run10_initcall.txt,init_rc_map_pinnacle_pctv_hd,1.353519,0,1
1,run10_initcall.txt,init_rc_map_pixelview,1.355645,0,0
1,run10_initcall.txt,init_rc_map_pixelview,1.357774,0,0
1,run10_initcall.txt,init_rc_map_pixelview_new,1.359921,0,0
1,run10_initcall.txt,init_rc_map_pixelview,1.362095,0,0
1,run10_initcall.txt,init_rc_map_powercolor_real_angel,1.364247,0,0
1,run10_initcall.txt,init_rc_map_proteus_2309,1.366397,0,0
1,run10_initcall.txt,init_rc_map_purpletv,1.368513,0,0
1,run10_initcall.txt,init_rc_map_pv951,1.370658,0,0
1,run10_initcall.txt,init_rc_map_rc6_mce,1.372793,0,0
1,run10_initcall.txt,init_rc_map_real_audio_220_32_keys,1.374935,0,0
1,run10_initcall.txt,init_rc_map_reddo,1.377077,0,0
1,run10_initcall.txt,init_rc_map_siemens_gigaset_rc20,1.379223,0,0
1,run10_initcall.txt,init_rc_map_snapstream_firefly,1.381365,0,0
1,run10_initcall.txt,init_rc_map_streamzap,1.383525,0,0
1,run10_initcall.txt,init_rc_map_su3000,1.385648,0,0
1,run10_initcall.txt,init_rc_map_tanix_tx3mini,1.387804,0,0
1,run10_initcall.txt,init_rc_map_tanix_tx5max,1.389945,0,0
1,run10_initcall.txt,init_rc_map_tbs_nec,1.392094,0,0
1,run10_initcall.txt,init_rc_map,1.394261,0,0
1,run10_initcall.txt,init_rc_map,1.396462,0,0
1,run10_initcall.txt,init_rc_map_terratec_cinergy_c_pci,1.398635,0,0
1,run10_initcall.txt,init_rc_map_terratec_cinergy_s2_hd,1.400789,0,0
1,run10_initcall.txt,init_rc_map_terratec_cinergy_xs,1.402945,0,11
1,run10_initcall.txt,init_rc_map_terratec_slim_2,1.405115,0,0
1,run10_initcall.txt,init_rc_map_terratec_slim,1.407296,0,0
1,run10_initcall.txt,init_rc_map_tevii_nec,1.409474,0,0
1,run10_initcall.txt,init_rc_map_tivo,1.411665,0,0
1,run10_initcall.txt,init_rc_map_total_media_in_hand_02,1.41386,0,0
1,run10_initcall.txt,init_rc_map_total_media_in_hand,1.416052,0,0
1,run10_initcall.txt,init_rc_map_trekstor,1.418191,0,0
1,run10_initcall.txt,init_rc_map_tt_1500,1.420371,0,0
1,run10_initcall.txt,init_rc_map_twinhan_vp1027,1.422551,0,0
1,run10_initcall.txt,init_rc_map_twinhan_dtv_cab_ci,1.424742,0,0
1,run10_initcall.txt,init_rc_map_vega_s9x,1.426927,0,0
1,run10_initcall.txt,init_rc_map_videomate_k100,1.429106,0,0
1,run10_initcall.txt,init_rc_map_videomate_s350,1.431289,0,0
1,run10_initcall.txt,init_rc_map_videomate_tv_pvr,1.433446,0,0
1,run10_initcall.txt,init_rc_map_kii_pro,1.435548,0,0
1,run10_initcall.txt,init_rc_map_wetek_hub,1.4377,0,0
1,run10_initcall.txt,init_rc_map_wetek_play2,1.439851,0,0
1,run10_initcall.txt,init_rc_map_winfast,1.441993,0,0
1,run10_initcall.txt,init_rc_map_winfast_usbii_deluxe,1.444206,0,0
1,run10_initcall.txt,init_rc_map_x96max,1.446373,0,0
1,run10_initcall.txt,init_rc_map,1.448682,0,0
1,run10_initcall.txt,init_rc_map,1.450807,0,0
1,run10_initcall.txt,init_rc_map_zx_irdec,1.452916,0,0
1,run10_initcall.txt,ptp_kvm_init,1.455043,-95,0
1,run10_initcall.txt,gpio_poweroff_driver_init,1.457255,0,79
1,run10_initcall.txt,bcm2711_thermal_driver_init,1.460832,0,1423
1,run10_initcall.txt,bcm2835_thermal_driver_init,1.463068,0,62
1,run10_initcall.txt,bcm2835_wdt_driver_init,1.465256,0,26
1,run10_initcall.txt,dt_cpufreq_platdrv_init,1.467449,0,27
1,run10_initcall.txt,brcm_avs_cpufreq_platdrv_init,1.469663,0,40
1,run10_initcall.txt,raspberrypi_cpufreq_driver_init,1.474919,0,3025
1,run10_initcall.txt,mmc_pwrseq_simple_driver_init,1.477219,0,69
1,run10_initcall.txt,mmc_pwrseq_emmc_driver_init,1.479517,0,40
1,run10_initcall.txt,mmc_blk_init,1.4818,0,32
1,run10_initcall.txt,sdhci_drv_init,1.486325,0,2245
1,run10_initcall.txt,bcm2835_mmc_driver_init,1.489847,0,1215
1,run10_initcall.txt,bcm2835_driver_init,1.494528,0,59
1,run10_initcall.txt,sdhci_pltfm_drv_init,1.499321,0,1247
1,run10_initcall.txt,sdhci_iproc_driver_init,1.504188,0,131
1,run10_initcall.txt,sdhci_brcmstb_driver_init,1.50427,0,66
1,run10_initcall.txt,esrt_sysfs_init,1.504295,-38,0
1,run10_initcall.txt,smccc_devices_init,1.504306,0,1
1,run10_initcall.txt,smccc_soc_init,1.504316,0,1
1,run10_initcall.txt,arch_timer_mmio_drv_init,1.504364,0,38
1,run10_initcall.txt,arch_timer_mmio_acpi_drv_init,1.504397,0,23
1,run10_initcall.txt,hid_init,1.504482,0,75
1,run10_initcall.txt,hid_generic_init,1.50453,0,36
1,run10_initcall.txt,hid_init,1.504579,0,39
1,run10_initcall.txt,vchiq_driver_init,1.517139,0,12544
1,run10_initcall.txt,bcm74110_mbox_driver_init,1.541588,0,79
1,run10_initcall.txt,extcon_class_init,1.543959,0,9
1,run10_initcall.txt,armv8_pmu_driver_init,1.549416,0,3137
1,run10_initcall.txt,binder_init,1.551803,0,65
1,run10_initcall.txt,rpi_otp_driver_init,1.558017,0,3880
1,run10_initcall.txt,sock_diag_init,1.560335,0,37
1,run10_initcall.txt,blackhole_init,1.562594,0,1
1,run10_initcall.txt,cls_bpf_init_mod,1.564865,0,1
1,run10_initcall.txt,gre_offload_init,1.567081,0,0
1,run10_initcall.txt,sysctl_ipv4_init,1.569295,0,69
1,run10_initcall.txt,cubictcp_register,1.571475,0,2
1,run10_initcall.txt,packet_init,1.574763,0,1118
1,run10_initcall.txt,init_rpcsec_gss,1.576966,0,19
1,run10_initcall.txt,init_kerberos_module,1.57915,0,5
1,run10_initcall.txt,dcbnl_init,1.581349,0,2
1,run10_initcall.txt,init_dns_resolver,1.584588,0,1057
1,run10_initcall.txt,handshake_init,1.586817,0,29
1,run10_initcall.txt,check_mmu_enabled_at_boot,1.589036,0,0
1,run10_initcall.txt,finalize_pkvm,1.591267,0,0
1,run10_initcall.txt,kernel_do_mounts_initrd_sysctls_init,1.59471,0,9
1,run10_initcall.txt,kernel_panic_sysctls_init,1.596964,0,13
1,run10_initcall.txt,kernel_panic_sysfs_init,1.59924,0,6
1,run10_initcall.txt,kernel_exit_sysctls_init,1.60148,0,2
1,run10_initcall.txt,kernel_exit_sysfs_init,1.603774,0,2
1,run10_initcall.txt,param_sysfs_builtin_init,1.616052,0,9990
1,run10_initcall.txt,reboot_ksysfs_init,1.618508,0,65
1,run10_initcall.txt,sched_core_sysctl_init,1.620886,0,4
1,run10_initcall.txt,sched_fair_sysctl_init,1.623263,0,39
1,run10_initcall.txt,sched_rt_sysctl_init,1.62556,0,3
1,run10_initcall.txt,sched_dl_sysctl_init,1.627822,0,6
1,run10_initcall.txt,sched_init_debug,1.630108,0,82
1,run10_initcall.txt,cpu_latency_qos_init,1.633406,0,159
1,run10_initcall.txt,printk_late_init,1.635691,0,85
1,run10_initcall.txt,init_srcu_module_notifier,1.637943,0,2
1,run10_initcall.txt,kernel_rcu_stall_sysfs_init,1.640215,0,4
1,run10_initcall.txt,swiotlb_create_default_debugfs,1.642504,0,18
1,run10_initcall.txt,tk_debug_sleep_time_init,1.644867,0,3
1,run10_initcall.txt,bpf_ksym_iter_register,1.647184,0,6
1,run10_initcall.txt,kernel_acct_sysctls_init,1.649509,0,3
1,run10_initcall.txt,bpf_rstat_kfunc_init,1.651883,0,1
1,run10_initcall.txt,debugfs_kprobe_init,1.654205,0,9
1,run10_initcall.txt,kernel_delayacct_sysctls_init,1.656536,0,5
1,run10_initcall.txt,taskstats_init,1.660019,0,1170
1,run10_initcall.txt,ftrace_sysctl_init,1.66232,0,2
1,run10_initcall.txt,bpf_kprobe_multi_kfuncs_init,1.664646,0,0
1,run10_initcall.txt,kdb_ftrace_register,1.666967,0,27
1,run10_initcall.txt,bpf_global_ma_init,1.669316,0,98
1,run10_initcall.txt,bpf_syscall_sysctl_init,1.67164,0,6
1,run10_initcall.txt,unbound_reg_init,1.673929,0,0
1,run10_initcall.txt,kfunc_init,1.676244,0,1
1,run10_initcall.txt,bpf_map_iter_init,1.678531,0,1
1,run10_initcall.txt,init_subsystem,1.680826,0,0
1,run10_initcall.txt,task_iter_init,1.683121,0,25
1,run10_initcall.txt,bpf_prog_iter_init,1.685353,0,16
1,run10_initcall.txt,bpf_link_iter_init,1.687777,0,164
1,run10_initcall.txt,init_trampolines,1.690008,0,3
1,run10_initcall.txt,rqspinlock_register_kfuncs,1.692244,0,0
1,run10_initcall.txt,kfunc_init,1.694467,0,0
1,run10_initcall.txt,bpf_cgroup_iter_init,1.696698,0,0
1,run10_initcall.txt,cpumask_kfunc_init,1.698952,0,21
1,run10_initcall.txt,crypto_kfunc_init,1.701147,0,0
1,run10_initcall.txt,bpf_kmem_cache_iter_init,1.703408,0,6
1,run10_initcall.txt,dmabuf_iter_init,1.705654,0,0
1,run10_initcall.txt,load_system_certificate_list,1.709008,0,1115
1,run10_initcall.txt,init_lru_gen,1.711287,0,20
1,run10_initcall.txt,vmstat_late_init,1.713537,0,2
1,run10_initcall.txt,fault_around_debugfs,1.71578,0,3
1,run10_initcall.txt,slab_sysfs_init,1.721972,0,4014
1,run10_initcall.txt,max_swapfiles_check,1.724292,0,0
1,run10_initcall.txt,zswap_init,1.726515,0,0
1,run10_initcall.txt,mempolicy_sysfs_init,1.728769,0,19
1,run10_initcall.txt,memory_tier_late_init,1.733352,0,2332
1,run10_initcall.txt,check_early_ioremap_leak,1.735556,0,1
1,run10_initcall.txt,mg_debugfs_init,1.737805,0,17
1,run10_initcall.txt,fscrypt_init,1.742323,0,2283
1,run10_initcall.txt,pstore_init,1.744559,0,11
1,run10_initcall.txt,init_root_keyring,1.746806,0,31
1,run10_initcall.txt,init_profile_hash,1.74902,0,0
1,run10_initcall.txt,integrity_fs_init,1.751216,0,10
1,run10_initcall.txt,crypto_algapi_init,1.753444,0,8
1,run10_initcall.txt,blk_timeout_init,1.755678,0,0
1,run10_initcall.txt,depot_debugfs_init,1.757918,0,6
1,run10_initcall.txt,pci_resource_alignment_sysfs_init,1.760168,0,5
1,run10_initcall.txt,pci_sysfs_init,1.762431,0,12
1,run10_initcall.txt,clk_debug_init,1.76513,0,425
1,run10_initcall.txt,genpd_debug_init,1.767726,0,332
1,run10_initcall.txt,sync_state_resume_initcall,1.77002,0,1
1,run10_initcall.txt,deferred_probe_initcall,1.839803,0,67478
1,run10_initcall.txt,efi_shutdown_init,1.842111,-19,1
1,run10_initcall.txt,efi_earlycon_unmap_fb,1.844292,0,0
1,run10_initcall.txt,psci_debugfs_init,1.846412,0,0
1,run10_initcall.txt,of_cfs_init,1.850639,0,2111
1,run10_initcall.txt,of_fdt_raw_init,1.852703,0,30
1,run10_initcall.txt,bpf_kfunc_init,1.854802,0,26
1,run10_initcall.txt,init_subsystem,1.856883,0,16
1,run10_initcall.txt,xdp_metadata_init,1.858972,0,5
1,run10_initcall.txt,bpf_sockmap_iter_init,1.861035,0,1
1,run10_initcall.txt,bpf_sk_storage_map_iter_init,1.863102,0,1
1,run10_initcall.txt,bpf_prog_test_run_init,1.865184,0,1
1,run10_initcall.txt,bpf_dummy_struct_ops_init,1.867253,0,5
1,run10_initcall.txt,tcp_congestion_default,1.869278,0,1
1,run10_initcall.txt,inet_blackhole_dev_init,1.87133,0,9
1,run10_initcall.txt,ip_auto_config,1.873382,0,9
1,run10_initcall.txt,tcp_bpf_v4_build_proto,1.875436,0,6
1,run10_initcall.txt,udp_bpf_v4_build_proto,1.877437,0,0
1,run10_initcall.txt,bpf_tcp_ca_kfunc_init,1.879445,0,0
1,run10_initcall.txt,bpf_mptcp_kfunc_init,1.88348,0,5
1,run10_initcall.txt,latency_fsnotify_init,1.885504,0,27
1,run10_initcall.txt,trace_eval_sync,1.887562,0,10
1,run10_initcall.txt,late_trace_init,1.889646,0,0
1,run10_initcall.txt,fb_logo_late_init,1.891766,0,0
1,run10_initcall.txt,amba_stub_drv_init,1.893955,0,25
1,run10_initcall.txt,clk_disable_unused,1.900972,0,4818
1,run10_initcall.txt,genpd_power_off_unused,1.90434,0,1132
1,run10_initcall.txt,regulator_init_complete,1.90664,0,1
1,run10_initcall.txt,of_platform_sync_state_init,1.908936,0,15
2,run1_initcall.txt,default_bdi_init,0.050115,0,0
2,run1_initcall.txt,cgwb_init,0.050138,0,0
2,run1_initcall.txt,percpu_enable_async,0.050155,0,0
2,run1_initcall.txt,kcompactd_init,0.050271,0,0
2,run1_initcall.txt,init_mm_sysctl,0.050292,0,0
2,run1_initcall.txt,init_user_reserve,0.05031,0,0
2,run1_initcall.txt,init_admin_reserve,0.050325,0,0
2,run1_initcall.txt,init_reserve_notifier,0.050341,0,0
2,run1_initcall.txt,swap_init,0.050363,0,0
2,run1_initcall.txt,swapfile_init,0.050387,0,0
2,run1_initcall.txt,memory_tier_init,0.050434,0,0
2,run1_initcall.txt,numa_init_sysfs,0.050452,0,0
2,run1_initcall.txt,mem_cgroup_swap_init,0.050468,0,0
2,run1_initcall.txt,init_msg_buckets,0.050486,0,0
2,run1_initcall.txt,init_bio,0.050535,0,0
2,run1_initcall.txt,blk_ioc_init,0.050551,0,0
2,run1_initcall.txt,blk_mq_init,0.050566,0,0
2,run1_initcall.txt,genhd_device_init,0.050681,0,0
2,run1_initcall.txt,blkcg_punt_bio_init,0.05078,0,0
2,run1_initcall.txt,blk_integrity_auto_init,0.05085,0,0
2,run1_initcall.txt,io_wq_init,0.050868,0,0
2,run1_initcall.txt,crc_t10dif_mod_init,0.050891,0,0
2,run1_initcall.txt,sha256_mod_init,0.050908,0,0
2,run1_initcall.txt,sha512_mod_init,0.050922,0,0
2,run1_initcall.txt,sg_pool_init,0.05095,0,0
2,run1_initcall.txt,gpiolib_debugfs_init,0.050972,0,0
2,run1_initcall.txt,stmpe_gpio_init,0.05107,0,0
2,run1_initcall.txt,pwm_init,0.051096,0,0
2,run1_initcall.txt,leds_init,0.051129,0,0
2,run1_initcall.txt,pci_slot_init,0.051155,0,0
2,run1_initcall.txt,fbmem_init,0.051209,0,0
2,run1_initcall.txt,bcm2835_dma_init,0.051913,0,0
2,run1_initcall.txt,regulator_fixed_voltage_init,0.051992,0,0
2,run1_initcall.txt,gpio_regulator_init,0.052054,0,0
2,run1_initcall.txt,init_sysrq_sysctl,0.052079,0,0
2,run1_initcall.txt,misc_init,0.05211,0,0
2,run1_initcall.txt,iommu_subsys_init,0.052141,0,0
2,run1_initcall.txt,register_cpu_capacity_sysctl,0.052718,0,4000
2,run1_initcall.txt,dma_buf_init,0.052838,0,0
2,run1_initcall.txt,dma_heap_init,0.052882,0,0
2,run1_initcall.txt,init_scsi,0.052978,0,0
2,run1_initcall.txt,mdio_bus_init,0.053008,0,0
2,run1_initcall.txt,phy_init,0.053052,0,0
2,run1_initcall.txt,usb_common_init,0.053071,0,0
2,run1_initcall.txt,usb_init,0.053181,0,0
2,run1_initcall.txt,usb_phy_generic_init,0.053353,0,0
2,run1_initcall.txt,usb_udc_init,0.053387,0,0
2,run1_initcall.txt,usb_roles_init,0.05341,0,0
2,run1_initcall.txt,input_init,0.053439,0,0
2,run1_initcall.txt,rtc_init,0.05346,0,0
2,run1_initcall.txt,rc_core_init,0.053484,0,0
2,run1_initcall.txt,pps_init,0.053518,0,0
2,run1_initcall.txt,ptp_init,0.053541,0,0
2,run1_initcall.txt,power_supply_class_init,0.053567,0,0
2,run1_initcall.txt,hwmon_init,0.053585,0,0
2,run1_initcall.txt,mmc_init,0.053624,0,0
2,run1_initcall.txt,dmi_init,0.053639,0,0
2,run1_initcall.txt,efisubsys_init,0.053653,0,0
2,run1_initcall.txt,arm_pmu_hp_init,0.053673,0,0
2,run1_initcall.txt,ras_init,0.053696,0,0
2,run1_initcall.txt,nvmem_init,0.053737,0,0
2,run1_initcall.txt,init_soundcore,0.053761,0,0
2,run1_initcall.txt,proto_init,0.053782,0,0
2,run1_initcall.txt,net_dev_init,0.054003,0,0
2,run1_initcall.txt,neigh_init,0.054026,0,0
2,run1_initcall.txt,fib_notifier_init,0.054044,0,0
2,run1_initcall.txt,netdev_genl_init,0.054085,0,0
2,run1_initcall.txt,page_pool_user_init,0.054104,0,0
2,run1_initcall.txt,fib_rules_init,0.054123,0,0
2,run1_initcall.txt,init_cgroup_netprio,0.054143,0,0
2,run1_initcall.txt,bpf_lwt_init,0.054161,0,0
2,run1_initcall.txt,pktsched_init,0.054183,0,0
2,run1_initcall.txt,tc_filter_init,0.054219,0,0
2,run1_initcall.txt,tc_action_init,0.054238,0,0
2,run1_initcall.txt,ethnl_init,0.054312,0,0
2,run1_initcall.txt,nexthop_init,0.054334,0,0
2,run1_initcall.txt,devlink_init,0.054412,0,0
2,run1_initcall.txt,wireless_nlevent_init,0.054431,0,0
2,run1_initcall.txt,vsprintf_init_hashval,0.054448,0,0
2,run1_initcall.txt,init_32bit_el0_mask,0.054464,0,0
2,run1_initcall.txt,vga_arb_device_init,0.054602,0,0
2,run1_initcall.txt,watchdog_init,0.054724,0,0
2,run1_initcall.txt,create_debug_debugfs_entry,0.054832,0,0
2,run1_initcall.txt,iomem_init_inode,0.054876,0,0
2,run1_initcall.txt,clocksource_done_booting,0.054928,0,14
2,run1_initcall.txt,tracer_init_tracefs,0.054957,0,11
2,run1_initcall.txt,init_trace_printk_function_export,0.055069,0,96
2,run1_initcall.txt,init_graph_tracefs,0.055093,0,3
2,run1_initcall.txt,bpf_event_init,0.055109,0,1
2,run1_initcall.txt,init_kprobe_trace,0.452551,0,397424
2,run1_initcall.txt,init_dynamic_event,0.452663,0,25
2,run1_initcall.txt,bpf_init,0.452706,0,19
2,run1_initcall.txt,secretmem_init,0.452771,0,50
2,run1_initcall.txt,init_fs_stat_sysctls,0.452801,0,13
2,run1_initcall.txt,init_fs_exec_sysctls,0.452817,0,1
2,run1_initcall.txt,init_pipe_fs,0.452845,0,13
2,run1_initcall.txt,init_fs_namei_sysctls,0.452877,0,16
2,run1_initcall.txt,init_fs_dcache_sysctls,0.4529,0,7
2,run1_initcall.txt,init_fs_namespace_sysctls,0.452916,0,1
2,run1_initcall.txt,cgroup_writeback_init,0.452944,0,10
2,run1_initcall.txt,inotify_user_setup,0.452974,0,14
2,run1_initcall.txt,eventpoll_init,0.453008,0,19
2,run1_initcall.txt,anon_inode_init,0.453043,0,18
2,run1_initcall.txt,proc_locks_init,0.453066,0,6
2,run1_initcall.txt,backing_aio_init,0.453084,0,2
2,run1_initcall.txt,init_fs_coredump_sysctls,0.453109,0,8
2,run1_initcall.txt,init_vm_drop_caches_sysctls,0.453128,0,2
2,run1_initcall.txt,iomap_dio_init,0.453171,0,25
2,run1_initcall.txt,iomap_ioend_init,0.453212,0,26
2,run1_initcall.txt,dquot_init,0.453399,0,169
2,run1_initcall.txt,proc_cmdline_init,0.453423,0,2
2,run1_initcall.txt,proc_consoles_init,0.45344,0,1
2,run1_initcall.txt,proc_cpuinfo_init,0.453456,0,1
2,run1_initcall.txt,proc_devices_init,0.453472,0,1
2,run1_initcall.txt,proc_interrupts_init,0.453491,0,1
2,run1_initcall.txt,proc_loadavg_init,0.453508,0,0
2,run1_initcall.txt,proc_meminfo_init,0.453524,0,0
2,run1_initcall.txt,proc_stat_init,0.453541,0,1
2,run1_initcall.txt,proc_uptime_init,0.453558,0,0
2,run1_initcall.txt,proc_version_init,0.453576,0,3
2,run1_initcall.txt,proc_softirqs_init,0.453594,0,1
2,run1_initcall.txt,proc_kmsg_init,0.453611,0,1
2,run1_initcall.txt,proc_page_init,0.45363,0,2
2,run1_initcall.txt,init_ramfs_fs,0.453647,0,1
2,run1_initcall.txt,aa_create_aafs,0.453666,0,0
2,run1_initcall.txt,chr_dev_init,0.4567,0,3013
2,run1_initcall.txt,hwrng_modinit,0.456781,0,44
2,run1_initcall.txt,firmware_class_init,0.456801,0,1
2,run1_initcall.txt,sysctl_core_init,0.456853,0,28
2,run1_initcall.txt,eth_offload_init,0.456871,0,0
2,run1_initcall.txt,ipv4_offload_init,0.456894,0,1
2,run1_initcall.txt,inet_init,0.460762,0,3853
2,run1_initcall.txt,af_unix_init,0.460816,0,25
2,run1_initcall.txt,ipv6_offload_init,0.460834,0,1
2,run1_initcall.txt,init_sunrpc,0.461251,0,403
2,run1_initcall.txt,vlan_offload_init,0.461268,0,0
2,run1_initcall.txt,pci_apply_final_quirks,0.461307,0,12
2,run1_initcall.txt,populate_rootfs,0.461329,0,6
2,run1_initcall.txt,register_arm64_panic_block,0.461441,0,1
2,run1_initcall.txt,cpuinfo_regs_init,0.461546,0,89
2,run1_initcall.txt,aarch32_el0_sysfs_init,0.461565,0,0
2,run1_initcall.txt,kvm_arm_init,0.465128,0,3545
2,run1_initcall.txt,proc_execdomains_init,0.465168,0,3
2,run1_initcall.txt,register_warn_debugfs,0.46519,0,3
2,run1_initcall.txt,cpuhp_sysfs_init,0.465241,0,24
2,run1_initcall.txt,ioresources_init,0.465261,0,3
2,run1_initcall.txt,psi_proc_init,0.465276,0,0
2,run1_initcall.txt,irq_gc_init_ops,0.465291,0,0
2,run1_initcall.txt,irq_debugfs_init,0.465382,0,76
2,run1_initcall.txt,proc_modules_init,0.465401,0,2
2,run1_initcall.txt,timer_sysctl_init,0.465427,0,9
2,run1_initcall.txt,timekeeping_init_ops,0.465443,0,0
2,run1_initcall.txt,init_clocksource_sysfs,0.46552,0,59
2,run1_initcall.txt,init_timer_list_procfs,0.465541,0,1
2,run1_initcall.txt,alarmtimer_init,0.465613,0,56
2,run1_initcall.txt,clockevents_init_sysfs,0.465748,0,116
2,run1_initcall.txt,sched_clock_syscore_init,0.465767,0,0
2,run1_initcall.txt,kallsyms_init,0.465787,0,2
2,run1_initcall.txt,pid_namespaces_init,0.465827,0,23
2,run1_initcall.txt,audit_watch_init,0.465846,0,1
2,run1_initcall.txt,audit_fsnotify_init,0.465865,0,0
2,run1_initcall.txt,audit_tree_init,0.465884,0,2
2,run1_initcall.txt,seccomp_sysctl_init,0.465906,0,5
2,run1_initcall.txt,utsname_sysctl_init,0.465929,0,6
2,run1_initcall.txt,init_tracepoints,0.465949,0,2
2,run1_initcall.txt,init_lstats_procfs,0.465969,0,3
2,run1_initcall.txt,stack_trace_init,0.465997,0,12
2,run1_initcall.txt,init_blk_tracer,0.466027,0,15
2,run1_initcall.txt,perf_event_sysfs_init,0.466135,0,92
2,run1_initcall.txt,system_trusted_keyring_init,0.466166,0,14
2,run1_initcall.txt,kswapd_init,0.466361,0,178
2,run1_initcall.txt,extfrag_debug_init,0.466386,0,6
2,run1_initcall.txt,mm_compute_batch_init,0.466402,0,0
2,run1_initcall.txt,slab_proc_init,0.466421,0,2
2,run1_initcall.txt,workingset_init,0.466447,0,8
2,run1_initcall.txt,proc_vmalloc_init,0.466464,0,1
2,run1_initcall.txt,memblock_init_debugfs,0.466487,0,6
2,run1_initcall.txt,slab_debugfs_init,0.46651,0,5
2,run1_initcall.txt,procswaps_init,0.46653,0,1
2,run1_initcall.txt,zs_init,0.466545,0,0
2,run1_initcall.txt,fcntl_init,0.466561,0,2
2,run1_initcall.txt,proc_filesystems_init,0.466576,0,1
2,run1_initcall.txt,start_dirtytime_writeback,0.466599,0,5
2,run1_initcall.txt,dio_init,0.466616,0,1
2,run1_initcall.txt,dnotify_init,0.466644,0,14
2,run1_initcall.txt,fanotify_user_setup,0.46667,0,9
2,run1_initcall.txt,aio_setup,0.466723,0,38
2,run1_initcall.txt,mbcache_init,0.466746,0,5
2,run1_initcall.txt,init_grace,0.466763,0,2
2,run1_initcall.txt,init_devpts_fs,0.466787,0,7
2,run1_initcall.txt,ext4_init_fs,0.466879,0,75
2,run1_initcall.txt,journal_init,0.466937,0,39
2,run1_initcall.txt,init_fat_fs,0.466962,0,6
2,run1_initcall.txt,init_vfat_fs,0.466979,0,1
2,run1_initcall.txt,init_msdos_fs,0.466995,0,0
2,run1_initcall.txt,init_nfs_fs,0.46717,0,158
2,run1_initcall.txt,init_nfs_v2,0.46719,0,0
2,run1_initcall.txt,init_nfs_v3,0.467209,0,1
2,run1_initcall.txt,init_nfs_v4,0.467256,0,31
2,run1_initcall.txt,nfs4filelayout_init,0.46728,0,6
2,run1_initcall.txt,nfs4flexfilelayout_init,0.467304,0,6
2,run1_initcall.txt,init_nlm,0.467352,0,30
2,run1_initcall.txt,init_nls_cp437,0.467371,0,1
2,run1_initcall.txt,init_nls_ascii,0.467388,0,0
2,run1_initcall.txt,init_autofs_fs,0.4675,0,95
2,run1_initcall.txt,init_f2fs_fs,0.467642,0,121
2,run1_initcall.txt,ipc_init,0.467676,0,14
2,run1_initcall.txt,ipc_sysctl_init,0.467713,0,18
2,run1_initcall.txt,init_mqueue_fs,0.467767,0,36
2,run1_initcall.txt,key_proc_init,0.467789,0,2
2,run1_initcall.txt,bpf_crypto_skcipher_init,0.467806,0,0
2,run1_initcall.txt,dh_init,0.467822,0,2
2,run1_initcall.txt,rsa_init,0.467836,0,1
2,run1_initcall.txt,cryptomgr_init,0.467851,0,0
2,run1_initcall.txt,hmac_module_init,0.467865,0,0
2,run1_initcall.txt,crypto_sha256_mod_init,0.467882,0,3
2,run1_initcall.txt,crypto_ecb_module_init,0.467896,0,0
2,run1_initcall.txt,crypto_cbc_module_init,0.46791,0,0
2,run1_initcall.txt,crypto_cts_module_init,0.467924,0,0
2,run1_initcall.txt,xts_module_init,0.467937,0,0
2,run1_initcall.txt,des_generic_mod_init,0.467952,0,1
2,run1_initcall.txt,aes_init,0.467966,0,0
2,run1_initcall.txt,lzo_mod_init,0.46798,0,1
2,run1_initcall.txt,lzorle_mod_init,0.467995,0,1
2,run1_initcall.txt,asymmetric_key_init,0.468013,0,5
2,run1_initcall.txt,x509_key_init,0.468032,0,5
2,run1_initcall.txt,crypto_kdf108_init,0.468046,0,0
2,run1_initcall.txt,blkdev_init,0.468073,0,14
2,run1_initcall.txt,proc_genhd_init,0.46809,0,2
2,run1_initcall.txt,bsg_init,0.468121,0,16
2,run1_initcall.txt,throtl_init,0.468229,0,95
2,run1_initcall.txt,deadline_init,0.468251,0,5
2,run1_initcall.txt,kyber_init,0.46827,0,5
2,run1_initcall.txt,bfq_init,0.468307,0,23
2,run1_initcall.txt,io_uring_init,0.468344,0,24
2,run1_initcall.txt,btree_module_init,0.468362,0,2
2,run1_initcall.txt,percpu_counter_startup,0.468421,0,43
2,run1_initcall.txt,audit_classes_init,0.468444,0,5
2,run1_initcall.txt,gicv5_iwb_platform_driver_init,0.468548,0,88
2,run1_initcall.txt,mip_msi_driver_init,0.468603,0,37
2,run1_initcall.txt,bcm7038_l1_driver_init,0.468657,0,36
2,run1_initcall.txt,bcm7120_l2_driver_init,0.468714,0,40
2,run1_initcall.txt,brcmstb_l2_driver_init,0.469011,0,279
2,run1_initcall.txt,simple_pm_bus_driver_init,0.469666,0,636
2,run1_initcall.txt,phy_core_init,0.469705,0,18
2,run1_initcall.txt,brcm_usb_driver_init,0.469794,0,72
2,run1_initcall.txt,rp1_pinctrl_driver_init,0.469845,0,34
2,run1_initcall.txt,bcm2835_pinctrl_driver_init,0.470768,0,905
2,run1_initcall.txt,bcm2712_pinctrl_driver_init,0.470857,0,59
2,run1_initcall.txt,brcmvirt_gpio_driver_init,0.470912,0,37
2,run1_initcall.txt,brcmstb_gpio_driver_init,0.470987,0,36
2,run1_initcall.txt,rpi_exp_gpio_driver_init,0.471406,0,400
2,run1_initcall.txt,brcmstb_pwm_driver_init,0.471465,0,40
2,run1_initcall.txt,rp1_pwm_driver_init,0.471517,0,35
2,run1_initcall.txt,gpio_led_driver_init,0.473295,0,1761
2,run1_initcall.txt,led_pwm_driver_init,0.47337,0,51
2,run1_initcall.txt,timer_led_trigger_init,0.473389,0,1
2,run1_initcall.txt,oneshot_led_trigger_init,0.47341,0,0
2,run1_initcall.txt,heartbeat_trig_init,0.473429,0,2
2,run1_initcall.txt,bl_led_trigger_init,0.473445,0,0
2,run1_initcall.txt,ledtrig_cpu_init,0.473515,0,54
2,run1_initcall.txt,defon_led_trigger_init,0.473565,0,32
2,run1_initcall.txt,input_trig_init,0.473585,0,1
2,run1_initcall.txt,ledtrig_panic_init,0.473601,0,1
2,run1_initcall.txt,actpwr_trig_init,0.473765,0,147
2,run1_initcall.txt,pcie_portdrv_init,0.473836,0,51
2,run1_initcall.txt,pci_proc_init,0.47386,0,7
2,run1_initcall.txt,brcm_pcie_driver_init,0.591787,0,117909
2,run1_initcall.txt,bcm2708_fb_init,0.591881,0,62
2,run1_initcall.txt,simplefb_driver_init,0.598863,0,6964
2,run1_initcall.txt,of_fixed_factor_clk_driver_init,0.598966,0,39
2,run1_initcall.txt,of_fixed_clk_driver_init,0.599054,0,34
2,run1_initcall.txt,gpio_clk_driver_init,0.599146,0,44
2,run1_initcall.txt,gated_fixed_clk_driver_init,0.599231,0,35
2,run1_initcall.txt,rp1_clk_driver_init,0.599316,0,35
2,run1_initcall.txt,rp1_sdio_clk_driver_init,0.599405,0,39
2,run1_initcall.txt,clk_dvp_driver_init,0.5996,0,143
2,run1_initcall.txt,bcm2835_aux_clk_driver_init,0.599716,0,65
2,run1_initcall.txt,raspberrypi_clk_driver_init,0.615339,0,15570
2,run1_initcall.txt,dw_driver_init,0.61544,0,50
2,run1_initcall.txt,bcm2835_power_driver_init,0.615511,0,23
2,run1_initcall.txt,rpi_power_driver_init,0.633832,0,18270
2,run1_initcall.txt,brcmstb_reset_driver_init,0.635852,0,44
2,run1_initcall.txt,brcm_rescal_reset_driver_init,0.637851,0,39
2,run1_initcall.txt,rpi_reset_driver_init,0.640836,0,1037
2,run1_initcall.txt,reset_simple_driver_init,0.642893,0,84
2,run1_initcall.txt,n_null_init,0.644871,0,1
2,run1_initcall.txt,pty_init,0.646901,0,86
2,run1_initcall.txt,sysrq_init,0.64888,0,13
2,run1_initcall.txt,serial8250_init,0.650833,-19,0
2,run1_initcall.txt,bcm2835aux_serial_driver_init,0.652835,0,48
2,run1_initcall.txt,brcmuart_init,0.65484,0,55
2,run1_initcall.txt,exar_pci_driver_init,0.656829,0,30
2,run1_initcall.txt,of_platform_serial_driver_init,0.658849,0,100
2,run1_initcall.txt,serial_pci_driver_init,0.66082,0,29
2,run1_initcall.txt,pericom8250_pci_driver_init,0.662781,0,19
2,run1_initcall.txt,init_kgdboc,0.665765,0,1038
2,run1_initcall.txt,random_sysctls_init,0.667707,0,12
2,run1_initcall.txt,ttyprintk_init,0.669716,0,73
2,run1_initcall.txt,bcm2835_rng_driver_init,0.671734,0,67
2,run1_initcall.txt,bcm74110_rng_driver_init,0.673758,0,39
2,run1_initcall.txt,iproc_rng200_driver_init,0.678039,0,2276
2,run1_initcall.txt,smccc_trng_driver_init,0.680185,0,26
2,run1_initcall.txt,vc_mem_init,0.683565,0,1232
2,run1_initcall.txt,vcio_driver_init,0.687259,0,1462
2,run1_initcall.txt,bcm2712_iommu_driver_init,0.689606,0,41
2,run1_initcall.txt,bcm2712_iommu_cache_driver_init,0.691964,0,40
2,run1_initcall.txt,topology_sysfs_init,0.694427,0,62
2,run1_initcall.txt,cacheinfo_sysfs_init,0.697097,0,243
2,run1_initcall.txt,devcoredump_init,0.699566,0,9
2,run1_initcall.txt,brd_init,0.707031,0,5043
2,run1_initcall.txt,loop_init,0.71316,0,3750
2,run1_initcall.txt,bcm2835_pm_driver_init,0.716891,0,1335
2,run1_initcall.txt,stmpe_i2c_driver_init,0.719295,0,18
2,run1_initcall.txt,stmpe_spi_driver_init,0.72169,0,12
2,run1_initcall.txt,rp1_driver_init,0.724082,0,28
2,run1_initcall.txt,system_heap_create,0.726552,0,86
2,run1_initcall.txt,add_default_cma_heap,0.729029,0,85
2,run1_initcall.txt,udmabuf_dev_init,0.731454,0,43
2,run1_initcall.txt,iscsi_transport_init,0.735234,0,1403
2,run1_initcall.txt,init_sd,0.737639,0,22
2,run1_initcall.txt,nvme_core_init,0.740299,0,272
2,run1_initcall.txt,nvme_init,0.742687,0,25
2,run1_initcall.txt,blackhole_netdev_init,0.745096,0,17
2,run1_initcall.txt,netkit_init,0.747476,0,5
2,run1_initcall.txt,phylink_init,0.749849,0,0
2,run1_initcall.txt,phy_module_init,0.7524,0,166
2,run1_initcall.txt,phy_module_init,0.754942,0,183
2,run1_initcall.txt,fixed_mdio_bus_init,0.757451,0,155
2,run1_initcall.txt,phy_module_init,0.760006,0,166
2,run1_initcall.txt,phy_module_init,0.762392,0,18
2,run1_initcall.txt,phy_module_init,0.764796,0,62
2,run1_initcall.txt,unimac_mdio_driver_init,0.767261,0,128
2,run1_initcall.txt,macb_driver_init,0.769707,0,123
2,run1_initcall.txt,bcmgenet_driver_init,0.968008,0,195979
2,run1_initcall.txt,bcmasp_driver_init,0.970422,0,80
2,run1_initcall.txt,lan78xx_driver_init,0.973932,0,1175
2,run1_initcall.txt,smsc95xx_driver_init,0.977507,0,1211
2,run1_initcall.txt,usbnet_init,0.979888,0,0
2,run1_initcall.txt,xhci_hcd_init,0.982263,0,13
2,run1_initcall.txt,xhci_pci_init,1.110584,0,125956
2,run1_initcall.txt,xhci_plat_init,1.112987,0,125
2,run1_initcall.txt,dwc_otg_driver_init,1.119817,0,4563
2,run1_initcall.txt,dwc_common_port_init_module,1.123341,0,1290
2,run1_initcall.txt,dwc3_driver_init,1.125602,0,60
2,run1_initcall.txt,dwc3_haps_driver_init,1.127867,0,24
2,run1_initcall.txt,dwc3_of_simple_driver_init,1.130168,0,61
2,run1_initcall.txt,dwc3_generic_driver_init,1.132451,0,40
2,run1_initcall.txt,dwc2_platform_driver_init,1.134818,0,152
2,run1_initcall.txt,uas_init,1.13824,0,1213
2,run1_initcall.txt,usb_storage_driver_init,1.14152,0,1091
2,run1_initcall.txt,brcmstb_usb_pinmap_init,1.143786,-19,71
2,run1_initcall.txt,bdc_driver_init,1.146021,0,46
2,run1_initcall.txt,input_leds_init,1.148263,0,1
2,run1_initcall.txt,mousedev_init,1.151674,0,1224
2,run1_initcall.txt,evdev_init,1.153912,0,0
2,run1_initcall.txt,brcmstb_waketmr_driver_init,1.156203,0,48
2,run1_initcall.txt,rpi_rtc_driver_init,1.158428,0,41
2,run1_initcall.txt,init_rc_map_adstech_dvb_t_pci,1.160654,0,0
2,run1_initcall.txt,init_rc_map_alink_dtu_m,1.162868,0,0
2,run1_initcall.txt,init_rc_map_anysee,1.165094,0,0
2,run1_initcall.txt,init_rc_map_apac_viewcomp,1.16733,0,0
2,run1_initcall.txt,init_rc_map_t2hybrid,1.169571,0,0
2,run1_initcall.txt,init_rc_map_asus_pc39,1.171804,0,0
2,run1_initcall.txt,init_rc_map_asus_ps3_100,1.173992,0,0
2,run1_initcall.txt,init_rc_map_ati_tv_wonder_hd_600,1.176209,0,0
2,run1_initcall.txt,init_rc_map_ati_x10,1.178447,0,0
2,run1_initcall.txt,init_rc_map_avermedia_a16d,1.180718,0,0
2,run1_initcall.txt,init_rc_map_avermedia_cardbus,1.18298,0,0
2,run1_initcall.txt,init_rc_map_avermedia_dvbt,1.18523,0,0
2,run1_initcall.txt,init_rc_map_avermedia_m135a,1.187499,0,0
2,run1_initcall.txt,init_rc_map_avermedia_m733a_rm_k6,1.189777,0,0
2,run1_initcall.txt,init_rc_map_avermedia,1.19201,0,0
2,run1_initcall.txt,init_rc_map_avermedia_rm_ks,1.194277,0,0
2,run1_initcall.txt,init_rc_map_avertv_303,1.196544,0,0
2,run1_initcall.txt,init_rc_map_azurewave_ad_tu700,1.198802,0,0
2,run1_initcall.txt,init_rc_map_beelink_gs1,1.201053,0,0
2,run1_initcall.txt,init_rc_map_beelink_mxiii,1.203327,0,10
2,run1_initcall.txt,init_rc_map_behold_columbus,1.205576,0,0
2,run1_initcall.txt,init_rc_map_behold,1.207788,0,0
2,run1_initcall.txt,init_rc_map_budget_ci_old,1.210025,0,0
2,run1_initcall.txt,init_rc_map_cinergy_1400,1.212636,0,0
2,run1_initcall.txt,init_rc_map_cinergy,1.214832,0,0
2,run1_initcall.txt,init_rc_map_ct_90405,1.217035,0,0
2,run1_initcall.txt,init_rc_map_d680_dmb,1.219224,0,0
2,run1_initcall.txt,init_rc_map_delock_61959,1.221397,0,0
2,run1_initcall.txt,init_rc_map,1.223606,0,39
2,run1_initcall.txt,init_rc_map,1.225748,0,0
2,run1_initcall.txt,init_rc_map_digitalnow_tinytwin,1.227929,0,17
2,run1_initcall.txt,init_rc_map_digittrade,1.230175,0,0
2,run1_initcall.txt,init_rc_map_dm1105_nec,1.23247,0,51
2,run1_initcall.txt,init_rc_map_dntv_live_dvb_t,1.234621,0,0
2,run1_initcall.txt,init_rc_map_dntv_live_dvbt_pro,1.236818,0,3
2,run1_initcall.txt,init_rc_map_dreambox,1.23903,0,1
2,run1_initcall.txt,init_rc_map_dtt200u,1.24116,0,0
2,run1_initcall.txt,init_rc_map_rc5_dvbsky,1.243318,0,0
2,run1_initcall.txt,init_rc_map_dvico_mce,1.245475,0,0
2,run1_initcall.txt,init_rc_map_dvico_portable,1.247638,0,0
2,run1_initcall.txt,init_rc_map_em_terratec,1.249778,0,0
2,run1_initcall.txt,init_rc_map_encore_enltv2,1.25193,0,0
2,run1_initcall.txt,init_rc_map_encore_enltv_fm53,1.254081,0,0
2,run1_initcall.txt,init_rc_map_encore_enltv,1.256242,0,0
2,run1_initcall.txt,init_rc_map_evga_indtube,1.258337,0,0
2,run1_initcall.txt,init_rc_map_eztv,1.26047,0,0
2,run1_initcall.txt,init_rc_map_flydvb,1.262588,0,0
2,run1_initcall.txt,init_rc_map_flyvideo,1.264707,0,0
2,run1_initcall.txt,init_rc_map_fusionhdtv_mce,1.266819,0,0
2,run1_initcall.txt,init_rc_map_gadmei_rm008z,1.268917,0,0
2,run1_initcall.txt,init_rc_map_geekbox,1.271011,0,0
2,run1_initcall.txt,init_rc_map_genius_tvgo_a11mce,1.273098,0,0
2,run1_initcall.txt,init_rc_map_gotview7135,1.275146,0,0
2,run1_initcall.txt,init_rc_map_rc5_hauppauge_new,1.277242,0,0
2,run1_initcall.txt,init_rc_map_hisi_poplar,1.279345,0,0
2,run1_initcall.txt,init_rc_map_hisi_tv_demo,1.281458,0,0
2,run1_initcall.txt,init_rc_map_imon_mce,1.283572,0,0
2,run1_initcall.txt,init_rc_map_imon_pad,1.28569,0,0
2,run1_initcall.txt,init_rc_map_imon_rsc,1.287802,0,0
2,run1_initcall.txt,init_rc_map_iodata_bctv7e,1.289895,0,0
2,run1_initcall.txt,init_rc_it913x_v1_map,1.29195,0,0
2,run1_initcall.txt,init_rc_it913x_v2_map,1.294045,0,0
2,run1_initcall.txt,init_rc_map_kaiomy,1.296136,0,0
2,run1_initcall.txt,init_rc_map_khadas,1.298221,0,0
2,run1_initcall.txt,init_rc_map_khamsin,1.3003,0,0
2,run1_initcall.txt,init_rc_map_kworld_315u,1.302363,0,0
2,run1_initcall.txt,init_rc_map_kworld_pc150u,1.30442,0,0
2,run1_initcall.txt,init_rc_map_kworld_plus_tv_analog,1.306491,0,0
2,run1_initcall.txt,init_rc_map_leadtek_y04g0051,1.308532,0,0
2,run1_initcall.txt,init_rc_lme2510_map,1.310601,0,0
2,run1_initcall.txt,init_rc_map_manli,1.312696,0,0
2,run1_initcall.txt,init_rc_map_mecool_kiii_pro,1.31479,0,0
2,run1_initcall.txt,init_rc_map_mecool_kii_pro,1.316891,0,0
2,run1_initcall.txt,init_rc_map_medion_x10_digitainer,1.318989,0,0
2,run1_initcall.txt,init_rc_map_medion_x10,1.321084,0,0
2,run1_initcall.txt,init_rc_map_medion_x10_or2x,1.323183,0,0
2,run1_initcall.txt,init_rc_map_minix_neo,1.325228,0,0
2,run1_initcall.txt,init_rc_map_msi_digivox_iii,1.327349,0,0
2,run1_initcall.txt,init_rc_map_msi_digivox_ii,1.329473,0,0
2,run1_initcall.txt,init_rc_map_msi_tvanywhere,1.331599,0,0
2,run1_initcall.txt,init_rc_map_msi_tvanywhere_plus,1.333709,0,0
2,run1_initcall.txt,init_rc_map_mygica_utv3,1.335816,0,0
2,run1_initcall.txt,init_rc_map_nebula,1.337932,0,0
2,run1_initcall.txt,init_rc_map_nec_terratec_cinergy_xs,1.340043,0,0
2,run1_initcall.txt,init_rc_map_norwood,1.342118,0,0
2,run1_initcall.txt,init_rc_map_npgtech,1.344226,0,0
2,run1_initcall.txt,init_rc_map_odroid,1.346329,0,0
2,run1_initcall.txt,init_rc_map_pctv_sedna,1.348431,0,0
2,run1_initcall.txt,init_rc_map_pine64,1.350524,0,0
2,run1_initcall.txt,init_rc_map_pinnacle_color,1.352631,0,0
2,run1_initcall.txt,init_rc_map_pinnacle_grey,1.354731,0,0
2,run1_initcall.txt,init_rc_map_pinnacle_pctv_hd,1.356837,0,0
2,run1_initcall.txt,init_rc_map_pixelview,1.360005,0,0
2,run1_initcall.txt,init_rc_map_pixelview,1.362144,0,0
2,run1_initcall.txt,init_rc_map_pixelview_new,1.364293,0,0
2,run1_initcall.txt,init_rc_map_pixelview,1.366432,0,0
2,run1_initcall.txt,init_rc_map_powercolor_real_angel,1.368587,0,0
2,run1_initcall.txt,init_rc_map_proteus_2309,1.370732,0,0
2,run1_initcall.txt,init_rc_map_purpletv,1.372881,0,0
2,run1_initcall.txt,init_rc_map_pv951,1.374979,0,0
2,run1_initcall.txt,init_rc_map_rc6_mce,1.377097,0,0
2,run1_initcall.txt,init_rc_map_real_audio_220_32_keys,1.379238,0,0
2,run1_initcall.txt,init_rc_map_reddo,1.381367,0,0
2,run1_initcall.txt,init_rc_map_siemens_gigaset_rc20,1.383506,0,0
2,run1_initcall.txt,init_rc_map_snapstream_firefly,1.385629,0,0
2,run1_initcall.txt,init_rc_map_streamzap,1.387782,0,0
2,run1_initcall.txt,init_rc_map_su3000,1.38994,0,0
2,run1_initcall.txt,init_rc_map_tanix_tx3mini,1.392055,0,0
2,run1_initcall.txt,init_rc_map_tanix_tx5max,1.3942,0,0
2,run1_initcall.txt,init_rc_map_tbs_nec,1.396394,0,0
2,run1_initcall.txt,init_rc_map,1.398559,0,0
2,run1_initcall.txt,init_rc_map,1.40073,0,0
2,run1_initcall.txt,init_rc_map_terratec_cinergy_c_pci,1.402898,0,0
2,run1_initcall.txt,init_rc_map_terratec_cinergy_s2_hd,1.405084,0,0
2,run1_initcall.txt,init_rc_map_terratec_cinergy_xs,1.407229,0,0
2,run1_initcall.txt,init_rc_map_terratec_slim_2,1.409378,0,0
2,run1_initcall.txt,init_rc_map_terratec_slim,1.411557,0,11
2,run1_initcall.txt,init_rc_map_tevii_nec,1.41374,0,0
2,run1_initcall.txt,init_rc_map_tivo,1.41593,0,0
2,run1_initcall.txt,init_rc_map_total_media_in_hand_02,1.418127,0,0
2,run1_initcall.txt,init_rc_map_total_media_in_hand,1.420344,0,0
2,run1_initcall.txt,init_rc_map_trekstor,1.422531,0,0
2,run1_initcall.txt,init_rc_map_tt_1500,1.424659,0,0
2,run1_initcall.txt,init_rc_map_twinhan_vp1027,1.42682,0,0
2,run1_initcall.txt,init_rc_map_twinhan_dtv_cab_ci,1.42899,0,0
2,run1_initcall.txt,init_rc_map_vega_s9x,1.431157,0,0
2,run1_initcall.txt,init_rc_map_videomate_k100,1.433311,0,0
2,run1_initcall.txt,init_rc_map_videomate_s350,1.435468,0,0
2,run1_initcall.txt,init_rc_map_videomate_tv_pvr,1.437604,0,0
2,run1_initcall.txt,init_rc_map_kii_pro,1.439733,0,0
2,run1_initcall.txt,init_rc_map_wetek_hub,1.441822,0,0
2,run1_initcall.txt,init_rc_map_wetek_play2,1.443958,0,0
2,run1_initcall.txt,init_rc_map_winfast,1.446095,0,0
2,run1_initcall.txt,init_rc_map_winfast_usbii_deluxe,1.448235,0,0
2,run1_initcall.txt,init_rc_map_x96max,1.450384,0,0
2,run1_initcall.txt,init_rc_map,1.452769,0,0
2,run1_initcall.txt,init_rc_map,1.454896,0,0
2,run1_initcall.txt,init_rc_map_zx_irdec,1.45701,0,0
2,run1_initcall.txt,ptp_kvm_init,1.459118,-95,1
2,run1_initcall.txt,gpio_poweroff_driver_init,1.461346,0,92
2,run1_initcall.txt,bcm2711_thermal_driver_init,1.464915,0,1429
2,run1_initcall.txt,bcm2835_thermal_driver_init,1.467135,0,55
2,run1_initcall.txt,bcm2835_wdt_driver_init,1.469321,0,26
2,run1_initcall.txt,dt_cpufreq_platdrv_init,1.471528,0,27
2,run1_initcall.txt,brcm_avs_cpufreq_platdrv_init,1.473745,0,40
2,run1_initcall.txt,raspberrypi_cpufreq_driver_init,1.47897,0,3038
2,run1_initcall.txt,mmc_pwrseq_simple_driver_init,1.48129,0,75
2,run1_initcall.txt,mmc_pwrseq_emmc_driver_init,1.483622,0,60
2,run1_initcall.txt,mmc_blk_init,1.485922,0,39
2,run1_initcall.txt,sdhci_drv_init,1.490461,0,2250
2,run1_initcall.txt,bcm2835_mmc_driver_init,1.493969,0,1217
2,run1_initcall.txt,bcm2835_driver_init,1.49863,0,47
2,run1_initcall.txt,sdhci_pltfm_drv_init,1.503452,0,1261
2,run1_initcall.txt,sdhci_iproc_driver_init,1.508315,0,115
2,run1_initcall.txt,sdhci_brcmstb_driver_init,1.508409,0,77
2,run1_initcall.txt,esrt_sysfs_init,1.50842,-38,0
2,run1_initcall.txt,smccc_devices_init,1.508431,0,0
2,run1_initcall.txt,smccc_soc_init,1.508441,0,1
2,run1_initcall.txt,arch_timer_mmio_drv_init,1.508491,0,39
2,run1_initcall.txt,arch_timer_mmio_acpi_drv_init,1.508526,0,24
2,run1_initcall.txt,hid_init,1.508603,0,66
2,run1_initcall.txt,hid_generic_init,1.508659,0,35
2,run1_initcall.txt,hid_init,1.508712,0,42
2,run1_initcall.txt,vchiq_driver_init,1.541109,0,32383
2,run1_initcall.txt,bcm74110_mbox_driver_init,1.54391,0,135
2,run1_initcall.txt,extcon_class_init,1.549251,0,9
2,run1_initcall.txt,armv8_pmu_driver_init,1.554766,0,3049
2,run1_initcall.txt,binder_init,1.557192,0,55
2,run1_initcall.txt,rpi_otp_driver_init,1.563384,0,3839
2,run1_initcall.txt,sock_diag_init,1.565706,0,36
2,run1_initcall.txt,blackhole_init,1.567994,0,2
2,run1_initcall.txt,cls_bpf_init_mod,1.570261,0,0
2,run1_initcall.txt,gre_offload_init,1.572509,0,0
2,run1_initcall.txt,sysctl_ipv4_init,1.574744,0,72
2,run1_initcall.txt,cubictcp_register,1.576969,0,2
2,run1_initcall.txt,packet_init,1.580285,0,1114
2,run1_initcall.txt,init_rpcsec_gss,1.582495,0,16
2,run1_initcall.txt,init_kerberos_module,1.584704,0,5
2,run1_initcall.txt,dcbnl_init,1.586913,0,7
2,run1_initcall.txt,init_dns_resolver,1.590212,0,1088
2,run1_initcall.txt,handshake_init,1.59244,0,35
2,run1_initcall.txt,check_mmu_enabled_at_boot,1.594669,0,0
2,run1_initcall.txt,finalize_pkvm,1.596923,0,0
2,run1_initcall.txt,kernel_do_mounts_initrd_sysctls_init,1.600402,0,5
2,run1_initcall.txt,kernel_panic_sysctls_init,1.602658,0,12
2,run1_initcall.txt,kernel_panic_sysfs_init,1.604925,0,4
2,run1_initcall.txt,kernel_exit_sysctls_init,1.607193,0,7
2,run1_initcall.txt,kernel_exit_sysfs_init,1.609448,0,2
2,run1_initcall.txt,param_sysfs_builtin_init,1.621456,0,9713
2,run1_initcall.txt,reboot_ksysfs_init,1.623821,0,21
2,run1_initcall.txt,sched_core_sysctl_init,1.626122,0,4
2,run1_initcall.txt,sched_fair_sysctl_init,1.62843,0,2
2,run1_initcall.txt,sched_rt_sysctl_init,1.630698,0,4
2,run1_initcall.txt,sched_dl_sysctl_init,1.632957,0,6
2,run1_initcall.txt,sched_init_debug,1.635569,0,369
2,run1_initcall.txt,cpu_latency_qos_init,1.637912,0,136
2,run1_initcall.txt,printk_late_init,1.640137,0,17
2,run1_initcall.txt,init_srcu_module_notifier,1.642331,0,2
2,run1_initcall.txt,kernel_rcu_stall_sysfs_init,1.644654,0,3
2,run1_initcall.txt,swiotlb_create_default_debugfs,1.647676,0,732
2,run1_initcall.txt,tk_debug_sleep_time_init,1.650088,0,42
2,run1_initcall.txt,bpf_ksym_iter_register,1.652534,0,41
2,run1_initcall.txt,kernel_acct_sysctls_init,1.654937,0,50
2,run1_initcall.txt,bpf_rstat_kfunc_init,1.65722,0,2
2,run1_initcall.txt,debugfs_kprobe_init,1.659551,0,30
2,run1_initcall.txt,kernel_delayacct_sysctls_init,1.661863,0,6
2,run1_initcall.txt,taskstats_init,1.665351,0,1171
2,run1_initcall.txt,ftrace_sysctl_init,1.667668,0,28
2,run1_initcall.txt,bpf_kprobe_multi_kfuncs_init,1.669976,0,0
2,run1_initcall.txt,kdb_ftrace_register,1.672296,0,9
2,run1_initcall.txt,bpf_global_ma_init,1.674656,0,103
2,run1_initcall.txt,bpf_syscall_sysctl_init,1.676959,0,7
2,run1_initcall.txt,unbound_reg_init,1.679258,0,5
2,run1_initcall.txt,kfunc_init,1.681533,0,1
2,run1_initcall.txt,bpf_map_iter_init,1.68381,0,1
2,run1_initcall.txt,init_subsystem,1.686078,0,0
2,run1_initcall.txt,task_iter_init,1.688354,0,0
2,run1_initcall.txt,bpf_prog_iter_init,1.690567,0,0
2,run1_initcall.txt,bpf_link_iter_init,1.693033,0,0
2,run1_initcall.txt,init_trampolines,1.695262,0,3
2,run1_initcall.txt,rqspinlock_register_kfuncs,1.697471,0,0
2,run1_initcall.txt,kfunc_init,1.699686,0,0
2,run1_initcall.txt,bpf_cgroup_iter_init,1.701903,0,0
2,run1_initcall.txt,cpumask_kfunc_init,1.704135,0,9
2,run1_initcall.txt,crypto_kfunc_init,1.706365,0,1
2,run1_initcall.txt,bpf_kmem_cache_iter_init,1.708578,0,0
2,run1_initcall.txt,dmabuf_iter_init,1.710813,0,0
2,run1_initcall.txt,load_system_certificate_list,1.714147,0,1106
2,run1_initcall.txt,init_lru_gen,1.716418,0,24
2,run1_initcall.txt,vmstat_late_init,1.718654,0,2
2,run1_initcall.txt,fault_around_debugfs,1.720886,0,3
2,run1_initcall.txt,slab_sysfs_init,1.727138,0,4041
2,run1_initcall.txt,max_swapfiles_check,1.729389,0,0
2,run1_initcall.txt,zswap_init,1.731633,0,21
2,run1_initcall.txt,mempolicy_sysfs_init,1.733866,0,17
2,run1_initcall.txt,memory_tier_late_init,1.738415,0,2316
2,run1_initcall.txt,check_early_ioremap_leak,1.740625,0,0
2,run1_initcall.txt,mg_debugfs_init,1.742847,0,23
2,run1_initcall.txt,fscrypt_init,1.747392,0,2292
2,run1_initcall.txt,pstore_init,1.749612,0,14
2,run1_initcall.txt,init_root_keyring,1.751845,0,31
2,run1_initcall.txt,init_profile_hash,1.754052,0,0
2,run1_initcall.txt,integrity_fs_init,1.756296,0,9
2,run1_initcall.txt,crypto_algapi_init,1.758469,0,11
2,run1_initcall.txt,blk_timeout_init,1.76069,0,0
2,run1_initcall.txt,depot_debugfs_init,1.762927,0,19
2,run1_initcall.txt,pci_resource_alignment_sysfs_init,1.765163,0,5
2,run1_initcall.txt,pci_sysfs_init,1.767428,0,12
2,run1_initcall.txt,clk_debug_init,1.770094,0,418
2,run1_initcall.txt,genpd_debug_init,1.772685,0,323
2,run1_initcall.txt,sync_state_resume_initcall,1.774923,0,1
2,run1_initcall.txt,deferred_probe_initcall,1.844093,0,66896
2,run1_initcall.txt,efi_shutdown_init,1.846328,-19,0
2,run1_initcall.txt,efi_earlycon_unmap_fb,1.848483,0,1
2,run1_initcall.txt,psci_debugfs_init,1.850586,0,0
2,run1_initcall.txt,of_cfs_init,1.854786,0,2108
2,run1_initcall.txt,of_fdt_raw_init,1.856875,0,26
2,run1_initcall.txt,bpf_kfunc_init,1.858892,0,1
2,run1_initcall.txt,init_subsystem,1.860953,0,0
2,run1_initcall.txt,xdp_metadata_init,1.863011,0,0
2,run1_initcall.txt,bpf_sockmap_iter_init,1.865063,0,1
2,run1_initcall.txt,bpf_sk_storage_map_iter_init,1.867127,0,0
2,run1_initcall.txt,bpf_prog_test_run_init,1.869189,0,1
2,run1_initcall.txt,bpf_dummy_struct_ops_init,1.871248,0,0
2,run1_initcall.txt,tcp_congestion_default,1.873299,0,1
2,run1_initcall.txt,inet_blackhole_dev_init,1.875306,0,6
2,run1_initcall.txt,ip_auto_config,1.877357,0,9
2,run1_initcall.txt,tcp_bpf_v4_build_proto,1.879391,0,1
2,run1_initcall.txt,udp_bpf_v4_build_proto,1.881377,0,0
2,run1_initcall.txt,bpf_tcp_ca_kfunc_init,1.883369,0,0
2,run1_initcall.txt,bpf_mptcp_kfunc_init,1.885347,0,0
2,run1_initcall.txt,latency_fsnotify_init,1.887373,0,35
2,run1_initcall.txt,trace_eval_sync,1.891308,0,11
2,run1_initcall.txt,late_trace_init,1.893352,0,0
2,run1_initcall.txt,fb_logo_late_init,1.895431,0,0
2,run1_initcall.txt,amba_stub_drv_init,1.89758,0,26
2,run1_initcall.txt,clk_disable_unused,1.904534,0,4793
2,run1_initcall.txt,genpd_power_off_unused,1.907814,0,1082
2,run1_initcall.txt,regulator_init_complete,1.910042,0,2
2,run1_initcall.txt,of_platform_sync_state_init,1.912322,0,14
3,run2_initcall.txt,default_bdi_init,0.045715,0,0
3,run2_initcall.txt,cgwb_init,0.045738,0,0
3,run2_initcall.txt,percpu_enable_async,0.045754,0,0
3,run2_initcall.txt,kcompactd_init,0.045873,0,0
3,run2_initcall.txt,init_mm_sysctl,0.045893,0,0
3,run2_initcall.txt,init_user_reserve,0.045913,0,0
3,run2_initcall.txt,init_admin_reserve,0.045929,0,0
3,run2_initcall.txt,init_reserve_notifier,0.045944,0,0
3,run2_initcall.txt,swap_init,0.045968,0,0
3,run2_initcall.txt,swapfile_init,0.045992,0,0
3,run2_initcall.txt,memory_tier_init,0.046036,0,0
3,run2_initcall.txt,numa_init_sysfs,0.046053,0,0
3,run2_initcall.txt,mem_cgroup_swap_init,0.046067,0,0
3,run2_initcall.txt,init_msg_buckets,0.046085,0,0
3,run2_initcall.txt,init_bio,0.046133,0,0
3,run2_initcall.txt,blk_ioc_init,0.04615,0,0
3,run2_initcall.txt,blk_mq_init,0.046164,0,0
3,run2_initcall.txt,genhd_device_init,0.046372,0,0
3,run2_initcall.txt,blkcg_punt_bio_init,0.04648,0,0
3,run2_initcall.txt,blk_integrity_auto_init,0.046555,0,0
3,run2_initcall.txt,io_wq_init,0.046572,0,0
3,run2_initcall.txt,crc_t10dif_mod_init,0.046596,0,0
3,run2_initcall.txt,sha256_mod_init,0.046613,0,0
3,run2_initcall.txt,sha512_mod_init,0.046626,0,0
3,run2_initcall.txt,sg_pool_init,0.046655,0,0
3,run2_initcall.txt,gpiolib_debugfs_init,0.046675,0,0
3,run2_initcall.txt,stmpe_gpio_init,0.046773,0,0
3,run2_initcall.txt,pwm_init,0.046799,0,0
3,run2_initcall.txt,leds_init,0.046827,0,0
3,run2_initcall.txt,pci_slot_init,0.04685,0,0
3,run2_initcall.txt,fbmem_init,0.046912,0,0
3,run2_initcall.txt,bcm2835_dma_init,0.04766,0,0
3,run2_initcall.txt,regulator_fixed_voltage_init,0.047741,0,0
3,run2_initcall.txt,gpio_regulator_init,0.047799,0,0
3,run2_initcall.txt,init_sysrq_sysctl,0.047826,0,0
3,run2_initcall.txt,misc_init,0.047861,0,0
3,run2_initcall.txt,iommu_subsys_init,0.047895,0,0
3,run2_initcall.txt,register_cpu_capacity_sysctl,0.048224,0,4000
3,run2_initcall.txt,dma_buf_init,0.048303,0,0
3,run2_initcall.txt,dma_heap_init,0.048331,0,0
3,run2_initcall.txt,init_scsi,0.048429,0,0
3,run2_initcall.txt,mdio_bus_init,0.04846,0,0
3,run2_initcall.txt,phy_init,0.048502,0,0
3,run2_initcall.txt,usb_common_init,0.048522,0,0
3,run2_initcall.txt,usb_init,0.04863,0,0
3,run2_initcall.txt,usb_phy_generic_init,0.048773,0,0
3,run2_initcall.txt,usb_udc_init,0.048805,0,0
3,run2_initcall.txt,usb_roles_init,0.048825,0,0
3,run2_initcall.txt,input_init,0.048853,0,0
3,run2_initcall.txt,rtc_init,0.048873,0,0
3,run2_initcall.txt,rc_core_init,0.048904,0,0
3,run2_initcall.txt,pps_init,0.048935,0,0
3,run2_initcall.txt,ptp_init,0.048957,0,0
3,run2_initcall.txt,power_supply_class_init,0.048984,0,0
3,run2_initcall.txt,hwmon_init,0.049002,0,0
3,run2_initcall.txt,mmc_init,0.049041,0,0
3,run2_initcall.txt,dmi_init,0.049056,0,0
3,run2_initcall.txt,efisubsys_init,0.049071,0,0
3,run2_initcall.txt,arm_pmu_hp_init,0.04909,0,0
3,run2_initcall.txt,ras_init,0.049113,0,0
3,run2_initcall.txt,nvmem_init,0.049154,0,0
3,run2_initcall.txt,init_soundcore,0.049177,0,0
3,run2_initcall.txt,proto_init,0.049199,0,0
3,run2_initcall.txt,net_dev_init,0.04942,0,0
3,run2_initcall.txt,neigh_init,0.049442,0,0
3,run2_initcall.txt,fib_notifier_init,0.049461,0,0
3,run2_initcall.txt,netdev_genl_init,0.049501,0,0
3,run2_initcall.txt,page_pool_user_init,0.04952,0,0
3,run2_initcall.txt,fib_rules_init,0.049539,0,0
3,run2_initcall.txt,init_cgroup_netprio,0.049557,0,0
3,run2_initcall.txt,bpf_lwt_init,0.049576,0,0
3,run2_initcall.txt,pktsched_init,0.049599,0,0
3,run2_initcall.txt,tc_filter_init,0.049634,0,0
3,run2_initcall.txt,tc_action_init,0.049654,0,0
3,run2_initcall.txt,ethnl_init,0.049726,0,0
3,run2_initcall.txt,nexthop_init,0.049748,0,0
3,run2_initcall.txt,devlink_init,0.049824,0,0
3,run2_initcall.txt,wireless_nlevent_init,0.049842,0,0
3,run2_initcall.txt,vsprintf_init_hashval,0.04986,0,0
3,run2_initcall.txt,init_32bit_el0_mask,0.049877,0,0
3,run2_initcall.txt,vga_arb_device_init,0.050018,0,0
3,run2_initcall.txt,watchdog_init,0.050141,0,0
3,run2_initcall.txt,create_debug_debugfs_entry,0.050319,0,0
3,run2_initcall.txt,iomem_init_inode,0.050363,0,0
3,run2_initcall.txt,clocksource_done_booting,0.050415,0,14
3,run2_initcall.txt,tracer_init_tracefs,0.05044,0,8
3,run2_initcall.txt,init_trace_printk_function_export,0.050556,0,99
3,run2_initcall.txt,init_graph_tracefs,0.050576,0,2
3,run2_initcall.txt,bpf_event_init,0.050593,0,1
3,run2_initcall.txt,init_kprobe_trace,0.448139,0,397527
3,run2_initcall.txt,init_dynamic_event,0.448228,0,10
3,run2_initcall.txt,bpf_init,0.448275,0,19
3,run2_initcall.txt,secretmem_init,0.448345,0,53
3,run2_initcall.txt,init_fs_stat_sysctls,0.448375,0,13
3,run2_initcall.txt,init_fs_exec_sysctls,0.448391,0,1
3,run2_initcall.txt,init_pipe_fs,0.448433,0,26
3,run2_initcall.txt,init_fs_namei_sysctls,0.448453,0,3
3,run2_initcall.txt,init_fs_dcache_sysctls,0.448477,0,9
3,run2_initcall.txt,init_fs_namespace_sysctls,0.448494,0,1
3,run2_initcall.txt,cgroup_writeback_init,0.448522,0,11
3,run2_initcall.txt,inotify_user_setup,0.448554,0,16
3,run2_initcall.txt,eventpoll_init,0.448589,0,19
3,run2_initcall.txt,anon_inode_init,0.448615,0,10
3,run2_initcall.txt,proc_locks_init,0.448638,0,6
3,run2_initcall.txt,backing_aio_init,0.448656,0,2
3,run2_initcall.txt,init_fs_coredump_sysctls,0.44868,0,8
3,run2_initcall.txt,init_vm_drop_caches_sysctls,0.448699,0,2
3,run2_initcall.txt,iomap_dio_init,0.448741,0,24
3,run2_initcall.txt,iomap_ioend_init,0.448789,0,32
3,run2_initcall.txt,dquot_init,0.448979,0,172
3,run2_initcall.txt,proc_cmdline_init,0.449007,0,3
3,run2_initcall.txt,proc_consoles_init,0.449024,0,1
3,run2_initcall.txt,proc_cpuinfo_init,0.449042,0,1
3,run2_initcall.txt,proc_devices_init,0.449058,0,0
3,run2_initcall.txt,proc_interrupts_init,0.449078,0,2
3,run2_initcall.txt,proc_loadavg_init,0.449094,0,0
3,run2_initcall.txt,proc_meminfo_init,0.44911,0,0
3,run2_initcall.txt,proc_stat_init,0.449127,0,1
3,run2_initcall.txt,proc_uptime_init,0.449143,0,1
3,run2_initcall.txt,proc_version_init,0.449163,0,4
3,run2_initcall.txt,proc_softirqs_init,0.449181,0,1
3,run2_initcall.txt,proc_kmsg_init,0.449198,0,1
3,run2_initcall.txt,proc_page_init,0.449216,0,2
3,run2_initcall.txt,init_ramfs_fs,0.449234,0,1
3,run2_initcall.txt,aa_create_aafs,0.449251,0,0
3,run2_initcall.txt,chr_dev_init,0.452382,0,3109
3,run2_initcall.txt,hwrng_modinit,0.452474,0,51
3,run2_initcall.txt,firmware_class_init,0.452495,0,1
3,run2_initcall.txt,sysctl_core_init,0.452544,0,29
3,run2_initcall.txt,eth_offload_init,0.452569,0,0
3,run2_initcall.txt,ipv4_offload_init,0.452586,0,1
3,run2_initcall.txt,inet_init,0.456389,0,3789
3,run2_initcall.txt,af_unix_init,0.456438,0,21
3,run2_initcall.txt,ipv6_offload_init,0.456457,0,2
3,run2_initcall.txt,init_sunrpc,0.456823,0,352
3,run2_initcall.txt,vlan_offload_init,0.456849,0,0
3,run2_initcall.txt,pci_apply_final_quirks,0.456879,0,12
3,run2_initcall.txt,populate_rootfs,0.456903,0,7
3,run2_initcall.txt,register_arm64_panic_block,0.457016,0,1
3,run2_initcall.txt,cpuinfo_regs_init,0.457124,0,93
3,run2_initcall.txt,aarch32_el0_sysfs_init,0.457144,0,0
3,run2_initcall.txt,kvm_arm_init,0.460796,0,3633
3,run2_initcall.txt,proc_execdomains_init,0.460838,0,3
3,run2_initcall.txt,register_warn_debugfs,0.460869,0,3
3,run2_initcall.txt,cpuhp_sysfs_init,0.460912,0,23
3,run2_initcall.txt,ioresources_init,0.460932,0,3
3,run2_initcall.txt,psi_proc_init,0.460946,0,0
3,run2_initcall.txt,irq_gc_init_ops,0.460961,0,0
3,run2_initcall.txt,irq_debugfs_init,0.461051,0,75
3,run2_initcall.txt,proc_modules_init,0.461071,0,3
3,run2_initcall.txt,timer_sysctl_init,0.461097,0,10
3,run2_initcall.txt,timekeeping_init_ops,0.461115,0,0
3,run2_initcall.txt,init_clocksource_sysfs,0.461189,0,58
3,run2_initcall.txt,init_timer_list_procfs,0.46121,0,2
3,run2_initcall.txt,alarmtimer_init,0.461286,0,59
3,run2_initcall.txt,clockevents_init_sysfs,0.461412,0,107
3,run2_initcall.txt,sched_clock_syscore_init,0.461432,0,0
3,run2_initcall.txt,kallsyms_init,0.461451,0,1
3,run2_initcall.txt,pid_namespaces_init,0.46149,0,21
3,run2_initcall.txt,audit_watch_init,0.461511,0,1
3,run2_initcall.txt,audit_fsnotify_init,0.461528,0,0
3,run2_initcall.txt,audit_tree_init,0.461547,0,2
3,run2_initcall.txt,seccomp_sysctl_init,0.461569,0,5
3,run2_initcall.txt,utsname_sysctl_init,0.461593,0,6
3,run2_initcall.txt,init_tracepoints,0.461612,0,1
3,run2_initcall.txt,init_lstats_procfs,0.461633,0,3
3,run2_initcall.txt,stack_trace_init,0.461673,0,24
3,run2_initcall.txt,init_blk_tracer,0.461706,0,17
3,run2_initcall.txt,perf_event_sysfs_init,0.461816,0,94
3,run2_initcall.txt,system_trusted_keyring_init,0.461849,0,15
3,run2_initcall.txt,kswapd_init,0.462049,0,183
3,run2_initcall.txt,extfrag_debug_init,0.462075,0,7
3,run2_initcall.txt,mm_compute_batch_init,0.462092,0,0
3,run2_initcall.txt,slab_proc_init,0.462113,0,2
3,run2_initcall.txt,workingset_init,0.462137,0,8
3,run2_initcall.txt,proc_vmalloc_init,0.462155,0,1
3,run2_initcall.txt,memblock_init_debugfs,0.462191,0,18
3,run2_initcall.txt,slab_debugfs_init,0.462214,0,4
3,run2_initcall.txt,procswaps_init,0.462234,0,2
3,run2_initcall.txt,zs_init,0.46225,0,0
3,run2_initcall.txt,fcntl_init,0.462266,0,2
3,run2_initcall.txt,proc_filesystems_init,0.462283,0,1
3,run2_initcall.txt,start_dirtytime_writeback,0.462304,0,5
3,run2_initcall.txt,dio_init,0.462321,0,1
3,run2_initcall.txt,dnotify_init,0.462355,0,19
3,run2_initcall.txt,fanotify_user_setup,0.462384,0,12
3,run2_initcall.txt,aio_setup,0.462464,0,63
3,run2_initcall.txt,mbcache_init,0.462488,0,5
3,run2_initcall.txt,init_grace,0.462506,0,2
3,run2_initcall.txt,init_devpts_fs,0.462531,0,8
3,run2_initcall.txt,ext4_init_fs,0.462626,0,78
3,run2_initcall.txt,journal_init,0.462663,0,18
3,run2_initcall.txt,init_fat_fs,0.462686,0,5
3,run2_initcall.txt,init_vfat_fs,0.462703,0,0
3,run2_initcall.txt,init_msdos_fs,0.462719,0,0
3,run2_initcall.txt,init_nfs_fs,0.462877,0,141
3,run2_initcall.txt,init_nfs_v2,0.462899,0,1
3,run2_initcall.txt,init_nfs_v3,0.462915,0,0
3,run2_initcall.txt,init_nfs_v4,0.462963,0,31
3,run2_initcall.txt,nfs4filelayout_init,0.462987,0,6
3,run2_initcall.txt,nfs4flexfilelayout_init,0.463011,0,6
3,run2_initcall.txt,init_nlm,0.463056,0,28
3,run2_initcall.txt,init_nls_cp437,0.463074,0,0
3,run2_initcall.txt,init_nls_ascii,0.463091,0,0
3,run2_initcall.txt,init_autofs_fs,0.463204,0,95
3,run2_initcall.txt,init_f2fs_fs,0.463355,0,131
3,run2_initcall.txt,ipc_init,0.46339,0,15
3,run2_initcall.txt,ipc_sysctl_init,0.463426,0,17
3,run2_initcall.txt,init_mqueue_fs,0.463479,0,35
3,run2_initcall.txt,key_proc_init,0.463501,0,2
3,run2_initcall.txt,bpf_crypto_skcipher_init,0.463518,0,0
3,run2_initcall.txt,dh_init,0.463534,0,2
3,run2_initcall.txt,rsa_init,0.46355,0,1
3,run2_initcall.txt,cryptomgr_init,0.463563,0,0
3,run2_initcall.txt,hmac_module_init,0.463577,0,0
3,run2_initcall.txt,crypto_sha256_mod_init,0.463594,0,4
3,run2_initcall.txt,crypto_ecb_module_init,0.463608,0,0
3,run2_initcall.txt,crypto_cbc_module_init,0.463622,0,0
3,run2_initcall.txt,crypto_cts_module_init,0.463635,0,0
3,run2_initcall.txt,xts_module_init,0.463649,0,0
3,run2_initcall.txt,des_generic_mod_init,0.463664,0,1
3,run2_initcall.txt,aes_init,0.463678,0,0
3,run2_initcall.txt,lzo_mod_init,0.463692,0,1
3,run2_initcall.txt,lzorle_mod_init,0.463706,0,0
3,run2_initcall.txt,asymmetric_key_init,0.463724,0,5
3,run2_initcall.txt,x509_key_init,0.463743,0,5
3,run2_initcall.txt,crypto_kdf108_init,0.463757,0,0
3,run2_initcall.txt,blkdev_init,0.463786,0,15
3,run2_initcall.txt,proc_genhd_init,0.463804,0,2
3,run2_initcall.txt,bsg_init,0.463833,0,16
3,run2_initcall.txt,throtl_init,0.463918,0,70
3,run2_initcall.txt,deadline_init,0.46394,0,6
3,run2_initcall.txt,kyber_init,0.463959,0,5
3,run2_initcall.txt,bfq_init,0.463993,0,21
3,run2_initcall.txt,io_uring_init,0.46403,0,22
3,run2_initcall.txt,btree_module_init,0.46405,0,2
3,run2_initcall.txt,percpu_counter_startup,0.464112,0,46
3,run2_initcall.txt,audit_classes_init,0.464139,0,3
3,run2_initcall.txt,gicv5_iwb_platform_driver_init,0.464245,0,89
3,run2_initcall.txt,mip_msi_driver_init,0.464299,0,35
3,run2_initcall.txt,bcm7038_l1_driver_init,0.464351,0,34
3,run2_initcall.txt,bcm7120_l2_driver_init,0.464408,0,39
3,run2_initcall.txt,brcmstb_l2_driver_init,0.464702,0,276
3,run2_initcall.txt,simple_pm_bus_driver_init,0.465237,0,514
3,run2_initcall.txt,phy_core_init,0.465269,0,12
3,run2_initcall.txt,brcm_usb_driver_init,0.465355,0,69
3,run2_initcall.txt,rp1_pinctrl_driver_init,0.465407,0,34
3,run2_initcall.txt,bcm2835_pinctrl_driver_init,0.46639,0,966
3,run2_initcall.txt,bcm2712_pinctrl_driver_init,0.466506,0,62
3,run2_initcall.txt,brcmvirt_gpio_driver_init,0.466564,0,38
3,run2_initcall.txt,brcmstb_gpio_driver_init,0.466618,0,35
3,run2_initcall.txt,rpi_exp_gpio_driver_init,0.46706,0,424
3,run2_initcall.txt,brcmstb_pwm_driver_init,0.467116,0,37
3,run2_initcall.txt,rp1_pwm_driver_init,0.46717,0,36
3,run2_initcall.txt,gpio_led_driver_init,0.468939,0,1751
3,run2_initcall.txt,led_pwm_driver_init,0.469026,0,57
3,run2_initcall.txt,timer_led_trigger_init,0.469047,0,2
3,run2_initcall.txt,oneshot_led_trigger_init,0.469064,0,0
3,run2_initcall.txt,heartbeat_trig_init,0.469084,0,2
3,run2_initcall.txt,bl_led_trigger_init,0.4691,0,0
3,run2_initcall.txt,ledtrig_cpu_init,0.469211,0,95
3,run2_initcall.txt,defon_led_trigger_init,0.469263,0,34
3,run2_initcall.txt,input_trig_init,0.469284,0,1
3,run2_initcall.txt,ledtrig_panic_init,0.469301,0,1
3,run2_initcall.txt,actpwr_trig_init,0.469492,0,173
3,run2_initcall.txt,pcie_portdrv_init,0.46957,0,56
3,run2_initcall.txt,pci_proc_init,0.469597,0,9
3,run2_initcall.txt,brcm_pcie_driver_init,0.583342,0,113726
3,run2_initcall.txt,bcm2708_fb_init,0.58343,0,61
3,run2_initcall.txt,simplefb_driver_init,0.590503,0,7055
3,run2_initcall.txt,of_fixed_factor_clk_driver_init,0.5906,0,38
3,run2_initcall.txt,of_fixed_clk_driver_init,0.590695,0,35
3,run2_initcall.txt,gpio_clk_driver_init,0.590788,0,43
3,run2_initcall.txt,gated_fixed_clk_driver_init,0.590873,0,35
3,run2_initcall.txt,rp1_clk_driver_init,0.590965,0,41
3,run2_initcall.txt,rp1_sdio_clk_driver_init,0.59105,0,35
3,run2_initcall.txt,clk_dvp_driver_init,0.591243,0,144
3,run2_initcall.txt,bcm2835_aux_clk_driver_init,0.591368,0,74
3,run2_initcall.txt,raspberrypi_clk_driver_init,0.606946,0,15524
3,run2_initcall.txt,dw_driver_init,0.607049,0,50
3,run2_initcall.txt,bcm2835_power_driver_init,0.607121,0,23
3,run2_initcall.txt,rpi_power_driver_init,0.625471,0,18299
3,run2_initcall.txt,brcmstb_reset_driver_init,0.627495,0,43
3,run2_initcall.txt,brcm_rescal_reset_driver_init,0.6295,0,41
3,run2_initcall.txt,rpi_reset_driver_init,0.632484,0,1065
3,run2_initcall.txt,reset_simple_driver_init,0.634544,0,86
3,run2_initcall.txt,n_null_init,0.636494,0,0
3,run2_initcall.txt,pty_init,0.638535,0,92
3,run2_initcall.txt,sysrq_init,0.640489,0,13
3,run2_initcall.txt,serial8250_init,0.642443,-19,0
3,run2_initcall.txt,bcm2835aux_serial_driver_init,0.644424,0,44
3,run2_initcall.txt,brcmuart_init,0.646429,0,68
3,run2_initcall.txt,exar_pci_driver_init,0.648366,0,26
3,run2_initcall.txt,of_platform_serial_driver_init,0.650417,0,104
3,run2_initcall.txt,serial_pci_driver_init,0.652386,0,31
3,run2_initcall.txt,pericom8250_pci_driver_init,0.654339,0,21
3,run2_initcall.txt,init_kgdboc,0.657319,0,1038
3,run2_initcall.txt,random_sysctls_init,0.659256,0,13
3,run2_initcall.txt,ttyprintk_init,0.661256,0,65
3,run2_initcall.txt,bcm2835_rng_driver_init,0.663263,0,64
3,run2_initcall.txt,bcm74110_rng_driver_init,0.665246,0,39
3,run2_initcall.txt,iproc_rng200_driver_init,0.669536,0,2272
3,run2_initcall.txt,smccc_trng_driver_init,0.67168,0,27
3,run2_initcall.txt,vc_mem_init,0.675049,0,1225
3,run2_initcall.txt,vcio_driver_init,0.678713,0,1435
3,run2_initcall.txt,bcm2712_iommu_driver_init,0.681009,0,41
3,run2_initcall.txt,bcm2712_iommu_cache_driver_init,0.683398,0,40
3,run2_initcall.txt,topology_sysfs_init,0.685843,0,64
3,run2_initcall.txt,cacheinfo_sysfs_init,0.688512,0,248
3,run2_initcall.txt,devcoredump_init,0.690953,0,9
3,run2_initcall.txt,brd_init,0.698352,0,4990
3,run2_initcall.txt,loop_init,0.704558,0,3784
3,run2_initcall.txt,bcm2835_pm_driver_init,0.708274,0,1328
3,run2_initcall.txt,stmpe_i2c_driver_init,0.710664,0,14
3,run2_initcall.txt,stmpe_spi_driver_init,0.713056,0,18
3,run2_initcall.txt,rp1_driver_init,0.715424,0,27
3,run2_initcall.txt,system_heap_create,0.71788,0,78
3,run2_initcall.txt,add_default_cma_heap,0.720373,0,88
3,run2_initcall.txt,udmabuf_dev_init,0.722818,0,46
3,run2_initcall.txt,iscsi_transport_init,0.726654,0,1458
3,run2_initcall.txt,init_sd,0.729069,0,23
3,run2_initcall.txt,nvme_core_init,0.731683,0,259
3,run2_initcall.txt,nvme_init,0.734114,0,29
3,run2_initcall.txt,blackhole_netdev_init,0.736533,0,17
3,run2_initcall.txt,netkit_init,0.73892,0,4
3,run2_initcall.txt,phylink_init,0.741295,0,0
3,run2_initcall.txt,phy_module_init,0.743838,0,170
3,run2_initcall.txt,phy_module_init,0.74638,0,180
3,run2_initcall.txt,fixed_mdio_bus_init,0.748873,0,157
3,run2_initcall.txt,phy_module_init,0.751417,0,170
3,run2_initcall.txt,phy_module_init,0.753805,0,19
3,run2_initcall.txt,phy_module_init,0.756224,0,63
3,run2_initcall.txt,unimac_mdio_driver_init,0.75868,0,122
3,run2_initcall.txt,macb_driver_init,0.761119,0,125
3,run2_initcall.txt,bcmgenet_driver_init,0.967478,0,204034
3,run2_initcall.txt,bcmasp_driver_init,0.969897,0,79
3,run2_initcall.txt,lan78xx_driver_init,0.973462,0,1215
3,run2_initcall.txt,smsc95xx_driver_init,0.977064,0,1217
3,run2_initcall.txt,usbnet_init,0.979447,0,0
3,run2_initcall.txt,xhci_hcd_init,0.981804,0,14
3,run2_initcall.txt,xhci_pci_init,1.110065,0,125881
3,run2_initcall.txt,xhci_plat_init,1.112467,0,121
3,run2_initcall.txt,dwc_otg_driver_init,1.119252,0,4555
3,run2_initcall.txt,dwc_common_port_init_module,1.122756,0,1273
3,run2_initcall.txt,dwc3_driver_init,1.125055,0,58
3,run2_initcall.txt,dwc3_haps_driver_init,1.127332,0,30
3,run2_initcall.txt,dwc3_of_simple_driver_init,1.12963,0,61
3,run2_initcall.txt,dwc3_generic_driver_init,1.131873,0,41
3,run2_initcall.txt,dwc2_platform_driver_init,1.13424,0,152
3,run2_initcall.txt,uas_init,1.137667,0,1207
3,run2_initcall.txt,usb_storage_driver_init,1.140996,0,1122
3,run2_initcall.txt,brcmstb_usb_pinmap_init,1.143258,-19,74
3,run2_initcall.txt,bdc_driver_init,1.145484,0,46
3,run2_initcall.txt,input_leds_init,1.147681,0,1
3,run2_initcall.txt,mousedev_init,1.151064,0,1204
3,run2_initcall.txt,evdev_init,1.153292,0,0
3,run2_initcall.txt,brcmstb_waketmr_driver_init,1.155567,0,47
3,run2_initcall.txt,rpi_rtc_driver_init,1.157823,0,45
3,run2_initcall.txt,init_rc_map_adstech_dvb_t_pci,1.160043,0,0
3,run2_initcall.txt,init_rc_map_alink_dtu_m,1.162242,0,0
3,run2_initcall.txt,init_rc_map_anysee,1.164413,0,0
3,run2_initcall.txt,init_rc_map_apac_viewcomp,1.166641,0,0
3,run2_initcall.txt,init_rc_map_t2hybrid,1.168874,0,0
3,run2_initcall.txt,init_rc_map_asus_pc39,1.171103,0,0
3,run2_initcall.txt,init_rc_map_asus_ps3_100,1.173322,0,0
3,run2_initcall.txt,init_rc_map_ati_tv_wonder_hd_600,1.17555,0,0
3,run2_initcall.txt,init_rc_map_ati_x10,1.17779,0,0
3,run2_initcall.txt,init_rc_map_avermedia_a16d,1.180058,0,0
3,run2_initcall.txt,init_rc_map_avermedia_cardbus,1.18228,0,0
3,run2_initcall.txt,init_rc_map_avermedia_dvbt,1.184544,0,0
3,run2_initcall.txt,init_rc_map_avermedia_m135a,1.186817,0,0
3,run2_initcall.txt,init_rc_map_avermedia_m733a_rm_k6,1.189099,0,0
3,run2_initcall.txt,init_rc_map_avermedia,1.191389,0,0
3,run2_initcall.txt,init_rc_map_avermedia_rm_ks,1.193666,0,0
3,run2_initcall.txt,init_rc_map_avertv_303,1.195958,0,0
3,run2_initcall.txt,init_rc_map_azurewave_ad_tu700,1.198186,0,0
3,run2_initcall.txt,init_rc_map_beelink_gs1,1.200468,0,0
3,run2_initcall.txt,init_rc_map_beelink_mxiii,1.20274,0,0
3,run2_initcall.txt,init_rc_map_behold_columbus,1.205012,0,0
3,run2_initcall.txt,init_rc_map_behold,1.207269,0,0
3,run2_initcall.txt,init_rc_map_budget_ci_old,1.20952,0,0
3,run2_initcall.txt,init_rc_map_cinergy_1400,1.212177,0,0
3,run2_initcall.txt,init_rc_map_cinergy,1.214351,0,0
3,run2_initcall.txt,init_rc_map_ct_90405,1.216565,0,0
3,run2_initcall.txt,init_rc_map_d680_dmb,1.218766,0,0
3,run2_initcall.txt,init_rc_map_delock_61959,1.22095,0,0
3,run2_initcall.txt,init_rc_map,1.223171,0,38
3,run2_initcall.txt,init_rc_map,1.225361,0,0
3,run2_initcall.txt,init_rc_map_digitalnow_tinytwin,1.227699,0,57
3,run2_initcall.txt,init_rc_map_digittrade,1.229886,0,0
3,run2_initcall.txt,init_rc_map_dm1105_nec,1.232103,0,2
3,run2_initcall.txt,init_rc_map_dntv_live_dvb_t,1.23439,0,0
3,run2_initcall.txt,init_rc_map_dntv_live_dvbt_pro,1.236567,0,0
3,run2_initcall.txt,init_rc_map_dreambox,1.23874,0,0
3,run2_initcall.txt,init_rc_map_dtt200u,1.240916,0,0
3,run2_initcall.txt,init_rc_map_rc5_dvbsky,1.243088,0,0
3,run2_initcall.txt,init_rc_map_dvico_mce,1.245252,0,0
3,run2_initcall.txt,init_rc_map_dvico_portable,1.247564,0,172
3,run2_initcall.txt,init_rc_map_em_terratec,1.249716,0,0
3,run2_initcall.txt,init_rc_map_encore_enltv2,1.251885,0,0
3,run2_initcall.txt,init_rc_map_encore_enltv_fm53,1.254053,0,0
3,run2_initcall.txt,init_rc_map_encore_enltv,1.256228,0,0
3,run2_initcall.txt,init_rc_map_evga_indtube,1.258387,0,0
3,run2_initcall.txt,init_rc_map_eztv,1.260536,0,0
3,run2_initcall.txt,init_rc_map_flydvb,1.262671,0,0
3,run2_initcall.txt,init_rc_map_flyvideo,1.264757,0,0
3,run2_initcall.txt,init_rc_map_fusionhdtv_mce,1.266884,0,0
3,run2_initcall.txt,init_rc_map_gadmei_rm008z,1.268996,0,0
3,run2_initcall.txt,init_rc_map_geekbox,1.271102,0,0
3,run2_initcall.txt,init_rc_map_genius_tvgo_a11mce,1.273207,0,0
3,run2_initcall.txt,init_rc_map_gotview7135,1.275308,0,0
3,run2_initcall.txt,init_rc_map_rc5_hauppauge_new,1.277417,0,0
3,run2_initcall.txt,init_rc_map_hisi_poplar,1.279543,0,0
3,run2_initcall.txt,init_rc_map_hisi_tv_demo,1.281617,0,0
3,run2_initcall.txt,init_rc_map_imon_mce,1.28374,0,0
3,run2_initcall.txt,init_rc_map_imon_pad,1.285869,0,0
3,run2_initcall.txt,init_rc_map_imon_rsc,1.287989,0,0
3,run2_initcall.txt,init_rc_map_iodata_bctv7e,1.290081,0,0
3,run2_initcall.txt,init_rc_it913x_v1_map,1.292186,0,0
3,run2_initcall.txt,init_rc_it913x_v2_map,1.294282,0,0
3,run2_initcall.txt,init_rc_map_kaiomy,1.296433,0,0
3,run2_initcall.txt,init_rc_map_khadas,1.298489,0,0
3,run2_initcall.txt,init_rc_map_khamsin,1.300573,0,0
3,run2_initcall.txt,init_rc_map_kworld_315u,1.302652,0,0
3,run2_initcall.txt,init_rc_map_kworld_pc150u,1.304717,0,0
3,run2_initcall.txt,init_rc_map_kworld_plus_tv_analog,1.306799,0,0
3,run2_initcall.txt,init_rc_map_leadtek_y04g0051,1.30888,0,0
3,run2_initcall.txt,init_rc_lme2510_map,1.310973,0,0
3,run2_initcall.txt,init_rc_map_manli,1.313079,0,0
3,run2_initcall.txt,init_rc_map_mecool_kiii_pro,1.315148,0,0
3,run2_initcall.txt,init_rc_map_mecool_kii_pro,1.317258,0,0
3,run2_initcall.txt,init_rc_map_medion_x10_digitainer,1.319365,0,0
3,run2_initcall.txt,init_rc_map_medion_x10,1.321465,0,0
3,run2_initcall.txt,init_rc_map_medion_x10_or2x,1.323562,0,0
3,run2_initcall.txt,init_rc_map_minix_neo,1.325659,0,0
3,run2_initcall.txt,init_rc_map_msi_digivox_iii,1.327773,0,0
3,run2_initcall.txt,init_rc_map_msi_digivox_ii,1.32989,0,0
3,run2_initcall.txt,init_rc_map_msi_tvanywhere,1.331962,0,0
3,run2_initcall.txt,init_rc_map_msi_tvanywhere_plus,1.334072,0,0
3,run2_initcall.txt,init_rc_map_mygica_utv3,1.336189,0,0
3,run2_initcall.txt,init_rc_map_nebula,1.338313,0,0
3,run2_initcall.txt,init_rc_map_nec_terratec_cinergy_xs,1.340421,0,0
3,run2_initcall.txt,init_rc_map_norwood,1.342532,0,0
3,run2_initcall.txt,init_rc_map_npgtech,1.344625,0,0
3,run2_initcall.txt,init_rc_map_odroid,1.346724,0,0
3,run2_initcall.txt,init_rc_map_pctv_sedna,1.348762,0,0
3,run2_initcall.txt,init_rc_map_pine64,1.351963,0,1105
3,run2_initcall.txt,init_rc_map_pinnacle_color,1.354115,0,0
3,run2_initcall.txt,init_rc_map_pinnacle_grey,1.356288,0,0
3,run2_initcall.txt,init_rc_map_pinnacle_pctv_hd,1.358425,0,0
3,run2_initcall.txt,init_rc_map_pixelview,1.360563,0,0
3,run2_initcall.txt,init_rc_map_pixelview,1.362709,0,0
3,run2_initcall.txt,init_rc_map_pixelview_new,1.364817,0,0
3,run2_initcall.txt,init_rc_map_pixelview,1.366974,0,0
3,run2_initcall.txt,init_rc_map_powercolor_real_angel,1.369127,0,0
3,run2_initcall.txt,init_rc_map_proteus_2309,1.371286,0,0
3,run2_initcall.txt,init_rc_map_purpletv,1.373449,0,0
3,run2_initcall.txt,init_rc_map_pv951,1.375605,0,0
3,run2_initcall.txt,init_rc_map_rc6_mce,1.377745,0,0
3,run2_initcall.txt,init_rc_map_real_audio_220_32_keys,1.379894,0,0
3,run2_initcall.txt,init_rc_map_reddo,1.381994,0,0
3,run2_initcall.txt,init_rc_map_siemens_gigaset_rc20,1.384141,0,0
3,run2_initcall.txt,init_rc_map_snapstream_firefly,1.386296,0,0
3,run2_initcall.txt,init_rc_map_streamzap,1.388463,0,0
3,run2_initcall.txt,init_rc_map_su3000,1.390636,0,0
3,run2_initcall.txt,init_rc_map_tanix_tx3mini,1.392791,0,0
3,run2_initcall.txt,init_rc_map_tanix_tx5max,1.394947,0,0
3,run2_initcall.txt,init_rc_map_tbs_nec,1.397096,0,0
3,run2_initcall.txt,init_rc_map,1.399246,0,0
3,run2_initcall.txt,init_rc_map,1.401429,0,0
3,run2_initcall.txt,init_rc_map_terratec_cinergy_c_pci,1.403632,0,0
3,run2_initcall.txt,init_rc_map_terratec_cinergy_s2_hd,1.405816,0,0
3,run2_initcall.txt,init_rc_map_terratec_cinergy_xs,1.408013,0,0
3,run2_initcall.txt,init_rc_map_terratec_slim_2,1.410185,0,0
3,run2_initcall.txt,init_rc_map_terratec_slim,1.412374,0,0
3,run2_initcall.txt,init_rc_map_tevii_nec,1.41453,0,0
3,run2_initcall.txt,init_rc_map_tivo,1.41673,0,0
3,run2_initcall.txt,init_rc_map_total_media_in_hand_02,1.418919,0,0
3,run2_initcall.txt,init_rc_map_total_media_in_hand,1.421086,0,0
3,run2_initcall.txt,init_rc_map_trekstor,1.423265,0,0
3,run2_initcall.txt,init_rc_map_tt_1500,1.42543,0,0
3,run2_initcall.txt,init_rc_map_twinhan_vp1027,1.42761,0,0
3,run2_initcall.txt,init_rc_map_twinhan_dtv_cab_ci,1.429778,0,0
3,run2_initcall.txt,init_rc_map_vega_s9x,1.431912,0,0
3,run2_initcall.txt,init_rc_map_videomate_k100,1.434081,0,0
3,run2_initcall.txt,init_rc_map_videomate_s350,1.436244,0,0
3,run2_initcall.txt,init_rc_map_videomate_tv_pvr,1.438391,0,0
3,run2_initcall.txt,init_rc_map_kii_pro,1.440527,0,0
3,run2_initcall.txt,init_rc_map_wetek_hub,1.442664,0,0
3,run2_initcall.txt,init_rc_map_wetek_play2,1.444803,0,0
3,run2_initcall.txt,init_rc_map_winfast,1.446943,0,0
3,run2_initcall.txt,init_rc_map_winfast_usbii_deluxe,1.449053,0,0
3,run2_initcall.txt,init_rc_map_x96max,1.45144,0,226
3,run2_initcall.txt,init_rc_map,1.453595,0,0
3,run2_initcall.txt,init_rc_map,1.455738,0,0
3,run2_initcall.txt,init_rc_map_zx_irdec,1.457866,0,0
3,run2_initcall.txt,ptp_kvm_init,1.460003,-95,0
3,run2_initcall.txt,gpio_poweroff_driver_init,1.462225,0,82
3,run2_initcall.txt,bcm2711_thermal_driver_init,1.465771,0,1397
3,run2_initcall.txt,bcm2835_thermal_driver_init,1.467997,0,58
3,run2_initcall.txt,bcm2835_wdt_driver_init,1.470188,0,29
3,run2_initcall.txt,dt_cpufreq_platdrv_init,1.472404,0,26
3,run2_initcall.txt,brcm_avs_cpufreq_platdrv_init,1.474651,0,42
3,run2_initcall.txt,raspberrypi_cpufreq_driver_init,1.479872,0,3002
3,run2_initcall.txt,mmc_pwrseq_simple_driver_init,1.482139,0,68
3,run2_initcall.txt,mmc_pwrseq_emmc_driver_init,1.484429,0,39
3,run2_initcall.txt,mmc_blk_init,1.486934,0,229
3,run2_initcall.txt,sdhci_drv_init,1.491482,0,2282
3,run2_initcall.txt,bcm2835_mmc_driver_init,1.495012,0,1218
3,run2_initcall.txt,bcm2835_driver_init,1.499645,0,45
3,run2_initcall.txt,sdhci_pltfm_drv_init,1.504446,0,1243
3,run2_initcall.txt,sdhci_iproc_driver_init,1.509359,0,116
3,run2_initcall.txt,sdhci_brcmstb_driver_init,1.509438,0,66
3,run2_initcall.txt,esrt_sysfs_init,1.509449,-38,0
3,run2_initcall.txt,smccc_devices_init,1.509473,0,0
3,run2_initcall.txt,smccc_soc_init,1.509483,0,1
3,run2_initcall.txt,arch_timer_mmio_drv_init,1.509533,0,39
3,run2_initcall.txt,arch_timer_mmio_acpi_drv_init,1.509569,0,24
3,run2_initcall.txt,hid_init,1.509642,0,63
3,run2_initcall.txt,hid_generic_init,1.509689,0,35
3,run2_initcall.txt,hid_init,1.509741,0,41
3,run2_initcall.txt,vchiq_driver_init,1.524834,0,15081
3,run2_initcall.txt,bcm74110_mbox_driver_init,1.547086,0,84
3,run2_initcall.txt,extcon_class_init,1.549415,0,7
3,run2_initcall.txt,armv8_pmu_driver_init,1.554897,0,3124
3,run2_initcall.txt,binder_init,1.557326,0,67
3,run2_initcall.txt,rpi_otp_driver_init,1.56353,0,3839
3,run2_initcall.txt,sock_diag_init,1.565813,0,35
3,run2_initcall.txt,blackhole_init,1.568109,0,1
3,run2_initcall.txt,cls_bpf_init_mod,1.570368,0,1
3,run2_initcall.txt,gre_offload_init,1.572637,0,0
3,run2_initcall.txt,sysctl_ipv4_init,1.574949,0,82
3,run2_initcall.txt,cubictcp_register,1.577144,0,2
3,run2_initcall.txt,packet_init,1.580429,0,1103
3,run2_initcall.txt,init_rpcsec_gss,1.582616,0,17
3,run2_initcall.txt,init_kerberos_module,1.58482,0,4
3,run2_initcall.txt,dcbnl_init,1.58704,0,2
3,run2_initcall.txt,init_dns_resolver,1.59033,0,1098
3,run2_initcall.txt,handshake_init,1.592588,0,33
3,run2_initcall.txt,check_mmu_enabled_at_boot,1.594832,0,0
3,run2_initcall.txt,finalize_pkvm,1.597061,0,0
3,run2_initcall.txt,kernel_do_mounts_initrd_sysctls_init,1.600508,0,7
3,run2_initcall.txt,kernel_panic_sysctls_init,1.602782,0,12
3,run2_initcall.txt,kernel_panic_sysfs_init,1.605059,0,5
3,run2_initcall.txt,kernel_exit_sysctls_init,1.607353,0,2
3,run2_initcall.txt,kernel_exit_sysfs_init,1.609648,0,2
3,run2_initcall.txt,param_sysfs_builtin_init,1.622072,0,10104
3,run2_initcall.txt,reboot_ksysfs_init,1.624488,0,23
3,run2_initcall.txt,sched_core_sysctl_init,1.627049,0,209
3,run2_initcall.txt,sched_fair_sysctl_init,1.629348,0,2
3,run2_initcall.txt,sched_rt_sysctl_init,1.631625,0,3
3,run2_initcall.txt,sched_dl_sysctl_init,1.633888,0,2
3,run2_initcall.txt,sched_init_debug,1.637056,0,84
3,run2_initcall.txt,cpu_latency_qos_init,1.639463,0,160
3,run2_initcall.txt,printk_late_init,1.64169,0,25
3,run2_initcall.txt,init_srcu_module_notifier,1.643987,0,2
3,run2_initcall.txt,kernel_rcu_stall_sysfs_init,1.646246,0,3
3,run2_initcall.txt,swiotlb_create_default_debugfs,1.648513,0,9
3,run2_initcall.txt,tk_debug_sleep_time_init,1.650909,0,83
3,run2_initcall.txt,bpf_ksym_iter_register,1.653242,0,0
3,run2_initcall.txt,kernel_acct_sysctls_init,1.655582,0,4
3,run2_initcall.txt,bpf_rstat_kfunc_init,1.657922,0,2
3,run2_initcall.txt,debugfs_kprobe_init,1.660291,0,24
3,run2_initcall.txt,kernel_delayacct_sysctls_init,1.662627,0,4
3,run2_initcall.txt,taskstats_init,1.666088,0,1178
3,run2_initcall.txt,ftrace_sysctl_init,1.668418,0,2
3,run2_initcall.txt,bpf_kprobe_multi_kfuncs_init,1.670733,0,0
3,run2_initcall.txt,kdb_ftrace_register,1.67304,0,13
3,run2_initcall.txt,bpf_global_ma_init,1.675441,0,98
3,run2_initcall.txt,bpf_syscall_sysctl_init,1.677753,0,5
3,run2_initcall.txt,unbound_reg_init,1.680051,0,0
3,run2_initcall.txt,kfunc_init,1.682283,0,1
3,run2_initcall.txt,bpf_map_iter_init,1.684582,0,0
3,run2_initcall.txt,init_subsystem,1.686873,0,0
3,run2_initcall.txt,task_iter_init,1.689142,0,0
3,run2_initcall.txt,bpf_prog_iter_init,1.691643,0,236
3,run2_initcall.txt,bpf_link_iter_init,1.693894,0,0
3,run2_initcall.txt,init_trampolines,1.696142,0,2
3,run2_initcall.txt,rqspinlock_register_kfuncs,1.698321,0,0
3,run2_initcall.txt,kfunc_init,1.700545,0,0
3,run2_initcall.txt,bpf_cgroup_iter_init,1.702771,0,0
3,run2_initcall.txt,cpumask_kfunc_init,1.705005,0,9
3,run2_initcall.txt,crypto_kfunc_init,1.707255,0,5
3,run2_initcall.txt,bpf_kmem_cache_iter_init,1.709502,0,0
3,run2_initcall.txt,dmabuf_iter_init,1.71175,0,0
3,run2_initcall.txt,load_system_certificate_list,1.715055,0,1102
3,run2_initcall.txt,init_lru_gen,1.717321,0,16
3,run2_initcall.txt,vmstat_late_init,1.719574,0,2
3,run2_initcall.txt,fault_around_debugfs,1.721798,0,3
3,run2_initcall.txt,slab_sysfs_init,1.727981,0,3961
3,run2_initcall.txt,max_swapfiles_check,1.730228,0,0
3,run2_initcall.txt,zswap_init,1.732452,0,0
3,run2_initcall.txt,mempolicy_sysfs_init,1.7347,0,19
3,run2_initcall.txt,memory_tier_late_init,1.739255,0,2328
3,run2_initcall.txt,check_early_ioremap_leak,1.741474,0,0
3,run2_initcall.txt,mg_debugfs_init,1.743721,0,16
3,run2_initcall.txt,fscrypt_init,1.748192,0,2248
3,run2_initcall.txt,pstore_init,1.750398,0,11
3,run2_initcall.txt,init_root_keyring,1.752633,0,33
3,run2_initcall.txt,init_profile_hash,1.754869,0,8
3,run2_initcall.txt,integrity_fs_init,1.757091,0,8
3,run2_initcall.txt,crypto_algapi_init,1.75932,0,9
3,run2_initcall.txt,blk_timeout_init,1.761522,0,0
3,run2_initcall.txt,depot_debugfs_init,1.763747,0,6
3,run2_initcall.txt,pci_resource_alignment_sysfs_init,1.76596,0,5
3,run2_initcall.txt,pci_sysfs_init,1.768231,0,12
3,run2_initcall.txt,clk_debug_init,1.770912,0,418
3,run2_initcall.txt,genpd_debug_init,1.773523,0,344
3,run2_initcall.txt,sync_state_resume_initcall,1.775818,0,1
3,run2_initcall.txt,deferred_probe_initcall,1.843583,0,65487
3,run2_initcall.txt,efi_shutdown_init,1.845842,-19,0
3,run2_initcall.txt,efi_earlycon_unmap_fb,1.847957,0,2
3,run2_initcall.txt,psci_debugfs_init,1.850062,0,0
3,run2_initcall.txt,of_cfs_init,1.854288,0,2115
3,run2_initcall.txt,of_fdt_raw_init,1.856374,0,27
3,run2_initcall.txt,bpf_kfunc_init,1.858448,0,11
3,run2_initcall.txt,init_subsystem,1.860518,0,0
3,run2_initcall.txt,xdp_metadata_init,1.862581,0,0
3,run2_initcall.txt,bpf_sockmap_iter_init,1.864603,0,1
3,run2_initcall.txt,bpf_sk_storage_map_iter_init,1.86667,0,0
3,run2_initcall.txt,bpf_prog_test_run_init,1.868758,0,1
3,run2_initcall.txt,bpf_dummy_struct_ops_init,1.870829,0,0
3,run2_initcall.txt,tcp_congestion_default,1.872888,0,1
3,run2_initcall.txt,inet_blackhole_dev_init,1.874955,0,13
3,run2_initcall.txt,ip_auto_config,1.877016,0,9
3,run2_initcall.txt,tcp_bpf_v4_build_proto,1.879064,0,1
3,run2_initcall.txt,udp_bpf_v4_build_proto,1.881029,0,0
3,run2_initcall.txt,bpf_tcp_ca_kfunc_init,1.883036,0,5
3,run2_initcall.txt,bpf_mptcp_kfunc_init,1.885037,0,0
3,run2_initcall.txt,latency_fsnotify_init,1.887084,0,41
3,run2_initcall.txt,trace_eval_sync,1.891102,0,17
3,run2_initcall.txt,late_trace_init,1.893161,0,0
3,run2_initcall.txt,fb_logo_late_init,1.895262,0,0
3,run2_initcall.txt,amba_stub_drv_init,1.897396,0,26
3,run2_initcall.txt,clk_disable_unused,1.904419,0,4836
3,run2_initcall.txt,genpd_power_off_unused,1.907756,0,1122
3,run2_initcall.txt,regulator_init_complete,1.910031,0,2
3,run2_initcall.txt,of_platform_sync_state_init,1.912309,0,14
4,run3_initcall.txt,default_bdi_init,0.051691,0,0
4,run3_initcall.txt,cgwb_init,0.051719,0,0
4,run3_initcall.txt,percpu_enable_async,0.051737,0,0
4,run3_initcall.txt,kcompactd_init,0.051848,0,0
4,run3_initcall.txt,init_mm_sysctl,0.05187,0,0
4,run3_initcall.txt,init_user_reserve,0.051889,0,0
4,run3_initcall.txt,init_admin_reserve,0.051905,0,0
4,run3_initcall.txt,init_reserve_notifier,0.051921,0,0
4,run3_initcall.txt,swap_init,0.051944,0,0
4,run3_initcall.txt,swapfile_init,0.051972,0,0
4,run3_initcall.txt,memory_tier_init,0.052021,0,0
4,run3_initcall.txt,numa_init_sysfs,0.052039,0,0
4,run3_initcall.txt,mem_cgroup_swap_init,0.052053,0,0
4,run3_initcall.txt,init_msg_buckets,0.05207,0,0
4,run3_initcall.txt,init_bio,0.052118,0,0
4,run3_initcall.txt,blk_ioc_init,0.052135,0,0
4,run3_initcall.txt,blk_mq_init,0.052149,0,0
4,run3_initcall.txt,genhd_device_init,0.052279,0,4000
4,run3_initcall.txt,blkcg_punt_bio_init,0.052376,0,0
4,run3_initcall.txt,blk_integrity_auto_init,0.052448,0,0
4,run3_initcall.txt,io_wq_init,0.052466,0,0
4,run3_initcall.txt,crc_t10dif_mod_init,0.052488,0,0
4,run3_initcall.txt,sha256_mod_init,0.052505,0,0
4,run3_initcall.txt,sha512_mod_init,0.052519,0,0
4,run3_initcall.txt,sg_pool_init,0.052548,0,0
4,run3_initcall.txt,gpiolib_debugfs_init,0.052567,0,0
4,run3_initcall.txt,stmpe_gpio_init,0.052667,0,0
4,run3_initcall.txt,pwm_init,0.052692,0,0
4,run3_initcall.txt,leds_init,0.052722,0,0
4,run3_initcall.txt,pci_slot_init,0.052745,0,0
4,run3_initcall.txt,fbmem_init,0.052805,0,0
4,run3_initcall.txt,bcm2835_dma_init,0.053524,0,0
4,run3_initcall.txt,regulator_fixed_voltage_init,0.053607,0,0
4,run3_initcall.txt,gpio_regulator_init,0.053668,0,0
4,run3_initcall.txt,init_sysrq_sysctl,0.053698,0,0
4,run3_initcall.txt,misc_init,0.053728,0,0
4,run3_initcall.txt,iommu_subsys_init,0.053758,0,0
4,run3_initcall.txt,register_cpu_capacity_sysctl,0.054157,0,0
4,run3_initcall.txt,dma_buf_init,0.054231,0,0
4,run3_initcall.txt,dma_heap_init,0.05426,0,0
4,run3_initcall.txt,init_scsi,0.054429,0,0
4,run3_initcall.txt,mdio_bus_init,0.054484,0,0
4,run3_initcall.txt,phy_init,0.05453,0,0
4,run3_initcall.txt,usb_common_init,0.054552,0,0
4,run3_initcall.txt,usb_init,0.054659,0,0
4,run3_initcall.txt,usb_phy_generic_init,0.054821,0,0
4,run3_initcall.txt,usb_udc_init,0.054855,0,0
4,run3_initcall.txt,usb_roles_init,0.05488,0,0
4,run3_initcall.txt,input_init,0.054908,0,0
4,run3_initcall.txt,rtc_init,0.054928,0,0
4,run3_initcall.txt,rc_core_init,0.054953,0,0
4,run3_initcall.txt,pps_init,0.054982,0,0
4,run3_initcall.txt,ptp_init,0.055007,0,0
4,run3_initcall.txt,power_supply_class_init,0.055035,0,0
4,run3_initcall.txt,hwmon_init,0.055054,0,0
4,run3_initcall.txt,mmc_init,0.055093,0,0
4,run3_initcall.txt,dmi_init,0.055108,0,0
4,run3_initcall.txt,efisubsys_init,0.055123,0,0
4,run3_initcall.txt,arm_pmu_hp_init,0.055143,0,0
4,run3_initcall.txt,ras_init,0.055166,0,0
4,run3_initcall.txt,nvmem_init,0.055207,0,0
4,run3_initcall.txt,init_soundcore,0.05523,0,0
4,run3_initcall.txt,proto_init,0.055251,0,0
4,run3_initcall.txt,net_dev_init,0.055475,0,0
4,run3_initcall.txt,neigh_init,0.055498,0,0
4,run3_initcall.txt,fib_notifier_init,0.055516,0,0
4,run3_initcall.txt,netdev_genl_init,0.055558,0,0
4,run3_initcall.txt,page_pool_user_init,0.055577,0,0
4,run3_initcall.txt,fib_rules_init,0.055596,0,0
4,run3_initcall.txt,init_cgroup_netprio,0.055616,0,0
4,run3_initcall.txt,bpf_lwt_init,0.055633,0,0
4,run3_initcall.txt,pktsched_init,0.055655,0,0
4,run3_initcall.txt,tc_filter_init,0.055688,0,0
4,run3_initcall.txt,tc_action_init,0.055707,0,0
4,run3_initcall.txt,ethnl_init,0.05578,0,0
4,run3_initcall.txt,nexthop_init,0.055802,0,0
4,run3_initcall.txt,devlink_init,0.055881,0,0
4,run3_initcall.txt,wireless_nlevent_init,0.0559,0,0
4,run3_initcall.txt,vsprintf_init_hashval,0.055918,0,0
4,run3_initcall.txt,init_32bit_el0_mask,0.055934,0,0
4,run3_initcall.txt,vga_arb_device_init,0.056077,0,0
4,run3_initcall.txt,watchdog_init,0.056187,0,0
4,run3_initcall.txt,create_debug_debugfs_entry,0.056295,0,0
4,run3_initcall.txt,iomem_init_inode,0.056338,0,0
4,run3_initcall.txt,clocksource_done_booting,0.056388,0,12
4,run3_initcall.txt,tracer_init_tracefs,0.056414,0,8
4,run3_initcall.txt,init_trace_printk_function_export,0.056494,0,65
4,run3_initcall.txt,init_graph_tracefs,0.056515,0,2
4,run3_initcall.txt,bpf_event_init,0.056531,0,1
4,run3_initcall.txt,init_kprobe_trace,0.458655,0,402104
4,run3_initcall.txt,init_dynamic_event,0.458745,0,16
4,run3_initcall.txt,bpf_init,0.458791,0,18
4,run3_initcall.txt,secretmem_init,0.458859,0,50
4,run3_initcall.txt,init_fs_stat_sysctls,0.458887,0,12
4,run3_initcall.txt,init_fs_exec_sysctls,0.458904,0,2
4,run3_initcall.txt,init_pipe_fs,0.458956,0,37
4,run3_initcall.txt,init_fs_namei_sysctls,0.458978,0,3
4,run3_initcall.txt,init_fs_dcache_sysctls,0.459001,0,7
4,run3_initcall.txt,init_fs_namespace_sysctls,0.459017,0,1
4,run3_initcall.txt,cgroup_writeback_init,0.459045,0,8
4,run3_initcall.txt,inotify_user_setup,0.459076,0,16
4,run3_initcall.txt,eventpoll_init,0.459111,0,19
4,run3_initcall.txt,anon_inode_init,0.459144,0,16
4,run3_initcall.txt,proc_locks_init,0.459166,0,5
4,run3_initcall.txt,backing_aio_init,0.459184,0,2
4,run3_initcall.txt,init_fs_coredump_sysctls,0.459208,0,8
4,run3_initcall.txt,init_vm_drop_caches_sysctls,0.459227,0,2
4,run3_initcall.txt,iomap_dio_init,0.459269,0,24
4,run3_initcall.txt,iomap_ioend_init,0.45931,0,26
4,run3_initcall.txt,dquot_init,0.459505,0,177
4,run3_initcall.txt,proc_cmdline_init,0.45953,0,2
4,run3_initcall.txt,proc_consoles_init,0.459548,0,1
4,run3_initcall.txt,proc_cpuinfo_init,0.459565,0,1
4,run3_initcall.txt,proc_devices_init,0.459582,0,1
4,run3_initcall.txt,proc_interrupts_init,0.4596,0,1
4,run3_initcall.txt,proc_loadavg_init,0.459617,0,0
4,run3_initcall.txt,proc_meminfo_init,0.459633,0,0
4,run3_initcall.txt,proc_stat_init,0.45965,0,1
4,run3_initcall.txt,proc_uptime_init,0.45967,0,4
4,run3_initcall.txt,proc_version_init,0.459687,0,1
4,run3_initcall.txt,proc_softirqs_init,0.459704,0,1
4,run3_initcall.txt,proc_kmsg_init,0.45972,0,1
4,run3_initcall.txt,proc_page_init,0.45974,0,2
4,run3_initcall.txt,init_ramfs_fs,0.459757,0,1
4,run3_initcall.txt,aa_create_aafs,0.459775,0,0
4,run3_initcall.txt,chr_dev_init,0.462816,0,3020
4,run3_initcall.txt,hwrng_modinit,0.462907,0,51
4,run3_initcall.txt,firmware_class_init,0.462927,0,1
4,run3_initcall.txt,sysctl_core_init,0.462975,0,30
4,run3_initcall.txt,eth_offload_init,0.463001,0,0
4,run3_initcall.txt,ipv4_offload_init,0.463018,0,1
4,run3_initcall.txt,inet_init,0.466832,0,3800
4,run3_initcall.txt,af_unix_init,0.46688,0,21
4,run3_initcall.txt,ipv6_offload_init,0.466897,0,2
4,run3_initcall.txt,init_sunrpc,0.467279,0,366
4,run3_initcall.txt,vlan_offload_init,0.467304,0,0
4,run3_initcall.txt,pci_apply_final_quirks,0.467334,0,11
4,run3_initcall.txt,populate_rootfs,0.467359,0,7
4,run3_initcall.txt,register_arm64_panic_block,0.467472,0,1
4,run3_initcall.txt,cpuinfo_regs_init,0.467579,0,91
4,run3_initcall.txt,aarch32_el0_sysfs_init,0.467597,0,0
4,run3_initcall.txt,kvm_arm_init,0.471333,0,3717
4,run3_initcall.txt,proc_execdomains_init,0.471378,0,5
4,run3_initcall.txt,register_warn_debugfs,0.471409,0,4
4,run3_initcall.txt,cpuhp_sysfs_init,0.471453,0,24
4,run3_initcall.txt,ioresources_init,0.471475,0,5
4,run3_initcall.txt,psi_proc_init,0.47149,0,0
4,run3_initcall.txt,irq_gc_init_ops,0.471505,0,0
4,run3_initcall.txt,irq_debugfs_init,0.471592,0,72
4,run3_initcall.txt,proc_modules_init,0.471611,0,2
4,run3_initcall.txt,timer_sysctl_init,0.471637,0,10
4,run3_initcall.txt,timekeeping_init_ops,0.471654,0,0
4,run3_initcall.txt,init_clocksource_sysfs,0.471729,0,58
4,run3_initcall.txt,init_timer_list_procfs,0.47175,0,1
4,run3_initcall.txt,alarmtimer_init,0.471824,0,57
4,run3_initcall.txt,clockevents_init_sysfs,0.471959,0,117
4,run3_initcall.txt,sched_clock_syscore_init,0.471979,0,0
4,run3_initcall.txt,kallsyms_init,0.471997,0,1
4,run3_initcall.txt,pid_namespaces_init,0.472037,0,22
4,run3_initcall.txt,audit_watch_init,0.472058,0,1
4,run3_initcall.txt,audit_fsnotify_init,0.472075,0,0
4,run3_initcall.txt,audit_tree_init,0.472098,0,5
4,run3_initcall.txt,seccomp_sysctl_init,0.47212,0,4
4,run3_initcall.txt,utsname_sysctl_init,0.472144,0,6
4,run3_initcall.txt,init_tracepoints,0.472163,0,2
4,run3_initcall.txt,init_lstats_procfs,0.472184,0,3
4,run3_initcall.txt,stack_trace_init,0.472223,0,24
4,run3_initcall.txt,init_blk_tracer,0.472255,0,15
4,run3_initcall.txt,perf_event_sysfs_init,0.472359,0,87
4,run3_initcall.txt,system_trusted_keyring_init,0.472415,0,16
4,run3_initcall.txt,kswapd_init,0.472615,0,182
4,run3_initcall.txt,extfrag_debug_init,0.47264,0,7
4,run3_initcall.txt,mm_compute_batch_init,0.472657,0,0
4,run3_initcall.txt,slab_proc_init,0.472678,0,3
4,run3_initcall.txt,workingset_init,0.472704,0,9
4,run3_initcall.txt,proc_vmalloc_init,0.472722,0,1
4,run3_initcall.txt,memblock_init_debugfs,0.472758,0,18
4,run3_initcall.txt,slab_debugfs_init,0.472782,0,5
4,run3_initcall.txt,procswaps_init,0.472801,0,1
4,run3_initcall.txt,zs_init,0.472817,0,0
4,run3_initcall.txt,fcntl_init,0.472833,0,3
4,run3_initcall.txt,proc_filesystems_init,0.47285,0,1
4,run3_initcall.txt,start_dirtytime_writeback,0.472871,0,5
4,run3_initcall.txt,dio_init,0.472888,0,1
4,run3_initcall.txt,dnotify_init,0.472919,0,16
4,run3_initcall.txt,fanotify_user_setup,0.472944,0,9
4,run3_initcall.txt,aio_setup,0.472997,0,37
4,run3_initcall.txt,mbcache_init,0.47302,0,5
4,run3_initcall.txt,init_grace,0.473038,0,2
4,run3_initcall.txt,init_devpts_fs,0.473063,0,8
4,run3_initcall.txt,ext4_init_fs,0.473158,0,78
4,run3_initcall.txt,journal_init,0.473192,0,15
4,run3_initcall.txt,init_fat_fs,0.473214,0,5
4,run3_initcall.txt,init_vfat_fs,0.473231,0,0
4,run3_initcall.txt,init_msdos_fs,0.473248,0,0
4,run3_initcall.txt,init_nfs_fs,0.473405,0,140
4,run3_initcall.txt,init_nfs_v2,0.473427,0,0
4,run3_initcall.txt,init_nfs_v3,0.473443,0,0
4,run3_initcall.txt,init_nfs_v4,0.473492,0,32
4,run3_initcall.txt,nfs4filelayout_init,0.473516,0,6
4,run3_initcall.txt,nfs4flexfilelayout_init,0.47354,0,6
4,run3_initcall.txt,init_nlm,0.473585,0,28
4,run3_initcall.txt,init_nls_cp437,0.473604,0,0
4,run3_initcall.txt,init_nls_ascii,0.473621,0,0
4,run3_initcall.txt,init_autofs_fs,0.47373,0,90
4,run3_initcall.txt,init_f2fs_fs,0.473878,0,129
4,run3_initcall.txt,ipc_init,0.473913,0,15
4,run3_initcall.txt,ipc_sysctl_init,0.473952,0,20
4,run3_initcall.txt,init_mqueue_fs,0.474009,0,38
4,run3_initcall.txt,key_proc_init,0.474031,0,3
4,run3_initcall.txt,bpf_crypto_skcipher_init,0.474048,0,0
4,run3_initcall.txt,dh_init,0.474065,0,3
4,run3_initcall.txt,rsa_init,0.474081,0,1
4,run3_initcall.txt,cryptomgr_init,0.474094,0,0
4,run3_initcall.txt,hmac_module_init,0.474108,0,0
4,run3_initcall.txt,crypto_sha256_mod_init,0.474125,0,4
4,run3_initcall.txt,crypto_ecb_module_init,0.474139,0,0
4,run3_initcall.txt,crypto_cbc_module_init,0.474153,0,0
4,run3_initcall.txt,crypto_cts_module_init,0.474166,0,0
4,run3_initcall.txt,xts_module_init,0.47418,0,0
4,run3_initcall.txt,des_generic_mod_init,0.474196,0,1
4,run3_initcall.txt,aes_init,0.47421,0,0
4,run3_initcall.txt,lzo_mod_init,0.474224,0,1
4,run3_initcall.txt,lzorle_mod_init,0.474238,0,0
4,run3_initcall.txt,asymmetric_key_init,0.474256,0,5
4,run3_initcall.txt,x509_key_init,0.474275,0,5
4,run3_initcall.txt,crypto_kdf108_init,0.474289,0,0
4,run3_initcall.txt,blkdev_init,0.474318,0,15
4,run3_initcall.txt,proc_genhd_init,0.474336,0,2
4,run3_initcall.txt,bsg_init,0.474365,0,16
4,run3_initcall.txt,throtl_init,0.474453,0,73
4,run3_initcall.txt,deadline_init,0.474475,0,5
4,run3_initcall.txt,kyber_init,0.474494,0,5
4,run3_initcall.txt,bfq_init,0.474528,0,20
4,run3_initcall.txt,io_uring_init,0.474565,0,23
4,run3_initcall.txt,btree_module_init,0.474585,0,2
4,run3_initcall.txt,percpu_counter_startup,0.474646,0,46
4,run3_initcall.txt,audit_classes_init,0.474669,0,5
4,run3_initcall.txt,gicv5_iwb_platform_driver_init,0.474771,0,86
4,run3_initcall.txt,mip_msi_driver_init,0.474825,0,35
4,run3_initcall.txt,bcm7038_l1_driver_init,0.474876,0,34
4,run3_initcall.txt,bcm7120_l2_driver_init,0.474933,0,39
4,run3_initcall.txt,brcmstb_l2_driver_init,0.475219,0,269
4,run3_initcall.txt,simple_pm_bus_driver_init,0.475873,0,633
4,run3_initcall.txt,phy_core_init,0.475908,0,15
4,run3_initcall.txt,brcm_usb_driver_init,0.476001,0,75
4,run3_initcall.txt,rp1_pinctrl_driver_init,0.476052,0,34
4,run3_initcall.txt,bcm2835_pinctrl_driver_init,0.476923,0,853
4,run3_initcall.txt,bcm2712_pinctrl_driver_init,0.47701,0,57
4,run3_initcall.txt,brcmvirt_gpio_driver_init,0.477069,0,39
4,run3_initcall.txt,brcmstb_gpio_driver_init,0.477122,0,35
4,run3_initcall.txt,rpi_exp_gpio_driver_init,0.477523,0,383
4,run3_initcall.txt,brcmstb_pwm_driver_init,0.47758,0,37
4,run3_initcall.txt,rp1_pwm_driver_init,0.477633,0,35
4,run3_initcall.txt,gpio_led_driver_init,0.479383,0,1732
4,run3_initcall.txt,led_pwm_driver_init,0.479449,0,46
4,run3_initcall.txt,timer_led_trigger_init,0.479469,0,1
4,run3_initcall.txt,oneshot_led_trigger_init,0.479486,0,0
4,run3_initcall.txt,heartbeat_trig_init,0.479508,0,2
4,run3_initcall.txt,bl_led_trigger_init,0.479524,0,0
4,run3_initcall.txt,ledtrig_cpu_init,0.479602,0,62
4,run3_initcall.txt,defon_led_trigger_init,0.479664,0,40
4,run3_initcall.txt,input_trig_init,0.479684,0,1
4,run3_initcall.txt,ledtrig_panic_init,0.479701,0,1
4,run3_initcall.txt,actpwr_trig_init,0.479896,0,176
4,run3_initcall.txt,pcie_portdrv_init,0.479978,0,59
4,run3_initcall.txt,pci_proc_init,0.480004,0,8
4,run3_initcall.txt,brcm_pcie_driver_init,0.59342,0,113399
4,run3_initcall.txt,bcm2708_fb_init,0.593513,0,68
4,run3_initcall.txt,simplefb_driver_init,0.600463,0,6931
4,run3_initcall.txt,of_fixed_factor_clk_driver_init,0.600556,0,38
4,run3_initcall.txt,of_fixed_clk_driver_init,0.600643,0,34
4,run3_initcall.txt,gpio_clk_driver_init,0.600735,0,43
4,run3_initcall.txt,gated_fixed_clk_driver_init,0.600821,0,35
4,run3_initcall.txt,rp1_clk_driver_init,0.600906,0,35
4,run3_initcall.txt,rp1_sdio_clk_driver_init,0.600998,0,39
4,run3_initcall.txt,clk_dvp_driver_init,0.601185,0,138
4,run3_initcall.txt,bcm2835_aux_clk_driver_init,0.601301,0,65
4,run3_initcall.txt,raspberrypi_clk_driver_init,0.618738,0,17384
4,run3_initcall.txt,dw_driver_init,0.618837,0,49
4,run3_initcall.txt,bcm2835_power_driver_init,0.618908,0,22
4,run3_initcall.txt,rpi_power_driver_init,0.637298,0,18338
4,run3_initcall.txt,brcmstb_reset_driver_init,0.639306,0,44
4,run3_initcall.txt,brcm_rescal_reset_driver_init,0.641309,0,39
4,run3_initcall.txt,rpi_reset_driver_init,0.644279,0,1030
4,run3_initcall.txt,reset_simple_driver_init,0.646349,0,87
4,run3_initcall.txt,n_null_init,0.648299,0,0
4,run3_initcall.txt,pty_init,0.650347,0,89
4,run3_initcall.txt,sysrq_init,0.652303,0,14
4,run3_initcall.txt,serial8250_init,0.654266,-19,1
4,run3_initcall.txt,bcm2835aux_serial_driver_init,0.656253,0,44
4,run3_initcall.txt,brcmuart_init,0.658256,0,57
4,run3_initcall.txt,exar_pci_driver_init,0.660231,0,28
4,run3_initcall.txt,of_platform_serial_driver_init,0.662257,0,99
4,run3_initcall.txt,serial_pci_driver_init,0.664216,0,28
4,run3_initcall.txt,pericom8250_pci_driver_init,0.666176,0,21
4,run3_initcall.txt,init_kgdboc,0.669146,0,1042
4,run3_initcall.txt,random_sysctls_init,0.671088,0,16
4,run3_initcall.txt,ttyprintk_init,0.673101,0,62
4,run3_initcall.txt,bcm2835_rng_driver_init,0.675111,0,63
4,run3_initcall.txt,bcm74110_rng_driver_init,0.67714,0,39
4,run3_initcall.txt,iproc_rng200_driver_init,0.681486,0,2333
4,run3_initcall.txt,smccc_trng_driver_init,0.683625,0,27
4,run3_initcall.txt,vc_mem_init,0.687023,0,1223
4,run3_initcall.txt,vcio_driver_init,0.690723,0,1448
4,run3_initcall.txt,bcm2712_iommu_driver_init,0.693094,0,43
4,run3_initcall.txt,bcm2712_iommu_cache_driver_init,0.695466,0,39
4,run3_initcall.txt,topology_sysfs_init,0.697952,0,64
4,run3_initcall.txt,cacheinfo_sysfs_init,0.700646,0,247
4,run3_initcall.txt,devcoredump_init,0.703115,0,9
4,run3_initcall.txt,brd_init,0.710606,0,5058
4,run3_initcall.txt,loop_init,0.71685,0,3815
4,run3_initcall.txt,bcm2835_pm_driver_init,0.720579,0,1340
4,run3_initcall.txt,stmpe_i2c_driver_init,0.722971,0,15
4,run3_initcall.txt,stmpe_spi_driver_init,0.725382,0,13
4,run3_initcall.txt,rp1_driver_init,0.72776,0,32
4,run3_initcall.txt,system_heap_create,0.730242,0,91
4,run3_initcall.txt,add_default_cma_heap,0.732737,0,90
4,run3_initcall.txt,udmabuf_dev_init,0.735163,0,40
4,run3_initcall.txt,iscsi_transport_init,0.739003,0,1448
4,run3_initcall.txt,init_sd,0.741434,0,26
4,run3_initcall.txt,nvme_core_init,0.744052,0,239
4,run3_initcall.txt,nvme_init,0.746496,0,30
4,run3_initcall.txt,blackhole_netdev_init,0.748915,0,24
4,run3_initcall.txt,netkit_init,0.751297,0,4
4,run3_initcall.txt,phylink_init,0.753675,0,0
4,run3_initcall.txt,phy_module_init,0.756214,0,170
4,run3_initcall.txt,phy_module_init,0.75877,0,186
4,run3_initcall.txt,fixed_mdio_bus_init,0.761252,0,156
4,run3_initcall.txt,phy_module_init,0.763794,0,173
4,run3_initcall.txt,phy_module_init,0.76618,0,19
4,run3_initcall.txt,phy_module_init,0.768581,0,63
4,run3_initcall.txt,unimac_mdio_driver_init,0.771031,0,126
4,run3_initcall.txt,macb_driver_init,0.773471,0,122
4,run3_initcall.txt,bcmgenet_driver_init,0.977443,0,201663
4,run3_initcall.txt,bcmasp_driver_init,0.979858,0,81
4,run3_initcall.txt,lan78xx_driver_init,0.983414,0,1206
4,run3_initcall.txt,smsc95xx_driver_init,0.987009,0,1215
4,run3_initcall.txt,usbnet_init,0.98938,0,0
4,run3_initcall.txt,xhci_hcd_init,0.991759,0,14
4,run3_initcall.txt,xhci_pci_init,1.119978,0,125891
4,run3_initcall.txt,xhci_plat_init,1.122388,0,118
4,run3_initcall.txt,dwc_otg_driver_init,1.129197,0,4530
4,run3_initcall.txt,dwc_common_port_init_module,1.132743,0,1295
4,run3_initcall.txt,dwc3_driver_init,1.135038,0,54
4,run3_initcall.txt,dwc3_haps_driver_init,1.137313,0,24
4,run3_initcall.txt,dwc3_of_simple_driver_init,1.139617,0,62
4,run3_initcall.txt,dwc3_generic_driver_init,1.141905,0,44
4,run3_initcall.txt,dwc2_platform_driver_init,1.144247,0,155
4,run3_initcall.txt,uas_init,1.147719,0,1212
4,run3_initcall.txt,usb_storage_driver_init,1.151064,0,1121
4,run3_initcall.txt,brcmstb_usb_pinmap_init,1.153338,-19,71
4,run3_initcall.txt,bdc_driver_init,1.15558,0,49
4,run3_initcall.txt,input_leds_init,1.157784,0,1
4,run3_initcall.txt,mousedev_init,1.161146,0,1171
4,run3_initcall.txt,evdev_init,1.163374,0,0
4,run3_initcall.txt,brcmstb_waketmr_driver_init,1.165648,0,48
4,run3_initcall.txt,rpi_rtc_driver_init,1.167902,0,40
4,run3_initcall.txt,init_rc_map_adstech_dvb_t_pci,1.170109,0,0
4,run3_initcall.txt,init_rc_map_alink_dtu_m,1.172302,0,0
4,run3_initcall.txt,init_rc_map_anysee,1.174503,0,0
4,run3_initcall.txt,init_rc_map_apac_viewcomp,1.176717,0,0
4,run3_initcall.txt,init_rc_map_t2hybrid,1.178903,0,0
4,run3_initcall.txt,init_rc_map_asus_pc39,1.181116,0,0
4,run3_initcall.txt,init_rc_map_asus_ps3_100,1.183308,0,0
4,run3_initcall.txt,init_rc_map_ati_tv_wonder_hd_600,1.185504,0,0
4,run3_initcall.txt,init_rc_map_ati_x10,1.187722,0,0
4,run3_initcall.txt,init_rc_map_avermedia_a16d,1.189967,0,0
4,run3_initcall.txt,init_rc_map_avermedia_cardbus,1.192205,0,0
4,run3_initcall.txt,init_rc_map_avermedia_dvbt,1.194408,0,0
4,run3_initcall.txt,init_rc_map_avermedia_m135a,1.196661,0,0
4,run3_initcall.txt,init_rc_map_avermedia_m733a_rm_k6,1.198919,0,0
4,run3_initcall.txt,init_rc_map_avermedia,1.201188,0,0
4,run3_initcall.txt,init_rc_map_avermedia_rm_ks,1.203449,0,0
4,run3_initcall.txt,init_rc_map_avertv_303,1.205729,0,0
4,run3_initcall.txt,init_rc_map_azurewave_ad_tu700,1.207982,0,0
4,run3_initcall.txt,init_rc_map_beelink_gs1,1.21024,0,0
4,run3_initcall.txt,init_rc_map_beelink_mxiii,1.212464,0,0
4,run3_initcall.txt,init_rc_map_behold_columbus,1.214712,0,0
4,run3_initcall.txt,init_rc_map_behold,1.216968,0,0
4,run3_initcall.txt,init_rc_map_budget_ci_old,1.219203,0,0
4,run3_initcall.txt,init_rc_map_cinergy_1400,1.221813,0,378
4,run3_initcall.txt,init_rc_map_cinergy,1.224024,0,0
4,run3_initcall.txt,init_rc_map_ct_90405,1.226232,0,0
4,run3_initcall.txt,init_rc_map_d680_dmb,1.228387,0,0
4,run3_initcall.txt,init_rc_map_delock_61959,1.230552,0,0
4,run3_initcall.txt,init_rc_map,1.232755,0,39
4,run3_initcall.txt,init_rc_map,1.234921,0,0
4,run3_initcall.txt,init_rc_map_digitalnow_tinytwin,1.237135,0,46
4,run3_initcall.txt,init_rc_map_digittrade,1.239309,0,0
4,run3_initcall.txt,init_rc_map_dm1105_nec,1.241599,0,53
4,run3_initcall.txt,init_rc_map_dntv_live_dvb_t,1.243778,0,44
4,run3_initcall.txt,init_rc_map_dntv_live_dvbt_pro,1.246038,0,99
4,run3_initcall.txt,init_rc_map_dreambox,1.248211,0,0
4,run3_initcall.txt,init_rc_map_dtt200u,1.250446,0,16
4,run3_initcall.txt,init_rc_map_rc5_dvbsky,1.252637,0,0
4,run3_initcall.txt,init_rc_map_dvico_mce,1.254814,0,0
4,run3_initcall.txt,init_rc_map_dvico_portable,1.25718,0,174
4,run3_initcall.txt,init_rc_map_em_terratec,1.25935,0,0
4,run3_initcall.txt,init_rc_map_encore_enltv2,1.261497,0,0
4,run3_initcall.txt,init_rc_map_encore_enltv_fm53,1.263677,0,0
4,run3_initcall.txt,init_rc_map_encore_enltv,1.265877,0,0
4,run3_initcall.txt,init_rc_map_evga_indtube,1.268038,0,0
4,run3_initcall.txt,init_rc_map_eztv,1.270195,0,0
4,run3_initcall.txt,init_rc_map_flydvb,1.272335,0,0
4,run3_initcall.txt,init_rc_map_flyvideo,1.274478,0,0
4,run3_initcall.txt,init_rc_map_fusionhdtv_mce,1.276612,0,0
4,run3_initcall.txt,init_rc_map_gadmei_rm008z,1.278685,0,0
4,run3_initcall.txt,init_rc_map_geekbox,1.280812,0,0
4,run3_initcall.txt,init_rc_map_genius_tvgo_a11mce,1.282927,0,0
4,run3_initcall.txt,init_rc_map_gotview7135,1.28504,0,0
4,run3_initcall.txt,init_rc_map_rc5_hauppauge_new,1.28716,0,0
4,run3_initcall.txt,init_rc_map_hisi_poplar,1.28929,0,0
4,run3_initcall.txt,init_rc_map_hisi_tv_demo,1.291424,0,0
4,run3_initcall.txt,init_rc_map_imon_mce,1.293554,0,0
4,run3_initcall.txt,init_rc_map_imon_pad,1.295651,0,0
4,run3_initcall.txt,init_rc_map_imon_rsc,1.297775,0,0
4,run3_initcall.txt,init_rc_map_iodata_bctv7e,1.299877,0,0
4,run3_initcall.txt,init_rc_it913x_v1_map,1.301993,0,0
4,run3_initcall.txt,init_rc_it913x_v2_map,1.304101,0,0
4,run3_initcall.txt,init_rc_map_kaiomy,1.306213,0,0
4,run3_initcall.txt,init_rc_map_khadas,1.30832,0,0
4,run3_initcall.txt,init_rc_map_khamsin,1.310406,0,0
4,run3_initcall.txt,init_rc_map_kworld_315u,1.312559,0,84
4,run3_initcall.txt,init_rc_map_kworld_pc150u,1.314639,0,0
4,run3_initcall.txt,init_rc_map_kworld_plus_tv_analog,1.316722,0,0
4,run3_initcall.txt,init_rc_map_leadtek_y04g0051,1.318811,0,0
4,run3_initcall.txt,init_rc_lme2510_map,1.320911,0,0
4,run3_initcall.txt,init_rc_map_manli,1.323015,0,0
4,run3_initcall.txt,init_rc_map_mecool_kiii_pro,1.325128,0,0
4,run3_initcall.txt,init_rc_map_mecool_kii_pro,1.327218,0,0
4,run3_initcall.txt,init_rc_map_medion_x10_digitainer,1.329319,0,0
4,run3_initcall.txt,init_rc_map_medion_x10,1.331432,0,0
4,run3_initcall.txt,init_rc_map_medion_x10_or2x,1.333556,0,0
4,run3_initcall.txt,init_rc_map_minix_neo,1.335667,0,0
4,run3_initcall.txt,init_rc_map_msi_digivox_iii,1.337805,0,0
4,run3_initcall.txt,init_rc_map_msi_digivox_ii,1.339943,0,0
4,run3_initcall.txt,init_rc_map_msi_tvanywhere,1.342079,0,0
4,run3_initcall.txt,init_rc_map_msi_tvanywhere_plus,1.344158,0,0
4,run3_initcall.txt,init_rc_map_mygica_utv3,1.346275,0,0
4,run3_initcall.txt,init_rc_map_nebula,1.348405,0,0
4,run3_initcall.txt,init_rc_map_nec_terratec_cinergy_xs,1.350529,0,0
4,run3_initcall.txt,init_rc_map_norwood,1.352648,0,0
4,run3_initcall.txt,init_rc_map_npgtech,1.354762,0,0
4,run3_initcall.txt,init_rc_map_odroid,1.356873,0,0
4,run3_initcall.txt,init_rc_map_pctv_sedna,1.358957,0,0
4,run3_initcall.txt,init_rc_map_pine64,1.361022,0,0
4,run3_initcall.txt,init_rc_map_pinnacle_color,1.363125,0,0
4,run3_initcall.txt,init_rc_map_pinnacle_grey,1.365228,0,0
4,run3_initcall.txt,init_rc_map_pinnacle_pctv_hd,1.367323,0,0
4,run3_initcall.txt,init_rc_map_pixelview,1.37053,0,1105
4,run3_initcall.txt,init_rc_map_pixelview,1.372774,0,10
4,run3_initcall.txt,init_rc_map_pixelview_new,1.374936,0,0
4,run3_initcall.txt,init_rc_map_pixelview,1.377085,0,0
4,run3_initcall.txt,init_rc_map_powercolor_real_angel,1.37922,0,0
4,run3_initcall.txt,init_rc_map_proteus_2309,1.381394,0,0
4,run3_initcall.txt,init_rc_map_purpletv,1.383558,0,0
4,run3_initcall.txt,init_rc_map_pv951,1.385716,0,0
4,run3_initcall.txt,init_rc_map_rc6_mce,1.387862,0,0
4,run3_initcall.txt,init_rc_map_real_audio_220_32_keys,1.390019,0,0
4,run3_initcall.txt,init_rc_map_reddo,1.392165,0,0
4,run3_initcall.txt,init_rc_map_siemens_gigaset_rc20,1.394316,0,0
4,run3_initcall.txt,init_rc_map_snapstream_firefly,1.396474,0,0
4,run3_initcall.txt,init_rc_map_streamzap,1.398642,0,0
4,run3_initcall.txt,init_rc_map_su3000,1.400814,0,0
4,run3_initcall.txt,init_rc_map_tanix_tx3mini,1.402975,0,0
4,run3_initcall.txt,init_rc_map_tanix_tx5max,1.405144,0,0
4,run3_initcall.txt,init_rc_map_tbs_nec,1.407313,0,0
4,run3_initcall.txt,init_rc_map,1.409512,0,0
4,run3_initcall.txt,init_rc_map,1.411651,0,0
4,run3_initcall.txt,init_rc_map_terratec_cinergy_c_pci,1.413854,0,0
4,run3_initcall.txt,init_rc_map_terratec_cinergy_s2_hd,1.416038,0,0
4,run3_initcall.txt,init_rc_map_terratec_cinergy_xs,1.418215,0,0
4,run3_initcall.txt,init_rc_map_terratec_slim_2,1.420372,0,1
4,run3_initcall.txt,init_rc_map_terratec_slim,1.422544,0,0
4,run3_initcall.txt,init_rc_map_tevii_nec,1.424735,0,0
4,run3_initcall.txt,init_rc_map_tivo,1.426916,0,0
4,run3_initcall.txt,init_rc_map_total_media_in_hand_02,1.429083,0,0
4,run3_initcall.txt,init_rc_map_total_media_in_hand,1.431295,0,0
4,run3_initcall.txt,init_rc_map_trekstor,1.433513,0,0
4,run3_initcall.txt,init_rc_map_tt_1500,1.435713,0,0
4,run3_initcall.txt,init_rc_map_twinhan_vp1027,1.437901,0,0
4,run3_initcall.txt,init_rc_map_twinhan_dtv_cab_ci,1.440066,0,0
4,run3_initcall.txt,init_rc_map_vega_s9x,1.442229,0,0
4,run3_initcall.txt,init_rc_map_videomate_k100,1.444335,0,0
4,run3_initcall.txt,init_rc_map_videomate_s350,1.446485,0,0
4,run3_initcall.txt,init_rc_map_videomate_tv_pvr,1.44862,0,0
4,run3_initcall.txt,init_rc_map_kii_pro,1.450744,0,0
4,run3_initcall.txt,init_rc_map_wetek_hub,1.452874,0,0
4,run3_initcall.txt,init_rc_map_wetek_play2,1.455004,0,0
4,run3_initcall.txt,init_rc_map_winfast,1.457134,0,0
4,run3_initcall.txt,init_rc_map_winfast_usbii_deluxe,1.459275,0,0
4,run3_initcall.txt,init_rc_map_x96max,1.461611,0,228
4,run3_initcall.txt,init_rc_map,1.463754,0,0
4,run3_initcall.txt,init_rc_map,1.465886,0,0
4,run3_initcall.txt,init_rc_map_zx_irdec,1.468002,0,0
4,run3_initcall.txt,ptp_kvm_init,1.470127,-95,0
4,run3_initcall.txt,gpio_poweroff_driver_init,1.472324,0,81
4,run3_initcall.txt,bcm2711_thermal_driver_init,1.475883,0,1395
4,run3_initcall.txt,bcm2835_thermal_driver_init,1.478064,0,57
4,run3_initcall.txt,bcm2835_wdt_driver_init,1.480235,0,26
4,run3_initcall.txt,dt_cpufreq_platdrv_init,1.482432,0,26
4,run3_initcall.txt,brcm_avs_cpufreq_platdrv_init,1.484661,0,41
4,run3_initcall.txt,raspberrypi_cpufreq_driver_init,1.489877,0,3022
4,run3_initcall.txt,mmc_pwrseq_simple_driver_init,1.492173,0,68
4,run3_initcall.txt,mmc_pwrseq_emmc_driver_init,1.49452,0,53
4,run3_initcall.txt,mmc_blk_init,1.496882,0,37
4,run3_initcall.txt,sdhci_drv_init,1.501429,0,2276
4,run3_initcall.txt,bcm2835_mmc_driver_init,1.504928,0,1215
4,run3_initcall.txt,bcm2835_driver_init,1.507278,0,42
4,run3_initcall.txt,sdhci_pltfm_drv_init,1.510852,0,1174
4,run3_initcall.txt,sdhci_iproc_driver_init,1.513362,0,92
4,run3_initcall.txt,sdhci_brcmstb_driver_init,1.513438,0,64
4,run3_initcall.txt,esrt_sysfs_init,1.51345,-38,0
4,run3_initcall.txt,smccc_devices_init,1.513474,0,1
4,run3_initcall.txt,smccc_soc_init,1.513485,0,1
4,run3_initcall.txt,arch_timer_mmio_drv_init,1.513567,0,72
4,run3_initcall.txt,arch_timer_mmio_acpi_drv_init,1.513605,0,25
4,run3_initcall.txt,hid_init,1.513691,0,75
4,run3_initcall.txt,hid_generic_init,1.51374,0,37
4,run3_initcall.txt,hid_init,1.513793,0,43
4,run3_initcall.txt,vchiq_driver_init,1.550019,0,36212
4,run3_initcall.txt,bcm74110_mbox_driver_init,1.554142,0,93
4,run3_initcall.txt,extcon_class_init,1.556858,0,9
4,run3_initcall.txt,armv8_pmu_driver_init,1.562544,0,3125
4,run3_initcall.txt,binder_init,1.565136,0,168
4,run3_initcall.txt,rpi_otp_driver_init,1.573517,0,3832
4,run3_initcall.txt,sock_diag_init,1.57581,0,36
4,run3_initcall.txt,blackhole_init,1.57802,0,1
4,run3_initcall.txt,cls_bpf_init_mod,1.580252,0,0
4,run3_initcall.txt,gre_offload_init,1.582465,0,0
4,run3_initcall.txt,sysctl_ipv4_init,1.584731,0,69
4,run3_initcall.txt,cubictcp_register,1.586916,0,2
4,run3_initcall.txt,packet_init,1.590226,0,1115
4,run3_initcall.txt,init_rpcsec_gss,1.592453,0,21
4,run3_initcall.txt,init_kerberos_module,1.594618,0,4
4,run3_initcall.txt,dcbnl_init,1.596832,0,3
4,run3_initcall.txt,init_dns_resolver,1.600157,0,1113
4,run3_initcall.txt,handshake_init,1.602441,0,32
4,run3_initcall.txt,check_mmu_enabled_at_boot,1.604705,0,0
4,run3_initcall.txt,finalize_pkvm,1.606958,0,0
4,run3_initcall.txt,kernel_do_mounts_initrd_sysctls_init,1.610435,0,5
4,run3_initcall.txt,kernel_panic_sysctls_init,1.612723,0,12
4,run3_initcall.txt,kernel_panic_sysfs_init,1.61503,0,4
4,run3_initcall.txt,kernel_exit_sysctls_init,1.617351,0,7
4,run3_initcall.txt,kernel_exit_sysfs_init,1.619641,0,2
4,run3_initcall.txt,param_sysfs_builtin_init,1.631697,0,9746
4,run3_initcall.txt,reboot_ksysfs_init,1.634087,0,22
4,run3_initcall.txt,sched_core_sysctl_init,1.636398,0,5
4,run3_initcall.txt,sched_fair_sysctl_init,1.638697,0,7
4,run3_initcall.txt,sched_rt_sysctl_init,1.641034,0,4
4,run3_initcall.txt,sched_dl_sysctl_init,1.643247,0,2
4,run3_initcall.txt,sched_init_debug,1.646441,0,1031
4,run3_initcall.txt,cpu_latency_qos_init,1.648865,0,151
4,run3_initcall.txt,printk_late_init,1.651086,0,27
4,run3_initcall.txt,init_srcu_module_notifier,1.653322,0,2
4,run3_initcall.txt,kernel_rcu_stall_sysfs_init,1.655575,0,3
4,run3_initcall.txt,swiotlb_create_default_debugfs,1.657878,0,8
4,run3_initcall.txt,tk_debug_sleep_time_init,1.660163,0,2
4,run3_initcall.txt,bpf_ksym_iter_register,1.662431,0,0
4,run3_initcall.txt,kernel_acct_sysctls_init,1.664757,0,9
4,run3_initcall.txt,bpf_rstat_kfunc_init,1.667075,0,1
4,run3_initcall.txt,debugfs_kprobe_init,1.669459,0,64
4,run3_initcall.txt,kernel_delayacct_sysctls_init,1.671983,0,42
4,run3_initcall.txt,taskstats_init,1.675742,0,1312
4,run3_initcall.txt,ftrace_sysctl_init,1.678186,0,47
4,run3_initcall.txt,bpf_kprobe_multi_kfuncs_init,1.680541,0,0
4,run3_initcall.txt,kdb_ftrace_register,1.682833,0,8
4,run3_initcall.txt,bpf_global_ma_init,1.685201,0,84
4,run3_initcall.txt,bpf_syscall_sysctl_init,1.687487,0,4
4,run3_initcall.txt,unbound_reg_init,1.689768,0,0
4,run3_initcall.txt,kfunc_init,1.692037,0,1
4,run3_initcall.txt,bpf_map_iter_init,1.694326,0,1
4,run3_initcall.txt,init_subsystem,1.696591,0,0
4,run3_initcall.txt,task_iter_init,1.698844,0,1
4,run3_initcall.txt,bpf_prog_iter_init,1.701321,0,233
4,run3_initcall.txt,bpf_link_iter_init,1.703553,0,0
4,run3_initcall.txt,init_trampolines,1.705787,0,3
4,run3_initcall.txt,rqspinlock_register_kfuncs,1.708001,0,0
4,run3_initcall.txt,kfunc_init,1.710274,0,0
4,run3_initcall.txt,bpf_cgroup_iter_init,1.712448,0,0
4,run3_initcall.txt,cpumask_kfunc_init,1.714671,0,8
4,run3_initcall.txt,crypto_kfunc_init,1.71691,0,5
4,run3_initcall.txt,bpf_kmem_cache_iter_init,1.719134,0,0
4,run3_initcall.txt,dmabuf_iter_init,1.721355,0,0
4,run3_initcall.txt,load_system_certificate_list,1.724684,0,1112
4,run3_initcall.txt,init_lru_gen,1.72693,0,17
4,run3_initcall.txt,vmstat_late_init,1.729146,0,7
4,run3_initcall.txt,fault_around_debugfs,1.73136,0,3
4,run3_initcall.txt,slab_sysfs_init,1.737542,0,3963
4,run3_initcall.txt,max_swapfiles_check,1.739796,0,0
4,run3_initcall.txt,zswap_init,1.742057,0,0
4,run3_initcall.txt,mempolicy_sysfs_init,1.744249,0,18
4,run3_initcall.txt,memory_tier_late_init,1.74881,0,2325
4,run3_initcall.txt,check_early_ioremap_leak,1.751029,0,0
4,run3_initcall.txt,mg_debugfs_init,1.75328,0,24
4,run3_initcall.txt,fscrypt_init,1.757783,0,2284
4,run3_initcall.txt,pstore_init,1.760007,0,14
4,run3_initcall.txt,init_root_keyring,1.762203,0,38
4,run3_initcall.txt,init_profile_hash,1.764428,0,8
4,run3_initcall.txt,integrity_fs_init,1.766639,0,8
4,run3_initcall.txt,crypto_algapi_init,1.768862,0,9
4,run3_initcall.txt,blk_timeout_init,1.771075,0,0
4,run3_initcall.txt,depot_debugfs_init,1.773322,0,11
4,run3_initcall.txt,pci_resource_alignment_sysfs_init,1.77556,0,6
4,run3_initcall.txt,pci_sysfs_init,1.777791,0,12
4,run3_initcall.txt,clk_debug_init,1.780459,0,426
4,run3_initcall.txt,genpd_debug_init,1.783061,0,350
4,run3_initcall.txt,sync_state_resume_initcall,1.785355,0,14
4,run3_initcall.txt,deferred_probe_initcall,1.85419,0,66550
4,run3_initcall.txt,efi_shutdown_init,1.858592,-19,2
4,run3_initcall.txt,efi_earlycon_unmap_fb,1.86072,0,1
4,run3_initcall.txt,psci_debugfs_init,1.863855,0,0
4,run3_initcall.txt,of_cfs_init,1.868159,0,2164
4,run3_initcall.txt,of_fdt_raw_init,1.870282,0,29
4,run3_initcall.txt,bpf_kfunc_init,1.872371,0,2
4,run3_initcall.txt,init_subsystem,1.874472,0,0
4,run3_initcall.txt,xdp_metadata_init,1.876558,0,0
4,run3_initcall.txt,bpf_sockmap_iter_init,1.878604,0,1
4,run3_initcall.txt,bpf_sk_storage_map_iter_init,1.880706,0,0
4,run3_initcall.txt,bpf_prog_test_run_init,1.882813,0,1
4,run3_initcall.txt,bpf_dummy_struct_ops_init,1.884909,0,0
4,run3_initcall.txt,tcp_congestion_default,1.887001,0,1
4,run3_initcall.txt,inet_blackhole_dev_init,1.889078,0,6
4,run3_initcall.txt,ip_auto_config,1.891155,0,10
4,run3_initcall.txt,tcp_bpf_v4_build_proto,1.893237,0,1
4,run3_initcall.txt,udp_bpf_v4_build_proto,1.895224,0,0
4,run3_initcall.txt,bpf_tcp_ca_kfunc_init,1.897252,0,0
4,run3_initcall.txt,bpf_mptcp_kfunc_init,1.901357,0,43
4,run3_initcall.txt,latency_fsnotify_init,1.90349,0,26
4,run3_initcall.txt,trace_eval_sync,1.905608,0,11
4,run3_initcall.txt,late_trace_init,1.907734,0,0
4,run3_initcall.txt,fb_logo_late_init,1.909964,0,25
4,run3_initcall.txt,amba_stub_drv_init,1.91223,0,62
4,run3_initcall.txt,clk_disable_unused,1.919359,0,4836
4,run3_initcall.txt,genpd_power_off_unused,1.922808,0,1152
4,run3_initcall.txt,regulator_init_complete,1.925141,0,2
4,run3_initcall.txt,of_platform_sync_state_init,1.927437,0,13
5,run4_initcall.txt,percpu_enable_async,0.051717,0,0
5,run4_initcall.txt,kcompactd_init,0.051831,0,0
5,run4_initcall.txt,init_mm_sysctl,0.051851,0,0
5,run4_initcall.txt,init_user_reserve,0.051871,0,0
5,run4_initcall.txt,init_admin_reserve,0.051886,0,0
5,run4_initcall.txt,init_reserve_notifier,0.051902,0,0
5,run4_initcall.txt,swap_init,0.051925,0,0
5,run4_initcall.txt,swapfile_init,0.05195,0,0
5,run4_initcall.txt,memory_tier_init,0.051997,0,0
5,run4_initcall.txt,numa_init_sysfs,0.052015,0,0
5,run4_initcall.txt,mem_cgroup_swap_init,0.052029,0,0
5,run4_initcall.txt,init_msg_buckets,0.052047,0,0
5,run4_initcall.txt,init_bio,0.052096,0,0
5,run4_initcall.txt,blk_ioc_init,0.052113,0,0
5,run4_initcall.txt,blk_mq_init,0.052128,0,0
5,run4_initcall.txt,genhd_device_init,0.052251,0,4000
5,run4_initcall.txt,blkcg_punt_bio_init,0.052351,0,0
5,run4_initcall.txt,blk_integrity_auto_init,0.052421,0,0
5,run4_initcall.txt,io_wq_init,0.052439,0,0
5,run4_initcall.txt,crc_t10dif_mod_init,0.052461,0,0
5,run4_initcall.txt,sha256_mod_init,0.052478,0,0
5,run4_initcall.txt,sha512_mod_init,0.052493,0,0
5,run4_initcall.txt,sg_pool_init,0.052522,0,0
5,run4_initcall.txt,gpiolib_debugfs_init,0.052542,0,0
5,run4_initcall.txt,stmpe_gpio_init,0.052642,0,0
5,run4_initcall.txt,pwm_init,0.052673,0,0
5,run4_initcall.txt,leds_init,0.052706,0,0
5,run4_initcall.txt,pci_slot_init,0.05273,0,0
5,run4_initcall.txt,fbmem_init,0.05279,0,0
5,run4_initcall.txt,bcm2835_dma_init,0.053516,0,0
5,run4_initcall.txt,regulator_fixed_voltage_init,0.053596,0,0
5,run4_initcall.txt,gpio_regulator_init,0.053655,0,0
5,run4_initcall.txt,init_sysrq_sysctl,0.053681,0,0
5,run4_initcall.txt,misc_init,0.053712,0,0
5,run4_initcall.txt,iommu_subsys_init,0.053742,0,0
5,run4_initcall.txt,register_cpu_capacity_sysctl,0.054331,0,0
5,run4_initcall.txt,dma_buf_init,0.054392,0,0
5,run4_initcall.txt,dma_heap_init,0.054421,0,0
5,run4_initcall.txt,init_scsi,0.054521,0,0
5,run4_initcall.txt,mdio_bus_init,0.054553,0,0
5,run4_initcall.txt,phy_init,0.054595,0,0
5,run4_initcall.txt,usb_common_init,0.054614,0,0
5,run4_initcall.txt,usb_init,0.05473,0,0
5,run4_initcall.txt,usb_phy_generic_init,0.054881,0,0
5,run4_initcall.txt,usb_udc_init,0.054913,0,0
5,run4_initcall.txt,usb_roles_init,0.054934,0,0
5,run4_initcall.txt,input_init,0.054962,0,0
5,run4_initcall.txt,rtc_init,0.054982,0,0
5,run4_initcall.txt,rc_core_init,0.055006,0,0
5,run4_initcall.txt,pps_init,0.055037,0,0
5,run4_initcall.txt,ptp_init,0.055059,0,0
5,run4_initcall.txt,power_supply_class_init,0.055091,0,0
5,run4_initcall.txt,hwmon_init,0.05511,0,0
5,run4_initcall.txt,mmc_init,0.055147,0,0
5,run4_initcall.txt,dmi_init,0.055163,0,0
5,run4_initcall.txt,efisubsys_init,0.055177,0,0
5,run4_initcall.txt,arm_pmu_hp_init,0.055198,0,0
5,run4_initcall.txt,ras_init,0.055224,0,0
5,run4_initcall.txt,nvmem_init,0.055264,0,0
5,run4_initcall.txt,init_soundcore,0.055287,0,0
5,run4_initcall.txt,proto_init,0.055308,0,0
5,run4_initcall.txt,net_dev_init,0.055542,0,0
5,run4_initcall.txt,neigh_init,0.055565,0,0
5,run4_initcall.txt,fib_notifier_init,0.055583,0,0
5,run4_initcall.txt,netdev_genl_init,0.055625,0,0
5,run4_initcall.txt,page_pool_user_init,0.055644,0,0
5,run4_initcall.txt,fib_rules_init,0.055664,0,0
5,run4_initcall.txt,init_cgroup_netprio,0.055682,0,0
5,run4_initcall.txt,bpf_lwt_init,0.055701,0,0
5,run4_initcall.txt,pktsched_init,0.055723,0,0
5,run4_initcall.txt,tc_filter_init,0.055757,0,0
5,run4_initcall.txt,tc_action_init,0.055776,0,0
5,run4_initcall.txt,ethnl_init,0.055851,0,0
5,run4_initcall.txt,nexthop_init,0.055873,0,0
5,run4_initcall.txt,devlink_init,0.055952,0,0
5,run4_initcall.txt,wireless_nlevent_init,0.05597,0,0
5,run4_initcall.txt,vsprintf_init_hashval,0.05599,0,0
5,run4_initcall.txt,init_32bit_el0_mask,0.056006,0,0
5,run4_initcall.txt,vga_arb_device_init,0.056148,0,0
5,run4_initcall.txt,watchdog_init,0.056268,0,4000
5,run4_initcall.txt,create_debug_debugfs_entry,0.056375,0,0
5,run4_initcall.txt,iomem_init_inode,0.05642,0,0
5,run4_initcall.txt,clocksource_done_booting,0.056467,0,13
5,run4_initcall.txt,tracer_init_tracefs,0.056497,0,9
5,run4_initcall.txt,init_trace_printk_function_export,0.05655,0,37
5,run4_initcall.txt,init_graph_tracefs,0.05659,0,23
5,run4_initcall.txt,bpf_event_init,0.056606,0,1
5,run4_initcall.txt,init_kprobe_trace,0.464495,0,407869
5,run4_initcall.txt,init_dynamic_event,0.464586,0,8
5,run4_initcall.txt,bpf_init,0.464618,0,16
5,run4_initcall.txt,secretmem_init,0.464698,0,52
5,run4_initcall.txt,init_fs_stat_sysctls,0.464733,0,18
5,run4_initcall.txt,init_fs_exec_sysctls,0.46475,0,1
5,run4_initcall.txt,init_pipe_fs,0.464779,0,14
5,run4_initcall.txt,init_fs_namei_sysctls,0.464798,0,3
5,run4_initcall.txt,init_fs_dcache_sysctls,0.46482,0,7
5,run4_initcall.txt,init_fs_namespace_sysctls,0.464837,0,1
5,run4_initcall.txt,cgroup_writeback_init,0.464862,0,9
5,run4_initcall.txt,inotify_user_setup,0.464896,0,16
5,run4_initcall.txt,eventpoll_init,0.464928,0,16
5,run4_initcall.txt,anon_inode_init,0.464956,0,11
5,run4_initcall.txt,proc_locks_init,0.464977,0,4
5,run4_initcall.txt,backing_aio_init,0.464996,0,2
5,run4_initcall.txt,init_fs_coredump_sysctls,0.465019,0,7
5,run4_initcall.txt,init_vm_drop_caches_sysctls,0.465038,0,2
5,run4_initcall.txt,iomap_dio_init,0.465079,0,25
5,run4_initcall.txt,iomap_ioend_init,0.465127,0,30
5,run4_initcall.txt,dquot_init,0.465318,0,173
5,run4_initcall.txt,proc_cmdline_init,0.465349,0,6
5,run4_initcall.txt,proc_consoles_init,0.465368,0,1
5,run4_initcall.txt,proc_cpuinfo_init,0.465386,0,1
5,run4_initcall.txt,proc_devices_init,0.465402,0,0
5,run4_initcall.txt,proc_interrupts_init,0.46542,0,1
5,run4_initcall.txt,proc_loadavg_init,0.465439,0,0
5,run4_initcall.txt,proc_meminfo_init,0.465455,0,0
5,run4_initcall.txt,proc_stat_init,0.465472,0,1
5,run4_initcall.txt,proc_uptime_init,0.465489,0,1
5,run4_initcall.txt,proc_version_init,0.465506,0,0
5,run4_initcall.txt,proc_softirqs_init,0.465522,0,0
5,run4_initcall.txt,proc_kmsg_init,0.465539,0,1
5,run4_initcall.txt,proc_page_init,0.465557,0,2
5,run4_initcall.txt,init_ramfs_fs,0.465576,0,1
5,run4_initcall.txt,aa_create_aafs,0.465594,0,0
5,run4_initcall.txt,chr_dev_init,0.468724,0,3108
5,run4_initcall.txt,hwrng_modinit,0.468816,0,48
5,run4_initcall.txt,firmware_class_init,0.468836,0,1
5,run4_initcall.txt,sysctl_core_init,0.468888,0,32
5,run4_initcall.txt,eth_offload_init,0.468908,0,1
5,run4_initcall.txt,ipv4_offload_init,0.468931,0,1
5,run4_initcall.txt,inet_init,0.472861,0,3916
5,run4_initcall.txt,af_unix_init,0.472912,0,23
5,run4_initcall.txt,ipv6_offload_init,0.472929,0,1
5,run4_initcall.txt,init_sunrpc,0.473289,0,345
5,run4_initcall.txt,vlan_offload_init,0.473313,0,0
5,run4_initcall.txt,pci_apply_final_quirks,0.473344,0,12
5,run4_initcall.txt,populate_rootfs,0.473369,0,7
5,run4_initcall.txt,register_arm64_panic_block,0.473488,0,1
5,run4_initcall.txt,cpuinfo_regs_init,0.473609,0,105
5,run4_initcall.txt,aarch32_el0_sysfs_init,0.473628,0,0
5,run4_initcall.txt,kvm_arm_init,0.477171,0,3523
5,run4_initcall.txt,proc_execdomains_init,0.477214,0,4
5,run4_initcall.txt,register_warn_debugfs,0.477248,0,7
5,run4_initcall.txt,cpuhp_sysfs_init,0.477296,0,28
5,run4_initcall.txt,ioresources_init,0.477317,0,3
5,run4_initcall.txt,psi_proc_init,0.477332,0,0
5,run4_initcall.txt,irq_gc_init_ops,0.477347,0,0
5,run4_initcall.txt,irq_debugfs_init,0.477434,0,72
5,run4_initcall.txt,proc_modules_init,0.477453,0,1
5,run4_initcall.txt,timer_sysctl_init,0.477478,0,9
5,run4_initcall.txt,timekeeping_init_ops,0.477496,0,0
5,run4_initcall.txt,init_clocksource_sysfs,0.477594,0,81
5,run4_initcall.txt,init_timer_list_procfs,0.477615,0,1
5,run4_initcall.txt,alarmtimer_init,0.477688,0,56
5,run4_initcall.txt,clockevents_init_sysfs,0.477817,0,111
5,run4_initcall.txt,sched_clock_syscore_init,0.477837,0,0
5,run4_initcall.txt,kallsyms_init,0.477856,0,2
5,run4_initcall.txt,pid_namespaces_init,0.477895,0,22
5,run4_initcall.txt,audit_watch_init,0.477916,0,1
5,run4_initcall.txt,audit_fsnotify_init,0.477933,0,0
5,run4_initcall.txt,audit_tree_init,0.477953,0,2
5,run4_initcall.txt,seccomp_sysctl_init,0.477977,0,7
5,run4_initcall.txt,utsname_sysctl_init,0.478001,0,5
5,run4_initcall.txt,init_tracepoints,0.47802,0,1
5,run4_initcall.txt,init_lstats_procfs,0.478042,0,4
5,run4_initcall.txt,stack_trace_init,0.478081,0,23
5,run4_initcall.txt,init_blk_tracer,0.478111,0,14
5,run4_initcall.txt,perf_event_sysfs_init,0.478226,0,99
5,run4_initcall.txt,system_trusted_keyring_init,0.47826,0,16
5,run4_initcall.txt,kswapd_init,0.478461,0,184
5,run4_initcall.txt,extfrag_debug_init,0.478497,0,19
5,run4_initcall.txt,mm_compute_batch_init,0.478515,0,0
5,run4_initcall.txt,slab_proc_init,0.478535,0,2
5,run4_initcall.txt,workingset_init,0.47856,0,8
5,run4_initcall.txt,proc_vmalloc_init,0.478578,0,1
5,run4_initcall.txt,memblock_init_debugfs,0.478601,0,6
5,run4_initcall.txt,slab_debugfs_init,0.478625,0,5
5,run4_initcall.txt,procswaps_init,0.478644,0,1
5,run4_initcall.txt,zs_init,0.47866,0,0
5,run4_initcall.txt,fcntl_init,0.478676,0,2
5,run4_initcall.txt,proc_filesystems_init,0.478693,0,1
5,run4_initcall.txt,start_dirtytime_writeback,0.478714,0,5
5,run4_initcall.txt,dio_init,0.478731,0,1
5,run4_initcall.txt,dnotify_init,0.478761,0,14
5,run4_initcall.txt,fanotify_user_setup,0.478786,0,9
5,run4_initcall.txt,aio_setup,0.478852,0,49
5,run4_initcall.txt,mbcache_init,0.478875,0,5
5,run4_initcall.txt,init_grace,0.478894,0,2
5,run4_initcall.txt,init_devpts_fs,0.478918,0,7
5,run4_initcall.txt,ext4_init_fs,0.47901,0,75
5,run4_initcall.txt,journal_init,0.479043,0,14
5,run4_initcall.txt,init_fat_fs,0.479065,0,5
5,run4_initcall.txt,init_vfat_fs,0.479082,0,0
5,run4_initcall.txt,init_msdos_fs,0.479099,0,0
5,run4_initcall.txt,init_nfs_fs,0.479256,0,140
5,run4_initcall.txt,init_nfs_v2,0.479279,0,0
5,run4_initcall.txt,init_nfs_v3,0.479295,0,0
5,run4_initcall.txt,init_nfs_v4,0.479345,0,34
5,run4_initcall.txt,nfs4filelayout_init,0.47937,0,6
5,run4_initcall.txt,nfs4flexfilelayout_init,0.479394,0,6
5,run4_initcall.txt,init_nlm,0.479438,0,27
5,run4_initcall.txt,init_nls_cp437,0.479457,0,0
5,run4_initcall.txt,init_nls_ascii,0.479474,0,0
5,run4_initcall.txt,init_autofs_fs,0.47958,0,88
5,run4_initcall.txt,init_f2fs_fs,0.479726,0,126
5,run4_initcall.txt,ipc_init,0.479757,0,12
5,run4_initcall.txt,ipc_sysctl_init,0.479794,0,18
5,run4_initcall.txt,init_mqueue_fs,0.479846,0,34
5,run4_initcall.txt,key_proc_init,0.479869,0,3
5,run4_initcall.txt,bpf_crypto_skcipher_init,0.479886,0,0
5,run4_initcall.txt,dh_init,0.479903,0,3
5,run4_initcall.txt,rsa_init,0.479918,0,1
5,run4_initcall.txt,cryptomgr_init,0.479932,0,1
5,run4_initcall.txt,hmac_module_init,0.479946,0,0
5,run4_initcall.txt,crypto_sha256_mod_init,0.479963,0,4
5,run4_initcall.txt,crypto_ecb_module_init,0.479977,0,0
5,run4_initcall.txt,crypto_cbc_module_init,0.479991,0,0
5,run4_initcall.txt,crypto_cts_module_init,0.480004,0,0
5,run4_initcall.txt,xts_module_init,0.480018,0,0
5,run4_initcall.txt,des_generic_mod_init,0.480034,0,1
5,run4_initcall.txt,aes_init,0.480048,0,0
5,run4_initcall.txt,lzo_mod_init,0.480062,0,1
5,run4_initcall.txt,lzorle_mod_init,0.480076,0,1
5,run4_initcall.txt,asymmetric_key_init,0.480095,0,5
5,run4_initcall.txt,x509_key_init,0.480114,0,5
5,run4_initcall.txt,crypto_kdf108_init,0.480128,0,0
5,run4_initcall.txt,blkdev_init,0.480159,0,17
5,run4_initcall.txt,proc_genhd_init,0.480177,0,2
5,run4_initcall.txt,bsg_init,0.480208,0,17
5,run4_initcall.txt,throtl_init,0.480305,0,83
5,run4_initcall.txt,deadline_init,0.480327,0,6
5,run4_initcall.txt,kyber_init,0.480347,0,5
5,run4_initcall.txt,bfq_init,0.480381,0,20
5,run4_initcall.txt,io_uring_init,0.480414,0,19
5,run4_initcall.txt,btree_module_init,0.480434,0,2
5,run4_initcall.txt,percpu_counter_startup,0.480524,0,75
5,run4_initcall.txt,audit_classes_init,0.480548,0,5
5,run4_initcall.txt,gicv5_iwb_platform_driver_init,0.480651,0,86
5,run4_initcall.txt,mip_msi_driver_init,0.480706,0,37
5,run4_initcall.txt,bcm7038_l1_driver_init,0.48076,0,37
5,run4_initcall.txt,bcm7120_l2_driver_init,0.480819,0,40
5,run4_initcall.txt,brcmstb_l2_driver_init,0.481112,0,275
5,run4_initcall.txt,simple_pm_bus_driver_init,0.481625,0,492
5,run4_initcall.txt,phy_core_init,0.481655,0,11
5,run4_initcall.txt,brcm_usb_driver_init,0.48174,0,68
5,run4_initcall.txt,rp1_pinctrl_driver_init,0.481791,0,34
5,run4_initcall.txt,bcm2835_pinctrl_driver_init,0.482704,0,895
5,run4_initcall.txt,bcm2712_pinctrl_driver_init,0.482789,0,60
5,run4_initcall.txt,brcmvirt_gpio_driver_init,0.482849,0,41
5,run4_initcall.txt,brcmstb_gpio_driver_init,0.482905,0,38
5,run4_initcall.txt,rpi_exp_gpio_driver_init,0.483411,0,487
5,run4_initcall.txt,brcmstb_pwm_driver_init,0.483481,0,47
5,run4_initcall.txt,rp1_pwm_driver_init,0.483536,0,36
5,run4_initcall.txt,gpio_led_driver_init,0.485304,0,1744
5,run4_initcall.txt,led_pwm_driver_init,0.485432,0,101
5,run4_initcall.txt,timer_led_trigger_init,0.485453,0,1
5,run4_initcall.txt,oneshot_led_trigger_init,0.485471,0,1
5,run4_initcall.txt,heartbeat_trig_init,0.485491,0,2
5,run4_initcall.txt,bl_led_trigger_init,0.485507,0,0
5,run4_initcall.txt,ledtrig_cpu_init,0.48558,0,57
5,run4_initcall.txt,defon_led_trigger_init,0.485637,0,37
5,run4_initcall.txt,input_trig_init,0.485656,0,1
5,run4_initcall.txt,ledtrig_panic_init,0.485673,0,1
5,run4_initcall.txt,actpwr_trig_init,0.48588,0,189
5,run4_initcall.txt,pcie_portdrv_init,0.48599,0,78
5,run4_initcall.txt,pci_proc_init,0.486019,0,9
5,run4_initcall.txt,brcm_pcie_driver_init,0.601444,0,115405
5,run4_initcall.txt,bcm2708_fb_init,0.601535,0,65
5,run4_initcall.txt,simplefb_driver_init,0.608471,0,6918
5,run4_initcall.txt,of_fixed_factor_clk_driver_init,0.608571,0,41
5,run4_initcall.txt,of_fixed_clk_driver_init,0.608659,0,36
5,run4_initcall.txt,gpio_clk_driver_init,0.608752,0,44
5,run4_initcall.txt,gated_fixed_clk_driver_init,0.608837,0,35
5,run4_initcall.txt,rp1_clk_driver_init,0.608922,0,36
5,run4_initcall.txt,rp1_sdio_clk_driver_init,0.609006,0,35
5,run4_initcall.txt,clk_dvp_driver_init,0.609202,0,149
5,run4_initcall.txt,bcm2835_aux_clk_driver_init,0.60932,0,65
5,run4_initcall.txt,raspberrypi_clk_driver_init,0.626754,0,17381
5,run4_initcall.txt,dw_driver_init,0.626856,0,52
5,run4_initcall.txt,bcm2835_power_driver_init,0.626928,0,24
5,run4_initcall.txt,rpi_power_driver_init,0.646068,0,19090
5,run4_initcall.txt,brcmstb_reset_driver_init,0.648146,0,42
5,run4_initcall.txt,brcm_rescal_reset_driver_init,0.650254,0,39
5,run4_initcall.txt,rpi_reset_driver_init,0.653424,0,1131
5,run4_initcall.txt,reset_simple_driver_init,0.655583,0,87
5,run4_initcall.txt,n_null_init,0.657644,0,1
5,run4_initcall.txt,pty_init,0.659775,0,91
5,run4_initcall.txt,sysrq_init,0.661848,0,13
5,run4_initcall.txt,serial8250_init,0.663856,-19,1
5,run4_initcall.txt,bcm2835aux_serial_driver_init,0.665948,0,45
5,run4_initcall.txt,brcmuart_init,0.668039,0,56
5,run4_initcall.txt,exar_pci_driver_init,0.670129,0,32
5,run4_initcall.txt,of_platform_serial_driver_init,0.672269,0,101
5,run4_initcall.txt,serial_pci_driver_init,0.674337,0,29
5,run4_initcall.txt,pericom8250_pci_driver_init,0.676385,0,21
5,run4_initcall.txt,init_kgdboc,0.6795,0,1084
5,run4_initcall.txt,random_sysctls_init,0.681502,0,13
5,run4_initcall.txt,ttyprintk_init,0.683592,0,67
5,run4_initcall.txt,bcm2835_rng_driver_init,0.6857,0,64
5,run4_initcall.txt,bcm74110_rng_driver_init,0.687819,0,39
5,run4_initcall.txt,iproc_rng200_driver_init,0.692316,0,2375
5,run4_initcall.txt,smccc_trng_driver_init,0.694563,0,27
5,run4_initcall.txt,vc_mem_init,0.698079,0,1302
5,run4_initcall.txt,vcio_driver_init,0.701918,0,1512
5,run4_initcall.txt,bcm2712_iommu_driver_init,0.704355,0,41
5,run4_initcall.txt,bcm2712_iommu_cache_driver_init,0.706856,0,40
5,run4_initcall.txt,topology_sysfs_init,0.709415,0,63
5,run4_initcall.txt,cacheinfo_sysfs_init,0.712188,0,245
5,run4_initcall.txt,devcoredump_init,0.714715,0,8
5,run4_initcall.txt,brd_init,0.722369,0,5136
5,run4_initcall.txt,loop_init,0.728705,0,3821
5,run4_initcall.txt,bcm2835_pm_driver_init,0.732511,0,1383
5,run4_initcall.txt,stmpe_i2c_driver_init,0.734978,0,15
5,run4_initcall.txt,stmpe_spi_driver_init,0.737463,0,17
5,run4_initcall.txt,rp1_driver_init,0.739936,0,27
5,run4_initcall.txt,system_heap_create,0.742496,0,84
5,run4_initcall.txt,add_default_cma_heap,0.745064,0,89
5,run4_initcall.txt,udmabuf_dev_init,0.747558,0,60
5,run4_initcall.txt,iscsi_transport_init,0.7515,0,1459
5,run4_initcall.txt,init_sd,0.754021,0,26
5,run4_initcall.txt,nvme_core_init,0.756795,0,287
5,run4_initcall.txt,nvme_init,0.75931,0,29
5,run4_initcall.txt,blackhole_netdev_init,0.761817,0,17
5,run4_initcall.txt,netkit_init,0.764245,0,5
5,run4_initcall.txt,phylink_init,0.766723,0,0
5,run4_initcall.txt,phy_module_init,0.769375,0,172
5,run4_initcall.txt,phy_module_init,0.772012,0,182
5,run4_initcall.txt,fixed_mdio_bus_init,0.774639,0,154
5,run4_initcall.txt,phy_module_init,0.777296,0,173
5,run4_initcall.txt,phy_module_init,0.779759,0,18
5,run4_initcall.txt,phy_module_init,0.782237,0,61
5,run4_initcall.txt,unimac_mdio_driver_init,0.78479,0,127
5,run4_initcall.txt,macb_driver_init,0.787315,0,121
5,run4_initcall.txt,bcmgenet_driver_init,0.985747,0,196026
5,run4_initcall.txt,bcmasp_driver_init,0.988303,0,82
5,run4_initcall.txt,lan78xx_driver_init,0.992056,0,1277
5,run4_initcall.txt,smsc95xx_driver_init,0.995857,0,1278
5,run4_initcall.txt,usbnet_init,0.998342,0,0
5,run4_initcall.txt,xhci_hcd_init,1.000896,0,13
5,run4_initcall.txt,xhci_pci_init,1.130278,0,126874
5,run4_initcall.txt,xhci_plat_init,1.132748,0,120
5,run4_initcall.txt,dwc_otg_driver_init,1.139744,0,4677
5,run4_initcall.txt,dwc_common_port_init_module,1.143359,0,1256
5,run4_initcall.txt,dwc3_driver_init,1.145727,0,56
5,run4_initcall.txt,dwc3_haps_driver_init,1.148,0,24
5,run4_initcall.txt,dwc3_of_simple_driver_init,1.150379,0,67
5,run4_initcall.txt,dwc3_generic_driver_init,1.152707,0,40
5,run4_initcall.txt,dwc2_platform_driver_init,1.15515,0,152
5,run4_initcall.txt,uas_init,1.158687,0,1245
5,run4_initcall.txt,usb_storage_driver_init,1.162114,0,1154
5,run4_initcall.txt,brcmstb_usb_pinmap_init,1.164409,-19,71
5,run4_initcall.txt,bdc_driver_init,1.166714,0,47
5,run4_initcall.txt,input_leds_init,1.168978,0,1
5,run4_initcall.txt,mousedev_init,1.172497,0,1252
5,run4_initcall.txt,evdev_init,1.174803,0,0
5,run4_initcall.txt,brcmstb_waketmr_driver_init,1.177152,0,46
5,run4_initcall.txt,rpi_rtc_driver_init,1.179494,0,40
5,run4_initcall.txt,init_rc_map_adstech_dvb_t_pci,1.181771,0,0
5,run4_initcall.txt,init_rc_map_alink_dtu_m,1.184061,0,0
5,run4_initcall.txt,init_rc_map_anysee,1.186361,0,0
5,run4_initcall.txt,init_rc_map_apac_viewcomp,1.188676,0,0
5,run4_initcall.txt,init_rc_map_t2hybrid,1.190991,0,0
5,run4_initcall.txt,init_rc_map_asus_pc39,1.193297,0,0
5,run4_initcall.txt,init_rc_map_asus_ps3_100,1.195589,0,0
5,run4_initcall.txt,init_rc_map_ati_tv_wonder_hd_600,1.197861,0,0
5,run4_initcall.txt,init_rc_map_ati_x10,1.200172,0,0
5,run4_initcall.txt,init_rc_map_avermedia_a16d,1.202514,0,0
5,run4_initcall.txt,init_rc_map_avermedia_cardbus,1.204859,0,0
5,run4_initcall.txt,init_rc_map_avermedia_dvbt,1.20719,0,0
5,run4_initcall.txt,init_rc_map_avermedia_m135a,1.209531,0,0
5,run4_initcall.txt,init_rc_map_avermedia_m733a_rm_k6,1.211891,0,0
5,run4_initcall.txt,init_rc_map_avermedia,1.214244,0,0
5,run4_initcall.txt,init_rc_map_avermedia_rm_ks,1.216618,0,0
5,run4_initcall.txt,init_rc_map_avertv_303,1.218987,0,0
5,run4_initcall.txt,init_rc_map_azurewave_ad_tu700,1.221348,0,0
5,run4_initcall.txt,init_rc_map_beelink_gs1,1.223703,0,0
5,run4_initcall.txt,init_rc_map_beelink_mxiii,1.226067,0,0
5,run4_initcall.txt,init_rc_map_behold_columbus,1.228428,0,0
5,run4_initcall.txt,init_rc_map_behold,1.231178,0,0
5,run4_initcall.txt,init_rc_map_budget_ci_old,1.233525,0,0
5,run4_initcall.txt,init_rc_map_cinergy_1400,1.235852,0,0
5,run4_initcall.txt,init_rc_map_cinergy,1.238165,0,0
5,run4_initcall.txt,init_rc_map_ct_90405,1.240513,0,39
5,run4_initcall.txt,init_rc_map_d680_dmb,1.242794,0,0
5,run4_initcall.txt,init_rc_map_delock_61959,1.245165,0,85
5,run4_initcall.txt,init_rc_map,1.247454,0,4
5,run4_initcall.txt,init_rc_map,1.249838,0,2
5,run4_initcall.txt,init_rc_map_digitalnow_tinytwin,1.252281,0,0
5,run4_initcall.txt,init_rc_map_digittrade,1.254607,0,0
5,run4_initcall.txt,init_rc_map_dm1105_nec,1.256932,0,0
5,run4_initcall.txt,init_rc_map_dntv_live_dvb_t,1.259243,0,0
5,run4_initcall.txt,init_rc_map_dntv_live_dvbt_pro,1.261557,0,0
5,run4_initcall.txt,init_rc_map_dreambox,1.263839,0,0
5,run4_initcall.txt,init_rc_map_dtt200u,1.266314,0,0
5,run4_initcall.txt,init_rc_map_rc5_dvbsky,1.268576,0,0
5,run4_initcall.txt,init_rc_map_dvico_mce,1.270827,0,0
5,run4_initcall.txt,init_rc_map_dvico_portable,1.273077,0,0
5,run4_initcall.txt,init_rc_map_em_terratec,1.275314,0,0
5,run4_initcall.txt,init_rc_map_encore_enltv2,1.277569,0,0
5,run4_initcall.txt,init_rc_map_encore_enltv_fm53,1.279801,0,0
5,run4_initcall.txt,init_rc_map_encore_enltv,1.282046,0,0
5,run4_initcall.txt,init_rc_map_evga_indtube,1.284293,0,0
5,run4_initcall.txt,init_rc_map_eztv,1.286528,0,0
5,run4_initcall.txt,init_rc_map_flydvb,1.288756,0,0
5,run4_initcall.txt,init_rc_map_flyvideo,1.290969,0,0
5,run4_initcall.txt,init_rc_map_fusionhdtv_mce,1.293194,0,0
5,run4_initcall.txt,init_rc_map_gadmei_rm008z,1.295403,0,0
5,run4_initcall.txt,init_rc_map_geekbox,1.297568,0,0
5,run4_initcall.txt,init_rc_map_genius_tvgo_a11mce,1.29976,0,0
5,run4_initcall.txt,init_rc_map_gotview7135,1.301961,0,0
5,run4_initcall.txt,init_rc_map_rc5_hauppauge_new,1.304164,0,0
5,run4_initcall.txt,init_rc_map_hisi_poplar,1.306385,0,0
5,run4_initcall.txt,init_rc_map_hisi_tv_demo,1.30861,0,0
5,run4_initcall.txt,init_rc_map_imon_mce,1.310819,0,0
5,run4_initcall.txt,init_rc_map_imon_pad,1.313027,0,0
5,run4_initcall.txt,init_rc_map_imon_rsc,1.315201,0,0
5,run4_initcall.txt,init_rc_map_iodata_bctv7e,1.31746,0,84
5,run4_initcall.txt,init_rc_it913x_v1_map,1.31964,0,0
5,run4_initcall.txt,init_rc_it913x_v2_map,1.321827,0,0
5,run4_initcall.txt,init_rc_map_kaiomy,1.324008,0,0
5,run4_initcall.txt,init_rc_map_khadas,1.326191,0,0
5,run4_initcall.txt,init_rc_map_khamsin,1.328355,0,0
5,run4_initcall.txt,init_rc_map_kworld_315u,1.330478,0,0
5,run4_initcall.txt,init_rc_map_kworld_pc150u,1.332637,0,0
5,run4_initcall.txt,init_rc_map_kworld_plus_tv_analog,1.334799,0,0
5,run4_initcall.txt,init_rc_map_leadtek_y04g0051,1.336973,0,0
5,run4_initcall.txt,init_rc_lme2510_map,1.339147,0,0
5,run4_initcall.txt,init_rc_map_manli,1.341342,0,0
5,run4_initcall.txt,init_rc_map_mecool_kiii_pro,1.343541,0,0
5,run4_initcall.txt,init_rc_map_mecool_kii_pro,1.345735,0,0
5,run4_initcall.txt,init_rc_map_medion_x10_digitainer,1.347889,0,0
5,run4_initcall.txt,init_rc_map_medion_x10,1.350062,0,0
5,run4_initcall.txt,init_rc_map_medion_x10_or2x,1.35225,0,0
5,run4_initcall.txt,init_rc_map_minix_neo,1.354444,0,0
5,run4_initcall.txt,init_rc_map_msi_digivox_iii,1.356651,0,0
5,run4_initcall.txt,init_rc_map_msi_digivox_ii,1.358858,0,0
5,run4_initcall.txt,init_rc_map_msi_tvanywhere,1.361068,0,0
5,run4_initcall.txt,init_rc_map_msi_tvanywhere_plus,1.363242,0,0
5,run4_initcall.txt,init_rc_map_mygica_utv3,1.365429,0,0
5,run4_initcall.txt,init_rc_map_nebula,1.36763,0,0
5,run4_initcall.txt,init_rc_map_nec_terratec_cinergy_xs,1.369824,0,0
5,run4_initcall.txt,init_rc_map_norwood,1.372009,0,0
5,run4_initcall.txt,init_rc_map_npgtech,1.375412,0,76
5,run4_initcall.txt,init_rc_map_odroid,1.377615,0,0
5,run4_initcall.txt,init_rc_map_pctv_sedna,1.379788,0,0
5,run4_initcall.txt,init_rc_map_pine64,1.382037,0,0
5,run4_initcall.txt,init_rc_map_pinnacle_color,1.384315,0,0
5,run4_initcall.txt,init_rc_map_pinnacle_grey,1.386589,0,0
5,run4_initcall.txt,init_rc_map_pinnacle_pctv_hd,1.388866,0,0
5,run4_initcall.txt,init_rc_map_pixelview,1.391129,0,0
5,run4_initcall.txt,init_rc_map_pixelview,1.393419,0,0
5,run4_initcall.txt,init_rc_map_pixelview_new,1.3957,0,0
5,run4_initcall.txt,init_rc_map_pixelview,1.397958,0,0
5,run4_initcall.txt,init_rc_map_powercolor_real_angel,1.400249,0,0
5,run4_initcall.txt,init_rc_map_proteus_2309,1.402554,0,0
5,run4_initcall.txt,init_rc_map_purpletv,1.404856,0,0
5,run4_initcall.txt,init_rc_map_pv951,1.407153,0,0
5,run4_initcall.txt,init_rc_map_rc6_mce,1.409448,0,0
5,run4_initcall.txt,init_rc_map_real_audio_220_32_keys,1.411747,0,0
5,run4_initcall.txt,init_rc_map_reddo,1.414008,0,0
5,run4_initcall.txt,init_rc_map_siemens_gigaset_rc20,1.416307,0,0
5,run4_initcall.txt,init_rc_map_snapstream_firefly,1.418616,0,0
5,run4_initcall.txt,init_rc_map_streamzap,1.420946,0,9
5,run4_initcall.txt,init_rc_map_su3000,1.423261,0,0
5,run4_initcall.txt,init_rc_map_tanix_tx3mini,1.425576,0,0
5,run4_initcall.txt,init_rc_map_tanix_tx5max,1.427883,0,0
5,run4_initcall.txt,init_rc_map_tbs_nec,1.430173,0,0
5,run4_initcall.txt,init_rc_map,1.432518,0,0
5,run4_initcall.txt,init_rc_map,1.434848,0,0
5,run4_initcall.txt,init_rc_map_terratec_cinergy_c_pci,1.437187,0,0
5,run4_initcall.txt,init_rc_map_terratec_cinergy_s2_hd,1.439534,0,0
5,run4_initcall.txt,init_rc_map_terratec_cinergy_xs,1.441866,0,0
5,run4_initcall.txt,init_rc_map_terratec_slim_2,1.444184,0,0
5,run4_initcall.txt,init_rc_map_terratec_slim,1.446472,0,0
5,run4_initcall.txt,init_rc_map_tevii_nec,1.448772,0,0
5,run4_initcall.txt,init_rc_map_tivo,1.451098,0,0
5,run4_initcall.txt,init_rc_map_total_media_in_hand_02,1.453439,0,0
5,run4_initcall.txt,init_rc_map_total_media_in_hand,1.455772,0,0
5,run4_initcall.txt,init_rc_map_trekstor,1.458113,0,0
5,run4_initcall.txt,init_rc_map_tt_1500,1.460441,0,0
5,run4_initcall.txt,init_rc_map_twinhan_vp1027,1.462776,0,0
5,run4_initcall.txt,init_rc_map_twinhan_dtv_cab_ci,1.465081,0,0
5,run4_initcall.txt,init_rc_map_vega_s9x,1.467415,0,0
5,run4_initcall.txt,init_rc_map_videomate_k100,1.469929,0,0
5,run4_initcall.txt,init_rc_map_videomate_s350,1.472185,0,0
5,run4_initcall.txt,init_rc_map_videomate_tv_pvr,1.474437,0,0
5,run4_initcall.txt,init_rc_map_kii_pro,1.476675,0,0
5,run4_initcall.txt,init_rc_map_wetek_hub,1.478912,0,0
5,run4_initcall.txt,init_rc_map_wetek_play2,1.481153,0,38
5,run4_initcall.txt,init_rc_map_winfast,1.483369,0,0
5,run4_initcall.txt,init_rc_map_winfast_usbii_deluxe,1.485615,0,0
5,run4_initcall.txt,init_rc_map_x96max,1.487869,0,0
5,run4_initcall.txt,init_rc_map,1.49012,0,0
5,run4_initcall.txt,init_rc_map,1.492349,0,0
5,run4_initcall.txt,init_rc_map_zx_irdec,1.494573,0,0
5,run4_initcall.txt,ptp_kvm_init,1.496752,-95,0
5,run4_initcall.txt,gpio_poweroff_driver_init,1.499051,0,75
5,run4_initcall.txt,bcm2711_thermal_driver_init,1.502708,0,1431
5,run4_initcall.txt,bcm2835_thermal_driver_init,1.505213,0,239
5,run4_initcall.txt,bcm2835_wdt_driver_init,1.507492,0,27
5,run4_initcall.txt,dt_cpufreq_platdrv_init,1.509793,0,27
5,run4_initcall.txt,brcm_avs_cpufreq_platdrv_init,1.512123,0,41
5,run4_initcall.txt,raspberrypi_cpufreq_driver_init,1.517507,0,3115
5,run4_initcall.txt,mmc_pwrseq_simple_driver_init,1.519959,0,107
5,run4_initcall.txt,mmc_pwrseq_emmc_driver_init,1.525887,0,67
5,run4_initcall.txt,mmc_blk_init,1.528371,0,48
5,run4_initcall.txt,sdhci_drv_init,1.535403,0,2358
5,run4_initcall.txt,bcm2835_mmc_driver_init,1.539051,0,1268
5,run4_initcall.txt,bcm2835_driver_init,1.542704,0,46
5,run4_initcall.txt,sdhci_pltfm_drv_init,1.547436,0,1172
5,run4_initcall.txt,sdhci_iproc_driver_init,1.549937,0,76
5,run4_initcall.txt,sdhci_brcmstb_driver_init,1.550009,0,62
5,run4_initcall.txt,esrt_sysfs_init,1.550021,-38,0
5,run4_initcall.txt,smccc_devices_init,1.550045,0,0
5,run4_initcall.txt,smccc_soc_init,1.550055,0,1
5,run4_initcall.txt,arch_timer_mmio_drv_init,1.550103,0,38
5,run4_initcall.txt,arch_timer_mmio_acpi_drv_init,1.550137,0,24
5,run4_initcall.txt,hid_init,1.550216,0,68
5,run4_initcall.txt,hid_generic_init,1.550265,0,36
5,run4_initcall.txt,hid_init,1.550311,0,36
5,run4_initcall.txt,vchiq_driver_init,1.584065,0,33740
5,run4_initcall.txt,bcm74110_mbox_driver_init,1.586765,0,80
5,run4_initcall.txt,extcon_class_init,1.589456,0,8
5,run4_initcall.txt,armv8_pmu_driver_init,1.595579,0,3294
5,run4_initcall.txt,binder_init,1.59801,0,57
5,run4_initcall.txt,rpi_otp_driver_init,1.604239,0,3879
5,run4_initcall.txt,sock_diag_init,1.606613,0,29
5,run4_initcall.txt,blackhole_init,1.608947,0,7
5,run4_initcall.txt,cls_bpf_init_mod,1.611252,0,0
5,run4_initcall.txt,gre_offload_init,1.613508,0,1
5,run4_initcall.txt,sysctl_ipv4_init,1.615853,0,69
5,run4_initcall.txt,cubictcp_register,1.618139,0,2
5,run4_initcall.txt,packet_init,1.621563,0,1162
5,run4_initcall.txt,init_rpcsec_gss,1.623874,0,22
5,run4_initcall.txt,init_kerberos_module,1.626205,0,5
5,run4_initcall.txt,dcbnl_init,1.628493,0,3
5,run4_initcall.txt,init_dns_resolver,1.631896,0,1147
5,run4_initcall.txt,handshake_init,1.634266,0,31
5,run4_initcall.txt,check_mmu_enabled_at_boot,1.636586,0,0
5,run4_initcall.txt,finalize_pkvm,1.638921,0,0
5,run4_initcall.txt,kernel_do_mounts_initrd_sysctls_init,1.642642,0,6
5,run4_initcall.txt,kernel_panic_sysctls_init,1.645096,0,13
5,run4_initcall.txt,kernel_panic_sysfs_init,1.647509,0,4
5,run4_initcall.txt,kernel_exit_sysctls_init,1.649964,0,2
5,run4_initcall.txt,kernel_exit_sysfs_init,1.652375,0,2
5,run4_initcall.txt,param_sysfs_builtin_init,1.66459,0,9830
5,run4_initcall.txt,reboot_ksysfs_init,1.667066,0,21
5,run4_initcall.txt,sched_core_sysctl_init,1.669473,0,5
5,run4_initcall.txt,sched_fair_sysctl_init,1.671848,0,2
5,run4_initcall.txt,sched_rt_sysctl_init,1.674224,0,3
5,run4_initcall.txt,sched_dl_sysctl_init,1.67659,0,13
5,run4_initcall.txt,sched_init_debug,1.678964,0,79
5,run4_initcall.txt,cpu_latency_qos_init,1.681351,0,128
5,run4_initcall.txt,printk_late_init,1.683652,0,14
5,run4_initcall.txt,init_srcu_module_notifier,1.686215,0,1
5,run4_initcall.txt,kernel_rcu_stall_sysfs_init,1.68857,0,5
5,run4_initcall.txt,swiotlb_create_default_debugfs,1.690945,0,15
5,run4_initcall.txt,tk_debug_sleep_time_init,1.69412,0,773
5,run4_initcall.txt,bpf_ksym_iter_register,1.69656,0,2
5,run4_initcall.txt,kernel_acct_sysctls_init,1.698954,0,10
5,run4_initcall.txt,bpf_rstat_kfunc_init,1.701392,0,14
5,run4_initcall.txt,debugfs_kprobe_init,1.703819,0,28
5,run4_initcall.txt,kernel_delayacct_sysctls_init,1.706229,0,6
5,run4_initcall.txt,taskstats_init,1.710108,0,1473
5,run4_initcall.txt,ftrace_sysctl_init,1.712507,0,9
5,run4_initcall.txt,bpf_kprobe_multi_kfuncs_init,1.714835,0,0
5,run4_initcall.txt,kdb_ftrace_register,1.717209,0,10
5,run4_initcall.txt,bpf_global_ma_init,1.719646,0,81
5,run4_initcall.txt,bpf_syscall_sysctl_init,1.722032,0,5
5,run4_initcall.txt,unbound_reg_init,1.724396,0,0
5,run4_initcall.txt,kfunc_init,1.726752,0,1
5,run4_initcall.txt,bpf_map_iter_init,1.729113,0,5
5,run4_initcall.txt,init_subsystem,1.731422,0,0
5,run4_initcall.txt,task_iter_init,1.733758,0,1
5,run4_initcall.txt,bpf_prog_iter_init,1.73609,0,0
5,run4_initcall.txt,bpf_link_iter_init,1.738428,0,0
5,run4_initcall.txt,init_trampolines,1.740731,0,3
5,run4_initcall.txt,rqspinlock_register_kfuncs,1.743012,0,0
5,run4_initcall.txt,kfunc_init,1.745326,0,5
5,run4_initcall.txt,bpf_cgroup_iter_init,1.747588,0,0
5,run4_initcall.txt,cpumask_kfunc_init,1.749905,0,6
5,run4_initcall.txt,crypto_kfunc_init,1.752214,0,1
5,run4_initcall.txt,bpf_kmem_cache_iter_init,1.754537,0,0
5,run4_initcall.txt,dmabuf_iter_init,1.75685,0,0
5,run4_initcall.txt,load_system_certificate_list,1.760291,0,1144
5,run4_initcall.txt,init_lru_gen,1.762636,0,20
5,run4_initcall.txt,vmstat_late_init,1.76491,0,3
5,run4_initcall.txt,fault_around_debugfs,1.767206,0,3
5,run4_initcall.txt,slab_sysfs_init,1.773426,0,3929
5,run4_initcall.txt,max_swapfiles_check,1.775747,0,0
5,run4_initcall.txt,zswap_init,1.778054,0,0
5,run4_initcall.txt,mempolicy_sysfs_init,1.780314,0,17
5,run4_initcall.txt,memory_tier_late_init,1.785019,0,2358
5,run4_initcall.txt,check_early_ioremap_leak,1.787325,0,0
5,run4_initcall.txt,mg_debugfs_init,1.789646,0,17
5,run4_initcall.txt,fscrypt_init,1.79434,0,2394
5,run4_initcall.txt,pstore_init,1.796614,0,10
5,run4_initcall.txt,init_root_keyring,1.798918,0,31
5,run4_initcall.txt,init_profile_hash,1.801236,0,7
5,run4_initcall.txt,integrity_fs_init,1.803548,0,9
5,run4_initcall.txt,crypto_algapi_init,1.805864,0,9
5,run4_initcall.txt,blk_timeout_init,1.80816,0,0
5,run4_initcall.txt,depot_debugfs_init,1.810498,0,6
5,run4_initcall.txt,pci_resource_alignment_sysfs_init,1.812827,0,5
5,run4_initcall.txt,pci_sysfs_init,1.815145,0,12
5,run4_initcall.txt,clk_debug_init,1.817902,0,407
5,run4_initcall.txt,genpd_debug_init,1.820616,0,349
5,run4_initcall.txt,sync_state_resume_initcall,1.822987,0,1
5,run4_initcall.txt,deferred_probe_initcall,1.893741,0,68377
5,run4_initcall.txt,efi_shutdown_init,1.900209,-19,2
5,run4_initcall.txt,efi_earlycon_unmap_fb,1.902452,0,0
5,run4_initcall.txt,psci_debugfs_init,1.904657,0,0
5,run4_initcall.txt,of_cfs_init,1.910125,0,2229
5,run4_initcall.txt,of_fdt_raw_init,1.912324,0,29
5,run4_initcall.txt,bpf_kfunc_init,1.914512,0,2
5,run4_initcall.txt,init_subsystem,1.916747,0,7
5,run4_initcall.txt,xdp_metadata_init,1.918937,0,0
5,run4_initcall.txt,bpf_sockmap_iter_init,1.921124,0,1
5,run4_initcall.txt,bpf_sk_storage_map_iter_init,1.923327,0,0
5,run4_initcall.txt,bpf_prog_test_run_init,1.92554,0,1
5,run4_initcall.txt,bpf_dummy_struct_ops_init,1.927738,0,0
5,run4_initcall.txt,tcp_congestion_default,1.929916,0,1
5,run4_initcall.txt,inet_blackhole_dev_init,1.932089,0,6
5,run4_initcall.txt,ip_auto_config,1.93428,0,8
5,run4_initcall.txt,tcp_bpf_v4_build_proto,1.936471,0,9
5,run4_initcall.txt,udp_bpf_v4_build_proto,1.938609,0,0
5,run4_initcall.txt,bpf_tcp_ca_kfunc_init,1.94075,0,0
5,run4_initcall.txt,bpf_mptcp_kfunc_init,1.945078,0,41
5,run4_initcall.txt,latency_fsnotify_init,1.94735,0,18
5,run4_initcall.txt,trace_eval_sync,1.949631,0,11
5,run4_initcall.txt,late_trace_init,1.951937,0,0
5,run4_initcall.txt,fb_logo_late_init,1.954338,0,26
5,run4_initcall.txt,amba_stub_drv_init,1.956824,0,62
5,run4_initcall.txt,clk_disable_unused,1.964221,0,4951
5,run4_initcall.txt,genpd_power_off_unused,1.967781,0,1195
5,run4_initcall.txt,regulator_init_complete,1.970218,0,1
5,run4_initcall.txt,of_platform_sync_state_init,1.972681,0,14
6,run5_initcall.txt,default_bdi_init,0.051692,0,0
6,run5_initcall.txt,cgwb_init,0.051715,0,0
6,run5_initcall.txt,percpu_enable_async,0.051731,0,0
6,run5_initcall.txt,kcompactd_init,0.051849,0,0
6,run5_initcall.txt,init_mm_sysctl,0.051871,0,0
6,run5_initcall.txt,init_user_reserve,0.051891,0,0
6,run5_initcall.txt,init_admin_reserve,0.051907,0,0
6,run5_initcall.txt,init_reserve_notifier,0.051923,0,0
6,run5_initcall.txt,swap_init,0.051945,0,0
6,run5_initcall.txt,swapfile_init,0.051973,0,0
6,run5_initcall.txt,memory_tier_init,0.052021,0,0
6,run5_initcall.txt,numa_init_sysfs,0.05204,0,0
6,run5_initcall.txt,mem_cgroup_swap_init,0.052054,0,0
6,run5_initcall.txt,init_msg_buckets,0.052073,0,0
6,run5_initcall.txt,init_bio,0.05212,0,0
6,run5_initcall.txt,blk_ioc_init,0.052136,0,0
6,run5_initcall.txt,blk_mq_init,0.052151,0,0
6,run5_initcall.txt,genhd_device_init,0.052278,0,4000
6,run5_initcall.txt,blkcg_punt_bio_init,0.052379,0,0
6,run5_initcall.txt,blk_integrity_auto_init,0.052449,0,0
6,run5_initcall.txt,io_wq_init,0.052467,0,0
6,run5_initcall.txt,crc_t10dif_mod_init,0.052491,0,0
6,run5_initcall.txt,sha256_mod_init,0.052508,0,0
6,run5_initcall.txt,sha512_mod_init,0.052522,0,0
6,run5_initcall.txt,sg_pool_init,0.052551,0,0
6,run5_initcall.txt,gpiolib_debugfs_init,0.052571,0,0
6,run5_initcall.txt,stmpe_gpio_init,0.052672,0,0
6,run5_initcall.txt,pwm_init,0.052698,0,0
6,run5_initcall.txt,leds_init,0.05273,0,0
6,run5_initcall.txt,pci_slot_init,0.052754,0,0
6,run5_initcall.txt,fbmem_init,0.052813,0,0
6,run5_initcall.txt,bcm2835_dma_init,0.053531,0,0
6,run5_initcall.txt,regulator_fixed_voltage_init,0.053617,0,0
6,run5_initcall.txt,gpio_regulator_init,0.053675,0,0
6,run5_initcall.txt,init_sysrq_sysctl,0.053707,0,0
6,run5_initcall.txt,misc_init,0.053738,0,0
6,run5_initcall.txt,iommu_subsys_init,0.053769,0,0
6,run5_initcall.txt,register_cpu_capacity_sysctl,0.054139,0,0
6,run5_initcall.txt,dma_buf_init,0.054214,0,0
6,run5_initcall.txt,dma_heap_init,0.054243,0,0
6,run5_initcall.txt,init_scsi,0.054394,0,0
6,run5_initcall.txt,mdio_bus_init,0.054428,0,0
6,run5_initcall.txt,phy_init,0.054494,0,0
6,run5_initcall.txt,usb_common_init,0.054516,0,0
6,run5_initcall.txt,usb_init,0.054624,0,0
6,run5_initcall.txt,usb_phy_generic_init,0.054789,0,0
6,run5_initcall.txt,usb_udc_init,0.054823,0,0
6,run5_initcall.txt,usb_roles_init,0.054848,0,0
6,run5_initcall.txt,input_init,0.054876,0,0
6,run5_initcall.txt,rtc_init,0.054897,0,0
6,run5_initcall.txt,rc_core_init,0.054922,0,0
6,run5_initcall.txt,pps_init,0.054952,0,0
6,run5_initcall.txt,ptp_init,0.054977,0,0
6,run5_initcall.txt,power_supply_class_init,0.055004,0,0
6,run5_initcall.txt,hwmon_init,0.055022,0,0
6,run5_initcall.txt,mmc_init,0.05506,0,0
6,run5_initcall.txt,dmi_init,0.055075,0,0
6,run5_initcall.txt,efisubsys_init,0.05509,0,0
6,run5_initcall.txt,arm_pmu_hp_init,0.05511,0,0
6,run5_initcall.txt,ras_init,0.055134,0,0
6,run5_initcall.txt,nvmem_init,0.055173,0,0
6,run5_initcall.txt,init_soundcore,0.055197,0,0
6,run5_initcall.txt,proto_init,0.055218,0,0
6,run5_initcall.txt,net_dev_init,0.05544,0,0
6,run5_initcall.txt,neigh_init,0.055464,0,0
6,run5_initcall.txt,fib_notifier_init,0.055482,0,0
6,run5_initcall.txt,netdev_genl_init,0.055522,0,0
6,run5_initcall.txt,page_pool_user_init,0.055541,0,0
6,run5_initcall.txt,fib_rules_init,0.055561,0,0
6,run5_initcall.txt,init_cgroup_netprio,0.05558,0,0
6,run5_initcall.txt,bpf_lwt_init,0.055597,0,0
6,run5_initcall.txt,pktsched_init,0.05562,0,0
6,run5_initcall.txt,tc_filter_init,0.055656,0,0
6,run5_initcall.txt,tc_action_init,0.055676,0,0
6,run5_initcall.txt,ethnl_init,0.055748,0,0
6,run5_initcall.txt,nexthop_init,0.05577,0,0
6,run5_initcall.txt,devlink_init,0.055848,0,0
6,run5_initcall.txt,wireless_nlevent_init,0.055866,0,0
6,run5_initcall.txt,vsprintf_init_hashval,0.055884,0,0
6,run5_initcall.txt,init_32bit_el0_mask,0.055901,0,0
6,run5_initcall.txt,vga_arb_device_init,0.05604,0,0
6,run5_initcall.txt,watchdog_init,0.05616,0,0
6,run5_initcall.txt,create_debug_debugfs_entry,0.056268,0,0
6,run5_initcall.txt,iomem_init_inode,0.056313,0,0
6,run5_initcall.txt,clocksource_done_booting,0.056363,0,13
6,run5_initcall.txt,tracer_init_tracefs,0.05639,0,9
6,run5_initcall.txt,init_trace_printk_function_export,0.056469,0,64
6,run5_initcall.txt,init_graph_tracefs,0.05649,0,2
6,run5_initcall.txt,bpf_event_init,0.056505,0,1
6,run5_initcall.txt,init_kprobe_trace,0.454127,0,397603
6,run5_initcall.txt,init_dynamic_event,0.454216,0,16
6,run5_initcall.txt,bpf_init,0.454265,0,21
6,run5_initcall.txt,secretmem_init,0.454331,0,50
6,run5_initcall.txt,init_fs_stat_sysctls,0.454361,0,13
6,run5_initcall.txt,init_fs_exec_sysctls,0.454377,0,1
6,run5_initcall.txt,init_pipe_fs,0.454415,0,23
6,run5_initcall.txt,init_fs_namei_sysctls,0.454434,0,2
6,run5_initcall.txt,init_fs_dcache_sysctls,0.454455,0,7
6,run5_initcall.txt,init_fs_namespace_sysctls,0.454472,0,1
6,run5_initcall.txt,cgroup_writeback_init,0.454504,0,13
6,run5_initcall.txt,inotify_user_setup,0.454536,0,16
6,run5_initcall.txt,eventpoll_init,0.45457,0,18
6,run5_initcall.txt,anon_inode_init,0.454602,0,15
6,run5_initcall.txt,proc_locks_init,0.454624,0,5
6,run5_initcall.txt,backing_aio_init,0.454642,0,2
6,run5_initcall.txt,init_fs_coredump_sysctls,0.454667,0,9
6,run5_initcall.txt,init_vm_drop_caches_sysctls,0.454686,0,2
6,run5_initcall.txt,iomap_dio_init,0.454729,0,25
6,run5_initcall.txt,iomap_ioend_init,0.454772,0,28
6,run5_initcall.txt,dquot_init,0.454965,0,176
6,run5_initcall.txt,proc_cmdline_init,0.45499,0,2
6,run5_initcall.txt,proc_consoles_init,0.455008,0,1
6,run5_initcall.txt,proc_cpuinfo_init,0.455025,0,1
6,run5_initcall.txt,proc_devices_init,0.455041,0,0
6,run5_initcall.txt,proc_interrupts_init,0.45506,0,1
6,run5_initcall.txt,proc_loadavg_init,0.455077,0,1
6,run5_initcall.txt,proc_meminfo_init,0.455093,0,0
6,run5_initcall.txt,proc_stat_init,0.45511,0,1
6,run5_initcall.txt,proc_uptime_init,0.45513,0,4
6,run5_initcall.txt,proc_version_init,0.455147,0,1
6,run5_initcall.txt,proc_softirqs_init,0.455164,0,0
6,run5_initcall.txt,proc_kmsg_init,0.455181,0,2
6,run5_initcall.txt,proc_page_init,0.4552,0,2
6,run5_initcall.txt,init_ramfs_fs,0.455217,0,1
6,run5_initcall.txt,aa_create_aafs,0.455235,0,0
6,run5_initcall.txt,chr_dev_init,0.458313,0,3057
6,run5_initcall.txt,hwrng_modinit,0.458403,0,48
6,run5_initcall.txt,firmware_class_init,0.458424,0,1
6,run5_initcall.txt,sysctl_core_init,0.458471,0,28
6,run5_initcall.txt,eth_offload_init,0.458497,0,0
6,run5_initcall.txt,ipv4_offload_init,0.458515,0,2
6,run5_initcall.txt,inet_init,0.462268,0,3739
6,run5_initcall.txt,af_unix_init,0.462316,0,20
6,run5_initcall.txt,ipv6_offload_init,0.462334,0,2
6,run5_initcall.txt,init_sunrpc,0.462708,0,360
6,run5_initcall.txt,vlan_offload_init,0.462734,0,0
6,run5_initcall.txt,pci_apply_final_quirks,0.462763,0,11
6,run5_initcall.txt,populate_rootfs,0.462787,0,7
6,run5_initcall.txt,register_arm64_panic_block,0.462901,0,1
6,run5_initcall.txt,cpuinfo_regs_init,0.463004,0,87
6,run5_initcall.txt,aarch32_el0_sysfs_init,0.463023,0,0
6,run5_initcall.txt,kvm_arm_init,0.466685,0,3643
6,run5_initcall.txt,proc_execdomains_init,0.466727,0,3
6,run5_initcall.txt,register_warn_debugfs,0.466759,0,4
6,run5_initcall.txt,cpuhp_sysfs_init,0.466802,0,24
6,run5_initcall.txt,ioresources_init,0.466825,0,6
6,run5_initcall.txt,psi_proc_init,0.46684,0,0
6,run5_initcall.txt,irq_gc_init_ops,0.466855,0,0
6,run5_initcall.txt,irq_debugfs_init,0.466946,0,75
6,run5_initcall.txt,proc_modules_init,0.466964,0,1
6,run5_initcall.txt,timer_sysctl_init,0.466989,0,9
6,run5_initcall.txt,timekeeping_init_ops,0.467007,0,0
6,run5_initcall.txt,init_clocksource_sysfs,0.467083,0,60
6,run5_initcall.txt,init_timer_list_procfs,0.467104,0,1
6,run5_initcall.txt,alarmtimer_init,0.467177,0,56
6,run5_initcall.txt,clockevents_init_sysfs,0.467371,0,175
6,run5_initcall.txt,sched_clock_syscore_init,0.467391,0,0
6,run5_initcall.txt,kallsyms_init,0.46741,0,1
6,run5_initcall.txt,pid_namespaces_init,0.467452,0,24
6,run5_initcall.txt,audit_watch_init,0.467473,0,1
6,run5_initcall.txt,audit_fsnotify_init,0.46749,0,0
6,run5_initcall.txt,audit_tree_init,0.467512,0,5
6,run5_initcall.txt,seccomp_sysctl_init,0.467534,0,4
6,run5_initcall.txt,utsname_sysctl_init,0.467558,0,6
6,run5_initcall.txt,init_tracepoints,0.467577,0,1
6,run5_initcall.txt,init_lstats_procfs,0.467598,0,4
6,run5_initcall.txt,stack_trace_init,0.467638,0,24
6,run5_initcall.txt,init_blk_tracer,0.467671,0,16
6,run5_initcall.txt,perf_event_sysfs_init,0.467778,0,91
6,run5_initcall.txt,system_trusted_keyring_init,0.46781,0,14
6,run5_initcall.txt,kswapd_init,0.468008,0,181
6,run5_initcall.txt,extfrag_debug_init,0.468033,0,7
6,run5_initcall.txt,mm_compute_batch_init,0.46805,0,0
6,run5_initcall.txt,slab_proc_init,0.46807,0,2
6,run5_initcall.txt,workingset_init,0.468095,0,8
6,run5_initcall.txt,proc_vmalloc_init,0.468113,0,1
6,run5_initcall.txt,memblock_init_debugfs,0.468148,0,18
6,run5_initcall.txt,slab_debugfs_init,0.468172,0,5
6,run5_initcall.txt,procswaps_init,0.468192,0,1
6,run5_initcall.txt,zs_init,0.468208,0,0
6,run5_initcall.txt,fcntl_init,0.468225,0,3
6,run5_initcall.txt,proc_filesystems_init,0.468241,0,1
6,run5_initcall.txt,start_dirtytime_writeback,0.468263,0,6
6,run5_initcall.txt,dio_init,0.46828,0,1
6,run5_initcall.txt,dnotify_init,0.468308,0,14
6,run5_initcall.txt,fanotify_user_setup,0.468334,0,9
6,run5_initcall.txt,aio_setup,0.468413,0,63
6,run5_initcall.txt,mbcache_init,0.468437,0,5
6,run5_initcall.txt,init_grace,0.468455,0,3
6,run5_initcall.txt,init_devpts_fs,0.46848,0,8
6,run5_initcall.txt,ext4_init_fs,0.468571,0,75
6,run5_initcall.txt,journal_init,0.468604,0,14
6,run5_initcall.txt,init_fat_fs,0.468626,0,5
6,run5_initcall.txt,init_vfat_fs,0.468643,0,1
6,run5_initcall.txt,init_msdos_fs,0.468659,0,0
6,run5_initcall.txt,init_nfs_fs,0.468815,0,139
6,run5_initcall.txt,init_nfs_v2,0.468836,0,0
6,run5_initcall.txt,init_nfs_v3,0.468852,0,0
6,run5_initcall.txt,init_nfs_v4,0.4689,0,31
6,run5_initcall.txt,nfs4filelayout_init,0.468924,0,6
6,run5_initcall.txt,nfs4flexfilelayout_init,0.468949,0,7
6,run5_initcall.txt,init_nlm,0.468994,0,28
6,run5_initcall.txt,init_nls_cp437,0.469012,0,0
6,run5_initcall.txt,init_nls_ascii,0.469029,0,0
6,run5_initcall.txt,init_autofs_fs,0.469141,0,94
6,run5_initcall.txt,init_f2fs_fs,0.469285,0,124
6,run5_initcall.txt,ipc_init,0.469319,0,14
6,run5_initcall.txt,ipc_sysctl_init,0.469358,0,20
6,run5_initcall.txt,init_mqueue_fs,0.469418,0,41
6,run5_initcall.txt,key_proc_init,0.469441,0,3
6,run5_initcall.txt,bpf_crypto_skcipher_init,0.469457,0,0
6,run5_initcall.txt,dh_init,0.469474,0,2
6,run5_initcall.txt,rsa_init,0.469489,0,1
6,run5_initcall.txt,cryptomgr_init,0.469503,0,0
6,run5_initcall.txt,hmac_module_init,0.469517,0,0
6,run5_initcall.txt,crypto_sha256_mod_init,0.469534,0,3
6,run5_initcall.txt,crypto_ecb_module_init,0.469548,0,0
6,run5_initcall.txt,crypto_cbc_module_init,0.469562,0,0
6,run5_initcall.txt,crypto_cts_module_init,0.469575,0,0
6,run5_initcall.txt,xts_module_init,0.469589,0,0
6,run5_initcall.txt,des_generic_mod_init,0.469604,0,1
6,run5_initcall.txt,aes_init,0.469618,0,0
6,run5_initcall.txt,lzo_mod_init,0.469632,0,1
6,run5_initcall.txt,lzorle_mod_init,0.469646,0,0
6,run5_initcall.txt,asymmetric_key_init,0.469665,0,5
6,run5_initcall.txt,x509_key_init,0.469684,0,5
6,run5_initcall.txt,crypto_kdf108_init,0.469697,0,0
6,run5_initcall.txt,blkdev_init,0.469729,0,18
6,run5_initcall.txt,proc_genhd_init,0.469747,0,2
6,run5_initcall.txt,bsg_init,0.469776,0,15
6,run5_initcall.txt,throtl_init,0.469862,0,72
6,run5_initcall.txt,deadline_init,0.469884,0,6
6,run5_initcall.txt,kyber_init,0.469902,0,5
6,run5_initcall.txt,bfq_init,0.469938,0,21
6,run5_initcall.txt,io_uring_init,0.469974,0,22
6,run5_initcall.txt,btree_module_init,0.469993,0,2
6,run5_initcall.txt,percpu_counter_startup,0.470055,0,46
6,run5_initcall.txt,audit_classes_init,0.470082,0,3
6,run5_initcall.txt,gicv5_iwb_platform_driver_init,0.470191,0,91
6,run5_initcall.txt,mip_msi_driver_init,0.47025,0,40
6,run5_initcall.txt,bcm7038_l1_driver_init,0.470303,0,35
6,run5_initcall.txt,bcm7120_l2_driver_init,0.470361,0,40
6,run5_initcall.txt,brcmstb_l2_driver_init,0.470663,0,285
6,run5_initcall.txt,simple_pm_bus_driver_init,0.471236,0,552
6,run5_initcall.txt,phy_core_init,0.471269,0,14
6,run5_initcall.txt,brcm_usb_driver_init,0.471357,0,70
6,run5_initcall.txt,rp1_pinctrl_driver_init,0.471407,0,34
6,run5_initcall.txt,bcm2835_pinctrl_driver_init,0.47234,0,915
6,run5_initcall.txt,bcm2712_pinctrl_driver_init,0.472457,0,64
6,run5_initcall.txt,brcmvirt_gpio_driver_init,0.472533,0,56
6,run5_initcall.txt,brcmstb_gpio_driver_init,0.47259,0,38
6,run5_initcall.txt,rpi_exp_gpio_driver_init,0.473053,0,443
6,run5_initcall.txt,brcmstb_pwm_driver_init,0.473112,0,40
6,run5_initcall.txt,rp1_pwm_driver_init,0.473165,0,35
6,run5_initcall.txt,gpio_led_driver_init,0.474957,0,1766
6,run5_initcall.txt,led_pwm_driver_init,0.475036,0,50
6,run5_initcall.txt,timer_led_trigger_init,0.475055,0,1
6,run5_initcall.txt,oneshot_led_trigger_init,0.475072,0,0
6,run5_initcall.txt,heartbeat_trig_init,0.475093,0,3
6,run5_initcall.txt,bl_led_trigger_init,0.475109,0,0
6,run5_initcall.txt,ledtrig_cpu_init,0.475181,0,55
6,run5_initcall.txt,defon_led_trigger_init,0.47523,0,32
6,run5_initcall.txt,input_trig_init,0.47525,0,1
6,run5_initcall.txt,ledtrig_panic_init,0.475268,0,1
6,run5_initcall.txt,actpwr_trig_init,0.475432,0,148
6,run5_initcall.txt,pcie_portdrv_init,0.475506,0,52
6,run5_initcall.txt,pci_proc_init,0.475533,0,10
6,run5_initcall.txt,brcm_pcie_driver_init,0.589239,0,113688
6,run5_initcall.txt,bcm2708_fb_init,0.589327,0,62
6,run5_initcall.txt,simplefb_driver_init,0.596301,0,6955
6,run5_initcall.txt,of_fixed_factor_clk_driver_init,0.596403,0,39
6,run5_initcall.txt,of_fixed_clk_driver_init,0.596489,0,34
6,run5_initcall.txt,gpio_clk_driver_init,0.59658,0,44
6,run5_initcall.txt,gated_fixed_clk_driver_init,0.596663,0,34
6,run5_initcall.txt,rp1_clk_driver_init,0.596747,0,35
6,run5_initcall.txt,rp1_sdio_clk_driver_init,0.596835,0,35
6,run5_initcall.txt,clk_dvp_driver_init,0.597024,0,141
6,run5_initcall.txt,bcm2835_aux_clk_driver_init,0.59714,0,66
6,run5_initcall.txt,raspberrypi_clk_driver_init,0.612748,0,15556
6,run5_initcall.txt,dw_driver_init,0.612851,0,51
6,run5_initcall.txt,bcm2835_power_driver_init,0.612926,0,26
6,run5_initcall.txt,rpi_power_driver_init,0.631223,0,18248
6,run5_initcall.txt,brcmstb_reset_driver_init,0.63324,0,43
6,run5_initcall.txt,brcm_rescal_reset_driver_init,0.635251,0,39
6,run5_initcall.txt,rpi_reset_driver_init,0.638267,0,1069
6,run5_initcall.txt,reset_simple_driver_init,0.64032,0,86
6,run5_initcall.txt,n_null_init,0.642287,0,0
6,run5_initcall.txt,pty_init,0.644323,0,87
6,run5_initcall.txt,sysrq_init,0.646293,0,14
6,run5_initcall.txt,serial8250_init,0.648212,-19,0
6,run5_initcall.txt,bcm2835aux_serial_driver_init,0.650215,0,46
6,run5_initcall.txt,brcmuart_init,0.652228,0,58
6,run5_initcall.txt,exar_pci_driver_init,0.654221,0,27
6,run5_initcall.txt,of_platform_serial_driver_init,0.656277,0,101
6,run5_initcall.txt,serial_pci_driver_init,0.658257,0,32
6,run5_initcall.txt,pericom8250_pci_driver_init,0.660218,0,20
6,run5_initcall.txt,init_kgdboc,0.663197,0,1036
6,run5_initcall.txt,random_sysctls_init,0.665121,0,15
6,run5_initcall.txt,ttyprintk_init,0.667137,0,63
6,run5_initcall.txt,bcm2835_rng_driver_init,0.669166,0,65
6,run5_initcall.txt,bcm74110_rng_driver_init,0.671197,0,39
6,run5_initcall.txt,iproc_rng200_driver_init,0.675509,0,2281
6,run5_initcall.txt,smccc_trng_driver_init,0.677663,0,32
6,run5_initcall.txt,vc_mem_init,0.681004,0,1197
6,run5_initcall.txt,vcio_driver_init,0.684712,0,1461
6,run5_initcall.txt,bcm2712_iommu_driver_init,0.68707,0,44
6,run5_initcall.txt,bcm2712_iommu_cache_driver_init,0.689482,0,39
6,run5_initcall.txt,topology_sysfs_init,0.691943,0,60
6,run5_initcall.txt,cacheinfo_sysfs_init,0.694621,0,240
6,run5_initcall.txt,devcoredump_init,0.69706,0,14
6,run5_initcall.txt,brd_init,0.704671,0,5172
6,run5_initcall.txt,loop_init,0.71087,0,3770
6,run5_initcall.txt,bcm2835_pm_driver_init,0.714584,0,1319
6,run5_initcall.txt,stmpe_i2c_driver_init,0.717019,0,15
6,run5_initcall.txt,stmpe_spi_driver_init,0.719438,0,17
6,run5_initcall.txt,rp1_driver_init,0.721865,0,27
6,run5_initcall.txt,system_heap_create,0.724338,0,78
6,run5_initcall.txt,add_default_cma_heap,0.72684,0,88
6,run5_initcall.txt,udmabuf_dev_init,0.729303,0,59
6,run5_initcall.txt,iscsi_transport_init,0.733072,0,1421
6,run5_initcall.txt,init_sd,0.735499,0,25
6,run5_initcall.txt,nvme_core_init,0.738176,0,274
6,run5_initcall.txt,nvme_init,0.740621,0,32
6,run5_initcall.txt,blackhole_netdev_init,0.743033,0,18
6,run5_initcall.txt,netkit_init,0.74542,0,5
6,run5_initcall.txt,phylink_init,0.747762,0,0
6,run5_initcall.txt,phy_module_init,0.750321,0,172
6,run5_initcall.txt,phy_module_init,0.752882,0,184
6,run5_initcall.txt,fixed_mdio_bus_init,0.755406,0,154
6,run5_initcall.txt,phy_module_init,0.757969,0,181
6,run5_initcall.txt,phy_module_init,0.760354,0,18
6,run5_initcall.txt,phy_module_init,0.762753,0,65
6,run5_initcall.txt,unimac_mdio_driver_init,0.765168,0,127
6,run5_initcall.txt,macb_driver_init,0.76761,0,121
6,run5_initcall.txt,bcmgenet_driver_init,0.965353,0,195425
6,run5_initcall.txt,bcmasp_driver_init,0.967759,0,84
6,run5_initcall.txt,lan78xx_driver_init,0.971289,0,1203
6,run5_initcall.txt,smsc95xx_driver_init,0.974835,0,1192
6,run5_initcall.txt,usbnet_init,0.977191,0,0
6,run5_initcall.txt,xhci_hcd_init,0.979557,0,13
6,run5_initcall.txt,xhci_pci_init,1.107377,0,125513
6,run5_initcall.txt,xhci_plat_init,1.109769,0,120
6,run5_initcall.txt,dwc_otg_driver_init,1.116584,0,4552
6,run5_initcall.txt,dwc_common_port_init_module,1.120055,0,1236
6,run5_initcall.txt,dwc3_driver_init,1.122359,0,56
6,run5_initcall.txt,dwc3_haps_driver_init,1.124624,0,26
6,run5_initcall.txt,dwc3_of_simple_driver_init,1.126926,0,67
6,run5_initcall.txt,dwc3_generic_driver_init,1.129204,0,41
6,run5_initcall.txt,dwc2_platform_driver_init,1.131546,0,152
6,run5_initcall.txt,uas_init,1.134977,0,1211
6,run5_initcall.txt,usb_storage_driver_init,1.138312,0,1124
6,run5_initcall.txt,brcmstb_usb_pinmap_init,1.140572,-19,71
6,run5_initcall.txt,bdc_driver_init,1.142804,0,46
6,run5_initcall.txt,input_leds_init,1.145042,0,1
6,run5_initcall.txt,mousedev_init,1.1484,0,1206
6,run5_initcall.txt,evdev_init,1.150636,0,0
6,run5_initcall.txt,brcmstb_waketmr_driver_init,1.152904,0,46
6,run5_initcall.txt,rpi_rtc_driver_init,1.155172,0,40
6,run5_initcall.txt,init_rc_map_adstech_dvb_t_pci,1.157393,0,0
6,run5_initcall.txt,init_rc_map_alink_dtu_m,1.159604,0,0
6,run5_initcall.txt,init_rc_map_anysee,1.161819,0,0
6,run5_initcall.txt,init_rc_map_apac_viewcomp,1.164008,0,0
6,run5_initcall.txt,init_rc_map_t2hybrid,1.166254,0,0
6,run5_initcall.txt,init_rc_map_asus_pc39,1.168477,0,0
6,run5_initcall.txt,init_rc_map_asus_ps3_100,1.170696,0,0
6,run5_initcall.txt,init_rc_map_ati_tv_wonder_hd_600,1.172915,0,0
6,run5_initcall.txt,init_rc_map_ati_x10,1.175141,0,0
6,run5_initcall.txt,init_rc_map_avermedia_a16d,1.177397,0,0
6,run5_initcall.txt,init_rc_map_avermedia_cardbus,1.179643,0,0
6,run5_initcall.txt,init_rc_map_avermedia_dvbt,1.181859,0,0
6,run5_initcall.txt,init_rc_map_avermedia_m135a,1.184109,0,0
6,run5_initcall.txt,init_rc_map_avermedia_m733a_rm_k6,1.186383,0,0
6,run5_initcall.txt,init_rc_map_avermedia,1.188654,0,0
6,run5_initcall.txt,init_rc_map_avermedia_rm_ks,1.190918,0,0
6,run5_initcall.txt,init_rc_map_avertv_303,1.193187,0,0
6,run5_initcall.txt,init_rc_map_azurewave_ad_tu700,1.195438,0,0
6,run5_initcall.txt,init_rc_map_beelink_gs1,1.197641,0,0
6,run5_initcall.txt,init_rc_map_beelink_mxiii,1.199885,0,0
6,run5_initcall.txt,init_rc_map_behold_columbus,1.202139,0,0
6,run5_initcall.txt,init_rc_map_behold,1.204618,0,232
6,run5_initcall.txt,init_rc_map_budget_ci_old,1.206859,0,0
6,run5_initcall.txt,init_rc_map_cinergy_1400,1.209089,0,0
6,run5_initcall.txt,init_rc_map_cinergy,1.211304,0,0
6,run5_initcall.txt,init_rc_map_ct_90405,1.213481,0,0
6,run5_initcall.txt,init_rc_map_d680_dmb,1.215665,0,0
6,run5_initcall.txt,init_rc_map_delock_61959,1.2179,0,0
6,run5_initcall.txt,init_rc_map,1.220075,0,0
6,run5_initcall.txt,init_rc_map,1.222391,0,101
6,run5_initcall.txt,init_rc_map_digitalnow_tinytwin,1.224671,0,3
6,run5_initcall.txt,init_rc_map_digittrade,1.226845,0,0
6,run5_initcall.txt,init_rc_map_dm1105_nec,1.229024,0,13
6,run5_initcall.txt,init_rc_map_dntv_live_dvb_t,1.23119,0,0
6,run5_initcall.txt,init_rc_map_dntv_live_dvbt_pro,1.233368,0,1
6,run5_initcall.txt,init_rc_map_dreambox,1.235536,0,0
6,run5_initcall.txt,init_rc_map_dtt200u,1.237724,0,0
6,run5_initcall.txt,init_rc_map_rc5_dvbsky,1.239884,0,0
6,run5_initcall.txt,init_rc_map_dvico_mce,1.242058,0,0
6,run5_initcall.txt,init_rc_map_dvico_portable,1.244218,0,0
6,run5_initcall.txt,init_rc_map_em_terratec,1.246375,0,0
6,run5_initcall.txt,init_rc_map_encore_enltv2,1.248496,0,0
6,run5_initcall.txt,init_rc_map_encore_enltv_fm53,1.250657,0,0
6,run5_initcall.txt,init_rc_map_encore_enltv,1.252828,0,0
6,run5_initcall.txt,init_rc_map_evga_indtube,1.254968,0,0
6,run5_initcall.txt,init_rc_map_eztv,1.257115,0,0
6,run5_initcall.txt,init_rc_map_flydvb,1.259243,0,0
6,run5_initcall.txt,init_rc_map_flyvideo,1.261368,0,0
6,run5_initcall.txt,init_rc_map_fusionhdtv_mce,1.263457,0,0
6,run5_initcall.txt,init_rc_map_gadmei_rm008z,1.265553,0,0
6,run5_initcall.txt,init_rc_map_geekbox,1.26766,0,0
6,run5_initcall.txt,init_rc_map_genius_tvgo_a11mce,1.269762,0,0
6,run5_initcall.txt,init_rc_map_gotview7135,1.271849,0,0
6,run5_initcall.txt,init_rc_map_rc5_hauppauge_new,1.273962,0,0
6,run5_initcall.txt,init_rc_map_hisi_poplar,1.276073,0,0
6,run5_initcall.txt,init_rc_map_hisi_tv_demo,1.278197,0,0
6,run5_initcall.txt,init_rc_map_imon_mce,1.280267,0,0
6,run5_initcall.txt,init_rc_map_imon_pad,1.282389,0,0
6,run5_initcall.txt,init_rc_map_imon_rsc,1.284506,0,0
6,run5_initcall.txt,init_rc_map_iodata_bctv7e,1.286592,0,0
6,run5_initcall.txt,init_rc_it913x_v1_map,1.288694,0,0
6,run5_initcall.txt,init_rc_it913x_v2_map,1.290793,0,0
6,run5_initcall.txt,init_rc_map_kaiomy,1.292894,0,0
6,run5_initcall.txt,init_rc_map_khadas,1.294986,0,0
6,run5_initcall.txt,init_rc_map_khamsin,1.297029,0,0
6,run5_initcall.txt,init_rc_map_kworld_315u,1.299103,0,0
6,run5_initcall.txt,init_rc_map_kworld_pc150u,1.301173,0,0
6,run5_initcall.txt,init_rc_map_kworld_plus_tv_analog,1.303237,0,0
6,run5_initcall.txt,init_rc_map_leadtek_y04g0051,1.305314,0,0
6,run5_initcall.txt,init_rc_lme2510_map,1.30739,0,0
6,run5_initcall.txt,init_rc_map_manli,1.309483,0,0
6,run5_initcall.txt,init_rc_map_mecool_kiii_pro,1.311588,0,0
6,run5_initcall.txt,init_rc_map_mecool_kii_pro,1.313642,0,0
6,run5_initcall.txt,init_rc_map_medion_x10_digitainer,1.315736,0,0
6,run5_initcall.txt,init_rc_map_medion_x10,1.317834,0,0
6,run5_initcall.txt,init_rc_map_medion_x10_or2x,1.319924,0,0
6,run5_initcall.txt,init_rc_map_minix_neo,1.322021,0,0
6,run5_initcall.txt,init_rc_map_msi_digivox_iii,1.324134,0,0
6,run5_initcall.txt,init_rc_map_msi_digivox_ii,1.326257,0,0
6,run5_initcall.txt,init_rc_map_msi_tvanywhere,1.328372,0,0
6,run5_initcall.txt,init_rc_map_msi_tvanywhere_plus,1.33044,0,0
6,run5_initcall.txt,init_rc_map_mygica_utv3,1.332549,0,0
6,run5_initcall.txt,init_rc_map_nebula,1.334659,0,0
6,run5_initcall.txt,init_rc_map_nec_terratec_cinergy_xs,1.336762,0,0
6,run5_initcall.txt,init_rc_map_norwood,1.338871,0,0
6,run5_initcall.txt,init_rc_map_npgtech,1.340983,0,0
6,run5_initcall.txt,init_rc_map_odroid,1.343082,0,0
6,run5_initcall.txt,init_rc_map_pctv_sedna,1.345167,0,0
6,run5_initcall.txt,init_rc_map_pine64,1.347231,0,0
6,run5_initcall.txt,init_rc_map_pinnacle_color,1.349342,0,0
6,run5_initcall.txt,init_rc_map_pinnacle_grey,1.352515,0,0
6,run5_initcall.txt,init_rc_map_pinnacle_pctv_hd,1.354633,0,0
6,run5_initcall.txt,init_rc_map_pixelview,1.356751,0,0
6,run5_initcall.txt,init_rc_map_pixelview,1.358873,0,0
6,run5_initcall.txt,init_rc_map_pixelview_new,1.361,0,0
6,run5_initcall.txt,init_rc_map_pixelview,1.363117,0,0
6,run5_initcall.txt,init_rc_map_powercolor_real_angel,1.365218,0,0
6,run5_initcall.txt,init_rc_map_proteus_2309,1.36736,0,0
6,run5_initcall.txt,init_rc_map_purpletv,1.369503,0,0
6,run5_initcall.txt,init_rc_map_pv951,1.371631,0,0
6,run5_initcall.txt,init_rc_map_rc6_mce,1.373757,0,0
6,run5_initcall.txt,init_rc_map_real_audio_220_32_keys,1.375883,0,0
6,run5_initcall.txt,init_rc_map_reddo,1.378019,0,0
6,run5_initcall.txt,init_rc_map_siemens_gigaset_rc20,1.380131,0,0
6,run5_initcall.txt,init_rc_map_snapstream_firefly,1.382255,0,0
6,run5_initcall.txt,init_rc_map_streamzap,1.384398,0,0
6,run5_initcall.txt,init_rc_map_su3000,1.386547,0,0
6,run5_initcall.txt,init_rc_map_tanix_tx3mini,1.388694,0,0
6,run5_initcall.txt,init_rc_map_tanix_tx5max,1.390838,0,0
6,run5_initcall.txt,init_rc_map_tbs_nec,1.393026,0,0
6,run5_initcall.txt,init_rc_map,1.395192,0,0
6,run5_initcall.txt,init_rc_map,1.39732,0,0
6,run5_initcall.txt,init_rc_map_terratec_cinergy_c_pci,1.399487,0,0
6,run5_initcall.txt,init_rc_map_terratec_cinergy_s2_hd,1.401662,0,0
6,run5_initcall.txt,init_rc_map_terratec_cinergy_xs,1.403819,0,0
6,run5_initcall.txt,init_rc_map_terratec_slim_2,1.405987,0,0
6,run5_initcall.txt,init_rc_map_terratec_slim,1.408155,0,0
6,run5_initcall.txt,init_rc_map_tevii_nec,1.410344,0,0
6,run5_initcall.txt,init_rc_map_tivo,1.412534,0,0
6,run5_initcall.txt,init_rc_map_total_media_in_hand_02,1.414686,0,0
6,run5_initcall.txt,init_rc_map_total_media_in_hand,1.41688,0,0
6,run5_initcall.txt,init_rc_map_trekstor,1.419047,0,0
6,run5_initcall.txt,init_rc_map_tt_1500,1.421212,0,0
6,run5_initcall.txt,init_rc_map_twinhan_vp1027,1.423369,0,0
6,run5_initcall.txt,init_rc_map_twinhan_dtv_cab_ci,1.425543,0,0
6,run5_initcall.txt,init_rc_map_vega_s9x,1.427707,0,0
6,run5_initcall.txt,init_rc_map_videomate_k100,1.429861,0,0
6,run5_initcall.txt,init_rc_map_videomate_s350,1.431989,0,0
6,run5_initcall.txt,init_rc_map_videomate_tv_pvr,1.434131,0,0
6,run5_initcall.txt,init_rc_map_kii_pro,1.436258,0,0
6,run5_initcall.txt,init_rc_map_wetek_hub,1.438397,0,0
6,run5_initcall.txt,init_rc_map_wetek_play2,1.440524,0,0
6,run5_initcall.txt,init_rc_map_winfast,1.442659,0,0
6,run5_initcall.txt,init_rc_map_winfast_usbii_deluxe,1.445044,0,233
6,run5_initcall.txt,init_rc_map_x96max,1.447175,0,0
6,run5_initcall.txt,init_rc_map,1.449329,0,0
6,run5_initcall.txt,init_rc_map,1.45147,0,0
6,run5_initcall.txt,init_rc_map_zx_irdec,1.4536,0,0
6,run5_initcall.txt,ptp_kvm_init,1.455721,-95,0
6,run5_initcall.txt,gpio_poweroff_driver_init,1.45799,0,85
6,run5_initcall.txt,bcm2711_thermal_driver_init,1.46155,0,1413
6,run5_initcall.txt,bcm2835_thermal_driver_init,1.463726,0,55
6,run5_initcall.txt,bcm2835_wdt_driver_init,1.465931,0,26
6,run5_initcall.txt,dt_cpufreq_platdrv_init,1.468138,0,26
6,run5_initcall.txt,brcm_avs_cpufreq_platdrv_init,1.470415,0,46
6,run5_initcall.txt,raspberrypi_cpufreq_driver_init,1.475631,0,3002
6,run5_initcall.txt,mmc_pwrseq_simple_driver_init,1.477989,0,79
6,run5_initcall.txt,mmc_pwrseq_emmc_driver_init,1.480265,0,45
6,run5_initcall.txt,mmc_blk_init,1.482583,0,33
6,run5_initcall.txt,sdhci_drv_init,1.487307,0,2404
6,run5_initcall.txt,bcm2835_mmc_driver_init,1.490942,0,1252
6,run5_initcall.txt,bcm2835_driver_init,1.493349,0,46
6,run5_initcall.txt,sdhci_pltfm_drv_init,1.500428,0,2437
6,run5_initcall.txt,sdhci_iproc_driver_init,1.503012,0,100
6,run5_initcall.txt,sdhci_brcmstb_driver_init,1.50311,0,78
6,run5_initcall.txt,esrt_sysfs_init,1.503123,-38,0
6,run5_initcall.txt,smccc_devices_init,1.503134,0,1
6,run5_initcall.txt,smccc_soc_init,1.503144,0,0
6,run5_initcall.txt,arch_timer_mmio_drv_init,1.503192,0,38
6,run5_initcall.txt,arch_timer_mmio_acpi_drv_init,1.503237,0,33
6,run5_initcall.txt,hid_init,1.503307,0,59
6,run5_initcall.txt,hid_generic_init,1.503375,0,37
6,run5_initcall.txt,hid_init,1.503427,0,41
6,run5_initcall.txt,vchiq_driver_init,1.540314,0,36874
6,run5_initcall.txt,bcm74110_mbox_driver_init,1.54301,0,91
6,run5_initcall.txt,extcon_class_init,1.545634,0,11
6,run5_initcall.txt,armv8_pmu_driver_init,1.551659,0,3239
6,run5_initcall.txt,binder_init,1.55413,0,76
6,run5_initcall.txt,rpi_otp_driver_init,1.560244,0,3793
6,run5_initcall.txt,sock_diag_init,1.56256,0,35
6,run5_initcall.txt,blackhole_init,1.564788,0,1
6,run5_initcall.txt,cls_bpf_init_mod,1.567031,0,0
6,run5_initcall.txt,gre_offload_init,1.569267,0,0
6,run5_initcall.txt,sysctl_ipv4_init,1.57153,0,73
6,run5_initcall.txt,cubictcp_register,1.5737,0,3
6,run5_initcall.txt,packet_init,1.576939,0,1092
6,run5_initcall.txt,init_rpcsec_gss,1.579109,0,18
6,run5_initcall.txt,init_kerberos_module,1.581267,0,13
6,run5_initcall.txt,dcbnl_init,1.583434,0,3
6,run5_initcall.txt,init_dns_resolver,1.586681,0,1087
6,run5_initcall.txt,handshake_init,1.588905,0,31
6,run5_initcall.txt,check_mmu_enabled_at_boot,1.5911,0,0
6,run5_initcall.txt,finalize_pkvm,1.593316,0,6
6,run5_initcall.txt,kernel_do_mounts_initrd_sysctls_init,1.596702,0,8
6,run5_initcall.txt,kernel_panic_sysctls_init,1.598908,0,12
6,run5_initcall.txt,kernel_panic_sysfs_init,1.601143,0,5
6,run5_initcall.txt,kernel_exit_sysctls_init,1.603382,0,2
6,run5_initcall.txt,kernel_exit_sysfs_init,1.605641,0,2
6,run5_initcall.txt,param_sysfs_builtin_init,1.617939,0,10027
6,run5_initcall.txt,reboot_ksysfs_init,1.620318,0,20
6,run5_initcall.txt,sched_core_sysctl_init,1.622668,0,4
6,run5_initcall.txt,sched_fair_sysctl_init,1.624978,0,2
6,run5_initcall.txt,sched_rt_sysctl_init,1.627261,0,3
6,run5_initcall.txt,sched_dl_sysctl_init,1.629631,0,2
6,run5_initcall.txt,sched_init_debug,1.6319,0,83
6,run5_initcall.txt,cpu_latency_qos_init,1.634236,0,110
6,run5_initcall.txt,printk_late_init,1.636527,0,14
6,run5_initcall.txt,init_srcu_module_notifier,1.638768,0,2
6,run5_initcall.txt,kernel_rcu_stall_sysfs_init,1.641973,0,879
6,run5_initcall.txt,swiotlb_create_default_debugfs,1.644326,0,25
6,run5_initcall.txt,tk_debug_sleep_time_init,1.64674,0,3
6,run5_initcall.txt,bpf_ksym_iter_register,1.649059,0,7
6,run5_initcall.txt,kernel_acct_sysctls_init,1.651386,0,9
6,run5_initcall.txt,bpf_rstat_kfunc_init,1.653715,0,2
6,run5_initcall.txt,debugfs_kprobe_init,1.656037,0,8
6,run5_initcall.txt,kernel_delayacct_sysctls_init,1.658359,0,5
6,run5_initcall.txt,taskstats_init,1.661855,0,1173
6,run5_initcall.txt,ftrace_sysctl_init,1.664108,0,3
6,run5_initcall.txt,bpf_kprobe_multi_kfuncs_init,1.666418,0,0
6,run5_initcall.txt,kdb_ftrace_register,1.668713,0,9
6,run5_initcall.txt,bpf_global_ma_init,1.671087,0,87
6,run5_initcall.txt,bpf_syscall_sysctl_init,1.673394,0,11
6,run5_initcall.txt,unbound_reg_init,1.675673,0,0
6,run5_initcall.txt,kfunc_init,1.677958,0,1
6,run5_initcall.txt,bpf_map_iter_init,1.68021,0,0
6,run5_initcall.txt,init_subsystem,1.68249,0,0
6,run5_initcall.txt,task_iter_init,1.685008,0,238
6,run5_initcall.txt,bpf_prog_iter_init,1.687274,0,0
6,run5_initcall.txt,bpf_link_iter_init,1.689538,0,0
6,run5_initcall.txt,init_trampolines,1.691779,0,2
6,run5_initcall.txt,rqspinlock_register_kfuncs,1.694037,0,0
6,run5_initcall.txt,kfunc_init,1.696262,0,0
6,run5_initcall.txt,bpf_cgroup_iter_init,1.698466,0,0
6,run5_initcall.txt,cpumask_kfunc_init,1.700713,0,8
6,run5_initcall.txt,crypto_kfunc_init,1.702963,0,0
6,run5_initcall.txt,bpf_kmem_cache_iter_init,1.705229,0,5
6,run5_initcall.txt,dmabuf_iter_init,1.70749,0,0
6,run5_initcall.txt,load_system_certificate_list,1.710852,0,1116
6,run5_initcall.txt,init_lru_gen,1.713124,0,18
6,run5_initcall.txt,vmstat_late_init,1.715338,0,2
6,run5_initcall.txt,fault_around_debugfs,1.717586,0,3
6,run5_initcall.txt,slab_sysfs_init,1.723761,0,3948
6,run5_initcall.txt,max_swapfiles_check,1.726074,0,0
6,run5_initcall.txt,zswap_init,1.728287,0,0
6,run5_initcall.txt,mempolicy_sysfs_init,1.730492,0,20
6,run5_initcall.txt,memory_tier_late_init,1.73505,0,2324
6,run5_initcall.txt,check_early_ioremap_leak,1.737292,0,1
6,run5_initcall.txt,mg_debugfs_init,1.739542,0,16
6,run5_initcall.txt,fscrypt_init,1.744099,0,2305
6,run5_initcall.txt,pstore_init,1.74635,0,14
6,run5_initcall.txt,init_root_keyring,1.748574,0,34
6,run5_initcall.txt,init_profile_hash,1.750806,0,0
6,run5_initcall.txt,integrity_fs_init,1.753076,0,27
6,run5_initcall.txt,crypto_algapi_init,1.755318,0,9
6,run5_initcall.txt,blk_timeout_init,1.757551,0,0
6,run5_initcall.txt,depot_debugfs_init,1.759803,0,7
6,run5_initcall.txt,pci_resource_alignment_sysfs_init,1.762075,0,8
6,run5_initcall.txt,pci_sysfs_init,1.764317,0,12
6,run5_initcall.txt,clk_debug_init,1.767014,0,421
6,run5_initcall.txt,genpd_debug_init,1.769621,0,322
6,run5_initcall.txt,sync_state_resume_initcall,1.77192,0,1
6,run5_initcall.txt,deferred_probe_initcall,1.841901,0,67668
6,run5_initcall.txt,efi_shutdown_init,1.846251,-19,7
6,run5_initcall.txt,efi_earlycon_unmap_fb,1.848364,0,1
6,run5_initcall.txt,psci_debugfs_init,1.852498,0,0
6,run5_initcall.txt,of_cfs_init,1.856769,0,2144
6,run5_initcall.txt,of_fdt_raw_init,1.858883,0,29
6,run5_initcall.txt,bpf_kfunc_init,1.860987,0,2
6,run5_initcall.txt,init_subsystem,1.863087,0,0
6,run5_initcall.txt,xdp_metadata_init,1.865153,0,0
6,run5_initcall.txt,bpf_sockmap_iter_init,1.867249,0,1
6,run5_initcall.txt,bpf_sk_storage_map_iter_init,1.869356,0,0
6,run5_initcall.txt,bpf_prog_test_run_init,1.871456,0,1
6,run5_initcall.txt,bpf_dummy_struct_ops_init,1.873559,0,0
6,run5_initcall.txt,tcp_congestion_default,1.875663,0,1
6,run5_initcall.txt,inet_blackhole_dev_init,1.877759,0,9
6,run5_initcall.txt,ip_auto_config,1.879837,0,9
6,run5_initcall.txt,tcp_bpf_v4_build_proto,1.881896,0,1
6,run5_initcall.txt,udp_bpf_v4_build_proto,1.883934,0,0
6,run5_initcall.txt,bpf_tcp_ca_kfunc_init,1.886982,0,0
6,run5_initcall.txt,bpf_mptcp_kfunc_init,1.890143,0,37
6,run5_initcall.txt,latency_fsnotify_init,1.892256,0,26
6,run5_initcall.txt,trace_eval_sync,1.894338,0,12
6,run5_initcall.txt,late_trace_init,1.896498,0,27
6,run5_initcall.txt,fb_logo_late_init,1.89869,0,25
6,run5_initcall.txt,amba_stub_drv_init,1.900999,0,32
6,run5_initcall.txt,clk_disable_unused,1.908127,0,4870
6,run5_initcall.txt,genpd_power_off_unused,1.911544,0,1147
6,run5_initcall.txt,regulator_init_complete,1.913833,0,2
6,run5_initcall.txt,of_platform_sync_state_init,1.916163,0,13
7,run6_initcall.txt,cgwb_init,0.051685,0,0
7,run6_initcall.txt,percpu_enable_async,0.051702,0,0
7,run6_initcall.txt,kcompactd_init,0.051818,0,0
7,run6_initcall.txt,init_mm_sysctl,0.051838,0,0
7,run6_initcall.txt,init_user_reserve,0.051856,0,0
7,run6_initcall.txt,init_admin_reserve,0.051871,0,0
7,run6_initcall.txt,init_reserve_notifier,0.051887,0,0
7,run6_initcall.txt,swap_init,0.051909,0,0
7,run6_initcall.txt,swapfile_init,0.051933,0,0
7,run6_initcall.txt,memory_tier_init,0.05198,0,0
7,run6_initcall.txt,numa_init_sysfs,0.051999,0,0
7,run6_initcall.txt,mem_cgroup_swap_init,0.052013,0,0
7,run6_initcall.txt,init_msg_buckets,0.052031,0,0
7,run6_initcall.txt,init_bio,0.052079,0,0
7,run6_initcall.txt,blk_ioc_init,0.052097,0,0
7,run6_initcall.txt,blk_mq_init,0.052112,0,0
7,run6_initcall.txt,genhd_device_init,0.052238,0,4000
7,run6_initcall.txt,blkcg_punt_bio_init,0.052339,0,0
7,run6_initcall.txt,blk_integrity_auto_init,0.05241,0,0
7,run6_initcall.txt,io_wq_init,0.052428,0,0
7,run6_initcall.txt,crc_t10dif_mod_init,0.05245,0,0
7,run6_initcall.txt,sha256_mod_init,0.052467,0,0
7,run6_initcall.txt,sha512_mod_init,0.05248,0,0
7,run6_initcall.txt,sg_pool_init,0.05251,0,0
7,run6_initcall.txt,gpiolib_debugfs_init,0.05253,0,0
7,run6_initcall.txt,stmpe_gpio_init,0.052625,0,0
7,run6_initcall.txt,pwm_init,0.052653,0,0
7,run6_initcall.txt,leds_init,0.052685,0,0
7,run6_initcall.txt,pci_slot_init,0.05271,0,0
7,run6_initcall.txt,fbmem_init,0.052769,0,0
7,run6_initcall.txt,bcm2835_dma_init,0.053491,0,0
7,run6_initcall.txt,regulator_fixed_voltage_init,0.053572,0,0
7,run6_initcall.txt,gpio_regulator_init,0.05363,0,0
7,run6_initcall.txt,init_sysrq_sysctl,0.053657,0,0
7,run6_initcall.txt,misc_init,0.053684,0,0
7,run6_initcall.txt,iommu_subsys_init,0.053715,0,0
7,run6_initcall.txt,register_cpu_capacity_sysctl,0.05428,0,0
7,run6_initcall.txt,dma_buf_init,0.054357,0,0
7,run6_initcall.txt,dma_heap_init,0.054386,0,0
7,run6_initcall.txt,init_scsi,0.054489,0,0
7,run6_initcall.txt,mdio_bus_init,0.05452,0,0
7,run6_initcall.txt,phy_init,0.054565,0,0
7,run6_initcall.txt,usb_common_init,0.054584,0,0
7,run6_initcall.txt,usb_init,0.054696,0,0
7,run6_initcall.txt,usb_phy_generic_init,0.05486,0,0
7,run6_initcall.txt,usb_udc_init,0.054895,0,0
7,run6_initcall.txt,usb_roles_init,0.054916,0,0
7,run6_initcall.txt,input_init,0.054948,0,0
7,run6_initcall.txt,rtc_init,0.054969,0,0
7,run6_initcall.txt,rc_core_init,0.054995,0,0
7,run6_initcall.txt,pps_init,0.055026,0,0
7,run6_initcall.txt,ptp_init,0.055048,0,0
7,run6_initcall.txt,power_supply_class_init,0.055075,0,0
7,run6_initcall.txt,hwmon_init,0.055096,0,0
7,run6_initcall.txt,mmc_init,0.055134,0,0
7,run6_initcall.txt,dmi_init,0.05515,0,0
7,run6_initcall.txt,efisubsys_init,0.055165,0,0
7,run6_initcall.txt,arm_pmu_hp_init,0.055184,0,0
7,run6_initcall.txt,ras_init,0.055208,0,0
7,run6_initcall.txt,nvmem_init,0.055244,0,0
7,run6_initcall.txt,init_soundcore,0.055267,0,0
7,run6_initcall.txt,proto_init,0.055288,0,0
7,run6_initcall.txt,net_dev_init,0.055515,0,0
7,run6_initcall.txt,neigh_init,0.055537,0,0
7,run6_initcall.txt,fib_notifier_init,0.055556,0,0
7,run6_initcall.txt,netdev_genl_init,0.055598,0,0
7,run6_initcall.txt,page_pool_user_init,0.055617,0,0
7,run6_initcall.txt,fib_rules_init,0.055636,0,0
7,run6_initcall.txt,init_cgroup_netprio,0.055654,0,0
7,run6_initcall.txt,bpf_lwt_init,0.055673,0,0
7,run6_initcall.txt,pktsched_init,0.055695,0,0
7,run6_initcall.txt,tc_filter_init,0.055728,0,0
7,run6_initcall.txt,tc_action_init,0.055748,0,0
7,run6_initcall.txt,ethnl_init,0.05582,0,0
7,run6_initcall.txt,nexthop_init,0.055841,0,0
7,run6_initcall.txt,devlink_init,0.055919,0,0
7,run6_initcall.txt,wireless_nlevent_init,0.055937,0,0
7,run6_initcall.txt,vsprintf_init_hashval,0.055955,0,0
7,run6_initcall.txt,init_32bit_el0_mask,0.055971,0,0
7,run6_initcall.txt,vga_arb_device_init,0.056089,0,0
7,run6_initcall.txt,watchdog_init,0.056231,0,4000
7,run6_initcall.txt,create_debug_debugfs_entry,0.056337,0,0
7,run6_initcall.txt,iomem_init_inode,0.056382,0,0
7,run6_initcall.txt,clocksource_done_booting,0.056433,0,14
7,run6_initcall.txt,tracer_init_tracefs,0.056465,0,12
7,run6_initcall.txt,init_trace_printk_function_export,0.056561,0,79
7,run6_initcall.txt,init_graph_tracefs,0.056582,0,2
7,run6_initcall.txt,bpf_event_init,0.056598,0,1
7,run6_initcall.txt,init_kprobe_trace,0.454032,0,397415
7,run6_initcall.txt,init_dynamic_event,0.454149,0,28
7,run6_initcall.txt,bpf_init,0.454186,0,21
7,run6_initcall.txt,secretmem_init,0.454261,0,51
7,run6_initcall.txt,init_fs_stat_sysctls,0.454294,0,16
7,run6_initcall.txt,init_fs_exec_sysctls,0.45431,0,1
7,run6_initcall.txt,init_pipe_fs,0.45434,0,15
7,run6_initcall.txt,init_fs_namei_sysctls,0.454367,0,10
7,run6_initcall.txt,init_fs_dcache_sysctls,0.454388,0,6
7,run6_initcall.txt,init_fs_namespace_sysctls,0.454405,0,1
7,run6_initcall.txt,cgroup_writeback_init,0.454431,0,9
7,run6_initcall.txt,inotify_user_setup,0.454464,0,15
7,run6_initcall.txt,eventpoll_init,0.454499,0,19
7,run6_initcall.txt,anon_inode_init,0.454527,0,10
7,run6_initcall.txt,proc_locks_init,0.454549,0,5
7,run6_initcall.txt,backing_aio_init,0.454567,0,2
7,run6_initcall.txt,init_fs_coredump_sysctls,0.454592,0,8
7,run6_initcall.txt,init_vm_drop_caches_sysctls,0.454611,0,2
7,run6_initcall.txt,iomap_dio_init,0.454652,0,25
7,run6_initcall.txt,iomap_ioend_init,0.454696,0,27
7,run6_initcall.txt,dquot_init,0.454888,0,174
7,run6_initcall.txt,proc_cmdline_init,0.45491,0,2
7,run6_initcall.txt,proc_consoles_init,0.454927,0,1
7,run6_initcall.txt,proc_cpuinfo_init,0.454944,0,1
7,run6_initcall.txt,proc_devices_init,0.45496,0,0
7,run6_initcall.txt,proc_interrupts_init,0.454977,0,1
7,run6_initcall.txt,proc_loadavg_init,0.454995,0,0
7,run6_initcall.txt,proc_meminfo_init,0.455012,0,0
7,run6_initcall.txt,proc_stat_init,0.455029,0,1
7,run6_initcall.txt,proc_uptime_init,0.455046,0,1
7,run6_initcall.txt,proc_version_init,0.455062,0,0
7,run6_initcall.txt,proc_softirqs_init,0.455081,0,3
7,run6_initcall.txt,proc_kmsg_init,0.455098,0,1
7,run6_initcall.txt,proc_page_init,0.455116,0,2
7,run6_initcall.txt,init_ramfs_fs,0.455135,0,2
7,run6_initcall.txt,aa_create_aafs,0.455154,0,0
7,run6_initcall.txt,chr_dev_init,0.458247,0,3073
7,run6_initcall.txt,hwrng_modinit,0.458338,0,48
7,run6_initcall.txt,firmware_class_init,0.458359,0,1
7,run6_initcall.txt,sysctl_core_init,0.458405,0,28
7,run6_initcall.txt,eth_offload_init,0.458424,0,0
7,run6_initcall.txt,ipv4_offload_init,0.458441,0,1
7,run6_initcall.txt,inet_init,0.46231,0,3847
7,run6_initcall.txt,af_unix_init,0.462358,0,22
7,run6_initcall.txt,ipv6_offload_init,0.462375,0,2
7,run6_initcall.txt,init_sunrpc,0.462779,0,389
7,run6_initcall.txt,vlan_offload_init,0.462805,0,0
7,run6_initcall.txt,pci_apply_final_quirks,0.462835,0,11
7,run6_initcall.txt,populate_rootfs,0.462858,0,6
7,run6_initcall.txt,register_arm64_panic_block,0.462969,0,1
7,run6_initcall.txt,cpuinfo_regs_init,0.463076,0,91
7,run6_initcall.txt,aarch32_el0_sysfs_init,0.463094,0,0
7,run6_initcall.txt,kvm_arm_init,0.466761,0,3647
7,run6_initcall.txt,proc_execdomains_init,0.466802,0,4
7,run6_initcall.txt,register_warn_debugfs,0.466833,0,4
7,run6_initcall.txt,cpuhp_sysfs_init,0.466877,0,24
7,run6_initcall.txt,ioresources_init,0.466897,0,3
7,run6_initcall.txt,psi_proc_init,0.466912,0,0
7,run6_initcall.txt,irq_gc_init_ops,0.466927,0,0
7,run6_initcall.txt,irq_debugfs_init,0.467013,0,71
7,run6_initcall.txt,proc_modules_init,0.467032,0,1
7,run6_initcall.txt,timer_sysctl_init,0.467057,0,9
7,run6_initcall.txt,timekeeping_init_ops,0.467074,0,0
7,run6_initcall.txt,init_clocksource_sysfs,0.46715,0,59
7,run6_initcall.txt,init_timer_list_procfs,0.467173,0,3
7,run6_initcall.txt,alarmtimer_init,0.467247,0,57
7,run6_initcall.txt,clockevents_init_sysfs,0.46738,0,115
7,run6_initcall.txt,sched_clock_syscore_init,0.4674,0,0
7,run6_initcall.txt,kallsyms_init,0.467419,0,1
7,run6_initcall.txt,pid_namespaces_init,0.467457,0,20
7,run6_initcall.txt,audit_watch_init,0.467478,0,1
7,run6_initcall.txt,audit_fsnotify_init,0.467495,0,0
7,run6_initcall.txt,audit_tree_init,0.467514,0,2
7,run6_initcall.txt,seccomp_sysctl_init,0.467535,0,4
7,run6_initcall.txt,utsname_sysctl_init,0.467559,0,6
7,run6_initcall.txt,init_tracepoints,0.467578,0,2
7,run6_initcall.txt,init_lstats_procfs,0.467599,0,3
7,run6_initcall.txt,stack_trace_init,0.467627,0,12
7,run6_initcall.txt,init_blk_tracer,0.467661,0,18
7,run6_initcall.txt,perf_event_sysfs_init,0.467767,0,90
7,run6_initcall.txt,system_trusted_keyring_init,0.4678,0,16
7,run6_initcall.txt,kswapd_init,0.468014,0,197
7,run6_initcall.txt,extfrag_debug_init,0.46806,0,21
7,run6_initcall.txt,mm_compute_batch_init,0.468079,0,0
7,run6_initcall.txt,slab_proc_init,0.468102,0,4
7,run6_initcall.txt,workingset_init,0.468128,0,9
7,run6_initcall.txt,proc_vmalloc_init,0.468146,0,1
7,run6_initcall.txt,memblock_init_debugfs,0.468169,0,6
7,run6_initcall.txt,slab_debugfs_init,0.468193,0,5
7,run6_initcall.txt,procswaps_init,0.468213,0,1
7,run6_initcall.txt,zs_init,0.468229,0,0
7,run6_initcall.txt,fcntl_init,0.468246,0,3
7,run6_initcall.txt,proc_filesystems_init,0.468263,0,1
7,run6_initcall.txt,start_dirtytime_writeback,0.468287,0,8
7,run6_initcall.txt,dio_init,0.468305,0,1
7,run6_initcall.txt,dnotify_init,0.468339,0,18
7,run6_initcall.txt,fanotify_user_setup,0.468367,0,12
7,run6_initcall.txt,aio_setup,0.468444,0,60
7,run6_initcall.txt,mbcache_init,0.468467,0,5
7,run6_initcall.txt,init_grace,0.468485,0,2
7,run6_initcall.txt,init_devpts_fs,0.46851,0,8
7,run6_initcall.txt,ext4_init_fs,0.468605,0,78
7,run6_initcall.txt,journal_init,0.468638,0,14
7,run6_initcall.txt,init_fat_fs,0.46866,0,5
7,run6_initcall.txt,init_vfat_fs,0.468677,0,0
7,run6_initcall.txt,init_msdos_fs,0.468694,0,0
7,run6_initcall.txt,init_nfs_fs,0.468862,0,152
7,run6_initcall.txt,init_nfs_v2,0.468885,0,0
7,run6_initcall.txt,init_nfs_v3,0.468901,0,0
7,run6_initcall.txt,init_nfs_v4,0.468949,0,32
7,run6_initcall.txt,nfs4filelayout_init,0.468974,0,6
7,run6_initcall.txt,nfs4flexfilelayout_init,0.468998,0,6
7,run6_initcall.txt,init_nlm,0.469063,0,47
7,run6_initcall.txt,init_nls_cp437,0.469082,0,0
7,run6_initcall.txt,init_nls_ascii,0.469099,0,0
7,run6_initcall.txt,init_autofs_fs,0.469218,0,101
7,run6_initcall.txt,init_f2fs_fs,0.46936,0,121
7,run6_initcall.txt,ipc_init,0.469392,0,13
7,run6_initcall.txt,ipc_sysctl_init,0.46943,0,20
7,run6_initcall.txt,init_mqueue_fs,0.469484,0,35
7,run6_initcall.txt,key_proc_init,0.469508,0,5
7,run6_initcall.txt,bpf_crypto_skcipher_init,0.469525,0,0
7,run6_initcall.txt,dh_init,0.469542,0,2
7,run6_initcall.txt,rsa_init,0.469557,0,1
7,run6_initcall.txt,cryptomgr_init,0.46957,0,1
7,run6_initcall.txt,hmac_module_init,0.469584,0,0
7,run6_initcall.txt,crypto_sha256_mod_init,0.469601,0,3
7,run6_initcall.txt,crypto_ecb_module_init,0.469615,0,0
7,run6_initcall.txt,crypto_cbc_module_init,0.469628,0,0
7,run6_initcall.txt,crypto_cts_module_init,0.469642,0,0
7,run6_initcall.txt,xts_module_init,0.469655,0,0
7,run6_initcall.txt,des_generic_mod_init,0.469671,0,1
7,run6_initcall.txt,aes_init,0.469685,0,0
7,run6_initcall.txt,lzo_mod_init,0.469699,0,1
7,run6_initcall.txt,lzorle_mod_init,0.469713,0,0
7,run6_initcall.txt,asymmetric_key_init,0.469731,0,5
7,run6_initcall.txt,x509_key_init,0.46975,0,5
7,run6_initcall.txt,crypto_kdf108_init,0.469764,0,0
7,run6_initcall.txt,blkdev_init,0.469792,0,14
7,run6_initcall.txt,proc_genhd_init,0.469809,0,2
7,run6_initcall.txt,bsg_init,0.46984,0,17
7,run6_initcall.txt,throtl_init,0.469936,0,82
7,run6_initcall.txt,deadline_init,0.469957,0,6
7,run6_initcall.txt,kyber_init,0.469976,0,5
7,run6_initcall.txt,bfq_init,0.47001,0,20
7,run6_initcall.txt,io_uring_init,0.470043,0,19
7,run6_initcall.txt,btree_module_init,0.470062,0,2
7,run6_initcall.txt,percpu_counter_startup,0.470119,0,42
7,run6_initcall.txt,audit_classes_init,0.470139,0,3
7,run6_initcall.txt,gicv5_iwb_platform_driver_init,0.470241,0,85
7,run6_initcall.txt,mip_msi_driver_init,0.470297,0,39
7,run6_initcall.txt,bcm7038_l1_driver_init,0.47035,0,36
7,run6_initcall.txt,bcm7120_l2_driver_init,0.470411,0,43
7,run6_initcall.txt,brcmstb_l2_driver_init,0.470777,0,348
7,run6_initcall.txt,simple_pm_bus_driver_init,0.471334,0,537
7,run6_initcall.txt,phy_core_init,0.471366,0,13
7,run6_initcall.txt,brcm_usb_driver_init,0.47145,0,67
7,run6_initcall.txt,rp1_pinctrl_driver_init,0.471501,0,34
7,run6_initcall.txt,bcm2835_pinctrl_driver_init,0.472468,0,950
7,run6_initcall.txt,bcm2712_pinctrl_driver_init,0.472558,0,63
7,run6_initcall.txt,brcmvirt_gpio_driver_init,0.472614,0,37
7,run6_initcall.txt,brcmstb_gpio_driver_init,0.472667,0,35
7,run6_initcall.txt,rpi_exp_gpio_driver_init,0.473138,0,453
7,run6_initcall.txt,brcmstb_pwm_driver_init,0.473198,0,40
7,run6_initcall.txt,rp1_pwm_driver_init,0.473257,0,36
7,run6_initcall.txt,gpio_led_driver_init,0.47506,0,1786
7,run6_initcall.txt,led_pwm_driver_init,0.475133,0,50
7,run6_initcall.txt,timer_led_trigger_init,0.475152,0,1
7,run6_initcall.txt,oneshot_led_trigger_init,0.475169,0,0
7,run6_initcall.txt,heartbeat_trig_init,0.475188,0,2
7,run6_initcall.txt,bl_led_trigger_init,0.475204,0,0
7,run6_initcall.txt,ledtrig_cpu_init,0.475277,0,58
7,run6_initcall.txt,defon_led_trigger_init,0.475327,0,33
7,run6_initcall.txt,input_trig_init,0.475349,0,1
7,run6_initcall.txt,ledtrig_panic_init,0.475366,0,1
7,run6_initcall.txt,actpwr_trig_init,0.475528,0,146
7,run6_initcall.txt,pcie_portdrv_init,0.475601,0,52
7,run6_initcall.txt,pci_proc_init,0.475627,0,8
7,run6_initcall.txt,brcm_pcie_driver_init,0.589313,0,113667
7,run6_initcall.txt,bcm2708_fb_init,0.589401,0,61
7,run6_initcall.txt,simplefb_driver_init,0.596296,0,6877
7,run6_initcall.txt,of_fixed_factor_clk_driver_init,0.59639,0,38
7,run6_initcall.txt,of_fixed_clk_driver_init,0.596488,0,35
7,run6_initcall.txt,gpio_clk_driver_init,0.596581,0,44
7,run6_initcall.txt,gated_fixed_clk_driver_init,0.596667,0,35
7,run6_initcall.txt,rp1_clk_driver_init,0.596758,0,35
7,run6_initcall.txt,rp1_sdio_clk_driver_init,0.596847,0,40
7,run6_initcall.txt,clk_dvp_driver_init,0.597037,0,141
7,run6_initcall.txt,bcm2835_aux_clk_driver_init,0.597153,0,66
7,run6_initcall.txt,raspberrypi_clk_driver_init,0.612756,0,15551
7,run6_initcall.txt,dw_driver_init,0.612856,0,50
7,run6_initcall.txt,bcm2835_power_driver_init,0.612926,0,22
7,run6_initcall.txt,rpi_power_driver_init,0.631314,0,18339
7,run6_initcall.txt,brcmstb_reset_driver_init,0.633346,0,44
7,run6_initcall.txt,brcm_rescal_reset_driver_init,0.635349,0,38
7,run6_initcall.txt,rpi_reset_driver_init,0.638373,0,1074
7,run6_initcall.txt,reset_simple_driver_init,0.640446,0,96
7,run6_initcall.txt,n_null_init,0.642367,0,0
7,run6_initcall.txt,pty_init,0.644405,0,91
7,run6_initcall.txt,sysrq_init,0.646374,0,13
7,run6_initcall.txt,serial8250_init,0.648321,-19,0
7,run6_initcall.txt,bcm2835aux_serial_driver_init,0.650323,0,44
7,run6_initcall.txt,brcmuart_init,0.652316,0,55
7,run6_initcall.txt,exar_pci_driver_init,0.654303,0,31
7,run6_initcall.txt,of_platform_serial_driver_init,0.656354,0,99
7,run6_initcall.txt,serial_pci_driver_init,0.658276,0,28
7,run6_initcall.txt,pericom8250_pci_driver_init,0.660228,0,20
7,run6_initcall.txt,init_kgdboc,0.663211,0,1041
7,run6_initcall.txt,random_sysctls_init,0.665151,0,13
7,run6_initcall.txt,ttyprintk_init,0.667144,0,58
7,run6_initcall.txt,bcm2835_rng_driver_init,0.669161,0,68
7,run6_initcall.txt,bcm74110_rng_driver_init,0.671177,0,38
7,run6_initcall.txt,iproc_rng200_driver_init,0.675438,0,2242
7,run6_initcall.txt,smccc_trng_driver_init,0.67758,0,26
7,run6_initcall.txt,vc_mem_init,0.680953,0,1228
7,run6_initcall.txt,vcio_driver_init,0.684635,0,1457
7,run6_initcall.txt,bcm2712_iommu_driver_init,0.686987,0,42
7,run6_initcall.txt,bcm2712_iommu_cache_driver_init,0.689389,0,40
7,run6_initcall.txt,topology_sysfs_init,0.691813,0,63
7,run6_initcall.txt,cacheinfo_sysfs_init,0.694497,0,249
7,run6_initcall.txt,devcoredump_init,0.696962,0,9
7,run6_initcall.txt,brd_init,0.704473,0,5090
7,run6_initcall.txt,loop_init,0.710654,0,3766
7,run6_initcall.txt,bcm2835_pm_driver_init,0.714398,0,1351
7,run6_initcall.txt,stmpe_i2c_driver_init,0.716803,0,16
7,run6_initcall.txt,stmpe_spi_driver_init,0.719191,0,12
7,run6_initcall.txt,rp1_driver_init,0.721604,0,33
7,run6_initcall.txt,system_heap_create,0.724056,0,80
7,run6_initcall.txt,add_default_cma_heap,0.72651,0,85
7,run6_initcall.txt,udmabuf_dev_init,0.728931,0,42
7,run6_initcall.txt,iscsi_transport_init,0.732763,0,1455
7,run6_initcall.txt,init_sd,0.735182,0,23
7,run6_initcall.txt,nvme_core_init,0.737835,0,256
7,run6_initcall.txt,nvme_init,0.740254,0,31
7,run6_initcall.txt,blackhole_netdev_init,0.742643,0,21
7,run6_initcall.txt,netkit_init,0.745031,0,5
7,run6_initcall.txt,phylink_init,0.74742,0,0
7,run6_initcall.txt,phy_module_init,0.749975,0,164
7,run6_initcall.txt,phy_module_init,0.752525,0,184
7,run6_initcall.txt,fixed_mdio_bus_init,0.75507,0,157
7,run6_initcall.txt,phy_module_init,0.757623,0,170
7,run6_initcall.txt,phy_module_init,0.759986,0,18
7,run6_initcall.txt,phy_module_init,0.762399,0,63
7,run6_initcall.txt,unimac_mdio_driver_init,0.764857,0,122
7,run6_initcall.txt,macb_driver_init,0.767307,0,120
7,run6_initcall.txt,bcmgenet_driver_init,0.965495,0,195856
7,run6_initcall.txt,bcmasp_driver_init,0.967895,0,79
7,run6_initcall.txt,lan78xx_driver_init,0.971442,0,1207
7,run6_initcall.txt,smsc95xx_driver_init,0.974982,0,1165
7,run6_initcall.txt,usbnet_init,0.977356,0,0
7,run6_initcall.txt,xhci_hcd_init,0.979732,0,13
7,run6_initcall.txt,xhci_pci_init,1.108206,0,126110
7,run6_initcall.txt,xhci_plat_init,1.110609,0,123
7,run6_initcall.txt,dwc_otg_driver_init,1.117428,0,4545
7,run6_initcall.txt,dwc_common_port_init_module,1.120934,0,1268
7,run6_initcall.txt,dwc3_driver_init,1.123233,0,63
7,run6_initcall.txt,dwc3_haps_driver_init,1.125454,0,25
7,run6_initcall.txt,dwc3_of_simple_driver_init,1.127742,0,61
7,run6_initcall.txt,dwc3_generic_driver_init,1.130019,0,43
7,run6_initcall.txt,dwc2_platform_driver_init,1.132388,0,151
7,run6_initcall.txt,uas_init,1.135822,0,1214
7,run6_initcall.txt,usb_storage_driver_init,1.139142,0,1113
7,run6_initcall.txt,brcmstb_usb_pinmap_init,1.141367,-19,70
7,run6_initcall.txt,bdc_driver_init,1.14361,0,51
7,run6_initcall.txt,input_leds_init,1.145849,0,1
7,run6_initcall.txt,mousedev_init,1.149252,0,1210
7,run6_initcall.txt,evdev_init,1.151477,0,0
7,run6_initcall.txt,brcmstb_waketmr_driver_init,1.153746,0,46
7,run6_initcall.txt,rpi_rtc_driver_init,1.156012,0,40
7,run6_initcall.txt,init_rc_map_adstech_dvb_t_pci,1.158193,0,0
7,run6_initcall.txt,init_rc_map_alink_dtu_m,1.160401,0,0
7,run6_initcall.txt,init_rc_map_anysee,1.162609,0,0
7,run6_initcall.txt,init_rc_map_apac_viewcomp,1.164844,0,0
7,run6_initcall.txt,init_rc_map_t2hybrid,1.167079,0,0
7,run6_initcall.txt,init_rc_map_asus_pc39,1.169306,0,0
7,run6_initcall.txt,init_rc_map_asus_ps3_100,1.171523,0,0
7,run6_initcall.txt,init_rc_map_ati_tv_wonder_hd_600,1.173746,0,0
7,run6_initcall.txt,init_rc_map_ati_x10,1.175938,0,0
7,run6_initcall.txt,init_rc_map_avermedia_a16d,1.178195,0,0
7,run6_initcall.txt,init_rc_map_avermedia_cardbus,1.180451,0,0
7,run6_initcall.txt,init_rc_map_avermedia_dvbt,1.182689,0,0
7,run6_initcall.txt,init_rc_map_avermedia_m135a,1.184943,0,0
7,run6_initcall.txt,init_rc_map_avermedia_m733a_rm_k6,1.187207,0,0
7,run6_initcall.txt,init_rc_map_avermedia,1.189473,0,0
7,run6_initcall.txt,init_rc_map_avermedia_rm_ks,1.191689,0,0
7,run6_initcall.txt,init_rc_map_avertv_303,1.19396,0,0
7,run6_initcall.txt,init_rc_map_azurewave_ad_tu700,1.196219,0,0
7,run6_initcall.txt,init_rc_map_beelink_gs1,1.198465,0,0
7,run6_initcall.txt,init_rc_map_beelink_mxiii,1.20073,0,0
7,run6_initcall.txt,init_rc_map_behold_columbus,1.20297,0,0
7,run6_initcall.txt,init_rc_map_behold,1.205223,0,11
7,run6_initcall.txt,init_rc_map_budget_ci_old,1.207457,0,0
7,run6_initcall.txt,init_rc_map_cinergy_1400,1.210089,0,0
7,run6_initcall.txt,init_rc_map_cinergy,1.212302,0,0
7,run6_initcall.txt,init_rc_map_ct_90405,1.214522,0,0
7,run6_initcall.txt,init_rc_map_d680_dmb,1.216731,0,0
7,run6_initcall.txt,init_rc_map_delock_61959,1.218916,0,0
7,run6_initcall.txt,init_rc_map,1.221148,0,39
7,run6_initcall.txt,init_rc_map,1.223338,0,0
7,run6_initcall.txt,init_rc_map_digitalnow_tinytwin,1.225492,0,0
7,run6_initcall.txt,init_rc_map_digittrade,1.227677,0,0
7,run6_initcall.txt,init_rc_map_dm1105_nec,1.229973,0,96
7,run6_initcall.txt,init_rc_map_dntv_live_dvb_t,1.232207,0,2
7,run6_initcall.txt,init_rc_map_dntv_live_dvbt_pro,1.234476,0,2
7,run6_initcall.txt,init_rc_map_dreambox,1.236799,0,11
7,run6_initcall.txt,init_rc_map_dtt200u,1.238984,0,0
7,run6_initcall.txt,init_rc_map_rc5_dvbsky,1.241134,0,0
7,run6_initcall.txt,init_rc_map_dvico_mce,1.24329,0,0
7,run6_initcall.txt,init_rc_map_dvico_portable,1.245462,0,0
7,run6_initcall.txt,init_rc_map_em_terratec,1.247604,0,0
7,run6_initcall.txt,init_rc_map_encore_enltv2,1.249767,0,0
7,run6_initcall.txt,init_rc_map_encore_enltv_fm53,1.251935,0,0
7,run6_initcall.txt,init_rc_map_encore_enltv,1.254104,0,0
7,run6_initcall.txt,init_rc_map_evga_indtube,1.256252,0,0
7,run6_initcall.txt,init_rc_map_eztv,1.25835,0,0
7,run6_initcall.txt,init_rc_map_flydvb,1.260482,0,0
7,run6_initcall.txt,init_rc_map_flyvideo,1.262602,0,0
7,run6_initcall.txt,init_rc_map_fusionhdtv_mce,1.264727,0,0
7,run6_initcall.txt,init_rc_map_gadmei_rm008z,1.266832,0,0
7,run6_initcall.txt,init_rc_map_geekbox,1.268944,0,0
7,run6_initcall.txt,init_rc_map_genius_tvgo_a11mce,1.271054,0,0
7,run6_initcall.txt,init_rc_map_gotview7135,1.273161,0,0
7,run6_initcall.txt,init_rc_map_rc5_hauppauge_new,1.275244,0,0
7,run6_initcall.txt,init_rc_map_hisi_poplar,1.277368,0,0
7,run6_initcall.txt,init_rc_map_hisi_tv_demo,1.279497,0,0
7,run6_initcall.txt,init_rc_map_imon_mce,1.281626,0,0
7,run6_initcall.txt,init_rc_map_imon_pad,1.283758,0,0
7,run6_initcall.txt,init_rc_map_imon_rsc,1.285879,0,0
7,run6_initcall.txt,init_rc_map_iodata_bctv7e,1.28797,0,0
7,run6_initcall.txt,init_rc_it913x_v1_map,1.290072,0,0
7,run6_initcall.txt,init_rc_it913x_v2_map,1.292127,0,0
7,run6_initcall.txt,init_rc_map_kaiomy,1.294225,0,0
7,run6_initcall.txt,init_rc_map_khadas,1.296313,0,0
7,run6_initcall.txt,init_rc_map_khamsin,1.29841,0,0
7,run6_initcall.txt,init_rc_map_kworld_315u,1.300483,0,0
7,run6_initcall.txt,init_rc_map_kworld_pc150u,1.302549,0,0
7,run6_initcall.txt,init_rc_map_kworld_plus_tv_analog,1.304621,0,0
7,run6_initcall.txt,init_rc_map_leadtek_y04g0051,1.30669,0,0
7,run6_initcall.txt,init_rc_lme2510_map,1.308719,0,0
7,run6_initcall.txt,init_rc_map_manli,1.310802,0,0
7,run6_initcall.txt,init_rc_map_mecool_kiii_pro,1.312902,0,0
7,run6_initcall.txt,init_rc_map_mecool_kii_pro,1.314998,0,0
7,run6_initcall.txt,init_rc_map_medion_x10_digitainer,1.317104,0,0
7,run6_initcall.txt,init_rc_map_medion_x10,1.319202,0,0
7,run6_initcall.txt,init_rc_map_medion_x10_or2x,1.3213,0,0
7,run6_initcall.txt,init_rc_map_minix_neo,1.323388,0,0
7,run6_initcall.txt,init_rc_map_msi_digivox_iii,1.325472,0,0
7,run6_initcall.txt,init_rc_map_msi_digivox_ii,1.327591,0,0
7,run6_initcall.txt,init_rc_map_msi_tvanywhere,1.329716,0,0
7,run6_initcall.txt,init_rc_map_msi_tvanywhere_plus,1.33183,0,0
7,run6_initcall.txt,init_rc_map_mygica_utv3,1.33395,0,0
7,run6_initcall.txt,init_rc_map_nebula,1.33607,0,0
7,run6_initcall.txt,init_rc_map_nec_terratec_cinergy_xs,1.338182,0,0
7,run6_initcall.txt,init_rc_map_norwood,1.340291,0,0
7,run6_initcall.txt,init_rc_map_npgtech,1.342358,0,0
7,run6_initcall.txt,init_rc_map_odroid,1.344464,0,0
7,run6_initcall.txt,init_rc_map_pctv_sedna,1.346551,0,0
7,run6_initcall.txt,init_rc_map_pine64,1.348656,0,0
7,run6_initcall.txt,init_rc_map_pinnacle_color,1.350761,0,0
7,run6_initcall.txt,init_rc_map_pinnacle_grey,1.352869,0,0
7,run6_initcall.txt,init_rc_map_pinnacle_pctv_hd,1.356032,0,0
7,run6_initcall.txt,init_rc_map_pixelview,1.358113,0,0
7,run6_initcall.txt,init_rc_map_pixelview,1.360235,0,0
7,run6_initcall.txt,init_rc_map_pixelview_new,1.362366,0,0
7,run6_initcall.txt,init_rc_map_pixelview,1.364508,0,0
7,run6_initcall.txt,init_rc_map_powercolor_real_angel,1.36665,0,0
7,run6_initcall.txt,init_rc_map_proteus_2309,1.368804,0,0
7,run6_initcall.txt,init_rc_map_purpletv,1.370948,0,0
7,run6_initcall.txt,init_rc_map_pv951,1.37309,0,0
7,run6_initcall.txt,init_rc_map_rc6_mce,1.375181,0,0
7,run6_initcall.txt,init_rc_map_real_audio_220_32_keys,1.377325,0,0
7,run6_initcall.txt,init_rc_map_reddo,1.379463,0,0
7,run6_initcall.txt,init_rc_map_siemens_gigaset_rc20,1.381605,0,0
7,run6_initcall.txt,init_rc_map_snapstream_firefly,1.383748,0,0
7,run6_initcall.txt,init_rc_map_streamzap,1.385908,0,0
7,run6_initcall.txt,init_rc_map_su3000,1.388073,0,0
7,run6_initcall.txt,init_rc_map_tanix_tx3mini,1.390235,0,0
7,run6_initcall.txt,init_rc_map_tanix_tx5max,1.392343,0,0
7,run6_initcall.txt,init_rc_map_tbs_nec,1.394501,0,0
7,run6_initcall.txt,init_rc_map,1.396682,0,0
7,run6_initcall.txt,init_rc_map,1.398858,0,0
7,run6_initcall.txt,init_rc_map_terratec_cinergy_c_pci,1.401031,0,0
7,run6_initcall.txt,init_rc_map_terratec_cinergy_s2_hd,1.403211,0,0
7,run6_initcall.txt,init_rc_map_terratec_cinergy_xs,1.405376,0,0
7,run6_initcall.txt,init_rc_map_terratec_slim_2,1.407524,0,0
7,run6_initcall.txt,init_rc_map_terratec_slim,1.409675,0,0
7,run6_initcall.txt,init_rc_map_tevii_nec,1.411851,0,0
7,run6_initcall.txt,init_rc_map_tivo,1.414049,0,0
7,run6_initcall.txt,init_rc_map_total_media_in_hand_02,1.416241,0,0
7,run6_initcall.txt,init_rc_map_total_media_in_hand,1.418448,0,0
7,run6_initcall.txt,init_rc_map_trekstor,1.420641,0,0
7,run6_initcall.txt,init_rc_map_tt_1500,1.42281,0,0
7,run6_initcall.txt,init_rc_map_twinhan_vp1027,1.424941,0,0
7,run6_initcall.txt,init_rc_map_twinhan_dtv_cab_ci,1.427117,0,0
7,run6_initcall.txt,init_rc_map_vega_s9x,1.429293,0,0
7,run6_initcall.txt,init_rc_map_videomate_k100,1.431455,0,0
7,run6_initcall.txt,init_rc_map_videomate_s350,1.433613,0,0
7,run6_initcall.txt,init_rc_map_videomate_tv_pvr,1.435748,0,0
7,run6_initcall.txt,init_rc_map_kii_pro,1.437876,0,0
7,run6_initcall.txt,init_rc_map_wetek_hub,1.440009,0,0
7,run6_initcall.txt,init_rc_map_wetek_play2,1.442114,0,0
7,run6_initcall.txt,init_rc_map_winfast,1.444255,0,0
7,run6_initcall.txt,init_rc_map_winfast_usbii_deluxe,1.446398,0,0
7,run6_initcall.txt,init_rc_map_x96max,1.448797,0,231
7,run6_initcall.txt,init_rc_map,1.450941,0,0
7,run6_initcall.txt,init_rc_map,1.453085,0,0
7,run6_initcall.txt,init_rc_map_zx_irdec,1.455213,0,0
7,run6_initcall.txt,ptp_kvm_init,1.457336,-95,0
7,run6_initcall.txt,gpio_poweroff_driver_init,1.459521,0,83
7,run6_initcall.txt,bcm2711_thermal_driver_init,1.463092,0,1383
7,run6_initcall.txt,bcm2835_thermal_driver_init,1.465322,0,57
7,run6_initcall.txt,bcm2835_wdt_driver_init,1.467508,0,29
7,run6_initcall.txt,dt_cpufreq_platdrv_init,1.469712,0,26
7,run6_initcall.txt,brcm_avs_cpufreq_platdrv_init,1.471938,0,41
7,run6_initcall.txt,raspberrypi_cpufreq_driver_init,1.47719,0,3037
7,run6_initcall.txt,mmc_pwrseq_simple_driver_init,1.479485,0,72
7,run6_initcall.txt,mmc_pwrseq_emmc_driver_init,1.481807,0,45
7,run6_initcall.txt,mmc_blk_init,1.484089,0,32
7,run6_initcall.txt,sdhci_drv_init,1.488656,0,2277
7,run6_initcall.txt,bcm2835_mmc_driver_init,1.49213,0,1188
7,run6_initcall.txt,bcm2835_driver_init,1.496797,0,50
7,run6_initcall.txt,sdhci_pltfm_drv_init,1.501592,0,1238
7,run6_initcall.txt,sdhci_iproc_driver_init,1.506522,0,121
7,run6_initcall.txt,sdhci_brcmstb_driver_init,1.506607,0,67
7,run6_initcall.txt,esrt_sysfs_init,1.506618,-38,0
7,run6_initcall.txt,smccc_devices_init,1.506628,0,0
7,run6_initcall.txt,smccc_soc_init,1.506638,0,1
7,run6_initcall.txt,arch_timer_mmio_drv_init,1.506687,0,39
7,run6_initcall.txt,arch_timer_mmio_acpi_drv_init,1.506722,0,24
7,run6_initcall.txt,hid_init,1.506795,0,63
7,run6_initcall.txt,hid_generic_init,1.506853,0,35
7,run6_initcall.txt,hid_init,1.506904,0,39
7,run6_initcall.txt,vchiq_driver_init,1.519451,0,12535
7,run6_initcall.txt,bcm74110_mbox_driver_init,1.54391,0,83
7,run6_initcall.txt,extcon_class_init,1.546262,0,8
7,run6_initcall.txt,armv8_pmu_driver_init,1.551641,0,3039
7,run6_initcall.txt,binder_init,1.554099,0,74
7,run6_initcall.txt,rpi_otp_driver_init,1.560209,0,3773
7,run6_initcall.txt,sock_diag_init,1.562556,0,34
7,run6_initcall.txt,blackhole_init,1.564846,0,1
7,run6_initcall.txt,cls_bpf_init_mod,1.567116,0,0
7,run6_initcall.txt,gre_offload_init,1.569368,0,6
7,run6_initcall.txt,sysctl_ipv4_init,1.571649,0,73
7,run6_initcall.txt,cubictcp_register,1.573859,0,3
7,run6_initcall.txt,packet_init,1.577121,0,1116
7,run6_initcall.txt,init_rpcsec_gss,1.579328,0,20
7,run6_initcall.txt,init_kerberos_module,1.581538,0,5
7,run6_initcall.txt,dcbnl_init,1.583768,0,3
7,run6_initcall.txt,init_dns_resolver,1.587052,0,1091
7,run6_initcall.txt,handshake_init,1.589306,0,35
7,run6_initcall.txt,check_mmu_enabled_at_boot,1.591484,0,0
7,run6_initcall.txt,finalize_pkvm,1.593716,0,0
7,run6_initcall.txt,kernel_do_mounts_initrd_sysctls_init,1.597158,0,5
7,run6_initcall.txt,kernel_panic_sysctls_init,1.599393,0,12
7,run6_initcall.txt,kernel_panic_sysfs_init,1.601662,0,4
7,run6_initcall.txt,kernel_exit_sysctls_init,1.603928,0,2
7,run6_initcall.txt,kernel_exit_sysfs_init,1.606205,0,2
7,run6_initcall.txt,param_sysfs_builtin_init,1.618533,0,10072
7,run6_initcall.txt,reboot_ksysfs_init,1.620938,0,20
7,run6_initcall.txt,sched_core_sysctl_init,1.623265,0,4
7,run6_initcall.txt,sched_fair_sysctl_init,1.62591,0,363
7,run6_initcall.txt,sched_rt_sysctl_init,1.628201,0,3
7,run6_initcall.txt,sched_dl_sysctl_init,1.630481,0,7
7,run6_initcall.txt,sched_init_debug,1.633435,0,722
7,run6_initcall.txt,cpu_latency_qos_init,1.635821,0,158
7,run6_initcall.txt,printk_late_init,1.638071,0,20
7,run6_initcall.txt,init_srcu_module_notifier,1.640319,0,2
7,run6_initcall.txt,kernel_rcu_stall_sysfs_init,1.642591,0,3
7,run6_initcall.txt,swiotlb_create_default_debugfs,1.644897,0,19
7,run6_initcall.txt,tk_debug_sleep_time_init,1.647189,0,2
7,run6_initcall.txt,bpf_ksym_iter_register,1.649586,0,85
7,run6_initcall.txt,kernel_acct_sysctls_init,1.651898,0,3
7,run6_initcall.txt,bpf_rstat_kfunc_init,1.654236,0,1
7,run6_initcall.txt,debugfs_kprobe_init,1.656559,0,9
7,run6_initcall.txt,kernel_delayacct_sysctls_init,1.658825,0,4
7,run6_initcall.txt,taskstats_init,1.662309,0,1171
7,run6_initcall.txt,ftrace_sysctl_init,1.664609,0,2
7,run6_initcall.txt,bpf_kprobe_multi_kfuncs_init,1.666903,0,0
7,run6_initcall.txt,kdb_ftrace_register,1.669202,0,14
7,run6_initcall.txt,bpf_global_ma_init,1.671581,0,88
7,run6_initcall.txt,bpf_syscall_sysctl_init,1.673892,0,5
7,run6_initcall.txt,unbound_reg_init,1.676146,0,0
7,run6_initcall.txt,kfunc_init,1.678445,0,1
7,run6_initcall.txt,bpf_map_iter_init,1.680742,0,1
7,run6_initcall.txt,init_subsystem,1.683024,0,0
7,run6_initcall.txt,task_iter_init,1.685306,0,5
7,run6_initcall.txt,bpf_prog_iter_init,1.687558,0,0
7,run6_initcall.txt,bpf_link_iter_init,1.690047,0,0
7,run6_initcall.txt,init_trampolines,1.692237,0,3
7,run6_initcall.txt,rqspinlock_register_kfuncs,1.694484,0,0
7,run6_initcall.txt,kfunc_init,1.696708,0,0
7,run6_initcall.txt,bpf_cgroup_iter_init,1.698927,0,0
7,run6_initcall.txt,cpumask_kfunc_init,1.701165,0,8
7,run6_initcall.txt,crypto_kfunc_init,1.703398,0,0
7,run6_initcall.txt,bpf_kmem_cache_iter_init,1.705647,0,0
7,run6_initcall.txt,dmabuf_iter_init,1.707841,0,0
7,run6_initcall.txt,load_system_certificate_list,1.711161,0,1109
7,run6_initcall.txt,init_lru_gen,1.713422,0,19
7,run6_initcall.txt,vmstat_late_init,1.715647,0,2
7,run6_initcall.txt,fault_around_debugfs,1.717857,0,2
7,run6_initcall.txt,slab_sysfs_init,1.723951,0,3899
7,run6_initcall.txt,max_swapfiles_check,1.72622,0,0
7,run6_initcall.txt,zswap_init,1.728428,0,0
7,run6_initcall.txt,mempolicy_sysfs_init,1.730661,0,20
7,run6_initcall.txt,memory_tier_late_init,1.735183,0,2295
7,run6_initcall.txt,check_early_ioremap_leak,1.737416,0,0
7,run6_initcall.txt,mg_debugfs_init,1.739655,0,19
7,run6_initcall.txt,fscrypt_init,1.744147,0,2291
7,run6_initcall.txt,pstore_init,1.746384,0,12
7,run6_initcall.txt,init_root_keyring,1.748619,0,33
7,run6_initcall.txt,init_profile_hash,1.750829,0,0
7,run6_initcall.txt,integrity_fs_init,1.753083,0,30
7,run6_initcall.txt,crypto_algapi_init,1.755312,0,9
7,run6_initcall.txt,blk_timeout_init,1.757523,0,0
7,run6_initcall.txt,depot_debugfs_init,1.759726,0,6
7,run6_initcall.txt,pci_resource_alignment_sysfs_init,1.761972,0,5
7,run6_initcall.txt,pci_sysfs_init,1.764226,0,13
7,run6_initcall.txt,clk_debug_init,1.766909,0,426
7,run6_initcall.txt,genpd_debug_init,1.769506,0,323
7,run6_initcall.txt,sync_state_resume_initcall,1.771792,0,1
7,run6_initcall.txt,deferred_probe_initcall,1.842176,0,68100
7,run6_initcall.txt,efi_shutdown_init,1.844482,-19,0
7,run6_initcall.txt,efi_earlycon_unmap_fb,1.846598,0,3
7,run6_initcall.txt,psci_debugfs_init,1.848709,0,2
7,run6_initcall.txt,of_cfs_init,1.852937,0,2117
7,run6_initcall.txt,of_fdt_raw_init,1.855033,0,28
7,run6_initcall.txt,bpf_kfunc_init,1.857093,0,2
7,run6_initcall.txt,init_subsystem,1.859123,0,0
7,run6_initcall.txt,xdp_metadata_init,1.861186,0,0
7,run6_initcall.txt,bpf_sockmap_iter_init,1.863242,0,1
7,run6_initcall.txt,bpf_sk_storage_map_iter_init,1.865323,0,10
7,run6_initcall.txt,bpf_prog_test_run_init,1.867407,0,1
7,run6_initcall.txt,bpf_dummy_struct_ops_init,1.869474,0,0
7,run6_initcall.txt,tcp_congestion_default,1.871536,0,1
7,run6_initcall.txt,inet_blackhole_dev_init,1.873593,0,9
7,run6_initcall.txt,ip_auto_config,1.875602,0,10
7,run6_initcall.txt,tcp_bpf_v4_build_proto,1.877646,0,1
7,run6_initcall.txt,udp_bpf_v4_build_proto,1.879637,0,0
7,run6_initcall.txt,bpf_tcp_ca_kfunc_init,1.881639,0,0
7,run6_initcall.txt,bpf_mptcp_kfunc_init,1.883625,0,0
7,run6_initcall.txt,latency_fsnotify_init,1.88665,0,41
7,run6_initcall.txt,trace_eval_sync,1.889671,0,11
7,run6_initcall.txt,late_trace_init,1.891701,0,0
7,run6_initcall.txt,fb_logo_late_init,1.893816,0,0
7,run6_initcall.txt,amba_stub_drv_init,1.896004,0,28
7,run6_initcall.txt,clk_disable_unused,1.903056,0,4847
7,run6_initcall.txt,genpd_power_off_unused,1.906435,0,1152
7,run6_initcall.txt,regulator_init_complete,1.908693,0,1
7,run6_initcall.txt,of_platform_sync_state_init,1.910984,0,14
8,run7_initcall.txt,default_bdi_init,0.051714,0,0
8,run7_initcall.txt,cgwb_init,0.051742,0,0
8,run7_initcall.txt,percpu_enable_async,0.051759,0,0
8,run7_initcall.txt,kcompactd_init,0.051875,0,0
8,run7_initcall.txt,init_mm_sysctl,0.051897,0,0
8,run7_initcall.txt,init_user_reserve,0.051916,0,0
8,run7_initcall.txt,init_admin_reserve,0.051932,0,0
8,run7_initcall.txt,init_reserve_notifier,0.051948,0,0
8,run7_initcall.txt,swap_init,0.05197,0,0
8,run7_initcall.txt,swapfile_init,0.051998,0,0
8,run7_initcall.txt,memory_tier_init,0.052049,0,0
8,run7_initcall.txt,numa_init_sysfs,0.052067,0,0
8,run7_initcall.txt,mem_cgroup_swap_init,0.052081,0,0
8,run7_initcall.txt,init_msg_buckets,0.052099,0,0
8,run7_initcall.txt,init_bio,0.052145,0,0
8,run7_initcall.txt,blk_ioc_init,0.052162,0,0
8,run7_initcall.txt,blk_mq_init,0.052176,0,0
8,run7_initcall.txt,genhd_device_init,0.052316,0,4000
8,run7_initcall.txt,blkcg_punt_bio_init,0.052443,0,0
8,run7_initcall.txt,blk_integrity_auto_init,0.052521,0,0
8,run7_initcall.txt,io_wq_init,0.05254,0,0
8,run7_initcall.txt,crc_t10dif_mod_init,0.052564,0,0
8,run7_initcall.txt,sha256_mod_init,0.052582,0,0
8,run7_initcall.txt,sha512_mod_init,0.052596,0,0
8,run7_initcall.txt,sg_pool_init,0.052627,0,0
8,run7_initcall.txt,gpiolib_debugfs_init,0.052649,0,0
8,run7_initcall.txt,stmpe_gpio_init,0.052751,0,0
8,run7_initcall.txt,pwm_init,0.052777,0,0
8,run7_initcall.txt,leds_init,0.052808,0,0
8,run7_initcall.txt,pci_slot_init,0.052832,0,0
8,run7_initcall.txt,fbmem_init,0.052893,0,0
8,run7_initcall.txt,bcm2835_dma_init,0.053605,0,0
8,run7_initcall.txt,regulator_fixed_voltage_init,0.053689,0,0
8,run7_initcall.txt,gpio_regulator_init,0.053748,0,0
8,run7_initcall.txt,init_sysrq_sysctl,0.053784,0,0
8,run7_initcall.txt,misc_init,0.053813,0,0
8,run7_initcall.txt,iommu_subsys_init,0.053845,0,0
8,run7_initcall.txt,register_cpu_capacity_sysctl,0.054196,0,0
8,run7_initcall.txt,dma_buf_init,0.054276,0,0
8,run7_initcall.txt,dma_heap_init,0.054304,0,0
8,run7_initcall.txt,init_scsi,0.054406,0,0
8,run7_initcall.txt,mdio_bus_init,0.054435,0,0
8,run7_initcall.txt,phy_init,0.054479,0,0
8,run7_initcall.txt,usb_common_init,0.054499,0,0
8,run7_initcall.txt,usb_init,0.054605,0,0
8,run7_initcall.txt,usb_phy_generic_init,0.054797,0,0
8,run7_initcall.txt,usb_udc_init,0.054854,0,0
8,run7_initcall.txt,usb_roles_init,0.054882,0,0
8,run7_initcall.txt,input_init,0.054909,0,0
8,run7_initcall.txt,rtc_init,0.05493,0,0
8,run7_initcall.txt,rc_core_init,0.054955,0,0
8,run7_initcall.txt,pps_init,0.054985,0,0
8,run7_initcall.txt,ptp_init,0.055009,0,0
8,run7_initcall.txt,power_supply_class_init,0.055036,0,0
8,run7_initcall.txt,hwmon_init,0.055055,0,0
8,run7_initcall.txt,mmc_init,0.055096,0,0
8,run7_initcall.txt,dmi_init,0.055111,0,0
8,run7_initcall.txt,efisubsys_init,0.055126,0,0
8,run7_initcall.txt,arm_pmu_hp_init,0.055146,0,0
8,run7_initcall.txt,ras_init,0.055173,0,0
8,run7_initcall.txt,nvmem_init,0.055211,0,0
8,run7_initcall.txt,init_soundcore,0.055235,0,0
8,run7_initcall.txt,proto_init,0.055257,0,0
8,run7_initcall.txt,net_dev_init,0.055482,0,0
8,run7_initcall.txt,neigh_init,0.055505,0,0
8,run7_initcall.txt,fib_notifier_init,0.055523,0,0
8,run7_initcall.txt,netdev_genl_init,0.055564,0,0
8,run7_initcall.txt,page_pool_user_init,0.055583,0,0
8,run7_initcall.txt,fib_rules_init,0.055602,0,0
8,run7_initcall.txt,init_cgroup_netprio,0.055622,0,0
8,run7_initcall.txt,bpf_lwt_init,0.05564,0,0
8,run7_initcall.txt,pktsched_init,0.055662,0,0
8,run7_initcall.txt,tc_filter_init,0.055693,0,0
8,run7_initcall.txt,tc_action_init,0.055712,0,0
8,run7_initcall.txt,ethnl_init,0.055785,0,0
8,run7_initcall.txt,nexthop_init,0.05581,0,0
8,run7_initcall.txt,devlink_init,0.055888,0,0
8,run7_initcall.txt,wireless_nlevent_init,0.055908,0,0
8,run7_initcall.txt,vsprintf_init_hashval,0.055925,0,0
8,run7_initcall.txt,init_32bit_el0_mask,0.055942,0,0
8,run7_initcall.txt,vga_arb_device_init,0.056069,0,0
8,run7_initcall.txt,watchdog_init,0.056165,0,0
8,run7_initcall.txt,create_debug_debugfs_entry,0.056269,0,0
8,run7_initcall.txt,iomem_init_inode,0.056313,0,0
8,run7_initcall.txt,clocksource_done_booting,0.056362,0,13
8,run7_initcall.txt,tracer_init_tracefs,0.056388,0,9
8,run7_initcall.txt,init_trace_printk_function_export,0.056467,0,63
8,run7_initcall.txt,init_graph_tracefs,0.056489,0,2
8,run7_initcall.txt,bpf_event_init,0.056504,0,1
8,run7_initcall.txt,init_kprobe_trace,0.458591,0,402067
8,run7_initcall.txt,init_dynamic_event,0.458683,0,10
8,run7_initcall.txt,bpf_init,0.458728,0,20
8,run7_initcall.txt,secretmem_init,0.458795,0,51
8,run7_initcall.txt,init_fs_stat_sysctls,0.458824,0,12
8,run7_initcall.txt,init_fs_exec_sysctls,0.458841,0,2
8,run7_initcall.txt,init_pipe_fs,0.458878,0,22
8,run7_initcall.txt,init_fs_namei_sysctls,0.458902,0,7
8,run7_initcall.txt,init_fs_dcache_sysctls,0.458924,0,7
8,run7_initcall.txt,init_fs_namespace_sysctls,0.458941,0,1
8,run7_initcall.txt,cgroup_writeback_init,0.458967,0,9
8,run7_initcall.txt,inotify_user_setup,0.458999,0,16
8,run7_initcall.txt,eventpoll_init,0.459035,0,20
8,run7_initcall.txt,anon_inode_init,0.459066,0,14
8,run7_initcall.txt,proc_locks_init,0.459088,0,5
8,run7_initcall.txt,backing_aio_init,0.459106,0,2
8,run7_initcall.txt,init_fs_coredump_sysctls,0.45913,0,7
8,run7_initcall.txt,init_vm_drop_caches_sysctls,0.459149,0,2
8,run7_initcall.txt,iomap_dio_init,0.45919,0,23
8,run7_initcall.txt,iomap_ioend_init,0.459236,0,30
8,run7_initcall.txt,dquot_init,0.45942,0,166
8,run7_initcall.txt,proc_cmdline_init,0.459448,0,5
8,run7_initcall.txt,proc_consoles_init,0.459465,0,1
8,run7_initcall.txt,proc_cpuinfo_init,0.459483,0,1
8,run7_initcall.txt,proc_devices_init,0.459499,0,0
8,run7_initcall.txt,proc_interrupts_init,0.459517,0,1
8,run7_initcall.txt,proc_loadavg_init,0.459534,0,1
8,run7_initcall.txt,proc_meminfo_init,0.45955,0,1
8,run7_initcall.txt,proc_stat_init,0.459567,0,1
8,run7_initcall.txt,proc_uptime_init,0.459584,0,1
8,run7_initcall.txt,proc_version_init,0.4596,0,0
8,run7_initcall.txt,proc_softirqs_init,0.459617,0,1
8,run7_initcall.txt,proc_kmsg_init,0.459634,0,1
8,run7_initcall.txt,proc_page_init,0.459652,0,2
8,run7_initcall.txt,init_ramfs_fs,0.45967,0,1
8,run7_initcall.txt,aa_create_aafs,0.459687,0,0
8,run7_initcall.txt,chr_dev_init,0.462806,0,3098
8,run7_initcall.txt,hwrng_modinit,0.462894,0,47
8,run7_initcall.txt,firmware_class_init,0.462914,0,1
8,run7_initcall.txt,sysctl_core_init,0.462963,0,31
8,run7_initcall.txt,eth_offload_init,0.462983,0,1
8,run7_initcall.txt,ipv4_offload_init,0.463005,0,1
8,run7_initcall.txt,inet_init,0.466919,0,3900
8,run7_initcall.txt,af_unix_init,0.466967,0,22
8,run7_initcall.txt,ipv6_offload_init,0.466984,0,1
8,run7_initcall.txt,init_sunrpc,0.467395,0,396
8,run7_initcall.txt,vlan_offload_init,0.467413,0,0
8,run7_initcall.txt,pci_apply_final_quirks,0.467442,0,12
8,run7_initcall.txt,populate_rootfs,0.467466,0,7
8,run7_initcall.txt,register_arm64_panic_block,0.467577,0,1
8,run7_initcall.txt,cpuinfo_regs_init,0.467686,0,94
8,run7_initcall.txt,aarch32_el0_sysfs_init,0.467704,0,0
8,run7_initcall.txt,kvm_arm_init,0.471333,0,3609
8,run7_initcall.txt,proc_execdomains_init,0.471385,0,4
8,run7_initcall.txt,register_warn_debugfs,0.471408,0,3
8,run7_initcall.txt,cpuhp_sysfs_init,0.471457,0,30
8,run7_initcall.txt,ioresources_init,0.471479,0,4
8,run7_initcall.txt,psi_proc_init,0.471493,0,0
8,run7_initcall.txt,irq_gc_init_ops,0.471508,0,0
8,run7_initcall.txt,irq_debugfs_init,0.471595,0,71
8,run7_initcall.txt,proc_modules_init,0.471613,0,2
8,run7_initcall.txt,timer_sysctl_init,0.47164,0,9
8,run7_initcall.txt,timekeeping_init_ops,0.471656,0,0
8,run7_initcall.txt,init_clocksource_sysfs,0.471733,0,60
8,run7_initcall.txt,init_timer_list_procfs,0.471753,0,1
8,run7_initcall.txt,alarmtimer_init,0.471827,0,57
8,run7_initcall.txt,clockevents_init_sysfs,0.471954,0,109
8,run7_initcall.txt,sched_clock_syscore_init,0.471974,0,0
8,run7_initcall.txt,kallsyms_init,0.471993,0,2
8,run7_initcall.txt,pid_namespaces_init,0.472033,0,22
8,run7_initcall.txt,audit_watch_init,0.472053,0,1
8,run7_initcall.txt,audit_fsnotify_init,0.47207,0,0
8,run7_initcall.txt,audit_tree_init,0.472089,0,2
8,run7_initcall.txt,seccomp_sysctl_init,0.47211,0,4
8,run7_initcall.txt,utsname_sysctl_init,0.472134,0,6
8,run7_initcall.txt,init_tracepoints,0.472153,0,1
8,run7_initcall.txt,init_lstats_procfs,0.472175,0,4
8,run7_initcall.txt,stack_trace_init,0.472204,0,12
8,run7_initcall.txt,init_blk_tracer,0.472233,0,14
8,run7_initcall.txt,perf_event_sysfs_init,0.472341,0,93
8,run7_initcall.txt,system_trusted_keyring_init,0.472397,0,14
8,run7_initcall.txt,kswapd_init,0.472597,0,183
8,run7_initcall.txt,extfrag_debug_init,0.472624,0,9
8,run7_initcall.txt,mm_compute_batch_init,0.472643,0,0
8,run7_initcall.txt,slab_proc_init,0.472663,0,3
8,run7_initcall.txt,workingset_init,0.472688,0,8
8,run7_initcall.txt,proc_vmalloc_init,0.472707,0,1
8,run7_initcall.txt,memblock_init_debugfs,0.47273,0,5
8,run7_initcall.txt,slab_debugfs_init,0.472757,0,8
8,run7_initcall.txt,procswaps_init,0.472777,0,1
8,run7_initcall.txt,zs_init,0.472793,0,0
8,run7_initcall.txt,fcntl_init,0.47281,0,2
8,run7_initcall.txt,proc_filesystems_init,0.472826,0,1
8,run7_initcall.txt,start_dirtytime_writeback,0.472846,0,5
8,run7_initcall.txt,dio_init,0.472863,0,1
8,run7_initcall.txt,dnotify_init,0.472892,0,14
8,run7_initcall.txt,fanotify_user_setup,0.472917,0,9
8,run7_initcall.txt,aio_setup,0.47297,0,37
8,run7_initcall.txt,mbcache_init,0.472993,0,6
8,run7_initcall.txt,init_grace,0.473012,0,2
8,run7_initcall.txt,init_devpts_fs,0.473038,0,10
8,run7_initcall.txt,ext4_init_fs,0.473134,0,80
8,run7_initcall.txt,journal_init,0.473167,0,15
8,run7_initcall.txt,init_fat_fs,0.473189,0,5
8,run7_initcall.txt,init_vfat_fs,0.473206,0,0
8,run7_initcall.txt,init_msdos_fs,0.473223,0,0
8,run7_initcall.txt,init_nfs_fs,0.473377,0,137
8,run7_initcall.txt,init_nfs_v2,0.473398,0,0
8,run7_initcall.txt,init_nfs_v3,0.473414,0,0
8,run7_initcall.txt,init_nfs_v4,0.473463,0,32
8,run7_initcall.txt,nfs4filelayout_init,0.473486,0,6
8,run7_initcall.txt,nfs4flexfilelayout_init,0.473511,0,6
8,run7_initcall.txt,init_nlm,0.473557,0,29
8,run7_initcall.txt,init_nls_cp437,0.473576,0,0
8,run7_initcall.txt,init_nls_ascii,0.473593,0,0
8,run7_initcall.txt,init_autofs_fs,0.473705,0,95
8,run7_initcall.txt,init_f2fs_fs,0.473848,0,123
8,run7_initcall.txt,ipc_init,0.473881,0,13
8,run7_initcall.txt,ipc_sysctl_init,0.473917,0,18
8,run7_initcall.txt,init_mqueue_fs,0.473972,0,36
8,run7_initcall.txt,key_proc_init,0.473995,0,3
8,run7_initcall.txt,bpf_crypto_skcipher_init,0.474012,0,0
8,run7_initcall.txt,dh_init,0.474029,0,2
8,run7_initcall.txt,rsa_init,0.474043,0,1
8,run7_initcall.txt,cryptomgr_init,0.474057,0,1
8,run7_initcall.txt,hmac_module_init,0.47407,0,0
8,run7_initcall.txt,crypto_sha256_mod_init,0.474088,0,4
8,run7_initcall.txt,crypto_ecb_module_init,0.474102,0,0
8,run7_initcall.txt,crypto_cbc_module_init,0.474115,0,0
8,run7_initcall.txt,crypto_cts_module_init,0.474129,0,0
8,run7_initcall.txt,xts_module_init,0.474143,0,0
8,run7_initcall.txt,des_generic_mod_init,0.474159,0,2
8,run7_initcall.txt,aes_init,0.474173,0,0
8,run7_initcall.txt,lzo_mod_init,0.474187,0,1
8,run7_initcall.txt,lzorle_mod_init,0.474201,0,0
8,run7_initcall.txt,asymmetric_key_init,0.474219,0,5
8,run7_initcall.txt,x509_key_init,0.474238,0,5
8,run7_initcall.txt,crypto_kdf108_init,0.474252,0,0
8,run7_initcall.txt,blkdev_init,0.474299,0,32
8,run7_initcall.txt,proc_genhd_init,0.474316,0,2
8,run7_initcall.txt,bsg_init,0.474347,0,17
8,run7_initcall.txt,throtl_init,0.474431,0,69
8,run7_initcall.txt,deadline_init,0.474452,0,5
8,run7_initcall.txt,kyber_init,0.474471,0,5
8,run7_initcall.txt,bfq_init,0.474506,0,21
8,run7_initcall.txt,io_uring_init,0.474543,0,22
8,run7_initcall.txt,btree_module_init,0.474561,0,2
8,run7_initcall.txt,percpu_counter_startup,0.474624,0,46
8,run7_initcall.txt,audit_classes_init,0.474653,0,7
8,run7_initcall.txt,gicv5_iwb_platform_driver_init,0.474761,0,92
8,run7_initcall.txt,mip_msi_driver_init,0.474817,0,38
8,run7_initcall.txt,bcm7038_l1_driver_init,0.474869,0,35
8,run7_initcall.txt,bcm7120_l2_driver_init,0.474926,0,39
8,run7_initcall.txt,brcmstb_l2_driver_init,0.475217,0,273
8,run7_initcall.txt,simple_pm_bus_driver_init,0.475737,0,501
8,run7_initcall.txt,phy_core_init,0.475767,0,10
8,run7_initcall.txt,brcm_usb_driver_init,0.475849,0,65
8,run7_initcall.txt,rp1_pinctrl_driver_init,0.4759,0,33
8,run7_initcall.txt,bcm2835_pinctrl_driver_init,0.476848,0,930
8,run7_initcall.txt,bcm2712_pinctrl_driver_init,0.476932,0,60
8,run7_initcall.txt,brcmvirt_gpio_driver_init,0.476988,0,37
8,run7_initcall.txt,brcmstb_gpio_driver_init,0.477042,0,35
8,run7_initcall.txt,rpi_exp_gpio_driver_init,0.477486,0,426
8,run7_initcall.txt,brcmstb_pwm_driver_init,0.477544,0,38
8,run7_initcall.txt,rp1_pwm_driver_init,0.477603,0,35
8,run7_initcall.txt,gpio_led_driver_init,0.47939,0,1769
8,run7_initcall.txt,led_pwm_driver_init,0.479475,0,49
8,run7_initcall.txt,timer_led_trigger_init,0.479494,0,1
8,run7_initcall.txt,oneshot_led_trigger_init,0.479511,0,0
8,run7_initcall.txt,heartbeat_trig_init,0.479531,0,3
8,run7_initcall.txt,bl_led_trigger_init,0.479547,0,0
8,run7_initcall.txt,ledtrig_cpu_init,0.479617,0,53
8,run7_initcall.txt,defon_led_trigger_init,0.479672,0,36
8,run7_initcall.txt,input_trig_init,0.479691,0,1
8,run7_initcall.txt,ledtrig_panic_init,0.479708,0,1
8,run7_initcall.txt,actpwr_trig_init,0.479907,0,183
8,run7_initcall.txt,pcie_portdrv_init,0.479989,0,60
8,run7_initcall.txt,pci_proc_init,0.480015,0,8
8,run7_initcall.txt,brcm_pcie_driver_init,0.593267,0,113234
8,run7_initcall.txt,bcm2708_fb_init,0.593359,0,64
8,run7_initcall.txt,simplefb_driver_init,0.600197,0,6820
8,run7_initcall.txt,of_fixed_factor_clk_driver_init,0.600293,0,39
8,run7_initcall.txt,of_fixed_clk_driver_init,0.600387,0,42
8,run7_initcall.txt,gpio_clk_driver_init,0.600487,0,44
8,run7_initcall.txt,gated_fixed_clk_driver_init,0.600571,0,35
8,run7_initcall.txt,rp1_clk_driver_init,0.600656,0,35
8,run7_initcall.txt,rp1_sdio_clk_driver_init,0.60074,0,36
8,run7_initcall.txt,clk_dvp_driver_init,0.600934,0,145
8,run7_initcall.txt,bcm2835_aux_clk_driver_init,0.601047,0,64
8,run7_initcall.txt,raspberrypi_clk_driver_init,0.616649,0,15550
8,run7_initcall.txt,dw_driver_init,0.616747,0,48
8,run7_initcall.txt,bcm2835_power_driver_init,0.616824,0,26
8,run7_initcall.txt,rpi_power_driver_init,0.635156,0,18282
8,run7_initcall.txt,brcmstb_reset_driver_init,0.637179,0,42
8,run7_initcall.txt,brcm_rescal_reset_driver_init,0.639176,0,39
8,run7_initcall.txt,rpi_reset_driver_init,0.642192,0,1070
8,run7_initcall.txt,reset_simple_driver_init,0.644243,0,85
8,run7_initcall.txt,n_null_init,0.646205,0,0
8,run7_initcall.txt,pty_init,0.648256,0,105
8,run7_initcall.txt,sysrq_init,0.6502,0,14
8,run7_initcall.txt,serial8250_init,0.652141,-19,0
8,run7_initcall.txt,bcm2835aux_serial_driver_init,0.65414,0,46
8,run7_initcall.txt,brcmuart_init,0.656138,0,56
8,run7_initcall.txt,exar_pci_driver_init,0.65813,0,27
8,run7_initcall.txt,of_platform_serial_driver_init,0.660173,0,100
8,run7_initcall.txt,serial_pci_driver_init,0.662138,0,33
8,run7_initcall.txt,pericom8250_pci_driver_init,0.664076,0,18
8,run7_initcall.txt,init_kgdboc,0.667014,0,1042
8,run7_initcall.txt,random_sysctls_init,0.668945,0,13
8,run7_initcall.txt,ttyprintk_init,0.670933,0,60
8,run7_initcall.txt,bcm2835_rng_driver_init,0.672935,0,63
8,run7_initcall.txt,bcm74110_rng_driver_init,0.674941,0,38
8,run7_initcall.txt,iproc_rng200_driver_init,0.679212,0,2263
8,run7_initcall.txt,smccc_trng_driver_init,0.681346,0,28
8,run7_initcall.txt,vc_mem_init,0.684682,0,1232
8,run7_initcall.txt,vcio_driver_init,0.688343,0,1430
8,run7_initcall.txt,bcm2712_iommu_driver_init,0.690698,0,43
8,run7_initcall.txt,bcm2712_iommu_cache_driver_init,0.693093,0,43
8,run7_initcall.txt,topology_sysfs_init,0.695543,0,61
8,run7_initcall.txt,cacheinfo_sysfs_init,0.698218,0,249
8,run7_initcall.txt,devcoredump_init,0.700634,0,10
8,run7_initcall.txt,brd_init,0.708135,0,5082
8,run7_initcall.txt,loop_init,0.714333,0,3763
8,run7_initcall.txt,bcm2835_pm_driver_init,0.718017,0,1337
8,run7_initcall.txt,stmpe_i2c_driver_init,0.720411,0,15
8,run7_initcall.txt,stmpe_spi_driver_init,0.722782,0,13
8,run7_initcall.txt,rp1_driver_init,0.725186,0,27
8,run7_initcall.txt,system_heap_create,0.727632,0,81
8,run7_initcall.txt,add_default_cma_heap,0.730104,0,83
8,run7_initcall.txt,udmabuf_dev_init,0.732499,0,46
8,run7_initcall.txt,iscsi_transport_init,0.736292,0,1418
8,run7_initcall.txt,init_sd,0.738705,0,22
8,run7_initcall.txt,nvme_core_init,0.741328,0,244
8,run7_initcall.txt,nvme_init,0.743743,0,25
8,run7_initcall.txt,blackhole_netdev_init,0.746154,0,17
8,run7_initcall.txt,netkit_init,0.74854,0,5
8,run7_initcall.txt,phylink_init,0.750887,0,0
8,run7_initcall.txt,phy_module_init,0.753436,0,173
8,run7_initcall.txt,phy_module_init,0.755987,0,181
8,run7_initcall.txt,fixed_mdio_bus_init,0.758534,0,157
8,run7_initcall.txt,phy_module_init,0.761086,0,167
8,run7_initcall.txt,phy_module_init,0.763472,0,21
8,run7_initcall.txt,phy_module_init,0.765853,0,62
8,run7_initcall.txt,unimac_mdio_driver_init,0.768292,0,126
8,run7_initcall.txt,macb_driver_init,0.770744,0,121
8,run7_initcall.txt,bcmgenet_driver_init,0.977449,0,204379
8,run7_initcall.txt,bcmasp_driver_init,0.979862,0,84
8,run7_initcall.txt,lan78xx_driver_init,0.983352,0,1169
8,run7_initcall.txt,smsc95xx_driver_init,0.986941,0,1207
8,run7_initcall.txt,usbnet_init,0.989318,0,0
8,run7_initcall.txt,xhci_hcd_init,0.9917,0,15
8,run7_initcall.txt,xhci_pci_init,1.119781,0,125714
8,run7_initcall.txt,xhci_plat_init,1.122171,0,121
8,run7_initcall.txt,dwc_otg_driver_init,1.128956,0,4525
8,run7_initcall.txt,dwc_common_port_init_module,1.132387,0,1212
8,run7_initcall.txt,dwc3_driver_init,1.13465,0,57
8,run7_initcall.txt,dwc3_haps_driver_init,1.136904,0,29
8,run7_initcall.txt,dwc3_of_simple_driver_init,1.139175,0,61
8,run7_initcall.txt,dwc3_generic_driver_init,1.141437,0,41
8,run7_initcall.txt,dwc2_platform_driver_init,1.143792,0,151
8,run7_initcall.txt,uas_init,1.147211,0,1188
8,run7_initcall.txt,usb_storage_driver_init,1.150485,0,1115
8,run7_initcall.txt,brcmstb_usb_pinmap_init,1.152734,-19,71
8,run7_initcall.txt,bdc_driver_init,1.154961,0,46
8,run7_initcall.txt,input_leds_init,1.157149,0,1
8,run7_initcall.txt,mousedev_init,1.160553,0,1217
8,run7_initcall.txt,evdev_init,1.16277,0,0
8,run7_initcall.txt,brcmstb_waketmr_driver_init,1.16503,0,51
8,run7_initcall.txt,rpi_rtc_driver_init,1.167242,0,40
8,run7_initcall.txt,init_rc_map_adstech_dvb_t_pci,1.169445,0,0
8,run7_initcall.txt,init_rc_map_alink_dtu_m,1.171643,0,0
8,run7_initcall.txt,init_rc_map_anysee,1.173842,0,0
8,run7_initcall.txt,init_rc_map_apac_viewcomp,1.176045,0,0
8,run7_initcall.txt,init_rc_map_t2hybrid,1.178265,0,0
8,run7_initcall.txt,init_rc_map_asus_pc39,1.180473,0,0
8,run7_initcall.txt,init_rc_map_asus_ps3_100,1.182628,0,0
8,run7_initcall.txt,init_rc_map_ati_tv_wonder_hd_600,1.184831,0,0
8,run7_initcall.txt,init_rc_map_ati_x10,1.187041,0,0
8,run7_initcall.txt,init_rc_map_avermedia_a16d,1.189282,0,0
8,run7_initcall.txt,init_rc_map_avermedia_cardbus,1.191509,0,0
8,run7_initcall.txt,init_rc_map_avermedia_dvbt,1.193724,0,0
8,run7_initcall.txt,init_rc_map_avermedia_m135a,1.195953,0,0
8,run7_initcall.txt,init_rc_map_avermedia_m733a_rm_k6,1.198214,0,0
8,run7_initcall.txt,init_rc_map_avermedia,1.20043,0,0
8,run7_initcall.txt,init_rc_map_avermedia_rm_ks,1.202684,0,0
8,run7_initcall.txt,init_rc_map_avertv_303,1.204964,0,10
8,run7_initcall.txt,init_rc_map_azurewave_ad_tu700,1.207217,0,0
8,run7_initcall.txt,init_rc_map_beelink_gs1,1.209473,0,0
8,run7_initcall.txt,init_rc_map_beelink_mxiii,1.211724,0,0
8,run7_initcall.txt,init_rc_map_behold_columbus,1.213983,0,0
8,run7_initcall.txt,init_rc_map_behold,1.216187,0,0
8,run7_initcall.txt,init_rc_map_budget_ci_old,1.218847,0,0
8,run7_initcall.txt,init_rc_map_cinergy_1400,1.221082,0,0
8,run7_initcall.txt,init_rc_map_cinergy,1.223294,0,0
8,run7_initcall.txt,init_rc_map_ct_90405,1.225502,0,0
8,run7_initcall.txt,init_rc_map_d680_dmb,1.227705,0,0
8,run7_initcall.txt,init_rc_map_delock_61959,1.229924,0,0
8,run7_initcall.txt,init_rc_map,1.232091,0,0
8,run7_initcall.txt,init_rc_map,1.234389,0,53
8,run7_initcall.txt,init_rc_map_digitalnow_tinytwin,1.236656,0,50
8,run7_initcall.txt,init_rc_map_digittrade,1.238941,0,100
8,run7_initcall.txt,init_rc_map_dm1105_nec,1.241122,0,11
8,run7_initcall.txt,init_rc_map_dntv_live_dvb_t,1.243276,0,0
8,run7_initcall.txt,init_rc_map_dntv_live_dvbt_pro,1.245449,0,0
8,run7_initcall.txt,init_rc_map_dreambox,1.247614,0,0
8,run7_initcall.txt,init_rc_map_dtt200u,1.249751,0,0
8,run7_initcall.txt,init_rc_map_rc5_dvbsky,1.251912,0,0
8,run7_initcall.txt,init_rc_map_dvico_mce,1.254096,0,0
8,run7_initcall.txt,init_rc_map_dvico_portable,1.25626,0,0
8,run7_initcall.txt,init_rc_map_em_terratec,1.258418,0,0
8,run7_initcall.txt,init_rc_map_encore_enltv2,1.260578,0,0
8,run7_initcall.txt,init_rc_map_encore_enltv_fm53,1.262742,0,0
8,run7_initcall.txt,init_rc_map_encore_enltv,1.264913,0,0
8,run7_initcall.txt,init_rc_map_evga_indtube,1.267032,0,0
8,run7_initcall.txt,init_rc_map_eztv,1.269181,0,0
8,run7_initcall.txt,init_rc_map_flydvb,1.27131,0,0
8,run7_initcall.txt,init_rc_map_flyvideo,1.273423,0,0
8,run7_initcall.txt,init_rc_map_fusionhdtv_mce,1.275544,0,0
8,run7_initcall.txt,init_rc_map_gadmei_rm008z,1.277645,0,0
8,run7_initcall.txt,init_rc_map_geekbox,1.279743,0,0
8,run7_initcall.txt,init_rc_map_genius_tvgo_a11mce,1.281838,0,0
8,run7_initcall.txt,init_rc_map_gotview7135,1.283888,0,0
8,run7_initcall.txt,init_rc_map_rc5_hauppauge_new,1.285996,0,0
8,run7_initcall.txt,init_rc_map_hisi_poplar,1.288107,0,0
8,run7_initcall.txt,init_rc_map_hisi_tv_demo,1.290234,0,0
8,run7_initcall.txt,init_rc_map_imon_mce,1.292353,0,0
8,run7_initcall.txt,init_rc_map_imon_pad,1.294473,0,0
8,run7_initcall.txt,init_rc_map_imon_rsc,1.296586,0,0
8,run7_initcall.txt,init_rc_map_iodata_bctv7e,1.298672,0,0
8,run7_initcall.txt,init_rc_it913x_v1_map,1.300731,0,0
8,run7_initcall.txt,init_rc_it913x_v2_map,1.30282,0,0
8,run7_initcall.txt,init_rc_map_kaiomy,1.30492,0,0
8,run7_initcall.txt,init_rc_map_khadas,1.307006,0,0
8,run7_initcall.txt,init_rc_map_khamsin,1.309083,0,0
8,run7_initcall.txt,init_rc_map_kworld_315u,1.311148,0,0
8,run7_initcall.txt,init_rc_map_kworld_pc150u,1.313209,0,0
8,run7_initcall.txt,init_rc_map_kworld_plus_tv_analog,1.31527,0,0
8,run7_initcall.txt,init_rc_map_leadtek_y04g0051,1.317306,0,0
8,run7_initcall.txt,init_rc_lme2510_map,1.319378,0,0
8,run7_initcall.txt,init_rc_map_manli,1.321469,0,0
8,run7_initcall.txt,init_rc_map_mecool_kiii_pro,1.323562,0,0
8,run7_initcall.txt,init_rc_map_mecool_kii_pro,1.325664,0,0
8,run7_initcall.txt,init_rc_map_medion_x10_digitainer,1.327756,0,0
8,run7_initcall.txt,init_rc_map_medion_x10,1.329851,0,0
8,run7_initcall.txt,init_rc_map_medion_x10_or2x,1.331945,0,0
8,run7_initcall.txt,init_rc_map_minix_neo,1.334008,0,0
8,run7_initcall.txt,init_rc_map_msi_digivox_iii,1.336119,0,0
8,run7_initcall.txt,init_rc_map_msi_digivox_ii,1.338247,0,0
8,run7_initcall.txt,init_rc_map_msi_tvanywhere,1.340376,0,0
8,run7_initcall.txt,init_rc_map_msi_tvanywhere_plus,1.342491,0,0
8,run7_initcall.txt,init_rc_map_mygica_utv3,1.344605,0,0
8,run7_initcall.txt,init_rc_map_nebula,1.346723,0,0
8,run7_initcall.txt,init_rc_map_nec_terratec_cinergy_xs,1.348829,0,0
8,run7_initcall.txt,init_rc_map_norwood,1.350908,0,0
8,run7_initcall.txt,init_rc_map_npgtech,1.353015,0,0
8,run7_initcall.txt,init_rc_map_odroid,1.35511,0,0
8,run7_initcall.txt,init_rc_map_pctv_sedna,1.357195,0,0
8,run7_initcall.txt,init_rc_map_pine64,1.35929,0,0
8,run7_initcall.txt,init_rc_map_pinnacle_color,1.36139,0,0
8,run7_initcall.txt,init_rc_map_pinnacle_grey,1.364549,0,0
8,run7_initcall.txt,init_rc_map_pinnacle_pctv_hd,1.366611,0,0
8,run7_initcall.txt,init_rc_map_pixelview,1.368711,0,0
8,run7_initcall.txt,init_rc_map_pixelview,1.370823,0,0
8,run7_initcall.txt,init_rc_map_pixelview_new,1.372949,0,0
8,run7_initcall.txt,init_rc_map_pixelview,1.375074,0,0
8,run7_initcall.txt,init_rc_map_powercolor_real_angel,1.377203,0,0
8,run7_initcall.txt,init_rc_map_proteus_2309,1.379336,0,0
8,run7_initcall.txt,init_rc_map_purpletv,1.381479,0,0
8,run7_initcall.txt,init_rc_map_pv951,1.383562,0,0
8,run7_initcall.txt,init_rc_map_rc6_mce,1.385686,0,0
8,run7_initcall.txt,init_rc_map_real_audio_220_32_keys,1.387812,0,0
8,run7_initcall.txt,init_rc_map_reddo,1.389942,0,0
8,run7_initcall.txt,init_rc_map_siemens_gigaset_rc20,1.392066,0,0
8,run7_initcall.txt,init_rc_map_snapstream_firefly,1.394229,0,0
8,run7_initcall.txt,init_rc_map_streamzap,1.39637,0,0
8,run7_initcall.txt,init_rc_map_su3000,1.398521,0,0
8,run7_initcall.txt,init_rc_map_tanix_tx3mini,1.400626,0,0
8,run7_initcall.txt,init_rc_map_tanix_tx5max,1.402759,0,0
8,run7_initcall.txt,init_rc_map_tbs_nec,1.40491,0,0
8,run7_initcall.txt,init_rc_map,1.407074,0,0
8,run7_initcall.txt,init_rc_map,1.409238,0,0
8,run7_initcall.txt,init_rc_map_terratec_cinergy_c_pci,1.411402,0,0
8,run7_initcall.txt,init_rc_map_terratec_cinergy_s2_hd,1.413576,0,0
8,run7_initcall.txt,init_rc_map_terratec_cinergy_xs,1.415702,0,0
8,run7_initcall.txt,init_rc_map_terratec_slim_2,1.417837,0,0
8,run7_initcall.txt,init_rc_map_terratec_slim,1.419979,0,0
8,run7_initcall.txt,init_rc_map_tevii_nec,1.422143,0,0
8,run7_initcall.txt,init_rc_map_tivo,1.424299,0,0
8,run7_initcall.txt,init_rc_map_total_media_in_hand_02,1.426479,0,0
8,run7_initcall.txt,init_rc_map_total_media_in_hand,1.42866,0,0
8,run7_initcall.txt,init_rc_map_trekstor,1.430817,0,0
8,run7_initcall.txt,init_rc_map_tt_1500,1.432935,0,0
8,run7_initcall.txt,init_rc_map_twinhan_vp1027,1.435087,0,0
8,run7_initcall.txt,init_rc_map_twinhan_dtv_cab_ci,1.437256,0,0
8,run7_initcall.txt,init_rc_map_vega_s9x,1.43942,0,0
8,run7_initcall.txt,init_rc_map_videomate_k100,1.441582,0,0
8,run7_initcall.txt,init_rc_map_videomate_s350,1.443738,0,0
8,run7_initcall.txt,init_rc_map_videomate_tv_pvr,1.445873,0,0
8,run7_initcall.txt,init_rc_map_kii_pro,1.447999,0,0
8,run7_initcall.txt,init_rc_map_wetek_hub,1.4501,0,0
8,run7_initcall.txt,init_rc_map_wetek_play2,1.452224,0,0
8,run7_initcall.txt,init_rc_map_winfast,1.454363,0,0
8,run7_initcall.txt,init_rc_map_winfast_usbii_deluxe,1.45671,0,196
8,run7_initcall.txt,init_rc_map_x96max,1.458866,0,0
8,run7_initcall.txt,init_rc_map,1.461017,0,0
8,run7_initcall.txt,init_rc_map,1.463153,0,1
8,run7_initcall.txt,init_rc_map_zx_irdec,1.465278,0,0
8,run7_initcall.txt,ptp_kvm_init,1.467355,-95,0
8,run7_initcall.txt,gpio_poweroff_driver_init,1.469603,0,77
8,run7_initcall.txt,bcm2711_thermal_driver_init,1.473117,0,1396
8,run7_initcall.txt,bcm2835_thermal_driver_init,1.475313,0,55
8,run7_initcall.txt,bcm2835_wdt_driver_init,1.47749,0,26
8,run7_initcall.txt,dt_cpufreq_platdrv_init,1.479678,0,29
8,run7_initcall.txt,brcm_avs_cpufreq_platdrv_init,1.481935,0,42
8,run7_initcall.txt,raspberrypi_cpufreq_driver_init,1.487031,0,2957
8,run7_initcall.txt,mmc_pwrseq_simple_driver_init,1.489376,0,112
8,run7_initcall.txt,mmc_pwrseq_emmc_driver_init,1.491661,0,57
8,run7_initcall.txt,mmc_blk_init,1.494155,0,32
8,run7_initcall.txt,sdhci_drv_init,1.498702,0,2279
8,run7_initcall.txt,bcm2835_mmc_driver_init,1.504463,0,2362
8,run7_initcall.txt,bcm2835_driver_init,1.508065,0,55
8,run7_initcall.txt,sdhci_pltfm_drv_init,1.514071,0,2400
8,run7_initcall.txt,sdhci_iproc_driver_init,1.516519,0,97
8,run7_initcall.txt,sdhci_brcmstb_driver_init,1.516603,0,70
8,run7_initcall.txt,esrt_sysfs_init,1.516615,-38,0
8,run7_initcall.txt,smccc_devices_init,1.516636,0,1
8,run7_initcall.txt,smccc_soc_init,1.516647,0,1
8,run7_initcall.txt,arch_timer_mmio_drv_init,1.516695,0,39
8,run7_initcall.txt,arch_timer_mmio_acpi_drv_init,1.516733,0,27
8,run7_initcall.txt,hid_init,1.516809,0,66
8,run7_initcall.txt,hid_generic_init,1.516852,0,31
8,run7_initcall.txt,hid_init,1.516903,0,40
8,run7_initcall.txt,vchiq_driver_init,1.526976,0,10059
8,run7_initcall.txt,bcm74110_mbox_driver_init,1.553918,0,82
8,run7_initcall.txt,extcon_class_init,1.556254,0,9
8,run7_initcall.txt,armv8_pmu_driver_init,1.561697,0,3052
8,run7_initcall.txt,binder_init,1.564126,0,68
8,run7_initcall.txt,rpi_otp_driver_init,1.570353,0,3879
8,run7_initcall.txt,sock_diag_init,1.572686,0,23
8,run7_initcall.txt,blackhole_init,1.574969,0,1
8,run7_initcall.txt,cls_bpf_init_mod,1.577241,0,0
8,run7_initcall.txt,gre_offload_init,1.579456,0,0
8,run7_initcall.txt,sysctl_ipv4_init,1.581729,0,70
8,run7_initcall.txt,cubictcp_register,1.583863,0,3
8,run7_initcall.txt,packet_init,1.587143,0,1104
8,run7_initcall.txt,init_rpcsec_gss,1.589375,0,20
8,run7_initcall.txt,init_kerberos_module,1.591575,0,4
8,run7_initcall.txt,dcbnl_init,1.59379,0,2
8,run7_initcall.txt,init_dns_resolver,1.597078,0,1102
8,run7_initcall.txt,handshake_init,1.599287,0,31
8,run7_initcall.txt,check_mmu_enabled_at_boot,1.601519,0,0
8,run7_initcall.txt,finalize_pkvm,1.603748,0,0
8,run7_initcall.txt,kernel_do_mounts_initrd_sysctls_init,1.607201,0,5
8,run7_initcall.txt,kernel_panic_sysctls_init,1.609476,0,20
8,run7_initcall.txt,kernel_panic_sysfs_init,1.611745,0,5
8,run7_initcall.txt,kernel_exit_sysctls_init,1.614033,0,2
8,run7_initcall.txt,kernel_exit_sysfs_init,1.61628,0,2
8,run7_initcall.txt,param_sysfs_builtin_init,1.628677,0,10084
8,run7_initcall.txt,reboot_ksysfs_init,1.631086,0,21
8,run7_initcall.txt,sched_core_sysctl_init,1.633594,0,173
8,run7_initcall.txt,sched_fair_sysctl_init,1.635906,0,1
8,run7_initcall.txt,sched_rt_sysctl_init,1.63822,0,4
8,run7_initcall.txt,sched_dl_sysctl_init,1.640557,0,53
8,run7_initcall.txt,sched_init_debug,1.642861,0,81
8,run7_initcall.txt,cpu_latency_qos_init,1.645203,0,126
8,run7_initcall.txt,printk_late_init,1.647419,0,14
8,run7_initcall.txt,init_srcu_module_notifier,1.650403,0,2
8,run7_initcall.txt,kernel_rcu_stall_sysfs_init,1.652682,0,14
8,run7_initcall.txt,swiotlb_create_default_debugfs,1.654982,0,22
8,run7_initcall.txt,tk_debug_sleep_time_init,1.657399,0,100
8,run7_initcall.txt,bpf_ksym_iter_register,1.659719,0,1
8,run7_initcall.txt,kernel_acct_sysctls_init,1.662089,0,9
8,run7_initcall.txt,bpf_rstat_kfunc_init,1.664426,0,1
8,run7_initcall.txt,debugfs_kprobe_init,1.666726,0,21
8,run7_initcall.txt,kernel_delayacct_sysctls_init,1.669064,0,12
8,run7_initcall.txt,taskstats_init,1.672568,0,1185
8,run7_initcall.txt,ftrace_sysctl_init,1.674884,0,4
8,run7_initcall.txt,bpf_kprobe_multi_kfuncs_init,1.677217,0,5
8,run7_initcall.txt,kdb_ftrace_register,1.679526,0,10
8,run7_initcall.txt,bpf_global_ma_init,1.681924,0,89
8,run7_initcall.txt,bpf_syscall_sysctl_init,1.684195,0,5
8,run7_initcall.txt,unbound_reg_init,1.686512,0,0
8,run7_initcall.txt,kfunc_init,1.688811,0,1
8,run7_initcall.txt,bpf_map_iter_init,1.691114,0,1
8,run7_initcall.txt,init_subsystem,1.693428,0,5
8,run7_initcall.txt,task_iter_init,1.695705,0,1
8,run7_initcall.txt,bpf_prog_iter_init,1.697985,0,0
8,run7_initcall.txt,bpf_link_iter_init,1.7002,0,0
8,run7_initcall.txt,init_trampolines,1.702459,0,3
8,run7_initcall.txt,rqspinlock_register_kfuncs,1.704688,0,0
8,run7_initcall.txt,kfunc_init,1.706909,0,0
8,run7_initcall.txt,bpf_cgroup_iter_init,1.709136,0,0
8,run7_initcall.txt,cpumask_kfunc_init,1.71137,0,7
8,run7_initcall.txt,crypto_kfunc_init,1.713614,0,1
8,run7_initcall.txt,bpf_kmem_cache_iter_init,1.715816,0,0
8,run7_initcall.txt,dmabuf_iter_init,1.718046,0,0
8,run7_initcall.txt,load_system_certificate_list,1.721383,0,1118
8,run7_initcall.txt,init_lru_gen,1.723646,0,19
8,run7_initcall.txt,vmstat_late_init,1.725882,0,2
8,run7_initcall.txt,fault_around_debugfs,1.728098,0,2
8,run7_initcall.txt,slab_sysfs_init,1.734246,0,3935
8,run7_initcall.txt,max_swapfiles_check,1.736518,0,0
8,run7_initcall.txt,zswap_init,1.73874,0,0
8,run7_initcall.txt,mempolicy_sysfs_init,1.740995,0,25
8,run7_initcall.txt,memory_tier_late_init,1.745542,0,2320
8,run7_initcall.txt,check_early_ioremap_leak,1.747763,0,0
8,run7_initcall.txt,mg_debugfs_init,1.749958,0,16
8,run7_initcall.txt,fscrypt_init,1.754465,0,2288
8,run7_initcall.txt,pstore_init,1.756687,0,11
8,run7_initcall.txt,init_root_keyring,1.758928,0,32
8,run7_initcall.txt,init_profile_hash,1.761156,0,0
8,run7_initcall.txt,integrity_fs_init,1.763389,0,25
8,run7_initcall.txt,crypto_algapi_init,1.765601,0,8
8,run7_initcall.txt,blk_timeout_init,1.767776,0,0
8,run7_initcall.txt,depot_debugfs_init,1.770012,0,7
8,run7_initcall.txt,pci_resource_alignment_sysfs_init,1.772233,0,5
8,run7_initcall.txt,pci_sysfs_init,1.774481,0,14
8,run7_initcall.txt,clk_debug_init,1.777125,0,404
8,run7_initcall.txt,genpd_debug_init,1.779711,0,325
8,run7_initcall.txt,sync_state_resume_initcall,1.781991,0,1
8,run7_initcall.txt,deferred_probe_initcall,1.853581,0,69357
8,run7_initcall.txt,efi_shutdown_init,1.855768,-19,0
8,run7_initcall.txt,efi_earlycon_unmap_fb,1.858038,0,2
8,run7_initcall.txt,psci_debugfs_init,1.860155,0,0
8,run7_initcall.txt,of_cfs_init,1.864423,0,2148
8,run7_initcall.txt,of_fdt_raw_init,1.866467,0,28
8,run7_initcall.txt,bpf_kfunc_init,1.868565,0,19
8,run7_initcall.txt,init_subsystem,1.870657,0,0
8,run7_initcall.txt,xdp_metadata_init,1.872755,0,5
8,run7_initcall.txt,bpf_sockmap_iter_init,1.874826,0,1
8,run7_initcall.txt,bpf_sk_storage_map_iter_init,1.876911,0,0
8,run7_initcall.txt,bpf_prog_test_run_init,1.878994,0,1
8,run7_initcall.txt,bpf_dummy_struct_ops_init,1.881073,0,5
8,run7_initcall.txt,tcp_congestion_default,1.883107,0,1
8,run7_initcall.txt,inet_blackhole_dev_init,1.885167,0,7
8,run7_initcall.txt,ip_auto_config,1.887223,0,10
8,run7_initcall.txt,tcp_bpf_v4_build_proto,1.889279,0,6
8,run7_initcall.txt,udp_bpf_v4_build_proto,1.891282,0,0
8,run7_initcall.txt,bpf_tcp_ca_kfunc_init,1.893282,0,0
8,run7_initcall.txt,bpf_mptcp_kfunc_init,1.895267,0,0
8,run7_initcall.txt,latency_fsnotify_init,1.897293,0,31
8,run7_initcall.txt,trace_eval_sync,1.901259,0,11
8,run7_initcall.txt,late_trace_init,1.903303,0,0
8,run7_initcall.txt,fb_logo_late_init,1.905406,0,0
8,run7_initcall.txt,amba_stub_drv_init,1.907582,0,24
8,run7_initcall.txt,clk_disable_unused,1.91463,0,4850
8,run7_initcall.txt,genpd_power_off_unused,1.917961,0,1148
8,run7_initcall.txt,regulator_init_complete,1.920234,0,2
8,run7_initcall.txt,of_platform_sync_state_init,1.922514,0,13
9,run8_initcall.txt,default_bdi_init,0.051654,0,0
9,run8_initcall.txt,cgwb_init,0.051679,0,0
9,run8_initcall.txt,percpu_enable_async,0.051696,0,0
9,run8_initcall.txt,kcompactd_init,0.051814,0,0
9,run8_initcall.txt,init_mm_sysctl,0.051834,0,0
9,run8_initcall.txt,init_user_reserve,0.051854,0,0
9,run8_initcall.txt,init_admin_reserve,0.051869,0,0
9,run8_initcall.txt,init_reserve_notifier,0.051885,0,0
9,run8_initcall.txt,swap_init,0.051907,0,0
9,run8_initcall.txt,swapfile_init,0.051931,0,0
9,run8_initcall.txt,memory_tier_init,0.051978,0,0
9,run8_initcall.txt,numa_init_sysfs,0.051996,0,0
9,run8_initcall.txt,mem_cgroup_swap_init,0.05201,0,0
9,run8_initcall.txt,init_msg_buckets,0.052029,0,0
9,run8_initcall.txt,init_bio,0.052075,0,0
9,run8_initcall.txt,blk_ioc_init,0.052092,0,0
9,run8_initcall.txt,blk_mq_init,0.052107,0,0
9,run8_initcall.txt,genhd_device_init,0.052235,0,4000
9,run8_initcall.txt,blkcg_punt_bio_init,0.052336,0,0
9,run8_initcall.txt,blk_integrity_auto_init,0.052403,0,0
9,run8_initcall.txt,io_wq_init,0.05242,0,0
9,run8_initcall.txt,crc_t10dif_mod_init,0.052443,0,0
9,run8_initcall.txt,sha256_mod_init,0.05246,0,0
9,run8_initcall.txt,sha512_mod_init,0.052473,0,0
9,run8_initcall.txt,sg_pool_init,0.052503,0,0
9,run8_initcall.txt,gpiolib_debugfs_init,0.052523,0,0
9,run8_initcall.txt,stmpe_gpio_init,0.052621,0,0
9,run8_initcall.txt,pwm_init,0.052651,0,0
9,run8_initcall.txt,leds_init,0.052684,0,0
9,run8_initcall.txt,pci_slot_init,0.052707,0,0
9,run8_initcall.txt,fbmem_init,0.052765,0,0
9,run8_initcall.txt,bcm2835_dma_init,0.053481,0,0
9,run8_initcall.txt,regulator_fixed_voltage_init,0.053563,0,0
9,run8_initcall.txt,gpio_regulator_init,0.053622,0,0
9,run8_initcall.txt,init_sysrq_sysctl,0.053648,0,0
9,run8_initcall.txt,misc_init,0.053678,0,0
9,run8_initcall.txt,iommu_subsys_init,0.053709,0,0
9,run8_initcall.txt,register_cpu_capacity_sysctl,0.05428,0,0
9,run8_initcall.txt,dma_buf_init,0.05434,0,0
9,run8_initcall.txt,dma_heap_init,0.054368,0,0
9,run8_initcall.txt,init_scsi,0.054464,0,0
9,run8_initcall.txt,mdio_bus_init,0.054496,0,0
9,run8_initcall.txt,phy_init,0.05454,0,0
9,run8_initcall.txt,usb_common_init,0.054559,0,0
9,run8_initcall.txt,usb_init,0.054672,0,0
9,run8_initcall.txt,usb_phy_generic_init,0.054822,0,0
9,run8_initcall.txt,usb_udc_init,0.054854,0,0
9,run8_initcall.txt,usb_roles_init,0.054875,0,0
9,run8_initcall.txt,input_init,0.054903,0,0
9,run8_initcall.txt,rtc_init,0.054925,0,0
9,run8_initcall.txt,rc_core_init,0.05495,0,0
9,run8_initcall.txt,pps_init,0.05498,0,0
9,run8_initcall.txt,ptp_init,0.055003,0,0
9,run8_initcall.txt,power_supply_class_init,0.055033,0,0
9,run8_initcall.txt,hwmon_init,0.055052,0,0
9,run8_initcall.txt,mmc_init,0.055089,0,0
9,run8_initcall.txt,dmi_init,0.055105,0,0
9,run8_initcall.txt,efisubsys_init,0.055119,0,0
9,run8_initcall.txt,arm_pmu_hp_init,0.055139,0,0
9,run8_initcall.txt,ras_init,0.055164,0,0
9,run8_initcall.txt,nvmem_init,0.055204,0,0
9,run8_initcall.txt,init_soundcore,0.055227,0,0
9,run8_initcall.txt,proto_init,0.055248,0,0
9,run8_initcall.txt,net_dev_init,0.055481,0,0
9,run8_initcall.txt,neigh_init,0.055503,0,0
9,run8_initcall.txt,fib_notifier_init,0.055522,0,0
9,run8_initcall.txt,netdev_genl_init,0.055561,0,0
9,run8_initcall.txt,page_pool_user_init,0.05558,0,0
9,run8_initcall.txt,fib_rules_init,0.0556,0,0
9,run8_initcall.txt,init_cgroup_netprio,0.055618,0,0
9,run8_initcall.txt,bpf_lwt_init,0.055637,0,0
9,run8_initcall.txt,pktsched_init,0.055659,0,0
9,run8_initcall.txt,tc_filter_init,0.055692,0,0
9,run8_initcall.txt,tc_action_init,0.055711,0,0
9,run8_initcall.txt,ethnl_init,0.055785,0,0
9,run8_initcall.txt,nexthop_init,0.055807,0,0
9,run8_initcall.txt,devlink_init,0.055884,0,0
9,run8_initcall.txt,wireless_nlevent_init,0.055902,0,0
9,run8_initcall.txt,vsprintf_init_hashval,0.055922,0,0
9,run8_initcall.txt,init_32bit_el0_mask,0.055938,0,0
9,run8_initcall.txt,vga_arb_device_init,0.056078,0,0
9,run8_initcall.txt,watchdog_init,0.056192,0,0
9,run8_initcall.txt,create_debug_debugfs_entry,0.056316,0,0
9,run8_initcall.txt,iomem_init_inode,0.056359,0,0
9,run8_initcall.txt,clocksource_done_booting,0.056409,0,14
9,run8_initcall.txt,tracer_init_tracefs,0.056436,0,8
9,run8_initcall.txt,init_trace_printk_function_export,0.056483,0,31
9,run8_initcall.txt,init_graph_tracefs,0.05652,0,18
9,run8_initcall.txt,bpf_event_init,0.056536,0,1
9,run8_initcall.txt,init_kprobe_trace,0.454298,0,397743
9,run8_initcall.txt,init_dynamic_event,0.454399,0,9
9,run8_initcall.txt,bpf_init,0.454432,0,17
9,run8_initcall.txt,secretmem_init,0.454512,0,52
9,run8_initcall.txt,init_fs_stat_sysctls,0.454553,0,24
9,run8_initcall.txt,init_fs_exec_sysctls,0.454569,0,1
9,run8_initcall.txt,init_pipe_fs,0.454597,0,13
9,run8_initcall.txt,init_fs_namei_sysctls,0.454616,0,3
9,run8_initcall.txt,init_fs_dcache_sysctls,0.454638,0,7
9,run8_initcall.txt,init_fs_namespace_sysctls,0.454654,0,1
9,run8_initcall.txt,cgroup_writeback_init,0.454682,0,11
9,run8_initcall.txt,inotify_user_setup,0.454716,0,16
9,run8_initcall.txt,eventpoll_init,0.45475,0,17
9,run8_initcall.txt,anon_inode_init,0.454777,0,11
9,run8_initcall.txt,proc_locks_init,0.4548,0,6
9,run8_initcall.txt,backing_aio_init,0.454818,0,2
9,run8_initcall.txt,init_fs_coredump_sysctls,0.454842,0,8
9,run8_initcall.txt,init_vm_drop_caches_sysctls,0.454861,0,2
9,run8_initcall.txt,iomap_dio_init,0.454902,0,25
9,run8_initcall.txt,iomap_ioend_init,0.454948,0,29
9,run8_initcall.txt,dquot_init,0.455144,0,178
9,run8_initcall.txt,proc_cmdline_init,0.455175,0,6
9,run8_initcall.txt,proc_consoles_init,0.455194,0,1
9,run8_initcall.txt,proc_cpuinfo_init,0.455212,0,2
9,run8_initcall.txt,proc_devices_init,0.455229,0,0
9,run8_initcall.txt,proc_interrupts_init,0.455246,0,1
9,run8_initcall.txt,proc_loadavg_init,0.455264,0,1
9,run8_initcall.txt,proc_meminfo_init,0.455281,0,0
9,run8_initcall.txt,proc_stat_init,0.455297,0,1
9,run8_initcall.txt,proc_uptime_init,0.455314,0,1
9,run8_initcall.txt,proc_version_init,0.455331,0,1
9,run8_initcall.txt,proc_softirqs_init,0.455347,0,0
9,run8_initcall.txt,proc_kmsg_init,0.455364,0,1
9,run8_initcall.txt,proc_page_init,0.455382,0,2
9,run8_initcall.txt,init_ramfs_fs,0.455401,0,2
9,run8_initcall.txt,aa_create_aafs,0.45542,0,1
9,run8_initcall.txt,chr_dev_init,0.458503,0,3062
9,run8_initcall.txt,hwrng_modinit,0.458588,0,46
9,run8_initcall.txt,firmware_class_init,0.458608,0,1
9,run8_initcall.txt,sysctl_core_init,0.45866,0,32
9,run8_initcall.txt,eth_offload_init,0.458679,0,0
9,run8_initcall.txt,ipv4_offload_init,0.458704,0,1
9,run8_initcall.txt,inet_init,0.462672,0,3953
9,run8_initcall.txt,af_unix_init,0.46272,0,21
9,run8_initcall.txt,ipv6_offload_init,0.462739,0,2
9,run8_initcall.txt,init_sunrpc,0.463132,0,379
9,run8_initcall.txt,vlan_offload_init,0.463158,0,0
9,run8_initcall.txt,pci_apply_final_quirks,0.463188,0,12
9,run8_initcall.txt,populate_rootfs,0.463212,0,7
9,run8_initcall.txt,register_arm64_panic_block,0.463331,0,2
9,run8_initcall.txt,cpuinfo_regs_init,0.463444,0,98
9,run8_initcall.txt,aarch32_el0_sysfs_init,0.463464,0,0
9,run8_initcall.txt,kvm_arm_init,0.467153,0,3671
9,run8_initcall.txt,proc_execdomains_init,0.467197,0,4
9,run8_initcall.txt,register_warn_debugfs,0.467234,0,9
9,run8_initcall.txt,cpuhp_sysfs_init,0.467282,0,28
9,run8_initcall.txt,ioresources_init,0.467303,0,3
9,run8_initcall.txt,psi_proc_init,0.467317,0,0
9,run8_initcall.txt,irq_gc_init_ops,0.467333,0,0
9,run8_initcall.txt,irq_debugfs_init,0.467441,0,92
9,run8_initcall.txt,proc_modules_init,0.467459,0,1
9,run8_initcall.txt,timer_sysctl_init,0.467485,0,10
9,run8_initcall.txt,timekeeping_init_ops,0.467503,0,0
9,run8_initcall.txt,init_clocksource_sysfs,0.467579,0,59
9,run8_initcall.txt,init_timer_list_procfs,0.467599,0,1
9,run8_initcall.txt,alarmtimer_init,0.467674,0,58
9,run8_initcall.txt,clockevents_init_sysfs,0.467802,0,110
9,run8_initcall.txt,sched_clock_syscore_init,0.467822,0,0
9,run8_initcall.txt,kallsyms_init,0.467841,0,1
9,run8_initcall.txt,pid_namespaces_init,0.467881,0,23
9,run8_initcall.txt,audit_watch_init,0.467902,0,1
9,run8_initcall.txt,audit_fsnotify_init,0.467919,0,0
9,run8_initcall.txt,audit_tree_init,0.467938,0,3
9,run8_initcall.txt,seccomp_sysctl_init,0.467962,0,6
9,run8_initcall.txt,utsname_sysctl_init,0.467987,0,6
9,run8_initcall.txt,init_tracepoints,0.468006,0,1
9,run8_initcall.txt,init_lstats_procfs,0.468028,0,4
9,run8_initcall.txt,stack_trace_init,0.46807,0,26
9,run8_initcall.txt,init_blk_tracer,0.468101,0,15
9,run8_initcall.txt,perf_event_sysfs_init,0.468215,0,99
9,run8_initcall.txt,system_trusted_keyring_init,0.468248,0,16
9,run8_initcall.txt,kswapd_init,0.46848,0,215
9,run8_initcall.txt,extfrag_debug_init,0.468518,0,19
9,run8_initcall.txt,mm_compute_batch_init,0.468536,0,0
9,run8_initcall.txt,slab_proc_init,0.468556,0,2
9,run8_initcall.txt,workingset_init,0.468582,0,9
9,run8_initcall.txt,proc_vmalloc_init,0.468599,0,1
9,run8_initcall.txt,memblock_init_debugfs,0.468622,0,6
9,run8_initcall.txt,slab_debugfs_init,0.468647,0,5
9,run8_initcall.txt,procswaps_init,0.468666,0,1
9,run8_initcall.txt,zs_init,0.468682,0,0
9,run8_initcall.txt,fcntl_init,0.468698,0,3
9,run8_initcall.txt,proc_filesystems_init,0.468715,0,1
9,run8_initcall.txt,start_dirtytime_writeback,0.468735,0,5
9,run8_initcall.txt,dio_init,0.468752,0,1
9,run8_initcall.txt,dnotify_init,0.468783,0,16
9,run8_initcall.txt,fanotify_user_setup,0.468808,0,9
9,run8_initcall.txt,aio_setup,0.468876,0,51
9,run8_initcall.txt,mbcache_init,0.468899,0,5
9,run8_initcall.txt,init_grace,0.468917,0,3
9,run8_initcall.txt,init_devpts_fs,0.468943,0,8
9,run8_initcall.txt,ext4_init_fs,0.46904,0,81
9,run8_initcall.txt,journal_init,0.469075,0,16
9,run8_initcall.txt,init_fat_fs,0.469097,0,5
9,run8_initcall.txt,init_vfat_fs,0.469114,0,0
9,run8_initcall.txt,init_msdos_fs,0.469131,0,0
9,run8_initcall.txt,init_nfs_fs,0.469287,0,140
9,run8_initcall.txt,init_nfs_v2,0.469309,0,0
9,run8_initcall.txt,init_nfs_v3,0.469325,0,0
9,run8_initcall.txt,init_nfs_v4,0.469376,0,34
9,run8_initcall.txt,nfs4filelayout_init,0.4694,0,6
9,run8_initcall.txt,nfs4flexfilelayout_init,0.469425,0,7
9,run8_initcall.txt,init_nlm,0.469471,0,29
9,run8_initcall.txt,init_nls_cp437,0.469489,0,0
9,run8_initcall.txt,init_nls_ascii,0.469506,0,0
9,run8_initcall.txt,init_autofs_fs,0.469623,0,99
9,run8_initcall.txt,init_f2fs_fs,0.469778,0,135
9,run8_initcall.txt,ipc_init,0.469811,0,13
9,run8_initcall.txt,ipc_sysctl_init,0.469848,0,19
9,run8_initcall.txt,init_mqueue_fs,0.469903,0,36
9,run8_initcall.txt,key_proc_init,0.469925,0,3
9,run8_initcall.txt,bpf_crypto_skcipher_init,0.469942,0,0
9,run8_initcall.txt,dh_init,0.469959,0,2
9,run8_initcall.txt,rsa_init,0.469974,0,1
9,run8_initcall.txt,cryptomgr_init,0.469988,0,0
9,run8_initcall.txt,hmac_module_init,0.470001,0,0
9,run8_initcall.txt,crypto_sha256_mod_init,0.470019,0,3
9,run8_initcall.txt,crypto_ecb_module_init,0.470033,0,0
9,run8_initcall.txt,crypto_cbc_module_init,0.470046,0,0
9,run8_initcall.txt,crypto_cts_module_init,0.47006,0,0
9,run8_initcall.txt,xts_module_init,0.470073,0,0
9,run8_initcall.txt,des_generic_mod_init,0.470089,0,1
9,run8_initcall.txt,aes_init,0.470103,0,0
9,run8_initcall.txt,lzo_mod_init,0.470117,0,1
9,run8_initcall.txt,lzorle_mod_init,0.470131,0,1
9,run8_initcall.txt,asymmetric_key_init,0.47015,0,6
9,run8_initcall.txt,x509_key_init,0.470169,0,5
9,run8_initcall.txt,crypto_kdf108_init,0.470182,0,0
9,run8_initcall.txt,blkdev_init,0.470209,0,13
9,run8_initcall.txt,proc_genhd_init,0.470227,0,2
9,run8_initcall.txt,bsg_init,0.470257,0,16
9,run8_initcall.txt,throtl_init,0.470343,0,72
9,run8_initcall.txt,deadline_init,0.470365,0,6
9,run8_initcall.txt,kyber_init,0.470384,0,5
9,run8_initcall.txt,bfq_init,0.470419,0,22
9,run8_initcall.txt,io_uring_init,0.470455,0,21
9,run8_initcall.txt,btree_module_init,0.470474,0,2
9,run8_initcall.txt,percpu_counter_startup,0.470538,0,48
9,run8_initcall.txt,audit_classes_init,0.470563,0,3
9,run8_initcall.txt,gicv5_iwb_platform_driver_init,0.470673,0,94
9,run8_initcall.txt,mip_msi_driver_init,0.470727,0,35
9,run8_initcall.txt,bcm7038_l1_driver_init,0.470778,0,34
9,run8_initcall.txt,bcm7120_l2_driver_init,0.470836,0,41
9,run8_initcall.txt,brcmstb_l2_driver_init,0.471124,0,270
9,run8_initcall.txt,simple_pm_bus_driver_init,0.471633,0,489
9,run8_initcall.txt,phy_core_init,0.471664,0,13
9,run8_initcall.txt,brcm_usb_driver_init,0.471748,0,67
9,run8_initcall.txt,rp1_pinctrl_driver_init,0.471799,0,33
9,run8_initcall.txt,bcm2835_pinctrl_driver_init,0.472757,0,940
9,run8_initcall.txt,bcm2712_pinctrl_driver_init,0.47284,0,61
9,run8_initcall.txt,brcmvirt_gpio_driver_init,0.472898,0,39
9,run8_initcall.txt,brcmstb_gpio_driver_init,0.472951,0,35
9,run8_initcall.txt,rpi_exp_gpio_driver_init,0.473461,0,492
9,run8_initcall.txt,brcmstb_pwm_driver_init,0.473521,0,40
9,run8_initcall.txt,rp1_pwm_driver_init,0.473576,0,37
9,run8_initcall.txt,gpio_led_driver_init,0.475307,0,1708
9,run8_initcall.txt,led_pwm_driver_init,0.47537,0,43
9,run8_initcall.txt,timer_led_trigger_init,0.475392,0,1
9,run8_initcall.txt,oneshot_led_trigger_init,0.475409,0,0
9,run8_initcall.txt,heartbeat_trig_init,0.475428,0,2
9,run8_initcall.txt,bl_led_trigger_init,0.475444,0,0
9,run8_initcall.txt,ledtrig_cpu_init,0.475518,0,58
9,run8_initcall.txt,defon_led_trigger_init,0.475569,0,33
9,run8_initcall.txt,input_trig_init,0.475588,0,1
9,run8_initcall.txt,ledtrig_panic_init,0.475605,0,1
9,run8_initcall.txt,actpwr_trig_init,0.475783,0,160
9,run8_initcall.txt,pcie_portdrv_init,0.47586,0,55
9,run8_initcall.txt,pci_proc_init,0.47589,0,12
9,run8_initcall.txt,brcm_pcie_driver_init,0.589323,0,113415
9,run8_initcall.txt,bcm2708_fb_init,0.589409,0,61
9,run8_initcall.txt,simplefb_driver_init,0.596311,0,6883
9,run8_initcall.txt,of_fixed_factor_clk_driver_init,0.596412,0,46
9,run8_initcall.txt,of_fixed_clk_driver_init,0.5965,0,34
9,run8_initcall.txt,gpio_clk_driver_init,0.596592,0,43
9,run8_initcall.txt,gated_fixed_clk_driver_init,0.596676,0,34
9,run8_initcall.txt,rp1_clk_driver_init,0.596765,0,39
9,run8_initcall.txt,rp1_sdio_clk_driver_init,0.596854,0,35
9,run8_initcall.txt,clk_dvp_driver_init,0.597045,0,142
9,run8_initcall.txt,bcm2835_aux_clk_driver_init,0.597159,0,64
9,run8_initcall.txt,raspberrypi_clk_driver_init,0.612734,0,15523
9,run8_initcall.txt,dw_driver_init,0.612835,0,50
9,run8_initcall.txt,bcm2835_power_driver_init,0.612906,0,23
9,run8_initcall.txt,rpi_power_driver_init,0.631266,0,18310
9,run8_initcall.txt,brcmstb_reset_driver_init,0.633284,0,44
9,run8_initcall.txt,brcm_rescal_reset_driver_init,0.635277,0,41
9,run8_initcall.txt,rpi_reset_driver_init,0.638268,0,1061
9,run8_initcall.txt,reset_simple_driver_init,0.640309,0,86
9,run8_initcall.txt,n_null_init,0.642267,0,0
9,run8_initcall.txt,pty_init,0.644247,0,80
9,run8_initcall.txt,sysrq_init,0.646211,0,13
9,run8_initcall.txt,serial8250_init,0.648146,-19,0
9,run8_initcall.txt,bcm2835aux_serial_driver_init,0.650134,0,43
9,run8_initcall.txt,brcmuart_init,0.652128,0,59
9,run8_initcall.txt,exar_pci_driver_init,0.654112,0,26
9,run8_initcall.txt,of_platform_serial_driver_init,0.656164,0,100
9,run8_initcall.txt,serial_pci_driver_init,0.658124,0,26
9,run8_initcall.txt,pericom8250_pci_driver_init,0.660066,0,20
9,run8_initcall.txt,init_kgdboc,0.663027,0,1036
9,run8_initcall.txt,random_sysctls_init,0.664965,0,13
9,run8_initcall.txt,ttyprintk_init,0.666963,0,63
9,run8_initcall.txt,bcm2835_rng_driver_init,0.668978,0,65
9,run8_initcall.txt,bcm74110_rng_driver_init,0.671004,0,38
9,run8_initcall.txt,iproc_rng200_driver_init,0.675308,0,2283
9,run8_initcall.txt,smccc_trng_driver_init,0.67741,0,29
9,run8_initcall.txt,vc_mem_init,0.680791,0,1238
9,run8_initcall.txt,vcio_driver_init,0.684556,0,1536
9,run8_initcall.txt,bcm2712_iommu_driver_init,0.686887,0,48
9,run8_initcall.txt,bcm2712_iommu_cache_driver_init,0.689281,0,40
9,run8_initcall.txt,topology_sysfs_init,0.691728,0,65
9,run8_initcall.txt,cacheinfo_sysfs_init,0.694355,0,250
9,run8_initcall.txt,devcoredump_init,0.696808,0,8
9,run8_initcall.txt,brd_init,0.704224,0,5008
9,run8_initcall.txt,loop_init,0.710422,0,3783
9,run8_initcall.txt,bcm2835_pm_driver_init,0.71414,0,1330
9,run8_initcall.txt,stmpe_i2c_driver_init,0.71653,0,15
9,run8_initcall.txt,stmpe_spi_driver_init,0.718925,0,17
9,run8_initcall.txt,rp1_driver_init,0.721328,0,27
9,run8_initcall.txt,system_heap_create,0.723773,0,75
9,run8_initcall.txt,add_default_cma_heap,0.726246,0,84
9,run8_initcall.txt,udmabuf_dev_init,0.728636,0,47
9,run8_initcall.txt,iscsi_transport_init,0.732449,0,1433
9,run8_initcall.txt,init_sd,0.734855,0,21
9,run8_initcall.txt,nvme_core_init,0.737504,0,258
9,run8_initcall.txt,nvme_init,0.739915,0,37
9,run8_initcall.txt,blackhole_netdev_init,0.742326,0,21
9,run8_initcall.txt,netkit_init,0.744665,0,5
9,run8_initcall.txt,phylink_init,0.747026,0,0
9,run8_initcall.txt,phy_module_init,0.749567,0,167
9,run8_initcall.txt,phy_module_init,0.752097,0,174
9,run8_initcall.txt,fixed_mdio_bus_init,0.754636,0,154
9,run8_initcall.txt,phy_module_init,0.757186,0,171
9,run8_initcall.txt,phy_module_init,0.759556,0,19
9,run8_initcall.txt,phy_module_init,0.761905,0,62
9,run8_initcall.txt,unimac_mdio_driver_init,0.764343,0,126
9,run8_initcall.txt,macb_driver_init,0.766787,0,123
9,run8_initcall.txt,bcmgenet_driver_init,0.969496,0,200392
9,run8_initcall.txt,bcmasp_driver_init,0.971915,0,85
9,run8_initcall.txt,lan78xx_driver_init,0.97546,0,1209
9,run8_initcall.txt,smsc95xx_driver_init,0.978998,0,1206
9,run8_initcall.txt,usbnet_init,0.981364,0,0
9,run8_initcall.txt,xhci_hcd_init,0.983749,0,14
9,run8_initcall.txt,xhci_pci_init,1.111762,0,125652
9,run8_initcall.txt,xhci_plat_init,1.114161,0,123
9,run8_initcall.txt,dwc_otg_driver_init,1.120977,0,4546
9,run8_initcall.txt,dwc_common_port_init_module,1.124466,0,1249
9,run8_initcall.txt,dwc3_driver_init,1.126742,0,53
9,run8_initcall.txt,dwc3_haps_driver_init,1.128993,0,28
9,run8_initcall.txt,dwc3_of_simple_driver_init,1.131295,0,63
9,run8_initcall.txt,dwc3_generic_driver_init,1.133575,0,40
9,run8_initcall.txt,dwc2_platform_driver_init,1.135947,0,152
9,run8_initcall.txt,uas_init,1.139374,0,1208
9,run8_initcall.txt,usb_storage_driver_init,1.14271,0,1121
9,run8_initcall.txt,brcmstb_usb_pinmap_init,1.144978,-19,73
9,run8_initcall.txt,bdc_driver_init,1.147218,0,46
9,run8_initcall.txt,input_leds_init,1.149425,0,1
9,run8_initcall.txt,mousedev_init,1.152816,0,1208
9,run8_initcall.txt,evdev_init,1.15504,0,0
9,run8_initcall.txt,brcmstb_waketmr_driver_init,1.157309,0,47
9,run8_initcall.txt,rpi_rtc_driver_init,1.159565,0,40
9,run8_initcall.txt,init_rc_map_adstech_dvb_t_pci,1.161739,0,1
9,run8_initcall.txt,init_rc_map_alink_dtu_m,1.163944,0,0
9,run8_initcall.txt,init_rc_map_anysee,1.166149,0,0
9,run8_initcall.txt,init_rc_map_apac_viewcomp,1.168364,0,0
9,run8_initcall.txt,init_rc_map_t2hybrid,1.170596,0,0
9,run8_initcall.txt,init_rc_map_asus_pc39,1.17281,0,0
9,run8_initcall.txt,init_rc_map_asus_ps3_100,1.175023,0,0
9,run8_initcall.txt,init_rc_map_ati_tv_wonder_hd_600,1.177197,0,0
9,run8_initcall.txt,init_rc_map_ati_x10,1.179426,0,0
9,run8_initcall.txt,init_rc_map_avermedia_a16d,1.181679,0,0
9,run8_initcall.txt,init_rc_map_avermedia_cardbus,1.183929,0,0
9,run8_initcall.txt,init_rc_map_avermedia_dvbt,1.18617,0,0
9,run8_initcall.txt,init_rc_map_avermedia_m135a,1.188425,0,0
9,run8_initcall.txt,init_rc_map_avermedia_m733a_rm_k6,1.190697,0,0
9,run8_initcall.txt,init_rc_map_avermedia,1.192965,0,0
9,run8_initcall.txt,init_rc_map_avermedia_rm_ks,1.195188,0,0
9,run8_initcall.txt,init_rc_map_avertv_303,1.197466,0,0
9,run8_initcall.txt,init_rc_map_azurewave_ad_tu700,1.199722,0,0
9,run8_initcall.txt,init_rc_map_beelink_gs1,1.202001,0,0
9,run8_initcall.txt,init_rc_map_beelink_mxiii,1.204257,0,0
9,run8_initcall.txt,init_rc_map_behold_columbus,1.206518,0,0
9,run8_initcall.txt,init_rc_map_behold,1.209176,0,406
9,run8_initcall.txt,init_rc_map_budget_ci_old,1.211383,0,0
9,run8_initcall.txt,init_rc_map_cinergy_1400,1.213621,0,0
9,run8_initcall.txt,init_rc_map_cinergy,1.215831,0,0
9,run8_initcall.txt,init_rc_map_ct_90405,1.218031,0,0
9,run8_initcall.txt,init_rc_map_d680_dmb,1.220224,0,0
9,run8_initcall.txt,init_rc_map_delock_61959,1.222445,0,0
9,run8_initcall.txt,init_rc_map,1.224613,0,0
9,run8_initcall.txt,init_rc_map,1.226768,0,0
9,run8_initcall.txt,init_rc_map_digitalnow_tinytwin,1.229011,0,85
9,run8_initcall.txt,init_rc_map_digittrade,1.231299,0,3
9,run8_initcall.txt,init_rc_map_dm1105_nec,1.233514,0,3
9,run8_initcall.txt,init_rc_map_dntv_live_dvb_t,1.235688,0,0
9,run8_initcall.txt,init_rc_map_dntv_live_dvbt_pro,1.23787,0,0
9,run8_initcall.txt,init_rc_map_dreambox,1.240029,0,0
9,run8_initcall.txt,init_rc_map_dtt200u,1.242197,0,0
9,run8_initcall.txt,init_rc_map_rc5_dvbsky,1.244315,0,0
9,run8_initcall.txt,init_rc_map_dvico_mce,1.246479,0,0
9,run8_initcall.txt,init_rc_map_dvico_portable,1.248645,0,0
9,run8_initcall.txt,init_rc_map_em_terratec,1.250794,0,0
9,run8_initcall.txt,init_rc_map_encore_enltv2,1.252955,0,0
9,run8_initcall.txt,init_rc_map_encore_enltv_fm53,1.255117,0,0
9,run8_initcall.txt,init_rc_map_encore_enltv,1.257283,0,0
9,run8_initcall.txt,init_rc_map_evga_indtube,1.259425,0,0
9,run8_initcall.txt,init_rc_map_eztv,1.261522,0,0
9,run8_initcall.txt,init_rc_map_flydvb,1.263639,0,0
9,run8_initcall.txt,init_rc_map_flyvideo,1.265751,0,0
9,run8_initcall.txt,init_rc_map_fusionhdtv_mce,1.267862,0,0
9,run8_initcall.txt,init_rc_map_gadmei_rm008z,1.269963,0,0
9,run8_initcall.txt,init_rc_map_geekbox,1.272044,0,0
9,run8_initcall.txt,init_rc_map_genius_tvgo_a11mce,1.274123,0,0
9,run8_initcall.txt,init_rc_map_gotview7135,1.276204,0,0
9,run8_initcall.txt,init_rc_map_rc5_hauppauge_new,1.278264,0,0
9,run8_initcall.txt,init_rc_map_hisi_poplar,1.280364,0,0
9,run8_initcall.txt,init_rc_map_hisi_tv_demo,1.282474,0,0
9,run8_initcall.txt,init_rc_map_imon_mce,1.284577,0,0
9,run8_initcall.txt,init_rc_map_imon_pad,1.286693,0,0
9,run8_initcall.txt,init_rc_map_imon_rsc,1.288793,0,0
9,run8_initcall.txt,init_rc_map_iodata_bctv7e,1.290877,0,0
9,run8_initcall.txt,init_rc_it913x_v1_map,1.292975,0,0
9,run8_initcall.txt,init_rc_it913x_v2_map,1.295025,0,0
9,run8_initcall.txt,init_rc_map_kaiomy,1.297116,0,0
9,run8_initcall.txt,init_rc_map_khadas,1.299202,0,0
9,run8_initcall.txt,init_rc_map_khamsin,1.301282,0,0
9,run8_initcall.txt,init_rc_map_kworld_315u,1.303354,0,0
9,run8_initcall.txt,init_rc_map_kworld_pc150u,1.30542,0,0
9,run8_initcall.txt,init_rc_map_kworld_plus_tv_analog,1.307488,0,0
9,run8_initcall.txt,init_rc_map_leadtek_y04g0051,1.309576,0,0
9,run8_initcall.txt,init_rc_lme2510_map,1.311624,0,0
9,run8_initcall.txt,init_rc_map_manli,1.313732,0,0
9,run8_initcall.txt,init_rc_map_mecool_kiii_pro,1.315846,0,0
9,run8_initcall.txt,init_rc_map_mecool_kii_pro,1.317948,0,0
9,run8_initcall.txt,init_rc_map_medion_x10_digitainer,1.320044,0,1
9,run8_initcall.txt,init_rc_map_medion_x10,1.322152,0,0
9,run8_initcall.txt,init_rc_map_medion_x10_or2x,1.324262,0,0
9,run8_initcall.txt,init_rc_map_minix_neo,1.326361,0,0
9,run8_initcall.txt,init_rc_map_msi_digivox_iii,1.328446,0,0
9,run8_initcall.txt,init_rc_map_msi_digivox_ii,1.330571,0,0
9,run8_initcall.txt,init_rc_map_msi_tvanywhere,1.332691,0,0
9,run8_initcall.txt,init_rc_map_msi_tvanywhere_plus,1.334801,0,0
9,run8_initcall.txt,init_rc_map_mygica_utv3,1.336918,0,0
9,run8_initcall.txt,init_rc_map_nebula,1.339042,0,0
9,run8_initcall.txt,init_rc_map_nec_terratec_cinergy_xs,1.341153,0,0
9,run8_initcall.txt,init_rc_map_norwood,1.343263,0,0
9,run8_initcall.txt,init_rc_map_npgtech,1.345342,0,0
9,run8_initcall.txt,init_rc_map_odroid,1.347439,0,0
9,run8_initcall.txt,init_rc_map_pctv_sedna,1.349534,0,0
9,run8_initcall.txt,init_rc_map_pine64,1.351637,0,0
9,run8_initcall.txt,init_rc_map_pinnacle_color,1.353753,0,0
9,run8_initcall.txt,init_rc_map_pinnacle_grey,1.356948,0,0
9,run8_initcall.txt,init_rc_map_pinnacle_pctv_hd,1.35908,0,0
9,run8_initcall.txt,init_rc_map_pixelview,1.36117,0,0
9,run8_initcall.txt,init_rc_map_pixelview,1.363306,0,0
9,run8_initcall.txt,init_rc_map_pixelview_new,1.365448,0,0
9,run8_initcall.txt,init_rc_map_pixelview,1.367595,0,0
9,run8_initcall.txt,init_rc_map_powercolor_real_angel,1.369747,0,1
9,run8_initcall.txt,init_rc_map_proteus_2309,1.371895,0,0
9,run8_initcall.txt,init_rc_map_purpletv,1.374053,0,0
9,run8_initcall.txt,init_rc_map_pv951,1.3762,0,0
9,run8_initcall.txt,init_rc_map_rc6_mce,1.3783,0,0
9,run8_initcall.txt,init_rc_map_real_audio_220_32_keys,1.380448,0,0
9,run8_initcall.txt,init_rc_map_reddo,1.382588,0,0
9,run8_initcall.txt,init_rc_map_siemens_gigaset_rc20,1.384734,0,0
9,run8_initcall.txt,init_rc_map_snapstream_firefly,1.386883,0,0
9,run8_initcall.txt,init_rc_map_streamzap,1.389049,0,0
9,run8_initcall.txt,init_rc_map_su3000,1.391225,0,0
9,run8_initcall.txt,init_rc_map_tanix_tx3mini,1.393376,0,0
9,run8_initcall.txt,init_rc_map_tanix_tx5max,1.395503,0,0
9,run8_initcall.txt,init_rc_map_tbs_nec,1.397673,0,1
9,run8_initcall.txt,init_rc_map,1.399855,0,0
9,run8_initcall.txt,init_rc_map,1.402039,0,0
9,run8_initcall.txt,init_rc_map_terratec_cinergy_c_pci,1.404219,0,0
9,run8_initcall.txt,init_rc_map_terratec_cinergy_s2_hd,1.406416,0,0
9,run8_initcall.txt,init_rc_map_terratec_cinergy_xs,1.408595,0,10
9,run8_initcall.txt,init_rc_map_terratec_slim_2,1.410727,0,0
9,run8_initcall.txt,init_rc_map_terratec_slim,1.412908,0,0
9,run8_initcall.txt,init_rc_map_tevii_nec,1.415096,0,0
9,run8_initcall.txt,init_rc_map_tivo,1.417303,0,0
9,run8_initcall.txt,init_rc_map_total_media_in_hand_02,1.419506,0,0
9,run8_initcall.txt,init_rc_map_total_media_in_hand,1.421702,0,0
9,run8_initcall.txt,init_rc_map_trekstor,1.423888,0,0
9,run8_initcall.txt,init_rc_map_tt_1500,1.426063,0,0
9,run8_initcall.txt,init_rc_map_twinhan_vp1027,1.428202,0,0
9,run8_initcall.txt,init_rc_map_twinhan_dtv_cab_ci,1.430399,0,0
9,run8_initcall.txt,init_rc_map_vega_s9x,1.432584,0,0
9,run8_initcall.txt,init_rc_map_videomate_k100,1.434753,0,0
9,run8_initcall.txt,init_rc_map_videomate_s350,1.436916,0,0
9,run8_initcall.txt,init_rc_map_videomate_tv_pvr,1.439068,0,0
9,run8_initcall.txt,init_rc_map_kii_pro,1.441212,0,0
9,run8_initcall.txt,init_rc_map_wetek_hub,1.443346,0,0
9,run8_initcall.txt,init_rc_map_wetek_play2,1.445461,0,0
9,run8_initcall.txt,init_rc_map_winfast,1.4476,0,0
9,run8_initcall.txt,init_rc_map_winfast_usbii_deluxe,1.449753,0,0
9,run8_initcall.txt,init_rc_map_x96max,1.451903,0,0
9,run8_initcall.txt,init_rc_map,1.454052,0,0
9,run8_initcall.txt,init_rc_map,1.456182,0,0
9,run8_initcall.txt,init_rc_map_zx_irdec,1.458305,0,0
9,run8_initcall.txt,ptp_kvm_init,1.46039,-95,0
9,run8_initcall.txt,gpio_poweroff_driver_init,1.462597,0,76
9,run8_initcall.txt,bcm2711_thermal_driver_init,1.466117,0,1388
9,run8_initcall.txt,bcm2835_thermal_driver_init,1.468324,0,55
9,run8_initcall.txt,bcm2835_wdt_driver_init,1.470527,0,29
9,run8_initcall.txt,dt_cpufreq_platdrv_init,1.47274,0,27
9,run8_initcall.txt,brcm_avs_cpufreq_platdrv_init,1.474977,0,42
9,run8_initcall.txt,raspberrypi_cpufreq_driver_init,1.480125,0,2983
9,run8_initcall.txt,mmc_pwrseq_simple_driver_init,1.482466,0,76
9,run8_initcall.txt,mmc_pwrseq_emmc_driver_init,1.484775,0,42
9,run8_initcall.txt,mmc_blk_init,1.487058,0,36
9,run8_initcall.txt,sdhci_drv_init,1.49159,0,2266
9,run8_initcall.txt,bcm2835_mmc_driver_init,1.495057,0,1206
9,run8_initcall.txt,bcm2835_driver_init,1.499725,0,58
9,run8_initcall.txt,sdhci_pltfm_drv_init,1.504469,0,1228
9,run8_initcall.txt,sdhci_iproc_driver_init,1.509385,0,112
9,run8_initcall.txt,sdhci_brcmstb_driver_init,1.509464,0,65
9,run8_initcall.txt,esrt_sysfs_init,1.509475,-38,0
9,run8_initcall.txt,smccc_devices_init,1.509499,0,0
9,run8_initcall.txt,smccc_soc_init,1.509509,0,2
9,run8_initcall.txt,arch_timer_mmio_drv_init,1.509557,0,38
9,run8_initcall.txt,arch_timer_mmio_acpi_drv_init,1.509592,0,24
9,run8_initcall.txt,hid_init,1.50967,0,67
9,run8_initcall.txt,hid_generic_init,1.509712,0,31
9,run8_initcall.txt,hid_init,1.509762,0,40
9,run8_initcall.txt,vchiq_driver_init,1.543542,0,33767
9,run8_initcall.txt,bcm74110_mbox_driver_init,1.546178,0,81
9,run8_initcall.txt,extcon_class_init,1.548826,0,9
9,run8_initcall.txt,armv8_pmu_driver_init,1.554967,0,3351
9,run8_initcall.txt,binder_init,1.557388,0,69
9,run8_initcall.txt,rpi_otp_driver_init,1.563481,0,3774
9,run8_initcall.txt,sock_diag_init,1.565774,0,25
9,run8_initcall.txt,blackhole_init,1.568015,0,1
9,run8_initcall.txt,cls_bpf_init_mod,1.570277,0,0
9,run8_initcall.txt,gre_offload_init,1.572501,0,1
9,run8_initcall.txt,sysctl_ipv4_init,1.574743,0,74
9,run8_initcall.txt,cubictcp_register,1.576888,0,2
9,run8_initcall.txt,packet_init,1.580139,0,1099
9,run8_initcall.txt,init_rpcsec_gss,1.582334,0,19
9,run8_initcall.txt,init_kerberos_module,1.584509,0,8
9,run8_initcall.txt,dcbnl_init,1.586695,0,3
9,run8_initcall.txt,init_dns_resolver,1.589947,0,1082
9,run8_initcall.txt,handshake_init,1.592172,0,29
9,run8_initcall.txt,check_mmu_enabled_at_boot,1.594351,0,0
9,run8_initcall.txt,finalize_pkvm,1.596579,0,0
9,run8_initcall.txt,kernel_do_mounts_initrd_sysctls_init,1.599995,0,4
9,run8_initcall.txt,kernel_panic_sysctls_init,1.602233,0,12
9,run8_initcall.txt,kernel_panic_sysfs_init,1.604493,0,10
9,run8_initcall.txt,kernel_exit_sysctls_init,1.606753,0,3
9,run8_initcall.txt,kernel_exit_sysfs_init,1.609023,0,2
9,run8_initcall.txt,param_sysfs_builtin_init,1.621263,0,10001
9,run8_initcall.txt,reboot_ksysfs_init,1.623638,0,20
9,run8_initcall.txt,sched_core_sysctl_init,1.626094,0,5
9,run8_initcall.txt,sched_fair_sysctl_init,1.628339,0,2
9,run8_initcall.txt,sched_rt_sysctl_init,1.630622,0,4
9,run8_initcall.txt,sched_dl_sysctl_init,1.633668,0,784
9,run8_initcall.txt,sched_init_debug,1.636006,0,92
9,run8_initcall.txt,cpu_latency_qos_init,1.638372,0,147
9,run8_initcall.txt,printk_late_init,1.640673,0,18
9,run8_initcall.txt,init_srcu_module_notifier,1.642914,0,1
9,run8_initcall.txt,kernel_rcu_stall_sysfs_init,1.645225,0,73
9,run8_initcall.txt,swiotlb_create_default_debugfs,1.647515,0,11
9,run8_initcall.txt,tk_debug_sleep_time_init,1.64992,0,7
9,run8_initcall.txt,bpf_ksym_iter_register,1.652228,0,1
9,run8_initcall.txt,kernel_acct_sysctls_init,1.654573,0,4
9,run8_initcall.txt,bpf_rstat_kfunc_init,1.656903,0,1
9,run8_initcall.txt,debugfs_kprobe_init,1.659223,0,8
9,run8_initcall.txt,kernel_delayacct_sysctls_init,1.661504,0,9
9,run8_initcall.txt,taskstats_init,1.664985,0,1172
9,run8_initcall.txt,ftrace_sysctl_init,1.667283,0,2
9,run8_initcall.txt,bpf_kprobe_multi_kfuncs_init,1.669589,0,0
9,run8_initcall.txt,kdb_ftrace_register,1.671879,0,12
9,run8_initcall.txt,bpf_global_ma_init,1.674268,0,87
9,run8_initcall.txt,bpf_syscall_sysctl_init,1.676561,0,5
9,run8_initcall.txt,unbound_reg_init,1.678817,0,0
9,run8_initcall.txt,kfunc_init,1.681107,0,6
9,run8_initcall.txt,bpf_map_iter_init,1.683383,0,0
9,run8_initcall.txt,init_subsystem,1.685666,0,0
9,run8_initcall.txt,task_iter_init,1.687918,0,1
9,run8_initcall.txt,bpf_prog_iter_init,1.690407,0,0
9,run8_initcall.txt,bpf_link_iter_init,1.692643,0,0
9,run8_initcall.txt,init_trampolines,1.694803,0,2
9,run8_initcall.txt,rqspinlock_register_kfuncs,1.697003,0,0
9,run8_initcall.txt,kfunc_init,1.699207,0,0
9,run8_initcall.txt,bpf_cgroup_iter_init,1.701419,0,6
9,run8_initcall.txt,cpumask_kfunc_init,1.703638,0,7
9,run8_initcall.txt,crypto_kfunc_init,1.705855,0,0
9,run8_initcall.txt,bpf_kmem_cache_iter_init,1.708069,0,0
9,run8_initcall.txt,dmabuf_iter_init,1.710265,0,0
9,run8_initcall.txt,load_system_certificate_list,1.71357,0,1107
9,run8_initcall.txt,init_lru_gen,1.715809,0,16
9,run8_initcall.txt,vmstat_late_init,1.718026,0,2
9,run8_initcall.txt,fault_around_debugfs,1.720231,0,3
9,run8_initcall.txt,slab_sysfs_init,1.726355,0,3920
9,run8_initcall.txt,max_swapfiles_check,1.72856,0,0
9,run8_initcall.txt,zswap_init,1.730749,0,0
9,run8_initcall.txt,mempolicy_sysfs_init,1.732996,0,39
9,run8_initcall.txt,memory_tier_late_init,1.737517,0,2312
9,run8_initcall.txt,check_early_ioremap_leak,1.739711,0,0
9,run8_initcall.txt,mg_debugfs_init,1.741923,0,19
9,run8_initcall.txt,fscrypt_init,1.746341,0,2276
9,run8_initcall.txt,pstore_init,1.748539,0,11
9,run8_initcall.txt,init_root_keyring,1.750757,0,31
9,run8_initcall.txt,init_profile_hash,1.752946,0,0
9,run8_initcall.txt,integrity_fs_init,1.755144,0,9
9,run8_initcall.txt,crypto_algapi_init,1.757357,0,8
9,run8_initcall.txt,blk_timeout_init,1.75955,0,0
9,run8_initcall.txt,depot_debugfs_init,1.761721,0,7
9,run8_initcall.txt,pci_resource_alignment_sysfs_init,1.763933,0,4
9,run8_initcall.txt,pci_sysfs_init,1.766172,0,12
9,run8_initcall.txt,clk_debug_init,1.768832,0,414
9,run8_initcall.txt,genpd_debug_init,1.771421,0,335
9,run8_initcall.txt,sync_state_resume_initcall,1.773701,0,2
9,run8_initcall.txt,deferred_probe_initcall,1.845583,0,69612
9,run8_initcall.txt,efi_shutdown_init,1.847846,-19,0
9,run8_initcall.txt,efi_earlycon_unmap_fb,1.850029,0,0
9,run8_initcall.txt,psci_debugfs_init,1.852153,0,2
9,run8_initcall.txt,of_cfs_init,1.856428,0,2129
9,run8_initcall.txt,of_fdt_raw_init,1.858512,0,28
9,run8_initcall.txt,bpf_kfunc_init,1.860566,0,2
9,run8_initcall.txt,init_subsystem,1.86265,0,0
9,run8_initcall.txt,xdp_metadata_init,1.864715,0,0
9,run8_initcall.txt,bpf_sockmap_iter_init,1.866784,0,0
9,run8_initcall.txt,bpf_sk_storage_map_iter_init,1.868883,0,0
9,run8_initcall.txt,bpf_prog_test_run_init,1.870965,0,1
9,run8_initcall.txt,bpf_dummy_struct_ops_init,1.873051,0,0
9,run8_initcall.txt,tcp_congestion_default,1.87513,0,1
9,run8_initcall.txt,inet_blackhole_dev_init,1.877159,0,10
9,run8_initcall.txt,ip_auto_config,1.879226,0,13
9,run8_initcall.txt,tcp_bpf_v4_build_proto,1.881293,0,1
9,run8_initcall.txt,udp_bpf_v4_build_proto,1.883319,0,0
9,run8_initcall.txt,bpf_tcp_ca_kfunc_init,1.885337,0,0
9,run8_initcall.txt,bpf_mptcp_kfunc_init,1.887336,0,0
9,run8_initcall.txt,latency_fsnotify_init,1.889362,0,33
9,run8_initcall.txt,trace_eval_sync,1.890387,0,12
9,run8_initcall.txt,late_trace_init,1.890395,0,0
9,run8_initcall.txt,fb_logo_late_init,1.892415,0,0
9,run8_initcall.txt,amba_stub_drv_init,1.892455,0,29
9,run8_initcall.txt,clk_disable_unused,1.906531,0,4798
9,run8_initcall.txt,genpd_power_off_unused,1.909825,0,1102
9,run8_initcall.txt,regulator_init_complete,1.912027,0,2
9,run8_initcall.txt,of_platform_sync_state_init,1.914274,0,15
10,run9_initcall.txt,percpu_enable_async,0.051715,0,0
10,run9_initcall.txt,kcompactd_init,0.051833,0,0
10,run9_initcall.txt,init_mm_sysctl,0.051852,0,0
10,run9_initcall.txt,init_user_reserve,0.051871,0,0
10,run9_initcall.txt,init_admin_reserve,0.051886,0,0
10,run9_initcall.txt,init_reserve_notifier,0.051902,0,0
10,run9_initcall.txt,swap_init,0.051925,0,0
10,run9_initcall.txt,swapfile_init,0.051949,0,0
10,run9_initcall.txt,memory_tier_init,0.051996,0,0
10,run9_initcall.txt,numa_init_sysfs,0.052015,0,0
10,run9_initcall.txt,mem_cgroup_swap_init,0.052029,0,0
10,run9_initcall.txt,init_msg_buckets,0.052048,0,0
10,run9_initcall.txt,init_bio,0.052098,0,0
10,run9_initcall.txt,blk_ioc_init,0.052115,0,0
10,run9_initcall.txt,blk_mq_init,0.052129,0,0
10,run9_initcall.txt,genhd_device_init,0.05226,0,4000
10,run9_initcall.txt,blkcg_punt_bio_init,0.052363,0,0
10,run9_initcall.txt,blk_integrity_auto_init,0.052432,0,0
10,run9_initcall.txt,io_wq_init,0.05245,0,0
10,run9_initcall.txt,crc_t10dif_mod_init,0.052472,0,0
10,run9_initcall.txt,sha256_mod_init,0.052489,0,0
10,run9_initcall.txt,sha512_mod_init,0.052504,0,0
10,run9_initcall.txt,sg_pool_init,0.052534,0,0
10,run9_initcall.txt,gpiolib_debugfs_init,0.052555,0,0
10,run9_initcall.txt,stmpe_gpio_init,0.052653,0,0
10,run9_initcall.txt,pwm_init,0.052682,0,0
10,run9_initcall.txt,leds_init,0.052715,0,0
10,run9_initcall.txt,pci_slot_init,0.052739,0,0
10,run9_initcall.txt,fbmem_init,0.052799,0,0
10,run9_initcall.txt,bcm2835_dma_init,0.053512,0,0
10,run9_initcall.txt,regulator_fixed_voltage_init,0.053595,0,0
10,run9_initcall.txt,gpio_regulator_init,0.053655,0,0
10,run9_initcall.txt,init_sysrq_sysctl,0.053682,0,0
10,run9_initcall.txt,misc_init,0.053713,0,0
10,run9_initcall.txt,iommu_subsys_init,0.053743,0,0
10,run9_initcall.txt,register_cpu_capacity_sysctl,0.054319,0,0
10,run9_initcall.txt,dma_buf_init,0.054381,0,0
10,run9_initcall.txt,dma_heap_init,0.054408,0,0
10,run9_initcall.txt,init_scsi,0.054505,0,0
10,run9_initcall.txt,mdio_bus_init,0.054537,0,0
10,run9_initcall.txt,phy_init,0.05458,0,0
10,run9_initcall.txt,usb_common_init,0.054599,0,0
10,run9_initcall.txt,usb_init,0.054709,0,0
10,run9_initcall.txt,usb_phy_generic_init,0.054862,0,0
10,run9_initcall.txt,usb_udc_init,0.054894,0,0
10,run9_initcall.txt,usb_roles_init,0.054914,0,0
10,run9_initcall.txt,input_init,0.054942,0,0
10,run9_initcall.txt,rtc_init,0.054962,0,0
10,run9_initcall.txt,rc_core_init,0.054986,0,0
10,run9_initcall.txt,pps_init,0.055017,0,0
10,run9_initcall.txt,ptp_init,0.055039,0,0
10,run9_initcall.txt,power_supply_class_init,0.055068,0,0
10,run9_initcall.txt,hwmon_init,0.055087,0,0
10,run9_initcall.txt,mmc_init,0.055125,0,0
10,run9_initcall.txt,dmi_init,0.055141,0,0
10,run9_initcall.txt,efisubsys_init,0.055156,0,0
10,run9_initcall.txt,arm_pmu_hp_init,0.055175,0,0
10,run9_initcall.txt,ras_init,0.0552,0,0
10,run9_initcall.txt,nvmem_init,0.05524,0,0
10,run9_initcall.txt,init_soundcore,0.055263,0,0
10,run9_initcall.txt,proto_init,0.055284,0,0
10,run9_initcall.txt,net_dev_init,0.055508,0,0
10,run9_initcall.txt,neigh_init,0.055534,0,0
10,run9_initcall.txt,fib_notifier_init,0.055552,0,0
10,run9_initcall.txt,netdev_genl_init,0.055594,0,0
10,run9_initcall.txt,page_pool_user_init,0.055613,0,0
10,run9_initcall.txt,fib_rules_init,0.055633,0,0
10,run9_initcall.txt,init_cgroup_netprio,0.055652,0,0
10,run9_initcall.txt,bpf_lwt_init,0.05567,0,0
10,run9_initcall.txt,pktsched_init,0.055693,0,0
10,run9_initcall.txt,tc_filter_init,0.055727,0,0
10,run9_initcall.txt,tc_action_init,0.055746,0,0
10,run9_initcall.txt,ethnl_init,0.05582,0,0
10,run9_initcall.txt,nexthop_init,0.055842,0,0
10,run9_initcall.txt,devlink_init,0.055919,0,0
10,run9_initcall.txt,wireless_nlevent_init,0.055937,0,0
10,run9_initcall.txt,vsprintf_init_hashval,0.055957,0,0
10,run9_initcall.txt,init_32bit_el0_mask,0.055973,0,0
10,run9_initcall.txt,vga_arb_device_init,0.056114,0,0
10,run9_initcall.txt,watchdog_init,0.056248,0,4000
10,run9_initcall.txt,create_debug_debugfs_entry,0.056357,0,0
10,run9_initcall.txt,iomem_init_inode,0.056399,0,0
10,run9_initcall.txt,clocksource_done_booting,0.056448,0,13
10,run9_initcall.txt,tracer_init_tracefs,0.056479,0,9
10,run9_initcall.txt,init_trace_printk_function_export,0.056531,0,37
10,run9_initcall.txt,init_graph_tracefs,0.056573,0,23
10,run9_initcall.txt,bpf_event_init,0.056589,0,1
10,run9_initcall.txt,init_kprobe_trace,0.454173,0,397566
10,run9_initcall.txt,init_dynamic_event,0.45427,0,7
10,run9_initcall.txt,bpf_init,0.454306,0,20
10,run9_initcall.txt,secretmem_init,0.454383,0,53
10,run9_initcall.txt,init_fs_stat_sysctls,0.454424,0,24
10,run9_initcall.txt,init_fs_exec_sysctls,0.454441,0,1
10,run9_initcall.txt,init_pipe_fs,0.45447,0,14
10,run9_initcall.txt,init_fs_namei_sysctls,0.45449,0,3
10,run9_initcall.txt,init_fs_dcache_sysctls,0.454513,0,7
10,run9_initcall.txt,init_fs_namespace_sysctls,0.454529,0,1
10,run9_initcall.txt,cgroup_writeback_init,0.454555,0,9
10,run9_initcall.txt,inotify_user_setup,0.454589,0,16
10,run9_initcall.txt,eventpoll_init,0.454621,0,16
10,run9_initcall.txt,anon_inode_init,0.454648,0,10
10,run9_initcall.txt,proc_locks_init,0.454671,0,6
10,run9_initcall.txt,backing_aio_init,0.454689,0,2
10,run9_initcall.txt,init_fs_coredump_sysctls,0.454713,0,7
10,run9_initcall.txt,init_vm_drop_caches_sysctls,0.454732,0,2
10,run9_initcall.txt,iomap_dio_init,0.454773,0,24
10,run9_initcall.txt,iomap_ioend_init,0.454818,0,27
10,run9_initcall.txt,dquot_init,0.455008,0,172
10,run9_initcall.txt,proc_cmdline_init,0.45504,0,6
10,run9_initcall.txt,proc_consoles_init,0.455058,0,1
10,run9_initcall.txt,proc_cpuinfo_init,0.455076,0,1
10,run9_initcall.txt,proc_devices_init,0.455093,0,0
10,run9_initcall.txt,proc_interrupts_init,0.45511,0,1
10,run9_initcall.txt,proc_loadavg_init,0.455129,0,1
10,run9_initcall.txt,proc_meminfo_init,0.455145,0,0
10,run9_initcall.txt,proc_stat_init,0.455162,0,1
10,run9_initcall.txt,proc_uptime_init,0.455179,0,1
10,run9_initcall.txt,proc_version_init,0.455196,0,0
10,run9_initcall.txt,proc_softirqs_init,0.455212,0,0
10,run9_initcall.txt,proc_kmsg_init,0.45523,0,1
10,run9_initcall.txt,proc_page_init,0.455248,0,2
10,run9_initcall.txt,init_ramfs_fs,0.455267,0,1
10,run9_initcall.txt,aa_create_aafs,0.455285,0,0
10,run9_initcall.txt,chr_dev_init,0.458324,0,3017
10,run9_initcall.txt,hwrng_modinit,0.458408,0,47
10,run9_initcall.txt,firmware_class_init,0.458429,0,1
10,run9_initcall.txt,sysctl_core_init,0.458479,0,31
10,run9_initcall.txt,eth_offload_init,0.458499,0,0
10,run9_initcall.txt,ipv4_offload_init,0.458516,0,1
10,run9_initcall.txt,inet_init,0.462433,0,3898
10,run9_initcall.txt,af_unix_init,0.462481,0,21
10,run9_initcall.txt,ipv6_offload_init,0.462499,0,1
10,run9_initcall.txt,init_sunrpc,0.462868,0,355
10,run9_initcall.txt,vlan_offload_init,0.462885,0,0
10,run9_initcall.txt,pci_apply_final_quirks,0.462924,0,12
10,run9_initcall.txt,populate_rootfs,0.462947,0,6
10,run9_initcall.txt,register_arm64_panic_block,0.463059,0,1
10,run9_initcall.txt,cpuinfo_regs_init,0.463167,0,92
10,run9_initcall.txt,aarch32_el0_sysfs_init,0.463185,0,0
10,run9_initcall.txt,kvm_arm_init,0.466929,0,3723
10,run9_initcall.txt,proc_execdomains_init,0.46697,0,4
10,run9_initcall.txt,register_warn_debugfs,0.467022,0,32
10,run9_initcall.txt,cpuhp_sysfs_init,0.467077,0,28
10,run9_initcall.txt,ioresources_init,0.467098,0,3
10,run9_initcall.txt,psi_proc_init,0.467112,0,0
10,run9_initcall.txt,irq_gc_init_ops,0.467128,0,0
10,run9_initcall.txt,irq_debugfs_init,0.46722,0,77
10,run9_initcall.txt,proc_modules_init,0.467239,0,1
10,run9_initcall.txt,timer_sysctl_init,0.467265,0,10
10,run9_initcall.txt,timekeeping_init_ops,0.467282,0,0
10,run9_initcall.txt,init_clocksource_sysfs,0.467358,0,59
10,run9_initcall.txt,init_timer_list_procfs,0.467379,0,1
10,run9_initcall.txt,alarmtimer_init,0.467452,0,56
10,run9_initcall.txt,clockevents_init_sysfs,0.46758,0,109
10,run9_initcall.txt,sched_clock_syscore_init,0.4676,0,0
10,run9_initcall.txt,kallsyms_init,0.467619,0,2
10,run9_initcall.txt,pid_namespaces_init,0.467659,0,23
10,run9_initcall.txt,audit_watch_init,0.467678,0,0
10,run9_initcall.txt,audit_fsnotify_init,0.467697,0,0
10,run9_initcall.txt,audit_tree_init,0.467717,0,2
10,run9_initcall.txt,seccomp_sysctl_init,0.467741,0,6
10,run9_initcall.txt,utsname_sysctl_init,0.467765,0,6
10,run9_initcall.txt,init_tracepoints,0.467785,0,2
10,run9_initcall.txt,init_lstats_procfs,0.467806,0,3
10,run9_initcall.txt,stack_trace_init,0.467848,0,26
10,run9_initcall.txt,init_blk_tracer,0.467878,0,14
10,run9_initcall.txt,perf_event_sysfs_init,0.467994,0,99
10,run9_initcall.txt,system_trusted_keyring_init,0.468029,0,17
10,run9_initcall.txt,kswapd_init,0.468229,0,183
10,run9_initcall.txt,extfrag_debug_init,0.468268,0,20
10,run9_initcall.txt,mm_compute_batch_init,0.468285,0,0
10,run9_initcall.txt,slab_proc_init,0.468304,0,2
10,run9_initcall.txt,workingset_init,0.468333,0,8
10,run9_initcall.txt,proc_vmalloc_init,0.468351,0,1
10,run9_initcall.txt,memblock_init_debugfs,0.468374,0,5
10,run9_initcall.txt,slab_debugfs_init,0.468398,0,5
10,run9_initcall.txt,procswaps_init,0.468418,0,2
10,run9_initcall.txt,zs_init,0.468434,0,0
10,run9_initcall.txt,fcntl_init,0.468474,0,3
10,run9_initcall.txt,proc_filesystems_init,0.468491,0,1
10,run9_initcall.txt,start_dirtytime_writeback,0.468512,0,5
10,run9_initcall.txt,dio_init,0.468529,0,1
10,run9_initcall.txt,dnotify_init,0.468559,0,15
10,run9_initcall.txt,fanotify_user_setup,0.468585,0,9
10,run9_initcall.txt,aio_setup,0.468654,0,53
10,run9_initcall.txt,mbcache_init,0.468677,0,5
10,run9_initcall.txt,init_grace,0.468695,0,2
10,run9_initcall.txt,init_devpts_fs,0.46872,0,8
10,run9_initcall.txt,ext4_init_fs,0.468814,0,77
10,run9_initcall.txt,journal_init,0.468848,0,15
10,run9_initcall.txt,init_fat_fs,0.46887,0,5
10,run9_initcall.txt,init_vfat_fs,0.468888,0,1
10,run9_initcall.txt,init_msdos_fs,0.468904,0,0
10,run9_initcall.txt,init_nfs_fs,0.469068,0,147
10,run9_initcall.txt,init_nfs_v2,0.46909,0,0
10,run9_initcall.txt,init_nfs_v3,0.469107,0,0
10,run9_initcall.txt,init_nfs_v4,0.469157,0,33
10,run9_initcall.txt,nfs4filelayout_init,0.469181,0,5
10,run9_initcall.txt,nfs4flexfilelayout_init,0.469205,0,6
10,run9_initcall.txt,init_nlm,0.469252,0,29
10,run9_initcall.txt,init_nls_cp437,0.46927,0,0
10,run9_initcall.txt,init_nls_ascii,0.469287,0,0
10,run9_initcall.txt,init_autofs_fs,0.469404,0,100
10,run9_initcall.txt,init_f2fs_fs,0.469555,0,129
10,run9_initcall.txt,ipc_init,0.469586,0,11
10,run9_initcall.txt,ipc_sysctl_init,0.469624,0,19
10,run9_initcall.txt,init_mqueue_fs,0.46968,0,37
10,run9_initcall.txt,key_proc_init,0.469702,0,3
10,run9_initcall.txt,bpf_crypto_skcipher_init,0.469719,0,0
10,run9_initcall.txt,dh_init,0.469737,0,3
10,run9_initcall.txt,rsa_init,0.469751,0,2
10,run9_initcall.txt,cryptomgr_init,0.469766,0,0
10,run9_initcall.txt,hmac_module_init,0.469781,0,1
10,run9_initcall.txt,crypto_sha256_mod_init,0.469798,0,4
10,run9_initcall.txt,crypto_ecb_module_init,0.469812,0,0
10,run9_initcall.txt,crypto_cbc_module_init,0.469826,0,0
10,run9_initcall.txt,crypto_cts_module_init,0.46984,0,0
10,run9_initcall.txt,xts_module_init,0.469854,0,0
10,run9_initcall.txt,des_generic_mod_init,0.46987,0,2
10,run9_initcall.txt,aes_init,0.469884,0,1
10,run9_initcall.txt,lzo_mod_init,0.469898,0,1
10,run9_initcall.txt,lzorle_mod_init,0.469912,0,0
10,run9_initcall.txt,asymmetric_key_init,0.469932,0,5
10,run9_initcall.txt,x509_key_init,0.469951,0,5
10,run9_initcall.txt,crypto_kdf108_init,0.469965,0,0
10,run9_initcall.txt,blkdev_init,0.469994,0,15
10,run9_initcall.txt,proc_genhd_init,0.470011,0,2
10,run9_initcall.txt,bsg_init,0.470042,0,17
10,run9_initcall.txt,throtl_init,0.470133,0,77
10,run9_initcall.txt,deadline_init,0.470156,0,6
10,run9_initcall.txt,kyber_init,0.470175,0,5
10,run9_initcall.txt,bfq_init,0.470209,0,20
10,run9_initcall.txt,io_uring_init,0.470246,0,23
10,run9_initcall.txt,btree_module_init,0.470264,0,2
10,run9_initcall.txt,percpu_counter_startup,0.470329,0,48
10,run9_initcall.txt,audit_classes_init,0.470355,0,4
10,run9_initcall.txt,gicv5_iwb_platform_driver_init,0.470465,0,93
10,run9_initcall.txt,mip_msi_driver_init,0.470519,0,35
10,run9_initcall.txt,bcm7038_l1_driver_init,0.470571,0,35
10,run9_initcall.txt,bcm7120_l2_driver_init,0.470627,0,39
10,run9_initcall.txt,brcmstb_l2_driver_init,0.470913,0,267
10,run9_initcall.txt,simple_pm_bus_driver_init,0.471429,0,497
10,run9_initcall.txt,phy_core_init,0.471463,0,11
10,run9_initcall.txt,brcm_usb_driver_init,0.471545,0,66
10,run9_initcall.txt,rp1_pinctrl_driver_init,0.471596,0,33
10,run9_initcall.txt,bcm2835_pinctrl_driver_init,0.472647,0,1032
10,run9_initcall.txt,bcm2712_pinctrl_driver_init,0.472739,0,59
10,run9_initcall.txt,brcmvirt_gpio_driver_init,0.472797,0,40
10,run9_initcall.txt,brcmstb_gpio_driver_init,0.472852,0,36
10,run9_initcall.txt,rpi_exp_gpio_driver_init,0.473357,0,487
10,run9_initcall.txt,brcmstb_pwm_driver_init,0.473419,0,41
10,run9_initcall.txt,rp1_pwm_driver_init,0.473476,0,38
10,run9_initcall.txt,gpio_led_driver_init,0.475252,0,1758
10,run9_initcall.txt,led_pwm_driver_init,0.475322,0,47
10,run9_initcall.txt,timer_led_trigger_init,0.475344,0,1
10,run9_initcall.txt,oneshot_led_trigger_init,0.475361,0,0
10,run9_initcall.txt,heartbeat_trig_init,0.475381,0,3
10,run9_initcall.txt,bl_led_trigger_init,0.475397,0,0
10,run9_initcall.txt,ledtrig_cpu_init,0.475471,0,58
10,run9_initcall.txt,defon_led_trigger_init,0.475523,0,33
10,run9_initcall.txt,input_trig_init,0.475543,0,1
10,run9_initcall.txt,ledtrig_panic_init,0.475561,0,1
10,run9_initcall.txt,actpwr_trig_init,0.475731,0,152
10,run9_initcall.txt,pcie_portdrv_init,0.475808,0,57
10,run9_initcall.txt,pci_proc_init,0.475835,0,8
10,run9_initcall.txt,brcm_pcie_driver_init,0.58936,0,113504
10,run9_initcall.txt,bcm2708_fb_init,0.589454,0,68
10,run9_initcall.txt,simplefb_driver_init,0.596352,0,6879
10,run9_initcall.txt,of_fixed_factor_clk_driver_init,0.596455,0,47
10,run9_initcall.txt,of_fixed_clk_driver_init,0.596541,0,35
10,run9_initcall.txt,gpio_clk_driver_init,0.596639,0,49
10,run9_initcall.txt,gated_fixed_clk_driver_init,0.596725,0,35
10,run9_initcall.txt,rp1_clk_driver_init,0.59681,0,36
10,run9_initcall.txt,rp1_sdio_clk_driver_init,0.596899,0,35
10,run9_initcall.txt,clk_dvp_driver_init,0.59709,0,143
10,run9_initcall.txt,bcm2835_aux_clk_driver_init,0.597206,0,65
10,run9_initcall.txt,raspberrypi_clk_driver_init,0.612811,0,15552
10,run9_initcall.txt,dw_driver_init,0.612911,0,50
10,run9_initcall.txt,bcm2835_power_driver_init,0.612981,0,22
10,run9_initcall.txt,rpi_power_driver_init,0.631349,0,18320
10,run9_initcall.txt,brcmstb_reset_driver_init,0.633375,0,43
10,run9_initcall.txt,brcm_rescal_reset_driver_init,0.635392,0,39
10,run9_initcall.txt,rpi_reset_driver_init,0.638444,0,1092
10,run9_initcall.txt,reset_simple_driver_init,0.640527,0,99
10,run9_initcall.txt,n_null_init,0.642494,0,0
10,run9_initcall.txt,pty_init,0.644544,0,86
10,run9_initcall.txt,sysrq_init,0.646486,0,16
10,run9_initcall.txt,serial8250_init,0.648453,-19,0
10,run9_initcall.txt,bcm2835aux_serial_driver_init,0.650453,0,45
10,run9_initcall.txt,brcmuart_init,0.652475,0,65
10,run9_initcall.txt,exar_pci_driver_init,0.654465,0,30
10,run9_initcall.txt,of_platform_serial_driver_init,0.65653,0,106
10,run9_initcall.txt,serial_pci_driver_init,0.658505,0,29
10,run9_initcall.txt,pericom8250_pci_driver_init,0.660463,0,21
10,run9_initcall.txt,init_kgdboc,0.663382,0,994
10,run9_initcall.txt,random_sysctls_init,0.665323,0,16
10,run9_initcall.txt,ttyprintk_init,0.667327,0,61
10,run9_initcall.txt,bcm2835_rng_driver_init,0.669337,0,66
10,run9_initcall.txt,bcm74110_rng_driver_init,0.671367,0,39
10,run9_initcall.txt,iproc_rng200_driver_init,0.67568,0,2290
10,run9_initcall.txt,smccc_trng_driver_init,0.677837,0,28
10,run9_initcall.txt,vc_mem_init,0.681187,0,1232
10,run9_initcall.txt,vcio_driver_init,0.684873,0,1452
10,run9_initcall.txt,bcm2712_iommu_driver_init,0.687221,0,41
10,run9_initcall.txt,bcm2712_iommu_cache_driver_init,0.689631,0,41
10,run9_initcall.txt,topology_sysfs_init,0.692092,0,61
10,run9_initcall.txt,cacheinfo_sysfs_init,0.694767,0,238
10,run9_initcall.txt,devcoredump_init,0.697195,0,9
10,run9_initcall.txt,brd_init,0.704695,0,5074
10,run9_initcall.txt,loop_init,0.710872,0,3769
10,run9_initcall.txt,bcm2835_pm_driver_init,0.714553,0,1333
10,run9_initcall.txt,stmpe_i2c_driver_init,0.716952,0,15
10,run9_initcall.txt,stmpe_spi_driver_init,0.719344,0,12
10,run9_initcall.txt,rp1_driver_init,0.721753,0,32
10,run9_initcall.txt,system_heap_create,0.724197,0,78
10,run9_initcall.txt,add_default_cma_heap,0.726683,0,91
10,run9_initcall.txt,udmabuf_dev_init,0.729105,0,42
10,run9_initcall.txt,iscsi_transport_init,0.732904,0,1461
10,run9_initcall.txt,init_sd,0.735321,0,25
10,run9_initcall.txt,nvme_core_init,0.737984,0,254
10,run9_initcall.txt,nvme_init,0.740407,0,29
10,run9_initcall.txt,blackhole_netdev_init,0.742834,0,23
10,run9_initcall.txt,netkit_init,0.745218,0,5
10,run9_initcall.txt,phylink_init,0.747552,0,0
10,run9_initcall.txt,phy_module_init,0.750112,0,169
10,run9_initcall.txt,phy_module_init,0.752656,0,177
10,run9_initcall.txt,fixed_mdio_bus_init,0.755186,0,153
10,run9_initcall.txt,phy_module_init,0.757733,0,166
10,run9_initcall.txt,phy_module_init,0.76011,0,17
10,run9_initcall.txt,phy_module_init,0.762502,0,59
10,run9_initcall.txt,unimac_mdio_driver_init,0.764922,0,130
10,run9_initcall.txt,macb_driver_init,0.767353,0,118
10,run9_initcall.txt,bcmgenet_driver_init,0.969507,0,199836
10,run9_initcall.txt,bcmasp_driver_init,0.971914,0,83
10,run9_initcall.txt,lan78xx_driver_init,0.975458,0,1201
10,run9_initcall.txt,smsc95xx_driver_init,0.979037,0,1205
10,run9_initcall.txt,usbnet_init,0.981378,0,0
10,run9_initcall.txt,xhci_hcd_init,0.983766,0,17
10,run9_initcall.txt,xhci_pci_init,1.110617,0,124476
10,run9_initcall.txt,xhci_plat_init,1.113007,0,123
10,run9_initcall.txt,dwc_otg_driver_init,1.119851,0,4595
10,run9_initcall.txt,dwc_common_port_init_module,1.123323,0,1226
10,run9_initcall.txt,dwc3_driver_init,1.125625,0,56
10,run9_initcall.txt,dwc3_haps_driver_init,1.127879,0,23
10,run9_initcall.txt,dwc3_of_simple_driver_init,1.13015,0,61
10,run9_initcall.txt,dwc3_generic_driver_init,1.132417,0,45
10,run9_initcall.txt,dwc2_platform_driver_init,1.134785,0,154
10,run9_initcall.txt,uas_init,1.138183,0,1191
10,run9_initcall.txt,usb_storage_driver_init,1.141482,0,1122
10,run9_initcall.txt,brcmstb_usb_pinmap_init,1.143725,-19,70
10,run9_initcall.txt,bdc_driver_init,1.145996,0,51
10,run9_initcall.txt,input_leds_init,1.148147,0,1
10,run9_initcall.txt,mousedev_init,1.15152,0,1192
10,run9_initcall.txt,evdev_init,1.153749,0,0
10,run9_initcall.txt,brcmstb_waketmr_driver_init,1.155996,0,46
10,run9_initcall.txt,rpi_rtc_driver_init,1.158266,0,40
10,run9_initcall.txt,init_rc_map_adstech_dvb_t_pci,1.160486,0,0
10,run9_initcall.txt,init_rc_map_alink_dtu_m,1.162677,0,0
10,run9_initcall.txt,init_rc_map_anysee,1.164849,0,0
10,run9_initcall.txt,init_rc_map_apac_viewcomp,1.167067,0,0
10,run9_initcall.txt,init_rc_map_t2hybrid,1.169301,0,0
10,run9_initcall.txt,init_rc_map_asus_pc39,1.17151,0,0
10,run9_initcall.txt,init_rc_map_asus_ps3_100,1.173714,0,0
10,run9_initcall.txt,init_rc_map_ati_tv_wonder_hd_600,1.175919,0,0
10,run9_initcall.txt,init_rc_map_ati_x10,1.17815,0,0
10,run9_initcall.txt,init_rc_map_avermedia_a16d,1.180347,0,0
10,run9_initcall.txt,init_rc_map_avermedia_cardbus,1.182597,0,0
10,run9_initcall.txt,init_rc_map_avermedia_dvbt,1.184832,0,0
10,run9_initcall.txt,init_rc_map_avermedia_m135a,1.187075,0,0
10,run9_initcall.txt,init_rc_map_avermedia_m733a_rm_k6,1.189333,0,0
10,run9_initcall.txt,init_rc_map_avermedia,1.191596,0,0
10,run9_initcall.txt,init_rc_map_avermedia_rm_ks,1.193848,0,0
10,run9_initcall.txt,init_rc_map_avertv_303,1.196086,0,0
10,run9_initcall.txt,init_rc_map_azurewave_ad_tu700,1.19831,0,0
10,run9_initcall.txt,init_rc_map_beelink_gs1,1.200574,0,9
10,run9_initcall.txt,init_rc_map_beelink_mxiii,1.202825,0,0
10,run9_initcall.txt,init_rc_map_behold_columbus,1.205077,0,0
10,run9_initcall.txt,init_rc_map_behold,1.207331,0,0
10,run9_initcall.txt,init_rc_map_budget_ci_old,1.209967,0,0
10,run9_initcall.txt,init_rc_map_cinergy_1400,1.212205,0,0
10,run9_initcall.txt,init_rc_map_cinergy,1.214383,0,0
10,run9_initcall.txt,init_rc_map_ct_90405,1.216598,0,0
10,run9_initcall.txt,init_rc_map_d680_dmb,1.218801,0,0
10,run9_initcall.txt,init_rc_map_delock_61959,1.22105,0,55
10,run9_initcall.txt,init_rc_map,1.223403,0,52
10,run9_initcall.txt,init_rc_map,1.225645,0,0
10,run9_initcall.txt,init_rc_map_digitalnow_tinytwin,1.227822,0,0
10,run9_initcall.txt,init_rc_map_digittrade,1.229999,0,3
10,run9_initcall.txt,init_rc_map_dm1105_nec,1.232233,0,0
10,run9_initcall.txt,init_rc_map_dntv_live_dvb_t,1.234399,0,0
10,run9_initcall.txt,init_rc_map_dntv_live_dvbt_pro,1.236566,0,0
10,run9_initcall.txt,init_rc_map_dreambox,1.238736,0,0
10,run9_initcall.txt,init_rc_map_dtt200u,1.240916,0,0
10,run9_initcall.txt,init_rc_map_rc5_dvbsky,1.24308,0,0
10,run9_initcall.txt,init_rc_map_dvico_mce,1.245245,0,0
10,run9_initcall.txt,init_rc_map_dvico_portable,1.247376,0,0
10,run9_initcall.txt,init_rc_map_em_terratec,1.249518,0,0
10,run9_initcall.txt,init_rc_map_encore_enltv2,1.251667,0,0
10,run9_initcall.txt,init_rc_map_encore_enltv_fm53,1.25383,0,0
10,run9_initcall.txt,init_rc_map_encore_enltv,1.255995,0,0
10,run9_initcall.txt,init_rc_map_evga_indtube,1.258144,0,0
10,run9_initcall.txt,init_rc_map_eztv,1.260279,0,0
10,run9_initcall.txt,init_rc_map_flydvb,1.262409,0,0
10,run9_initcall.txt,init_rc_map_flyvideo,1.264485,0,0
10,run9_initcall.txt,init_rc_map_fusionhdtv_mce,1.266608,0,0
10,run9_initcall.txt,init_rc_map_gadmei_rm008z,1.268713,0,0
10,run9_initcall.txt,init_rc_map_geekbox,1.270821,0,0
10,run9_initcall.txt,init_rc_map_genius_tvgo_a11mce,1.272921,0,0
10,run9_initcall.txt,init_rc_map_gotview7135,1.275015,0,0
10,run9_initcall.txt,init_rc_map_rc5_hauppauge_new,1.277131,0,0
10,run9_initcall.txt,init_rc_map_hisi_poplar,1.279242,0,0
10,run9_initcall.txt,init_rc_map_hisi_tv_demo,1.281332,0,0
10,run9_initcall.txt,init_rc_map_imon_mce,1.283459,0,0
10,run9_initcall.txt,init_rc_map_imon_pad,1.285581,0,0
10,run9_initcall.txt,init_rc_map_imon_rsc,1.287692,0,0
10,run9_initcall.txt,init_rc_map_iodata_bctv7e,1.289793,0,0
10,run9_initcall.txt,init_rc_it913x_v1_map,1.29188,0,0
10,run9_initcall.txt,init_rc_it913x_v2_map,1.293985,0,0
10,run9_initcall.txt,init_rc_map_kaiomy,1.296058,0,0
10,run9_initcall.txt,init_rc_map_khadas,1.29812,0,0
10,run9_initcall.txt,init_rc_map_khamsin,1.300201,0,0
10,run9_initcall.txt,init_rc_map_kworld_315u,1.30228,0,0
10,run9_initcall.txt,init_rc_map_kworld_pc150u,1.304343,0,0
10,run9_initcall.txt,init_rc_map_kworld_plus_tv_analog,1.306413,0,0
10,run9_initcall.txt,init_rc_map_leadtek_y04g0051,1.308491,0,0
10,run9_initcall.txt,init_rc_lme2510_map,1.310573,0,0
10,run9_initcall.txt,init_rc_map_manli,1.312666,0,0
10,run9_initcall.txt,init_rc_map_mecool_kiii_pro,1.314741,0,0
10,run9_initcall.txt,init_rc_map_mecool_kii_pro,1.316849,0,0
10,run9_initcall.txt,init_rc_map_medion_x10_digitainer,1.318961,0,0
10,run9_initcall.txt,init_rc_map_medion_x10,1.321063,0,0
10,run9_initcall.txt,init_rc_map_medion_x10_or2x,1.323163,0,0
10,run9_initcall.txt,init_rc_map_minix_neo,1.325272,0,0
10,run9_initcall.txt,init_rc_map_msi_digivox_iii,1.327388,0,0
10,run9_initcall.txt,init_rc_map_msi_digivox_ii,1.32951,0,0
10,run9_initcall.txt,init_rc_map_msi_tvanywhere,1.331616,0,0
10,run9_initcall.txt,init_rc_map_msi_tvanywhere_plus,1.333749,0,0
10,run9_initcall.txt,init_rc_map_mygica_utv3,1.335866,0,0
10,run9_initcall.txt,init_rc_map_nebula,1.337999,0,0
10,run9_initcall.txt,init_rc_map_nec_terratec_cinergy_xs,1.340116,0,0
10,run9_initcall.txt,init_rc_map_norwood,1.342238,0,0
10,run9_initcall.txt,init_rc_map_npgtech,1.344347,0,0
10,run9_initcall.txt,init_rc_map_odroid,1.346424,0,0
10,run9_initcall.txt,init_rc_map_pctv_sedna,1.348516,0,0
10,run9_initcall.txt,init_rc_map_pine64,1.351686,0,0
10,run9_initcall.txt,init_rc_map_pinnacle_color,1.353812,0,0
10,run9_initcall.txt,init_rc_map_pinnacle_grey,1.355915,0,0
10,run9_initcall.txt,init_rc_map_pinnacle_pctv_hd,1.358028,0,0
10,run9_initcall.txt,init_rc_map_pixelview,1.360143,0,0
10,run9_initcall.txt,init_rc_map_pixelview,1.362256,0,0
10,run9_initcall.txt,init_rc_map_pixelview_new,1.364337,0,0
10,run9_initcall.txt,init_rc_map_pixelview,1.366465,0,0
10,run9_initcall.txt,init_rc_map_powercolor_real_angel,1.368597,0,0
10,run9_initcall.txt,init_rc_map_proteus_2309,1.370722,0,0
10,run9_initcall.txt,init_rc_map_purpletv,1.372853,0,0
10,run9_initcall.txt,init_rc_map_pv951,1.374976,0,0
10,run9_initcall.txt,init_rc_map_rc6_mce,1.377099,0,0
10,run9_initcall.txt,init_rc_map_real_audio_220_32_keys,1.379207,0,0
10,run9_initcall.txt,init_rc_map_reddo,1.381292,0,0
10,run9_initcall.txt,init_rc_map_siemens_gigaset_rc20,1.383415,0,0
10,run9_initcall.txt,init_rc_map_snapstream_firefly,1.385546,0,0
10,run9_initcall.txt,init_rc_map_streamzap,1.387683,0,0
10,run9_initcall.txt,init_rc_map_su3000,1.389841,0,0
10,run9_initcall.txt,init_rc_map_tanix_tx3mini,1.39198,0,0
10,run9_initcall.txt,init_rc_map_tanix_tx5max,1.394148,0,0
10,run9_initcall.txt,init_rc_map_tbs_nec,1.396265,0,0
10,run9_initcall.txt,init_rc_map,1.398411,0,0
10,run9_initcall.txt,init_rc_map,1.400561,0,0
10,run9_initcall.txt,init_rc_map_terratec_cinergy_c_pci,1.402713,0,0
10,run9_initcall.txt,init_rc_map_terratec_cinergy_s2_hd,1.404883,0,0
10,run9_initcall.txt,init_rc_map_terratec_cinergy_xs,1.407037,0,0
10,run9_initcall.txt,init_rc_map_terratec_slim_2,1.409197,0,9
10,run9_initcall.txt,init_rc_map_terratec_slim,1.411352,0,0
10,run9_initcall.txt,init_rc_map_tevii_nec,1.413485,0,0
10,run9_initcall.txt,init_rc_map_tivo,1.415644,0,0
10,run9_initcall.txt,init_rc_map_total_media_in_hand_02,1.417808,0,0
10,run9_initcall.txt,init_rc_map_total_media_in_hand,1.419975,0,0
10,run9_initcall.txt,init_rc_map_trekstor,1.422153,0,0
10,run9_initcall.txt,init_rc_map_tt_1500,1.4243,0,0
10,run9_initcall.txt,init_rc_map_twinhan_vp1027,1.426469,0,0
10,run9_initcall.txt,init_rc_map_twinhan_dtv_cab_ci,1.428645,0,0
10,run9_initcall.txt,init_rc_map_vega_s9x,1.43077,0,0
10,run9_initcall.txt,init_rc_map_videomate_k100,1.432923,0,0
10,run9_initcall.txt,init_rc_map_videomate_s350,1.435074,0,0
10,run9_initcall.txt,init_rc_map_videomate_tv_pvr,1.437214,0,0
10,run9_initcall.txt,init_rc_map_kii_pro,1.439338,0,0
10,run9_initcall.txt,init_rc_map_wetek_hub,1.441487,0,0
10,run9_initcall.txt,init_rc_map_wetek_play2,1.44363,0,0
10,run9_initcall.txt,init_rc_map_winfast,1.445776,0,0
10,run9_initcall.txt,init_rc_map_winfast_usbii_deluxe,1.447886,0,0
10,run9_initcall.txt,init_rc_map_x96max,1.450293,0,0
10,run9_initcall.txt,init_rc_map,1.45245,0,0
10,run9_initcall.txt,init_rc_map,1.454585,0,0
10,run9_initcall.txt,init_rc_map_zx_irdec,1.456719,0,0
10,run9_initcall.txt,ptp_kvm_init,1.458849,-95,0
10,run9_initcall.txt,gpio_poweroff_driver_init,1.461125,0,131
10,run9_initcall.txt,bcm2711_thermal_driver_init,1.464645,0,1419
10,run9_initcall.txt,bcm2835_thermal_driver_init,1.466864,0,57
10,run9_initcall.txt,bcm2835_wdt_driver_init,1.469073,0,31
10,run9_initcall.txt,dt_cpufreq_platdrv_init,1.471293,0,26
10,run9_initcall.txt,brcm_avs_cpufreq_platdrv_init,1.473541,0,44
10,run9_initcall.txt,raspberrypi_cpufreq_driver_init,1.478797,0,3052
10,run9_initcall.txt,mmc_pwrseq_simple_driver_init,1.481138,0,120
10,run9_initcall.txt,mmc_pwrseq_emmc_driver_init,1.483446,0,58
10,run9_initcall.txt,mmc_blk_init,1.485899,0,50
10,run9_initcall.txt,sdhci_drv_init,1.492787,0,4610
10,run9_initcall.txt,bcm2835_mmc_driver_init,1.497666,0,1343
10,run9_initcall.txt,bcm2835_driver_init,1.502398,0,63
10,run9_initcall.txt,sdhci_pltfm_drv_init,1.50597,0,1188
10,run9_initcall.txt,sdhci_iproc_driver_init,1.508443,0,90
10,run9_initcall.txt,sdhci_brcmstb_driver_init,1.508523,0,67
10,run9_initcall.txt,esrt_sysfs_init,1.508536,-38,2
10,run9_initcall.txt,smccc_devices_init,1.508546,0,0
10,run9_initcall.txt,smccc_soc_init,1.508557,0,1
10,run9_initcall.txt,arch_timer_mmio_drv_init,1.508606,0,37
10,run9_initcall.txt,arch_timer_mmio_acpi_drv_init,1.508642,0,25
10,run9_initcall.txt,hid_init,1.508726,0,67
10,run9_initcall.txt,hid_generic_init,1.50877,0,32
10,run9_initcall.txt,hid_init,1.508826,0,45
10,run9_initcall.txt,vchiq_driver_init,1.516765,0,7925
10,run9_initcall.txt,bcm74110_mbox_driver_init,1.545777,0,82
10,run9_initcall.txt,extcon_class_init,1.548067,0,9
10,run9_initcall.txt,armv8_pmu_driver_init,1.553449,0,3024
10,run9_initcall.txt,binder_init,1.555831,0,61
10,run9_initcall.txt,rpi_otp_driver_init,1.562005,0,3822
10,run9_initcall.txt,sock_diag_init,1.564234,0,24
10,run9_initcall.txt,blackhole_init,1.566482,0,1
10,run9_initcall.txt,cls_bpf_init_mod,1.568678,0,1
10,run9_initcall.txt,gre_offload_init,1.570869,0,0
10,run9_initcall.txt,sysctl_ipv4_init,1.573129,0,71
10,run9_initcall.txt,cubictcp_register,1.575293,0,2
10,run9_initcall.txt,packet_init,1.578575,0,1100
10,run9_initcall.txt,init_rpcsec_gss,1.580753,0,22
10,run9_initcall.txt,init_kerberos_module,1.582946,0,5
10,run9_initcall.txt,dcbnl_init,1.585146,0,3
10,run9_initcall.txt,init_dns_resolver,1.588419,0,1092
10,run9_initcall.txt,handshake_init,1.590675,0,32
10,run9_initcall.txt,check_mmu_enabled_at_boot,1.592905,0,0
10,run9_initcall.txt,finalize_pkvm,1.595126,0,0
10,run9_initcall.txt,kernel_do_mounts_initrd_sysctls_init,1.598545,0,4
10,run9_initcall.txt,kernel_panic_sysctls_init,1.600799,0,11
10,run9_initcall.txt,kernel_panic_sysfs_init,1.603058,0,5
10,run9_initcall.txt,kernel_exit_sysctls_init,1.605336,0,2
10,run9_initcall.txt,kernel_exit_sysfs_init,1.607615,0,2
10,run9_initcall.txt,param_sysfs_builtin_init,1.619827,0,9914
10,run9_initcall.txt,reboot_ksysfs_init,1.622276,0,23
10,run9_initcall.txt,sched_core_sysctl_init,1.624613,0,5
10,run9_initcall.txt,sched_fair_sysctl_init,1.626912,0,2
10,run9_initcall.txt,sched_rt_sysctl_init,1.629516,0,306
10,run9_initcall.txt,sched_dl_sysctl_init,1.631767,0,2
10,run9_initcall.txt,sched_init_debug,1.634079,0,83
10,run9_initcall.txt,cpu_latency_qos_init,1.636397,0,117
10,run9_initcall.txt,printk_late_init,1.63938,0,20
10,run9_initcall.txt,init_srcu_module_notifier,1.641686,0,2
10,run9_initcall.txt,kernel_rcu_stall_sysfs_init,1.643952,0,9
10,run9_initcall.txt,swiotlb_create_default_debugfs,1.646322,0,19
10,run9_initcall.txt,tk_debug_sleep_time_init,1.648628,0,8
10,run9_initcall.txt,bpf_ksym_iter_register,1.650939,0,1
10,run9_initcall.txt,kernel_acct_sysctls_init,1.653267,0,4
10,run9_initcall.txt,bpf_rstat_kfunc_init,1.655588,0,2
10,run9_initcall.txt,debugfs_kprobe_init,1.657939,0,28
10,run9_initcall.txt,kernel_delayacct_sysctls_init,1.660249,0,4
10,run9_initcall.txt,taskstats_init,1.66369,0,1133
10,run9_initcall.txt,ftrace_sysctl_init,1.666,0,2
10,run9_initcall.txt,bpf_kprobe_multi_kfuncs_init,1.668306,0,0
10,run9_initcall.txt,kdb_ftrace_register,1.670607,0,9
10,run9_initcall.txt,bpf_global_ma_init,1.672987,0,88
10,run9_initcall.txt,bpf_syscall_sysctl_init,1.675293,0,5
10,run9_initcall.txt,unbound_reg_init,1.677585,0,0
10,run9_initcall.txt,kfunc_init,1.679826,0,1
10,run9_initcall.txt,bpf_map_iter_init,1.682117,0,1
10,run9_initcall.txt,init_subsystem,1.684394,0,0
10,run9_initcall.txt,task_iter_init,1.686661,0,0
10,run9_initcall.txt,bpf_prog_iter_init,1.689157,0,234
10,run9_initcall.txt,bpf_link_iter_init,1.691401,0,0
10,run9_initcall.txt,init_trampolines,1.693655,0,2
10,run9_initcall.txt,rqspinlock_register_kfuncs,1.695868,0,0
10,run9_initcall.txt,kfunc_init,1.698056,0,0
10,run9_initcall.txt,bpf_cgroup_iter_init,1.700266,0,0
10,run9_initcall.txt,cpumask_kfunc_init,1.702503,0,10
10,run9_initcall.txt,crypto_kfunc_init,1.704732,0,0
10,run9_initcall.txt,bpf_kmem_cache_iter_init,1.706962,0,0
10,run9_initcall.txt,dmabuf_iter_init,1.709186,0,0
10,run9_initcall.txt,load_system_certificate_list,1.712514,0,1115
10,run9_initcall.txt,init_lru_gen,1.714726,0,17
10,run9_initcall.txt,vmstat_late_init,1.716951,0,3
10,run9_initcall.txt,fault_around_debugfs,1.719159,0,3
10,run9_initcall.txt,slab_sysfs_init,1.725308,0,3938
10,run9_initcall.txt,max_swapfiles_check,1.727541,0,0
10,run9_initcall.txt,zswap_init,1.729737,0,0
10,run9_initcall.txt,mempolicy_sysfs_init,1.731957,0,16
10,run9_initcall.txt,memory_tier_late_init,1.736543,0,2326
10,run9_initcall.txt,check_early_ioremap_leak,1.738771,0,0
10,run9_initcall.txt,mg_debugfs_init,1.74102,0,18
10,run9_initcall.txt,fscrypt_init,1.745552,0,2306
10,run9_initcall.txt,pstore_init,1.747728,0,11
10,run9_initcall.txt,init_root_keyring,1.749973,0,31
10,run9_initcall.txt,init_profile_hash,1.75219,0,0
10,run9_initcall.txt,integrity_fs_init,1.754459,0,27
10,run9_initcall.txt,crypto_algapi_init,1.756695,0,9
10,run9_initcall.txt,blk_timeout_init,1.758916,0,0
10,run9_initcall.txt,depot_debugfs_init,1.761167,0,10
10,run9_initcall.txt,pci_resource_alignment_sysfs_init,1.763366,0,6
10,run9_initcall.txt,pci_sysfs_init,1.765632,0,12
10,run9_initcall.txt,clk_debug_init,1.768297,0,409
10,run9_initcall.txt,genpd_debug_init,1.770908,0,344
10,run9_initcall.txt,sync_state_resume_initcall,1.773203,0,2
10,run9_initcall.txt,deferred_probe_initcall,1.845066,0,69583
10,run9_initcall.txt,efi_shutdown_init,1.849251,-19,2
10,run9_initcall.txt,efi_earlycon_unmap_fb,1.851399,0,0
10,run9_initcall.txt,psci_debugfs_init,1.854541,0,0
10,run9_initcall.txt,of_cfs_init,1.858806,0,2135
10,run9_initcall.txt,of_fdt_raw_init,1.860929,0,28
10,run9_initcall.txt,bpf_kfunc_init,1.86299,0,1
10,run9_initcall.txt,init_subsystem,1.865094,0,9
10,run9_initcall.txt,xdp_metadata_init,1.867194,0,0
10,run9_initcall.txt,bpf_sockmap_iter_init,1.869295,0,6
10,run9_initcall.txt,bpf_sk_storage_map_iter_init,1.871395,0,0
10,run9_initcall.txt,bpf_prog_test_run_init,1.873497,0,1
10,run9_initcall.txt,bpf_dummy_struct_ops_init,1.875577,0,0
10,run9_initcall.txt,tcp_congestion_default,1.87766,0,1
10,run9_initcall.txt,inet_blackhole_dev_init,1.879702,0,7
10,run9_initcall.txt,ip_auto_config,1.881764,0,10
10,run9_initcall.txt,tcp_bpf_v4_build_proto,1.883817,0,1
10,run9_initcall.txt,udp_bpf_v4_build_proto,1.885857,0,0
10,run9_initcall.txt,bpf_tcp_ca_kfunc_init,1.889933,0,43
10,run9_initcall.txt,bpf_mptcp_kfunc_init,1.892019,0,0
10,run9_initcall.txt,latency_fsnotify_init,1.894121,0,27
10,run9_initcall.txt,trace_eval_sync,1.896195,0,10
10,run9_initcall.txt,late_trace_init,1.898353,0,26
10,run9_initcall.txt,fb_logo_late_init,1.900588,0,37
10,run9_initcall.txt,amba_stub_drv_init,1.902859,0,27
10,run9_initcall.txt,clk_disable_unused,1.909957,0,4844
10,run9_initcall.txt,genpd_power_off_unused,1.913362,0,1137
10,run9_initcall.txt,regulator_init_complete,1.915687,0,2
10,run9_initcall.txt,of_platform_sync_state_init,1.918024,0,14
