run_id,source_file,name,timestamp_s,return_code,duration_us
1,run10_initcall.txt,sock_init,0.016592,0,4000
1,run10_initcall.txt,net_inuse_init,0.016619,0,0
1,run10_initcall.txt,sock_struct_check,0.016635,0,0
1,run10_initcall.txt,init_default_flow_dissectors,0.016652,0,0
1,run10_initcall.txt,netlink_proto_init,0.016751,0,0
1,run10_initcall.txt,genl_init,0.016781,0,0
1,run10_initcall.txt,debug_monitors_init,0.01692,0,0
1,run10_initcall.txt,init_overflow_sysctl,0.016945,0,0
1,run10_initcall.txt,irq_sysfs_init,0.017074,0,0
1,run10_initcall.txt,dma_atomic_pool_init,0.017689,0,0
1,run10_initcall.txt,audit_init,0.017833,0,0
1,run10_initcall.txt,bdi_class_init,0.017951,0,0
1,run10_initcall.txt,mm_sysfs_init,0.017969,0,0
1,run10_initcall.txt,init_per_zone_wmark_min,0.017994,0,0
1,run10_initcall.txt,ramoops_init,0.01803,0,0
1,run10_initcall.txt,gpiolib_sysfs_init,0.018053,0,0
1,run10_initcall.txt,pcibus_class_init,0.018071,0,0
1,run10_initcall.txt,pci_driver_init,0.018109,0,0
1,run10_initcall.txt,amba_init,0.018132,0,0
1,run10_initcall.txt,__bcm2835_clk_driver_init,0.018155,0,0
1,run10_initcall.txt,tty_class_init,0.018179,0,0
1,run10_initcall.txt,vtconsole_class_init,0.018231,0,0
1,run10_initcall.txt,serdev_init,0.018258,0,0
1,run10_initcall.txt,iommu_dev_init,0.018278,0,0
1,run10_initcall.txt,mipi_dsi_bus_init,0.018306,0,0
1,run10_initcall.txt,devlink_class_init,0.018328,0,0
1,run10_initcall.txt,software_node_init,0.018357,0,0
1,run10_initcall.txt,regmap_initcall,0.018378,0,0
1,run10_initcall.txt,sram_init,0.018404,0,0
1,run10_initcall.txt,spi_init,0.018437,0,0
1,run10_initcall.txt,i2c_init,0.018476,0,0
1,run10_initcall.txt,thermal_init,0.018514,0,0
1,run10_initcall.txt,init_menu,0.018556,0,0
1,run10_initcall.txt,efipostcore_init,0.018574,0,0
1,run10_initcall.txt,kobject_uevent_init,0.018596,0,0
1,run10_initcall.txt,init_uevent_helper_sysctl,0.018615,0,0
1,run10_initcall.txt,reserve_memblock_reserved_regions,0.018714,0,0
1,run10_initcall.txt,aarch32_alloc_vdso_pages,0.018734,0,0
1,run10_initcall.txt,vdso_init,0.01875,0,0
1,run10_initcall.txt,arm64_create_dummy_rsi_dev,0.018767,0,0
1,run10_initcall.txt,arch_hw_breakpoint_init,0.018828,0,0
1,run10_initcall.txt,adjust_protection_map,0.018847,0,0
1,run10_initcall.txt,asids_update_limit,0.018872,0,0
1,run10_initcall.txt,kcmp_cookies_init,0.018889,0,0
1,run10_initcall.txt,dma_channel_table_init,0.018914,0,0
1,run10_initcall.txt,dma_bus_init,0.018962,0,0
1,run10_initcall.txt,brcmstb_soc_device_init,0.019271,0,0
1,run10_initcall.txt,serial_base_init,0.01932,0,0
1,run10_initcall.txt,pl011_init,0.019359,0,0
1,run10_initcall.txt,iommu_dma_init,0.019387,0,0
1,run10_initcall.txt,dmi_id_init,0.019406,-19,0
1,run10_initcall.txt,bcm2835_mbox_init,0.019434,0,0
1,run10_initcall.txt,of_platform_default_populate_init,0.040578,0,24000
1,run10_initcall.txt,register_mte_tcf_preferred_sysctl,0.040678,0,0
1,run10_initcall.txt,init_fork_sysctl,0.040706,0,0
1,run10_initcall.txt,uid_cache_init,0.040751,0,0
1,run10_initcall.txt,pid_namespace_sysctl_init,0.040774,0,0
1,run10_initcall.txt,param_sysfs_init,0.040793,0,0
1,run10_initcall.txt,user_namespace_sysctl_init,0.040822,0,0
1,run10_initcall.txt,proc_schedstat_init,0.040844,0,0
1,run10_initcall.txt,init_rtmutex_sysctl,0.040861,0,0
1,run10_initcall.txt,pm_sysrq_init,0.040908,0,0
1,run10_initcall.txt,init_rcu_stall_sysctl,0.040927,0,0
1,run10_initcall.txt,init_module_sysctl,0.040945,0,0
1,run10_initcall.txt,create_proc_profile,0.040962,0,0
1,run10_initcall.txt,cgroup_sysfs_init,0.040982,0,0
1,run10_initcall.txt,user_namespaces_init,0.041008,0,0
1,run10_initcall.txt,hung_task_init,0.041106,0,0
1,run10_initcall.txt,dev_map_init,0.041125,0,0
1,run10_initcall.txt,netns_bpf_init,0.041139,0,0
1,run10_initcall.txt,oom_init,0.041203,0,0
1,run10_initcall.txt,init_user_buckets,0.041217,0,0
1,run10_initcall.txt,init_vm_util_sysctls,0.041236,0,0
1,run10_initcall.txt,default_bdi_init,0.041348,0,0
1,run10_initcall.txt,cgwb_init,0.041368,0,0
1,run10_initcall.txt,percpu_enable_async,0.041382,0,0
1,run10_initcall.txt,kcompactd_init,0.041485,0,0
1,run10_initcall.txt,init_mm_sysctl,0.041504,0,0
1,run10_initcall.txt,init_user_reserve,0.041521,0,0
1,run10_initcall.txt,init_admin_reserve,0.041535,0,0
1,run10_initcall.txt,init_reserve_notifier,0.041549,0,0
1,run10_initcall.txt,swap_init,0.04157,0,0
1,run10_initcall.txt,swapfile_init,0.041591,0,0
1,run10_initcall.txt,memory_tier_init,0.041631,0,0
1,run10_initcall.txt,numa_init_sysfs,0.041651,0,0
1,run10_initcall.txt,mem_cgroup_swap_init,0.041669,0,0
1,run10_initcall.txt,init_msg_buckets,0.041685,0,0
1,run10_initcall.txt,init_bio,0.041731,0,0
1,run10_initcall.txt,blk_ioc_init,0.04175,0,0
1,run10_initcall.txt,blk_mq_init,0.041768,0,0
1,run10_initcall.txt,genhd_device_init,0.041859,0,0
1,run10_initcall.txt,blkcg_punt_bio_init,0.041971,0,0
1,run10_initcall.txt,blk_integrity_auto_init,0.042044,0,0
1,run10_initcall.txt,io_wq_init,0.042064,0,0
1,run10_initcall.txt,crc_t10dif_mod_init,0.042089,0,0
1,run10_initcall.txt,sha256_mod_init,0.042109,0,0
1,run10_initcall.txt,sha512_mod_init,0.042125,0,0
1,run10_initcall.txt,sg_pool_init,0.042157,0,0
1,run10_initcall.txt,gpiolib_debugfs_init,0.042178,0,0
1,run10_initcall.txt,stmpe_gpio_init,0.042246,0,0
1,run10_initcall.txt,pwm_init,0.042268,0,0
1,run10_initcall.txt,leds_init,0.042295,0,0
1,run10_initcall.txt,pci_slot_init,0.042314,0,0
1,run10_initcall.txt,fbmem_init,0.042368,0,0
1,run10_initcall.txt,bcm2835_dma_init,0.043054,0,0
1,run10_initcall.txt,regulator_fixed_voltage_init,0.043119,0,0
1,run10_initcall.txt,gpio_regulator_init,0.043168,0,0
1,run10_initcall.txt,init_sysrq_sysctl,0.043191,0,0
1,run10_initcall.txt,misc_init,0.043222,0,0
1,run10_initcall.txt,iommu_subsys_init,0.043254,0,0
1,run10_initcall.txt,register_cpu_capacity_sysctl,0.043616,0,0
1,run10_initcall.txt,dma_buf_init,0.043677,0,0
1,run10_initcall.txt,dma_heap_init,0.043705,0,0
1,run10_initcall.txt,init_scsi,0.043798,0,0
1,run10_initcall.txt,mdio_bus_init,0.043827,0,0
1,run10_initcall.txt,phy_init,0.043865,0,0
1,run10_initcall.txt,usb_common_init,0.043882,0,0
1,run10_initcall.txt,usb_init,0.043984,0,0
1,run10_initcall.txt,usb_phy_generic_init,0.044113,0,4000
1,run10_initcall.txt,usb_udc_init,0.044141,0,0
1,run10_initcall.txt,usb_roles_init,0.04416,0,0
1,run10_initcall.txt,input_init,0.044184,0,0
1,run10_initcall.txt,rtc_init,0.044202,0,0
1,run10_initcall.txt,rc_core_init,0.044233,0,0
1,run10_initcall.txt,pps_init,0.044266,0,0
1,run10_initcall.txt,ptp_init,0.04429,0,0
1,run10_initcall.txt,power_supply_class_init,0.04432,0,0
1,run10_initcall.txt,hwmon_init,0.044341,0,0
1,run10_initcall.txt,mmc_init,0.044381,0,0
1,run10_initcall.txt,dmi_init,0.044398,0,0
1,run10_initcall.txt,efisubsys_init,0.044413,0,0
1,run10_initcall.txt,arm_pmu_hp_init,0.044429,0,0
1,run10_initcall.txt,ras_init,0.04445,0,0
1,run10_initcall.txt,nvmem_init,0.044485,0,0
1,run10_initcall.txt,init_soundcore,0.044507,0,0
1,run10_initcall.txt,proto_init,0.044526,0,0
1,run10_initcall.txt,net_dev_init,0.044739,0,0
1,run10_initcall.txt,neigh_init,0.044759,0,0
1,run10_initcall.txt,fib_notifier_init,0.044775,0,0
1,run10_initcall.txt,netdev_genl_init,0.044813,0,0
1,run10_initcall.txt,page_pool_user_init,0.044832,0,0
1,run10_initcall.txt,fib_rules_init,0.044849,0,0
1,run10_initcall.txt,init_cgroup_netprio,0.044865,0,0
1,run10_initcall.txt,bpf_lwt_init,0.044881,0,0
1,run10_initcall.txt,pktsched_init,0.044901,0,0
1,run10_initcall.txt,tc_filter_init,0.044931,0,0
1,run10_initcall.txt,tc_action_init,0.044948,0,0
1,run10_initcall.txt,ethnl_init,0.045021,0,0
1,run10_initcall.txt,nexthop_init,0.045043,0,0
1,run10_initcall.txt,devlink_init,0.04512,0,0
1,run10_initcall.txt,wireless_nlevent_init,0.045139,0,0
1,run10_initcall.txt,vsprintf_init_hashval,0.045158,0,0
1,run10_initcall.txt,init_32bit_el0_mask,0.045173,0,0
1,run10_initcall.txt,vga_arb_device_init,0.045287,0,0
1,run10_initcall.txt,watchdog_init,0.045402,0,0
1,run10_initcall.txt,create_debug_debugfs_entry,0.045503,0,0
1,run10_initcall.txt,iomem_init_inode,0.045538,0,0
1,run10_initcall.txt,clocksource_done_booting,0.045582,0,13
1,run10_initcall.txt,bpf_init,0.045606,0,5
1,run10_initcall.txt,secretmem_init,0.045639,0,14
1,run10_initcall.txt,init_fs_stat_sysctls,0.045667,0,9
1,run10_initcall.txt,init_fs_exec_sysctls,0.045686,0,1
1,run10_initcall.txt,init_pipe_fs,0.045715,0,12
1,run10_initcall.txt,init_fs_namei_sysctls,0.045738,0,3
1,run10_initcall.txt,init_fs_dcache_sysctls,0.045763,0,7
1,run10_initcall.txt,init_fs_namespace_sysctls,0.045781,0,1
1,run10_initcall.txt,cgroup_writeback_init,0.045802,0,5
1,run10_initcall.txt,inotify_user_setup,0.04583,0,14
1,run10_initcall.txt,eventpoll_init,0.04586,0,16
1,run10_initcall.txt,anon_inode_init,0.045888,0,13
1,run10_initcall.txt,proc_locks_init,0.045907,0,3
1,run10_initcall.txt,backing_aio_init,0.045923,0,2
1,run10_initcall.txt,init_fs_coredump_sysctls,0.045943,0,6
1,run10_initcall.txt,init_vm_drop_caches_sysctls,0.045961,0,2
1,run10_initcall.txt,iomap_dio_init,0.045995,0,20
1,run10_initcall.txt,iomap_ioend_init,0.046033,0,24
1,run10_initcall.txt,dquot_init,0.046184,0,135
1,run10_initcall.txt,proc_cmdline_init,0.046205,0,2
1,run10_initcall.txt,proc_consoles_init,0.04622,0,1
1,run10_initcall.txt,proc_cpuinfo_init,0.046235,0,1
1,run10_initcall.txt,proc_devices_init,0.04625,0,1
1,run10_initcall.txt,proc_interrupts_init,0.046265,0,1
1,run10_initcall.txt,proc_loadavg_init,0.04628,0,0
1,run10_initcall.txt,proc_meminfo_init,0.046294,0,0
1,run10_initcall.txt,proc_stat_init,0.046309,0,1
1,run10_initcall.txt,proc_uptime_init,0.046325,0,1
1,run10_initcall.txt,proc_version_init,0.04634,0,0
1,run10_initcall.txt,proc_softirqs_init,0.046354,0,0
1,run10_initcall.txt,proc_kmsg_init,0.04637,0,1
1,run10_initcall.txt,proc_page_init,0.046388,0,4
1,run10_initcall.txt,init_ramfs_fs,0.046417,0,2
1,run10_initcall.txt,aa_create_aafs,0.046434,0,0
1,run10_initcall.txt,chr_dev_init,0.049366,0,2914
1,run10_initcall.txt,hwrng_modinit,0.049444,0,44
1,run10_initcall.txt,firmware_class_init,0.049465,0,1
1,run10_initcall.txt,sysctl_core_init,0.049516,0,32
1,run10_initcall.txt,eth_offload_init,0.049533,0,0
1,run10_initcall.txt,ipv4_offload_init,0.049551,0,1
1,run10_initcall.txt,inet_init,0.053316,0,3748
1,run10_initcall.txt,af_unix_init,0.053387,0,29
1,run10_initcall.txt,ipv6_offload_init,0.053409,0,2
1,run10_initcall.txt,init_sunrpc,0.05379,0,363
1,run10_initcall.txt,vlan_offload_init,0.05381,0,0
1,run10_initcall.txt,pci_apply_final_quirks,0.053839,0,11
1,run10_initcall.txt,populate_rootfs,0.053861,0,5
1,run10_initcall.txt,register_arm64_panic_block,0.053969,0,0
1,run10_initcall.txt,cpuinfo_regs_init,0.054065,0,81
1,run10_initcall.txt,aarch32_el0_sysfs_init,0.054082,0,0
1,run10_initcall.txt,kvm_arm_init,0.057436,0,3336
1,run10_initcall.txt,proc_execdomains_init,0.057478,0,4
1,run10_initcall.txt,register_warn_debugfs,0.057514,0,17
1,run10_initcall.txt,cpuhp_sysfs_init,0.057557,0,23
1,run10_initcall.txt,ioresources_init,0.057599,0,3
1,run10_initcall.txt,psi_proc_init,0.057622,0,0
1,run10_initcall.txt,irq_gc_init_ops,0.057637,0,0
1,run10_initcall.txt,irq_debugfs_init,0.057719,0,67
1,run10_initcall.txt,proc_modules_init,0.057738,0,2
1,run10_initcall.txt,timer_sysctl_init,0.057762,0,8
1,run10_initcall.txt,timekeeping_init_ops,0.057778,0,0
1,run10_initcall.txt,init_clocksource_sysfs,0.057852,0,57
1,run10_initcall.txt,init_timer_list_procfs,0.057872,0,1
1,run10_initcall.txt,alarmtimer_init,0.057935,0,45
1,run10_initcall.txt,clockevents_init_sysfs,0.058087,0,134
1,run10_initcall.txt,sched_clock_syscore_init,0.058106,0,0
1,run10_initcall.txt,kallsyms_init,0.058125,0,1
1,run10_initcall.txt,pid_namespaces_init,0.058164,0,22
1,run10_initcall.txt,audit_watch_init,0.058184,0,0
1,run10_initcall.txt,audit_fsnotify_init,0.058201,0,0
1,run10_initcall.txt,audit_tree_init,0.05822,0,2
1,run10_initcall.txt,seccomp_sysctl_init,0.058242,0,4
1,run10_initcall.txt,utsname_sysctl_init,0.058265,0,6
1,run10_initcall.txt,init_lstats_procfs,0.058286,0,3
1,run10_initcall.txt,perf_event_sysfs_init,0.058351,0,49
1,run10_initcall.txt,system_trusted_keyring_init,0.058381,0,14
1,run10_initcall.txt,kswapd_init,0.058566,0,170
1,run10_initcall.txt,extfrag_debug_init,0.058592,0,9
1,run10_initcall.txt,mm_compute_batch_init,0.058607,0,0
1,run10_initcall.txt,slab_proc_init,0.058624,0,2
1,run10_initcall.txt,workingset_init,0.058646,0,8
1,run10_initcall.txt,proc_vmalloc_init,0.058662,0,1
1,run10_initcall.txt,memblock_init_debugfs,0.058683,0,5
1,run10_initcall.txt,slab_debugfs_init,0.058704,0,4
1,run10_initcall.txt,procswaps_init,0.058724,0,4
1,run10_initcall.txt,zs_init,0.058741,0,0
1,run10_initcall.txt,fcntl_init,0.05876,0,2
1,run10_initcall.txt,proc_filesystems_init,0.058779,0,1
1,run10_initcall.txt,start_dirtytime_writeback,0.058799,0,4
1,run10_initcall.txt,dio_init,0.058814,0,1
1,run10_initcall.txt,dnotify_init,0.058841,0,14
1,run10_initcall.txt,fanotify_user_setup,0.058866,0,10
1,run10_initcall.txt,aio_setup,0.058926,0,46
1,run10_initcall.txt,mbcache_init,0.058947,0,5
1,run10_initcall.txt,init_grace,0.058964,0,2
1,run10_initcall.txt,init_devpts_fs,0.058985,0,7
1,run10_initcall.txt,ext4_init_fs,0.059074,0,75
1,run10_initcall.txt,journal_init,0.059106,0,15
1,run10_initcall.txt,init_fat_fs,0.059128,0,6
1,run10_initcall.txt,init_vfat_fs,0.059143,0,1
1,run10_initcall.txt,init_msdos_fs,0.059157,0,0
1,run10_initcall.txt,init_nfs_fs,0.059301,0,127
1,run10_initcall.txt,init_nfs_v2,0.059321,0,0
1,run10_initcall.txt,init_nfs_v3,0.059335,0,0
1,run10_initcall.txt,init_nfs_v4,0.059378,0,29
1,run10_initcall.txt,nfs4filelayout_init,0.0594,0,5
1,run10_initcall.txt,nfs4flexfilelayout_init,0.059421,0,6
1,run10_initcall.txt,init_nlm,0.059462,0,25
1,run10_initcall.txt,init_nls_cp437,0.059481,0,0
1,run10_initcall.txt,init_nls_ascii,0.059495,0,0
1,run10_initcall.txt,init_autofs_fs,0.059599,0,89
1,run10_initcall.txt,init_f2fs_fs,0.059732,0,116
1,run10_initcall.txt,ipc_init,0.059765,0,15
1,run10_initcall.txt,ipc_sysctl_init,0.059799,0,17
1,run10_initcall.txt,init_mqueue_fs,0.059853,0,38
1,run10_initcall.txt,key_proc_init,0.059873,0,2
1,run10_initcall.txt,bpf_crypto_skcipher_init,0.059892,0,1
1,run10_initcall.txt,dh_init,0.059911,0,2
1,run10_initcall.txt,rsa_init,0.059928,0,1
1,run10_initcall.txt,cryptomgr_init,0.059945,0,0
1,run10_initcall.txt,hmac_module_init,0.059961,0,0
1,run10_initcall.txt,crypto_sha256_mod_init,0.059982,0,4
1,run10_initcall.txt,crypto_ecb_module_init,0.059999,0,0
1,run10_initcall.txt,crypto_cbc_module_init,0.060015,0,0
1,run10_initcall.txt,crypto_cts_module_init,0.060032,0,0
1,run10_initcall.txt,xts_module_init,0.060048,0,0
1,run10_initcall.txt,des_generic_mod_init,0.060066,0,1
1,run10_initcall.txt,aes_init,0.060083,0,0
1,run10_initcall.txt,lzo_mod_init,0.0601,0,0
1,run10_initcall.txt,lzorle_mod_init,0.060117,0,0
1,run10_initcall.txt,asymmetric_key_init,0.060138,0,5
1,run10_initcall.txt,x509_key_init,0.06016,0,5
1,run10_initcall.txt,crypto_kdf108_init,0.060177,0,0
1,run10_initcall.txt,blkdev_init,0.060206,0,12
1,run10_initcall.txt,proc_genhd_init,0.060228,0,4
1,run10_initcall.txt,bsg_init,0.060262,0,17
1,run10_initcall.txt,throtl_init,0.060349,0,69
1,run10_initcall.txt,deadline_init,0.060374,0,6
1,run10_initcall.txt,kyber_init,0.060395,0,5
1,run10_initcall.txt,bfq_init,0.060433,0,19
1,run10_initcall.txt,io_uring_init,0.060473,0,22
1,run10_initcall.txt,percpu_counter_startup,0.060534,0,42
1,run10_initcall.txt,audit_classes_init,0.060565,0,5
1,run10_initcall.txt,gicv5_iwb_platform_driver_init,0.060649,0,65
1,run10_initcall.txt,mip_msi_driver_init,0.060691,0,27
1,run10_initcall.txt,bcm7038_l1_driver_init,0.060733,0,26
1,run10_initcall.txt,bcm7120_l2_driver_init,0.060777,0,29
1,run10_initcall.txt,brcmstb_l2_driver_init,0.060833,0,39
1,run10_initcall.txt,simple_pm_bus_driver_init,0.061304,0,456
1,run10_initcall.txt,phy_core_init,0.061334,0,14
1,run10_initcall.txt,brcm_usb_driver_init,0.061396,0,47
1,run10_initcall.txt,rp1_pinctrl_driver_init,0.061438,0,26
1,run10_initcall.txt,bcm2835_pinctrl_driver_init,0.062335,0,882
1,run10_initcall.txt,bcm2712_pinctrl_driver_init,0.062397,0,42
1,run10_initcall.txt,brcmvirt_gpio_driver_init,0.062442,0,29
1,run10_initcall.txt,brcmstb_gpio_driver_init,0.062487,0,29
1,run10_initcall.txt,rpi_exp_gpio_driver_init,0.062858,0,355
1,run10_initcall.txt,brcmstb_pwm_driver_init,0.062901,0,28
1,run10_initcall.txt,rp1_pwm_driver_init,0.062947,0,30
1,run10_initcall.txt,gpio_led_driver_init,0.064633,0,1671
1,run10_initcall.txt,led_pwm_driver_init,0.06468,0,31
1,run10_initcall.txt,timer_led_trigger_init,0.064697,0,1
1,run10_initcall.txt,oneshot_led_trigger_init,0.064714,0,0
1,run10_initcall.txt,heartbeat_trig_init,0.06473,0,2
1,run10_initcall.txt,bl_led_trigger_init,0.064744,0,0
1,run10_initcall.txt,ledtrig_cpu_init,0.064829,0,71
1,run10_initcall.txt,defon_led_trigger_init,0.064875,0,30
1,run10_initcall.txt,input_trig_init,0.064892,0,1
1,run10_initcall.txt,ledtrig_panic_init,0.064906,0,1
1,run10_initcall.txt,actpwr_trig_init,0.065043,0,123
1,run10_initcall.txt,pcie_portdrv_init,0.065114,0,54
1,run10_initcall.txt,pci_proc_init,0.065137,0,8
1,run10_initcall.txt,brcm_pcie_driver_init,0.178434,0,113282
1,run10_initcall.txt,bcm2708_fb_init,0.190985,0,12529
1,run10_initcall.txt,simplefb_driver_init,0.191084,0,43
1,run10_initcall.txt,of_fixed_factor_clk_driver_init,0.191158,0,28
1,run10_initcall.txt,of_fixed_clk_driver_init,0.191231,0,26
1,run10_initcall.txt,gpio_clk_driver_init,0.191307,0,32
1,run10_initcall.txt,gated_fixed_clk_driver_init,0.191378,0,26
1,run10_initcall.txt,rp1_clk_driver_init,0.191454,0,31
1,run10_initcall.txt,rp1_sdio_clk_driver_init,0.191524,0,27
1,run10_initcall.txt,clk_dvp_driver_init,0.191595,0,27
1,run10_initcall.txt,bcm2835_aux_clk_driver_init,0.191695,0,55
1,run10_initcall.txt,raspberrypi_clk_driver_init,0.20713,0,15388
1,run10_initcall.txt,dw_driver_init,0.207215,0,39
1,run10_initcall.txt,bcm2835_power_driver_init,0.207279,0,18
1,run10_initcall.txt,rpi_power_driver_init,0.22574,0,18415
1,run10_initcall.txt,brcmstb_reset_driver_init,0.227645,0,32
1,run10_initcall.txt,brcm_rescal_reset_driver_init,0.229541,0,33
1,run10_initcall.txt,rpi_reset_driver_init,0.23248,0,1038
1,run10_initcall.txt,reset_simple_driver_init,0.234501,0,61
1,run10_initcall.txt,n_null_init,0.236418,0,0
1,run10_initcall.txt,pty_init,0.238427,0,83
1,run10_initcall.txt,sysrq_init,0.240365,0,14
1,run10_initcall.txt,serial8250_init,0.242307,-19,0
1,run10_initcall.txt,bcm2835aux_serial_driver_init,0.244253,0,33
1,run10_initcall.txt,brcmuart_init,0.246204,0,42
1,run10_initcall.txt,exar_pci_driver_init,0.248164,0,29
1,run10_initcall.txt,of_platform_serial_driver_init,0.250173,0,70
1,run10_initcall.txt,serial_pci_driver_init,0.252125,0,26
1,run10_initcall.txt,pericom8250_pci_driver_init,0.254087,0,21
1,run10_initcall.txt,init_kgdboc,0.257041,0,1025
1,run10_initcall.txt,random_sysctls_init,0.258985,0,12
1,run10_initcall.txt,ttyprintk_init,0.26096,0,55
1,run10_initcall.txt,bcm2835_rng_driver_init,0.262939,0,48
1,run10_initcall.txt,bcm74110_rng_driver_init,0.264963,0,30
1,run10_initcall.txt,iproc_rng200_driver_init,0.269262,0,2268
1,run10_initcall.txt,smccc_trng_driver_init,0.271398,0,21
1,run10_initcall.txt,vc_mem_init,0.274773,0,1229
1,run10_initcall.txt,vcio_driver_init,0.278394,0,1385
1,run10_initcall.txt,bcm2712_iommu_driver_init,0.280734,0,32
1,run10_initcall.txt,bcm2712_iommu_cache_driver_init,0.283142,0,30
1,run10_initcall.txt,topology_sysfs_init,0.285626,0,71
1,run10_initcall.txt,cacheinfo_sysfs_init,0.288307,0,242
1,run10_initcall.txt,devcoredump_init,0.290769,0,9
1,run10_initcall.txt,brd_init,0.297977,0,4783
1,run10_initcall.txt,loop_init,0.304062,0,3672
1,run10_initcall.txt,bcm2835_pm_driver_init,0.307765,0,1298
1,run10_initcall.txt,stmpe_i2c_driver_init,0.310163,0,20
1,run10_initcall.txt,stmpe_spi_driver_init,0.312515,0,11
1,run10_initcall.txt,rp1_driver_init,0.314923,0,26
1,run10_initcall.txt,system_heap_create,0.317395,0,86
1,run10_initcall.txt,add_default_cma_heap,0.319873,0,77
1,run10_initcall.txt,udmabuf_dev_init,0.322311,0,48
1,run10_initcall.txt,iscsi_transport_init,0.326116,0,1428
1,run10_initcall.txt,init_sd,0.328496,0,22
1,run10_initcall.txt,nvme_core_init,0.33113,0,246
1,run10_initcall.txt,nvme_init,0.333548,0,27
1,run10_initcall.txt,blackhole_netdev_init,0.335959,0,16
1,run10_initcall.txt,netkit_init,0.338336,0,5
1,run10_initcall.txt,phylink_init,0.340703,0,0
1,run10_initcall.txt,phy_module_init,0.343233,0,161
1,run10_initcall.txt,phy_module_init,0.34572,0,170
1,run10_initcall.txt,fixed_mdio_bus_init,0.348243,0,153
1,run10_initcall.txt,phy_module_init,0.350778,0,158
1,run10_initcall.txt,phy_module_init,0.353166,0,19
1,run10_initcall.txt,phy_module_init,0.355567,0,55
1,run10_initcall.txt,unimac_mdio_driver_init,0.357995,0,101
1,run10_initcall.txt,macb_driver_init,0.360401,0,83
1,run10_initcall.txt,bcmgenet_driver_init,0.558623,0,195942
1,run10_initcall.txt,bcmasp_driver_init,0.560999,0,62
1,run10_initcall.txt,lan78xx_driver_init,0.564518,0,1199
1,run10_initcall.txt,smsc95xx_driver_init,0.568095,0,1195
1,run10_initcall.txt,usbnet_init,0.570474,0,0
1,run10_initcall.txt,xhci_hcd_init,0.572847,0,13
1,run10_initcall.txt,xhci_pci_init,0.700031,0,124828
1,run10_initcall.txt,xhci_plat_init,0.702356,0,91
1,run10_initcall.txt,dwc_otg_driver_init,0.708964,0,4390
1,run10_initcall.txt,dwc_common_port_init_module,0.712356,0,1178
1,run10_initcall.txt,dwc3_driver_init,0.714593,0,43
1,run10_initcall.txt,dwc3_haps_driver_init,0.716791,0,26
1,run10_initcall.txt,dwc3_of_simple_driver_init,0.719035,0,48
1,run10_initcall.txt,dwc3_generic_driver_init,0.721243,0,32
1,run10_initcall.txt,dwc2_platform_driver_init,0.723533,0,105
1,run10_initcall.txt,uas_init,0.726904,0,1195
1,run10_initcall.txt,usb_storage_driver_init,0.730128,0,1106
1,run10_initcall.txt,brcmstb_usb_pinmap_init,0.732336,-19,55
1,run10_initcall.txt,bdc_driver_init,0.734539,0,37
1,run10_initcall.txt,input_leds_init,0.736705,0,1
1,run10_initcall.txt,mousedev_init,0.740056,0,1179
1,run10_initcall.txt,evdev_init,0.742292,0,0
1,run10_initcall.txt,brcmstb_waketmr_driver_init,0.744494,0,35
1,run10_initcall.txt,rpi_rtc_driver_init,0.746735,0,32
1,run10_initcall.txt,init_rc_map_adstech_dvb_t_pci,0.748947,0,0
1,run10_initcall.txt,init_rc_map_alink_dtu_m,0.751152,0,0
1,run10_initcall.txt,init_rc_map_anysee,0.753343,0,0
1,run10_initcall.txt,init_rc_map_apac_viewcomp,0.755559,0,0
1,run10_initcall.txt,init_rc_map_t2hybrid,0.757786,0,0
1,run10_initcall.txt,init_rc_map_asus_pc39,0.759999,0,0
1,run10_initcall.txt,init_rc_map_asus_ps3_100,0.762174,0,0
1,run10_initcall.txt,init_rc_map_ati_tv_wonder_hd_600,0.764379,0,0
1,run10_initcall.txt,init_rc_map_ati_x10,0.766606,0,0
1,run10_initcall.txt,init_rc_map_avermedia_a16d,0.768853,0,0
1,run10_initcall.txt,init_rc_map_avermedia_cardbus,0.7711,0,0
1,run10_initcall.txt,init_rc_map_avermedia_dvbt,0.773339,0,0
1,run10_initcall.txt,init_rc_map_avermedia_m135a,0.775595,0,0
1,run10_initcall.txt,init_rc_map_avermedia_m733a_rm_k6,0.777833,0,0
1,run10_initcall.txt,init_rc_map_avermedia,0.780094,0,0
1,run10_initcall.txt,init_rc_map_avermedia_rm_ks,0.782361,0,0
1,run10_initcall.txt,init_rc_map_avertv_303,0.784627,0,0
1,run10_initcall.txt,init_rc_map_azurewave_ad_tu700,0.786878,0,0
1,run10_initcall.txt,init_rc_map_beelink_gs1,0.789125,0,0
1,run10_initcall.txt,init_rc_map_beelink_mxiii,0.791378,0,0
1,run10_initcall.txt,init_rc_map_behold_columbus,0.793624,0,0
1,run10_initcall.txt,init_rc_map_behold,0.795826,0,0
1,run10_initcall.txt,init_rc_map_budget_ci_old,0.798372,0,0
1,run10_initcall.txt,init_rc_map_cinergy_1400,0.800608,0,0
1,run10_initcall.txt,init_rc_map_cinergy,0.802828,0,0
1,run10_initcall.txt,init_rc_map_ct_90405,0.805031,0,0
1,run10_initcall.txt,init_rc_map_d680_dmb,0.807226,0,0
1,run10_initcall.txt,init_rc_map_delock_61959,0.809387,0,0
1,run10_initcall.txt,init_rc_map,0.811546,0,0
1,run10_initcall.txt,init_rc_map,0.813719,0,0
1,run10_initcall.txt,init_rc_map_digitalnow_tinytwin,0.815878,0,0
1,run10_initcall.txt,init_rc_map_digittrade,0.818057,0,0
1,run10_initcall.txt,init_rc_map_dm1105_nec,0.820363,0,0
1,run10_initcall.txt,init_rc_map_dntv_live_dvb_t,0.8227,0,0
1,run10_initcall.txt,init_rc_map_dntv_live_dvbt_pro,0.824872,0,0
1,run10_initcall.txt,init_rc_map_dreambox,0.827024,0,0
1,run10_initcall.txt,init_rc_map_dtt200u,0.829136,0,0
1,run10_initcall.txt,init_rc_map_rc5_dvbsky,0.831296,0,0
1,run10_initcall.txt,init_rc_map_dvico_mce,0.833442,0,0
1,run10_initcall.txt,init_rc_map_dvico_portable,0.835714,0,0
1,run10_initcall.txt,init_rc_map_em_terratec,0.83785,0,0
1,run10_initcall.txt,init_rc_map_encore_enltv2,0.839999,0,0
1,run10_initcall.txt,init_rc_map_encore_enltv_fm53,0.84215,0,0
1,run10_initcall.txt,init_rc_map_encore_enltv,0.844288,0,0
1,run10_initcall.txt,init_rc_map_evga_indtube,0.846408,0,0
1,run10_initcall.txt,init_rc_map_eztv,0.848544,0,0
1,run10_initcall.txt,init_rc_map_flydvb,0.850676,0,0
1,run10_initcall.txt,init_rc_map_flyvideo,0.852782,0,0
1,run10_initcall.txt,init_rc_map_fusionhdtv_mce,0.854892,0,0
1,run10_initcall.txt,init_rc_map_gadmei_rm008z,0.856985,0,0
1,run10_initcall.txt,init_rc_map_geekbox,0.859082,0,0
1,run10_initcall.txt,init_rc_map_genius_tvgo_a11mce,0.861143,0,0
1,run10_initcall.txt,init_rc_map_gotview7135,0.863223,0,0
1,run10_initcall.txt,init_rc_map_rc5_hauppauge_new,0.865322,0,0
1,run10_initcall.txt,init_rc_map_hisi_poplar,0.867431,0,0
1,run10_initcall.txt,init_rc_map_hisi_tv_demo,0.869543,0,0
1,run10_initcall.txt,init_rc_map_imon_mce,0.871656,0,0
1,run10_initcall.txt,init_rc_map_imon_pad,0.873775,0,0
1,run10_initcall.txt,init_rc_map_imon_rsc,0.875871,0,0
1,run10_initcall.txt,init_rc_map_iodata_bctv7e,0.877917,0,0
1,run10_initcall.txt,init_rc_it913x_v1_map,0.879987,0,0
1,run10_initcall.txt,init_rc_it913x_v2_map,0.882065,0,0
1,run10_initcall.txt,init_rc_map_kaiomy,0.884136,0,0
1,run10_initcall.txt,init_rc_map_khadas,0.886297,0,0
1,run10_initcall.txt,init_rc_map_khamsin,0.888363,0,0
1,run10_initcall.txt,init_rc_map_kworld_315u,0.890424,0,0
1,run10_initcall.txt,init_rc_map_kworld_pc150u,0.892463,0,0
1,run10_initcall.txt,init_rc_map_kworld_plus_tv_analog,0.894486,0,0
1,run10_initcall.txt,init_rc_map_leadtek_y04g0051,0.896536,0,0
1,run10_initcall.txt,init_rc_lme2510_map,0.898645,0,0
1,run10_initcall.txt,init_rc_map_manli,0.90071,0,0
1,run10_initcall.txt,init_rc_map_mecool_kiii_pro,0.902802,0,0
1,run10_initcall.txt,init_rc_map_mecool_kii_pro,0.904879,0,0
1,run10_initcall.txt,init_rc_map_medion_x10_digitainer,0.906962,0,0
1,run10_initcall.txt,init_rc_map_medion_x10,0.909035,0,0
1,run10_initcall.txt,init_rc_map_medion_x10_or2x,0.911089,0,0
1,run10_initcall.txt,init_rc_map_minix_neo,0.913146,0,0
1,run10_initcall.txt,init_rc_map_msi_digivox_iii,0.915233,0,0
1,run10_initcall.txt,init_rc_map_msi_digivox_ii,0.917326,0,0
1,run10_initcall.txt,init_rc_map_msi_tvanywhere,0.919428,0,0
1,run10_initcall.txt,init_rc_map_msi_tvanywhere_plus,0.921518,0,0
1,run10_initcall.txt,init_rc_map_mygica_utv3,0.923601,0,0
1,run10_initcall.txt,init_rc_map_nebula,0.925705,0,0
1,run10_initcall.txt,init_rc_map_nec_terratec_cinergy_xs,0.927761,0,0
1,run10_initcall.txt,init_rc_map_norwood,0.929844,0,0
1,run10_initcall.txt,init_rc_map_npgtech,0.931923,0,0
1,run10_initcall.txt,init_rc_map_odroid,0.933997,0,0
1,run10_initcall.txt,init_rc_map_pctv_sedna,0.936059,0,0
1,run10_initcall.txt,init_rc_map_pine64,0.93813,0,0
1,run10_initcall.txt,init_rc_map_pinnacle_color,0.940211,0,0
1,run10_initcall.txt,init_rc_map_pinnacle_grey,0.943376,0,0
1,run10_initcall.txt,init_rc_map_pinnacle_pctv_hd,0.945536,0,0
1,run10_initcall.txt,init_rc_map_pixelview,0.947696,0,0
1,run10_initcall.txt,init_rc_map_pixelview,0.949814,0,0
1,run10_initcall.txt,init_rc_map_pixelview_new,0.951927,0,0
1,run10_initcall.txt,init_rc_map_pixelview,0.95405,0,0
1,run10_initcall.txt,init_rc_map_powercolor_real_angel,0.956182,0,0
1,run10_initcall.txt,init_rc_map_proteus_2309,0.958317,0,0
1,run10_initcall.txt,init_rc_map_purpletv,0.960448,0,0
1,run10_initcall.txt,init_rc_map_pv951,0.962542,0,0
1,run10_initcall.txt,init_rc_map_rc6_mce,0.964668,0,0
1,run10_initcall.txt,init_rc_map_real_audio_220_32_keys,0.966803,0,0
1,run10_initcall.txt,init_rc_map_reddo,0.968933,0,0
1,run10_initcall.txt,init_rc_map_siemens_gigaset_rc20,0.971087,0,0
1,run10_initcall.txt,init_rc_map_snapstream_firefly,0.973233,0,0
1,run10_initcall.txt,init_rc_map_streamzap,0.975402,0,0
1,run10_initcall.txt,init_rc_map_su3000,0.977559,0,0
1,run10_initcall.txt,init_rc_map_tanix_tx3mini,0.979699,0,0
1,run10_initcall.txt,init_rc_map_tanix_tx5max,0.981854,0,0
1,run10_initcall.txt,init_rc_map_tbs_nec,0.984016,0,0
1,run10_initcall.txt,init_rc_map,0.9862,0,0
1,run10_initcall.txt,init_rc_map,0.988376,0,0
1,run10_initcall.txt,init_rc_map_terratec_cinergy_c_pci,0.990558,0,0
1,run10_initcall.txt,init_rc_map_terratec_cinergy_s2_hd,0.99274,0,0
1,run10_initcall.txt,init_rc_map_terratec_cinergy_xs,0.994868,0,0
1,run10_initcall.txt,init_rc_map_terratec_slim_2,0.997034,0,0
1,run10_initcall.txt,init_rc_map_terratec_slim,0.99922,0,0
1,run10_initcall.txt,init_rc_map_tevii_nec,1.001408,0,0
1,run10_initcall.txt,init_rc_map_tivo,1.003613,0,0
1,run10_initcall.txt,init_rc_map_total_media_in_hand_02,1.005825,0,0
1,run10_initcall.txt,init_rc_map_total_media_in_hand,1.00805,0,0
1,run10_initcall.txt,init_rc_map_trekstor,1.010346,0,0
1,run10_initcall.txt,init_rc_map_tt_1500,1.012484,0,0
1,run10_initcall.txt,init_rc_map_twinhan_vp1027,1.014672,0,0
1,run10_initcall.txt,init_rc_map_twinhan_dtv_cab_ci,1.016863,0,0
1,run10_initcall.txt,init_rc_map_vega_s9x,1.019052,0,0
1,run10_initcall.txt,init_rc_map_videomate_k100,1.021221,0,0
1,run10_initcall.txt,init_rc_map_videomate_s350,1.023402,0,0
1,run10_initcall.txt,init_rc_map_videomate_tv_pvr,1.025559,0,0
1,run10_initcall.txt,init_rc_map_kii_pro,1.027685,0,0
1,run10_initcall.txt,init_rc_map_wetek_hub,1.029822,0,0
1,run10_initcall.txt,init_rc_map_wetek_play2,1.031981,0,0
1,run10_initcall.txt,init_rc_map_winfast,1.034136,0,0
1,run10_initcall.txt,init_rc_map_winfast_usbii_deluxe,1.036283,0,0
1,run10_initcall.txt,init_rc_map_x96max,1.038607,0,0
1,run10_initcall.txt,init_rc_map,1.040765,0,0
1,run10_initcall.txt,init_rc_map,1.042901,0,0
1,run10_initcall.txt,init_rc_map_zx_irdec,1.044983,0,0
1,run10_initcall.txt,ptp_kvm_init,1.047118,-95,0
1,run10_initcall.txt,gpio_poweroff_driver_init,1.049321,0,75
1,run10_initcall.txt,bcm2711_thermal_driver_init,1.052877,0,1370
1,run10_initcall.txt,bcm2835_thermal_driver_init,1.055114,0,56
1,run10_initcall.txt,bcm2835_wdt_driver_init,1.05729,0,21
1,run10_initcall.txt,dt_cpufreq_platdrv_init,1.059494,0,25
1,run10_initcall.txt,brcm_avs_cpufreq_platdrv_init,1.06168,0,32
1,run10_initcall.txt,raspberrypi_cpufreq_driver_init,1.066942,0,3062
1,run10_initcall.txt,mmc_pwrseq_simple_driver_init,1.069281,0,53
1,run10_initcall.txt,mmc_pwrseq_emmc_driver_init,1.07157,0,31
1,run10_initcall.txt,mmc_blk_init,1.074018,0,31
1,run10_initcall.txt,sdhci_drv_init,1.078518,0,2227
1,run10_initcall.txt,bcm2835_mmc_driver_init,1.082045,0,1245
1,run10_initcall.txt,bcm2835_driver_init,1.084434,0,32
1,run10_initcall.txt,sdhci_pltfm_drv_init,1.088041,0,1197
1,run10_initcall.txt,sdhci_iproc_driver_init,1.090486,0,59
1,run10_initcall.txt,sdhci_brcmstb_driver_init,1.090554,0,54
1,run10_initcall.txt,esrt_sysfs_init,1.090566,-38,0
1,run10_initcall.txt,smccc_devices_init,1.090575,0,1
1,run10_initcall.txt,smccc_soc_init,1.090586,0,1
1,run10_initcall.txt,arch_timer_mmio_drv_init,1.090625,0,30
1,run10_initcall.txt,arch_timer_mmio_acpi_drv_init,1.090655,0,20
1,run10_initcall.txt,hid_init,1.090736,0,72
1,run10_initcall.txt,hid_generic_init,1.090781,0,35
1,run10_initcall.txt,hid_init,1.090844,0,54
1,run10_initcall.txt,bcm74110_mbox_driver_init,1.09089,0,35
1,run10_initcall.txt,extcon_class_init,1.090912,0,11
1,run10_initcall.txt,armv8_pmu_driver_init,1.097707,0,6782
1,run10_initcall.txt,binder_init,1.13261,0,65
1,run10_initcall.txt,rpi_otp_driver_init,1.14143,0,6333
1,run10_initcall.txt,sock_diag_init,1.143926,0,34
1,run10_initcall.txt,blackhole_init,1.146307,0,1
1,run10_initcall.txt,cls_bpf_init_mod,1.148688,0,0
1,run10_initcall.txt,gre_offload_init,1.151045,0,0
1,run10_initcall.txt,sysctl_ipv4_init,1.153473,0,79
1,run10_initcall.txt,cubictcp_register,1.157986,0,2
1,run10_initcall.txt,packet_init,1.161382,0,1116
1,run10_initcall.txt,init_rpcsec_gss,1.163708,0,18
1,run10_initcall.txt,init_kerberos_module,1.166034,0,5
1,run10_initcall.txt,dcbnl_init,1.16833,0,2
1,run10_initcall.txt,init_dns_resolver,1.171765,0,1145
1,run10_initcall.txt,handshake_init,1.174132,0,34
1,run10_initcall.txt,check_mmu_enabled_at_boot,1.176463,0,0
1,run10_initcall.txt,finalize_pkvm,1.17877,0,0
1,run10_initcall.txt,kernel_do_mounts_initrd_sysctls_init,1.182354,0,6
1,run10_initcall.txt,kernel_panic_sysctls_init,1.184718,0,11
1,run10_initcall.txt,kernel_panic_sysfs_init,1.187091,0,3
1,run10_initcall.txt,kernel_exit_sysctls_init,1.189471,0,2
1,run10_initcall.txt,kernel_exit_sysfs_init,1.19187,0,2
1,run10_initcall.txt,param_sysfs_builtin_init,1.203644,0,9391
1,run10_initcall.txt,reboot_ksysfs_init,1.206166,0,25
1,run10_initcall.txt,sched_core_sysctl_init,1.208551,0,4
1,run10_initcall.txt,sched_fair_sysctl_init,1.210886,0,1
1,run10_initcall.txt,sched_rt_sysctl_init,1.213168,0,3
1,run10_initcall.txt,sched_dl_sysctl_init,1.215785,0,3
1,run10_initcall.txt,sched_init_debug,1.218155,0,78
1,run10_initcall.txt,cpu_latency_qos_init,1.220541,0,113
1,run10_initcall.txt,printk_late_init,1.222845,0,16
1,run10_initcall.txt,init_srcu_module_notifier,1.225068,0,1
1,run10_initcall.txt,kernel_rcu_stall_sysfs_init,1.227839,0,6
1,run10_initcall.txt,swiotlb_create_default_debugfs,1.230123,0,17
1,run10_initcall.txt,tk_debug_sleep_time_init,1.232409,0,2
1,run10_initcall.txt,bpf_ksym_iter_register,1.234732,0,2
1,run10_initcall.txt,kernel_acct_sysctls_init,1.237047,0,5
1,run10_initcall.txt,bpf_rstat_kfunc_init,1.239366,0,0
1,run10_initcall.txt,debugfs_kprobe_init,1.241689,0,7
1,run10_initcall.txt,kernel_delayacct_sysctls_init,1.243982,0,3
1,run10_initcall.txt,taskstats_init,1.247415,0,1167
1,run10_initcall.txt,bpf_global_ma_init,1.249815,0,106
1,run10_initcall.txt,bpf_syscall_sysctl_init,1.252114,0,4
1,run10_initcall.txt,unbound_reg_init,1.254474,0,0
1,run10_initcall.txt,kfunc_init,1.256916,0,2
1,run10_initcall.txt,bpf_map_iter_init,1.259357,0,0
1,run10_initcall.txt,init_subsystem,1.261637,0,0
1,run10_initcall.txt,task_iter_init,1.263893,0,1
1,run10_initcall.txt,bpf_prog_iter_init,1.266156,0,0
1,run10_initcall.txt,bpf_link_iter_init,1.268381,0,0
1,run10_initcall.txt,init_trampolines,1.270593,0,2
1,run10_initcall.txt,rqspinlock_register_kfuncs,1.2728,0,0
1,run10_initcall.txt,kfunc_init,1.275003,0,0
1,run10_initcall.txt,bpf_cgroup_iter_init,1.277173,0,0
1,run10_initcall.txt,cpumask_kfunc_init,1.27956,0,10
1,run10_initcall.txt,crypto_kfunc_init,1.281739,0,0
1,run10_initcall.txt,bpf_kmem_cache_iter_init,1.283925,0,0
1,run10_initcall.txt,dmabuf_iter_init,1.286124,0,0
1,run10_initcall.txt,load_system_certificate_list,1.289403,0,1091
1,run10_initcall.txt,init_lru_gen,1.291679,0,32
1,run10_initcall.txt,vmstat_late_init,1.293921,0,2
1,run10_initcall.txt,fault_around_debugfs,1.296106,0,2
1,run10_initcall.txt,slab_sysfs_init,1.302099,0,3785
1,run10_initcall.txt,max_swapfiles_check,1.30434,0,0
1,run10_initcall.txt,zswap_init,1.30651,0,0
1,run10_initcall.txt,mempolicy_sysfs_init,1.308692,0,14
1,run10_initcall.txt,memory_tier_late_init,1.313101,0,2229
1,run10_initcall.txt,check_early_ioremap_leak,1.315293,0,0
1,run10_initcall.txt,mg_debugfs_init,1.317479,0,13
1,run10_initcall.txt,fscrypt_init,1.321916,0,2248
1,run10_initcall.txt,pstore_init,1.324083,0,9
1,run10_initcall.txt,init_root_keyring,1.32628,0,35
1,run10_initcall.txt,init_profile_hash,1.328409,0,0
1,run10_initcall.txt,integrity_fs_init,1.330609,0,9
1,run10_initcall.txt,crypto_algapi_init,1.332778,0,7
1,run10_initcall.txt,blk_timeout_init,1.33496,0,0
1,run10_initcall.txt,depot_debugfs_init,1.337134,0,5
1,run10_initcall.txt,pci_resource_alignment_sysfs_init,1.339338,0,4
1,run10_initcall.txt,pci_sysfs_init,1.34154,0,11
1,run10_initcall.txt,clk_debug_init,1.344069,0,328
1,run10_initcall.txt,genpd_debug_init,1.346599,0,342
1,run10_initcall.txt,sync_state_resume_initcall,1.348829,0,0
1,run10_initcall.txt,deferred_probe_initcall,1.414727,0,63657
1,run10_initcall.txt,efi_shutdown_init,1.421123,-19,0
1,run10_initcall.txt,efi_earlycon_unmap_fb,1.423192,0,0
1,run10_initcall.txt,psci_debugfs_init,1.425243,0,0
1,run10_initcall.txt,of_cfs_init,1.429344,0,2010
1,run10_initcall.txt,of_fdt_raw_init,1.431416,0,28
1,run10_initcall.txt,bpf_kfunc_init,1.433446,0,2
1,run10_initcall.txt,init_subsystem,1.435511,0,0
1,run10_initcall.txt,xdp_metadata_init,1.437555,0,0
1,run10_initcall.txt,bpf_sockmap_iter_init,1.440617,0,1
1,run10_initcall.txt,bpf_sk_storage_map_iter_init,1.44266,0,0
1,run10_initcall.txt,bpf_prog_test_run_init,1.444654,0,0
1,run10_initcall.txt,bpf_dummy_struct_ops_init,1.446688,0,0
1,run10_initcall.txt,tcp_congestion_default,1.448712,0,1
1,run10_initcall.txt,inet_blackhole_dev_init,1.450732,0,5
1,run10_initcall.txt,ip_auto_config,1.452746,0,9
1,run10_initcall.txt,tcp_bpf_v4_build_proto,1.454738,0,1
1,run10_initcall.txt,udp_bpf_v4_build_proto,1.456697,0,0
1,run10_initcall.txt,bpf_tcp_ca_kfunc_init,1.459638,0,0
1,run10_initcall.txt,bpf_mptcp_kfunc_init,1.462554,0,0
1,run10_initcall.txt,fb_logo_late_init,1.464542,0,0
1,run10_initcall.txt,amba_stub_drv_init,1.46657,0,21
1,run10_initcall.txt,clk_disable_unused,1.469682,0,1070
1,run10_initcall.txt,genpd_power_off_unused,1.472934,0,1100
1,run10_initcall.txt,regulator_init_complete,1.475153,0,1
1,run10_initcall.txt,of_platform_sync_state_init,1.477397,0,15
2,run1_initcall.txt,net_inuse_init,0.016332,0,0
2,run1_initcall.txt,sock_struct_check,0.016348,0,0
2,run1_initcall.txt,init_default_flow_dissectors,0.016364,0,0
2,run1_initcall.txt,netlink_proto_init,0.016465,0,0
2,run1_initcall.txt,genl_init,0.016493,0,0
2,run1_initcall.txt,debug_monitors_init,0.016632,0,0
2,run1_initcall.txt,init_overflow_sysctl,0.016656,0,0
2,run1_initcall.txt,irq_sysfs_init,0.016777,0,0
2,run1_initcall.txt,dma_atomic_pool_init,0.017383,0,0
2,run1_initcall.txt,audit_init,0.017515,0,0
2,run1_initcall.txt,bdi_class_init,0.017548,0,0
2,run1_initcall.txt,mm_sysfs_init,0.017564,0,0
2,run1_initcall.txt,init_per_zone_wmark_min,0.017589,0,0
2,run1_initcall.txt,ramoops_init,0.017621,0,0
2,run1_initcall.txt,gpiolib_sysfs_init,0.017643,0,0
2,run1_initcall.txt,pcibus_class_init,0.017665,0,0
2,run1_initcall.txt,pci_driver_init,0.0177,0,0
2,run1_initcall.txt,amba_init,0.017725,0,0
2,run1_initcall.txt,__bcm2835_clk_driver_init,0.017747,0,0
2,run1_initcall.txt,tty_class_init,0.017767,0,0
2,run1_initcall.txt,vtconsole_class_init,0.017813,0,0
2,run1_initcall.txt,serdev_init,0.01784,0,0
2,run1_initcall.txt,iommu_dev_init,0.017862,0,0
2,run1_initcall.txt,mipi_dsi_bus_init,0.017888,0,0
2,run1_initcall.txt,devlink_class_init,0.017911,0,0
2,run1_initcall.txt,software_node_init,0.01793,0,0
2,run1_initcall.txt,regmap_initcall,0.017949,0,0
2,run1_initcall.txt,sram_init,0.017974,0,0
2,run1_initcall.txt,spi_init,0.018011,0,0
2,run1_initcall.txt,i2c_init,0.018051,0,0
2,run1_initcall.txt,thermal_init,0.018086,0,0
2,run1_initcall.txt,init_menu,0.018131,0,0
2,run1_initcall.txt,efipostcore_init,0.018149,0,0
2,run1_initcall.txt,kobject_uevent_init,0.01817,0,0
2,run1_initcall.txt,init_uevent_helper_sysctl,0.018188,0,0
2,run1_initcall.txt,reserve_memblock_reserved_regions,0.018286,0,0
2,run1_initcall.txt,aarch32_alloc_vdso_pages,0.018306,0,0
2,run1_initcall.txt,vdso_init,0.018322,0,0
2,run1_initcall.txt,arm64_create_dummy_rsi_dev,0.018338,0,0
2,run1_initcall.txt,arch_hw_breakpoint_init,0.018403,0,0
2,run1_initcall.txt,adjust_protection_map,0.018427,0,0
2,run1_initcall.txt,asids_update_limit,0.018453,0,0
2,run1_initcall.txt,kcmp_cookies_init,0.018472,0,0
2,run1_initcall.txt,dma_channel_table_init,0.018498,0,0
2,run1_initcall.txt,dma_bus_init,0.018607,0,0
2,run1_initcall.txt,brcmstb_soc_device_init,0.018912,0,0
2,run1_initcall.txt,serial_base_init,0.018964,0,0
2,run1_initcall.txt,pl011_init,0.019005,0,0
2,run1_initcall.txt,iommu_dma_init,0.019035,0,0
2,run1_initcall.txt,dmi_id_init,0.019053,-19,0
2,run1_initcall.txt,bcm2835_mbox_init,0.019078,0,0
2,run1_initcall.txt,of_platform_default_populate_init,0.040096,0,24000
2,run1_initcall.txt,register_mte_tcf_preferred_sysctl,0.040198,0,0
2,run1_initcall.txt,init_fork_sysctl,0.040228,0,0
2,run1_initcall.txt,uid_cache_init,0.040275,0,0
2,run1_initcall.txt,pid_namespace_sysctl_init,0.040299,0,0
2,run1_initcall.txt,param_sysfs_init,0.040318,0,0
2,run1_initcall.txt,user_namespace_sysctl_init,0.040356,0,0
2,run1_initcall.txt,proc_schedstat_init,0.040379,0,0
2,run1_initcall.txt,init_rtmutex_sysctl,0.040396,0,0
2,run1_initcall.txt,pm_sysrq_init,0.040442,0,0
2,run1_initcall.txt,init_rcu_stall_sysctl,0.040462,0,0
2,run1_initcall.txt,init_module_sysctl,0.04048,0,0
2,run1_initcall.txt,create_proc_profile,0.040497,0,0
2,run1_initcall.txt,cgroup_sysfs_init,0.040516,0,0
2,run1_initcall.txt,user_namespaces_init,0.040543,0,0
2,run1_initcall.txt,hung_task_init,0.04064,0,0
2,run1_initcall.txt,dev_map_init,0.040658,0,0
2,run1_initcall.txt,netns_bpf_init,0.040673,0,0
2,run1_initcall.txt,oom_init,0.040729,0,0
2,run1_initcall.txt,init_user_buckets,0.040743,0,0
2,run1_initcall.txt,init_vm_util_sysctls,0.040763,0,0
2,run1_initcall.txt,default_bdi_init,0.040862,0,0
2,run1_initcall.txt,cgwb_init,0.040882,0,0
2,run1_initcall.txt,percpu_enable_async,0.040896,0,0
2,run1_initcall.txt,kcompactd_init,0.040998,0,0
2,run1_initcall.txt,init_mm_sysctl,0.041017,0,0
2,run1_initcall.txt,init_user_reserve,0.041032,0,0
2,run1_initcall.txt,init_admin_reserve,0.041046,0,0
2,run1_initcall.txt,init_reserve_notifier,0.04106,0,0
2,run1_initcall.txt,swap_init,0.041081,0,0
2,run1_initcall.txt,swapfile_init,0.041103,0,0
2,run1_initcall.txt,memory_tier_init,0.041147,0,0
2,run1_initcall.txt,numa_init_sysfs,0.041167,0,0
2,run1_initcall.txt,mem_cgroup_swap_init,0.041185,0,0
2,run1_initcall.txt,init_msg_buckets,0.041202,0,0
2,run1_initcall.txt,init_bio,0.041248,0,0
2,run1_initcall.txt,blk_ioc_init,0.041268,0,0
2,run1_initcall.txt,blk_mq_init,0.041286,0,0
2,run1_initcall.txt,genhd_device_init,0.041374,0,0
2,run1_initcall.txt,blkcg_punt_bio_init,0.041471,0,0
2,run1_initcall.txt,blk_integrity_auto_init,0.041535,0,0
2,run1_initcall.txt,io_wq_init,0.041555,0,0
2,run1_initcall.txt,crc_t10dif_mod_init,0.041581,0,0
2,run1_initcall.txt,sha256_mod_init,0.0416,0,0
2,run1_initcall.txt,sha512_mod_init,0.041617,0,0
2,run1_initcall.txt,sg_pool_init,0.041648,0,0
2,run1_initcall.txt,gpiolib_debugfs_init,0.041669,0,0
2,run1_initcall.txt,stmpe_gpio_init,0.041737,0,0
2,run1_initcall.txt,pwm_init,0.041759,0,0
2,run1_initcall.txt,leds_init,0.041785,0,0
2,run1_initcall.txt,pci_slot_init,0.041804,0,0
2,run1_initcall.txt,fbmem_init,0.041863,0,0
2,run1_initcall.txt,bcm2835_dma_init,0.042551,0,0
2,run1_initcall.txt,regulator_fixed_voltage_init,0.042617,0,0
2,run1_initcall.txt,gpio_regulator_init,0.042668,0,0
2,run1_initcall.txt,init_sysrq_sysctl,0.042693,0,0
2,run1_initcall.txt,misc_init,0.042719,0,0
2,run1_initcall.txt,iommu_subsys_init,0.042751,0,0
2,run1_initcall.txt,register_cpu_capacity_sysctl,0.043074,0,0
2,run1_initcall.txt,dma_buf_init,0.043151,0,0
2,run1_initcall.txt,dma_heap_init,0.043178,0,0
2,run1_initcall.txt,init_scsi,0.043266,0,0
2,run1_initcall.txt,mdio_bus_init,0.043292,0,0
2,run1_initcall.txt,phy_init,0.04333,0,0
2,run1_initcall.txt,usb_common_init,0.043346,0,0
2,run1_initcall.txt,usb_init,0.043445,0,0
2,run1_initcall.txt,usb_phy_generic_init,0.04357,0,0
2,run1_initcall.txt,usb_udc_init,0.043602,0,0
2,run1_initcall.txt,usb_roles_init,0.043621,0,0
2,run1_initcall.txt,input_init,0.043645,0,0
2,run1_initcall.txt,rtc_init,0.043663,0,0
2,run1_initcall.txt,rc_core_init,0.043688,0,0
2,run1_initcall.txt,pps_init,0.043723,0,0
2,run1_initcall.txt,ptp_init,0.043747,0,0
2,run1_initcall.txt,power_supply_class_init,0.043776,0,0
2,run1_initcall.txt,hwmon_init,0.043798,0,0
2,run1_initcall.txt,mmc_init,0.043839,0,0
2,run1_initcall.txt,dmi_init,0.043857,0,0
2,run1_initcall.txt,efisubsys_init,0.043872,0,0
2,run1_initcall.txt,arm_pmu_hp_init,0.043889,0,0
2,run1_initcall.txt,ras_init,0.04391,0,0
2,run1_initcall.txt,nvmem_init,0.043942,0,0
2,run1_initcall.txt,init_soundcore,0.043962,0,0
2,run1_initcall.txt,proto_init,0.043981,0,0
2,run1_initcall.txt,net_dev_init,0.044195,0,4000
2,run1_initcall.txt,neigh_init,0.044215,0,0
2,run1_initcall.txt,fib_notifier_init,0.044232,0,0
2,run1_initcall.txt,netdev_genl_init,0.044269,0,0
2,run1_initcall.txt,page_pool_user_init,0.044286,0,0
2,run1_initcall.txt,fib_rules_init,0.044304,0,0
2,run1_initcall.txt,init_cgroup_netprio,0.044319,0,0
2,run1_initcall.txt,bpf_lwt_init,0.044335,0,0
2,run1_initcall.txt,pktsched_init,0.044357,0,0
2,run1_initcall.txt,tc_filter_init,0.044386,0,0
2,run1_initcall.txt,tc_action_init,0.044403,0,0
2,run1_initcall.txt,ethnl_init,0.044476,0,0
2,run1_initcall.txt,nexthop_init,0.044498,0,0
2,run1_initcall.txt,devlink_init,0.044575,0,0
2,run1_initcall.txt,wireless_nlevent_init,0.044595,0,0
2,run1_initcall.txt,vsprintf_init_hashval,0.044613,0,0
2,run1_initcall.txt,init_32bit_el0_mask,0.044628,0,0
2,run1_initcall.txt,vga_arb_device_init,0.04476,0,0
2,run1_initcall.txt,watchdog_init,0.044867,0,0
2,run1_initcall.txt,create_debug_debugfs_entry,0.044965,0,0
2,run1_initcall.txt,iomem_init_inode,0.045004,0,0
2,run1_initcall.txt,clocksource_done_booting,0.04505,0,12
2,run1_initcall.txt,bpf_init,0.045073,0,5
2,run1_initcall.txt,secretmem_init,0.045101,0,10
2,run1_initcall.txt,init_fs_stat_sysctls,0.045129,0,9
2,run1_initcall.txt,init_fs_exec_sysctls,0.045147,0,1
2,run1_initcall.txt,init_pipe_fs,0.045176,0,11
2,run1_initcall.txt,init_fs_namei_sysctls,0.045197,0,2
2,run1_initcall.txt,init_fs_dcache_sysctls,0.045221,0,6
2,run1_initcall.txt,init_fs_namespace_sysctls,0.045239,0,1
2,run1_initcall.txt,cgroup_writeback_init,0.04526,0,7
2,run1_initcall.txt,inotify_user_setup,0.045288,0,13
2,run1_initcall.txt,eventpoll_init,0.045316,0,14
2,run1_initcall.txt,anon_inode_init,0.045341,0,9
2,run1_initcall.txt,proc_locks_init,0.045358,0,3
2,run1_initcall.txt,backing_aio_init,0.045374,0,2
2,run1_initcall.txt,init_fs_coredump_sysctls,0.045395,0,6
2,run1_initcall.txt,init_vm_drop_caches_sysctls,0.045412,0,2
2,run1_initcall.txt,iomap_dio_init,0.045449,0,21
2,run1_initcall.txt,iomap_ioend_init,0.045483,0,20
2,run1_initcall.txt,dquot_init,0.045623,0,125
2,run1_initcall.txt,proc_cmdline_init,0.045643,0,2
2,run1_initcall.txt,proc_consoles_init,0.045659,0,1
2,run1_initcall.txt,proc_cpuinfo_init,0.045676,0,1
2,run1_initcall.txt,proc_devices_init,0.04569,0,0
2,run1_initcall.txt,proc_interrupts_init,0.045705,0,1
2,run1_initcall.txt,proc_loadavg_init,0.04572,0,0
2,run1_initcall.txt,proc_meminfo_init,0.045734,0,0
2,run1_initcall.txt,proc_stat_init,0.045748,0,1
2,run1_initcall.txt,proc_uptime_init,0.045762,0,0
2,run1_initcall.txt,proc_version_init,0.045778,0,1
2,run1_initcall.txt,proc_softirqs_init,0.045792,0,0
2,run1_initcall.txt,proc_kmsg_init,0.045807,0,1
2,run1_initcall.txt,proc_page_init,0.045823,0,2
2,run1_initcall.txt,init_ramfs_fs,0.045838,0,1
2,run1_initcall.txt,aa_create_aafs,0.045854,0,0
2,run1_initcall.txt,chr_dev_init,0.048666,0,2794
2,run1_initcall.txt,hwrng_modinit,0.048751,0,48
2,run1_initcall.txt,firmware_class_init,0.048771,0,1
2,run1_initcall.txt,sysctl_core_init,0.048816,0,27
2,run1_initcall.txt,eth_offload_init,0.048833,0,0
2,run1_initcall.txt,ipv4_offload_init,0.04885,0,1
2,run1_initcall.txt,inet_init,0.052508,0,3641
2,run1_initcall.txt,af_unix_init,0.052562,0,21
2,run1_initcall.txt,ipv6_offload_init,0.052582,0,1
2,run1_initcall.txt,init_sunrpc,0.052942,0,333
2,run1_initcall.txt,vlan_offload_init,0.052961,0,0
2,run1_initcall.txt,pci_apply_final_quirks,0.05299,0,11
2,run1_initcall.txt,populate_rootfs,0.053011,0,6
2,run1_initcall.txt,register_arm64_panic_block,0.053147,0,0
2,run1_initcall.txt,cpuinfo_regs_init,0.053242,0,80
2,run1_initcall.txt,aarch32_el0_sysfs_init,0.053262,0,0
2,run1_initcall.txt,kvm_arm_init,0.056654,0,3374
2,run1_initcall.txt,proc_execdomains_init,0.056698,0,4
2,run1_initcall.txt,register_warn_debugfs,0.056721,0,4
2,run1_initcall.txt,cpuhp_sysfs_init,0.056764,0,25
2,run1_initcall.txt,ioresources_init,0.056782,0,2
2,run1_initcall.txt,psi_proc_init,0.056797,0,0
2,run1_initcall.txt,irq_gc_init_ops,0.056812,0,0
2,run1_initcall.txt,irq_debugfs_init,0.056908,0,75
2,run1_initcall.txt,proc_modules_init,0.056927,0,2
2,run1_initcall.txt,timer_sysctl_init,0.05695,0,7
2,run1_initcall.txt,timekeeping_init_ops,0.056966,0,0
2,run1_initcall.txt,init_clocksource_sysfs,0.057059,0,77
2,run1_initcall.txt,init_timer_list_procfs,0.057081,0,1
2,run1_initcall.txt,alarmtimer_init,0.057141,0,44
2,run1_initcall.txt,clockevents_init_sysfs,0.057267,0,107
2,run1_initcall.txt,sched_clock_syscore_init,0.057286,0,0
2,run1_initcall.txt,kallsyms_init,0.057305,0,1
2,run1_initcall.txt,pid_namespaces_init,0.057346,0,23
2,run1_initcall.txt,audit_watch_init,0.057364,0,0
2,run1_initcall.txt,audit_fsnotify_init,0.057381,0,0
2,run1_initcall.txt,audit_tree_init,0.057401,0,2
2,run1_initcall.txt,seccomp_sysctl_init,0.057421,0,3
2,run1_initcall.txt,utsname_sysctl_init,0.057445,0,6
2,run1_initcall.txt,init_lstats_procfs,0.057466,0,3
2,run1_initcall.txt,perf_event_sysfs_init,0.057532,0,50
2,run1_initcall.txt,system_trusted_keyring_init,0.057561,0,14
2,run1_initcall.txt,kswapd_init,0.05774,0,163
2,run1_initcall.txt,extfrag_debug_init,0.057764,0,8
2,run1_initcall.txt,mm_compute_batch_init,0.057778,0,0
2,run1_initcall.txt,slab_proc_init,0.057796,0,2
2,run1_initcall.txt,workingset_init,0.057818,0,8
2,run1_initcall.txt,proc_vmalloc_init,0.057834,0,1
2,run1_initcall.txt,memblock_init_debugfs,0.057854,0,4
2,run1_initcall.txt,slab_debugfs_init,0.057876,0,4
2,run1_initcall.txt,procswaps_init,0.057893,0,1
2,run1_initcall.txt,zs_init,0.057909,0,0
2,run1_initcall.txt,fcntl_init,0.057928,0,2
2,run1_initcall.txt,proc_filesystems_init,0.057948,0,1
2,run1_initcall.txt,start_dirtytime_writeback,0.057968,0,4
2,run1_initcall.txt,dio_init,0.057982,0,1
2,run1_initcall.txt,dnotify_init,0.058009,0,13
2,run1_initcall.txt,fanotify_user_setup,0.058033,0,9
2,run1_initcall.txt,aio_setup,0.058079,0,32
2,run1_initcall.txt,mbcache_init,0.058099,0,5
2,run1_initcall.txt,init_grace,0.058115,0,2
2,run1_initcall.txt,init_devpts_fs,0.058139,0,9
2,run1_initcall.txt,ext4_init_fs,0.058287,0,132
2,run1_initcall.txt,journal_init,0.058321,0,18
2,run1_initcall.txt,init_fat_fs,0.058343,0,6
2,run1_initcall.txt,init_vfat_fs,0.058358,0,1
2,run1_initcall.txt,init_msdos_fs,0.058373,0,0
2,run1_initcall.txt,init_nfs_fs,0.058531,0,143
2,run1_initcall.txt,init_nfs_v2,0.058552,0,0
2,run1_initcall.txt,init_nfs_v3,0.058567,0,0
2,run1_initcall.txt,init_nfs_v4,0.058609,0,28
2,run1_initcall.txt,nfs4filelayout_init,0.05863,0,5
2,run1_initcall.txt,nfs4flexfilelayout_init,0.058651,0,6
2,run1_initcall.txt,init_nlm,0.058694,0,27
2,run1_initcall.txt,init_nls_cp437,0.058711,0,0
2,run1_initcall.txt,init_nls_ascii,0.058726,0,0
2,run1_initcall.txt,init_autofs_fs,0.058826,0,84
2,run1_initcall.txt,init_f2fs_fs,0.05896,0,116
2,run1_initcall.txt,ipc_init,0.058991,0,12
2,run1_initcall.txt,ipc_sysctl_init,0.059024,0,17
2,run1_initcall.txt,init_mqueue_fs,0.059075,0,36
2,run1_initcall.txt,key_proc_init,0.059095,0,3
2,run1_initcall.txt,bpf_crypto_skcipher_init,0.059112,0,0
2,run1_initcall.txt,dh_init,0.059132,0,2
2,run1_initcall.txt,rsa_init,0.05915,0,1
2,run1_initcall.txt,cryptomgr_init,0.059166,0,0
2,run1_initcall.txt,hmac_module_init,0.059183,0,0
2,run1_initcall.txt,crypto_sha256_mod_init,0.059203,0,4
2,run1_initcall.txt,crypto_ecb_module_init,0.059219,0,0
2,run1_initcall.txt,crypto_cbc_module_init,0.059235,0,0
2,run1_initcall.txt,crypto_cts_module_init,0.059252,0,0
2,run1_initcall.txt,xts_module_init,0.059268,0,0
2,run1_initcall.txt,des_generic_mod_init,0.059286,0,1
2,run1_initcall.txt,aes_init,0.059303,0,0
2,run1_initcall.txt,lzo_mod_init,0.059319,0,1
2,run1_initcall.txt,lzorle_mod_init,0.059336,0,0
2,run1_initcall.txt,asymmetric_key_init,0.059357,0,5
2,run1_initcall.txt,x509_key_init,0.059378,0,5
2,run1_initcall.txt,crypto_kdf108_init,0.059394,0,0
2,run1_initcall.txt,blkdev_init,0.059423,0,12
2,run1_initcall.txt,proc_genhd_init,0.059444,0,2
2,run1_initcall.txt,bsg_init,0.059475,0,15
2,run1_initcall.txt,throtl_init,0.059558,0,66
2,run1_initcall.txt,deadline_init,0.059583,0,5
2,run1_initcall.txt,kyber_init,0.059604,0,4
2,run1_initcall.txt,bfq_init,0.05964,0,19
2,run1_initcall.txt,io_uring_init,0.059681,0,24
2,run1_initcall.txt,percpu_counter_startup,0.05974,0,39
2,run1_initcall.txt,audit_classes_init,0.059769,0,3
2,run1_initcall.txt,gicv5_iwb_platform_driver_init,0.059852,0,67
2,run1_initcall.txt,mip_msi_driver_init,0.059899,0,31
2,run1_initcall.txt,bcm7038_l1_driver_init,0.05994,0,26
2,run1_initcall.txt,bcm7120_l2_driver_init,0.059985,0,30
2,run1_initcall.txt,brcmstb_l2_driver_init,0.060049,0,49
2,run1_initcall.txt,simple_pm_bus_driver_init,0.060601,0,536
2,run1_initcall.txt,phy_core_init,0.060634,0,16
2,run1_initcall.txt,brcm_usb_driver_init,0.060697,0,48
2,run1_initcall.txt,rp1_pinctrl_driver_init,0.060737,0,26
2,run1_initcall.txt,bcm2835_pinctrl_driver_init,0.061537,0,785
2,run1_initcall.txt,bcm2712_pinctrl_driver_init,0.061595,0,39
2,run1_initcall.txt,brcmvirt_gpio_driver_init,0.061639,0,28
2,run1_initcall.txt,brcmstb_gpio_driver_init,0.061686,0,27
2,run1_initcall.txt,rpi_exp_gpio_driver_init,0.06205,0,348
2,run1_initcall.txt,brcmstb_pwm_driver_init,0.062094,0,28
2,run1_initcall.txt,rp1_pwm_driver_init,0.062136,0,27
2,run1_initcall.txt,gpio_led_driver_init,0.06385,0,1699
2,run1_initcall.txt,led_pwm_driver_init,0.063902,0,34
2,run1_initcall.txt,timer_led_trigger_init,0.063917,0,1
2,run1_initcall.txt,oneshot_led_trigger_init,0.063932,0,0
2,run1_initcall.txt,heartbeat_trig_init,0.063948,0,2
2,run1_initcall.txt,bl_led_trigger_init,0.063965,0,0
2,run1_initcall.txt,ledtrig_cpu_init,0.064026,0,47
2,run1_initcall.txt,defon_led_trigger_init,0.064069,0,28
2,run1_initcall.txt,input_trig_init,0.064086,0,1
2,run1_initcall.txt,ledtrig_panic_init,0.0641,0,1
2,run1_initcall.txt,actpwr_trig_init,0.064242,0,128
2,run1_initcall.txt,pcie_portdrv_init,0.064312,0,52
2,run1_initcall.txt,pci_proc_init,0.064334,0,7
2,run1_initcall.txt,brcm_pcie_driver_init,0.17788,0,113531
2,run1_initcall.txt,bcm2708_fb_init,0.190039,0,12138
2,run1_initcall.txt,simplefb_driver_init,0.190131,0,42
2,run1_initcall.txt,of_fixed_factor_clk_driver_init,0.190211,0,27
2,run1_initcall.txt,of_fixed_clk_driver_init,0.190282,0,26
2,run1_initcall.txt,gpio_clk_driver_init,0.19036,0,34
2,run1_initcall.txt,gated_fixed_clk_driver_init,0.190431,0,27
2,run1_initcall.txt,rp1_clk_driver_init,0.190504,0,30
2,run1_initcall.txt,rp1_sdio_clk_driver_init,0.190574,0,27
2,run1_initcall.txt,clk_dvp_driver_init,0.190644,0,27
2,run1_initcall.txt,bcm2835_aux_clk_driver_init,0.190743,0,55
2,run1_initcall.txt,raspberrypi_clk_driver_init,0.20612,0,15330
2,run1_initcall.txt,dw_driver_init,0.206203,0,37
2,run1_initcall.txt,bcm2835_power_driver_init,0.206265,0,18
2,run1_initcall.txt,rpi_power_driver_init,0.224331,0,18021
2,run1_initcall.txt,brcmstb_reset_driver_init,0.226221,0,32
2,run1_initcall.txt,brcm_rescal_reset_driver_init,0.228094,0,29
2,run1_initcall.txt,rpi_reset_driver_init,0.230932,0,1016
2,run1_initcall.txt,reset_simple_driver_init,0.232884,0,63
2,run1_initcall.txt,n_null_init,0.234767,0,0
2,run1_initcall.txt,pty_init,0.236726,0,77
2,run1_initcall.txt,sysrq_init,0.238629,0,14
2,run1_initcall.txt,serial8250_init,0.240514,-19,0
2,run1_initcall.txt,bcm2835aux_serial_driver_init,0.242429,0,34
2,run1_initcall.txt,brcmuart_init,0.244343,0,39
2,run1_initcall.txt,exar_pci_driver_init,0.246219,0,29
2,run1_initcall.txt,of_platform_serial_driver_init,0.24817,0,69
2,run1_initcall.txt,serial_pci_driver_init,0.250083,0,27
2,run1_initcall.txt,pericom8250_pci_driver_init,0.251984,0,18
2,run1_initcall.txt,init_kgdboc,0.254867,0,1003
2,run1_initcall.txt,random_sysctls_init,0.256757,0,12
2,run1_initcall.txt,ttyprintk_init,0.258721,0,66
2,run1_initcall.txt,bcm2835_rng_driver_init,0.260662,0,50
2,run1_initcall.txt,bcm74110_rng_driver_init,0.262613,0,31
2,run1_initcall.txt,iproc_rng200_driver_init,0.266817,0,2232
2,run1_initcall.txt,smccc_trng_driver_init,0.268897,0,21
2,run1_initcall.txt,vc_mem_init,0.272198,0,1189
2,run1_initcall.txt,vcio_driver_init,0.275784,0,1387
2,run1_initcall.txt,bcm2712_iommu_driver_init,0.278089,0,33
2,run1_initcall.txt,bcm2712_iommu_cache_driver_init,0.280399,0,30
2,run1_initcall.txt,topology_sysfs_init,0.282818,0,60
2,run1_initcall.txt,cacheinfo_sysfs_init,0.285436,0,231
2,run1_initcall.txt,devcoredump_init,0.287848,0,8
2,run1_initcall.txt,brd_init,0.294925,0,4701
2,run1_initcall.txt,loop_init,0.300826,0,3562
2,run1_initcall.txt,bcm2835_pm_driver_init,0.304452,0,1270
2,run1_initcall.txt,stmpe_i2c_driver_init,0.3068,0,14
2,run1_initcall.txt,stmpe_spi_driver_init,0.309141,0,16
2,run1_initcall.txt,rp1_driver_init,0.311487,0,26
2,run1_initcall.txt,system_heap_create,0.313852,0,80
2,run1_initcall.txt,add_default_cma_heap,0.316277,0,82
2,run1_initcall.txt,udmabuf_dev_init,0.318654,0,43
2,run1_initcall.txt,iscsi_transport_init,0.322356,0,1381
2,run1_initcall.txt,init_sd,0.32472,0,25
2,run1_initcall.txt,nvme_core_init,0.327296,0,236
2,run1_initcall.txt,nvme_init,0.329634,0,30
2,run1_initcall.txt,blackhole_netdev_init,0.331993,0,24
2,run1_initcall.txt,netkit_init,0.334315,0,6
2,run1_initcall.txt,phylink_init,0.336628,0,0
2,run1_initcall.txt,phy_module_init,0.339116,0,164
2,run1_initcall.txt,phy_module_init,0.341598,0,169
2,run1_initcall.txt,fixed_mdio_bus_init,0.344061,0,146
2,run1_initcall.txt,phy_module_init,0.34651,0,162
2,run1_initcall.txt,phy_module_init,0.34883,0,17
2,run1_initcall.txt,phy_module_init,0.351177,0,60
2,run1_initcall.txt,unimac_mdio_driver_init,0.353545,0,89
2,run1_initcall.txt,macb_driver_init,0.355903,0,83
2,run1_initcall.txt,bcmgenet_driver_init,0.553971,0,195796
2,run1_initcall.txt,bcmasp_driver_init,0.556303,0,59
2,run1_initcall.txt,lan78xx_driver_init,0.559762,0,1178
2,run1_initcall.txt,smsc95xx_driver_init,0.563228,0,1167
2,run1_initcall.txt,usbnet_init,0.565543,0,0
2,run1_initcall.txt,xhci_hcd_init,0.567862,0,12
2,run1_initcall.txt,xhci_pci_init,0.693866,0,123706
2,run1_initcall.txt,xhci_plat_init,0.696095,0,89
2,run1_initcall.txt,dwc_otg_driver_init,0.702624,0,4351
2,run1_initcall.txt,dwc_common_port_init_module,0.705973,0,1208
2,run1_initcall.txt,dwc3_driver_init,0.708175,0,50
2,run1_initcall.txt,dwc3_haps_driver_init,0.710353,0,24
2,run1_initcall.txt,dwc3_of_simple_driver_init,0.712495,0,46
2,run1_initcall.txt,dwc3_generic_driver_init,0.714678,0,35
2,run1_initcall.txt,dwc2_platform_driver_init,0.716916,0,104
2,run1_initcall.txt,uas_init,0.72018,0,1141
2,run1_initcall.txt,usb_storage_driver_init,0.723375,0,1073
2,run1_initcall.txt,brcmstb_usb_pinmap_init,0.725534,-19,51
2,run1_initcall.txt,bdc_driver_init,0.727684,0,40
2,run1_initcall.txt,input_leds_init,0.729771,0,1
2,run1_initcall.txt,mousedev_init,0.733051,0,1165
2,run1_initcall.txt,evdev_init,0.735222,0,0
2,run1_initcall.txt,brcmstb_waketmr_driver_init,0.737413,0,36
2,run1_initcall.txt,rpi_rtc_driver_init,0.739612,0,34
2,run1_initcall.txt,init_rc_map_adstech_dvb_t_pci,0.741776,0,0
2,run1_initcall.txt,init_rc_map_alink_dtu_m,0.74393,0,0
2,run1_initcall.txt,init_rc_map_anysee,0.746056,0,0
2,run1_initcall.txt,init_rc_map_apac_viewcomp,0.748231,0,0
2,run1_initcall.txt,init_rc_map_t2hybrid,0.750419,0,0
2,run1_initcall.txt,init_rc_map_asus_pc39,0.752586,0,0
2,run1_initcall.txt,init_rc_map_asus_ps3_100,0.754757,0,0
2,run1_initcall.txt,init_rc_map_ati_tv_wonder_hd_600,0.756931,0,0
2,run1_initcall.txt,init_rc_map_ati_x10,0.759122,0,0
2,run1_initcall.txt,init_rc_map_avermedia_a16d,0.761334,0,0
2,run1_initcall.txt,init_rc_map_avermedia_cardbus,0.763503,0,0
2,run1_initcall.txt,init_rc_map_avermedia_dvbt,0.765708,0,0
2,run1_initcall.txt,init_rc_map_avermedia_m135a,0.767913,0,0
2,run1_initcall.txt,init_rc_map_avermedia_m733a_rm_k6,0.770134,0,0
2,run1_initcall.txt,init_rc_map_avermedia,0.772349,0,0
2,run1_initcall.txt,init_rc_map_avermedia_rm_ks,0.774563,0,0
2,run1_initcall.txt,init_rc_map_avertv_303,0.776776,0,0
2,run1_initcall.txt,init_rc_map_azurewave_ad_tu700,0.778948,0,0
2,run1_initcall.txt,init_rc_map_beelink_gs1,0.781153,0,0
2,run1_initcall.txt,init_rc_map_beelink_mxiii,0.783352,0,0
2,run1_initcall.txt,init_rc_map_behold_columbus,0.785556,0,0
2,run1_initcall.txt,init_rc_map_behold,0.787751,0,0
2,run1_initcall.txt,init_rc_map_budget_ci_old,0.789934,0,0
2,run1_initcall.txt,init_rc_map_cinergy_1400,0.792104,0,0
2,run1_initcall.txt,init_rc_map_cinergy,0.794259,0,0
2,run1_initcall.txt,init_rc_map_ct_90405,0.796368,0,0
2,run1_initcall.txt,init_rc_map_d680_dmb,0.798522,0,0
2,run1_initcall.txt,init_rc_map_delock_61959,0.800642,0,0
2,run1_initcall.txt,init_rc_map,0.802756,0,0
2,run1_initcall.txt,init_rc_map,0.804878,0,0
2,run1_initcall.txt,init_rc_map_digitalnow_tinytwin,0.806995,0,0
2,run1_initcall.txt,init_rc_map_digittrade,0.809114,0,0
2,run1_initcall.txt,init_rc_map_dm1105_nec,0.811211,0,0
2,run1_initcall.txt,init_rc_map_dntv_live_dvb_t,0.813288,0,0
2,run1_initcall.txt,init_rc_map_dntv_live_dvbt_pro,0.815432,0,0
2,run1_initcall.txt,init_rc_map_dreambox,0.817572,0,0
2,run1_initcall.txt,init_rc_map_dtt200u,0.819674,0,0
2,run1_initcall.txt,init_rc_map_rc5_dvbsky,0.821773,0,0
2,run1_initcall.txt,init_rc_map_dvico_mce,0.823866,0,0
2,run1_initcall.txt,init_rc_map_dvico_portable,0.825959,0,0
2,run1_initcall.txt,init_rc_map_em_terratec,0.828036,0,0
2,run1_initcall.txt,init_rc_map_encore_enltv2,0.830112,0,0
2,run1_initcall.txt,init_rc_map_encore_enltv_fm53,0.832219,0,0
2,run1_initcall.txt,init_rc_map_encore_enltv,0.834344,0,0
2,run1_initcall.txt,init_rc_map_evga_indtube,0.836428,0,0
2,run1_initcall.txt,init_rc_map_eztv,0.838507,0,0
2,run1_initcall.txt,init_rc_map_flydvb,0.840573,0,0
2,run1_initcall.txt,init_rc_map_flyvideo,0.842633,0,0
2,run1_initcall.txt,init_rc_map_fusionhdtv_mce,0.844688,0,0
2,run1_initcall.txt,init_rc_map_gadmei_rm008z,0.8467,0,0
2,run1_initcall.txt,init_rc_map_geekbox,0.848733,0,0
2,run1_initcall.txt,init_rc_map_genius_tvgo_a11mce,0.850776,0,0
2,run1_initcall.txt,init_rc_map_gotview7135,0.852818,0,0
2,run1_initcall.txt,init_rc_map_rc5_hauppauge_new,0.854877,0,0
2,run1_initcall.txt,init_rc_map_hisi_poplar,0.856932,0,0
2,run1_initcall.txt,init_rc_map_hisi_tv_demo,0.859,0,0
2,run1_initcall.txt,init_rc_map_imon_mce,0.861058,0,0
2,run1_initcall.txt,init_rc_map_imon_pad,0.863079,0,0
2,run1_initcall.txt,init_rc_map_imon_rsc,0.865128,0,0
2,run1_initcall.txt,init_rc_map_iodata_bctv7e,0.867158,0,0
2,run1_initcall.txt,init_rc_it913x_v1_map,0.869196,0,0
2,run1_initcall.txt,init_rc_it913x_v2_map,0.871227,0,0
2,run1_initcall.txt,init_rc_map_kaiomy,0.873254,0,0
2,run1_initcall.txt,init_rc_map_khadas,0.875274,0,0
2,run1_initcall.txt,init_rc_map_khamsin,0.877293,0,0
2,run1_initcall.txt,init_rc_map_kworld_315u,0.879262,0,0
2,run1_initcall.txt,init_rc_map_kworld_pc150u,0.881268,0,0
2,run1_initcall.txt,init_rc_map_kworld_plus_tv_analog,0.883264,0,0
2,run1_initcall.txt,init_rc_map_leadtek_y04g0051,0.885276,0,0
2,run1_initcall.txt,init_rc_lme2510_map,0.887283,0,0
2,run1_initcall.txt,init_rc_map_manli,0.889309,0,0
2,run1_initcall.txt,init_rc_map_mecool_kiii_pro,0.891345,0,0
2,run1_initcall.txt,init_rc_map_mecool_kii_pro,0.893378,0,0
2,run1_initcall.txt,init_rc_map_medion_x10_digitainer,0.895381,0,0
2,run1_initcall.txt,init_rc_map_medion_x10,0.897428,0,0
2,run1_initcall.txt,init_rc_map_medion_x10_or2x,0.899457,0,0
2,run1_initcall.txt,init_rc_map_minix_neo,0.901482,0,0
2,run1_initcall.txt,init_rc_map_msi_digivox_iii,0.903524,0,0
2,run1_initcall.txt,init_rc_map_msi_digivox_ii,0.905581,0,0
2,run1_initcall.txt,init_rc_map_msi_tvanywhere,0.907635,0,0
2,run1_initcall.txt,init_rc_map_msi_tvanywhere_plus,0.909687,0,0
2,run1_initcall.txt,init_rc_map_mygica_utv3,0.91172,0,0
2,run1_initcall.txt,init_rc_map_nebula,0.913748,0,0
2,run1_initcall.txt,init_rc_map_nec_terratec_cinergy_xs,0.915786,0,0
2,run1_initcall.txt,init_rc_map_norwood,0.917834,0,0
2,run1_initcall.txt,init_rc_map_npgtech,0.919862,0,0
2,run1_initcall.txt,init_rc_map_odroid,0.921893,0,0
2,run1_initcall.txt,init_rc_map_pctv_sedna,0.923904,0,0
2,run1_initcall.txt,init_rc_map_pine64,0.925929,0,0
2,run1_initcall.txt,init_rc_map_pinnacle_color,0.927961,0,0
2,run1_initcall.txt,init_rc_map_pinnacle_grey,0.929952,0,0
2,run1_initcall.txt,init_rc_map_pinnacle_pctv_hd,0.931979,0,0
2,run1_initcall.txt,init_rc_map_pixelview,0.934014,0,0
2,run1_initcall.txt,init_rc_map_pixelview,0.937094,0,0
2,run1_initcall.txt,init_rc_map_pixelview_new,0.939164,0,0
2,run1_initcall.txt,init_rc_map_pixelview,0.941238,0,0
2,run1_initcall.txt,init_rc_map_powercolor_real_angel,0.94332,0,0
2,run1_initcall.txt,init_rc_map_proteus_2309,0.945382,0,0
2,run1_initcall.txt,init_rc_map_purpletv,0.947457,0,0
2,run1_initcall.txt,init_rc_map_pv951,0.949541,0,0
2,run1_initcall.txt,init_rc_map_rc6_mce,0.951619,0,0
2,run1_initcall.txt,init_rc_map_real_audio_220_32_keys,0.953698,0,0
2,run1_initcall.txt,init_rc_map_reddo,0.955781,0,0
2,run1_initcall.txt,init_rc_map_siemens_gigaset_rc20,0.957876,0,0
2,run1_initcall.txt,init_rc_map_snapstream_firefly,0.959972,0,0
2,run1_initcall.txt,init_rc_map_streamzap,0.962058,0,0
2,run1_initcall.txt,init_rc_map_su3000,0.96417,0,0
2,run1_initcall.txt,init_rc_map_tanix_tx3mini,0.966293,0,0
2,run1_initcall.txt,init_rc_map_tanix_tx5max,0.9684,0,0
2,run1_initcall.txt,init_rc_map_tbs_nec,0.970525,0,0
2,run1_initcall.txt,init_rc_map,0.972655,0,0
2,run1_initcall.txt,init_rc_map,0.974791,0,0
2,run1_initcall.txt,init_rc_map_terratec_cinergy_c_pci,0.976923,0,0
2,run1_initcall.txt,init_rc_map_terratec_cinergy_s2_hd,0.979025,0,0
2,run1_initcall.txt,init_rc_map_terratec_cinergy_xs,0.981159,0,0
2,run1_initcall.txt,init_rc_map_terratec_slim_2,0.983283,0,0
2,run1_initcall.txt,init_rc_map_terratec_slim,0.985417,0,0
2,run1_initcall.txt,init_rc_map_tevii_nec,0.987563,0,0
2,run1_initcall.txt,init_rc_map_tivo,0.989722,0,0
2,run1_initcall.txt,init_rc_map_total_media_in_hand_02,0.991885,0,0
2,run1_initcall.txt,init_rc_map_total_media_in_hand,0.994068,0,0
2,run1_initcall.txt,init_rc_map_trekstor,0.996198,0,0
2,run1_initcall.txt,init_rc_map_tt_1500,0.998378,0,0
2,run1_initcall.txt,init_rc_map_twinhan_vp1027,1.000531,0,0
2,run1_initcall.txt,init_rc_map_twinhan_dtv_cab_ci,1.002684,0,0
2,run1_initcall.txt,init_rc_map_vega_s9x,1.004833,0,0
2,run1_initcall.txt,init_rc_map_videomate_k100,1.006983,0,0
2,run1_initcall.txt,init_rc_map_videomate_s350,1.009129,0,0
2,run1_initcall.txt,init_rc_map_videomate_tv_pvr,1.011258,0,0
2,run1_initcall.txt,init_rc_map_kii_pro,1.013339,0,0
2,run1_initcall.txt,init_rc_map_wetek_hub,1.015464,0,0
2,run1_initcall.txt,init_rc_map_wetek_play2,1.017585,0,0
2,run1_initcall.txt,init_rc_map_winfast,1.019711,0,0
2,run1_initcall.txt,init_rc_map_winfast_usbii_deluxe,1.021831,0,0
2,run1_initcall.txt,init_rc_map_x96max,1.023963,0,0
2,run1_initcall.txt,init_rc_map,1.02608,0,0
2,run1_initcall.txt,init_rc_map,1.028187,0,0
2,run1_initcall.txt,init_rc_map_zx_irdec,1.030258,0,0
2,run1_initcall.txt,ptp_kvm_init,1.03235,-95,0
2,run1_initcall.txt,gpio_poweroff_driver_init,1.034744,0,69
2,run1_initcall.txt,bcm2711_thermal_driver_init,1.038211,0,1364
2,run1_initcall.txt,bcm2835_thermal_driver_init,1.040373,0,42
2,run1_initcall.txt,bcm2835_wdt_driver_init,1.042531,0,22
2,run1_initcall.txt,dt_cpufreq_platdrv_init,1.044685,0,22
2,run1_initcall.txt,brcm_avs_cpufreq_platdrv_init,1.046882,0,32
2,run1_initcall.txt,raspberrypi_cpufreq_driver_init,1.051982,0,2932
2,run1_initcall.txt,mmc_pwrseq_simple_driver_init,1.054257,0,54
2,run1_initcall.txt,mmc_pwrseq_emmc_driver_init,1.056495,0,31
2,run1_initcall.txt,mmc_blk_init,1.058764,0,35
2,run1_initcall.txt,sdhci_drv_init,1.063182,0,2195
2,run1_initcall.txt,bcm2835_mmc_driver_init,1.066577,0,1162
2,run1_initcall.txt,bcm2835_driver_init,1.068863,0,32
2,run1_initcall.txt,sdhci_pltfm_drv_init,1.07239,0,1134
2,run1_initcall.txt,sdhci_iproc_driver_init,1.075893,0,76
2,run1_initcall.txt,sdhci_brcmstb_driver_init,1.075956,0,48
2,run1_initcall.txt,esrt_sysfs_init,1.075974,-38,0
2,run1_initcall.txt,smccc_devices_init,1.075983,0,0
2,run1_initcall.txt,smccc_soc_init,1.075993,0,1
2,run1_initcall.txt,arch_timer_mmio_drv_init,1.07603,0,29
2,run1_initcall.txt,arch_timer_mmio_acpi_drv_init,1.076059,0,19
2,run1_initcall.txt,hid_init,1.076135,0,68
2,run1_initcall.txt,hid_generic_init,1.076187,0,40
2,run1_initcall.txt,hid_init,1.076236,0,40
2,run1_initcall.txt,bcm74110_mbox_driver_init,1.076286,0,39
2,run1_initcall.txt,extcon_class_init,1.076305,0,8
2,run1_initcall.txt,armv8_pmu_driver_init,1.11415,0,37834
2,run1_initcall.txt,binder_init,1.117783,0,106
2,run1_initcall.txt,rpi_otp_driver_init,1.12492,0,3765
2,run1_initcall.txt,sock_diag_init,1.127234,0,69
2,run1_initcall.txt,blackhole_init,1.131559,0,1
2,run1_initcall.txt,cls_bpf_init_mod,1.133762,0,0
2,run1_initcall.txt,gre_offload_init,1.135949,0,0
2,run1_initcall.txt,sysctl_ipv4_init,1.138209,0,76
2,run1_initcall.txt,cubictcp_register,1.140359,0,2
2,run1_initcall.txt,packet_init,1.143606,0,1089
2,run1_initcall.txt,init_rpcsec_gss,1.145786,0,16
2,run1_initcall.txt,init_kerberos_module,1.147932,0,4
2,run1_initcall.txt,dcbnl_init,1.150091,0,3
2,run1_initcall.txt,init_dns_resolver,1.153278,0,1074
2,run1_initcall.txt,handshake_init,1.155458,0,33
2,run1_initcall.txt,check_mmu_enabled_at_boot,1.157619,0,0
2,run1_initcall.txt,finalize_pkvm,1.159786,0,0
2,run1_initcall.txt,kernel_do_mounts_initrd_sysctls_init,1.163074,0,8
2,run1_initcall.txt,kernel_panic_sysctls_init,1.165258,0,11
2,run1_initcall.txt,kernel_panic_sysfs_init,1.167431,0,3
2,run1_initcall.txt,kernel_exit_sysctls_init,1.169632,0,2
2,run1_initcall.txt,kernel_exit_sysfs_init,1.171841,0,2
2,run1_initcall.txt,param_sysfs_builtin_init,1.183219,0,9154
2,run1_initcall.txt,reboot_ksysfs_init,1.185565,0,23
2,run1_initcall.txt,sched_core_sysctl_init,1.187802,0,4
2,run1_initcall.txt,sched_fair_sysctl_init,1.190028,0,1
2,run1_initcall.txt,sched_rt_sysctl_init,1.192199,0,2
2,run1_initcall.txt,sched_dl_sysctl_init,1.194673,0,2
2,run1_initcall.txt,sched_init_debug,1.196872,0,90
2,run1_initcall.txt,cpu_latency_qos_init,1.199148,0,115
2,run1_initcall.txt,printk_late_init,1.201395,0,14
2,run1_initcall.txt,init_srcu_module_notifier,1.203584,0,1
2,run1_initcall.txt,kernel_rcu_stall_sysfs_init,1.206347,0,7
2,run1_initcall.txt,swiotlb_create_default_debugfs,1.208586,0,17
2,run1_initcall.txt,tk_debug_sleep_time_init,1.210831,0,2
2,run1_initcall.txt,bpf_ksym_iter_register,1.213042,0,6
2,run1_initcall.txt,kernel_acct_sysctls_init,1.2153,0,5
2,run1_initcall.txt,bpf_rstat_kfunc_init,1.217572,0,1
2,run1_initcall.txt,debugfs_kprobe_init,1.219839,0,17
2,run1_initcall.txt,kernel_delayacct_sysctls_init,1.222089,0,4
2,run1_initcall.txt,taskstats_init,1.225474,0,1138
2,run1_initcall.txt,bpf_global_ma_init,1.227856,0,140
2,run1_initcall.txt,bpf_syscall_sysctl_init,1.230173,0,5
2,run1_initcall.txt,unbound_reg_init,1.232464,0,0
2,run1_initcall.txt,kfunc_init,1.234747,0,1
2,run1_initcall.txt,bpf_map_iter_init,1.237066,0,0
2,run1_initcall.txt,init_subsystem,1.239298,0,0
2,run1_initcall.txt,task_iter_init,1.241516,0,7
2,run1_initcall.txt,bpf_prog_iter_init,1.243715,0,0
2,run1_initcall.txt,bpf_link_iter_init,1.245874,0,0
2,run1_initcall.txt,init_trampolines,1.248045,0,3
2,run1_initcall.txt,rqspinlock_register_kfuncs,1.25024,0,0
2,run1_initcall.txt,kfunc_init,1.252417,0,0
2,run1_initcall.txt,bpf_cgroup_iter_init,1.254551,0,1
2,run1_initcall.txt,cpumask_kfunc_init,1.256685,0,10
2,run1_initcall.txt,crypto_kfunc_init,1.258834,0,0
2,run1_initcall.txt,bpf_kmem_cache_iter_init,1.260984,0,0
2,run1_initcall.txt,dmabuf_iter_init,1.263105,0,0
2,run1_initcall.txt,load_system_certificate_list,1.266343,0,1075
2,run1_initcall.txt,init_lru_gen,1.268554,0,18
2,run1_initcall.txt,vmstat_late_init,1.270769,0,2
2,run1_initcall.txt,fault_around_debugfs,1.27295,0,3
2,run1_initcall.txt,slab_sysfs_init,1.279156,0,3787
2,run1_initcall.txt,max_swapfiles_check,1.28135,0,0
2,run1_initcall.txt,zswap_init,1.283481,0,0
2,run1_initcall.txt,mempolicy_sysfs_init,1.285641,0,15
2,run1_initcall.txt,memory_tier_late_init,1.29003,0,2241
2,run1_initcall.txt,check_early_ioremap_leak,1.292169,0,0
2,run1_initcall.txt,mg_debugfs_init,1.294338,0,15
2,run1_initcall.txt,fscrypt_init,1.298649,0,2214
2,run1_initcall.txt,pstore_init,1.300786,0,11
2,run1_initcall.txt,init_root_keyring,1.302964,0,33
2,run1_initcall.txt,init_profile_hash,1.305109,0,0
2,run1_initcall.txt,integrity_fs_init,1.307254,0,7
2,run1_initcall.txt,crypto_algapi_init,1.309404,0,7
2,run1_initcall.txt,blk_timeout_init,1.311536,0,0
2,run1_initcall.txt,depot_debugfs_init,1.313668,0,5
2,run1_initcall.txt,pci_resource_alignment_sysfs_init,1.315826,0,4
2,run1_initcall.txt,pci_sysfs_init,1.318017,0,13
2,run1_initcall.txt,clk_debug_init,1.320534,0,345
2,run1_initcall.txt,genpd_debug_init,1.32306,0,327
2,run1_initcall.txt,sync_state_resume_initcall,1.325268,0,0
2,run1_initcall.txt,deferred_probe_initcall,1.390727,0,63260
2,run1_initcall.txt,efi_shutdown_init,1.397006,-19,0
2,run1_initcall.txt,efi_earlycon_unmap_fb,1.39906,0,0
2,run1_initcall.txt,psci_debugfs_init,1.401084,0,0
2,run1_initcall.txt,of_cfs_init,1.407218,0,2048
2,run1_initcall.txt,of_fdt_raw_init,1.409251,0,28
2,run1_initcall.txt,bpf_kfunc_init,1.411261,0,2
2,run1_initcall.txt,init_subsystem,1.413255,0,0
2,run1_initcall.txt,xdp_metadata_init,1.415264,0,0
2,run1_initcall.txt,bpf_sockmap_iter_init,1.417267,0,1
2,run1_initcall.txt,bpf_sk_storage_map_iter_init,1.419274,0,1
2,run1_initcall.txt,bpf_prog_test_run_init,1.421292,0,0
2,run1_initcall.txt,bpf_dummy_struct_ops_init,1.424398,0,0
2,run1_initcall.txt,tcp_congestion_default,1.426489,0,1
2,run1_initcall.txt,inet_blackhole_dev_init,1.428505,0,5
2,run1_initcall.txt,ip_auto_config,1.430529,0,10
2,run1_initcall.txt,tcp_bpf_v4_build_proto,1.432536,0,0
2,run1_initcall.txt,udp_bpf_v4_build_proto,1.434517,0,0
2,run1_initcall.txt,bpf_tcp_ca_kfunc_init,1.436491,0,0
2,run1_initcall.txt,bpf_mptcp_kfunc_init,1.438456,0,0
2,run1_initcall.txt,fb_logo_late_init,1.442479,0,0
2,run1_initcall.txt,amba_stub_drv_init,1.444586,0,21
2,run1_initcall.txt,clk_disable_unused,1.44779,0,1070
2,run1_initcall.txt,genpd_power_off_unused,1.45116,0,1139
2,run1_initcall.txt,regulator_init_complete,1.453468,0,1
2,run1_initcall.txt,of_platform_sync_state_init,1.455757,0,16
3,run2_initcall.txt,sock_init,0.016481,0,4000
3,run2_initcall.txt,net_inuse_init,0.01651,0,0
3,run2_initcall.txt,sock_struct_check,0.016526,0,0
3,run2_initcall.txt,init_default_flow_dissectors,0.016542,0,0
3,run2_initcall.txt,netlink_proto_init,0.016638,0,0
3,run2_initcall.txt,genl_init,0.016667,0,0
3,run2_initcall.txt,debug_monitors_init,0.016812,0,0
3,run2_initcall.txt,init_overflow_sysctl,0.016837,0,0
3,run2_initcall.txt,irq_sysfs_init,0.01696,0,0
3,run2_initcall.txt,dma_atomic_pool_init,0.017566,0,0
3,run2_initcall.txt,audit_init,0.0177,0,0
3,run2_initcall.txt,bdi_class_init,0.017732,0,0
3,run2_initcall.txt,mm_sysfs_init,0.017749,0,0
3,run2_initcall.txt,init_per_zone_wmark_min,0.017773,0,0
3,run2_initcall.txt,ramoops_init,0.017807,0,0
3,run2_initcall.txt,gpiolib_sysfs_init,0.017829,0,0
3,run2_initcall.txt,pcibus_class_init,0.01785,0,0
3,run2_initcall.txt,pci_driver_init,0.017885,0,0
3,run2_initcall.txt,amba_init,0.017911,0,0
3,run2_initcall.txt,__bcm2835_clk_driver_init,0.017935,0,0
3,run2_initcall.txt,tty_class_init,0.017956,0,0
3,run2_initcall.txt,vtconsole_class_init,0.018003,0,0
3,run2_initcall.txt,serdev_init,0.01803,0,0
3,run2_initcall.txt,iommu_dev_init,0.018052,0,0
3,run2_initcall.txt,mipi_dsi_bus_init,0.018078,0,0
3,run2_initcall.txt,devlink_class_init,0.0181,0,0
3,run2_initcall.txt,software_node_init,0.018118,0,0
3,run2_initcall.txt,regmap_initcall,0.018138,0,0
3,run2_initcall.txt,sram_init,0.018163,0,0
3,run2_initcall.txt,spi_init,0.018201,0,0
3,run2_initcall.txt,i2c_init,0.018242,0,0
3,run2_initcall.txt,thermal_init,0.018277,0,0
3,run2_initcall.txt,init_menu,0.018318,0,0
3,run2_initcall.txt,efipostcore_init,0.018336,0,0
3,run2_initcall.txt,kobject_uevent_init,0.018357,0,0
3,run2_initcall.txt,init_uevent_helper_sysctl,0.018375,0,0
3,run2_initcall.txt,reserve_memblock_reserved_regions,0.018472,0,0
3,run2_initcall.txt,aarch32_alloc_vdso_pages,0.018492,0,0
3,run2_initcall.txt,vdso_init,0.018508,0,0
3,run2_initcall.txt,arm64_create_dummy_rsi_dev,0.018523,0,0
3,run2_initcall.txt,arch_hw_breakpoint_init,0.018587,0,0
3,run2_initcall.txt,adjust_protection_map,0.018606,0,0
3,run2_initcall.txt,asids_update_limit,0.018631,0,0
3,run2_initcall.txt,kcmp_cookies_init,0.018649,0,0
3,run2_initcall.txt,dma_channel_table_init,0.018673,0,0
3,run2_initcall.txt,dma_bus_init,0.018723,0,0
3,run2_initcall.txt,brcmstb_soc_device_init,0.019029,0,0
3,run2_initcall.txt,serial_base_init,0.019074,0,0
3,run2_initcall.txt,pl011_init,0.019117,0,0
3,run2_initcall.txt,iommu_dma_init,0.019144,0,0
3,run2_initcall.txt,dmi_id_init,0.019163,-19,0
3,run2_initcall.txt,bcm2835_mbox_init,0.019187,0,0
3,run2_initcall.txt,of_platform_default_populate_init,0.035756,0,16000
3,run2_initcall.txt,register_mte_tcf_preferred_sysctl,0.035859,0,0
3,run2_initcall.txt,init_fork_sysctl,0.035889,0,0
3,run2_initcall.txt,uid_cache_init,0.035935,0,0
3,run2_initcall.txt,pid_namespace_sysctl_init,0.035966,0,0
3,run2_initcall.txt,param_sysfs_init,0.035985,0,0
3,run2_initcall.txt,user_namespace_sysctl_init,0.036016,0,0
3,run2_initcall.txt,proc_schedstat_init,0.036045,0,0
3,run2_initcall.txt,init_rtmutex_sysctl,0.036062,0,0
3,run2_initcall.txt,pm_sysrq_init,0.036117,0,4000
3,run2_initcall.txt,init_rcu_stall_sysctl,0.036136,0,0
3,run2_initcall.txt,init_module_sysctl,0.036154,0,0
3,run2_initcall.txt,create_proc_profile,0.036171,0,0
3,run2_initcall.txt,cgroup_sysfs_init,0.036191,0,0
3,run2_initcall.txt,user_namespaces_init,0.036217,0,0
3,run2_initcall.txt,hung_task_init,0.036322,0,0
3,run2_initcall.txt,dev_map_init,0.03634,0,0
3,run2_initcall.txt,netns_bpf_init,0.036354,0,0
3,run2_initcall.txt,oom_init,0.036414,0,0
3,run2_initcall.txt,init_user_buckets,0.036428,0,0
3,run2_initcall.txt,init_vm_util_sysctls,0.036448,0,0
3,run2_initcall.txt,default_bdi_init,0.03655,0,0
3,run2_initcall.txt,cgwb_init,0.036569,0,0
3,run2_initcall.txt,percpu_enable_async,0.036582,0,0
3,run2_initcall.txt,kcompactd_init,0.036689,0,0
3,run2_initcall.txt,init_mm_sysctl,0.036706,0,0
3,run2_initcall.txt,init_user_reserve,0.036724,0,0
3,run2_initcall.txt,init_admin_reserve,0.036737,0,0
3,run2_initcall.txt,init_reserve_notifier,0.036752,0,0
3,run2_initcall.txt,swap_init,0.036776,0,0
3,run2_initcall.txt,swapfile_init,0.036797,0,0
3,run2_initcall.txt,memory_tier_init,0.036838,0,0
3,run2_initcall.txt,numa_init_sysfs,0.036858,0,0
3,run2_initcall.txt,mem_cgroup_swap_init,0.036874,0,0
3,run2_initcall.txt,init_msg_buckets,0.036891,0,0
3,run2_initcall.txt,init_bio,0.036936,0,0
3,run2_initcall.txt,blk_ioc_init,0.036956,0,0
3,run2_initcall.txt,blk_mq_init,0.036974,0,0
3,run2_initcall.txt,genhd_device_init,0.037091,0,0
3,run2_initcall.txt,blkcg_punt_bio_init,0.037185,0,0
3,run2_initcall.txt,blk_integrity_auto_init,0.037256,0,0
3,run2_initcall.txt,io_wq_init,0.037276,0,0
3,run2_initcall.txt,crc_t10dif_mod_init,0.037302,0,0
3,run2_initcall.txt,sha256_mod_init,0.037321,0,0
3,run2_initcall.txt,sha512_mod_init,0.037338,0,0
3,run2_initcall.txt,sg_pool_init,0.037368,0,0
3,run2_initcall.txt,gpiolib_debugfs_init,0.037389,0,0
3,run2_initcall.txt,stmpe_gpio_init,0.037459,0,0
3,run2_initcall.txt,pwm_init,0.037481,0,0
3,run2_initcall.txt,leds_init,0.037509,0,0
3,run2_initcall.txt,pci_slot_init,0.037528,0,0
3,run2_initcall.txt,fbmem_init,0.037592,0,0
3,run2_initcall.txt,bcm2835_dma_init,0.038264,0,0
3,run2_initcall.txt,regulator_fixed_voltage_init,0.038351,0,0
3,run2_initcall.txt,gpio_regulator_init,0.038397,0,0
3,run2_initcall.txt,init_sysrq_sysctl,0.038427,0,0
3,run2_initcall.txt,misc_init,0.038454,0,0
3,run2_initcall.txt,iommu_subsys_init,0.038485,0,0
3,run2_initcall.txt,register_cpu_capacity_sysctl,0.038823,0,0
3,run2_initcall.txt,dma_buf_init,0.038909,0,0
3,run2_initcall.txt,dma_heap_init,0.038936,0,0
3,run2_initcall.txt,init_scsi,0.039027,0,0
3,run2_initcall.txt,mdio_bus_init,0.039054,0,0
3,run2_initcall.txt,phy_init,0.039095,0,0
3,run2_initcall.txt,usb_common_init,0.039112,0,0
3,run2_initcall.txt,usb_init,0.039208,0,0
3,run2_initcall.txt,usb_phy_generic_init,0.039331,0,0
3,run2_initcall.txt,usb_udc_init,0.039361,0,0
3,run2_initcall.txt,usb_roles_init,0.039379,0,0
3,run2_initcall.txt,input_init,0.039403,0,0
3,run2_initcall.txt,rtc_init,0.039421,0,0
3,run2_initcall.txt,rc_core_init,0.039446,0,0
3,run2_initcall.txt,pps_init,0.039482,0,0
3,run2_initcall.txt,ptp_init,0.039507,0,0
3,run2_initcall.txt,power_supply_class_init,0.039535,0,0
3,run2_initcall.txt,hwmon_init,0.039558,0,0
3,run2_initcall.txt,mmc_init,0.0396,0,0
3,run2_initcall.txt,dmi_init,0.039618,0,0
3,run2_initcall.txt,efisubsys_init,0.039632,0,0
3,run2_initcall.txt,arm_pmu_hp_init,0.039649,0,0
3,run2_initcall.txt,ras_init,0.039669,0,0
3,run2_initcall.txt,nvmem_init,0.039705,0,0
3,run2_initcall.txt,init_soundcore,0.039725,0,0
3,run2_initcall.txt,proto_init,0.039745,0,0
3,run2_initcall.txt,net_dev_init,0.039947,0,0
3,run2_initcall.txt,neigh_init,0.039967,0,0
3,run2_initcall.txt,fib_notifier_init,0.039983,0,0
3,run2_initcall.txt,netdev_genl_init,0.040025,0,0
3,run2_initcall.txt,page_pool_user_init,0.040042,0,0
3,run2_initcall.txt,fib_rules_init,0.04006,0,0
3,run2_initcall.txt,init_cgroup_netprio,0.040076,0,0
3,run2_initcall.txt,bpf_lwt_init,0.040091,0,0
3,run2_initcall.txt,pktsched_init,0.040112,0,0
3,run2_initcall.txt,tc_filter_init,0.040143,0,0
3,run2_initcall.txt,tc_action_init,0.040159,0,0
3,run2_initcall.txt,ethnl_init,0.040232,0,0
3,run2_initcall.txt,nexthop_init,0.040253,0,0
3,run2_initcall.txt,devlink_init,0.040331,0,0
3,run2_initcall.txt,wireless_nlevent_init,0.040351,0,0
3,run2_initcall.txt,vsprintf_init_hashval,0.040369,0,0
3,run2_initcall.txt,init_32bit_el0_mask,0.040384,0,0
3,run2_initcall.txt,vga_arb_device_init,0.040519,0,0
3,run2_initcall.txt,watchdog_init,0.040633,0,0
3,run2_initcall.txt,create_debug_debugfs_entry,0.040733,0,0
3,run2_initcall.txt,iomem_init_inode,0.040773,0,0
3,run2_initcall.txt,clocksource_done_booting,0.040816,0,12
3,run2_initcall.txt,bpf_init,0.040839,0,5
3,run2_initcall.txt,secretmem_init,0.040868,0,10
3,run2_initcall.txt,init_fs_stat_sysctls,0.040895,0,9
3,run2_initcall.txt,init_fs_exec_sysctls,0.040914,0,1
3,run2_initcall.txt,init_pipe_fs,0.040946,0,15
3,run2_initcall.txt,init_fs_namei_sysctls,0.040968,0,2
3,run2_initcall.txt,init_fs_dcache_sysctls,0.040995,0,8
3,run2_initcall.txt,init_fs_namespace_sysctls,0.041013,0,1
3,run2_initcall.txt,cgroup_writeback_init,0.041033,0,6
3,run2_initcall.txt,inotify_user_setup,0.041059,0,12
3,run2_initcall.txt,eventpoll_init,0.041089,0,15
3,run2_initcall.txt,anon_inode_init,0.041113,0,9
3,run2_initcall.txt,proc_locks_init,0.041131,0,3
3,run2_initcall.txt,backing_aio_init,0.041147,0,2
3,run2_initcall.txt,init_fs_coredump_sysctls,0.041167,0,5
3,run2_initcall.txt,init_vm_drop_caches_sysctls,0.041185,0,2
3,run2_initcall.txt,iomap_dio_init,0.041219,0,20
3,run2_initcall.txt,iomap_ioend_init,0.041256,0,22
3,run2_initcall.txt,dquot_init,0.04135,0,79
3,run2_initcall.txt,proc_cmdline_init,0.041368,0,1
3,run2_initcall.txt,proc_consoles_init,0.041383,0,1
3,run2_initcall.txt,proc_cpuinfo_init,0.041399,0,1
3,run2_initcall.txt,proc_devices_init,0.041414,0,0
3,run2_initcall.txt,proc_interrupts_init,0.041429,0,1
3,run2_initcall.txt,proc_loadavg_init,0.041443,0,0
3,run2_initcall.txt,proc_meminfo_init,0.041457,0,0
3,run2_initcall.txt,proc_stat_init,0.041474,0,3
3,run2_initcall.txt,proc_uptime_init,0.041489,0,1
3,run2_initcall.txt,proc_version_init,0.041504,0,0
3,run2_initcall.txt,proc_softirqs_init,0.04152,0,0
3,run2_initcall.txt,proc_kmsg_init,0.041535,0,1
3,run2_initcall.txt,proc_page_init,0.041551,0,2
3,run2_initcall.txt,init_ramfs_fs,0.041566,0,1
3,run2_initcall.txt,aa_create_aafs,0.041634,0,0
3,run2_initcall.txt,chr_dev_init,0.044485,0,2812
3,run2_initcall.txt,hwrng_modinit,0.044564,0,44
3,run2_initcall.txt,firmware_class_init,0.044584,0,1
3,run2_initcall.txt,sysctl_core_init,0.044627,0,26
3,run2_initcall.txt,eth_offload_init,0.044644,0,0
3,run2_initcall.txt,ipv4_offload_init,0.044661,0,1
3,run2_initcall.txt,inet_init,0.048329,0,3650
3,run2_initcall.txt,af_unix_init,0.048384,0,22
3,run2_initcall.txt,ipv6_offload_init,0.048404,0,1
3,run2_initcall.txt,init_sunrpc,0.048747,0,317
3,run2_initcall.txt,vlan_offload_init,0.048767,0,1
3,run2_initcall.txt,pci_apply_final_quirks,0.048795,0,11
3,run2_initcall.txt,populate_rootfs,0.048842,0,5
3,run2_initcall.txt,register_arm64_panic_block,0.048944,0,0
3,run2_initcall.txt,cpuinfo_regs_init,0.049042,0,83
3,run2_initcall.txt,aarch32_el0_sysfs_init,0.049062,0,0
3,run2_initcall.txt,kvm_arm_init,0.052384,0,3304
3,run2_initcall.txt,proc_execdomains_init,0.052424,0,3
3,run2_initcall.txt,register_warn_debugfs,0.052446,0,3
3,run2_initcall.txt,cpuhp_sysfs_init,0.05249,0,26
3,run2_initcall.txt,ioresources_init,0.052512,0,5
3,run2_initcall.txt,psi_proc_init,0.052526,0,0
3,run2_initcall.txt,irq_gc_init_ops,0.052541,0,0
3,run2_initcall.txt,irq_debugfs_init,0.052632,0,68
3,run2_initcall.txt,proc_modules_init,0.052651,0,2
3,run2_initcall.txt,timer_sysctl_init,0.052674,0,7
3,run2_initcall.txt,timekeeping_init_ops,0.05269,0,0
3,run2_initcall.txt,init_clocksource_sysfs,0.05276,0,53
3,run2_initcall.txt,init_timer_list_procfs,0.052779,0,1
3,run2_initcall.txt,alarmtimer_init,0.052871,0,75
3,run2_initcall.txt,clockevents_init_sysfs,0.052995,0,104
3,run2_initcall.txt,sched_clock_syscore_init,0.053015,0,0
3,run2_initcall.txt,kallsyms_init,0.053033,0,1
3,run2_initcall.txt,pid_namespaces_init,0.053072,0,22
3,run2_initcall.txt,audit_watch_init,0.053091,0,0
3,run2_initcall.txt,audit_fsnotify_init,0.053108,0,0
3,run2_initcall.txt,audit_tree_init,0.053126,0,2
3,run2_initcall.txt,seccomp_sysctl_init,0.053147,0,4
3,run2_initcall.txt,utsname_sysctl_init,0.053172,0,6
3,run2_initcall.txt,init_lstats_procfs,0.053193,0,3
3,run2_initcall.txt,perf_event_sysfs_init,0.053258,0,49
3,run2_initcall.txt,system_trusted_keyring_init,0.053286,0,13
3,run2_initcall.txt,kswapd_init,0.053469,0,168
3,run2_initcall.txt,extfrag_debug_init,0.053493,0,8
3,run2_initcall.txt,mm_compute_batch_init,0.053508,0,0
3,run2_initcall.txt,slab_proc_init,0.053526,0,2
3,run2_initcall.txt,workingset_init,0.053548,0,7
3,run2_initcall.txt,proc_vmalloc_init,0.053564,0,1
3,run2_initcall.txt,memblock_init_debugfs,0.053585,0,5
3,run2_initcall.txt,slab_debugfs_init,0.053606,0,4
3,run2_initcall.txt,procswaps_init,0.053623,0,1
3,run2_initcall.txt,zs_init,0.053639,0,0
3,run2_initcall.txt,fcntl_init,0.053658,0,3
3,run2_initcall.txt,proc_filesystems_init,0.053678,0,1
3,run2_initcall.txt,start_dirtytime_writeback,0.053698,0,4
3,run2_initcall.txt,dio_init,0.053713,0,1
3,run2_initcall.txt,dnotify_init,0.05374,0,13
3,run2_initcall.txt,fanotify_user_setup,0.053764,0,9
3,run2_initcall.txt,aio_setup,0.05381,0,32
3,run2_initcall.txt,mbcache_init,0.053831,0,5
3,run2_initcall.txt,init_grace,0.053846,0,2
3,run2_initcall.txt,init_devpts_fs,0.053868,0,7
3,run2_initcall.txt,ext4_init_fs,0.053958,0,75
3,run2_initcall.txt,journal_init,0.053993,0,19
3,run2_initcall.txt,init_fat_fs,0.054015,0,6
3,run2_initcall.txt,init_vfat_fs,0.05403,0,0
3,run2_initcall.txt,init_msdos_fs,0.054044,0,0
3,run2_initcall.txt,init_nfs_fs,0.054185,0,126
3,run2_initcall.txt,init_nfs_v2,0.054206,0,0
3,run2_initcall.txt,init_nfs_v3,0.05422,0,0
3,run2_initcall.txt,init_nfs_v4,0.054263,0,28
3,run2_initcall.txt,nfs4filelayout_init,0.054284,0,5
3,run2_initcall.txt,nfs4flexfilelayout_init,0.054305,0,6
3,run2_initcall.txt,init_nlm,0.054345,0,25
3,run2_initcall.txt,init_nls_cp437,0.054362,0,0
3,run2_initcall.txt,init_nls_ascii,0.054377,0,0
3,run2_initcall.txt,init_autofs_fs,0.054476,0,83
3,run2_initcall.txt,init_f2fs_fs,0.054616,0,123
3,run2_initcall.txt,ipc_init,0.054647,0,12
3,run2_initcall.txt,ipc_sysctl_init,0.054679,0,16
3,run2_initcall.txt,init_mqueue_fs,0.05473,0,34
3,run2_initcall.txt,key_proc_init,0.05475,0,2
3,run2_initcall.txt,bpf_crypto_skcipher_init,0.054766,0,0
3,run2_initcall.txt,dh_init,0.054786,0,3
3,run2_initcall.txt,rsa_init,0.054804,0,1
3,run2_initcall.txt,cryptomgr_init,0.05482,0,0
3,run2_initcall.txt,hmac_module_init,0.054837,0,0
3,run2_initcall.txt,crypto_sha256_mod_init,0.054857,0,4
3,run2_initcall.txt,crypto_ecb_module_init,0.054873,0,0
3,run2_initcall.txt,crypto_cbc_module_init,0.054889,0,0
3,run2_initcall.txt,crypto_cts_module_init,0.054905,0,0
3,run2_initcall.txt,xts_module_init,0.054921,0,0
3,run2_initcall.txt,des_generic_mod_init,0.054939,0,1
3,run2_initcall.txt,aes_init,0.054956,0,0
3,run2_initcall.txt,lzo_mod_init,0.054973,0,1
3,run2_initcall.txt,lzorle_mod_init,0.054989,0,0
3,run2_initcall.txt,asymmetric_key_init,0.05501,0,5
3,run2_initcall.txt,x509_key_init,0.055032,0,5
3,run2_initcall.txt,crypto_kdf108_init,0.055048,0,0
3,run2_initcall.txt,blkdev_init,0.055075,0,10
3,run2_initcall.txt,proc_genhd_init,0.055095,0,2
3,run2_initcall.txt,bsg_init,0.055128,0,15
3,run2_initcall.txt,throtl_init,0.055209,0,64
3,run2_initcall.txt,deadline_init,0.055233,0,5
3,run2_initcall.txt,kyber_init,0.055254,0,5
3,run2_initcall.txt,bfq_init,0.055291,0,20
3,run2_initcall.txt,io_uring_init,0.055331,0,22
3,run2_initcall.txt,percpu_counter_startup,0.055396,0,45
3,run2_initcall.txt,audit_classes_init,0.055425,0,3
3,run2_initcall.txt,gicv5_iwb_platform_driver_init,0.055506,0,64
3,run2_initcall.txt,mip_msi_driver_init,0.055549,0,26
3,run2_initcall.txt,bcm7038_l1_driver_init,0.05559,0,26
3,run2_initcall.txt,bcm7120_l2_driver_init,0.055635,0,29
3,run2_initcall.txt,brcmstb_l2_driver_init,0.05569,0,40
3,run2_initcall.txt,simple_pm_bus_driver_init,0.056157,0,452
3,run2_initcall.txt,phy_core_init,0.056189,0,15
3,run2_initcall.txt,brcm_usb_driver_init,0.05625,0,46
3,run2_initcall.txt,rp1_pinctrl_driver_init,0.056291,0,26
3,run2_initcall.txt,bcm2835_pinctrl_driver_init,0.057234,0,928
3,run2_initcall.txt,bcm2712_pinctrl_driver_init,0.057297,0,42
3,run2_initcall.txt,brcmvirt_gpio_driver_init,0.057347,0,28
3,run2_initcall.txt,brcmstb_gpio_driver_init,0.057392,0,29
3,run2_initcall.txt,rpi_exp_gpio_driver_init,0.057768,0,360
3,run2_initcall.txt,brcmstb_pwm_driver_init,0.057812,0,28
3,run2_initcall.txt,rp1_pwm_driver_init,0.057855,0,27
3,run2_initcall.txt,gpio_led_driver_init,0.0596,0,1730
3,run2_initcall.txt,led_pwm_driver_init,0.059656,0,37
3,run2_initcall.txt,timer_led_trigger_init,0.059675,0,1
3,run2_initcall.txt,oneshot_led_trigger_init,0.059689,0,0
3,run2_initcall.txt,heartbeat_trig_init,0.059705,0,2
3,run2_initcall.txt,bl_led_trigger_init,0.05972,0,0
3,run2_initcall.txt,ledtrig_cpu_init,0.059781,0,47
3,run2_initcall.txt,defon_led_trigger_init,0.059826,0,30
3,run2_initcall.txt,input_trig_init,0.059842,0,1
3,run2_initcall.txt,ledtrig_panic_init,0.059857,0,1
3,run2_initcall.txt,actpwr_trig_init,0.060009,0,137
3,run2_initcall.txt,pcie_portdrv_init,0.060078,0,52
3,run2_initcall.txt,pci_proc_init,0.0601,0,7
3,run2_initcall.txt,brcm_pcie_driver_init,0.173634,0,113518
3,run2_initcall.txt,bcm2708_fb_init,0.18599,0,12335
3,run2_initcall.txt,simplefb_driver_init,0.186082,0,43
3,run2_initcall.txt,of_fixed_factor_clk_driver_init,0.186158,0,31
3,run2_initcall.txt,of_fixed_clk_driver_init,0.18623,0,26
3,run2_initcall.txt,gpio_clk_driver_init,0.186306,0,32
3,run2_initcall.txt,gated_fixed_clk_driver_init,0.186377,0,27
3,run2_initcall.txt,rp1_clk_driver_init,0.18645,0,29
3,run2_initcall.txt,rp1_sdio_clk_driver_init,0.186526,0,27
3,run2_initcall.txt,clk_dvp_driver_init,0.186596,0,27
3,run2_initcall.txt,bcm2835_aux_clk_driver_init,0.186697,0,57
3,run2_initcall.txt,raspberrypi_clk_driver_init,0.202101,0,15358
3,run2_initcall.txt,dw_driver_init,0.202184,0,37
3,run2_initcall.txt,bcm2835_power_driver_init,0.202246,0,18
3,run2_initcall.txt,rpi_power_driver_init,0.22043,0,18139
3,run2_initcall.txt,brcmstb_reset_driver_init,0.222327,0,32
3,run2_initcall.txt,brcm_rescal_reset_driver_init,0.224201,0,29
3,run2_initcall.txt,rpi_reset_driver_init,0.227053,0,1021
3,run2_initcall.txt,reset_simple_driver_init,0.229016,0,62
3,run2_initcall.txt,n_null_init,0.230892,0,0
3,run2_initcall.txt,pty_init,0.232868,0,86
3,run2_initcall.txt,sysrq_init,0.234756,0,13
3,run2_initcall.txt,serial8250_init,0.236637,-19,0
3,run2_initcall.txt,bcm2835aux_serial_driver_init,0.238557,0,34
3,run2_initcall.txt,brcmuart_init,0.24048,0,41
3,run2_initcall.txt,exar_pci_driver_init,0.242364,0,30
3,run2_initcall.txt,of_platform_serial_driver_init,0.244315,0,70
3,run2_initcall.txt,serial_pci_driver_init,0.246237,0,28
3,run2_initcall.txt,pericom8250_pci_driver_init,0.248138,0,21
3,run2_initcall.txt,init_kgdboc,0.25103,0,1007
3,run2_initcall.txt,random_sysctls_init,0.252911,0,12
3,run2_initcall.txt,ttyprintk_init,0.254852,0,54
3,run2_initcall.txt,bcm2835_rng_driver_init,0.256788,0,47
3,run2_initcall.txt,bcm74110_rng_driver_init,0.258735,0,31
3,run2_initcall.txt,iproc_rng200_driver_init,0.262922,0,2216
3,run2_initcall.txt,smccc_trng_driver_init,0.265,0,22
3,run2_initcall.txt,vc_mem_init,0.268292,0,1193
3,run2_initcall.txt,vcio_driver_init,0.271877,0,1399
3,run2_initcall.txt,bcm2712_iommu_driver_init,0.27417,0,33
3,run2_initcall.txt,bcm2712_iommu_cache_driver_init,0.276465,0,30
3,run2_initcall.txt,topology_sysfs_init,0.27888,0,60
3,run2_initcall.txt,cacheinfo_sysfs_init,0.281494,0,241
3,run2_initcall.txt,devcoredump_init,0.283884,0,8
3,run2_initcall.txt,brd_init,0.290997,0,4742
3,run2_initcall.txt,loop_init,0.296939,0,3603
3,run2_initcall.txt,bcm2835_pm_driver_init,0.300532,0,1269
3,run2_initcall.txt,stmpe_i2c_driver_init,0.302872,0,18
3,run2_initcall.txt,stmpe_spi_driver_init,0.305221,0,12
3,run2_initcall.txt,rp1_driver_init,0.307575,0,25
3,run2_initcall.txt,system_heap_create,0.309947,0,82
3,run2_initcall.txt,add_default_cma_heap,0.312353,0,78
3,run2_initcall.txt,udmabuf_dev_init,0.31473,0,45
3,run2_initcall.txt,iscsi_transport_init,0.31844,0,1374
3,run2_initcall.txt,init_sd,0.320815,0,30
3,run2_initcall.txt,nvme_core_init,0.323383,0,241
3,run2_initcall.txt,nvme_init,0.32571,0,25
3,run2_initcall.txt,blackhole_netdev_init,0.328059,0,16
3,run2_initcall.txt,netkit_init,0.330384,0,5
3,run2_initcall.txt,phylink_init,0.3327,0,0
3,run2_initcall.txt,phy_module_init,0.335181,0,162
3,run2_initcall.txt,phy_module_init,0.33766,0,168
3,run2_initcall.txt,fixed_mdio_bus_init,0.340125,0,150
3,run2_initcall.txt,phy_module_init,0.342567,0,159
3,run2_initcall.txt,phy_module_init,0.344903,0,19
3,run2_initcall.txt,phy_module_init,0.347254,0,60
3,run2_initcall.txt,unimac_mdio_driver_init,0.349629,0,98
3,run2_initcall.txt,macb_driver_init,0.351985,0,81
3,run2_initcall.txt,bcmgenet_driver_init,0.549728,0,195470
3,run2_initcall.txt,bcmasp_driver_init,0.552064,0,63
3,run2_initcall.txt,lan78xx_driver_init,0.555509,0,1163
3,run2_initcall.txt,smsc95xx_driver_init,0.558958,0,1147
3,run2_initcall.txt,usbnet_init,0.561272,0,0
3,run2_initcall.txt,xhci_hcd_init,0.563584,0,13
3,run2_initcall.txt,xhci_pci_init,0.689651,0,123764
3,run2_initcall.txt,xhci_plat_init,0.691878,0,86
3,run2_initcall.txt,dwc_otg_driver_init,0.698383,0,4331
3,run2_initcall.txt,dwc_common_port_init_module,0.701758,0,1236
3,run2_initcall.txt,dwc3_driver_init,0.703953,0,49
3,run2_initcall.txt,dwc3_haps_driver_init,0.706129,0,26
3,run2_initcall.txt,dwc3_of_simple_driver_init,0.708283,0,45
3,run2_initcall.txt,dwc3_generic_driver_init,0.71046,0,32
3,run2_initcall.txt,dwc2_platform_driver_init,0.712692,0,103
3,run2_initcall.txt,uas_init,0.715965,0,1153
3,run2_initcall.txt,usb_storage_driver_init,0.719159,0,1072
3,run2_initcall.txt,brcmstb_usb_pinmap_init,0.721322,-19,54
3,run2_initcall.txt,bdc_driver_init,0.723461,0,36
3,run2_initcall.txt,input_leds_init,0.725552,0,1
3,run2_initcall.txt,mousedev_init,0.728826,0,1155
3,run2_initcall.txt,evdev_init,0.730985,0,0
3,run2_initcall.txt,brcmstb_waketmr_driver_init,0.733164,0,35
3,run2_initcall.txt,rpi_rtc_driver_init,0.735346,0,34
3,run2_initcall.txt,init_rc_map_adstech_dvb_t_pci,0.737501,0,0
3,run2_initcall.txt,init_rc_map_alink_dtu_m,0.739649,0,0
3,run2_initcall.txt,init_rc_map_anysee,0.741764,0,0
3,run2_initcall.txt,init_rc_map_apac_viewcomp,0.743927,0,0
3,run2_initcall.txt,init_rc_map_t2hybrid,0.746098,0,0
3,run2_initcall.txt,init_rc_map_asus_pc39,0.748247,0,0
3,run2_initcall.txt,init_rc_map_asus_ps3_100,0.75041,0,0
3,run2_initcall.txt,init_rc_map_ati_tv_wonder_hd_600,0.752568,0,0
3,run2_initcall.txt,init_rc_map_ati_x10,0.754743,0,0
3,run2_initcall.txt,init_rc_map_avermedia_a16d,0.756942,0,0
3,run2_initcall.txt,init_rc_map_avermedia_cardbus,0.759108,0,0
3,run2_initcall.txt,init_rc_map_avermedia_dvbt,0.761305,0,0
3,run2_initcall.txt,init_rc_map_avermedia_m135a,0.763503,0,0
3,run2_initcall.txt,init_rc_map_avermedia_m733a_rm_k6,0.765725,0,0
3,run2_initcall.txt,init_rc_map_avermedia,0.76794,0,0
3,run2_initcall.txt,init_rc_map_avermedia_rm_ks,0.770155,0,0
3,run2_initcall.txt,init_rc_map_avertv_303,0.772367,0,0
3,run2_initcall.txt,init_rc_map_azurewave_ad_tu700,0.774558,0,0
3,run2_initcall.txt,init_rc_map_beelink_gs1,0.776736,0,0
3,run2_initcall.txt,init_rc_map_beelink_mxiii,0.778942,0,0
3,run2_initcall.txt,init_rc_map_behold_columbus,0.781152,0,0
3,run2_initcall.txt,init_rc_map_behold,0.783357,0,0
3,run2_initcall.txt,init_rc_map_budget_ci_old,0.785545,0,0
3,run2_initcall.txt,init_rc_map_cinergy_1400,0.787721,0,0
3,run2_initcall.txt,init_rc_map_cinergy,0.790199,0,0
3,run2_initcall.txt,init_rc_map_ct_90405,0.792315,0,0
3,run2_initcall.txt,init_rc_map_d680_dmb,0.794465,0,0
3,run2_initcall.txt,init_rc_map_delock_61959,0.796585,0,0
3,run2_initcall.txt,init_rc_map,0.798714,0,0
3,run2_initcall.txt,init_rc_map,0.800882,0,0
3,run2_initcall.txt,init_rc_map_digitalnow_tinytwin,0.803003,0,0
3,run2_initcall.txt,init_rc_map_digittrade,0.805216,0,0
3,run2_initcall.txt,init_rc_map_dm1105_nec,0.807422,0,0
3,run2_initcall.txt,init_rc_map_dntv_live_dvb_t,0.809625,0,0
3,run2_initcall.txt,init_rc_map_dntv_live_dvbt_pro,0.811728,0,0
3,run2_initcall.txt,init_rc_map_dreambox,0.813834,0,0
3,run2_initcall.txt,init_rc_map_dtt200u,0.815939,0,0
3,run2_initcall.txt,init_rc_map_rc5_dvbsky,0.818047,0,0
3,run2_initcall.txt,init_rc_map_dvico_mce,0.820149,0,0
3,run2_initcall.txt,init_rc_map_dvico_portable,0.822248,0,0
3,run2_initcall.txt,init_rc_map_em_terratec,0.824324,0,0
3,run2_initcall.txt,init_rc_map_encore_enltv2,0.826498,0,0
3,run2_initcall.txt,init_rc_map_encore_enltv_fm53,0.828588,0,0
3,run2_initcall.txt,init_rc_map_encore_enltv,0.830701,0,0
3,run2_initcall.txt,init_rc_map_evga_indtube,0.832782,0,0
3,run2_initcall.txt,init_rc_map_eztv,0.834864,0,0
3,run2_initcall.txt,init_rc_map_flydvb,0.836932,0,0
3,run2_initcall.txt,init_rc_map_flyvideo,0.838984,0,0
3,run2_initcall.txt,init_rc_map_fusionhdtv_mce,0.841033,0,0
3,run2_initcall.txt,init_rc_map_gadmei_rm008z,0.843047,0,0
3,run2_initcall.txt,init_rc_map_geekbox,0.845087,0,0
3,run2_initcall.txt,init_rc_map_genius_tvgo_a11mce,0.847117,0,0
3,run2_initcall.txt,init_rc_map_gotview7135,0.849155,0,0
3,run2_initcall.txt,init_rc_map_rc5_hauppauge_new,0.851196,0,0
3,run2_initcall.txt,init_rc_map_hisi_poplar,0.853251,0,0
3,run2_initcall.txt,init_rc_map_hisi_tv_demo,0.855314,0,0
3,run2_initcall.txt,init_rc_map_imon_mce,0.857358,0,0
3,run2_initcall.txt,init_rc_map_imon_pad,0.859382,0,0
3,run2_initcall.txt,init_rc_map_imon_rsc,0.861432,0,0
3,run2_initcall.txt,init_rc_map_iodata_bctv7e,0.863454,0,0
3,run2_initcall.txt,init_rc_it913x_v1_map,0.86548,0,0
3,run2_initcall.txt,init_rc_it913x_v2_map,0.867507,0,0
3,run2_initcall.txt,init_rc_map_kaiomy,0.869581,0,0
3,run2_initcall.txt,init_rc_map_khadas,0.8716,0,0
3,run2_initcall.txt,init_rc_map_khamsin,0.873612,0,0
3,run2_initcall.txt,init_rc_map_kworld_315u,0.875579,0,0
3,run2_initcall.txt,init_rc_map_kworld_pc150u,0.877573,0,0
3,run2_initcall.txt,init_rc_map_kworld_plus_tv_analog,0.879574,0,0
3,run2_initcall.txt,init_rc_map_leadtek_y04g0051,0.881583,0,0
3,run2_initcall.txt,init_rc_lme2510_map,0.883595,0,0
3,run2_initcall.txt,init_rc_map_manli,0.885613,0,0
3,run2_initcall.txt,init_rc_map_mecool_kiii_pro,0.887646,0,0
3,run2_initcall.txt,init_rc_map_mecool_kii_pro,0.88968,0,0
3,run2_initcall.txt,init_rc_map_medion_x10_digitainer,0.891668,0,0
3,run2_initcall.txt,init_rc_map_medion_x10,0.8937,0,0
3,run2_initcall.txt,init_rc_map_medion_x10_or2x,0.895727,0,0
3,run2_initcall.txt,init_rc_map_minix_neo,0.897785,0,0
3,run2_initcall.txt,init_rc_map_msi_digivox_iii,0.89983,0,0
3,run2_initcall.txt,init_rc_map_msi_digivox_ii,0.90189,0,0
3,run2_initcall.txt,init_rc_map_msi_tvanywhere,0.903943,0,0
3,run2_initcall.txt,init_rc_map_msi_tvanywhere_plus,0.905998,0,0
3,run2_initcall.txt,init_rc_map_mygica_utv3,0.908014,0,0
3,run2_initcall.txt,init_rc_map_nebula,0.910068,0,0
3,run2_initcall.txt,init_rc_map_nec_terratec_cinergy_xs,0.912104,0,0
3,run2_initcall.txt,init_rc_map_norwood,0.914155,0,0
3,run2_initcall.txt,init_rc_map_npgtech,0.916193,0,0
3,run2_initcall.txt,init_rc_map_odroid,0.918231,0,0
3,run2_initcall.txt,init_rc_map_pctv_sedna,0.920254,0,0
3,run2_initcall.txt,init_rc_map_pine64,0.92229,0,0
3,run2_initcall.txt,init_rc_map_pinnacle_color,0.924328,0,0
3,run2_initcall.txt,init_rc_map_pinnacle_grey,0.927431,0,0
3,run2_initcall.txt,init_rc_map_pinnacle_pctv_hd,0.929569,0,0
3,run2_initcall.txt,init_rc_map_pixelview,0.931685,0,0
3,run2_initcall.txt,init_rc_map_pixelview,0.933758,0,0
3,run2_initcall.txt,init_rc_map_pixelview_new,0.935836,0,0
3,run2_initcall.txt,init_rc_map_pixelview,0.937925,0,0
3,run2_initcall.txt,init_rc_map_powercolor_real_angel,0.940005,0,0
3,run2_initcall.txt,init_rc_map_proteus_2309,0.942061,0,0
3,run2_initcall.txt,init_rc_map_purpletv,0.944145,0,0
3,run2_initcall.txt,init_rc_map_pv951,0.946235,0,0
3,run2_initcall.txt,init_rc_map_rc6_mce,0.948311,0,0
3,run2_initcall.txt,init_rc_map_real_audio_220_32_keys,0.950399,0,0
3,run2_initcall.txt,init_rc_map_reddo,0.952487,0,0
3,run2_initcall.txt,init_rc_map_siemens_gigaset_rc20,0.954594,0,0
3,run2_initcall.txt,init_rc_map_snapstream_firefly,0.956699,0,0
3,run2_initcall.txt,init_rc_map_streamzap,0.95878,0,0
3,run2_initcall.txt,init_rc_map_su3000,0.960912,0,0
3,run2_initcall.txt,init_rc_map_tanix_tx3mini,0.963031,0,0
3,run2_initcall.txt,init_rc_map_tanix_tx5max,0.965148,0,0
3,run2_initcall.txt,init_rc_map_tbs_nec,0.967268,0,0
3,run2_initcall.txt,init_rc_map,0.969411,0,0
3,run2_initcall.txt,init_rc_map,0.971544,0,0
3,run2_initcall.txt,init_rc_map_terratec_cinergy_c_pci,0.973684,0,0
3,run2_initcall.txt,init_rc_map_terratec_cinergy_s2_hd,0.975791,0,0
3,run2_initcall.txt,init_rc_map_terratec_cinergy_xs,0.97792,0,0
3,run2_initcall.txt,init_rc_map_terratec_slim_2,0.980051,0,0
3,run2_initcall.txt,init_rc_map_terratec_slim,0.982191,0,0
3,run2_initcall.txt,init_rc_map_tevii_nec,0.98434,0,0
3,run2_initcall.txt,init_rc_map_tivo,0.986502,0,0
3,run2_initcall.txt,init_rc_map_total_media_in_hand_02,0.988659,0,0
3,run2_initcall.txt,init_rc_map_total_media_in_hand,0.990818,0,0
3,run2_initcall.txt,init_rc_map_trekstor,0.993027,0,0
3,run2_initcall.txt,init_rc_map_tt_1500,0.995163,0,0
3,run2_initcall.txt,init_rc_map_twinhan_vp1027,0.997307,0,0
3,run2_initcall.txt,init_rc_map_twinhan_dtv_cab_ci,0.999454,0,0
3,run2_initcall.txt,init_rc_map_vega_s9x,1.001601,0,0
3,run2_initcall.txt,init_rc_map_videomate_k100,1.003733,0,0
3,run2_initcall.txt,init_rc_map_videomate_s350,1.005872,0,0
3,run2_initcall.txt,init_rc_map_videomate_tv_pvr,1.007969,0,0
3,run2_initcall.txt,init_rc_map_kii_pro,1.010074,0,0
3,run2_initcall.txt,init_rc_map_wetek_hub,1.012186,0,0
3,run2_initcall.txt,init_rc_map_wetek_play2,1.014305,0,0
3,run2_initcall.txt,init_rc_map_winfast,1.01642,0,0
3,run2_initcall.txt,init_rc_map_winfast_usbii_deluxe,1.018534,0,0
3,run2_initcall.txt,init_rc_map_x96max,1.020655,0,0
3,run2_initcall.txt,init_rc_map,1.022773,0,0
3,run2_initcall.txt,init_rc_map,1.024839,0,0
3,run2_initcall.txt,init_rc_map_zx_irdec,1.026932,0,0
3,run2_initcall.txt,ptp_kvm_init,1.02919,-95,0
3,run2_initcall.txt,gpio_poweroff_driver_init,1.031342,0,56
3,run2_initcall.txt,bcm2711_thermal_driver_init,1.034767,0,1325
3,run2_initcall.txt,bcm2835_thermal_driver_init,1.03694,0,43
3,run2_initcall.txt,bcm2835_wdt_driver_init,1.039078,0,21
3,run2_initcall.txt,dt_cpufreq_platdrv_init,1.041319,0,30
3,run2_initcall.txt,brcm_avs_cpufreq_platdrv_init,1.043496,0,34
3,run2_initcall.txt,raspberrypi_cpufreq_driver_init,1.048562,0,2898
3,run2_initcall.txt,mmc_pwrseq_simple_driver_init,1.050926,0,49
3,run2_initcall.txt,mmc_pwrseq_emmc_driver_init,1.053229,0,34
3,run2_initcall.txt,mmc_blk_init,1.055466,0,30
3,run2_initcall.txt,sdhci_drv_init,1.059886,0,2187
3,run2_initcall.txt,bcm2835_mmc_driver_init,1.063291,0,1165
3,run2_initcall.txt,bcm2835_driver_init,1.065747,0,37
3,run2_initcall.txt,sdhci_pltfm_drv_init,1.069254,0,1172
3,run2_initcall.txt,sdhci_iproc_driver_init,1.071677,0,61
3,run2_initcall.txt,sdhci_brcmstb_driver_init,1.071743,0,51
3,run2_initcall.txt,esrt_sysfs_init,1.071754,-38,0
3,run2_initcall.txt,smccc_devices_init,1.071762,0,0
3,run2_initcall.txt,smccc_soc_init,1.071776,0,1
3,run2_initcall.txt,arch_timer_mmio_drv_init,1.071814,0,30
3,run2_initcall.txt,arch_timer_mmio_acpi_drv_init,1.071842,0,19
3,run2_initcall.txt,hid_init,1.071904,0,53
3,run2_initcall.txt,hid_generic_init,1.071949,0,34
3,run2_initcall.txt,hid_init,1.072003,0,45
3,run2_initcall.txt,bcm74110_mbox_driver_init,1.072049,0,35
3,run2_initcall.txt,extcon_class_init,1.072065,0,5
3,run2_initcall.txt,armv8_pmu_driver_init,1.110443,0,38367
3,run2_initcall.txt,binder_init,1.114086,0,95
3,run2_initcall.txt,rpi_otp_driver_init,1.121257,0,3782
3,run2_initcall.txt,sock_diag_init,1.123558,0,72
3,run2_initcall.txt,blackhole_init,1.127876,0,1
3,run2_initcall.txt,cls_bpf_init_mod,1.130082,0,0
3,run2_initcall.txt,gre_offload_init,1.132274,0,0
3,run2_initcall.txt,sysctl_ipv4_init,1.134528,0,73
3,run2_initcall.txt,cubictcp_register,1.136677,0,2
3,run2_initcall.txt,packet_init,1.139916,0,1081
3,run2_initcall.txt,init_rpcsec_gss,1.142065,0,15
3,run2_initcall.txt,init_kerberos_module,1.144247,0,5
3,run2_initcall.txt,dcbnl_init,1.146458,0,2
3,run2_initcall.txt,init_dns_resolver,1.149689,0,1089
3,run2_initcall.txt,handshake_init,1.151916,0,33
3,run2_initcall.txt,check_mmu_enabled_at_boot,1.154118,0,0
3,run2_initcall.txt,finalize_pkvm,1.156316,0,0
3,run2_initcall.txt,kernel_do_mounts_initrd_sysctls_init,1.159664,0,8
3,run2_initcall.txt,kernel_panic_sysctls_init,1.161889,0,11
3,run2_initcall.txt,kernel_panic_sysfs_init,1.164117,0,4
3,run2_initcall.txt,kernel_exit_sysctls_init,1.166358,0,2
3,run2_initcall.txt,kernel_exit_sysfs_init,1.168598,0,2
3,run2_initcall.txt,param_sysfs_builtin_init,1.180022,0,9165
3,run2_initcall.txt,reboot_ksysfs_init,1.182404,0,24
3,run2_initcall.txt,sched_core_sysctl_init,1.18464,0,4
3,run2_initcall.txt,sched_fair_sysctl_init,1.186851,0,2
3,run2_initcall.txt,sched_rt_sysctl_init,1.189236,0,4
3,run2_initcall.txt,sched_dl_sysctl_init,1.191363,0,2
3,run2_initcall.txt,sched_init_debug,1.19358,0,78
3,run2_initcall.txt,cpu_latency_qos_init,1.195841,0,117
3,run2_initcall.txt,printk_late_init,1.198758,0,20
3,run2_initcall.txt,init_srcu_module_notifier,1.200946,0,2
3,run2_initcall.txt,kernel_rcu_stall_sysfs_init,1.203147,0,7
3,run2_initcall.txt,swiotlb_create_default_debugfs,1.20538,0,30
3,run2_initcall.txt,tk_debug_sleep_time_init,1.20761,0,2
3,run2_initcall.txt,bpf_ksym_iter_register,1.209834,0,2
3,run2_initcall.txt,kernel_acct_sysctls_init,1.212081,0,3
3,run2_initcall.txt,bpf_rstat_kfunc_init,1.214355,0,1
3,run2_initcall.txt,debugfs_kprobe_init,1.216612,0,8
3,run2_initcall.txt,kernel_delayacct_sysctls_init,1.218861,0,3
3,run2_initcall.txt,taskstats_init,1.222241,0,1131
3,run2_initcall.txt,bpf_global_ma_init,1.224554,0,92
3,run2_initcall.txt,bpf_syscall_sysctl_init,1.226899,0,4
3,run2_initcall.txt,unbound_reg_init,1.229206,0,0
3,run2_initcall.txt,kfunc_init,1.23149,0,1
3,run2_initcall.txt,bpf_map_iter_init,1.233719,0,0
3,run2_initcall.txt,init_subsystem,1.235928,0,0
3,run2_initcall.txt,task_iter_init,1.238126,0,1
3,run2_initcall.txt,bpf_prog_iter_init,1.240324,0,0
3,run2_initcall.txt,bpf_link_iter_init,1.242472,0,0
3,run2_initcall.txt,init_trampolines,1.24463,0,2
3,run2_initcall.txt,rqspinlock_register_kfuncs,1.246793,0,0
3,run2_initcall.txt,kfunc_init,1.248942,0,0
3,run2_initcall.txt,bpf_cgroup_iter_init,1.251057,0,0
3,run2_initcall.txt,cpumask_kfunc_init,1.253197,0,20
3,run2_initcall.txt,crypto_kfunc_init,1.255311,0,0
3,run2_initcall.txt,bpf_kmem_cache_iter_init,1.257441,0,0
3,run2_initcall.txt,dmabuf_iter_init,1.259534,0,0
3,run2_initcall.txt,load_system_certificate_list,1.262756,0,1071
3,run2_initcall.txt,init_lru_gen,1.264955,0,20
3,run2_initcall.txt,vmstat_late_init,1.267142,0,2
3,run2_initcall.txt,fault_around_debugfs,1.269525,0,4
3,run2_initcall.txt,slab_sysfs_init,1.275471,0,3792
3,run2_initcall.txt,max_swapfiles_check,1.277663,0,0
3,run2_initcall.txt,zswap_init,1.279774,0,0
3,run2_initcall.txt,mempolicy_sysfs_init,1.281898,0,15
3,run2_initcall.txt,memory_tier_late_init,1.286209,0,2191
3,run2_initcall.txt,check_early_ioremap_leak,1.288326,0,0
3,run2_initcall.txt,mg_debugfs_init,1.290488,0,20
3,run2_initcall.txt,fscrypt_init,1.294744,0,2184
3,run2_initcall.txt,pstore_init,1.296863,0,10
3,run2_initcall.txt,init_root_keyring,1.298995,0,28
3,run2_initcall.txt,init_profile_hash,1.30112,0,0
3,run2_initcall.txt,integrity_fs_init,1.303246,0,7
3,run2_initcall.txt,crypto_algapi_init,1.305381,0,8
3,run2_initcall.txt,blk_timeout_init,1.307498,0,0
3,run2_initcall.txt,depot_debugfs_init,1.309613,0,6
3,run2_initcall.txt,pci_resource_alignment_sysfs_init,1.31175,0,4
3,run2_initcall.txt,pci_sysfs_init,1.313911,0,10
3,run2_initcall.txt,clk_debug_init,1.316399,0,331
3,run2_initcall.txt,genpd_debug_init,1.318908,0,334
3,run2_initcall.txt,sync_state_resume_initcall,1.321096,0,0
3,run2_initcall.txt,deferred_probe_initcall,1.389507,0,66246
3,run2_initcall.txt,efi_shutdown_init,1.3915,-19,0
3,run2_initcall.txt,efi_earlycon_unmap_fb,1.393542,0,0
3,run2_initcall.txt,psci_debugfs_init,1.395658,0,0
3,run2_initcall.txt,of_cfs_init,1.399708,0,2009
3,run2_initcall.txt,of_fdt_raw_init,1.401711,0,28
3,run2_initcall.txt,bpf_kfunc_init,1.403686,0,2
3,run2_initcall.txt,init_subsystem,1.405822,0,1
3,run2_initcall.txt,xdp_metadata_init,1.408757,0,0
3,run2_initcall.txt,bpf_sockmap_iter_init,1.410806,0,0
3,run2_initcall.txt,bpf_sk_storage_map_iter_init,1.412819,0,0
3,run2_initcall.txt,bpf_prog_test_run_init,1.414832,0,0
3,run2_initcall.txt,bpf_dummy_struct_ops_init,1.416849,0,0
3,run2_initcall.txt,tcp_congestion_default,1.418852,0,1
3,run2_initcall.txt,inet_blackhole_dev_init,1.420843,0,5
3,run2_initcall.txt,ip_auto_config,1.422841,0,10
3,run2_initcall.txt,tcp_bpf_v4_build_proto,1.424781,0,0
3,run2_initcall.txt,udp_bpf_v4_build_proto,1.42673,0,0
3,run2_initcall.txt,bpf_tcp_ca_kfunc_init,1.428672,0,0
3,run2_initcall.txt,bpf_mptcp_kfunc_init,1.430695,0,0
3,run2_initcall.txt,fb_logo_late_init,1.432644,0,0
3,run2_initcall.txt,amba_stub_drv_init,1.434627,0,28
3,run2_initcall.txt,clk_disable_unused,1.439627,0,1039
3,run2_initcall.txt,genpd_power_off_unused,1.442803,0,1084
3,run2_initcall.txt,regulator_init_complete,1.444978,0,1
3,run2_initcall.txt,of_platform_sync_state_init,1.447174,0,17
4,run3_initcall.txt,sock_init,0.016261,0,4000
4,run3_initcall.txt,net_inuse_init,0.016287,0,0
4,run3_initcall.txt,sock_struct_check,0.016302,0,0
4,run3_initcall.txt,init_default_flow_dissectors,0.016319,0,0
4,run3_initcall.txt,netlink_proto_init,0.016412,0,0
4,run3_initcall.txt,genl_init,0.01644,0,0
4,run3_initcall.txt,debug_monitors_init,0.01658,0,0
4,run3_initcall.txt,init_overflow_sysctl,0.016605,0,0
4,run3_initcall.txt,irq_sysfs_init,0.016732,0,0
4,run3_initcall.txt,dma_atomic_pool_init,0.017334,0,0
4,run3_initcall.txt,audit_init,0.017472,0,0
4,run3_initcall.txt,bdi_class_init,0.017589,0,0
4,run3_initcall.txt,mm_sysfs_init,0.017607,0,0
4,run3_initcall.txt,init_per_zone_wmark_min,0.01763,0,0
4,run3_initcall.txt,ramoops_init,0.017665,0,0
4,run3_initcall.txt,gpiolib_sysfs_init,0.017689,0,0
4,run3_initcall.txt,pcibus_class_init,0.017707,0,0
4,run3_initcall.txt,pci_driver_init,0.017745,0,0
4,run3_initcall.txt,amba_init,0.017768,0,0
4,run3_initcall.txt,__bcm2835_clk_driver_init,0.01779,0,0
4,run3_initcall.txt,tty_class_init,0.017813,0,0
4,run3_initcall.txt,vtconsole_class_init,0.017862,0,0
4,run3_initcall.txt,serdev_init,0.017888,0,0
4,run3_initcall.txt,iommu_dev_init,0.017909,0,0
4,run3_initcall.txt,mipi_dsi_bus_init,0.017936,0,0
4,run3_initcall.txt,devlink_class_init,0.017958,0,0
4,run3_initcall.txt,software_node_init,0.017977,0,0
4,run3_initcall.txt,regmap_initcall,0.017997,0,0
4,run3_initcall.txt,sram_init,0.018022,0,0
4,run3_initcall.txt,spi_init,0.018056,0,0
4,run3_initcall.txt,i2c_init,0.018094,0,0
4,run3_initcall.txt,thermal_init,0.018131,0,0
4,run3_initcall.txt,init_menu,0.018174,0,0
4,run3_initcall.txt,efipostcore_init,0.018191,0,0
4,run3_initcall.txt,kobject_uevent_init,0.018221,0,0
4,run3_initcall.txt,init_uevent_helper_sysctl,0.01824,0,0
4,run3_initcall.txt,reserve_memblock_reserved_regions,0.018339,0,0
4,run3_initcall.txt,aarch32_alloc_vdso_pages,0.018358,0,0
4,run3_initcall.txt,vdso_init,0.018375,0,0
4,run3_initcall.txt,arm64_create_dummy_rsi_dev,0.018391,0,0
4,run3_initcall.txt,arch_hw_breakpoint_init,0.018452,0,0
4,run3_initcall.txt,adjust_protection_map,0.01847,0,0
4,run3_initcall.txt,asids_update_limit,0.018494,0,0
4,run3_initcall.txt,kcmp_cookies_init,0.018512,0,0
4,run3_initcall.txt,dma_channel_table_init,0.018537,0,0
4,run3_initcall.txt,dma_bus_init,0.018584,0,0
4,run3_initcall.txt,brcmstb_soc_device_init,0.018891,0,0
4,run3_initcall.txt,serial_base_init,0.01894,0,0
4,run3_initcall.txt,pl011_init,0.018979,0,0
4,run3_initcall.txt,iommu_dma_init,0.019007,0,0
4,run3_initcall.txt,dmi_id_init,0.019025,-19,0
4,run3_initcall.txt,bcm2835_mbox_init,0.019054,0,0
4,run3_initcall.txt,of_platform_default_populate_init,0.040432,0,24000
4,run3_initcall.txt,register_mte_tcf_preferred_sysctl,0.040535,0,0
4,run3_initcall.txt,init_fork_sysctl,0.040562,0,0
4,run3_initcall.txt,uid_cache_init,0.040605,0,0
4,run3_initcall.txt,pid_namespace_sysctl_init,0.040628,0,0
4,run3_initcall.txt,param_sysfs_init,0.040647,0,0
4,run3_initcall.txt,user_namespace_sysctl_init,0.040676,0,0
4,run3_initcall.txt,proc_schedstat_init,0.040698,0,0
4,run3_initcall.txt,init_rtmutex_sysctl,0.040715,0,0
4,run3_initcall.txt,pm_sysrq_init,0.04076,0,0
4,run3_initcall.txt,init_rcu_stall_sysctl,0.040779,0,0
4,run3_initcall.txt,init_module_sysctl,0.040796,0,0
4,run3_initcall.txt,create_proc_profile,0.040813,0,0
4,run3_initcall.txt,cgroup_sysfs_init,0.040834,0,0
4,run3_initcall.txt,user_namespaces_init,0.040859,0,0
4,run3_initcall.txt,hung_task_init,0.040958,0,0
4,run3_initcall.txt,dev_map_init,0.040976,0,0
4,run3_initcall.txt,netns_bpf_init,0.04099,0,0
4,run3_initcall.txt,oom_init,0.041052,0,0
4,run3_initcall.txt,init_user_buckets,0.041066,0,0
4,run3_initcall.txt,init_vm_util_sysctls,0.041084,0,0
4,run3_initcall.txt,default_bdi_init,0.041188,0,0
4,run3_initcall.txt,cgwb_init,0.041208,0,0
4,run3_initcall.txt,percpu_enable_async,0.041222,0,0
4,run3_initcall.txt,kcompactd_init,0.041325,0,0
4,run3_initcall.txt,init_mm_sysctl,0.041344,0,0
4,run3_initcall.txt,init_user_reserve,0.04136,0,0
4,run3_initcall.txt,init_admin_reserve,0.041374,0,0
4,run3_initcall.txt,init_reserve_notifier,0.041388,0,0
4,run3_initcall.txt,swap_init,0.041408,0,0
4,run3_initcall.txt,swapfile_init,0.041429,0,0
4,run3_initcall.txt,memory_tier_init,0.04147,0,0
4,run3_initcall.txt,numa_init_sysfs,0.04149,0,0
4,run3_initcall.txt,mem_cgroup_swap_init,0.041507,0,0
4,run3_initcall.txt,init_msg_buckets,0.041524,0,0
4,run3_initcall.txt,init_bio,0.04157,0,0
4,run3_initcall.txt,blk_ioc_init,0.041589,0,0
4,run3_initcall.txt,blk_mq_init,0.041607,0,0
4,run3_initcall.txt,genhd_device_init,0.041696,0,0
4,run3_initcall.txt,blkcg_punt_bio_init,0.041803,0,0
4,run3_initcall.txt,blk_integrity_auto_init,0.04187,0,0
4,run3_initcall.txt,io_wq_init,0.04189,0,0
4,run3_initcall.txt,crc_t10dif_mod_init,0.041915,0,0
4,run3_initcall.txt,sha256_mod_init,0.041934,0,0
4,run3_initcall.txt,sha512_mod_init,0.041951,0,0
4,run3_initcall.txt,sg_pool_init,0.041982,0,0
4,run3_initcall.txt,gpiolib_debugfs_init,0.042003,0,0
4,run3_initcall.txt,stmpe_gpio_init,0.042072,0,0
4,run3_initcall.txt,pwm_init,0.042094,0,0
4,run3_initcall.txt,leds_init,0.04212,0,0
4,run3_initcall.txt,pci_slot_init,0.042139,0,0
4,run3_initcall.txt,fbmem_init,0.042191,0,0
4,run3_initcall.txt,bcm2835_dma_init,0.042877,0,0
4,run3_initcall.txt,regulator_fixed_voltage_init,0.042942,0,0
4,run3_initcall.txt,gpio_regulator_init,0.04299,0,0
4,run3_initcall.txt,init_sysrq_sysctl,0.043014,0,0
4,run3_initcall.txt,misc_init,0.043041,0,0
4,run3_initcall.txt,iommu_subsys_init,0.043071,0,0
4,run3_initcall.txt,register_cpu_capacity_sysctl,0.043404,0,0
4,run3_initcall.txt,dma_buf_init,0.043461,0,0
4,run3_initcall.txt,dma_heap_init,0.043488,0,0
4,run3_initcall.txt,init_scsi,0.043579,0,0
4,run3_initcall.txt,mdio_bus_init,0.043606,0,0
4,run3_initcall.txt,phy_init,0.043648,0,0
4,run3_initcall.txt,usb_common_init,0.043664,0,0
4,run3_initcall.txt,usb_init,0.043765,0,0
4,run3_initcall.txt,usb_phy_generic_init,0.043886,0,0
4,run3_initcall.txt,usb_udc_init,0.043914,0,0
4,run3_initcall.txt,usb_roles_init,0.043932,0,0
4,run3_initcall.txt,input_init,0.043959,0,0
4,run3_initcall.txt,rtc_init,0.043977,0,0
4,run3_initcall.txt,rc_core_init,0.044002,0,0
4,run3_initcall.txt,pps_init,0.044034,0,0
4,run3_initcall.txt,ptp_init,0.044058,0,0
4,run3_initcall.txt,power_supply_class_init,0.044089,0,4000
4,run3_initcall.txt,hwmon_init,0.04411,0,0
4,run3_initcall.txt,mmc_init,0.044152,0,0
4,run3_initcall.txt,dmi_init,0.04417,0,0
4,run3_initcall.txt,efisubsys_init,0.044185,0,0
4,run3_initcall.txt,arm_pmu_hp_init,0.044201,0,0
4,run3_initcall.txt,ras_init,0.044222,0,0
4,run3_initcall.txt,nvmem_init,0.044254,0,0
4,run3_initcall.txt,init_soundcore,0.044275,0,0
4,run3_initcall.txt,proto_init,0.044294,0,0
4,run3_initcall.txt,net_dev_init,0.044509,0,0
4,run3_initcall.txt,neigh_init,0.04453,0,0
4,run3_initcall.txt,fib_notifier_init,0.044546,0,0
4,run3_initcall.txt,netdev_genl_init,0.044584,0,0
4,run3_initcall.txt,page_pool_user_init,0.044602,0,0
4,run3_initcall.txt,fib_rules_init,0.044619,0,0
4,run3_initcall.txt,init_cgroup_netprio,0.044635,0,0
4,run3_initcall.txt,bpf_lwt_init,0.04465,0,0
4,run3_initcall.txt,pktsched_init,0.04467,0,0
4,run3_initcall.txt,tc_filter_init,0.044704,0,0
4,run3_initcall.txt,tc_action_init,0.044721,0,0
4,run3_initcall.txt,ethnl_init,0.044793,0,0
4,run3_initcall.txt,nexthop_init,0.044815,0,0
4,run3_initcall.txt,devlink_init,0.044891,0,0
4,run3_initcall.txt,wireless_nlevent_init,0.04491,0,0
4,run3_initcall.txt,vsprintf_init_hashval,0.044929,0,0
4,run3_initcall.txt,init_32bit_el0_mask,0.044943,0,0
4,run3_initcall.txt,vga_arb_device_init,0.045053,0,0
4,run3_initcall.txt,watchdog_init,0.045158,0,0
4,run3_initcall.txt,create_debug_debugfs_entry,0.045261,0,0
4,run3_initcall.txt,iomem_init_inode,0.045297,0,0
4,run3_initcall.txt,clocksource_done_booting,0.045342,0,13
4,run3_initcall.txt,bpf_init,0.045365,0,5
4,run3_initcall.txt,secretmem_init,0.045396,0,12
4,run3_initcall.txt,init_fs_stat_sysctls,0.045425,0,9
4,run3_initcall.txt,init_fs_exec_sysctls,0.045443,0,1
4,run3_initcall.txt,init_pipe_fs,0.045472,0,11
4,run3_initcall.txt,init_fs_namei_sysctls,0.045494,0,2
4,run3_initcall.txt,init_fs_dcache_sysctls,0.045517,0,6
4,run3_initcall.txt,init_fs_namespace_sysctls,0.045534,0,1
4,run3_initcall.txt,cgroup_writeback_init,0.045552,0,3
4,run3_initcall.txt,inotify_user_setup,0.045578,0,13
4,run3_initcall.txt,eventpoll_init,0.045611,0,19
4,run3_initcall.txt,anon_inode_init,0.045636,0,9
4,run3_initcall.txt,proc_locks_init,0.045654,0,3
4,run3_initcall.txt,backing_aio_init,0.045674,0,3
4,run3_initcall.txt,init_fs_coredump_sysctls,0.045694,0,6
4,run3_initcall.txt,init_vm_drop_caches_sysctls,0.045711,0,2
4,run3_initcall.txt,iomap_dio_init,0.045746,0,20
4,run3_initcall.txt,iomap_ioend_init,0.045783,0,22
4,run3_initcall.txt,dquot_init,0.04593,0,132
4,run3_initcall.txt,proc_cmdline_init,0.045952,0,2
4,run3_initcall.txt,proc_consoles_init,0.045967,0,1
4,run3_initcall.txt,proc_cpuinfo_init,0.045982,0,1
4,run3_initcall.txt,proc_devices_init,0.045997,0,0
4,run3_initcall.txt,proc_interrupts_init,0.046012,0,1
4,run3_initcall.txt,proc_loadavg_init,0.046027,0,0
4,run3_initcall.txt,proc_meminfo_init,0.046042,0,0
4,run3_initcall.txt,proc_stat_init,0.046056,0,1
4,run3_initcall.txt,proc_uptime_init,0.046072,0,1
4,run3_initcall.txt,proc_version_init,0.046086,0,0
4,run3_initcall.txt,proc_softirqs_init,0.046101,0,0
4,run3_initcall.txt,proc_kmsg_init,0.046116,0,1
4,run3_initcall.txt,proc_page_init,0.046134,0,4
4,run3_initcall.txt,init_ramfs_fs,0.046151,0,2
4,run3_initcall.txt,aa_create_aafs,0.046168,0,0
4,run3_initcall.txt,chr_dev_init,0.049122,0,2937
4,run3_initcall.txt,hwrng_modinit,0.049203,0,44
4,run3_initcall.txt,firmware_class_init,0.049224,0,1
4,run3_initcall.txt,sysctl_core_init,0.049268,0,26
4,run3_initcall.txt,eth_offload_init,0.049286,0,1
4,run3_initcall.txt,ipv4_offload_init,0.049304,0,1
4,run3_initcall.txt,inet_init,0.052917,0,3596
4,run3_initcall.txt,af_unix_init,0.052977,0,19
4,run3_initcall.txt,ipv6_offload_init,0.052997,0,1
4,run3_initcall.txt,init_sunrpc,0.053363,0,349
4,run3_initcall.txt,vlan_offload_init,0.053382,0,0
4,run3_initcall.txt,pci_apply_final_quirks,0.05341,0,10
4,run3_initcall.txt,populate_rootfs,0.053432,0,6
4,run3_initcall.txt,register_arm64_panic_block,0.053539,0,0
4,run3_initcall.txt,cpuinfo_regs_init,0.05363,0,76
4,run3_initcall.txt,aarch32_el0_sysfs_init,0.053647,0,0
4,run3_initcall.txt,kvm_arm_init,0.056903,0,3237
4,run3_initcall.txt,proc_execdomains_init,0.056944,0,3
4,run3_initcall.txt,register_warn_debugfs,0.056966,0,3
4,run3_initcall.txt,cpuhp_sysfs_init,0.057006,0,22
4,run3_initcall.txt,ioresources_init,0.057026,0,3
4,run3_initcall.txt,psi_proc_init,0.057048,0,0
4,run3_initcall.txt,irq_gc_init_ops,0.057063,0,0
4,run3_initcall.txt,irq_debugfs_init,0.057143,0,65
4,run3_initcall.txt,proc_modules_init,0.057162,0,1
4,run3_initcall.txt,timer_sysctl_init,0.057185,0,7
4,run3_initcall.txt,timekeeping_init_ops,0.057201,0,0
4,run3_initcall.txt,init_clocksource_sysfs,0.057272,0,54
4,run3_initcall.txt,init_timer_list_procfs,0.057291,0,1
4,run3_initcall.txt,alarmtimer_init,0.057382,0,73
4,run3_initcall.txt,clockevents_init_sysfs,0.057507,0,106
4,run3_initcall.txt,sched_clock_syscore_init,0.057526,0,0
4,run3_initcall.txt,kallsyms_init,0.057544,0,2
4,run3_initcall.txt,pid_namespaces_init,0.057584,0,22
4,run3_initcall.txt,audit_watch_init,0.057602,0,0
4,run3_initcall.txt,audit_fsnotify_init,0.057619,0,0
4,run3_initcall.txt,audit_tree_init,0.057638,0,2
4,run3_initcall.txt,seccomp_sysctl_init,0.05766,0,4
4,run3_initcall.txt,utsname_sysctl_init,0.057684,0,6
4,run3_initcall.txt,init_lstats_procfs,0.057704,0,3
4,run3_initcall.txt,perf_event_sysfs_init,0.057772,0,52
4,run3_initcall.txt,system_trusted_keyring_init,0.0578,0,13
4,run3_initcall.txt,kswapd_init,0.057979,0,164
4,run3_initcall.txt,extfrag_debug_init,0.058004,0,8
4,run3_initcall.txt,mm_compute_batch_init,0.058018,0,0
4,run3_initcall.txt,slab_proc_init,0.058035,0,2
4,run3_initcall.txt,workingset_init,0.058058,0,7
4,run3_initcall.txt,proc_vmalloc_init,0.058075,0,3
4,run3_initcall.txt,memblock_init_debugfs,0.058096,0,5
4,run3_initcall.txt,slab_debugfs_init,0.058118,0,5
4,run3_initcall.txt,procswaps_init,0.058135,0,1
4,run3_initcall.txt,zs_init,0.058152,0,0
4,run3_initcall.txt,fcntl_init,0.058171,0,2
4,run3_initcall.txt,proc_filesystems_init,0.058189,0,1
4,run3_initcall.txt,start_dirtytime_writeback,0.058209,0,4
4,run3_initcall.txt,dio_init,0.058224,0,1
4,run3_initcall.txt,dnotify_init,0.058251,0,14
4,run3_initcall.txt,fanotify_user_setup,0.058275,0,10
4,run3_initcall.txt,aio_setup,0.058327,0,38
4,run3_initcall.txt,mbcache_init,0.05835,0,6
4,run3_initcall.txt,init_grace,0.058366,0,2
4,run3_initcall.txt,init_devpts_fs,0.058387,0,7
4,run3_initcall.txt,ext4_init_fs,0.058476,0,74
4,run3_initcall.txt,journal_init,0.058507,0,15
4,run3_initcall.txt,init_fat_fs,0.058528,0,6
4,run3_initcall.txt,init_vfat_fs,0.058544,0,0
4,run3_initcall.txt,init_msdos_fs,0.058558,0,0
4,run3_initcall.txt,init_nfs_fs,0.058701,0,128
4,run3_initcall.txt,init_nfs_v2,0.058721,0,0
4,run3_initcall.txt,init_nfs_v3,0.058735,0,0
4,run3_initcall.txt,init_nfs_v4,0.058776,0,27
4,run3_initcall.txt,nfs4filelayout_init,0.058797,0,6
4,run3_initcall.txt,nfs4flexfilelayout_init,0.058818,0,6
4,run3_initcall.txt,init_nlm,0.058859,0,25
4,run3_initcall.txt,init_nls_cp437,0.058877,0,0
4,run3_initcall.txt,init_nls_ascii,0.058891,0,0
4,run3_initcall.txt,init_autofs_fs,0.059001,0,94
4,run3_initcall.txt,init_f2fs_fs,0.059141,0,123
4,run3_initcall.txt,ipc_init,0.059172,0,13
4,run3_initcall.txt,ipc_sysctl_init,0.059205,0,16
4,run3_initcall.txt,init_mqueue_fs,0.059255,0,34
4,run3_initcall.txt,key_proc_init,0.059274,0,2
4,run3_initcall.txt,bpf_crypto_skcipher_init,0.059293,0,0
4,run3_initcall.txt,dh_init,0.059313,0,3
4,run3_initcall.txt,rsa_init,0.059329,0,1
4,run3_initcall.txt,cryptomgr_init,0.059345,0,0
4,run3_initcall.txt,hmac_module_init,0.059362,0,0
4,run3_initcall.txt,crypto_sha256_mod_init,0.059382,0,4
4,run3_initcall.txt,crypto_ecb_module_init,0.059399,0,0
4,run3_initcall.txt,crypto_cbc_module_init,0.059415,0,0
4,run3_initcall.txt,crypto_cts_module_init,0.059432,0,0
4,run3_initcall.txt,xts_module_init,0.059448,0,0
4,run3_initcall.txt,des_generic_mod_init,0.059466,0,1
4,run3_initcall.txt,aes_init,0.059482,0,0
4,run3_initcall.txt,lzo_mod_init,0.059499,0,1
4,run3_initcall.txt,lzorle_mod_init,0.059516,0,1
4,run3_initcall.txt,asymmetric_key_init,0.059537,0,5
4,run3_initcall.txt,x509_key_init,0.059558,0,5
4,run3_initcall.txt,crypto_kdf108_init,0.059575,0,0
4,run3_initcall.txt,blkdev_init,0.059603,0,11
4,run3_initcall.txt,proc_genhd_init,0.059624,0,3
4,run3_initcall.txt,bsg_init,0.059659,0,18
4,run3_initcall.txt,throtl_init,0.059743,0,66
4,run3_initcall.txt,deadline_init,0.059767,0,6
4,run3_initcall.txt,kyber_init,0.059789,0,5
4,run3_initcall.txt,bfq_init,0.059827,0,20
4,run3_initcall.txt,io_uring_init,0.059861,0,16
4,run3_initcall.txt,percpu_counter_startup,0.059913,0,34
4,run3_initcall.txt,audit_classes_init,0.059934,0,2
4,run3_initcall.txt,gicv5_iwb_platform_driver_init,0.060013,0,63
4,run3_initcall.txt,mip_msi_driver_init,0.060055,0,26
4,run3_initcall.txt,bcm7038_l1_driver_init,0.060095,0,26
4,run3_initcall.txt,bcm7120_l2_driver_init,0.060139,0,29
4,run3_initcall.txt,brcmstb_l2_driver_init,0.060194,0,39
4,run3_initcall.txt,simple_pm_bus_driver_init,0.060745,0,537
4,run3_initcall.txt,phy_core_init,0.060776,0,14
4,run3_initcall.txt,brcm_usb_driver_init,0.060843,0,52
4,run3_initcall.txt,rp1_pinctrl_driver_init,0.060884,0,26
4,run3_initcall.txt,bcm2835_pinctrl_driver_init,0.061674,0,775
4,run3_initcall.txt,bcm2712_pinctrl_driver_init,0.06174,0,40
4,run3_initcall.txt,brcmvirt_gpio_driver_init,0.061784,0,28
4,run3_initcall.txt,brcmstb_gpio_driver_init,0.061826,0,26
4,run3_initcall.txt,rpi_exp_gpio_driver_init,0.062185,0,343
4,run3_initcall.txt,brcmstb_pwm_driver_init,0.062229,0,28
4,run3_initcall.txt,rp1_pwm_driver_init,0.062279,0,35
4,run3_initcall.txt,gpio_led_driver_init,0.06397,0,1676
4,run3_initcall.txt,led_pwm_driver_init,0.064022,0,35
4,run3_initcall.txt,timer_led_trigger_init,0.064038,0,1
4,run3_initcall.txt,oneshot_led_trigger_init,0.064053,0,0
4,run3_initcall.txt,heartbeat_trig_init,0.064071,0,1
4,run3_initcall.txt,bl_led_trigger_init,0.064085,0,0
4,run3_initcall.txt,ledtrig_cpu_init,0.064145,0,46
4,run3_initcall.txt,defon_led_trigger_init,0.064187,0,28
4,run3_initcall.txt,input_trig_init,0.064204,0,1
4,run3_initcall.txt,ledtrig_panic_init,0.064218,0,1
4,run3_initcall.txt,actpwr_trig_init,0.06436,0,127
4,run3_initcall.txt,pcie_portdrv_init,0.064429,0,51
4,run3_initcall.txt,pci_proc_init,0.064452,0,8
4,run3_initcall.txt,brcm_pcie_driver_init,0.178188,0,113722
4,run3_initcall.txt,bcm2708_fb_init,0.190372,0,12162
4,run3_initcall.txt,simplefb_driver_init,0.190475,0,45
4,run3_initcall.txt,of_fixed_factor_clk_driver_init,0.190552,0,30
4,run3_initcall.txt,of_fixed_clk_driver_init,0.190625,0,27
4,run3_initcall.txt,gpio_clk_driver_init,0.1907,0,32
4,run3_initcall.txt,gated_fixed_clk_driver_init,0.190771,0,27
4,run3_initcall.txt,rp1_clk_driver_init,0.190843,0,28
4,run3_initcall.txt,rp1_sdio_clk_driver_init,0.190913,0,27
4,run3_initcall.txt,clk_dvp_driver_init,0.190983,0,27
4,run3_initcall.txt,bcm2835_aux_clk_driver_init,0.191087,0,58
4,run3_initcall.txt,raspberrypi_clk_driver_init,0.206518,0,15384
4,run3_initcall.txt,dw_driver_init,0.206601,0,37
4,run3_initcall.txt,bcm2835_power_driver_init,0.206663,0,19
4,run3_initcall.txt,rpi_power_driver_init,0.224759,0,18051
4,run3_initcall.txt,brcmstb_reset_driver_init,0.226665,0,32
4,run3_initcall.txt,brcm_rescal_reset_driver_init,0.228512,0,32
4,run3_initcall.txt,rpi_reset_driver_init,0.2314,0,1021
4,run3_initcall.txt,reset_simple_driver_init,0.233384,0,71
4,run3_initcall.txt,n_null_init,0.23527,0,0
4,run3_initcall.txt,pty_init,0.237234,0,77
4,run3_initcall.txt,sysrq_init,0.239148,0,14
4,run3_initcall.txt,serial8250_init,0.241036,-19,0
4,run3_initcall.txt,bcm2835aux_serial_driver_init,0.242969,0,34
4,run3_initcall.txt,brcmuart_init,0.244865,0,44
4,run3_initcall.txt,exar_pci_driver_init,0.246785,0,26
4,run3_initcall.txt,of_platform_serial_driver_init,0.248743,0,69
4,run3_initcall.txt,serial_pci_driver_init,0.250665,0,27
4,run3_initcall.txt,pericom8250_pci_driver_init,0.25258,0,21
4,run3_initcall.txt,init_kgdboc,0.25547,0,999
4,run3_initcall.txt,random_sysctls_init,0.257364,0,14
4,run3_initcall.txt,ttyprintk_init,0.259317,0,57
4,run3_initcall.txt,bcm2835_rng_driver_init,0.261234,0,47
4,run3_initcall.txt,bcm74110_rng_driver_init,0.263203,0,30
4,run3_initcall.txt,iproc_rng200_driver_init,0.267378,0,2205
4,run3_initcall.txt,smccc_trng_driver_init,0.269464,0,22
4,run3_initcall.txt,vc_mem_init,0.272765,0,1195
4,run3_initcall.txt,vcio_driver_init,0.276359,0,1406
4,run3_initcall.txt,bcm2712_iommu_driver_init,0.278624,0,33
4,run3_initcall.txt,bcm2712_iommu_cache_driver_init,0.280963,0,30
4,run3_initcall.txt,topology_sysfs_init,0.283376,0,61
4,run3_initcall.txt,cacheinfo_sysfs_init,0.285996,0,236
4,run3_initcall.txt,devcoredump_init,0.288405,0,9
4,run3_initcall.txt,brd_init,0.295534,0,4757
4,run3_initcall.txt,loop_init,0.301486,0,3589
4,run3_initcall.txt,bcm2835_pm_driver_init,0.305078,0,1271
4,run3_initcall.txt,stmpe_i2c_driver_init,0.307423,0,14
4,run3_initcall.txt,stmpe_spi_driver_init,0.309755,0,11
4,run3_initcall.txt,rp1_driver_init,0.312057,0,24
4,run3_initcall.txt,system_heap_create,0.314471,0,78
4,run3_initcall.txt,add_default_cma_heap,0.316887,0,81
4,run3_initcall.txt,udmabuf_dev_init,0.319272,0,41
4,run3_initcall.txt,iscsi_transport_init,0.323008,0,1396
4,run3_initcall.txt,init_sd,0.32537,0,22
4,run3_initcall.txt,nvme_core_init,0.32793,0,241
4,run3_initcall.txt,nvme_init,0.330287,0,26
4,run3_initcall.txt,blackhole_netdev_init,0.332635,0,16
4,run3_initcall.txt,netkit_init,0.33496,0,6
4,run3_initcall.txt,phylink_init,0.337277,0,0
4,run3_initcall.txt,phy_module_init,0.339758,0,169
4,run3_initcall.txt,phy_module_init,0.342238,0,174
4,run3_initcall.txt,fixed_mdio_bus_init,0.344673,0,142
4,run3_initcall.txt,phy_module_init,0.347149,0,163
4,run3_initcall.txt,phy_module_init,0.349478,0,21
4,run3_initcall.txt,phy_module_init,0.351824,0,62
4,run3_initcall.txt,unimac_mdio_driver_init,0.354187,0,91
4,run3_initcall.txt,macb_driver_init,0.356539,0,81
4,run3_initcall.txt,bcmgenet_driver_init,0.558274,0,199463
4,run3_initcall.txt,bcmasp_driver_init,0.56061,0,60
4,run3_initcall.txt,lan78xx_driver_init,0.564032,0,1175
4,run3_initcall.txt,smsc95xx_driver_init,0.567537,0,1180
4,run3_initcall.txt,usbnet_init,0.56987,0,0
4,run3_initcall.txt,xhci_hcd_init,0.572183,0,11
4,run3_initcall.txt,xhci_pci_init,0.698132,0,123644
4,run3_initcall.txt,xhci_plat_init,0.700417,0,91
4,run3_initcall.txt,dwc_otg_driver_init,0.707004,0,4394
4,run3_initcall.txt,dwc_common_port_init_module,0.710392,0,1231
4,run3_initcall.txt,dwc3_driver_init,0.712561,0,43
4,run3_initcall.txt,dwc3_haps_driver_init,0.714748,0,26
4,run3_initcall.txt,dwc3_of_simple_driver_init,0.716955,0,45
4,run3_initcall.txt,dwc3_generic_driver_init,0.719149,0,33
4,run3_initcall.txt,dwc2_platform_driver_init,0.721398,0,111
4,run3_initcall.txt,uas_init,0.724695,0,1160
4,run3_initcall.txt,usb_storage_driver_init,0.727883,0,1052
4,run3_initcall.txt,brcmstb_usb_pinmap_init,0.730039,-19,54
4,run3_initcall.txt,bdc_driver_init,0.732187,0,36
4,run3_initcall.txt,input_leds_init,0.734323,0,1
4,run3_initcall.txt,mousedev_init,0.73762,0,1168
4,run3_initcall.txt,evdev_init,0.739793,0,0
4,run3_initcall.txt,brcmstb_waketmr_driver_init,0.741988,0,37
4,run3_initcall.txt,rpi_rtc_driver_init,0.744183,0,31
4,run3_initcall.txt,init_rc_map_adstech_dvb_t_pci,0.746313,0,0
4,run3_initcall.txt,init_rc_map_alink_dtu_m,0.748465,0,0
4,run3_initcall.txt,init_rc_map_anysee,0.75062,0,0
4,run3_initcall.txt,init_rc_map_apac_viewcomp,0.752794,0,0
4,run3_initcall.txt,init_rc_map_t2hybrid,0.754977,0,0
4,run3_initcall.txt,init_rc_map_asus_pc39,0.757136,0,0
4,run3_initcall.txt,init_rc_map_asus_ps3_100,0.759312,0,0
4,run3_initcall.txt,init_rc_map_ati_tv_wonder_hd_600,0.761445,0,0
4,run3_initcall.txt,init_rc_map_ati_x10,0.763625,0,0
4,run3_initcall.txt,init_rc_map_avermedia_a16d,0.765828,0,0
4,run3_initcall.txt,init_rc_map_avermedia_cardbus,0.768031,0,0
4,run3_initcall.txt,init_rc_map_avermedia_dvbt,0.770227,0,0
4,run3_initcall.txt,init_rc_map_avermedia_m135a,0.772421,0,0
4,run3_initcall.txt,init_rc_map_avermedia_m733a_rm_k6,0.774632,0,0
4,run3_initcall.txt,init_rc_map_avermedia,0.776839,0,0
4,run3_initcall.txt,init_rc_map_avermedia_rm_ks,0.779011,0,0
4,run3_initcall.txt,init_rc_map_avertv_303,0.781219,0,0
4,run3_initcall.txt,init_rc_map_azurewave_ad_tu700,0.783427,0,0
4,run3_initcall.txt,init_rc_map_beelink_gs1,0.785622,0,0
4,run3_initcall.txt,init_rc_map_beelink_mxiii,0.787815,0,0
4,run3_initcall.txt,init_rc_map_behold_columbus,0.79001,0,0
4,run3_initcall.txt,init_rc_map_behold,0.792197,0,0
4,run3_initcall.txt,init_rc_map_budget_ci_old,0.794378,0,0
4,run3_initcall.txt,init_rc_map_cinergy_1400,0.796514,0,0
4,run3_initcall.txt,init_rc_map_cinergy,0.798926,0,0
4,run3_initcall.txt,init_rc_map_ct_90405,0.801063,0,0
4,run3_initcall.txt,init_rc_map_d680_dmb,0.803201,0,0
4,run3_initcall.txt,init_rc_map_delock_61959,0.80531,0,0
4,run3_initcall.txt,init_rc_map,0.807423,0,0
4,run3_initcall.txt,init_rc_map,0.809585,0,0
4,run3_initcall.txt,init_rc_map_digitalnow_tinytwin,0.81166,0,0
4,run3_initcall.txt,init_rc_map_digittrade,0.813861,0,0
4,run3_initcall.txt,init_rc_map_dm1105_nec,0.81606,0,1
4,run3_initcall.txt,init_rc_map_dntv_live_dvb_t,0.818286,0,0
4,run3_initcall.txt,init_rc_map_dntv_live_dvbt_pro,0.820384,0,0
4,run3_initcall.txt,init_rc_map_dreambox,0.822489,0,0
4,run3_initcall.txt,init_rc_map_dtt200u,0.824589,0,0
4,run3_initcall.txt,init_rc_map_rc5_dvbsky,0.826688,0,0
4,run3_initcall.txt,init_rc_map_dvico_mce,0.828744,0,0
4,run3_initcall.txt,init_rc_map_dvico_portable,0.83084,0,0
4,run3_initcall.txt,init_rc_map_em_terratec,0.832918,0,0
4,run3_initcall.txt,init_rc_map_encore_enltv2,0.835146,0,0
4,run3_initcall.txt,init_rc_map_encore_enltv_fm53,0.837243,0,0
4,run3_initcall.txt,init_rc_map_encore_enltv,0.839354,0,0
4,run3_initcall.txt,init_rc_map_evga_indtube,0.841438,0,0
4,run3_initcall.txt,init_rc_map_eztv,0.843514,0,0
4,run3_initcall.txt,init_rc_map_flydvb,0.845541,0,0
4,run3_initcall.txt,init_rc_map_flyvideo,0.847601,0,0
4,run3_initcall.txt,init_rc_map_fusionhdtv_mce,0.84965,0,0
4,run3_initcall.txt,init_rc_map_gadmei_rm008z,0.851689,0,0
4,run3_initcall.txt,init_rc_map_geekbox,0.853731,0,0
4,run3_initcall.txt,init_rc_map_genius_tvgo_a11mce,0.855762,0,0
4,run3_initcall.txt,init_rc_map_gotview7135,0.857799,0,0
4,run3_initcall.txt,init_rc_map_rc5_hauppauge_new,0.859841,0,0
4,run3_initcall.txt,init_rc_map_hisi_poplar,0.861863,0,0
4,run3_initcall.txt,init_rc_map_hisi_tv_demo,0.863925,0,0
4,run3_initcall.txt,init_rc_map_imon_mce,0.865976,0,0
4,run3_initcall.txt,init_rc_map_imon_pad,0.868033,0,0
4,run3_initcall.txt,init_rc_map_imon_rsc,0.870073,0,0
4,run3_initcall.txt,init_rc_map_iodata_bctv7e,0.872102,0,0
4,run3_initcall.txt,init_rc_it913x_v1_map,0.874133,0,0
4,run3_initcall.txt,init_rc_it913x_v2_map,0.876165,0,0
4,run3_initcall.txt,init_rc_map_kaiomy,0.878235,0,0
4,run3_initcall.txt,init_rc_map_khadas,0.880257,0,0
4,run3_initcall.txt,init_rc_map_khamsin,0.882272,0,0
4,run3_initcall.txt,init_rc_map_kworld_315u,0.884272,0,0
4,run3_initcall.txt,init_rc_map_kworld_pc150u,0.886275,0,0
4,run3_initcall.txt,init_rc_map_kworld_plus_tv_analog,0.88827,0,0
4,run3_initcall.txt,init_rc_map_leadtek_y04g0051,0.89028,0,0
4,run3_initcall.txt,init_rc_lme2510_map,0.892286,0,0
4,run3_initcall.txt,init_rc_map_manli,0.894298,0,0
4,run3_initcall.txt,init_rc_map_mecool_kiii_pro,0.896299,0,0
4,run3_initcall.txt,init_rc_map_mecool_kii_pro,0.898358,0,0
4,run3_initcall.txt,init_rc_map_medion_x10_digitainer,0.900379,0,0
4,run3_initcall.txt,init_rc_map_medion_x10,0.9024,0,0
4,run3_initcall.txt,init_rc_map_medion_x10_or2x,0.904427,0,0
4,run3_initcall.txt,init_rc_map_minix_neo,0.906452,0,0
4,run3_initcall.txt,init_rc_map_msi_digivox_iii,0.908492,0,0
4,run3_initcall.txt,init_rc_map_msi_digivox_ii,0.910558,0,0
4,run3_initcall.txt,init_rc_map_msi_tvanywhere,0.912577,0,0
4,run3_initcall.txt,init_rc_map_msi_tvanywhere_plus,0.914634,0,0
4,run3_initcall.txt,init_rc_map_mygica_utv3,0.916676,0,0
4,run3_initcall.txt,init_rc_map_nebula,0.918733,0,0
4,run3_initcall.txt,init_rc_map_nec_terratec_cinergy_xs,0.920772,0,0
4,run3_initcall.txt,init_rc_map_norwood,0.922816,0,0
4,run3_initcall.txt,init_rc_map_npgtech,0.924852,0,0
4,run3_initcall.txt,init_rc_map_odroid,0.92689,0,0
4,run3_initcall.txt,init_rc_map_pctv_sedna,0.928874,0,0
4,run3_initcall.txt,init_rc_map_pine64,0.930904,0,0
4,run3_initcall.txt,init_rc_map_pinnacle_color,0.93294,0,0
4,run3_initcall.txt,init_rc_map_pinnacle_grey,0.936066,0,0
4,run3_initcall.txt,init_rc_map_pinnacle_pctv_hd,0.938204,0,0
4,run3_initcall.txt,init_rc_map_pixelview,0.940313,0,0
4,run3_initcall.txt,init_rc_map_pixelview,0.942382,0,0
4,run3_initcall.txt,init_rc_map_pixelview_new,0.944439,0,0
4,run3_initcall.txt,init_rc_map_pixelview,0.946502,0,0
4,run3_initcall.txt,init_rc_map_powercolor_real_angel,0.948578,0,0
4,run3_initcall.txt,init_rc_map_proteus_2309,0.950668,0,0
4,run3_initcall.txt,init_rc_map_purpletv,0.952748,0,0
4,run3_initcall.txt,init_rc_map_pv951,0.954824,0,0
4,run3_initcall.txt,init_rc_map_rc6_mce,0.956898,0,0
4,run3_initcall.txt,init_rc_map_real_audio_220_32_keys,0.958979,0,0
4,run3_initcall.txt,init_rc_map_reddo,0.961055,0,0
4,run3_initcall.txt,init_rc_map_siemens_gigaset_rc20,0.963136,0,0
4,run3_initcall.txt,init_rc_map_snapstream_firefly,0.965239,0,0
4,run3_initcall.txt,init_rc_map_streamzap,0.967348,0,0
4,run3_initcall.txt,init_rc_map_su3000,0.969475,0,0
4,run3_initcall.txt,init_rc_map_tanix_tx3mini,0.97159,0,0
4,run3_initcall.txt,init_rc_map_tanix_tx5max,0.973698,0,0
4,run3_initcall.txt,init_rc_map_tbs_nec,0.975817,0,0
4,run3_initcall.txt,init_rc_map,0.97796,0,0
4,run3_initcall.txt,init_rc_map,0.980123,0,0
4,run3_initcall.txt,init_rc_map_terratec_cinergy_c_pci,0.982296,0,0
4,run3_initcall.txt,init_rc_map_terratec_cinergy_s2_hd,0.984463,0,0
4,run3_initcall.txt,init_rc_map_terratec_cinergy_xs,0.986634,0,0
4,run3_initcall.txt,init_rc_map_terratec_slim_2,0.988797,0,0
4,run3_initcall.txt,init_rc_map_terratec_slim,0.990965,0,0
4,run3_initcall.txt,init_rc_map_tevii_nec,0.993147,0,0
4,run3_initcall.txt,init_rc_map_tivo,0.995307,0,0
4,run3_initcall.txt,init_rc_map_total_media_in_hand_02,0.997522,0,0
4,run3_initcall.txt,init_rc_map_total_media_in_hand,0.999724,0,0
4,run3_initcall.txt,init_rc_map_trekstor,1.001996,0,0
4,run3_initcall.txt,init_rc_map_tt_1500,1.004172,0,0
4,run3_initcall.txt,init_rc_map_twinhan_vp1027,1.006365,0,0
4,run3_initcall.txt,init_rc_map_twinhan_dtv_cab_ci,1.008558,0,0
4,run3_initcall.txt,init_rc_map_vega_s9x,1.010749,0,0
4,run3_initcall.txt,init_rc_map_videomate_k100,1.012889,0,0
4,run3_initcall.txt,init_rc_map_videomate_s350,1.015077,0,0
4,run3_initcall.txt,init_rc_map_videomate_tv_pvr,1.017233,0,0
4,run3_initcall.txt,init_rc_map_kii_pro,1.019386,0,0
4,run3_initcall.txt,init_rc_map_wetek_hub,1.021555,0,0
4,run3_initcall.txt,init_rc_map_wetek_play2,1.023713,0,0
4,run3_initcall.txt,init_rc_map_winfast,1.025929,0,0
4,run3_initcall.txt,init_rc_map_winfast_usbii_deluxe,1.028058,0,0
4,run3_initcall.txt,init_rc_map_x96max,1.030229,0,0
4,run3_initcall.txt,init_rc_map,1.03239,0,0
4,run3_initcall.txt,init_rc_map,1.034536,0,0
4,run3_initcall.txt,init_rc_map_zx_irdec,1.036672,0,0
4,run3_initcall.txt,ptp_kvm_init,1.038868,-95,0
4,run3_initcall.txt,gpio_poweroff_driver_init,1.041082,0,73
4,run3_initcall.txt,bcm2711_thermal_driver_init,1.044718,0,1335
4,run3_initcall.txt,bcm2835_thermal_driver_init,1.046931,0,48
4,run3_initcall.txt,bcm2835_wdt_driver_init,1.049117,0,23
4,run3_initcall.txt,dt_cpufreq_platdrv_init,1.051325,0,23
4,run3_initcall.txt,brcm_avs_cpufreq_platdrv_init,1.053612,0,34
4,run3_initcall.txt,raspberrypi_cpufreq_driver_init,1.058852,0,3032
4,run3_initcall.txt,mmc_pwrseq_simple_driver_init,1.061139,0,56
4,run3_initcall.txt,mmc_pwrseq_emmc_driver_init,1.063438,0,33
4,run3_initcall.txt,mmc_blk_init,1.065764,0,42
4,run3_initcall.txt,sdhci_drv_init,1.070315,0,2271
4,run3_initcall.txt,bcm2835_mmc_driver_init,1.073813,0,1213
4,run3_initcall.txt,bcm2835_driver_init,1.076192,0,38
4,run3_initcall.txt,sdhci_pltfm_drv_init,1.082057,0,2371
4,run3_initcall.txt,sdhci_iproc_driver_init,1.085815,0,81
4,run3_initcall.txt,sdhci_brcmstb_driver_init,1.085883,0,52
4,run3_initcall.txt,esrt_sysfs_init,1.085896,-38,1
4,run3_initcall.txt,smccc_devices_init,1.085913,0,0
4,run3_initcall.txt,smccc_soc_init,1.085923,0,1
4,run3_initcall.txt,arch_timer_mmio_drv_init,1.085962,0,29
4,run3_initcall.txt,arch_timer_mmio_acpi_drv_init,1.085991,0,20
4,run3_initcall.txt,hid_init,1.086059,0,59
4,run3_initcall.txt,hid_generic_init,1.086113,0,42
4,run3_initcall.txt,hid_init,1.086162,0,39
4,run3_initcall.txt,bcm74110_mbox_driver_init,1.086206,0,33
4,run3_initcall.txt,extcon_class_init,1.086224,0,5
4,run3_initcall.txt,armv8_pmu_driver_init,1.125352,0,39119
4,run3_initcall.txt,binder_init,1.127802,0,58
4,run3_initcall.txt,rpi_otp_driver_init,1.135168,0,4973
4,run3_initcall.txt,sock_diag_init,1.138668,0,36
4,run3_initcall.txt,blackhole_init,1.140977,0,1
4,run3_initcall.txt,cls_bpf_init_mod,1.143297,0,0
4,run3_initcall.txt,gre_offload_init,1.145599,0,0
4,run3_initcall.txt,sysctl_ipv4_init,1.147963,0,79
4,run3_initcall.txt,cubictcp_register,1.150236,0,2
4,run3_initcall.txt,packet_init,1.153596,0,1129
4,run3_initcall.txt,init_rpcsec_gss,1.155839,0,19
4,run3_initcall.txt,init_kerberos_module,1.158072,0,4
4,run3_initcall.txt,dcbnl_init,1.160304,0,2
4,run3_initcall.txt,init_dns_resolver,1.163588,0,1102
4,run3_initcall.txt,handshake_init,1.165841,0,31
4,run3_initcall.txt,check_mmu_enabled_at_boot,1.168089,0,0
4,run3_initcall.txt,finalize_pkvm,1.170361,0,0
4,run3_initcall.txt,kernel_do_mounts_initrd_sysctls_init,1.173832,0,4
4,run3_initcall.txt,kernel_panic_sysctls_init,1.176113,0,12
4,run3_initcall.txt,kernel_panic_sysfs_init,1.17835,0,4
4,run3_initcall.txt,kernel_exit_sysctls_init,1.180645,0,2
4,run3_initcall.txt,kernel_exit_sysfs_init,1.182953,0,2
4,run3_initcall.txt,param_sysfs_builtin_init,1.194601,0,9336
4,run3_initcall.txt,reboot_ksysfs_init,1.197017,0,22
4,run3_initcall.txt,sched_core_sysctl_init,1.199371,0,5
4,run3_initcall.txt,sched_fair_sysctl_init,1.201726,0,2
4,run3_initcall.txt,sched_rt_sysctl_init,1.20401,0,3
4,run3_initcall.txt,sched_dl_sysctl_init,1.206273,0,2
4,run3_initcall.txt,sched_init_debug,1.208593,0,84
4,run3_initcall.txt,cpu_latency_qos_init,1.21179,0,160
4,run3_initcall.txt,printk_late_init,1.214101,0,23
4,run3_initcall.txt,init_srcu_module_notifier,1.216382,0,1
4,run3_initcall.txt,kernel_rcu_stall_sysfs_init,1.218783,0,3
4,run3_initcall.txt,swiotlb_create_default_debugfs,1.221078,0,16
4,run3_initcall.txt,tk_debug_sleep_time_init,1.22341,0,3
4,run3_initcall.txt,bpf_ksym_iter_register,1.225727,0,1
4,run3_initcall.txt,kernel_acct_sysctls_init,1.228013,0,3
4,run3_initcall.txt,bpf_rstat_kfunc_init,1.230341,0,1
4,run3_initcall.txt,debugfs_kprobe_init,1.232678,0,19
4,run3_initcall.txt,kernel_delayacct_sysctls_init,1.235113,0,4
4,run3_initcall.txt,taskstats_init,1.238638,0,1165
4,run3_initcall.txt,bpf_global_ma_init,1.241156,0,212
4,run3_initcall.txt,bpf_syscall_sysctl_init,1.243513,0,5
4,run3_initcall.txt,unbound_reg_init,1.245775,0,0
4,run3_initcall.txt,kfunc_init,1.248058,0,1
4,run3_initcall.txt,bpf_map_iter_init,1.250349,0,0
4,run3_initcall.txt,init_subsystem,1.252631,0,0
4,run3_initcall.txt,task_iter_init,1.254896,0,1
4,run3_initcall.txt,bpf_prog_iter_init,1.257152,0,0
4,run3_initcall.txt,bpf_link_iter_init,1.25939,0,1
4,run3_initcall.txt,init_trampolines,1.261577,0,2
4,run3_initcall.txt,rqspinlock_register_kfuncs,1.263797,0,0
4,run3_initcall.txt,kfunc_init,1.265997,0,0
4,run3_initcall.txt,bpf_cgroup_iter_init,1.268174,0,3
4,run3_initcall.txt,cpumask_kfunc_init,1.270355,0,8
4,run3_initcall.txt,crypto_kfunc_init,1.272521,0,0
4,run3_initcall.txt,bpf_kmem_cache_iter_init,1.274708,0,0
4,run3_initcall.txt,dmabuf_iter_init,1.2769,0,0
4,run3_initcall.txt,load_system_certificate_list,1.280151,0,1092
4,run3_initcall.txt,init_lru_gen,1.282631,0,36
4,run3_initcall.txt,vmstat_late_init,1.284866,0,2
4,run3_initcall.txt,fault_around_debugfs,1.287088,0,2
4,run3_initcall.txt,slab_sysfs_init,1.293069,0,3787
4,run3_initcall.txt,max_swapfiles_check,1.295305,0,0
4,run3_initcall.txt,zswap_init,1.297463,0,0
4,run3_initcall.txt,mempolicy_sysfs_init,1.299626,0,18
4,run3_initcall.txt,memory_tier_late_init,1.304069,0,2261
4,run3_initcall.txt,check_early_ioremap_leak,1.30626,0,0
4,run3_initcall.txt,mg_debugfs_init,1.30844,0,16
4,run3_initcall.txt,fscrypt_init,1.312799,0,2191
4,run3_initcall.txt,pstore_init,1.314987,0,10
4,run3_initcall.txt,init_root_keyring,1.31718,0,28
4,run3_initcall.txt,init_profile_hash,1.319353,0,0
4,run3_initcall.txt,integrity_fs_init,1.321532,0,7
4,run3_initcall.txt,crypto_algapi_init,1.323699,0,7
4,run3_initcall.txt,blk_timeout_init,1.325886,0,0
4,run3_initcall.txt,depot_debugfs_init,1.328032,0,5
4,run3_initcall.txt,pci_resource_alignment_sysfs_init,1.330219,0,4
4,run3_initcall.txt,pci_sysfs_init,1.332428,0,11
4,run3_initcall.txt,clk_debug_init,1.335004,0,372
4,run3_initcall.txt,genpd_debug_init,1.337577,0,362
4,run3_initcall.txt,sync_state_resume_initcall,1.339808,0,0
4,run3_initcall.txt,deferred_probe_initcall,1.406464,0,64428
4,run3_initcall.txt,efi_shutdown_init,1.40871,-19,0
4,run3_initcall.txt,efi_earlycon_unmap_fb,1.410844,0,0
4,run3_initcall.txt,psci_debugfs_init,1.412864,0,0
4,run3_initcall.txt,of_cfs_init,1.416991,0,2069
4,run3_initcall.txt,of_fdt_raw_init,1.41903,0,32
4,run3_initcall.txt,bpf_kfunc_init,1.421043,0,2
4,run3_initcall.txt,init_subsystem,1.423072,0,0
4,run3_initcall.txt,xdp_metadata_init,1.425098,0,0
4,run3_initcall.txt,bpf_sockmap_iter_init,1.428132,0,1
4,run3_initcall.txt,bpf_sk_storage_map_iter_init,1.43019,0,0
4,run3_initcall.txt,bpf_prog_test_run_init,1.432257,0,1
4,run3_initcall.txt,bpf_dummy_struct_ops_init,1.434351,0,0
4,run3_initcall.txt,tcp_congestion_default,1.436434,0,1
4,run3_initcall.txt,inet_blackhole_dev_init,1.438482,0,8
4,run3_initcall.txt,ip_auto_config,1.440494,0,10
4,run3_initcall.txt,tcp_bpf_v4_build_proto,1.442504,0,1
4,run3_initcall.txt,udp_bpf_v4_build_proto,1.444451,0,0
4,run3_initcall.txt,bpf_tcp_ca_kfunc_init,1.446408,0,0
4,run3_initcall.txt,bpf_mptcp_kfunc_init,1.448366,0,0
4,run3_initcall.txt,fb_logo_late_init,1.450339,0,0
4,run3_initcall.txt,amba_stub_drv_init,1.454339,0,22
4,run3_initcall.txt,clk_disable_unused,1.457422,0,1057
4,run3_initcall.txt,genpd_power_off_unused,1.460643,0,1089
4,run3_initcall.txt,regulator_init_complete,1.462796,0,1
4,run3_initcall.txt,of_platform_sync_state_init,1.465005,0,16
5,run4_initcall.txt,sock_init,0.016686,0,4000
5,run4_initcall.txt,net_inuse_init,0.016714,0,0
5,run4_initcall.txt,sock_struct_check,0.016729,0,0
5,run4_initcall.txt,init_default_flow_dissectors,0.016746,0,0
5,run4_initcall.txt,netlink_proto_init,0.016849,0,0
5,run4_initcall.txt,genl_init,0.016877,0,0
5,run4_initcall.txt,debug_monitors_init,0.017021,0,0
5,run4_initcall.txt,init_overflow_sysctl,0.017045,0,0
5,run4_initcall.txt,irq_sysfs_init,0.017167,0,0
5,run4_initcall.txt,dma_atomic_pool_init,0.017882,0,0
5,run4_initcall.txt,audit_init,0.018028,0,0
5,run4_initcall.txt,bdi_class_init,0.018063,0,0
5,run4_initcall.txt,mm_sysfs_init,0.01808,0,0
5,run4_initcall.txt,init_per_zone_wmark_min,0.018104,0,0
5,run4_initcall.txt,ramoops_init,0.018139,0,0
5,run4_initcall.txt,gpiolib_sysfs_init,0.018162,0,0
5,run4_initcall.txt,pcibus_class_init,0.018184,0,0
5,run4_initcall.txt,pci_driver_init,0.01822,0,0
5,run4_initcall.txt,amba_init,0.018247,0,0
5,run4_initcall.txt,__bcm2835_clk_driver_init,0.01827,0,0
5,run4_initcall.txt,tty_class_init,0.018291,0,0
5,run4_initcall.txt,vtconsole_class_init,0.018339,0,0
5,run4_initcall.txt,serdev_init,0.018367,0,0
5,run4_initcall.txt,iommu_dev_init,0.01839,0,0
5,run4_initcall.txt,mipi_dsi_bus_init,0.018415,0,0
5,run4_initcall.txt,devlink_class_init,0.018438,0,0
5,run4_initcall.txt,software_node_init,0.018457,0,0
5,run4_initcall.txt,regmap_initcall,0.018477,0,0
5,run4_initcall.txt,sram_init,0.018502,0,0
5,run4_initcall.txt,spi_init,0.018541,0,0
5,run4_initcall.txt,i2c_init,0.018583,0,0
5,run4_initcall.txt,thermal_init,0.018619,0,0
5,run4_initcall.txt,init_menu,0.018661,0,0
5,run4_initcall.txt,efipostcore_init,0.018678,0,0
5,run4_initcall.txt,kobject_uevent_init,0.0187,0,0
5,run4_initcall.txt,init_uevent_helper_sysctl,0.018718,0,0
5,run4_initcall.txt,reserve_memblock_reserved_regions,0.018818,0,0
5,run4_initcall.txt,aarch32_alloc_vdso_pages,0.018838,0,0
5,run4_initcall.txt,vdso_init,0.018854,0,0
5,run4_initcall.txt,arm64_create_dummy_rsi_dev,0.01887,0,0
5,run4_initcall.txt,arch_hw_breakpoint_init,0.018935,0,0
5,run4_initcall.txt,adjust_protection_map,0.018958,0,0
5,run4_initcall.txt,asids_update_limit,0.018985,0,0
5,run4_initcall.txt,kcmp_cookies_init,0.019005,0,0
5,run4_initcall.txt,dma_channel_table_init,0.019031,0,0
5,run4_initcall.txt,dma_bus_init,0.019148,0,0
5,run4_initcall.txt,brcmstb_soc_device_init,0.01946,0,0
5,run4_initcall.txt,serial_base_init,0.019513,0,0
5,run4_initcall.txt,pl011_init,0.019554,0,0
5,run4_initcall.txt,iommu_dma_init,0.019583,0,0
5,run4_initcall.txt,dmi_id_init,0.019602,-19,0
5,run4_initcall.txt,bcm2835_mbox_init,0.019627,0,0
5,run4_initcall.txt,of_platform_default_populate_init,0.040236,0,24000
5,run4_initcall.txt,register_mte_tcf_preferred_sysctl,0.040339,0,0
5,run4_initcall.txt,init_fork_sysctl,0.040369,0,0
5,run4_initcall.txt,uid_cache_init,0.040416,0,0
5,run4_initcall.txt,pid_namespace_sysctl_init,0.040441,0,0
5,run4_initcall.txt,param_sysfs_init,0.04046,0,0
5,run4_initcall.txt,user_namespace_sysctl_init,0.040493,0,0
5,run4_initcall.txt,proc_schedstat_init,0.040516,0,0
5,run4_initcall.txt,init_rtmutex_sysctl,0.040532,0,0
5,run4_initcall.txt,pm_sysrq_init,0.04058,0,0
5,run4_initcall.txt,init_rcu_stall_sysctl,0.040601,0,0
5,run4_initcall.txt,init_module_sysctl,0.04062,0,0
5,run4_initcall.txt,create_proc_profile,0.040636,0,0
5,run4_initcall.txt,cgroup_sysfs_init,0.040656,0,0
5,run4_initcall.txt,user_namespaces_init,0.040683,0,0
5,run4_initcall.txt,hung_task_init,0.040789,0,0
5,run4_initcall.txt,dev_map_init,0.040809,0,0
5,run4_initcall.txt,netns_bpf_init,0.040824,0,0
5,run4_initcall.txt,oom_init,0.040877,0,0
5,run4_initcall.txt,init_user_buckets,0.040892,0,0
5,run4_initcall.txt,init_vm_util_sysctls,0.040913,0,0
5,run4_initcall.txt,default_bdi_init,0.041017,0,0
5,run4_initcall.txt,cgwb_init,0.041037,0,0
5,run4_initcall.txt,percpu_enable_async,0.041051,0,0
5,run4_initcall.txt,kcompactd_init,0.04116,0,0
5,run4_initcall.txt,init_mm_sysctl,0.041179,0,0
5,run4_initcall.txt,init_user_reserve,0.041196,0,0
5,run4_initcall.txt,init_admin_reserve,0.04121,0,0
5,run4_initcall.txt,init_reserve_notifier,0.041224,0,0
5,run4_initcall.txt,swap_init,0.041246,0,0
5,run4_initcall.txt,swapfile_init,0.041267,0,0
5,run4_initcall.txt,memory_tier_init,0.041312,0,0
5,run4_initcall.txt,numa_init_sysfs,0.041333,0,0
5,run4_initcall.txt,mem_cgroup_swap_init,0.04135,0,0
5,run4_initcall.txt,init_msg_buckets,0.041367,0,0
5,run4_initcall.txt,init_bio,0.041414,0,0
5,run4_initcall.txt,blk_ioc_init,0.041433,0,0
5,run4_initcall.txt,blk_mq_init,0.041451,0,0
5,run4_initcall.txt,genhd_device_init,0.041542,0,0
5,run4_initcall.txt,blkcg_punt_bio_init,0.04164,0,0
5,run4_initcall.txt,blk_integrity_auto_init,0.041716,0,0
5,run4_initcall.txt,io_wq_init,0.041737,0,0
5,run4_initcall.txt,crc_t10dif_mod_init,0.041763,0,0
5,run4_initcall.txt,sha256_mod_init,0.041782,0,0
5,run4_initcall.txt,sha512_mod_init,0.041799,0,0
5,run4_initcall.txt,sg_pool_init,0.04183,0,0
5,run4_initcall.txt,gpiolib_debugfs_init,0.041851,0,0
5,run4_initcall.txt,stmpe_gpio_init,0.041923,0,0
5,run4_initcall.txt,pwm_init,0.041946,0,0
5,run4_initcall.txt,leds_init,0.041973,0,0
5,run4_initcall.txt,pci_slot_init,0.041993,0,0
5,run4_initcall.txt,fbmem_init,0.042074,0,0
5,run4_initcall.txt,bcm2835_dma_init,0.04277,0,0
5,run4_initcall.txt,regulator_fixed_voltage_init,0.042836,0,0
5,run4_initcall.txt,gpio_regulator_init,0.04289,0,0
5,run4_initcall.txt,init_sysrq_sysctl,0.042915,0,0
5,run4_initcall.txt,misc_init,0.042943,0,0
5,run4_initcall.txt,iommu_subsys_init,0.042975,0,0
5,run4_initcall.txt,register_cpu_capacity_sysctl,0.04332,0,0
5,run4_initcall.txt,dma_buf_init,0.043402,0,0
5,run4_initcall.txt,dma_heap_init,0.043431,0,0
5,run4_initcall.txt,init_scsi,0.043527,0,0
5,run4_initcall.txt,mdio_bus_init,0.043553,0,0
5,run4_initcall.txt,phy_init,0.043593,0,0
5,run4_initcall.txt,usb_common_init,0.043609,0,0
5,run4_initcall.txt,usb_init,0.043707,0,0
5,run4_initcall.txt,usb_phy_generic_init,0.043838,0,0
5,run4_initcall.txt,usb_udc_init,0.043871,0,0
5,run4_initcall.txt,usb_roles_init,0.04389,0,0
5,run4_initcall.txt,input_init,0.043913,0,0
5,run4_initcall.txt,rtc_init,0.043934,0,0
5,run4_initcall.txt,rc_core_init,0.04396,0,0
5,run4_initcall.txt,pps_init,0.043992,0,0
5,run4_initcall.txt,ptp_init,0.044017,0,0
5,run4_initcall.txt,power_supply_class_init,0.044046,0,0
5,run4_initcall.txt,hwmon_init,0.044069,0,0
5,run4_initcall.txt,mmc_init,0.044113,0,4000
5,run4_initcall.txt,dmi_init,0.04413,0,0
5,run4_initcall.txt,efisubsys_init,0.044146,0,0
5,run4_initcall.txt,arm_pmu_hp_init,0.044163,0,0
5,run4_initcall.txt,ras_init,0.044184,0,0
5,run4_initcall.txt,nvmem_init,0.044217,0,0
5,run4_initcall.txt,init_soundcore,0.044238,0,0
5,run4_initcall.txt,proto_init,0.044258,0,0
5,run4_initcall.txt,net_dev_init,0.044482,0,0
5,run4_initcall.txt,neigh_init,0.044503,0,0
5,run4_initcall.txt,fib_notifier_init,0.044519,0,0
5,run4_initcall.txt,netdev_genl_init,0.044558,0,0
5,run4_initcall.txt,page_pool_user_init,0.044576,0,0
5,run4_initcall.txt,fib_rules_init,0.044594,0,0
5,run4_initcall.txt,init_cgroup_netprio,0.044611,0,0
5,run4_initcall.txt,bpf_lwt_init,0.044627,0,0
5,run4_initcall.txt,pktsched_init,0.04465,0,0
5,run4_initcall.txt,tc_filter_init,0.044682,0,0
5,run4_initcall.txt,tc_action_init,0.044699,0,0
5,run4_initcall.txt,ethnl_init,0.044771,0,0
5,run4_initcall.txt,nexthop_init,0.044792,0,0
5,run4_initcall.txt,devlink_init,0.044872,0,0
5,run4_initcall.txt,wireless_nlevent_init,0.044891,0,0
5,run4_initcall.txt,vsprintf_init_hashval,0.044909,0,0
5,run4_initcall.txt,init_32bit_el0_mask,0.044924,0,0
5,run4_initcall.txt,vga_arb_device_init,0.045064,0,0
5,run4_initcall.txt,watchdog_init,0.045175,0,0
5,run4_initcall.txt,create_debug_debugfs_entry,0.045277,0,0
5,run4_initcall.txt,iomem_init_inode,0.045318,0,0
5,run4_initcall.txt,clocksource_done_booting,0.045364,0,12
5,run4_initcall.txt,bpf_init,0.045387,0,5
5,run4_initcall.txt,secretmem_init,0.045417,0,11
5,run4_initcall.txt,init_fs_stat_sysctls,0.045445,0,9
5,run4_initcall.txt,init_fs_exec_sysctls,0.045463,0,1
5,run4_initcall.txt,init_pipe_fs,0.045497,0,16
5,run4_initcall.txt,init_fs_namei_sysctls,0.045519,0,2
5,run4_initcall.txt,init_fs_dcache_sysctls,0.045544,0,6
5,run4_initcall.txt,init_fs_namespace_sysctls,0.045562,0,1
5,run4_initcall.txt,cgroup_writeback_init,0.045582,0,5
5,run4_initcall.txt,inotify_user_setup,0.04561,0,14
5,run4_initcall.txt,eventpoll_init,0.045641,0,16
5,run4_initcall.txt,anon_inode_init,0.045668,0,12
5,run4_initcall.txt,proc_locks_init,0.045687,0,4
5,run4_initcall.txt,backing_aio_init,0.045703,0,2
5,run4_initcall.txt,init_fs_coredump_sysctls,0.045726,0,7
5,run4_initcall.txt,init_vm_drop_caches_sysctls,0.045744,0,3
5,run4_initcall.txt,iomap_dio_init,0.045781,0,22
5,run4_initcall.txt,iomap_ioend_init,0.045826,0,28
5,run4_initcall.txt,dquot_init,0.045918,0,77
5,run4_initcall.txt,proc_cmdline_init,0.045937,0,2
5,run4_initcall.txt,proc_consoles_init,0.045953,0,1
5,run4_initcall.txt,proc_cpuinfo_init,0.045968,0,1
5,run4_initcall.txt,proc_devices_init,0.045983,0,0
5,run4_initcall.txt,proc_interrupts_init,0.045998,0,1
5,run4_initcall.txt,proc_loadavg_init,0.046012,0,0
5,run4_initcall.txt,proc_meminfo_init,0.046027,0,0
5,run4_initcall.txt,proc_stat_init,0.046042,0,1
5,run4_initcall.txt,proc_uptime_init,0.046067,0,1
5,run4_initcall.txt,proc_version_init,0.046083,0,1
5,run4_initcall.txt,proc_softirqs_init,0.046098,0,0
5,run4_initcall.txt,proc_kmsg_init,0.046113,0,1
5,run4_initcall.txt,proc_page_init,0.04613,0,2
5,run4_initcall.txt,init_ramfs_fs,0.046145,0,1
5,run4_initcall.txt,aa_create_aafs,0.046163,0,0
5,run4_initcall.txt,chr_dev_init,0.048995,0,2815
5,run4_initcall.txt,hwrng_modinit,0.049073,0,48
5,run4_initcall.txt,firmware_class_init,0.049098,0,1
5,run4_initcall.txt,sysctl_core_init,0.049144,0,28
5,run4_initcall.txt,eth_offload_init,0.049162,0,1
5,run4_initcall.txt,ipv4_offload_init,0.04918,0,1
5,run4_initcall.txt,inet_init,0.052937,0,3740
5,run4_initcall.txt,af_unix_init,0.052991,0,20
5,run4_initcall.txt,ipv6_offload_init,0.053011,0,1
5,run4_initcall.txt,init_sunrpc,0.053387,0,358
5,run4_initcall.txt,vlan_offload_init,0.053407,0,0
5,run4_initcall.txt,pci_apply_final_quirks,0.053435,0,11
5,run4_initcall.txt,populate_rootfs,0.053457,0,5
5,run4_initcall.txt,register_arm64_panic_block,0.053562,0,0
5,run4_initcall.txt,cpuinfo_regs_init,0.053662,0,84
5,run4_initcall.txt,aarch32_el0_sysfs_init,0.05368,0,0
5,run4_initcall.txt,kvm_arm_init,0.057089,0,3390
5,run4_initcall.txt,proc_execdomains_init,0.057132,0,4
5,run4_initcall.txt,register_warn_debugfs,0.057154,0,3
5,run4_initcall.txt,cpuhp_sysfs_init,0.057209,0,37
5,run4_initcall.txt,ioresources_init,0.057229,0,3
5,run4_initcall.txt,psi_proc_init,0.057244,0,0
5,run4_initcall.txt,irq_gc_init_ops,0.057259,0,0
5,run4_initcall.txt,irq_debugfs_init,0.05735,0,76
5,run4_initcall.txt,proc_modules_init,0.057395,0,2
5,run4_initcall.txt,timer_sysctl_init,0.057418,0,7
5,run4_initcall.txt,timekeeping_init_ops,0.057434,0,0
5,run4_initcall.txt,init_clocksource_sysfs,0.057508,0,57
5,run4_initcall.txt,init_timer_list_procfs,0.057528,0,1
5,run4_initcall.txt,alarmtimer_init,0.05759,0,45
5,run4_initcall.txt,clockevents_init_sysfs,0.057718,0,111
5,run4_initcall.txt,sched_clock_syscore_init,0.057737,0,0
5,run4_initcall.txt,kallsyms_init,0.057757,0,2
5,run4_initcall.txt,pid_namespaces_init,0.057795,0,21
5,run4_initcall.txt,audit_watch_init,0.057814,0,0
5,run4_initcall.txt,audit_fsnotify_init,0.057831,0,0
5,run4_initcall.txt,audit_tree_init,0.057851,0,2
5,run4_initcall.txt,seccomp_sysctl_init,0.057872,0,3
5,run4_initcall.txt,utsname_sysctl_init,0.057896,0,6
5,run4_initcall.txt,init_lstats_procfs,0.057917,0,3
5,run4_initcall.txt,perf_event_sysfs_init,0.057984,0,50
5,run4_initcall.txt,system_trusted_keyring_init,0.058017,0,17
5,run4_initcall.txt,kswapd_init,0.058221,0,190
5,run4_initcall.txt,extfrag_debug_init,0.058246,0,8
5,run4_initcall.txt,mm_compute_batch_init,0.058261,0,0
5,run4_initcall.txt,slab_proc_init,0.058277,0,2
5,run4_initcall.txt,workingset_init,0.058301,0,7
5,run4_initcall.txt,proc_vmalloc_init,0.058316,0,1
5,run4_initcall.txt,memblock_init_debugfs,0.058337,0,5
5,run4_initcall.txt,slab_debugfs_init,0.058358,0,4
5,run4_initcall.txt,procswaps_init,0.058375,0,1
5,run4_initcall.txt,zs_init,0.058391,0,0
5,run4_initcall.txt,fcntl_init,0.05841,0,2
5,run4_initcall.txt,proc_filesystems_init,0.058429,0,1
5,run4_initcall.txt,start_dirtytime_writeback,0.058451,0,5
5,run4_initcall.txt,dio_init,0.058466,0,1
5,run4_initcall.txt,dnotify_init,0.058493,0,14
5,run4_initcall.txt,fanotify_user_setup,0.058517,0,9
5,run4_initcall.txt,aio_setup,0.058565,0,34
5,run4_initcall.txt,mbcache_init,0.058586,0,5
5,run4_initcall.txt,init_grace,0.058602,0,2
5,run4_initcall.txt,init_devpts_fs,0.058624,0,7
5,run4_initcall.txt,ext4_init_fs,0.058719,0,79
5,run4_initcall.txt,journal_init,0.058752,0,16
5,run4_initcall.txt,init_fat_fs,0.058773,0,6
5,run4_initcall.txt,init_vfat_fs,0.058789,0,1
5,run4_initcall.txt,init_msdos_fs,0.058804,0,0
5,run4_initcall.txt,init_nfs_fs,0.058953,0,134
5,run4_initcall.txt,init_nfs_v2,0.058971,0,0
5,run4_initcall.txt,init_nfs_v3,0.058987,0,0
5,run4_initcall.txt,init_nfs_v4,0.059031,0,29
5,run4_initcall.txt,nfs4filelayout_init,0.059053,0,6
5,run4_initcall.txt,nfs4flexfilelayout_init,0.059074,0,6
5,run4_initcall.txt,init_nlm,0.059116,0,26
5,run4_initcall.txt,init_nls_cp437,0.059133,0,0
5,run4_initcall.txt,init_nls_ascii,0.059148,0,0
5,run4_initcall.txt,init_autofs_fs,0.059249,0,86
5,run4_initcall.txt,init_f2fs_fs,0.059392,0,125
5,run4_initcall.txt,ipc_init,0.059424,0,13
5,run4_initcall.txt,ipc_sysctl_init,0.059456,0,16
5,run4_initcall.txt,init_mqueue_fs,0.059506,0,33
5,run4_initcall.txt,key_proc_init,0.059526,0,2
5,run4_initcall.txt,bpf_crypto_skcipher_init,0.059543,0,0
5,run4_initcall.txt,dh_init,0.059562,0,2
5,run4_initcall.txt,rsa_init,0.059579,0,1
5,run4_initcall.txt,cryptomgr_init,0.059596,0,0
5,run4_initcall.txt,hmac_module_init,0.059613,0,0
5,run4_initcall.txt,crypto_sha256_mod_init,0.059633,0,4
5,run4_initcall.txt,crypto_ecb_module_init,0.059649,0,0
5,run4_initcall.txt,crypto_cbc_module_init,0.059666,0,0
5,run4_initcall.txt,crypto_cts_module_init,0.059683,0,0
5,run4_initcall.txt,xts_module_init,0.059699,0,0
5,run4_initcall.txt,des_generic_mod_init,0.059717,0,1
5,run4_initcall.txt,aes_init,0.059734,0,0
5,run4_initcall.txt,lzo_mod_init,0.059751,0,1
5,run4_initcall.txt,lzorle_mod_init,0.059768,0,0
5,run4_initcall.txt,asymmetric_key_init,0.059789,0,5
5,run4_initcall.txt,x509_key_init,0.059812,0,5
5,run4_initcall.txt,crypto_kdf108_init,0.059828,0,0
5,run4_initcall.txt,blkdev_init,0.059856,0,11
5,run4_initcall.txt,proc_genhd_init,0.059875,0,2
5,run4_initcall.txt,bsg_init,0.059908,0,15
5,run4_initcall.txt,throtl_init,0.059995,0,69
5,run4_initcall.txt,deadline_init,0.060019,0,6
5,run4_initcall.txt,kyber_init,0.060041,0,5
5,run4_initcall.txt,bfq_init,0.060077,0,19
5,run4_initcall.txt,io_uring_init,0.060115,0,21
5,run4_initcall.txt,percpu_counter_startup,0.060176,0,41
5,run4_initcall.txt,audit_classes_init,0.060205,0,3
5,run4_initcall.txt,gicv5_iwb_platform_driver_init,0.060287,0,66
5,run4_initcall.txt,mip_msi_driver_init,0.060331,0,28
5,run4_initcall.txt,bcm7038_l1_driver_init,0.060376,0,30
5,run4_initcall.txt,bcm7120_l2_driver_init,0.060422,0,30
5,run4_initcall.txt,brcmstb_l2_driver_init,0.060477,0,41
5,run4_initcall.txt,simple_pm_bus_driver_init,0.060968,0,475
5,run4_initcall.txt,phy_core_init,0.060999,0,14
5,run4_initcall.txt,brcm_usb_driver_init,0.061062,0,47
5,run4_initcall.txt,rp1_pinctrl_driver_init,0.061102,0,26
5,run4_initcall.txt,bcm2835_pinctrl_driver_init,0.062082,0,964
5,run4_initcall.txt,bcm2712_pinctrl_driver_init,0.062144,0,42
5,run4_initcall.txt,brcmvirt_gpio_driver_init,0.062196,0,29
5,run4_initcall.txt,brcmstb_gpio_driver_init,0.062238,0,27
5,run4_initcall.txt,rpi_exp_gpio_driver_init,0.062603,0,348
5,run4_initcall.txt,brcmstb_pwm_driver_init,0.062647,0,28
5,run4_initcall.txt,rp1_pwm_driver_init,0.06269,0,28
5,run4_initcall.txt,gpio_led_driver_init,0.064405,0,1700
5,run4_initcall.txt,led_pwm_driver_init,0.064456,0,34
5,run4_initcall.txt,timer_led_trigger_init,0.064472,0,1
5,run4_initcall.txt,oneshot_led_trigger_init,0.064486,0,0
5,run4_initcall.txt,heartbeat_trig_init,0.064502,0,2
5,run4_initcall.txt,bl_led_trigger_init,0.064518,0,0
5,run4_initcall.txt,ledtrig_cpu_init,0.064587,0,55
5,run4_initcall.txt,defon_led_trigger_init,0.06463,0,28
5,run4_initcall.txt,input_trig_init,0.064647,0,1
5,run4_initcall.txt,ledtrig_panic_init,0.064662,0,1
5,run4_initcall.txt,actpwr_trig_init,0.06481,0,134
5,run4_initcall.txt,pcie_portdrv_init,0.064881,0,54
5,run4_initcall.txt,pci_proc_init,0.064904,0,8
5,run4_initcall.txt,brcm_pcie_driver_init,0.178224,0,113305
5,run4_initcall.txt,bcm2708_fb_init,0.191012,0,12766
5,run4_initcall.txt,simplefb_driver_init,0.19112,0,48
5,run4_initcall.txt,of_fixed_factor_clk_driver_init,0.1912,0,31
5,run4_initcall.txt,of_fixed_clk_driver_init,0.191275,0,27
5,run4_initcall.txt,gpio_clk_driver_init,0.191354,0,32
5,run4_initcall.txt,gated_fixed_clk_driver_init,0.191427,0,27
5,run4_initcall.txt,rp1_clk_driver_init,0.191501,0,28
5,run4_initcall.txt,rp1_sdio_clk_driver_init,0.191574,0,28
5,run4_initcall.txt,clk_dvp_driver_init,0.191647,0,27
5,run4_initcall.txt,bcm2835_aux_clk_driver_init,0.191755,0,61
5,run4_initcall.txt,raspberrypi_clk_driver_init,0.207208,0,15405
5,run4_initcall.txt,dw_driver_init,0.207293,0,38
5,run4_initcall.txt,bcm2835_power_driver_init,0.207358,0,19
5,run4_initcall.txt,rpi_power_driver_init,0.225922,0,18517
5,run4_initcall.txt,brcmstb_reset_driver_init,0.22785,0,33
5,run4_initcall.txt,brcm_rescal_reset_driver_init,0.229765,0,34
5,run4_initcall.txt,rpi_reset_driver_init,0.232694,0,1034
5,run4_initcall.txt,reset_simple_driver_init,0.234705,0,62
5,run4_initcall.txt,n_null_init,0.236583,0,0
5,run4_initcall.txt,pty_init,0.238586,0,81
5,run4_initcall.txt,sysrq_init,0.240516,0,13
5,run4_initcall.txt,serial8250_init,0.242456,-19,0
5,run4_initcall.txt,bcm2835aux_serial_driver_init,0.244417,0,35
5,run4_initcall.txt,brcmuart_init,0.246397,0,46
5,run4_initcall.txt,exar_pci_driver_init,0.248343,0,26
5,run4_initcall.txt,of_platform_serial_driver_init,0.250343,0,70
5,run4_initcall.txt,serial_pci_driver_init,0.252303,0,29
5,run4_initcall.txt,pericom8250_pci_driver_init,0.254222,0,21
5,run4_initcall.txt,init_kgdboc,0.257186,0,1032
5,run4_initcall.txt,random_sysctls_init,0.25914,0,21
5,run4_initcall.txt,ttyprintk_init,0.261142,0,62
5,run4_initcall.txt,bcm2835_rng_driver_init,0.263136,0,48
5,run4_initcall.txt,bcm74110_rng_driver_init,0.265163,0,30
5,run4_initcall.txt,iproc_rng200_driver_init,0.269458,0,2262
5,run4_initcall.txt,smccc_trng_driver_init,0.271561,0,21
5,run4_initcall.txt,vc_mem_init,0.274943,0,1221
5,run4_initcall.txt,vcio_driver_init,0.27862,0,1431
5,run4_initcall.txt,bcm2712_iommu_driver_init,0.280967,0,33
5,run4_initcall.txt,bcm2712_iommu_cache_driver_init,0.283384,0,31
5,run4_initcall.txt,topology_sysfs_init,0.285868,0,61
5,run4_initcall.txt,cacheinfo_sysfs_init,0.288533,0,244
5,run4_initcall.txt,devcoredump_init,0.291017,0,9
5,run4_initcall.txt,brd_init,0.298323,0,4849
5,run4_initcall.txt,loop_init,0.304413,0,3662
5,run4_initcall.txt,bcm2835_pm_driver_init,0.30813,0,1308
5,run4_initcall.txt,stmpe_i2c_driver_init,0.310551,0,14
5,run4_initcall.txt,stmpe_spi_driver_init,0.31295,0,11
5,run4_initcall.txt,rp1_driver_init,0.315379,0,31
5,run4_initcall.txt,system_heap_create,0.317869,0,84
5,run4_initcall.txt,add_default_cma_heap,0.320313,0,80
5,run4_initcall.txt,udmabuf_dev_init,0.322773,0,47
5,run4_initcall.txt,iscsi_transport_init,0.326606,0,1431
5,run4_initcall.txt,init_sd,0.329032,0,22
5,run4_initcall.txt,nvme_core_init,0.331691,0,244
5,run4_initcall.txt,nvme_init,0.334141,0,30
5,run4_initcall.txt,blackhole_netdev_init,0.336525,0,16
5,run4_initcall.txt,netkit_init,0.338925,0,6
5,run4_initcall.txt,phylink_init,0.341299,0,0
5,run4_initcall.txt,phy_module_init,0.343841,0,162
5,run4_initcall.txt,phy_module_init,0.346381,0,169
5,run4_initcall.txt,fixed_mdio_bus_init,0.348919,0,152
5,run4_initcall.txt,phy_module_init,0.351481,0,167
5,run4_initcall.txt,phy_module_init,0.353848,0,18
5,run4_initcall.txt,phy_module_init,0.356257,0,62
5,run4_initcall.txt,unimac_mdio_driver_init,0.358691,0,91
5,run4_initcall.txt,macb_driver_init,0.361104,0,83
5,run4_initcall.txt,bcmgenet_driver_init,0.558444,0,195003
5,run4_initcall.txt,bcmasp_driver_init,0.560849,0,65
5,run4_initcall.txt,lan78xx_driver_init,0.5644,0,1211
5,run4_initcall.txt,smsc95xx_driver_init,0.567988,0,1210
5,run4_initcall.txt,usbnet_init,0.570336,0,0
5,run4_initcall.txt,xhci_hcd_init,0.572716,0,16
5,run4_initcall.txt,xhci_pci_init,0.700301,0,125225
5,run4_initcall.txt,xhci_plat_init,0.702653,0,91
5,run4_initcall.txt,dwc_otg_driver_init,0.709296,0,4437
5,run4_initcall.txt,dwc_common_port_init_module,0.712786,0,1190
5,run4_initcall.txt,dwc3_driver_init,0.715038,0,43
5,run4_initcall.txt,dwc3_haps_driver_init,0.717251,0,24
5,run4_initcall.txt,dwc3_of_simple_driver_init,0.719494,0,49
5,run4_initcall.txt,dwc3_generic_driver_init,0.721709,0,32
5,run4_initcall.txt,dwc2_platform_driver_init,0.724001,0,104
5,run4_initcall.txt,uas_init,0.727351,0,1176
5,run4_initcall.txt,usb_storage_driver_init,0.730624,0,1102
5,run4_initcall.txt,brcmstb_usb_pinmap_init,0.732838,-19,57
5,run4_initcall.txt,bdc_driver_init,0.735052,0,37
5,run4_initcall.txt,input_leds_init,0.737193,0,1
5,run4_initcall.txt,mousedev_init,0.740559,0,1188
5,run4_initcall.txt,evdev_init,0.742792,0,0
5,run4_initcall.txt,brcmstb_waketmr_driver_init,0.745033,0,35
5,run4_initcall.txt,rpi_rtc_driver_init,0.747281,0,31
5,run4_initcall.txt,init_rc_map_adstech_dvb_t_pci,0.749495,0,0
5,run4_initcall.txt,init_rc_map_alink_dtu_m,0.751703,0,0
5,run4_initcall.txt,init_rc_map_anysee,0.753868,0,0
5,run4_initcall.txt,init_rc_map_apac_viewcomp,0.756084,0,0
5,run4_initcall.txt,init_rc_map_t2hybrid,0.75832,0,0
5,run4_initcall.txt,init_rc_map_asus_pc39,0.760534,0,0
5,run4_initcall.txt,init_rc_map_asus_ps3_100,0.762752,0,0
5,run4_initcall.txt,init_rc_map_ati_tv_wonder_hd_600,0.764969,0,0
5,run4_initcall.txt,init_rc_map_ati_x10,0.767205,0,0
5,run4_initcall.txt,init_rc_map_avermedia_a16d,0.769455,0,0
5,run4_initcall.txt,init_rc_map_avermedia_cardbus,0.771684,0,0
5,run4_initcall.txt,init_rc_map_avermedia_dvbt,0.773938,0,0
5,run4_initcall.txt,init_rc_map_avermedia_m135a,0.77619,0,0
5,run4_initcall.txt,init_rc_map_avermedia_m733a_rm_k6,0.778471,0,0
5,run4_initcall.txt,init_rc_map_avermedia,0.780751,0,0
5,run4_initcall.txt,init_rc_map_avermedia_rm_ks,0.783028,0,0
5,run4_initcall.txt,init_rc_map_avertv_303,0.785314,0,0
5,run4_initcall.txt,init_rc_map_azurewave_ad_tu700,0.787549,0,0
5,run4_initcall.txt,init_rc_map_beelink_gs1,0.789817,0,0
5,run4_initcall.txt,init_rc_map_beelink_mxiii,0.792089,0,0
5,run4_initcall.txt,init_rc_map_behold_columbus,0.794377,0,0
5,run4_initcall.txt,init_rc_map_behold,0.796642,0,0
5,run4_initcall.txt,init_rc_map_budget_ci_old,0.799175,0,0
5,run4_initcall.txt,init_rc_map_cinergy_1400,0.80143,0,0
5,run4_initcall.txt,init_rc_map_cinergy,0.803607,0,0
5,run4_initcall.txt,init_rc_map_ct_90405,0.805817,0,0
5,run4_initcall.txt,init_rc_map_d680_dmb,0.808021,0,0
5,run4_initcall.txt,init_rc_map_delock_61959,0.810236,0,0
5,run4_initcall.txt,init_rc_map,0.812415,0,0
5,run4_initcall.txt,init_rc_map,0.814611,0,0
5,run4_initcall.txt,init_rc_map_digitalnow_tinytwin,0.816783,0,0
5,run4_initcall.txt,init_rc_map_digittrade,0.819084,0,0
5,run4_initcall.txt,init_rc_map_dm1105_nec,0.821307,0,3
5,run4_initcall.txt,init_rc_map_dntv_live_dvb_t,0.823643,0,0
5,run4_initcall.txt,init_rc_map_dntv_live_dvbt_pro,0.82581,0,0
5,run4_initcall.txt,init_rc_map_dreambox,0.827988,0,0
5,run4_initcall.txt,init_rc_map_dtt200u,0.830166,0,0
5,run4_initcall.txt,init_rc_map_rc5_dvbsky,0.832326,0,0
5,run4_initcall.txt,init_rc_map_dvico_mce,0.834598,0,0
5,run4_initcall.txt,init_rc_map_dvico_portable,0.836718,0,0
5,run4_initcall.txt,init_rc_map_em_terratec,0.838865,0,0
5,run4_initcall.txt,init_rc_map_encore_enltv2,0.841011,0,0
5,run4_initcall.txt,init_rc_map_encore_enltv_fm53,0.843164,0,0
5,run4_initcall.txt,init_rc_map_encore_enltv,0.845318,0,0
5,run4_initcall.txt,init_rc_map_evga_indtube,0.847461,0,0
5,run4_initcall.txt,init_rc_map_eztv,0.849589,0,0
5,run4_initcall.txt,init_rc_map_flydvb,0.851703,0,0
5,run4_initcall.txt,init_rc_map_flyvideo,0.853765,0,0
5,run4_initcall.txt,init_rc_map_fusionhdtv_mce,0.855873,0,0
5,run4_initcall.txt,init_rc_map_gadmei_rm008z,0.857956,0,0
5,run4_initcall.txt,init_rc_map_geekbox,0.860051,0,0
5,run4_initcall.txt,init_rc_map_genius_tvgo_a11mce,0.862143,0,0
5,run4_initcall.txt,init_rc_map_gotview7135,0.864221,0,0
5,run4_initcall.txt,init_rc_map_rc5_hauppauge_new,0.866321,0,0
5,run4_initcall.txt,init_rc_map_hisi_poplar,0.868425,0,0
5,run4_initcall.txt,init_rc_map_hisi_tv_demo,0.870497,0,0
5,run4_initcall.txt,init_rc_map_imon_mce,0.872602,0,0
5,run4_initcall.txt,init_rc_map_imon_pad,0.874711,0,0
5,run4_initcall.txt,init_rc_map_imon_rsc,0.876803,0,0
5,run4_initcall.txt,init_rc_map_iodata_bctv7e,0.878882,0,0
5,run4_initcall.txt,init_rc_it913x_v1_map,0.880957,0,0
5,run4_initcall.txt,init_rc_it913x_v2_map,0.883041,0,0
5,run4_initcall.txt,init_rc_map_kaiomy,0.885109,0,0
5,run4_initcall.txt,init_rc_map_khadas,0.88724,0,0
5,run4_initcall.txt,init_rc_map_khamsin,0.88931,0,0
5,run4_initcall.txt,init_rc_map_kworld_315u,0.891368,0,0
5,run4_initcall.txt,init_rc_map_kworld_pc150u,0.893424,0,0
5,run4_initcall.txt,init_rc_map_kworld_plus_tv_analog,0.895486,0,0
5,run4_initcall.txt,init_rc_map_leadtek_y04g0051,0.897577,0,0
5,run4_initcall.txt,init_rc_lme2510_map,0.899652,0,0
5,run4_initcall.txt,init_rc_map_manli,0.901747,0,0
5,run4_initcall.txt,init_rc_map_mecool_kiii_pro,0.903807,0,0
5,run4_initcall.txt,init_rc_map_mecool_kii_pro,0.90591,0,0
5,run4_initcall.txt,init_rc_map_medion_x10_digitainer,0.908,0,0
5,run4_initcall.txt,init_rc_map_medion_x10,0.910099,0,0
5,run4_initcall.txt,init_rc_map_medion_x10_or2x,0.912204,0,0
5,run4_initcall.txt,init_rc_map_minix_neo,0.914293,0,0
5,run4_initcall.txt,init_rc_map_msi_digivox_iii,0.916398,0,0
5,run4_initcall.txt,init_rc_map_msi_digivox_ii,0.918515,0,0
5,run4_initcall.txt,init_rc_map_msi_tvanywhere,0.920593,0,0
5,run4_initcall.txt,init_rc_map_msi_tvanywhere_plus,0.922716,0,0
5,run4_initcall.txt,init_rc_map_mygica_utv3,0.92482,0,0
5,run4_initcall.txt,init_rc_map_nebula,0.926954,0,0
5,run4_initcall.txt,init_rc_map_nec_terratec_cinergy_xs,0.92906,0,0
5,run4_initcall.txt,init_rc_map_norwood,0.931167,0,0
5,run4_initcall.txt,init_rc_map_npgtech,0.93327,0,0
5,run4_initcall.txt,init_rc_map_odroid,0.935373,0,0
5,run4_initcall.txt,init_rc_map_pctv_sedna,0.937421,0,0
5,run4_initcall.txt,init_rc_map_pine64,0.93951,0,0
5,run4_initcall.txt,init_rc_map_pinnacle_color,0.941619,0,0
5,run4_initcall.txt,init_rc_map_pinnacle_grey,0.944804,0,0
5,run4_initcall.txt,init_rc_map_pinnacle_pctv_hd,0.946938,0,0
5,run4_initcall.txt,init_rc_map_pixelview,0.949071,0,0
5,run4_initcall.txt,init_rc_map_pixelview,0.951215,0,0
5,run4_initcall.txt,init_rc_map_pixelview_new,0.953322,0,0
5,run4_initcall.txt,init_rc_map_pixelview,0.955477,0,0
5,run4_initcall.txt,init_rc_map_powercolor_real_angel,0.957629,0,0
5,run4_initcall.txt,init_rc_map_proteus_2309,0.959783,0,0
5,run4_initcall.txt,init_rc_map_purpletv,0.961938,0,0
5,run4_initcall.txt,init_rc_map_pv951,0.964087,0,0
5,run4_initcall.txt,init_rc_map_rc6_mce,0.966228,0,0
5,run4_initcall.txt,init_rc_map_real_audio_220_32_keys,0.968382,0,0
5,run4_initcall.txt,init_rc_map_reddo,0.970497,0,0
5,run4_initcall.txt,init_rc_map_siemens_gigaset_rc20,0.97266,0,0
5,run4_initcall.txt,init_rc_map_snapstream_firefly,0.974835,0,0
5,run4_initcall.txt,init_rc_map_streamzap,0.977014,0,0
5,run4_initcall.txt,init_rc_map_su3000,0.979205,0,0
5,run4_initcall.txt,init_rc_map_tanix_tx3mini,0.981395,0,0
5,run4_initcall.txt,init_rc_map_tanix_tx5max,0.983572,0,0
5,run4_initcall.txt,init_rc_map_tbs_nec,0.985757,0,0
5,run4_initcall.txt,init_rc_map,0.98792,0,0
5,run4_initcall.txt,init_rc_map,0.990138,0,0
5,run4_initcall.txt,init_rc_map_terratec_cinergy_c_pci,0.992337,0,0
5,run4_initcall.txt,init_rc_map_terratec_cinergy_s2_hd,0.994544,0,0
5,run4_initcall.txt,init_rc_map_terratec_cinergy_xs,0.996749,0,0
5,run4_initcall.txt,init_rc_map_terratec_slim_2,0.998957,0,0
5,run4_initcall.txt,init_rc_map_terratec_slim,1.001157,0,0
5,run4_initcall.txt,init_rc_map_tevii_nec,1.003343,0,0
5,run4_initcall.txt,init_rc_map_tivo,1.005566,0,0
5,run4_initcall.txt,init_rc_map_total_media_in_hand_02,1.007786,0,0
5,run4_initcall.txt,init_rc_map_total_media_in_hand,1.010016,0,0
5,run4_initcall.txt,init_rc_map_trekstor,1.012224,0,0
5,run4_initcall.txt,init_rc_map_tt_1500,1.01442,0,0
5,run4_initcall.txt,init_rc_map_twinhan_vp1027,1.016617,0,0
5,run4_initcall.txt,init_rc_map_twinhan_dtv_cab_ci,1.018819,0,0
5,run4_initcall.txt,init_rc_map_vega_s9x,1.020967,0,0
5,run4_initcall.txt,init_rc_map_videomate_k100,1.023161,0,0
5,run4_initcall.txt,init_rc_map_videomate_s350,1.025337,0,0
5,run4_initcall.txt,init_rc_map_videomate_tv_pvr,1.027504,0,0
5,run4_initcall.txt,init_rc_map_kii_pro,1.029663,0,0
5,run4_initcall.txt,init_rc_map_wetek_hub,1.03183,0,0
5,run4_initcall.txt,init_rc_map_wetek_play2,1.033994,0,0
5,run4_initcall.txt,init_rc_map_winfast,1.036135,0,0
5,run4_initcall.txt,init_rc_map_winfast_usbii_deluxe,1.038491,0,0
5,run4_initcall.txt,init_rc_map_x96max,1.040653,0,0
5,run4_initcall.txt,init_rc_map,1.042815,0,0
5,run4_initcall.txt,init_rc_map,1.044954,0,0
5,run4_initcall.txt,init_rc_map_zx_irdec,1.047087,0,0
5,run4_initcall.txt,ptp_kvm_init,1.049219,-95,0
5,run4_initcall.txt,gpio_poweroff_driver_init,1.051466,0,71
5,run4_initcall.txt,bcm2711_thermal_driver_init,1.054958,0,1378
5,run4_initcall.txt,bcm2835_thermal_driver_init,1.05715,0,42
5,run4_initcall.txt,bcm2835_wdt_driver_init,1.059343,0,23
5,run4_initcall.txt,dt_cpufreq_platdrv_init,1.06155,0,23
5,run4_initcall.txt,brcm_avs_cpufreq_platdrv_init,1.063793,0,33
5,run4_initcall.txt,raspberrypi_cpufreq_driver_init,1.068936,0,2935
5,run4_initcall.txt,mmc_pwrseq_simple_driver_init,1.071217,0,50
5,run4_initcall.txt,mmc_pwrseq_emmc_driver_init,1.073682,0,35
5,run4_initcall.txt,mmc_blk_init,1.075998,0,42
5,run4_initcall.txt,sdhci_drv_init,1.080578,0,2288
5,run4_initcall.txt,bcm2835_mmc_driver_init,1.086357,0,2329
5,run4_initcall.txt,bcm2835_driver_init,1.089971,0,46
5,run4_initcall.txt,sdhci_pltfm_drv_init,1.095985,0,2388
5,run4_initcall.txt,sdhci_iproc_driver_init,1.098475,0,75
5,run4_initcall.txt,sdhci_brcmstb_driver_init,1.098552,0,49
5,run4_initcall.txt,esrt_sysfs_init,1.098565,-38,0
5,run4_initcall.txt,smccc_devices_init,1.098575,0,0
5,run4_initcall.txt,smccc_soc_init,1.098584,0,1
5,run4_initcall.txt,arch_timer_mmio_drv_init,1.098622,0,29
5,run4_initcall.txt,arch_timer_mmio_acpi_drv_init,1.098659,0,27
5,run4_initcall.txt,hid_init,1.09873,0,61
5,run4_initcall.txt,hid_generic_init,1.098774,0,34
5,run4_initcall.txt,hid_init,1.098823,0,38
5,run4_initcall.txt,bcm74110_mbox_driver_init,1.098874,0,39
5,run4_initcall.txt,extcon_class_init,1.098892,0,8
5,run4_initcall.txt,armv8_pmu_driver_init,1.135246,0,36344
5,run4_initcall.txt,binder_init,1.138882,0,104
5,run4_initcall.txt,rpi_otp_driver_init,1.146129,0,3780
5,run4_initcall.txt,sock_diag_init,1.148429,0,28
5,run4_initcall.txt,blackhole_init,1.150696,0,1
5,run4_initcall.txt,cls_bpf_init_mod,1.152925,0,0
5,run4_initcall.txt,gre_offload_init,1.155159,0,0
5,run4_initcall.txt,sysctl_ipv4_init,1.157429,0,69
5,run4_initcall.txt,cubictcp_register,1.159616,0,2
5,run4_initcall.txt,packet_init,1.162867,0,1088
5,run4_initcall.txt,init_rpcsec_gss,1.165055,0,19
5,run4_initcall.txt,init_kerberos_module,1.167249,0,5
5,run4_initcall.txt,dcbnl_init,1.169407,0,2
5,run4_initcall.txt,init_dns_resolver,1.172623,0,1078
5,run4_initcall.txt,handshake_init,1.174836,0,29
5,run4_initcall.txt,check_mmu_enabled_at_boot,1.177013,0,0
5,run4_initcall.txt,finalize_pkvm,1.17922,0,0
5,run4_initcall.txt,kernel_do_mounts_initrd_sysctls_init,1.182606,0,4
5,run4_initcall.txt,kernel_panic_sysctls_init,1.184833,0,14
5,run4_initcall.txt,kernel_panic_sysfs_init,1.18703,0,4
5,run4_initcall.txt,kernel_exit_sysctls_init,1.189259,0,1
5,run4_initcall.txt,kernel_exit_sysfs_init,1.191515,0,2
5,run4_initcall.txt,param_sysfs_builtin_init,1.203082,0,9317
5,run4_initcall.txt,reboot_ksysfs_init,1.205465,0,22
5,run4_initcall.txt,sched_core_sysctl_init,1.207756,0,4
5,run4_initcall.txt,sched_fair_sysctl_init,1.210376,0,3
5,run4_initcall.txt,sched_rt_sysctl_init,1.21263,0,3
5,run4_initcall.txt,sched_dl_sysctl_init,1.214848,0,2
5,run4_initcall.txt,sched_init_debug,1.217113,0,79
5,run4_initcall.txt,cpu_latency_qos_init,1.219988,0,136
5,run4_initcall.txt,printk_late_init,1.222222,0,19
5,run4_initcall.txt,init_srcu_module_notifier,1.224459,0,0
5,run4_initcall.txt,kernel_rcu_stall_sysfs_init,1.226737,0,5
5,run4_initcall.txt,swiotlb_create_default_debugfs,1.229023,0,14
5,run4_initcall.txt,tk_debug_sleep_time_init,1.231321,0,2
5,run4_initcall.txt,bpf_ksym_iter_register,1.233647,0,1
5,run4_initcall.txt,kernel_acct_sysctls_init,1.235962,0,2
5,run4_initcall.txt,bpf_rstat_kfunc_init,1.238325,0,1
5,run4_initcall.txt,debugfs_kprobe_init,1.240752,0,8
5,run4_initcall.txt,kernel_delayacct_sysctls_init,1.243169,0,3
5,run4_initcall.txt,taskstats_init,1.246658,0,1160
5,run4_initcall.txt,bpf_global_ma_init,1.249061,0,96
5,run4_initcall.txt,bpf_syscall_sysctl_init,1.251412,0,4
5,run4_initcall.txt,unbound_reg_init,1.253685,0,0
5,run4_initcall.txt,kfunc_init,1.255963,0,1
5,run4_initcall.txt,bpf_map_iter_init,1.258253,0,0
5,run4_initcall.txt,init_subsystem,1.260529,0,0
5,run4_initcall.txt,task_iter_init,1.262804,0,1
5,run4_initcall.txt,bpf_prog_iter_init,1.265059,0,0
5,run4_initcall.txt,bpf_link_iter_init,1.267304,0,0
5,run4_initcall.txt,init_trampolines,1.269518,0,2
5,run4_initcall.txt,rqspinlock_register_kfuncs,1.271715,0,0
5,run4_initcall.txt,kfunc_init,1.273919,0,0
5,run4_initcall.txt,bpf_cgroup_iter_init,1.276096,0,0
5,run4_initcall.txt,cpumask_kfunc_init,1.278527,0,7
5,run4_initcall.txt,crypto_kfunc_init,1.280697,0,0
5,run4_initcall.txt,bpf_kmem_cache_iter_init,1.282894,0,0
5,run4_initcall.txt,dmabuf_iter_init,1.285078,0,0
5,run4_initcall.txt,load_system_certificate_list,1.288336,0,1095
5,run4_initcall.txt,init_lru_gen,1.290614,0,32
5,run4_initcall.txt,vmstat_late_init,1.292851,0,1
5,run4_initcall.txt,fault_around_debugfs,1.295076,0,2
5,run4_initcall.txt,slab_sysfs_init,1.301017,0,3740
5,run4_initcall.txt,max_swapfiles_check,1.30325,0,0
5,run4_initcall.txt,zswap_init,1.305418,0,0
5,run4_initcall.txt,mempolicy_sysfs_init,1.307597,0,18
5,run4_initcall.txt,memory_tier_late_init,1.312026,0,2244
5,run4_initcall.txt,check_early_ioremap_leak,1.314214,0,0
5,run4_initcall.txt,mg_debugfs_init,1.316396,0,14
5,run4_initcall.txt,fscrypt_init,1.320776,0,2201
5,run4_initcall.txt,pstore_init,1.322958,0,10
5,run4_initcall.txt,init_root_keyring,1.325151,0,31
5,run4_initcall.txt,init_profile_hash,1.327325,0,0
5,run4_initcall.txt,integrity_fs_init,1.329506,0,10
5,run4_initcall.txt,crypto_algapi_init,1.331679,0,7
5,run4_initcall.txt,blk_timeout_init,1.333874,0,0
5,run4_initcall.txt,depot_debugfs_init,1.336059,0,5
5,run4_initcall.txt,pci_resource_alignment_sysfs_init,1.338243,0,4
5,run4_initcall.txt,pci_sysfs_init,1.340458,0,12
5,run4_initcall.txt,clk_debug_init,1.343015,0,336
5,run4_initcall.txt,genpd_debug_init,1.345671,0,429
5,run4_initcall.txt,sync_state_resume_initcall,1.347971,0,1
5,run4_initcall.txt,deferred_probe_initcall,1.415987,0,65735
5,run4_initcall.txt,efi_shutdown_init,1.418329,-19,0
5,run4_initcall.txt,efi_earlycon_unmap_fb,1.420392,0,0
5,run4_initcall.txt,psci_debugfs_init,1.422509,0,0
5,run4_initcall.txt,of_cfs_init,1.427735,0,3141
5,run4_initcall.txt,of_fdt_raw_init,1.42989,0,34
5,run4_initcall.txt,bpf_kfunc_init,1.431996,0,2
5,run4_initcall.txt,init_subsystem,1.434116,0,0
5,run4_initcall.txt,xdp_metadata_init,1.436187,0,0
5,run4_initcall.txt,bpf_sockmap_iter_init,1.438261,0,0
5,run4_initcall.txt,bpf_sk_storage_map_iter_init,1.440361,0,0
5,run4_initcall.txt,bpf_prog_test_run_init,1.442465,0,0
5,run4_initcall.txt,bpf_dummy_struct_ops_init,1.444566,0,0
5,run4_initcall.txt,tcp_congestion_default,1.446677,0,1
5,run4_initcall.txt,inet_blackhole_dev_init,1.448759,0,7
5,run4_initcall.txt,ip_auto_config,1.450859,0,10
5,run4_initcall.txt,tcp_bpf_v4_build_proto,1.452909,0,0
5,run4_initcall.txt,udp_bpf_v4_build_proto,1.454947,0,0
5,run4_initcall.txt,bpf_tcp_ca_kfunc_init,1.456994,0,0
5,run4_initcall.txt,bpf_mptcp_kfunc_init,1.460077,0,0
5,run4_initcall.txt,fb_logo_late_init,1.463176,0,0
5,run4_initcall.txt,amba_stub_drv_init,1.465307,0,26
5,run4_initcall.txt,clk_disable_unused,1.46854,0,1104
5,run4_initcall.txt,genpd_power_off_unused,1.471913,0,1151
5,run4_initcall.txt,regulator_init_complete,1.474222,0,1
5,run4_initcall.txt,of_platform_sync_state_init,1.476558,0,17
6,run5_initcall.txt,sock_init,0.016532,0,4000
6,run5_initcall.txt,net_inuse_init,0.016559,0,0
6,run5_initcall.txt,sock_struct_check,0.016575,0,0
6,run5_initcall.txt,init_default_flow_dissectors,0.016591,0,0
6,run5_initcall.txt,netlink_proto_init,0.016681,0,0
6,run5_initcall.txt,genl_init,0.01671,0,0
6,run5_initcall.txt,debug_monitors_init,0.016848,0,0
6,run5_initcall.txt,init_overflow_sysctl,0.016873,0,0
6,run5_initcall.txt,irq_sysfs_init,0.016996,0,0
6,run5_initcall.txt,dma_atomic_pool_init,0.0176,0,0
6,run5_initcall.txt,audit_init,0.017739,0,0
6,run5_initcall.txt,bdi_class_init,0.017773,0,0
6,run5_initcall.txt,mm_sysfs_init,0.017789,0,0
6,run5_initcall.txt,init_per_zone_wmark_min,0.017814,0,0
6,run5_initcall.txt,ramoops_init,0.017847,0,0
6,run5_initcall.txt,gpiolib_sysfs_init,0.01787,0,0
6,run5_initcall.txt,pcibus_class_init,0.017891,0,0
6,run5_initcall.txt,pci_driver_init,0.017926,0,0
6,run5_initcall.txt,amba_init,0.017951,0,0
6,run5_initcall.txt,__bcm2835_clk_driver_init,0.017974,0,0
6,run5_initcall.txt,tty_class_init,0.017995,0,0
6,run5_initcall.txt,vtconsole_class_init,0.018041,0,0
6,run5_initcall.txt,serdev_init,0.018068,0,0
6,run5_initcall.txt,iommu_dev_init,0.01809,0,0
6,run5_initcall.txt,mipi_dsi_bus_init,0.018115,0,0
6,run5_initcall.txt,devlink_class_init,0.018138,0,0
6,run5_initcall.txt,software_node_init,0.018156,0,0
6,run5_initcall.txt,regmap_initcall,0.018176,0,0
6,run5_initcall.txt,sram_init,0.018201,0,0
6,run5_initcall.txt,spi_init,0.018238,0,0
6,run5_initcall.txt,i2c_init,0.018279,0,0
6,run5_initcall.txt,thermal_init,0.018314,0,0
6,run5_initcall.txt,init_menu,0.018355,0,0
6,run5_initcall.txt,efipostcore_init,0.018373,0,0
6,run5_initcall.txt,kobject_uevent_init,0.018395,0,0
6,run5_initcall.txt,init_uevent_helper_sysctl,0.018413,0,0
6,run5_initcall.txt,reserve_memblock_reserved_regions,0.018509,0,0
6,run5_initcall.txt,aarch32_alloc_vdso_pages,0.018529,0,0
6,run5_initcall.txt,vdso_init,0.018546,0,0
6,run5_initcall.txt,arm64_create_dummy_rsi_dev,0.018562,0,0
6,run5_initcall.txt,arch_hw_breakpoint_init,0.018628,0,0
6,run5_initcall.txt,adjust_protection_map,0.018651,0,0
6,run5_initcall.txt,asids_update_limit,0.018677,0,0
6,run5_initcall.txt,kcmp_cookies_init,0.018696,0,0
6,run5_initcall.txt,dma_channel_table_init,0.018721,0,0
6,run5_initcall.txt,dma_bus_init,0.018834,0,0
6,run5_initcall.txt,brcmstb_soc_device_init,0.01914,0,0
6,run5_initcall.txt,serial_base_init,0.019191,0,0
6,run5_initcall.txt,pl011_init,0.019231,0,0
6,run5_initcall.txt,iommu_dma_init,0.019258,0,0
6,run5_initcall.txt,dmi_id_init,0.019277,-19,0
6,run5_initcall.txt,bcm2835_mbox_init,0.019302,0,0
6,run5_initcall.txt,of_platform_default_populate_init,0.040218,0,24000
6,run5_initcall.txt,register_mte_tcf_preferred_sysctl,0.040318,0,0
6,run5_initcall.txt,init_fork_sysctl,0.040347,0,0
6,run5_initcall.txt,uid_cache_init,0.040392,0,0
6,run5_initcall.txt,pid_namespace_sysctl_init,0.040417,0,0
6,run5_initcall.txt,param_sysfs_init,0.040436,0,0
6,run5_initcall.txt,user_namespace_sysctl_init,0.040469,0,0
6,run5_initcall.txt,proc_schedstat_init,0.040492,0,0
6,run5_initcall.txt,init_rtmutex_sysctl,0.040508,0,0
6,run5_initcall.txt,pm_sysrq_init,0.040555,0,0
6,run5_initcall.txt,init_rcu_stall_sysctl,0.040575,0,0
6,run5_initcall.txt,init_module_sysctl,0.040594,0,0
6,run5_initcall.txt,create_proc_profile,0.040611,0,0
6,run5_initcall.txt,cgroup_sysfs_init,0.040631,0,0
6,run5_initcall.txt,user_namespaces_init,0.040657,0,0
6,run5_initcall.txt,hung_task_init,0.040755,0,0
6,run5_initcall.txt,dev_map_init,0.040774,0,0
6,run5_initcall.txt,netns_bpf_init,0.040788,0,0
6,run5_initcall.txt,oom_init,0.040846,0,0
6,run5_initcall.txt,init_user_buckets,0.040861,0,0
6,run5_initcall.txt,init_vm_util_sysctls,0.040882,0,0
6,run5_initcall.txt,default_bdi_init,0.040987,0,0
6,run5_initcall.txt,cgwb_init,0.041015,0,0
6,run5_initcall.txt,percpu_enable_async,0.041029,0,0
6,run5_initcall.txt,kcompactd_init,0.041132,0,0
6,run5_initcall.txt,init_mm_sysctl,0.041151,0,0
6,run5_initcall.txt,init_user_reserve,0.041168,0,0
6,run5_initcall.txt,init_admin_reserve,0.041182,0,0
6,run5_initcall.txt,init_reserve_notifier,0.041196,0,0
6,run5_initcall.txt,swap_init,0.041216,0,0
6,run5_initcall.txt,swapfile_init,0.041237,0,0
6,run5_initcall.txt,memory_tier_init,0.041281,0,0
6,run5_initcall.txt,numa_init_sysfs,0.041301,0,0
6,run5_initcall.txt,mem_cgroup_swap_init,0.041319,0,0
6,run5_initcall.txt,init_msg_buckets,0.041335,0,0
6,run5_initcall.txt,init_bio,0.041379,0,0
6,run5_initcall.txt,blk_ioc_init,0.0414,0,0
6,run5_initcall.txt,blk_mq_init,0.041418,0,0
6,run5_initcall.txt,genhd_device_init,0.041507,0,0
6,run5_initcall.txt,blkcg_punt_bio_init,0.041603,0,0
6,run5_initcall.txt,blk_integrity_auto_init,0.041682,0,0
6,run5_initcall.txt,io_wq_init,0.041702,0,0
6,run5_initcall.txt,crc_t10dif_mod_init,0.041727,0,0
6,run5_initcall.txt,sha256_mod_init,0.041746,0,0
6,run5_initcall.txt,sha512_mod_init,0.041762,0,0
6,run5_initcall.txt,sg_pool_init,0.041794,0,0
6,run5_initcall.txt,gpiolib_debugfs_init,0.041815,0,0
6,run5_initcall.txt,stmpe_gpio_init,0.041884,0,0
6,run5_initcall.txt,pwm_init,0.041906,0,0
6,run5_initcall.txt,leds_init,0.041936,0,0
6,run5_initcall.txt,pci_slot_init,0.041955,0,0
6,run5_initcall.txt,fbmem_init,0.04202,0,0
6,run5_initcall.txt,bcm2835_dma_init,0.042722,0,0
6,run5_initcall.txt,regulator_fixed_voltage_init,0.042787,0,0
6,run5_initcall.txt,gpio_regulator_init,0.042839,0,0
6,run5_initcall.txt,init_sysrq_sysctl,0.042865,0,0
6,run5_initcall.txt,misc_init,0.042892,0,0
6,run5_initcall.txt,iommu_subsys_init,0.042923,0,0
6,run5_initcall.txt,register_cpu_capacity_sysctl,0.043253,0,0
6,run5_initcall.txt,dma_buf_init,0.04333,0,0
6,run5_initcall.txt,dma_heap_init,0.043359,0,0
6,run5_initcall.txt,init_scsi,0.04345,0,0
6,run5_initcall.txt,mdio_bus_init,0.043477,0,0
6,run5_initcall.txt,phy_init,0.043515,0,0
6,run5_initcall.txt,usb_common_init,0.043532,0,0
6,run5_initcall.txt,usb_init,0.043633,0,0
6,run5_initcall.txt,usb_phy_generic_init,0.043756,0,0
6,run5_initcall.txt,usb_udc_init,0.043786,0,0
6,run5_initcall.txt,usb_roles_init,0.043807,0,0
6,run5_initcall.txt,input_init,0.04383,0,0
6,run5_initcall.txt,rtc_init,0.043848,0,0
6,run5_initcall.txt,rc_core_init,0.043874,0,0
6,run5_initcall.txt,pps_init,0.04391,0,0
6,run5_initcall.txt,ptp_init,0.043934,0,0
6,run5_initcall.txt,power_supply_class_init,0.043962,0,0
6,run5_initcall.txt,hwmon_init,0.043985,0,0
6,run5_initcall.txt,mmc_init,0.044026,0,0
6,run5_initcall.txt,dmi_init,0.044044,0,0
6,run5_initcall.txt,efisubsys_init,0.044058,0,0
6,run5_initcall.txt,arm_pmu_hp_init,0.044075,0,0
6,run5_initcall.txt,ras_init,0.044097,0,0
6,run5_initcall.txt,nvmem_init,0.04413,0,0
6,run5_initcall.txt,init_soundcore,0.04415,0,0
6,run5_initcall.txt,proto_init,0.04417,0,0
6,run5_initcall.txt,net_dev_init,0.044383,0,0
6,run5_initcall.txt,neigh_init,0.044404,0,0
6,run5_initcall.txt,fib_notifier_init,0.04442,0,0
6,run5_initcall.txt,netdev_genl_init,0.044458,0,0
6,run5_initcall.txt,page_pool_user_init,0.044475,0,0
6,run5_initcall.txt,fib_rules_init,0.044494,0,0
6,run5_initcall.txt,init_cgroup_netprio,0.04451,0,0
6,run5_initcall.txt,bpf_lwt_init,0.044525,0,0
6,run5_initcall.txt,pktsched_init,0.044548,0,0
6,run5_initcall.txt,tc_filter_init,0.044581,0,0
6,run5_initcall.txt,tc_action_init,0.044598,0,0
6,run5_initcall.txt,ethnl_init,0.044671,0,0
6,run5_initcall.txt,nexthop_init,0.044692,0,0
6,run5_initcall.txt,devlink_init,0.04477,0,0
6,run5_initcall.txt,wireless_nlevent_init,0.04479,0,0
6,run5_initcall.txt,vsprintf_init_hashval,0.044808,0,0
6,run5_initcall.txt,init_32bit_el0_mask,0.044823,0,0
6,run5_initcall.txt,vga_arb_device_init,0.04496,0,0
6,run5_initcall.txt,watchdog_init,0.04507,0,0
6,run5_initcall.txt,create_debug_debugfs_entry,0.045168,0,0
6,run5_initcall.txt,iomem_init_inode,0.045206,0,0
6,run5_initcall.txt,clocksource_done_booting,0.045251,0,13
6,run5_initcall.txt,bpf_init,0.045274,0,5
6,run5_initcall.txt,secretmem_init,0.045302,0,10
6,run5_initcall.txt,init_fs_stat_sysctls,0.045329,0,8
6,run5_initcall.txt,init_fs_exec_sysctls,0.045348,0,1
6,run5_initcall.txt,init_pipe_fs,0.045376,0,10
6,run5_initcall.txt,init_fs_namei_sysctls,0.045397,0,2
6,run5_initcall.txt,init_fs_dcache_sysctls,0.045421,0,6
6,run5_initcall.txt,init_fs_namespace_sysctls,0.045438,0,1
6,run5_initcall.txt,cgroup_writeback_init,0.045457,0,4
6,run5_initcall.txt,inotify_user_setup,0.045482,0,12
6,run5_initcall.txt,eventpoll_init,0.045512,0,16
6,run5_initcall.txt,anon_inode_init,0.045538,0,11
6,run5_initcall.txt,proc_locks_init,0.045556,0,3
6,run5_initcall.txt,backing_aio_init,0.045572,0,2
6,run5_initcall.txt,init_fs_coredump_sysctls,0.045593,0,6
6,run5_initcall.txt,init_vm_drop_caches_sysctls,0.045611,0,2
6,run5_initcall.txt,iomap_dio_init,0.045647,0,22
6,run5_initcall.txt,iomap_ioend_init,0.045685,0,23
6,run5_initcall.txt,dquot_init,0.045821,0,120
6,run5_initcall.txt,proc_cmdline_init,0.045841,0,2
6,run5_initcall.txt,proc_consoles_init,0.045856,0,1
6,run5_initcall.txt,proc_cpuinfo_init,0.045871,0,1
6,run5_initcall.txt,proc_devices_init,0.045885,0,0
6,run5_initcall.txt,proc_interrupts_init,0.0459,0,1
6,run5_initcall.txt,proc_loadavg_init,0.045915,0,0
6,run5_initcall.txt,proc_meminfo_init,0.045929,0,0
6,run5_initcall.txt,proc_stat_init,0.045944,0,1
6,run5_initcall.txt,proc_uptime_init,0.045958,0,1
6,run5_initcall.txt,proc_version_init,0.045974,0,1
6,run5_initcall.txt,proc_softirqs_init,0.045989,0,0
6,run5_initcall.txt,proc_kmsg_init,0.046004,0,1
6,run5_initcall.txt,proc_page_init,0.04602,0,2
6,run5_initcall.txt,init_ramfs_fs,0.046045,0,1
6,run5_initcall.txt,aa_create_aafs,0.046063,0,0
6,run5_initcall.txt,chr_dev_init,0.048891,0,2809
6,run5_initcall.txt,hwrng_modinit,0.048974,0,46
6,run5_initcall.txt,firmware_class_init,0.048995,0,1
6,run5_initcall.txt,sysctl_core_init,0.04904,0,28
6,run5_initcall.txt,eth_offload_init,0.049057,0,0
6,run5_initcall.txt,ipv4_offload_init,0.049074,0,1
6,run5_initcall.txt,inet_init,0.052776,0,3685
6,run5_initcall.txt,af_unix_init,0.052829,0,20
6,run5_initcall.txt,ipv6_offload_init,0.052849,0,1
6,run5_initcall.txt,init_sunrpc,0.053215,0,340
6,run5_initcall.txt,vlan_offload_init,0.053235,0,0
6,run5_initcall.txt,pci_apply_final_quirks,0.05329,0,11
6,run5_initcall.txt,populate_rootfs,0.053312,0,6
6,run5_initcall.txt,register_arm64_panic_block,0.053414,0,0
6,run5_initcall.txt,cpuinfo_regs_init,0.053515,0,85
6,run5_initcall.txt,aarch32_el0_sysfs_init,0.053536,0,0
6,run5_initcall.txt,kvm_arm_init,0.056836,0,3282
6,run5_initcall.txt,proc_execdomains_init,0.056879,0,4
6,run5_initcall.txt,register_warn_debugfs,0.056901,0,4
6,run5_initcall.txt,cpuhp_sysfs_init,0.056959,0,39
6,run5_initcall.txt,ioresources_init,0.056978,0,3
6,run5_initcall.txt,psi_proc_init,0.056992,0,0
6,run5_initcall.txt,irq_gc_init_ops,0.057007,0,0
6,run5_initcall.txt,irq_debugfs_init,0.057101,0,70
6,run5_initcall.txt,proc_modules_init,0.057119,0,1
6,run5_initcall.txt,timer_sysctl_init,0.057142,0,7
6,run5_initcall.txt,timekeeping_init_ops,0.057158,0,0
6,run5_initcall.txt,init_clocksource_sysfs,0.057229,0,55
6,run5_initcall.txt,init_timer_list_procfs,0.057275,0,1
6,run5_initcall.txt,alarmtimer_init,0.057336,0,45
6,run5_initcall.txt,clockevents_init_sysfs,0.057463,0,109
6,run5_initcall.txt,sched_clock_syscore_init,0.057484,0,0
6,run5_initcall.txt,kallsyms_init,0.057502,0,1
6,run5_initcall.txt,pid_namespaces_init,0.05754,0,21
6,run5_initcall.txt,audit_watch_init,0.057559,0,0
6,run5_initcall.txt,audit_fsnotify_init,0.057576,0,0
6,run5_initcall.txt,audit_tree_init,0.057595,0,2
6,run5_initcall.txt,seccomp_sysctl_init,0.057618,0,6
6,run5_initcall.txt,utsname_sysctl_init,0.057643,0,7
6,run5_initcall.txt,init_lstats_procfs,0.057665,0,3
6,run5_initcall.txt,perf_event_sysfs_init,0.05773,0,49
6,run5_initcall.txt,system_trusted_keyring_init,0.05776,0,14
6,run5_initcall.txt,kswapd_init,0.057944,0,169
6,run5_initcall.txt,extfrag_debug_init,0.05797,0,9
6,run5_initcall.txt,mm_compute_batch_init,0.057985,0,0
6,run5_initcall.txt,slab_proc_init,0.058002,0,2
6,run5_initcall.txt,workingset_init,0.058025,0,8
6,run5_initcall.txt,proc_vmalloc_init,0.05804,0,1
6,run5_initcall.txt,memblock_init_debugfs,0.058061,0,5
6,run5_initcall.txt,slab_debugfs_init,0.058082,0,4
6,run5_initcall.txt,procswaps_init,0.058099,0,1
6,run5_initcall.txt,zs_init,0.058116,0,0
6,run5_initcall.txt,fcntl_init,0.058135,0,2
6,run5_initcall.txt,proc_filesystems_init,0.058154,0,1
6,run5_initcall.txt,start_dirtytime_writeback,0.058175,0,5
6,run5_initcall.txt,dio_init,0.05819,0,1
6,run5_initcall.txt,dnotify_init,0.058217,0,14
6,run5_initcall.txt,fanotify_user_setup,0.058241,0,9
6,run5_initcall.txt,aio_setup,0.058288,0,33
6,run5_initcall.txt,mbcache_init,0.058308,0,6
6,run5_initcall.txt,init_grace,0.058324,0,2
6,run5_initcall.txt,init_devpts_fs,0.058346,0,6
6,run5_initcall.txt,ext4_init_fs,0.058435,0,74
6,run5_initcall.txt,journal_init,0.058467,0,15
6,run5_initcall.txt,init_fat_fs,0.058488,0,6
6,run5_initcall.txt,init_vfat_fs,0.058503,0,1
6,run5_initcall.txt,init_msdos_fs,0.058517,0,0
6,run5_initcall.txt,init_nfs_fs,0.058679,0,147
6,run5_initcall.txt,init_nfs_v2,0.058699,0,0
6,run5_initcall.txt,init_nfs_v3,0.058714,0,0
6,run5_initcall.txt,init_nfs_v4,0.058755,0,27
6,run5_initcall.txt,nfs4filelayout_init,0.058777,0,5
6,run5_initcall.txt,nfs4flexfilelayout_init,0.058798,0,6
6,run5_initcall.txt,init_nlm,0.058838,0,25
6,run5_initcall.txt,init_nls_cp437,0.058855,0,0
6,run5_initcall.txt,init_nls_ascii,0.05887,0,0
6,run5_initcall.txt,init_autofs_fs,0.058974,0,88
6,run5_initcall.txt,init_f2fs_fs,0.059108,0,116
6,run5_initcall.txt,ipc_init,0.059138,0,12
6,run5_initcall.txt,ipc_sysctl_init,0.059171,0,17
6,run5_initcall.txt,init_mqueue_fs,0.059227,0,40
6,run5_initcall.txt,key_proc_init,0.059248,0,2
6,run5_initcall.txt,bpf_crypto_skcipher_init,0.059265,0,1
6,run5_initcall.txt,dh_init,0.059285,0,2
6,run5_initcall.txt,rsa_init,0.059303,0,1
6,run5_initcall.txt,cryptomgr_init,0.059319,0,0
6,run5_initcall.txt,hmac_module_init,0.059336,0,0
6,run5_initcall.txt,crypto_sha256_mod_init,0.059356,0,4
6,run5_initcall.txt,crypto_ecb_module_init,0.059373,0,0
6,run5_initcall.txt,crypto_cbc_module_init,0.059389,0,0
6,run5_initcall.txt,crypto_cts_module_init,0.059405,0,0
6,run5_initcall.txt,xts_module_init,0.059421,0,0
6,run5_initcall.txt,des_generic_mod_init,0.05944,0,1
6,run5_initcall.txt,aes_init,0.059456,0,0
6,run5_initcall.txt,lzo_mod_init,0.059473,0,1
6,run5_initcall.txt,lzorle_mod_init,0.05949,0,1
6,run5_initcall.txt,asymmetric_key_init,0.059511,0,5
6,run5_initcall.txt,x509_key_init,0.059532,0,5
6,run5_initcall.txt,crypto_kdf108_init,0.059548,0,0
6,run5_initcall.txt,blkdev_init,0.059576,0,12
6,run5_initcall.txt,proc_genhd_init,0.059597,0,2
6,run5_initcall.txt,bsg_init,0.059629,0,15
6,run5_initcall.txt,throtl_init,0.059713,0,67
6,run5_initcall.txt,deadline_init,0.059737,0,6
6,run5_initcall.txt,kyber_init,0.05976,0,5
6,run5_initcall.txt,bfq_init,0.059794,0,18
6,run5_initcall.txt,io_uring_init,0.059836,0,24
6,run5_initcall.txt,percpu_counter_startup,0.059898,0,41
6,run5_initcall.txt,audit_classes_init,0.059926,0,3
6,run5_initcall.txt,gicv5_iwb_platform_driver_init,0.060008,0,65
6,run5_initcall.txt,mip_msi_driver_init,0.060051,0,27
6,run5_initcall.txt,bcm7038_l1_driver_init,0.060097,0,30
6,run5_initcall.txt,bcm7120_l2_driver_init,0.060141,0,30
6,run5_initcall.txt,brcmstb_l2_driver_init,0.060196,0,39
6,run5_initcall.txt,simple_pm_bus_driver_init,0.060661,0,450
6,run5_initcall.txt,phy_core_init,0.060694,0,14
6,run5_initcall.txt,brcm_usb_driver_init,0.060754,0,46
6,run5_initcall.txt,rp1_pinctrl_driver_init,0.060795,0,26
6,run5_initcall.txt,bcm2835_pinctrl_driver_init,0.061762,0,951
6,run5_initcall.txt,bcm2712_pinctrl_driver_init,0.06183,0,42
6,run5_initcall.txt,brcmvirt_gpio_driver_init,0.061875,0,29
6,run5_initcall.txt,brcmstb_gpio_driver_init,0.061917,0,26
6,run5_initcall.txt,rpi_exp_gpio_driver_init,0.062277,0,345
6,run5_initcall.txt,brcmstb_pwm_driver_init,0.062321,0,28
6,run5_initcall.txt,rp1_pwm_driver_init,0.062364,0,27
6,run5_initcall.txt,gpio_led_driver_init,0.064072,0,1693
6,run5_initcall.txt,led_pwm_driver_init,0.064119,0,31
6,run5_initcall.txt,timer_led_trigger_init,0.064135,0,1
6,run5_initcall.txt,oneshot_led_trigger_init,0.06415,0,0
6,run5_initcall.txt,heartbeat_trig_init,0.064168,0,2
6,run5_initcall.txt,bl_led_trigger_init,0.064182,0,0
6,run5_initcall.txt,ledtrig_cpu_init,0.064249,0,52
6,run5_initcall.txt,defon_led_trigger_init,0.064298,0,34
6,run5_initcall.txt,input_trig_init,0.064315,0,1
6,run5_initcall.txt,ledtrig_panic_init,0.06433,0,1
6,run5_initcall.txt,actpwr_trig_init,0.064508,0,163
6,run5_initcall.txt,pcie_portdrv_init,0.06459,0,58
6,run5_initcall.txt,pci_proc_init,0.064617,0,10
6,run5_initcall.txt,brcm_pcie_driver_init,0.178084,0,113452
6,run5_initcall.txt,bcm2708_fb_init,0.190753,0,12648
6,run5_initcall.txt,simplefb_driver_init,0.190852,0,46
6,run5_initcall.txt,of_fixed_factor_clk_driver_init,0.190927,0,27
6,run5_initcall.txt,of_fixed_clk_driver_init,0.191,0,26
6,run5_initcall.txt,gpio_clk_driver_init,0.191081,0,35
6,run5_initcall.txt,gated_fixed_clk_driver_init,0.191154,0,27
6,run5_initcall.txt,rp1_clk_driver_init,0.191227,0,27
6,run5_initcall.txt,rp1_sdio_clk_driver_init,0.191306,0,27
6,run5_initcall.txt,clk_dvp_driver_init,0.191381,0,30
6,run5_initcall.txt,bcm2835_aux_clk_driver_init,0.191483,0,57
6,run5_initcall.txt,raspberrypi_clk_driver_init,0.206917,0,15385
6,run5_initcall.txt,dw_driver_init,0.207,0,37
6,run5_initcall.txt,bcm2835_power_driver_init,0.207062,0,19
6,run5_initcall.txt,rpi_power_driver_init,0.225647,0,18540
6,run5_initcall.txt,brcmstb_reset_driver_init,0.227576,0,32
6,run5_initcall.txt,brcm_rescal_reset_driver_init,0.229508,0,31
6,run5_initcall.txt,rpi_reset_driver_init,0.232441,0,1038
6,run5_initcall.txt,reset_simple_driver_init,0.234449,0,63
6,run5_initcall.txt,n_null_init,0.236366,0,0
6,run5_initcall.txt,pty_init,0.238383,0,82
6,run5_initcall.txt,sysrq_init,0.240293,0,16
6,run5_initcall.txt,serial8250_init,0.242214,-19,0
6,run5_initcall.txt,bcm2835aux_serial_driver_init,0.244171,0,34
6,run5_initcall.txt,brcmuart_init,0.246141,0,41
6,run5_initcall.txt,exar_pci_driver_init,0.248081,0,30
6,run5_initcall.txt,of_platform_serial_driver_init,0.250078,0,72
6,run5_initcall.txt,serial_pci_driver_init,0.252021,0,28
6,run5_initcall.txt,pericom8250_pci_driver_init,0.253958,0,18
6,run5_initcall.txt,init_kgdboc,0.25687,0,994
6,run5_initcall.txt,random_sysctls_init,0.258778,0,12
6,run5_initcall.txt,ttyprintk_init,0.260758,0,68
6,run5_initcall.txt,bcm2835_rng_driver_init,0.262739,0,51
6,run5_initcall.txt,bcm74110_rng_driver_init,0.264745,0,30
6,run5_initcall.txt,iproc_rng200_driver_init,0.269009,0,2259
6,run5_initcall.txt,smccc_trng_driver_init,0.271128,0,23
6,run5_initcall.txt,vc_mem_init,0.27444,0,1174
6,run5_initcall.txt,vcio_driver_init,0.278076,0,1416
6,run5_initcall.txt,bcm2712_iommu_driver_init,0.280401,0,33
6,run5_initcall.txt,bcm2712_iommu_cache_driver_init,0.282791,0,30
6,run5_initcall.txt,topology_sysfs_init,0.285251,0,67
6,run5_initcall.txt,cacheinfo_sysfs_init,0.287915,0,240
6,run5_initcall.txt,devcoredump_init,0.290345,0,9
6,run5_initcall.txt,brd_init,0.297578,0,4825
6,run5_initcall.txt,loop_init,0.303665,0,3675
6,run5_initcall.txt,bcm2835_pm_driver_init,0.307304,0,1256
6,run5_initcall.txt,stmpe_i2c_driver_init,0.309689,0,14
6,run5_initcall.txt,stmpe_spi_driver_init,0.312079,0,16
6,run5_initcall.txt,rp1_driver_init,0.314482,0,26
6,run5_initcall.txt,system_heap_create,0.316937,0,76
6,run5_initcall.txt,add_default_cma_heap,0.319417,0,89
6,run5_initcall.txt,udmabuf_dev_init,0.321841,0,44
6,run5_initcall.txt,iscsi_transport_init,0.325586,0,1409
6,run5_initcall.txt,init_sd,0.327993,0,25
6,run5_initcall.txt,nvme_core_init,0.330632,0,245
6,run5_initcall.txt,nvme_init,0.333053,0,28
6,run5_initcall.txt,blackhole_netdev_init,0.335465,0,17
6,run5_initcall.txt,netkit_init,0.337837,0,6
6,run5_initcall.txt,phylink_init,0.340181,0,0
6,run5_initcall.txt,phy_module_init,0.342704,0,164
6,run5_initcall.txt,phy_module_init,0.345235,0,169
6,run5_initcall.txt,fixed_mdio_bus_init,0.34776,0,152
6,run5_initcall.txt,phy_module_init,0.3503,0,160
6,run5_initcall.txt,phy_module_init,0.352684,0,20
6,run5_initcall.txt,phy_module_init,0.355085,0,59
6,run5_initcall.txt,unimac_mdio_driver_init,0.357468,0,95
6,run5_initcall.txt,macb_driver_init,0.359878,0,81
6,run5_initcall.txt,bcmgenet_driver_init,0.562318,0,200115
6,run5_initcall.txt,bcmasp_driver_init,0.564701,0,61
6,run5_initcall.txt,lan78xx_driver_init,0.56824,0,1203
6,run5_initcall.txt,smsc95xx_driver_init,0.571825,0,1200
6,run5_initcall.txt,usbnet_init,0.574168,0,0
6,run5_initcall.txt,xhci_hcd_init,0.576537,0,12
6,run5_initcall.txt,xhci_pci_init,0.70415,0,125249
6,run5_initcall.txt,xhci_plat_init,0.706501,0,93
6,run5_initcall.txt,dwc_otg_driver_init,0.713146,0,4442
6,run5_initcall.txt,dwc_common_port_init_module,0.716635,0,1188
6,run5_initcall.txt,dwc3_driver_init,0.718895,0,46
6,run5_initcall.txt,dwc3_haps_driver_init,0.721105,0,22
6,run5_initcall.txt,dwc3_of_simple_driver_init,0.72335,0,45
6,run5_initcall.txt,dwc3_generic_driver_init,0.725566,0,32
6,run5_initcall.txt,dwc2_platform_driver_init,0.72786,0,108
6,run5_initcall.txt,uas_init,0.731206,0,1169
6,run5_initcall.txt,usb_storage_driver_init,0.734471,0,1096
6,run5_initcall.txt,brcmstb_usb_pinmap_init,0.736668,-19,52
6,run5_initcall.txt,bdc_driver_init,0.738867,0,36
6,run5_initcall.txt,input_leds_init,0.740997,0,1
6,run5_initcall.txt,mousedev_init,0.744358,0,1184
6,run5_initcall.txt,evdev_init,0.746583,0,0
6,run5_initcall.txt,brcmstb_waketmr_driver_init,0.74882,0,34
6,run5_initcall.txt,rpi_rtc_driver_init,0.751063,0,32
6,run5_initcall.txt,init_rc_map_adstech_dvb_t_pci,0.753268,0,0
6,run5_initcall.txt,init_rc_map_alink_dtu_m,0.755457,0,0
6,run5_initcall.txt,init_rc_map_anysee,0.757608,0,0
6,run5_initcall.txt,init_rc_map_apac_viewcomp,0.759821,0,0
6,run5_initcall.txt,init_rc_map_t2hybrid,0.762051,0,0
6,run5_initcall.txt,init_rc_map_asus_pc39,0.764256,0,0
6,run5_initcall.txt,init_rc_map_asus_ps3_100,0.76646,0,0
6,run5_initcall.txt,init_rc_map_ati_tv_wonder_hd_600,0.768669,0,0
6,run5_initcall.txt,init_rc_map_ati_x10,0.770888,0,0
6,run5_initcall.txt,init_rc_map_avermedia_a16d,0.773114,0,0
6,run5_initcall.txt,init_rc_map_avermedia_cardbus,0.775312,0,0
6,run5_initcall.txt,init_rc_map_avermedia_dvbt,0.777542,0,0
6,run5_initcall.txt,init_rc_map_avermedia_m135a,0.779786,0,0
6,run5_initcall.txt,init_rc_map_avermedia_m733a_rm_k6,0.782045,0,0
6,run5_initcall.txt,init_rc_map_avermedia,0.784301,0,0
6,run5_initcall.txt,init_rc_map_avermedia_rm_ks,0.786566,0,0
6,run5_initcall.txt,init_rc_map_avertv_303,0.788828,0,0
6,run5_initcall.txt,init_rc_map_azurewave_ad_tu700,0.79105,0,0
6,run5_initcall.txt,init_rc_map_beelink_gs1,0.793291,0,0
6,run5_initcall.txt,init_rc_map_beelink_mxiii,0.795529,0,0
6,run5_initcall.txt,init_rc_map_behold_columbus,0.797781,0,0
6,run5_initcall.txt,init_rc_map_behold,0.800025,0,0
6,run5_initcall.txt,init_rc_map_budget_ci_old,0.802528,0,0
6,run5_initcall.txt,init_rc_map_cinergy_1400,0.80476,0,0
6,run5_initcall.txt,init_rc_map_cinergy,0.806939,0,0
6,run5_initcall.txt,init_rc_map_ct_90405,0.809129,0,0
6,run5_initcall.txt,init_rc_map_d680_dmb,0.811324,0,0
6,run5_initcall.txt,init_rc_map_delock_61959,0.813534,0,0
6,run5_initcall.txt,init_rc_map,0.815697,0,0
6,run5_initcall.txt,init_rc_map,0.81788,0,0
6,run5_initcall.txt,init_rc_map_digitalnow_tinytwin,0.820047,0,0
6,run5_initcall.txt,init_rc_map_digittrade,0.822238,0,0
6,run5_initcall.txt,init_rc_map_dm1105_nec,0.824539,0,0
6,run5_initcall.txt,init_rc_map_dntv_live_dvb_t,0.826901,0,0
6,run5_initcall.txt,init_rc_map_dntv_live_dvbt_pro,0.829076,0,0
6,run5_initcall.txt,init_rc_map_dreambox,0.831252,0,0
6,run5_initcall.txt,init_rc_map_dtt200u,0.83342,0,0
6,run5_initcall.txt,init_rc_map_rc5_dvbsky,0.835579,0,0
6,run5_initcall.txt,init_rc_map_dvico_mce,0.837855,0,0
6,run5_initcall.txt,init_rc_map_dvico_portable,0.840002,0,0
6,run5_initcall.txt,init_rc_map_em_terratec,0.84212,0,0
6,run5_initcall.txt,init_rc_map_encore_enltv2,0.844273,0,0
6,run5_initcall.txt,init_rc_map_encore_enltv_fm53,0.846439,0,0
6,run5_initcall.txt,init_rc_map_encore_enltv,0.84861,0,0
6,run5_initcall.txt,init_rc_map_evga_indtube,0.850763,0,0
6,run5_initcall.txt,init_rc_map_eztv,0.852904,0,0
6,run5_initcall.txt,init_rc_map_flydvb,0.855036,0,0
6,run5_initcall.txt,init_rc_map_flyvideo,0.857113,0,0
6,run5_initcall.txt,init_rc_map_fusionhdtv_mce,0.859238,0,0
6,run5_initcall.txt,init_rc_map_gadmei_rm008z,0.861349,0,0
6,run5_initcall.txt,init_rc_map_geekbox,0.863453,0,0
6,run5_initcall.txt,init_rc_map_genius_tvgo_a11mce,0.865553,0,0
6,run5_initcall.txt,init_rc_map_gotview7135,0.867645,0,0
6,run5_initcall.txt,init_rc_map_rc5_hauppauge_new,0.869754,0,0
6,run5_initcall.txt,init_rc_map_hisi_poplar,0.871864,0,0
6,run5_initcall.txt,init_rc_map_hisi_tv_demo,0.873941,0,0
6,run5_initcall.txt,init_rc_map_imon_mce,0.876054,0,0
6,run5_initcall.txt,init_rc_map_imon_pad,0.878172,0,0
6,run5_initcall.txt,init_rc_map_imon_rsc,0.880282,0,0
6,run5_initcall.txt,init_rc_map_iodata_bctv7e,0.882365,0,0
6,run5_initcall.txt,init_rc_it913x_v1_map,0.884454,0,0
6,run5_initcall.txt,init_rc_it913x_v2_map,0.886542,0,0
6,run5_initcall.txt,init_rc_map_kaiomy,0.888616,0,0
6,run5_initcall.txt,init_rc_map_khadas,0.890746,0,0
6,run5_initcall.txt,init_rc_map_khamsin,0.892811,0,0
6,run5_initcall.txt,init_rc_map_kworld_315u,0.894876,0,0
6,run5_initcall.txt,init_rc_map_kworld_pc150u,0.896931,0,0
6,run5_initcall.txt,init_rc_map_kworld_plus_tv_analog,0.899028,0,0
6,run5_initcall.txt,init_rc_map_leadtek_y04g0051,0.901089,0,0
6,run5_initcall.txt,init_rc_lme2510_map,0.903163,0,0
6,run5_initcall.txt,init_rc_map_manli,0.905246,0,0
6,run5_initcall.txt,init_rc_map_mecool_kiii_pro,0.907299,0,0
6,run5_initcall.txt,init_rc_map_mecool_kii_pro,0.909396,0,0
6,run5_initcall.txt,init_rc_map_medion_x10_digitainer,0.911477,0,0
6,run5_initcall.txt,init_rc_map_medion_x10,0.91357,0,0
6,run5_initcall.txt,init_rc_map_medion_x10_or2x,0.915655,0,0
6,run5_initcall.txt,init_rc_map_minix_neo,0.917738,0,0
6,run5_initcall.txt,init_rc_map_msi_digivox_iii,0.919833,0,0
6,run5_initcall.txt,init_rc_map_msi_digivox_ii,0.921951,0,0
6,run5_initcall.txt,init_rc_map_msi_tvanywhere,0.924022,0,0
6,run5_initcall.txt,init_rc_map_msi_tvanywhere_plus,0.926126,0,0
6,run5_initcall.txt,init_rc_map_mygica_utv3,0.928217,0,0
6,run5_initcall.txt,init_rc_map_nebula,0.930323,0,0
6,run5_initcall.txt,init_rc_map_nec_terratec_cinergy_xs,0.932404,0,0
6,run5_initcall.txt,init_rc_map_norwood,0.934493,0,0
6,run5_initcall.txt,init_rc_map_npgtech,0.936577,0,0
6,run5_initcall.txt,init_rc_map_odroid,0.938657,0,0
6,run5_initcall.txt,init_rc_map_pctv_sedna,0.940686,0,0
6,run5_initcall.txt,init_rc_map_pine64,0.942768,0,0
6,run5_initcall.txt,init_rc_map_pinnacle_color,0.944851,0,0
6,run5_initcall.txt,init_rc_map_pinnacle_grey,0.948124,0,0
6,run5_initcall.txt,init_rc_map_pinnacle_pctv_hd,0.950255,0,0
6,run5_initcall.txt,init_rc_map_pixelview,0.952369,0,0
6,run5_initcall.txt,init_rc_map_pixelview,0.954497,0,0
6,run5_initcall.txt,init_rc_map_pixelview_new,0.956614,0,0
6,run5_initcall.txt,init_rc_map_pixelview,0.958719,0,0
6,run5_initcall.txt,init_rc_map_powercolor_real_angel,0.960848,0,0
6,run5_initcall.txt,init_rc_map_proteus_2309,0.96299,0,0
6,run5_initcall.txt,init_rc_map_purpletv,0.965126,0,0
6,run5_initcall.txt,init_rc_map_pv951,0.967261,0,0
6,run5_initcall.txt,init_rc_map_rc6_mce,0.969386,0,0
6,run5_initcall.txt,init_rc_map_real_audio_220_32_keys,0.971509,0,0
6,run5_initcall.txt,init_rc_map_reddo,0.973613,0,0
6,run5_initcall.txt,init_rc_map_siemens_gigaset_rc20,0.975749,0,0
6,run5_initcall.txt,init_rc_map_snapstream_firefly,0.977898,0,0
6,run5_initcall.txt,init_rc_map_streamzap,0.980054,0,0
6,run5_initcall.txt,init_rc_map_su3000,0.982229,0,0
6,run5_initcall.txt,init_rc_map_tanix_tx3mini,0.984389,0,0
6,run5_initcall.txt,init_rc_map_tanix_tx5max,0.986547,0,0
6,run5_initcall.txt,init_rc_map_tbs_nec,0.98871,0,0
6,run5_initcall.txt,init_rc_map,0.990852,0,0
6,run5_initcall.txt,init_rc_map,0.993033,0,0
6,run5_initcall.txt,init_rc_map_terratec_cinergy_c_pci,0.995217,0,0
6,run5_initcall.txt,init_rc_map_terratec_cinergy_s2_hd,0.997418,0,0
6,run5_initcall.txt,init_rc_map_terratec_cinergy_xs,0.999593,0,0
6,run5_initcall.txt,init_rc_map_terratec_slim_2,1.001775,0,0
6,run5_initcall.txt,init_rc_map_terratec_slim,1.003955,0,0
6,run5_initcall.txt,init_rc_map_tevii_nec,1.006158,0,0
6,run5_initcall.txt,init_rc_map_tivo,1.008319,0,0
6,run5_initcall.txt,init_rc_map_total_media_in_hand_02,1.010531,0,0
6,run5_initcall.txt,init_rc_map_total_media_in_hand,1.012735,0,0
6,run5_initcall.txt,init_rc_map_trekstor,1.014935,0,0
6,run5_initcall.txt,init_rc_map_tt_1500,1.017118,0,0
6,run5_initcall.txt,init_rc_map_twinhan_vp1027,1.019312,0,0
6,run5_initcall.txt,init_rc_map_twinhan_dtv_cab_ci,1.021503,0,0
6,run5_initcall.txt,init_rc_map_vega_s9x,1.023652,0,0
6,run5_initcall.txt,init_rc_map_videomate_k100,1.025831,0,0
6,run5_initcall.txt,init_rc_map_videomate_s350,1.028014,0,0
6,run5_initcall.txt,init_rc_map_videomate_tv_pvr,1.030172,0,0
6,run5_initcall.txt,init_rc_map_kii_pro,1.032317,0,0
6,run5_initcall.txt,init_rc_map_wetek_hub,1.034473,0,0
6,run5_initcall.txt,init_rc_map_wetek_play2,1.036618,0,0
6,run5_initcall.txt,init_rc_map_winfast,1.038775,0,0
6,run5_initcall.txt,init_rc_map_winfast_usbii_deluxe,1.040885,0,0
6,run5_initcall.txt,init_rc_map_x96max,1.043063,0,0
6,run5_initcall.txt,init_rc_map,1.045209,0,0
6,run5_initcall.txt,init_rc_map,1.04755,0,0
6,run5_initcall.txt,init_rc_map_zx_irdec,1.049684,0,0
6,run5_initcall.txt,ptp_kvm_init,1.051815,-95,0
6,run5_initcall.txt,gpio_poweroff_driver_init,1.054041,0,80
6,run5_initcall.txt,bcm2711_thermal_driver_init,1.057557,0,1373
6,run5_initcall.txt,bcm2835_thermal_driver_init,1.059766,0,43
6,run5_initcall.txt,bcm2835_wdt_driver_init,1.061963,0,23
6,run5_initcall.txt,dt_cpufreq_platdrv_init,1.064163,0,25
6,run5_initcall.txt,brcm_avs_cpufreq_platdrv_init,1.066394,0,33
6,run5_initcall.txt,raspberrypi_cpufreq_driver_init,1.071621,0,3028
6,run5_initcall.txt,mmc_pwrseq_simple_driver_init,1.073908,0,64
6,run5_initcall.txt,mmc_pwrseq_emmc_driver_init,1.076182,0,31
6,run5_initcall.txt,mmc_blk_init,1.078476,0,30
6,run5_initcall.txt,sdhci_drv_init,1.083139,0,2399
6,run5_initcall.txt,bcm2835_mmc_driver_init,1.086645,0,1210
6,run5_initcall.txt,bcm2835_driver_init,1.08899,0,33
6,run5_initcall.txt,sdhci_pltfm_drv_init,1.096094,0,2438
6,run5_initcall.txt,sdhci_iproc_driver_init,1.098716,0,115
6,run5_initcall.txt,sdhci_brcmstb_driver_init,1.098788,0,56
6,run5_initcall.txt,esrt_sysfs_init,1.098801,-38,0
6,run5_initcall.txt,smccc_devices_init,1.098811,0,0
6,run5_initcall.txt,smccc_soc_init,1.09882,0,1
6,run5_initcall.txt,arch_timer_mmio_drv_init,1.09886,0,32
6,run5_initcall.txt,arch_timer_mmio_acpi_drv_init,1.098897,0,22
6,run5_initcall.txt,hid_init,1.098958,0,51
6,run5_initcall.txt,hid_generic_init,1.098998,0,29
6,run5_initcall.txt,hid_init,1.099048,0,41
6,run5_initcall.txt,bcm74110_mbox_driver_init,1.099094,0,33
6,run5_initcall.txt,extcon_class_init,1.099109,0,5
6,run5_initcall.txt,armv8_pmu_driver_init,1.138174,0,39055
6,run5_initcall.txt,binder_init,1.140603,0,64
6,run5_initcall.txt,rpi_otp_driver_init,1.149035,0,6035
6,run5_initcall.txt,sock_diag_init,1.151411,0,41
6,run5_initcall.txt,blackhole_init,1.153739,0,1
6,run5_initcall.txt,cls_bpf_init_mod,1.156042,0,0
6,run5_initcall.txt,gre_offload_init,1.158297,0,0
6,run5_initcall.txt,sysctl_ipv4_init,1.160637,0,73
6,run5_initcall.txt,cubictcp_register,1.162903,0,3
6,run5_initcall.txt,packet_init,1.166227,0,1110
6,run5_initcall.txt,init_rpcsec_gss,1.168462,0,17
6,run5_initcall.txt,init_kerberos_module,1.170696,0,8
6,run5_initcall.txt,dcbnl_init,1.172903,0,2
6,run5_initcall.txt,init_dns_resolver,1.176185,0,1097
6,run5_initcall.txt,handshake_init,1.178441,0,32
6,run5_initcall.txt,check_mmu_enabled_at_boot,1.180661,0,0
6,run5_initcall.txt,finalize_pkvm,1.182902,0,0
6,run5_initcall.txt,kernel_do_mounts_initrd_sysctls_init,1.186366,0,5
6,run5_initcall.txt,kernel_panic_sysctls_init,1.188643,0,12
6,run5_initcall.txt,kernel_panic_sysfs_init,1.19087,0,4
6,run5_initcall.txt,kernel_exit_sysctls_init,1.193149,0,2
6,run5_initcall.txt,kernel_exit_sysfs_init,1.195437,0,2
6,run5_initcall.txt,param_sysfs_builtin_init,1.207,0,9263
6,run5_initcall.txt,reboot_ksysfs_init,1.209409,0,21
6,run5_initcall.txt,sched_core_sysctl_init,1.211737,0,5
6,run5_initcall.txt,sched_fair_sysctl_init,1.2144,0,3
6,run5_initcall.txt,sched_rt_sysctl_init,1.216717,0,3
6,run5_initcall.txt,sched_dl_sysctl_init,1.218996,0,2
6,run5_initcall.txt,sched_init_debug,1.221314,0,87
6,run5_initcall.txt,cpu_latency_qos_init,1.223635,0,111
6,run5_initcall.txt,printk_late_init,1.226468,0,20
6,run5_initcall.txt,init_srcu_module_notifier,1.228742,0,1
6,run5_initcall.txt,kernel_rcu_stall_sysfs_init,1.231018,0,5
6,run5_initcall.txt,swiotlb_create_default_debugfs,1.233314,0,16
6,run5_initcall.txt,tk_debug_sleep_time_init,1.235622,0,2
6,run5_initcall.txt,bpf_ksym_iter_register,1.237955,0,2
6,run5_initcall.txt,kernel_acct_sysctls_init,1.240251,0,3
6,run5_initcall.txt,bpf_rstat_kfunc_init,1.242569,0,1
6,run5_initcall.txt,debugfs_kprobe_init,1.244913,0,29
6,run5_initcall.txt,kernel_delayacct_sysctls_init,1.247364,0,4
6,run5_initcall.txt,taskstats_init,1.250965,0,1208
6,run5_initcall.txt,bpf_global_ma_init,1.253373,0,96
6,run5_initcall.txt,bpf_syscall_sysctl_init,1.255689,0,5
6,run5_initcall.txt,unbound_reg_init,1.257955,0,0
6,run5_initcall.txt,kfunc_init,1.260222,0,0
6,run5_initcall.txt,bpf_map_iter_init,1.262507,0,0
6,run5_initcall.txt,init_subsystem,1.264774,0,0
6,run5_initcall.txt,task_iter_init,1.26704,0,1
6,run5_initcall.txt,bpf_prog_iter_init,1.269307,0,0
6,run5_initcall.txt,bpf_link_iter_init,1.27154,0,0
6,run5_initcall.txt,init_trampolines,1.27372,0,2
6,run5_initcall.txt,rqspinlock_register_kfuncs,1.275923,0,0
6,run5_initcall.txt,kfunc_init,1.278133,0,0
6,run5_initcall.txt,bpf_cgroup_iter_init,1.280301,0,0
6,run5_initcall.txt,cpumask_kfunc_init,1.282473,0,6
6,run5_initcall.txt,crypto_kfunc_init,1.284634,0,0
6,run5_initcall.txt,bpf_kmem_cache_iter_init,1.286987,0,0
6,run5_initcall.txt,dmabuf_iter_init,1.289164,0,0
6,run5_initcall.txt,load_system_certificate_list,1.292419,0,1099
6,run5_initcall.txt,init_lru_gen,1.294657,0,14
6,run5_initcall.txt,vmstat_late_init,1.296891,0,1
6,run5_initcall.txt,fault_around_debugfs,1.299112,0,3
6,run5_initcall.txt,slab_sysfs_init,1.305008,0,3681
6,run5_initcall.txt,max_swapfiles_check,1.307209,0,0
6,run5_initcall.txt,zswap_init,1.309404,0,0
6,run5_initcall.txt,mempolicy_sysfs_init,1.311578,0,18
6,run5_initcall.txt,memory_tier_late_init,1.316017,0,2255
6,run5_initcall.txt,check_early_ioremap_leak,1.31821,0,0
6,run5_initcall.txt,mg_debugfs_init,1.320392,0,14
6,run5_initcall.txt,fscrypt_init,1.324767,0,2201
6,run5_initcall.txt,pstore_init,1.326942,0,10
6,run5_initcall.txt,init_root_keyring,1.329134,0,29
6,run5_initcall.txt,init_profile_hash,1.331325,0,0
6,run5_initcall.txt,integrity_fs_init,1.333527,0,23
6,run5_initcall.txt,crypto_algapi_init,1.335706,0,8
6,run5_initcall.txt,blk_timeout_init,1.337889,0,0
6,run5_initcall.txt,depot_debugfs_init,1.340063,0,5
6,run5_initcall.txt,pci_resource_alignment_sysfs_init,1.34224,0,6
6,run5_initcall.txt,pci_sysfs_init,1.344453,0,11
6,run5_initcall.txt,clk_debug_init,1.347003,0,336
6,run5_initcall.txt,genpd_debug_init,1.349564,0,329
6,run5_initcall.txt,sync_state_resume_initcall,1.351809,0,1
6,run5_initcall.txt,deferred_probe_initcall,1.418381,0,64252
6,run5_initcall.txt,efi_shutdown_init,1.420649,-19,0
6,run5_initcall.txt,efi_earlycon_unmap_fb,1.422751,0,0
6,run5_initcall.txt,psci_debugfs_init,1.424792,0,0
6,run5_initcall.txt,of_cfs_init,1.428947,0,2069
6,run5_initcall.txt,of_fdt_raw_init,1.432052,0,31
6,run5_initcall.txt,bpf_kfunc_init,1.434126,0,2
6,run5_initcall.txt,init_subsystem,1.436187,0,0
6,run5_initcall.txt,xdp_metadata_init,1.438241,0,0
6,run5_initcall.txt,bpf_sockmap_iter_init,1.440243,0,0
6,run5_initcall.txt,bpf_sk_storage_map_iter_init,1.442271,0,0
6,run5_initcall.txt,bpf_prog_test_run_init,1.444308,0,1
6,run5_initcall.txt,bpf_dummy_struct_ops_init,1.446359,0,0
6,run5_initcall.txt,tcp_congestion_default,1.448393,0,1
6,run5_initcall.txt,inet_blackhole_dev_init,1.450412,0,5
6,run5_initcall.txt,ip_auto_config,1.452431,0,10
6,run5_initcall.txt,tcp_bpf_v4_build_proto,1.454432,0,1
6,run5_initcall.txt,udp_bpf_v4_build_proto,1.45639,0,0
6,run5_initcall.txt,bpf_tcp_ca_kfunc_init,1.459312,0,0
6,run5_initcall.txt,bpf_mptcp_kfunc_init,1.459323,0,0
6,run5_initcall.txt,fb_logo_late_init,1.46428,0,0
6,run5_initcall.txt,amba_stub_drv_init,1.466314,0,21
6,run5_initcall.txt,clk_disable_unused,1.469411,0,1059
6,run5_initcall.txt,genpd_power_off_unused,1.472651,0,1095
6,run5_initcall.txt,regulator_init_complete,1.474808,0,1
6,run5_initcall.txt,of_platform_sync_state_init,1.477024,0,16
7,run6_initcall.txt,sock_init,0.016586,0,4000
7,run6_initcall.txt,net_inuse_init,0.016614,0,0
7,run6_initcall.txt,sock_struct_check,0.016629,0,0
7,run6_initcall.txt,init_default_flow_dissectors,0.016646,0,0
7,run6_initcall.txt,netlink_proto_init,0.016737,0,0
7,run6_initcall.txt,genl_init,0.016765,0,0
7,run6_initcall.txt,debug_monitors_init,0.016909,0,0
7,run6_initcall.txt,init_overflow_sysctl,0.016934,0,0
7,run6_initcall.txt,irq_sysfs_init,0.017056,0,0
7,run6_initcall.txt,dma_atomic_pool_init,0.017672,0,0
7,run6_initcall.txt,audit_init,0.017803,0,0
7,run6_initcall.txt,bdi_class_init,0.017836,0,0
7,run6_initcall.txt,mm_sysfs_init,0.017852,0,0
7,run6_initcall.txt,init_per_zone_wmark_min,0.017877,0,0
7,run6_initcall.txt,ramoops_init,0.01791,0,0
7,run6_initcall.txt,gpiolib_sysfs_init,0.017932,0,0
7,run6_initcall.txt,pcibus_class_init,0.017953,0,0
7,run6_initcall.txt,pci_driver_init,0.017988,0,0
7,run6_initcall.txt,amba_init,0.018015,0,0
7,run6_initcall.txt,__bcm2835_clk_driver_init,0.018038,0,0
7,run6_initcall.txt,tty_class_init,0.018058,0,0
7,run6_initcall.txt,vtconsole_class_init,0.018106,0,0
7,run6_initcall.txt,serdev_init,0.018133,0,0
7,run6_initcall.txt,iommu_dev_init,0.018154,0,0
7,run6_initcall.txt,mipi_dsi_bus_init,0.018179,0,0
7,run6_initcall.txt,devlink_class_init,0.018201,0,0
7,run6_initcall.txt,software_node_init,0.01822,0,0
7,run6_initcall.txt,regmap_initcall,0.018239,0,0
7,run6_initcall.txt,sram_init,0.018264,0,0
7,run6_initcall.txt,spi_init,0.018301,0,0
7,run6_initcall.txt,i2c_init,0.018341,0,0
7,run6_initcall.txt,thermal_init,0.018377,0,0
7,run6_initcall.txt,init_menu,0.018417,0,0
7,run6_initcall.txt,efipostcore_init,0.018435,0,0
7,run6_initcall.txt,kobject_uevent_init,0.018456,0,0
7,run6_initcall.txt,init_uevent_helper_sysctl,0.018473,0,0
7,run6_initcall.txt,reserve_memblock_reserved_regions,0.01857,0,0
7,run6_initcall.txt,aarch32_alloc_vdso_pages,0.01859,0,0
7,run6_initcall.txt,vdso_init,0.018606,0,0
7,run6_initcall.txt,arm64_create_dummy_rsi_dev,0.018622,0,0
7,run6_initcall.txt,arch_hw_breakpoint_init,0.018684,0,0
7,run6_initcall.txt,adjust_protection_map,0.018703,0,0
7,run6_initcall.txt,asids_update_limit,0.018728,0,0
7,run6_initcall.txt,kcmp_cookies_init,0.018746,0,0
7,run6_initcall.txt,dma_channel_table_init,0.018771,0,0
7,run6_initcall.txt,dma_bus_init,0.018819,0,0
7,run6_initcall.txt,brcmstb_soc_device_init,0.019122,0,0
7,run6_initcall.txt,serial_base_init,0.019167,0,0
7,run6_initcall.txt,pl011_init,0.019211,0,0
7,run6_initcall.txt,iommu_dma_init,0.019238,0,0
7,run6_initcall.txt,dmi_id_init,0.019257,-19,0
7,run6_initcall.txt,bcm2835_mbox_init,0.01928,0,0
7,run6_initcall.txt,of_platform_default_populate_init,0.035884,0,16000
7,run6_initcall.txt,register_mte_tcf_preferred_sysctl,0.035987,0,0
7,run6_initcall.txt,init_fork_sysctl,0.036018,0,0
7,run6_initcall.txt,uid_cache_init,0.036066,0,0
7,run6_initcall.txt,pid_namespace_sysctl_init,0.036097,0,0
7,run6_initcall.txt,param_sysfs_init,0.036118,0,0
7,run6_initcall.txt,user_namespace_sysctl_init,0.036149,0,0
7,run6_initcall.txt,proc_schedstat_init,0.036177,0,0
7,run6_initcall.txt,init_rtmutex_sysctl,0.036194,0,0
7,run6_initcall.txt,pm_sysrq_init,0.036248,0,0
7,run6_initcall.txt,init_rcu_stall_sysctl,0.036268,0,0
7,run6_initcall.txt,init_module_sysctl,0.036286,0,0
7,run6_initcall.txt,create_proc_profile,0.036303,0,0
7,run6_initcall.txt,cgroup_sysfs_init,0.036324,0,0
7,run6_initcall.txt,user_namespaces_init,0.036349,0,0
7,run6_initcall.txt,hung_task_init,0.036457,0,0
7,run6_initcall.txt,dev_map_init,0.036477,0,0
7,run6_initcall.txt,netns_bpf_init,0.036491,0,0
7,run6_initcall.txt,oom_init,0.036549,0,0
7,run6_initcall.txt,init_user_buckets,0.036563,0,0
7,run6_initcall.txt,init_vm_util_sysctls,0.036583,0,0
7,run6_initcall.txt,default_bdi_init,0.036686,0,0
7,run6_initcall.txt,cgwb_init,0.036705,0,0
7,run6_initcall.txt,percpu_enable_async,0.036719,0,0
7,run6_initcall.txt,kcompactd_init,0.036883,0,0
7,run6_initcall.txt,init_mm_sysctl,0.036901,0,0
7,run6_initcall.txt,init_user_reserve,0.036919,0,0
7,run6_initcall.txt,init_admin_reserve,0.036933,0,0
7,run6_initcall.txt,init_reserve_notifier,0.036947,0,0
7,run6_initcall.txt,swap_init,0.03697,0,0
7,run6_initcall.txt,swapfile_init,0.036993,0,0
7,run6_initcall.txt,memory_tier_init,0.037035,0,0
7,run6_initcall.txt,numa_init_sysfs,0.037055,0,0
7,run6_initcall.txt,mem_cgroup_swap_init,0.037071,0,0
7,run6_initcall.txt,init_msg_buckets,0.03709,0,0
7,run6_initcall.txt,init_bio,0.037135,0,0
7,run6_initcall.txt,blk_ioc_init,0.037155,0,0
7,run6_initcall.txt,blk_mq_init,0.037173,0,0
7,run6_initcall.txt,genhd_device_init,0.037289,0,0
7,run6_initcall.txt,blkcg_punt_bio_init,0.037388,0,0
7,run6_initcall.txt,blk_integrity_auto_init,0.037461,0,0
7,run6_initcall.txt,io_wq_init,0.037481,0,0
7,run6_initcall.txt,crc_t10dif_mod_init,0.037508,0,0
7,run6_initcall.txt,sha256_mod_init,0.037527,0,0
7,run6_initcall.txt,sha512_mod_init,0.037543,0,0
7,run6_initcall.txt,sg_pool_init,0.037576,0,0
7,run6_initcall.txt,gpiolib_debugfs_init,0.037596,0,0
7,run6_initcall.txt,stmpe_gpio_init,0.03767,0,0
7,run6_initcall.txt,pwm_init,0.037711,0,0
7,run6_initcall.txt,leds_init,0.03774,0,0
7,run6_initcall.txt,pci_slot_init,0.03776,0,0
7,run6_initcall.txt,fbmem_init,0.037809,0,0
7,run6_initcall.txt,bcm2835_dma_init,0.038489,0,0
7,run6_initcall.txt,regulator_fixed_voltage_init,0.038557,0,0
7,run6_initcall.txt,gpio_regulator_init,0.038603,0,0
7,run6_initcall.txt,init_sysrq_sysctl,0.038631,0,0
7,run6_initcall.txt,misc_init,0.038658,0,0
7,run6_initcall.txt,iommu_subsys_init,0.03869,0,0
7,run6_initcall.txt,register_cpu_capacity_sysctl,0.039027,0,0
7,run6_initcall.txt,dma_buf_init,0.039109,0,0
7,run6_initcall.txt,dma_heap_init,0.039137,0,0
7,run6_initcall.txt,init_scsi,0.039226,0,0
7,run6_initcall.txt,mdio_bus_init,0.039252,0,0
7,run6_initcall.txt,phy_init,0.039295,0,0
7,run6_initcall.txt,usb_common_init,0.039311,0,0
7,run6_initcall.txt,usb_init,0.039408,0,0
7,run6_initcall.txt,usb_phy_generic_init,0.039531,0,0
7,run6_initcall.txt,usb_udc_init,0.039562,0,0
7,run6_initcall.txt,usb_roles_init,0.039581,0,0
7,run6_initcall.txt,input_init,0.039605,0,0
7,run6_initcall.txt,rtc_init,0.039623,0,0
7,run6_initcall.txt,rc_core_init,0.039647,0,0
7,run6_initcall.txt,pps_init,0.039683,0,0
7,run6_initcall.txt,ptp_init,0.039707,0,0
7,run6_initcall.txt,power_supply_class_init,0.039737,0,0
7,run6_initcall.txt,hwmon_init,0.03976,0,0
7,run6_initcall.txt,mmc_init,0.039803,0,0
7,run6_initcall.txt,dmi_init,0.039821,0,0
7,run6_initcall.txt,efisubsys_init,0.039836,0,0
7,run6_initcall.txt,arm_pmu_hp_init,0.039853,0,0
7,run6_initcall.txt,ras_init,0.039874,0,0
7,run6_initcall.txt,nvmem_init,0.03991,0,0
7,run6_initcall.txt,init_soundcore,0.039931,0,0
7,run6_initcall.txt,proto_init,0.039951,0,0
7,run6_initcall.txt,net_dev_init,0.04016,0,4000
7,run6_initcall.txt,neigh_init,0.040181,0,0
7,run6_initcall.txt,fib_notifier_init,0.040197,0,0
7,run6_initcall.txt,netdev_genl_init,0.040238,0,0
7,run6_initcall.txt,page_pool_user_init,0.040255,0,0
7,run6_initcall.txt,fib_rules_init,0.040274,0,0
7,run6_initcall.txt,init_cgroup_netprio,0.04029,0,0
7,run6_initcall.txt,bpf_lwt_init,0.040306,0,0
7,run6_initcall.txt,pktsched_init,0.040327,0,0
7,run6_initcall.txt,tc_filter_init,0.040359,0,0
7,run6_initcall.txt,tc_action_init,0.040376,0,0
7,run6_initcall.txt,ethnl_init,0.040448,0,0
7,run6_initcall.txt,nexthop_init,0.040469,0,0
7,run6_initcall.txt,devlink_init,0.040547,0,0
7,run6_initcall.txt,wireless_nlevent_init,0.040567,0,0
7,run6_initcall.txt,vsprintf_init_hashval,0.040584,0,0
7,run6_initcall.txt,init_32bit_el0_mask,0.040599,0,0
7,run6_initcall.txt,vga_arb_device_init,0.040736,0,0
7,run6_initcall.txt,watchdog_init,0.040863,0,0
7,run6_initcall.txt,create_debug_debugfs_entry,0.040961,0,0
7,run6_initcall.txt,iomem_init_inode,0.041002,0,0
7,run6_initcall.txt,clocksource_done_booting,0.041046,0,12
7,run6_initcall.txt,bpf_init,0.041069,0,5
7,run6_initcall.txt,secretmem_init,0.041098,0,10
7,run6_initcall.txt,init_fs_stat_sysctls,0.041126,0,9
7,run6_initcall.txt,init_fs_exec_sysctls,0.041145,0,1
7,run6_initcall.txt,init_pipe_fs,0.041178,0,16
7,run6_initcall.txt,init_fs_namei_sysctls,0.0412,0,2
7,run6_initcall.txt,init_fs_dcache_sysctls,0.041227,0,8
7,run6_initcall.txt,init_fs_namespace_sysctls,0.041245,0,1
7,run6_initcall.txt,cgroup_writeback_init,0.041262,0,3
7,run6_initcall.txt,inotify_user_setup,0.041288,0,12
7,run6_initcall.txt,eventpoll_init,0.041317,0,15
7,run6_initcall.txt,anon_inode_init,0.041341,0,10
7,run6_initcall.txt,proc_locks_init,0.041359,0,3
7,run6_initcall.txt,backing_aio_init,0.041375,0,2
7,run6_initcall.txt,init_fs_coredump_sysctls,0.041396,0,6
7,run6_initcall.txt,init_vm_drop_caches_sysctls,0.041413,0,2
7,run6_initcall.txt,iomap_dio_init,0.041448,0,20
7,run6_initcall.txt,iomap_ioend_init,0.041484,0,22
7,run6_initcall.txt,dquot_init,0.041582,0,82
7,run6_initcall.txt,proc_cmdline_init,0.041601,0,2
7,run6_initcall.txt,proc_consoles_init,0.041616,0,1
7,run6_initcall.txt,proc_cpuinfo_init,0.041632,0,1
7,run6_initcall.txt,proc_devices_init,0.041647,0,0
7,run6_initcall.txt,proc_interrupts_init,0.041662,0,1
7,run6_initcall.txt,proc_loadavg_init,0.041677,0,0
7,run6_initcall.txt,proc_meminfo_init,0.041691,0,0
7,run6_initcall.txt,proc_stat_init,0.041768,0,4
7,run6_initcall.txt,proc_uptime_init,0.041784,0,1
7,run6_initcall.txt,proc_version_init,0.041847,0,1
7,run6_initcall.txt,proc_softirqs_init,0.041862,0,0
7,run6_initcall.txt,proc_kmsg_init,0.041877,0,1
7,run6_initcall.txt,proc_page_init,0.041893,0,2
7,run6_initcall.txt,init_ramfs_fs,0.041908,0,1
7,run6_initcall.txt,aa_create_aafs,0.041924,0,0
7,run6_initcall.txt,chr_dev_init,0.044733,0,2791
7,run6_initcall.txt,hwrng_modinit,0.044809,0,43
7,run6_initcall.txt,firmware_class_init,0.044829,0,1
7,run6_initcall.txt,sysctl_core_init,0.044873,0,27
7,run6_initcall.txt,eth_offload_init,0.044891,0,1
7,run6_initcall.txt,ipv4_offload_init,0.044908,0,1
7,run6_initcall.txt,inet_init,0.048673,0,3747
7,run6_initcall.txt,af_unix_init,0.048725,0,19
7,run6_initcall.txt,ipv6_offload_init,0.048745,0,2
7,run6_initcall.txt,init_sunrpc,0.049117,0,345
7,run6_initcall.txt,vlan_offload_init,0.049137,0,0
7,run6_initcall.txt,pci_apply_final_quirks,0.049165,0,10
7,run6_initcall.txt,populate_rootfs,0.049187,0,6
7,run6_initcall.txt,register_arm64_panic_block,0.049296,0,0
7,run6_initcall.txt,cpuinfo_regs_init,0.049395,0,83
7,run6_initcall.txt,aarch32_el0_sysfs_init,0.049416,0,0
7,run6_initcall.txt,kvm_arm_init,0.052782,0,3348
7,run6_initcall.txt,proc_execdomains_init,0.052826,0,3
7,run6_initcall.txt,register_warn_debugfs,0.052848,0,3
7,run6_initcall.txt,cpuhp_sysfs_init,0.052891,0,26
7,run6_initcall.txt,ioresources_init,0.052913,0,5
7,run6_initcall.txt,psi_proc_init,0.052928,0,0
7,run6_initcall.txt,irq_gc_init_ops,0.052943,0,0
7,run6_initcall.txt,irq_debugfs_init,0.053063,0,96
7,run6_initcall.txt,proc_modules_init,0.053083,0,2
7,run6_initcall.txt,timer_sysctl_init,0.053106,0,7
7,run6_initcall.txt,timekeeping_init_ops,0.053122,0,0
7,run6_initcall.txt,init_clocksource_sysfs,0.053194,0,55
7,run6_initcall.txt,init_timer_list_procfs,0.053213,0,1
7,run6_initcall.txt,alarmtimer_init,0.053278,0,48
7,run6_initcall.txt,clockevents_init_sysfs,0.053404,0,107
7,run6_initcall.txt,sched_clock_syscore_init,0.053424,0,0
7,run6_initcall.txt,kallsyms_init,0.053442,0,1
7,run6_initcall.txt,pid_namespaces_init,0.053481,0,21
7,run6_initcall.txt,audit_watch_init,0.0535,0,0
7,run6_initcall.txt,audit_fsnotify_init,0.053517,0,0
7,run6_initcall.txt,audit_tree_init,0.053535,0,2
7,run6_initcall.txt,seccomp_sysctl_init,0.053556,0,4
7,run6_initcall.txt,utsname_sysctl_init,0.05358,0,6
7,run6_initcall.txt,init_lstats_procfs,0.053602,0,3
7,run6_initcall.txt,perf_event_sysfs_init,0.053669,0,51
7,run6_initcall.txt,system_trusted_keyring_init,0.053699,0,15
7,run6_initcall.txt,kswapd_init,0.053886,0,172
7,run6_initcall.txt,extfrag_debug_init,0.05391,0,8
7,run6_initcall.txt,mm_compute_batch_init,0.053924,0,0
7,run6_initcall.txt,slab_proc_init,0.053942,0,1
7,run6_initcall.txt,workingset_init,0.053964,0,7
7,run6_initcall.txt,proc_vmalloc_init,0.05398,0,1
7,run6_initcall.txt,memblock_init_debugfs,0.054001,0,5
7,run6_initcall.txt,slab_debugfs_init,0.054022,0,4
7,run6_initcall.txt,procswaps_init,0.054039,0,1
7,run6_initcall.txt,zs_init,0.054056,0,0
7,run6_initcall.txt,fcntl_init,0.054074,0,2
7,run6_initcall.txt,proc_filesystems_init,0.054094,0,1
7,run6_initcall.txt,start_dirtytime_writeback,0.054115,0,5
7,run6_initcall.txt,dio_init,0.054129,0,1
7,run6_initcall.txt,dnotify_init,0.054155,0,13
7,run6_initcall.txt,fanotify_user_setup,0.054179,0,9
7,run6_initcall.txt,aio_setup,0.054228,0,35
7,run6_initcall.txt,mbcache_init,0.054248,0,5
7,run6_initcall.txt,init_grace,0.054264,0,2
7,run6_initcall.txt,init_devpts_fs,0.054286,0,7
7,run6_initcall.txt,ext4_init_fs,0.054375,0,74
7,run6_initcall.txt,journal_init,0.05441,0,18
7,run6_initcall.txt,init_fat_fs,0.054432,0,6
7,run6_initcall.txt,init_vfat_fs,0.054447,0,1
7,run6_initcall.txt,init_msdos_fs,0.054461,0,0
7,run6_initcall.txt,init_nfs_fs,0.054607,0,131
7,run6_initcall.txt,init_nfs_v2,0.054627,0,0
7,run6_initcall.txt,init_nfs_v3,0.054642,0,0
7,run6_initcall.txt,init_nfs_v4,0.054684,0,27
7,run6_initcall.txt,nfs4filelayout_init,0.054706,0,6
7,run6_initcall.txt,nfs4flexfilelayout_init,0.054726,0,6
7,run6_initcall.txt,init_nlm,0.054769,0,27
7,run6_initcall.txt,init_nls_cp437,0.054785,0,0
7,run6_initcall.txt,init_nls_ascii,0.0548,0,0
7,run6_initcall.txt,init_autofs_fs,0.054898,0,82
7,run6_initcall.txt,init_f2fs_fs,0.055036,0,121
7,run6_initcall.txt,ipc_init,0.055065,0,12
7,run6_initcall.txt,ipc_sysctl_init,0.055099,0,18
7,run6_initcall.txt,init_mqueue_fs,0.05515,0,34
7,run6_initcall.txt,key_proc_init,0.05517,0,2
7,run6_initcall.txt,bpf_crypto_skcipher_init,0.055187,0,1
7,run6_initcall.txt,dh_init,0.055207,0,2
7,run6_initcall.txt,rsa_init,0.055225,0,1
7,run6_initcall.txt,cryptomgr_init,0.055241,0,0
7,run6_initcall.txt,hmac_module_init,0.055257,0,0
7,run6_initcall.txt,crypto_sha256_mod_init,0.055277,0,3
7,run6_initcall.txt,crypto_ecb_module_init,0.055293,0,0
7,run6_initcall.txt,crypto_cbc_module_init,0.055309,0,0
7,run6_initcall.txt,crypto_cts_module_init,0.055326,0,0
7,run6_initcall.txt,xts_module_init,0.055342,0,0
7,run6_initcall.txt,des_generic_mod_init,0.05536,0,1
7,run6_initcall.txt,aes_init,0.055377,0,0
7,run6_initcall.txt,lzo_mod_init,0.055394,0,1
7,run6_initcall.txt,lzorle_mod_init,0.05541,0,0
7,run6_initcall.txt,asymmetric_key_init,0.055431,0,5
7,run6_initcall.txt,x509_key_init,0.055453,0,5
7,run6_initcall.txt,crypto_kdf108_init,0.055469,0,0
7,run6_initcall.txt,blkdev_init,0.055496,0,11
7,run6_initcall.txt,proc_genhd_init,0.055516,0,2
7,run6_initcall.txt,bsg_init,0.055548,0,15
7,run6_initcall.txt,throtl_init,0.055631,0,66
7,run6_initcall.txt,deadline_init,0.055656,0,6
7,run6_initcall.txt,kyber_init,0.055678,0,5
7,run6_initcall.txt,bfq_init,0.055715,0,21
7,run6_initcall.txt,io_uring_init,0.055754,0,22
7,run6_initcall.txt,percpu_counter_startup,0.055817,0,42
7,run6_initcall.txt,audit_classes_init,0.055846,0,3
7,run6_initcall.txt,gicv5_iwb_platform_driver_init,0.055931,0,68
7,run6_initcall.txt,mip_msi_driver_init,0.055974,0,26
7,run6_initcall.txt,bcm7038_l1_driver_init,0.056015,0,26
7,run6_initcall.txt,bcm7120_l2_driver_init,0.05606,0,29
7,run6_initcall.txt,brcmstb_l2_driver_init,0.056115,0,40
7,run6_initcall.txt,simple_pm_bus_driver_init,0.056583,0,453
7,run6_initcall.txt,phy_core_init,0.056615,0,14
7,run6_initcall.txt,brcm_usb_driver_init,0.056676,0,46
7,run6_initcall.txt,rp1_pinctrl_driver_init,0.056717,0,26
7,run6_initcall.txt,bcm2835_pinctrl_driver_init,0.057648,0,916
7,run6_initcall.txt,bcm2712_pinctrl_driver_init,0.057708,0,41
7,run6_initcall.txt,brcmvirt_gpio_driver_init,0.05776,0,31
7,run6_initcall.txt,brcmstb_gpio_driver_init,0.057803,0,27
7,run6_initcall.txt,rpi_exp_gpio_driver_init,0.058171,0,353
7,run6_initcall.txt,brcmstb_pwm_driver_init,0.058218,0,30
7,run6_initcall.txt,rp1_pwm_driver_init,0.05826,0,27
7,run6_initcall.txt,gpio_led_driver_init,0.059956,0,1680
7,run6_initcall.txt,led_pwm_driver_init,0.060006,0,33
7,run6_initcall.txt,timer_led_trigger_init,0.060022,0,1
7,run6_initcall.txt,oneshot_led_trigger_init,0.060037,0,0
7,run6_initcall.txt,heartbeat_trig_init,0.060054,0,2
7,run6_initcall.txt,bl_led_trigger_init,0.060068,0,0
7,run6_initcall.txt,ledtrig_cpu_init,0.060133,0,51
7,run6_initcall.txt,defon_led_trigger_init,0.060178,0,30
7,run6_initcall.txt,input_trig_init,0.060195,0,0
7,run6_initcall.txt,ledtrig_panic_init,0.060209,0,1
7,run6_initcall.txt,actpwr_trig_init,0.060361,0,138
7,run6_initcall.txt,pcie_portdrv_init,0.060432,0,54
7,run6_initcall.txt,pci_proc_init,0.060455,0,8
7,run6_initcall.txt,brcm_pcie_driver_init,0.173863,0,113393
7,run6_initcall.txt,bcm2708_fb_init,0.186493,0,12608
7,run6_initcall.txt,simplefb_driver_init,0.186596,0,44
7,run6_initcall.txt,of_fixed_factor_clk_driver_init,0.18667,0,27
7,run6_initcall.txt,of_fixed_clk_driver_init,0.186747,0,29
7,run6_initcall.txt,gpio_clk_driver_init,0.186825,0,32
7,run6_initcall.txt,gated_fixed_clk_driver_init,0.186897,0,27
7,run6_initcall.txt,rp1_clk_driver_init,0.18697,0,27
7,run6_initcall.txt,rp1_sdio_clk_driver_init,0.187042,0,27
7,run6_initcall.txt,clk_dvp_driver_init,0.187114,0,26
7,run6_initcall.txt,bcm2835_aux_clk_driver_init,0.187216,0,55
7,run6_initcall.txt,raspberrypi_clk_driver_init,0.202612,0,15349
7,run6_initcall.txt,dw_driver_init,0.202697,0,38
7,run6_initcall.txt,bcm2835_power_driver_init,0.20276,0,18
7,run6_initcall.txt,rpi_power_driver_init,0.22124,0,18433
7,run6_initcall.txt,brcmstb_reset_driver_init,0.223188,0,33
7,run6_initcall.txt,brcm_rescal_reset_driver_init,0.225127,0,30
7,run6_initcall.txt,rpi_reset_driver_init,0.228087,0,1044
7,run6_initcall.txt,reset_simple_driver_init,0.230116,0,61
7,run6_initcall.txt,n_null_init,0.232057,0,0
7,run6_initcall.txt,pty_init,0.234085,0,82
7,run6_initcall.txt,sysrq_init,0.236003,0,13
7,run6_initcall.txt,serial8250_init,0.237964,-19,0
7,run6_initcall.txt,bcm2835aux_serial_driver_init,0.239938,0,35
7,run6_initcall.txt,brcmuart_init,0.241917,0,41
7,run6_initcall.txt,exar_pci_driver_init,0.243881,0,25
7,run6_initcall.txt,of_platform_serial_driver_init,0.245894,0,69
7,run6_initcall.txt,serial_pci_driver_init,0.247857,0,31
7,run6_initcall.txt,pericom8250_pci_driver_init,0.249818,0,19
7,run6_initcall.txt,init_kgdboc,0.252736,0,1026
7,run6_initcall.txt,random_sysctls_init,0.254675,0,12
7,run6_initcall.txt,ttyprintk_init,0.256683,0,71
7,run6_initcall.txt,bcm2835_rng_driver_init,0.258679,0,50
7,run6_initcall.txt,bcm74110_rng_driver_init,0.260706,0,30
7,run6_initcall.txt,iproc_rng200_driver_init,0.265004,0,2261
7,run6_initcall.txt,smccc_trng_driver_init,0.267135,0,25
7,run6_initcall.txt,vc_mem_init,0.270475,0,1210
7,run6_initcall.txt,vcio_driver_init,0.27413,0,1419
7,run6_initcall.txt,bcm2712_iommu_driver_init,0.276474,0,35
7,run6_initcall.txt,bcm2712_iommu_cache_driver_init,0.278867,0,30
7,run6_initcall.txt,topology_sysfs_init,0.28133,0,57
7,run6_initcall.txt,cacheinfo_sysfs_init,0.284007,0,253
7,run6_initcall.txt,devcoredump_init,0.286439,0,9
7,run6_initcall.txt,brd_init,0.293676,0,4818
7,run6_initcall.txt,loop_init,0.299746,0,3658
7,run6_initcall.txt,bcm2835_pm_driver_init,0.30341,0,1311
7,run6_initcall.txt,stmpe_i2c_driver_init,0.305805,0,13
7,run6_initcall.txt,stmpe_spi_driver_init,0.308191,0,12
7,run6_initcall.txt,rp1_driver_init,0.3106,0,26
7,run6_initcall.txt,system_heap_create,0.313073,0,91
7,run6_initcall.txt,add_default_cma_heap,0.315536,0,81
7,run6_initcall.txt,udmabuf_dev_init,0.317943,0,39
7,run6_initcall.txt,iscsi_transport_init,0.321715,0,1412
7,run6_initcall.txt,init_sd,0.324121,0,22
7,run6_initcall.txt,nvme_core_init,0.326774,0,262
7,run6_initcall.txt,nvme_init,0.329206,0,29
7,run6_initcall.txt,blackhole_netdev_init,0.33161,0,20
7,run6_initcall.txt,netkit_init,0.333997,0,6
7,run6_initcall.txt,phylink_init,0.336322,0,0
7,run6_initcall.txt,phy_module_init,0.338859,0,166
7,run6_initcall.txt,phy_module_init,0.341389,0,170
7,run6_initcall.txt,fixed_mdio_bus_init,0.343924,0,156
7,run6_initcall.txt,phy_module_init,0.346464,0,164
7,run6_initcall.txt,phy_module_init,0.348847,0,18
7,run6_initcall.txt,phy_module_init,0.351239,0,69
7,run6_initcall.txt,unimac_mdio_driver_init,0.353638,0,91
7,run6_initcall.txt,macb_driver_init,0.356056,0,85
7,run6_initcall.txt,bcmgenet_driver_init,0.554058,0,195678
7,run6_initcall.txt,bcmasp_driver_init,0.556443,0,64
7,run6_initcall.txt,lan78xx_driver_init,0.559986,0,1203
7,run6_initcall.txt,smsc95xx_driver_init,0.563577,0,1204
7,run6_initcall.txt,usbnet_init,0.565957,0,0
7,run6_initcall.txt,xhci_hcd_init,0.568288,0,12
7,run6_initcall.txt,xhci_pci_init,0.696114,0,125464
7,run6_initcall.txt,xhci_plat_init,0.69846,0,87
7,run6_initcall.txt,dwc_otg_driver_init,0.705146,0,4447
7,run6_initcall.txt,dwc_common_port_init_module,0.708561,0,1212
7,run6_initcall.txt,dwc3_driver_init,0.710822,0,47
7,run6_initcall.txt,dwc3_haps_driver_init,0.713063,0,29
7,run6_initcall.txt,dwc3_of_simple_driver_init,0.715307,0,44
7,run6_initcall.txt,dwc3_generic_driver_init,0.717527,0,31
7,run6_initcall.txt,dwc2_platform_driver_init,0.719772,0,101
7,run6_initcall.txt,uas_init,0.723126,0,1170
7,run6_initcall.txt,usb_storage_driver_init,0.726396,0,1098
7,run6_initcall.txt,brcmstb_usb_pinmap_init,0.728602,-19,52
7,run6_initcall.txt,bdc_driver_init,0.730807,0,36
7,run6_initcall.txt,input_leds_init,0.732969,0,1
7,run6_initcall.txt,mousedev_init,0.7363,0,1193
7,run6_initcall.txt,evdev_init,0.738521,0,0
7,run6_initcall.txt,brcmstb_waketmr_driver_init,0.74075,0,35
7,run6_initcall.txt,rpi_rtc_driver_init,0.743003,0,31
7,run6_initcall.txt,init_rc_map_adstech_dvb_t_pci,0.745212,0,1
7,run6_initcall.txt,init_rc_map_alink_dtu_m,0.747414,0,0
7,run6_initcall.txt,init_rc_map_anysee,0.749608,0,0
7,run6_initcall.txt,init_rc_map_apac_viewcomp,0.751779,0,0
7,run6_initcall.txt,init_rc_map_t2hybrid,0.754008,0,0
7,run6_initcall.txt,init_rc_map_asus_pc39,0.756217,0,0
7,run6_initcall.txt,init_rc_map_asus_ps3_100,0.758424,0,0
7,run6_initcall.txt,init_rc_map_ati_tv_wonder_hd_600,0.760631,0,0
7,run6_initcall.txt,init_rc_map_ati_x10,0.762853,0,0
7,run6_initcall.txt,init_rc_map_avermedia_a16d,0.765097,0,0
7,run6_initcall.txt,init_rc_map_avermedia_cardbus,0.767337,0,0
7,run6_initcall.txt,init_rc_map_avermedia_dvbt,0.769537,0,0
7,run6_initcall.txt,init_rc_map_avermedia_m135a,0.771772,0,0
7,run6_initcall.txt,init_rc_map_avermedia_m733a_rm_k6,0.774029,0,0
7,run6_initcall.txt,init_rc_map_avermedia,0.776289,0,0
7,run6_initcall.txt,init_rc_map_avermedia_rm_ks,0.778548,0,0
7,run6_initcall.txt,init_rc_map_avertv_303,0.780807,0,0
7,run6_initcall.txt,init_rc_map_azurewave_ad_tu700,0.783057,0,0
7,run6_initcall.txt,init_rc_map_beelink_gs1,0.785267,0,0
7,run6_initcall.txt,init_rc_map_beelink_mxiii,0.787516,0,0
7,run6_initcall.txt,init_rc_map_behold_columbus,0.789774,0,0
7,run6_initcall.txt,init_rc_map_behold,0.792022,0,0
7,run6_initcall.txt,init_rc_map_budget_ci_old,0.794539,0,0
7,run6_initcall.txt,init_rc_map_cinergy_1400,0.796772,0,0
7,run6_initcall.txt,init_rc_map_cinergy,0.798982,0,0
7,run6_initcall.txt,init_rc_map_ct_90405,0.801165,0,0
7,run6_initcall.txt,init_rc_map_d680_dmb,0.803332,0,0
7,run6_initcall.txt,init_rc_map_delock_61959,0.80555,0,0
7,run6_initcall.txt,init_rc_map,0.807727,0,0
7,run6_initcall.txt,init_rc_map,0.809993,0,0
7,run6_initcall.txt,init_rc_map_digitalnow_tinytwin,0.812306,0,0
7,run6_initcall.txt,init_rc_map_digittrade,0.814614,0,0
7,run6_initcall.txt,init_rc_map_dm1105_nec,0.816767,0,0
7,run6_initcall.txt,init_rc_map_dntv_live_dvb_t,0.818899,0,0
7,run6_initcall.txt,init_rc_map_dntv_live_dvbt_pro,0.821063,0,0
7,run6_initcall.txt,init_rc_map_dreambox,0.823221,0,0
7,run6_initcall.txt,init_rc_map_dtt200u,0.825381,0,0
7,run6_initcall.txt,init_rc_map_rc5_dvbsky,0.827531,0,0
7,run6_initcall.txt,init_rc_map_dvico_mce,0.829693,0,0
7,run6_initcall.txt,init_rc_map_dvico_portable,0.831847,0,0
7,run6_initcall.txt,init_rc_map_em_terratec,0.834049,0,0
7,run6_initcall.txt,init_rc_map_encore_enltv2,0.836164,0,0
7,run6_initcall.txt,init_rc_map_encore_enltv_fm53,0.838326,0,0
7,run6_initcall.txt,init_rc_map_encore_enltv,0.840478,0,0
7,run6_initcall.txt,init_rc_map_evga_indtube,0.842625,0,0
7,run6_initcall.txt,init_rc_map_eztv,0.844754,0,0
7,run6_initcall.txt,init_rc_map_flydvb,0.846883,0,0
7,run6_initcall.txt,init_rc_map_flyvideo,0.848989,0,0
7,run6_initcall.txt,init_rc_map_fusionhdtv_mce,0.851087,0,0
7,run6_initcall.txt,init_rc_map_gadmei_rm008z,0.853155,0,0
7,run6_initcall.txt,init_rc_map_geekbox,0.855245,0,0
7,run6_initcall.txt,init_rc_map_genius_tvgo_a11mce,0.857336,0,0
7,run6_initcall.txt,init_rc_map_gotview7135,0.85942,0,0
7,run6_initcall.txt,init_rc_map_rc5_hauppauge_new,0.861525,0,0
7,run6_initcall.txt,init_rc_map_hisi_poplar,0.863631,0,0
7,run6_initcall.txt,init_rc_map_hisi_tv_demo,0.86574,0,0
7,run6_initcall.txt,init_rc_map_imon_mce,0.86783,0,0
7,run6_initcall.txt,init_rc_map_imon_pad,0.869915,0,0
7,run6_initcall.txt,init_rc_map_imon_rsc,0.872011,0,0
7,run6_initcall.txt,init_rc_map_iodata_bctv7e,0.874089,0,0
7,run6_initcall.txt,init_rc_it913x_v1_map,0.876171,0,0
7,run6_initcall.txt,init_rc_it913x_v2_map,0.878255,0,0
7,run6_initcall.txt,init_rc_map_kaiomy,0.880329,0,0
7,run6_initcall.txt,init_rc_map_khadas,0.882413,0,0
7,run6_initcall.txt,init_rc_map_khamsin,0.88446,0,0
7,run6_initcall.txt,init_rc_map_kworld_315u,0.886492,0,0
7,run6_initcall.txt,init_rc_map_kworld_pc150u,0.88854,0,0
7,run6_initcall.txt,init_rc_map_kworld_plus_tv_analog,0.890603,0,0
7,run6_initcall.txt,init_rc_map_leadtek_y04g0051,0.892662,0,0
7,run6_initcall.txt,init_rc_lme2510_map,0.894735,0,0
7,run6_initcall.txt,init_rc_map_manli,0.896812,0,0
7,run6_initcall.txt,init_rc_map_mecool_kiii_pro,0.898936,0,0
7,run6_initcall.txt,init_rc_map_mecool_kii_pro,0.90102,0,0
7,run6_initcall.txt,init_rc_map_medion_x10_digitainer,0.903081,0,0
7,run6_initcall.txt,init_rc_map_medion_x10,0.905167,0,0
7,run6_initcall.txt,init_rc_map_medion_x10_or2x,0.907255,0,0
7,run6_initcall.txt,init_rc_map_minix_neo,0.909347,0,0
7,run6_initcall.txt,init_rc_map_msi_digivox_iii,0.911453,0,0
7,run6_initcall.txt,init_rc_map_msi_digivox_ii,0.913567,0,0
7,run6_initcall.txt,init_rc_map_msi_tvanywhere,0.91568,0,0
7,run6_initcall.txt,init_rc_map_msi_tvanywhere_plus,0.917775,0,0
7,run6_initcall.txt,init_rc_map_mygica_utv3,0.919851,0,0
7,run6_initcall.txt,init_rc_map_nebula,0.921963,0,0
7,run6_initcall.txt,init_rc_map_nec_terratec_cinergy_xs,0.924058,0,0
7,run6_initcall.txt,init_rc_map_norwood,0.926162,0,0
7,run6_initcall.txt,init_rc_map_npgtech,0.928256,0,0
7,run6_initcall.txt,init_rc_map_odroid,0.930347,0,0
7,run6_initcall.txt,init_rc_map_pctv_sedna,0.932427,0,0
7,run6_initcall.txt,init_rc_map_pine64,0.934504,0,0
7,run6_initcall.txt,init_rc_map_pinnacle_color,0.936582,0,0
7,run6_initcall.txt,init_rc_map_pinnacle_grey,0.938687,0,0
7,run6_initcall.txt,init_rc_map_pinnacle_pctv_hd,0.941854,0,0
7,run6_initcall.txt,init_rc_map_pixelview,0.943967,0,0
7,run6_initcall.txt,init_rc_map_pixelview,0.946102,0,0
7,run6_initcall.txt,init_rc_map_pixelview_new,0.948231,0,0
7,run6_initcall.txt,init_rc_map_pixelview,0.950376,0,0
7,run6_initcall.txt,init_rc_map_powercolor_real_angel,0.952477,0,0
7,run6_initcall.txt,init_rc_map_proteus_2309,0.954631,0,0
7,run6_initcall.txt,init_rc_map_purpletv,0.956778,0,0
7,run6_initcall.txt,init_rc_map_pv951,0.958928,0,0
7,run6_initcall.txt,init_rc_map_rc6_mce,0.961072,0,0
7,run6_initcall.txt,init_rc_map_real_audio_220_32_keys,0.96322,0,0
7,run6_initcall.txt,init_rc_map_reddo,0.965371,0,0
7,run6_initcall.txt,init_rc_map_siemens_gigaset_rc20,0.967519,0,0
7,run6_initcall.txt,init_rc_map_snapstream_firefly,0.969645,0,0
7,run6_initcall.txt,init_rc_map_streamzap,0.971814,0,0
7,run6_initcall.txt,init_rc_map_su3000,0.974,0,0
7,run6_initcall.txt,init_rc_map_tanix_tx3mini,0.976161,0,0
7,run6_initcall.txt,init_rc_map_tanix_tx5max,0.978326,0,0
7,run6_initcall.txt,init_rc_map_tbs_nec,0.980497,0,0
7,run6_initcall.txt,init_rc_map,0.982691,0,0
7,run6_initcall.txt,init_rc_map,0.984838,0,0
7,run6_initcall.txt,init_rc_map_terratec_cinergy_c_pci,0.987023,0,0
7,run6_initcall.txt,init_rc_map_terratec_cinergy_s2_hd,0.989213,0,0
7,run6_initcall.txt,init_rc_map_terratec_cinergy_xs,0.991391,0,0
7,run6_initcall.txt,init_rc_map_terratec_slim_2,0.993579,0,0
7,run6_initcall.txt,init_rc_map_terratec_slim,0.995754,0,0
7,run6_initcall.txt,init_rc_map_tevii_nec,0.99795,0,0
7,run6_initcall.txt,init_rc_map_tivo,1.000153,0,0
7,run6_initcall.txt,init_rc_map_total_media_in_hand_02,1.002331,0,0
7,run6_initcall.txt,init_rc_map_total_media_in_hand,1.004551,0,0
7,run6_initcall.txt,init_rc_map_trekstor,1.006768,0,0
7,run6_initcall.txt,init_rc_map_tt_1500,1.008954,0,0
7,run6_initcall.txt,init_rc_map_twinhan_vp1027,1.01115,0,0
7,run6_initcall.txt,init_rc_map_twinhan_dtv_cab_ci,1.013337,0,0
7,run6_initcall.txt,init_rc_map_vega_s9x,1.015529,0,0
7,run6_initcall.txt,init_rc_map_videomate_k100,1.017712,0,0
7,run6_initcall.txt,init_rc_map_videomate_s350,1.019856,0,0
7,run6_initcall.txt,init_rc_map_videomate_tv_pvr,1.022024,0,0
7,run6_initcall.txt,init_rc_map_kii_pro,1.024171,0,0
7,run6_initcall.txt,init_rc_map_wetek_hub,1.026328,0,0
7,run6_initcall.txt,init_rc_map_wetek_play2,1.028481,0,0
7,run6_initcall.txt,init_rc_map_winfast,1.030642,0,0
7,run6_initcall.txt,init_rc_map_winfast_usbii_deluxe,1.032787,0,0
7,run6_initcall.txt,init_rc_map_x96max,1.034913,0,0
7,run6_initcall.txt,init_rc_map,1.03729,0,0
7,run6_initcall.txt,init_rc_map,1.039429,0,0
7,run6_initcall.txt,init_rc_map_zx_irdec,1.041558,0,0
7,run6_initcall.txt,ptp_kvm_init,1.043684,-95,0
7,run6_initcall.txt,gpio_poweroff_driver_init,1.045892,0,75
7,run6_initcall.txt,bcm2711_thermal_driver_init,1.049435,0,1408
7,run6_initcall.txt,bcm2835_thermal_driver_init,1.051594,0,44
7,run6_initcall.txt,bcm2835_wdt_driver_init,1.053785,0,23
7,run6_initcall.txt,dt_cpufreq_platdrv_init,1.055984,0,26
7,run6_initcall.txt,brcm_avs_cpufreq_platdrv_init,1.058226,0,32
7,run6_initcall.txt,raspberrypi_cpufreq_driver_init,1.063454,0,3028
7,run6_initcall.txt,mmc_pwrseq_simple_driver_init,1.065787,0,62
7,run6_initcall.txt,mmc_pwrseq_emmc_driver_init,1.068043,0,31
7,run6_initcall.txt,mmc_blk_init,1.070322,0,30
7,run6_initcall.txt,sdhci_drv_init,1.075005,0,2427
7,run6_initcall.txt,bcm2835_mmc_driver_init,1.078505,0,1202
7,run6_initcall.txt,bcm2835_driver_init,1.080854,0,33
7,run6_initcall.txt,sdhci_pltfm_drv_init,1.087955,0,2443
7,run6_initcall.txt,sdhci_iproc_driver_init,1.090564,0,116
7,run6_initcall.txt,sdhci_brcmstb_driver_init,1.090639,0,59
7,run6_initcall.txt,esrt_sysfs_init,1.090665,-38,0
7,run6_initcall.txt,smccc_devices_init,1.090675,0,0
7,run6_initcall.txt,smccc_soc_init,1.090683,0,0
7,run6_initcall.txt,arch_timer_mmio_drv_init,1.090723,0,31
7,run6_initcall.txt,arch_timer_mmio_acpi_drv_init,1.090751,0,18
7,run6_initcall.txt,hid_init,1.090817,0,56
7,run6_initcall.txt,hid_generic_init,1.09086,0,32
7,run6_initcall.txt,hid_init,1.090917,0,48
7,run6_initcall.txt,bcm74110_mbox_driver_init,1.090959,0,31
7,run6_initcall.txt,extcon_class_init,1.090975,0,5
7,run6_initcall.txt,armv8_pmu_driver_init,1.10516,0,14175
7,run6_initcall.txt,binder_init,1.134709,0,72
7,run6_initcall.txt,rpi_otp_driver_init,1.140789,0,3761
7,run6_initcall.txt,sock_diag_init,1.143068,0,28
7,run6_initcall.txt,blackhole_init,1.145311,0,1
7,run6_initcall.txt,cls_bpf_init_mod,1.14753,0,0
7,run6_initcall.txt,gre_offload_init,1.149753,0,0
7,run6_initcall.txt,sysctl_ipv4_init,1.151977,0,71
7,run6_initcall.txt,cubictcp_register,1.154149,0,2
7,run6_initcall.txt,packet_init,1.157342,0,1069
7,run6_initcall.txt,init_rpcsec_gss,1.159482,0,18
7,run6_initcall.txt,init_kerberos_module,1.161627,0,6
7,run6_initcall.txt,dcbnl_init,1.163747,0,2
7,run6_initcall.txt,init_dns_resolver,1.166929,0,1053
7,run6_initcall.txt,handshake_init,1.169059,0,33
7,run6_initcall.txt,check_mmu_enabled_at_boot,1.171192,0,0
7,run6_initcall.txt,finalize_pkvm,1.173361,0,0
7,run6_initcall.txt,kernel_do_mounts_initrd_sysctls_init,1.176664,0,5
7,run6_initcall.txt,kernel_panic_sysctls_init,1.178854,0,11
7,run6_initcall.txt,kernel_panic_sysfs_init,1.181034,0,4
7,run6_initcall.txt,kernel_exit_sysctls_init,1.183216,0,2
7,run6_initcall.txt,kernel_exit_sysfs_init,1.185386,0,2
7,run6_initcall.txt,param_sysfs_builtin_init,1.196803,0,9211
7,run6_initcall.txt,reboot_ksysfs_init,1.199183,0,24
7,run6_initcall.txt,sched_core_sysctl_init,1.201404,0,5
7,run6_initcall.txt,sched_fair_sysctl_init,1.203616,0,2
7,run6_initcall.txt,sched_rt_sysctl_init,1.206068,0,4
7,run6_initcall.txt,sched_dl_sysctl_init,1.208362,0,2
7,run6_initcall.txt,sched_init_debug,1.210779,0,81
7,run6_initcall.txt,cpu_latency_qos_init,1.213102,0,121
7,run6_initcall.txt,printk_late_init,1.215307,0,15
7,run6_initcall.txt,init_srcu_module_notifier,1.217812,0,1
7,run6_initcall.txt,kernel_rcu_stall_sysfs_init,1.220064,0,8
7,run6_initcall.txt,swiotlb_create_default_debugfs,1.222369,0,28
7,run6_initcall.txt,tk_debug_sleep_time_init,1.224656,0,2
7,run6_initcall.txt,bpf_ksym_iter_register,1.226962,0,2
7,run6_initcall.txt,kernel_acct_sysctls_init,1.229306,0,9
7,run6_initcall.txt,bpf_rstat_kfunc_init,1.231628,0,1
7,run6_initcall.txt,debugfs_kprobe_init,1.233953,0,9
7,run6_initcall.txt,kernel_delayacct_sysctls_init,1.236206,0,4
7,run6_initcall.txt,taskstats_init,1.239658,0,1160
7,run6_initcall.txt,bpf_global_ma_init,1.242074,0,115
7,run6_initcall.txt,bpf_syscall_sysctl_init,1.244373,0,4
7,run6_initcall.txt,unbound_reg_init,1.24666,0,0
7,run6_initcall.txt,kfunc_init,1.248922,0,1
7,run6_initcall.txt,bpf_map_iter_init,1.251186,0,1
7,run6_initcall.txt,init_subsystem,1.253423,0,0
7,run6_initcall.txt,task_iter_init,1.255674,0,1
7,run6_initcall.txt,bpf_prog_iter_init,1.25791,0,0
7,run6_initcall.txt,bpf_link_iter_init,1.260129,0,0
7,run6_initcall.txt,init_trampolines,1.262347,0,2
7,run6_initcall.txt,rqspinlock_register_kfuncs,1.264544,0,0
7,run6_initcall.txt,kfunc_init,1.266738,0,0
7,run6_initcall.txt,bpf_cgroup_iter_init,1.268868,0,0
7,run6_initcall.txt,cpumask_kfunc_init,1.271046,0,6
7,run6_initcall.txt,crypto_kfunc_init,1.273212,0,0
7,run6_initcall.txt,bpf_kmem_cache_iter_init,1.275384,0,0
7,run6_initcall.txt,dmabuf_iter_init,1.277843,0,0
7,run6_initcall.txt,load_system_certificate_list,1.281124,0,1093
7,run6_initcall.txt,init_lru_gen,1.283353,0,14
7,run6_initcall.txt,vmstat_late_init,1.285554,0,3
7,run6_initcall.txt,fault_around_debugfs,1.28776,0,3
7,run6_initcall.txt,slab_sysfs_init,1.293789,0,3832
7,run6_initcall.txt,max_swapfiles_check,1.295998,0,0
7,run6_initcall.txt,zswap_init,1.298153,0,0
7,run6_initcall.txt,mempolicy_sysfs_init,1.300313,0,14
7,run6_initcall.txt,memory_tier_late_init,1.30473,0,2251
7,run6_initcall.txt,check_early_ioremap_leak,1.306909,0,0
7,run6_initcall.txt,mg_debugfs_init,1.309116,0,36
7,run6_initcall.txt,fscrypt_init,1.313613,0,2324
7,run6_initcall.txt,pstore_init,1.315999,0,12
7,run6_initcall.txt,init_root_keyring,1.318435,0,136
7,run6_initcall.txt,init_profile_hash,1.320648,0,0
7,run6_initcall.txt,integrity_fs_init,1.322843,0,7
7,run6_initcall.txt,crypto_algapi_init,1.325022,0,8
7,run6_initcall.txt,blk_timeout_init,1.327196,0,0
7,run6_initcall.txt,depot_debugfs_init,1.329395,0,9
7,run6_initcall.txt,pci_resource_alignment_sysfs_init,1.331591,0,5
7,run6_initcall.txt,pci_sysfs_init,1.33385,0,15
7,run6_initcall.txt,clk_debug_init,1.336487,0,343
7,run6_initcall.txt,genpd_debug_init,1.339063,0,350
7,run6_initcall.txt,sync_state_resume_initcall,1.341306,0,0
7,run6_initcall.txt,deferred_probe_initcall,1.409323,0,65794
7,run6_initcall.txt,efi_shutdown_init,1.41161,-19,0
7,run6_initcall.txt,efi_earlycon_unmap_fb,1.41371,0,0
7,run6_initcall.txt,psci_debugfs_init,1.415807,0,0
7,run6_initcall.txt,of_cfs_init,1.41995,0,2066
7,run6_initcall.txt,of_fdt_raw_init,1.422018,0,29
7,run6_initcall.txt,bpf_kfunc_init,1.424063,0,1
7,run6_initcall.txt,init_subsystem,1.426112,0,0
7,run6_initcall.txt,xdp_metadata_init,1.428146,0,0
7,run6_initcall.txt,bpf_sockmap_iter_init,1.430188,0,0
7,run6_initcall.txt,bpf_sk_storage_map_iter_init,1.432232,0,0
7,run6_initcall.txt,bpf_prog_test_run_init,1.434276,0,0
7,run6_initcall.txt,bpf_dummy_struct_ops_init,1.436287,0,0
7,run6_initcall.txt,tcp_congestion_default,1.438338,0,1
7,run6_initcall.txt,inet_blackhole_dev_init,1.440373,0,5
7,run6_initcall.txt,ip_auto_config,1.442416,0,10
7,run6_initcall.txt,tcp_bpf_v4_build_proto,1.44443,0,1
7,run6_initcall.txt,udp_bpf_v4_build_proto,1.446417,0,0
7,run6_initcall.txt,bpf_tcp_ca_kfunc_init,1.448401,0,0
7,run6_initcall.txt,bpf_mptcp_kfunc_init,1.450388,0,0
7,run6_initcall.txt,fb_logo_late_init,1.45233,0,0
7,run6_initcall.txt,amba_stub_drv_init,1.455353,0,27
7,run6_initcall.txt,clk_disable_unused,1.459457,0,1068
7,run6_initcall.txt,genpd_power_off_unused,1.462723,0,1107
7,run6_initcall.txt,regulator_init_complete,1.464949,0,1
7,run6_initcall.txt,of_platform_sync_state_init,1.467226,0,16
8,run7_initcall.txt,sock_init,0.016483,0,4000
8,run7_initcall.txt,net_inuse_init,0.016509,0,0
8,run7_initcall.txt,sock_struct_check,0.016525,0,0
8,run7_initcall.txt,init_default_flow_dissectors,0.016541,0,0
8,run7_initcall.txt,netlink_proto_init,0.016632,0,0
8,run7_initcall.txt,genl_init,0.01666,0,0
8,run7_initcall.txt,debug_monitors_init,0.016799,0,0
8,run7_initcall.txt,init_overflow_sysctl,0.016825,0,0
8,run7_initcall.txt,irq_sysfs_init,0.016952,0,0
8,run7_initcall.txt,dma_atomic_pool_init,0.017553,0,0
8,run7_initcall.txt,audit_init,0.017695,0,0
8,run7_initcall.txt,bdi_class_init,0.017813,0,0
8,run7_initcall.txt,mm_sysfs_init,0.01783,0,0
8,run7_initcall.txt,init_per_zone_wmark_min,0.017855,0,0
8,run7_initcall.txt,ramoops_init,0.01789,0,0
8,run7_initcall.txt,gpiolib_sysfs_init,0.017912,0,0
8,run7_initcall.txt,pcibus_class_init,0.01793,0,0
8,run7_initcall.txt,pci_driver_init,0.017969,0,0
8,run7_initcall.txt,amba_init,0.017992,0,0
8,run7_initcall.txt,__bcm2835_clk_driver_init,0.018014,0,0
8,run7_initcall.txt,tty_class_init,0.018037,0,0
8,run7_initcall.txt,vtconsole_class_init,0.018089,0,0
8,run7_initcall.txt,serdev_init,0.018116,0,0
8,run7_initcall.txt,iommu_dev_init,0.018136,0,0
8,run7_initcall.txt,mipi_dsi_bus_init,0.018164,0,0
8,run7_initcall.txt,devlink_class_init,0.018186,0,0
8,run7_initcall.txt,software_node_init,0.018204,0,0
8,run7_initcall.txt,regmap_initcall,0.018225,0,0
8,run7_initcall.txt,sram_init,0.01825,0,0
8,run7_initcall.txt,spi_init,0.018282,0,0
8,run7_initcall.txt,i2c_init,0.018332,0,0
8,run7_initcall.txt,thermal_init,0.018369,0,0
8,run7_initcall.txt,init_menu,0.018416,0,0
8,run7_initcall.txt,efipostcore_init,0.018434,0,0
8,run7_initcall.txt,kobject_uevent_init,0.018456,0,0
8,run7_initcall.txt,init_uevent_helper_sysctl,0.018475,0,0
8,run7_initcall.txt,reserve_memblock_reserved_regions,0.018573,0,0
8,run7_initcall.txt,aarch32_alloc_vdso_pages,0.018593,0,0
8,run7_initcall.txt,vdso_init,0.018609,0,0
8,run7_initcall.txt,arm64_create_dummy_rsi_dev,0.018624,0,0
8,run7_initcall.txt,arch_hw_breakpoint_init,0.018686,0,0
8,run7_initcall.txt,adjust_protection_map,0.018704,0,0
8,run7_initcall.txt,asids_update_limit,0.018729,0,0
8,run7_initcall.txt,kcmp_cookies_init,0.018747,0,0
8,run7_initcall.txt,dma_channel_table_init,0.018771,0,0
8,run7_initcall.txt,dma_bus_init,0.018819,0,0
8,run7_initcall.txt,brcmstb_soc_device_init,0.019128,0,0
8,run7_initcall.txt,serial_base_init,0.019175,0,0
8,run7_initcall.txt,pl011_init,0.019214,0,0
8,run7_initcall.txt,iommu_dma_init,0.019242,0,0
8,run7_initcall.txt,dmi_id_init,0.01926,-19,0
8,run7_initcall.txt,bcm2835_mbox_init,0.019289,0,0
8,run7_initcall.txt,of_platform_default_populate_init,0.040514,0,24000
8,run7_initcall.txt,register_mte_tcf_preferred_sysctl,0.040615,0,0
8,run7_initcall.txt,init_fork_sysctl,0.040642,0,0
8,run7_initcall.txt,uid_cache_init,0.040687,0,0
8,run7_initcall.txt,pid_namespace_sysctl_init,0.040711,0,0
8,run7_initcall.txt,param_sysfs_init,0.04073,0,0
8,run7_initcall.txt,user_namespace_sysctl_init,0.04076,0,0
8,run7_initcall.txt,proc_schedstat_init,0.040782,0,0
8,run7_initcall.txt,init_rtmutex_sysctl,0.040798,0,0
8,run7_initcall.txt,pm_sysrq_init,0.040846,0,0
8,run7_initcall.txt,init_rcu_stall_sysctl,0.040864,0,0
8,run7_initcall.txt,init_module_sysctl,0.040881,0,0
8,run7_initcall.txt,create_proc_profile,0.040898,0,0
8,run7_initcall.txt,cgroup_sysfs_init,0.040917,0,0
8,run7_initcall.txt,user_namespaces_init,0.040943,0,0
8,run7_initcall.txt,hung_task_init,0.041041,0,0
8,run7_initcall.txt,dev_map_init,0.04106,0,0
8,run7_initcall.txt,netns_bpf_init,0.041073,0,0
8,run7_initcall.txt,oom_init,0.041137,0,0
8,run7_initcall.txt,init_user_buckets,0.041152,0,0
8,run7_initcall.txt,init_vm_util_sysctls,0.04117,0,0
8,run7_initcall.txt,default_bdi_init,0.041276,0,0
8,run7_initcall.txt,cgwb_init,0.041297,0,0
8,run7_initcall.txt,percpu_enable_async,0.041311,0,0
8,run7_initcall.txt,kcompactd_init,0.041433,0,0
8,run7_initcall.txt,init_mm_sysctl,0.041452,0,0
8,run7_initcall.txt,init_user_reserve,0.041468,0,0
8,run7_initcall.txt,init_admin_reserve,0.041482,0,0
8,run7_initcall.txt,init_reserve_notifier,0.041496,0,0
8,run7_initcall.txt,swap_init,0.041515,0,0
8,run7_initcall.txt,swapfile_init,0.041536,0,0
8,run7_initcall.txt,memory_tier_init,0.041577,0,0
8,run7_initcall.txt,numa_init_sysfs,0.041597,0,0
8,run7_initcall.txt,mem_cgroup_swap_init,0.041614,0,0
8,run7_initcall.txt,init_msg_buckets,0.041632,0,0
8,run7_initcall.txt,init_bio,0.041677,0,0
8,run7_initcall.txt,blk_ioc_init,0.041697,0,0
8,run7_initcall.txt,blk_mq_init,0.041715,0,0
8,run7_initcall.txt,genhd_device_init,0.041807,0,0
8,run7_initcall.txt,blkcg_punt_bio_init,0.0419,0,0
8,run7_initcall.txt,blk_integrity_auto_init,0.041967,0,0
8,run7_initcall.txt,io_wq_init,0.041987,0,0
8,run7_initcall.txt,crc_t10dif_mod_init,0.042012,0,0
8,run7_initcall.txt,sha256_mod_init,0.042032,0,0
8,run7_initcall.txt,sha512_mod_init,0.042048,0,0
8,run7_initcall.txt,sg_pool_init,0.042079,0,0
8,run7_initcall.txt,gpiolib_debugfs_init,0.042101,0,0
8,run7_initcall.txt,stmpe_gpio_init,0.042171,0,0
8,run7_initcall.txt,pwm_init,0.042193,0,0
8,run7_initcall.txt,leds_init,0.04222,0,0
8,run7_initcall.txt,pci_slot_init,0.042239,0,0
8,run7_initcall.txt,fbmem_init,0.042292,0,0
8,run7_initcall.txt,bcm2835_dma_init,0.042981,0,0
8,run7_initcall.txt,regulator_fixed_voltage_init,0.043046,0,0
8,run7_initcall.txt,gpio_regulator_init,0.043095,0,0
8,run7_initcall.txt,init_sysrq_sysctl,0.043119,0,0
8,run7_initcall.txt,misc_init,0.043149,0,0
8,run7_initcall.txt,iommu_subsys_init,0.043181,0,0
8,run7_initcall.txt,register_cpu_capacity_sysctl,0.043529,0,0
8,run7_initcall.txt,dma_buf_init,0.043587,0,0
8,run7_initcall.txt,dma_heap_init,0.043615,0,0
8,run7_initcall.txt,init_scsi,0.043707,0,0
8,run7_initcall.txt,mdio_bus_init,0.043733,0,0
8,run7_initcall.txt,phy_init,0.043774,0,0
8,run7_initcall.txt,usb_common_init,0.04379,0,0
8,run7_initcall.txt,usb_init,0.043891,0,0
8,run7_initcall.txt,usb_phy_generic_init,0.044019,0,0
8,run7_initcall.txt,usb_udc_init,0.044047,0,0
8,run7_initcall.txt,usb_roles_init,0.044065,0,0
8,run7_initcall.txt,input_init,0.044088,0,0
8,run7_initcall.txt,rtc_init,0.044109,0,0
8,run7_initcall.txt,rc_core_init,0.044134,0,0
8,run7_initcall.txt,pps_init,0.044167,0,0
8,run7_initcall.txt,ptp_init,0.044191,0,0
8,run7_initcall.txt,power_supply_class_init,0.044222,0,0
8,run7_initcall.txt,hwmon_init,0.044243,0,0
8,run7_initcall.txt,mmc_init,0.044285,0,0
8,run7_initcall.txt,dmi_init,0.044303,0,0
8,run7_initcall.txt,efisubsys_init,0.044318,0,0
8,run7_initcall.txt,arm_pmu_hp_init,0.044336,0,0
8,run7_initcall.txt,ras_init,0.044356,0,0
8,run7_initcall.txt,nvmem_init,0.044388,0,0
8,run7_initcall.txt,init_soundcore,0.044409,0,0
8,run7_initcall.txt,proto_init,0.044428,0,0
8,run7_initcall.txt,net_dev_init,0.044648,0,0
8,run7_initcall.txt,neigh_init,0.044669,0,0
8,run7_initcall.txt,fib_notifier_init,0.044685,0,0
8,run7_initcall.txt,netdev_genl_init,0.044722,0,0
8,run7_initcall.txt,page_pool_user_init,0.04474,0,0
8,run7_initcall.txt,fib_rules_init,0.044757,0,0
8,run7_initcall.txt,init_cgroup_netprio,0.044773,0,0
8,run7_initcall.txt,bpf_lwt_init,0.044789,0,0
8,run7_initcall.txt,pktsched_init,0.044808,0,0
8,run7_initcall.txt,tc_filter_init,0.044841,0,0
8,run7_initcall.txt,tc_action_init,0.044858,0,0
8,run7_initcall.txt,ethnl_init,0.044931,0,0
8,run7_initcall.txt,nexthop_init,0.044953,0,0
8,run7_initcall.txt,devlink_init,0.04503,0,0
8,run7_initcall.txt,wireless_nlevent_init,0.045049,0,0
8,run7_initcall.txt,vsprintf_init_hashval,0.045068,0,0
8,run7_initcall.txt,init_32bit_el0_mask,0.045083,0,0
8,run7_initcall.txt,vga_arb_device_init,0.045191,0,0
8,run7_initcall.txt,watchdog_init,0.045295,0,0
8,run7_initcall.txt,create_debug_debugfs_entry,0.0454,0,0
8,run7_initcall.txt,iomem_init_inode,0.045436,0,0
8,run7_initcall.txt,clocksource_done_booting,0.045484,0,13
8,run7_initcall.txt,bpf_init,0.045508,0,5
8,run7_initcall.txt,secretmem_init,0.045539,0,13
8,run7_initcall.txt,init_fs_stat_sysctls,0.045567,0,9
8,run7_initcall.txt,init_fs_exec_sysctls,0.045586,0,1
8,run7_initcall.txt,init_pipe_fs,0.045615,0,11
8,run7_initcall.txt,init_fs_namei_sysctls,0.045637,0,2
8,run7_initcall.txt,init_fs_dcache_sysctls,0.045662,0,7
8,run7_initcall.txt,init_fs_namespace_sysctls,0.045679,0,2
8,run7_initcall.txt,cgroup_writeback_init,0.045701,0,8
8,run7_initcall.txt,inotify_user_setup,0.045731,0,15
8,run7_initcall.txt,eventpoll_init,0.045762,0,17
8,run7_initcall.txt,anon_inode_init,0.045786,0,10
8,run7_initcall.txt,proc_locks_init,0.045805,0,3
8,run7_initcall.txt,backing_aio_init,0.045821,0,2
8,run7_initcall.txt,init_fs_coredump_sysctls,0.045842,0,6
8,run7_initcall.txt,init_vm_drop_caches_sysctls,0.045859,0,2
8,run7_initcall.txt,iomap_dio_init,0.045894,0,21
8,run7_initcall.txt,iomap_ioend_init,0.045931,0,23
8,run7_initcall.txt,dquot_init,0.04602,0,74
8,run7_initcall.txt,proc_cmdline_init,0.046041,0,2
8,run7_initcall.txt,proc_consoles_init,0.046056,0,1
8,run7_initcall.txt,proc_cpuinfo_init,0.046071,0,1
8,run7_initcall.txt,proc_devices_init,0.046085,0,0
8,run7_initcall.txt,proc_interrupts_init,0.046101,0,1
8,run7_initcall.txt,proc_loadavg_init,0.046116,0,1
8,run7_initcall.txt,proc_meminfo_init,0.04613,0,0
8,run7_initcall.txt,proc_stat_init,0.046145,0,1
8,run7_initcall.txt,proc_uptime_init,0.04616,0,1
8,run7_initcall.txt,proc_version_init,0.046175,0,1
8,run7_initcall.txt,proc_softirqs_init,0.04619,0,0
8,run7_initcall.txt,proc_kmsg_init,0.046205,0,1
8,run7_initcall.txt,proc_page_init,0.046223,0,4
8,run7_initcall.txt,init_ramfs_fs,0.046239,0,1
8,run7_initcall.txt,aa_create_aafs,0.046255,0,0
8,run7_initcall.txt,chr_dev_init,0.049191,0,2917
8,run7_initcall.txt,hwrng_modinit,0.049271,0,44
8,run7_initcall.txt,firmware_class_init,0.04929,0,1
8,run7_initcall.txt,sysctl_core_init,0.049336,0,28
8,run7_initcall.txt,eth_offload_init,0.049353,0,0
8,run7_initcall.txt,ipv4_offload_init,0.04937,0,1
8,run7_initcall.txt,inet_init,0.053063,0,3677
8,run7_initcall.txt,af_unix_init,0.053126,0,20
8,run7_initcall.txt,ipv6_offload_init,0.053145,0,1
8,run7_initcall.txt,init_sunrpc,0.053517,0,354
8,run7_initcall.txt,vlan_offload_init,0.053537,0,0
8,run7_initcall.txt,pci_apply_final_quirks,0.053564,0,10
8,run7_initcall.txt,populate_rootfs,0.053587,0,6
8,run7_initcall.txt,register_arm64_panic_block,0.053695,0,0
8,run7_initcall.txt,cpuinfo_regs_init,0.05379,0,80
8,run7_initcall.txt,aarch32_el0_sysfs_init,0.053807,0,0
8,run7_initcall.txt,kvm_arm_init,0.057242,0,3415
8,run7_initcall.txt,proc_execdomains_init,0.057284,0,4
8,run7_initcall.txt,register_warn_debugfs,0.057307,0,4
8,run7_initcall.txt,cpuhp_sysfs_init,0.057349,0,23
8,run7_initcall.txt,ioresources_init,0.057369,0,3
8,run7_initcall.txt,psi_proc_init,0.05739,0,0
8,run7_initcall.txt,irq_gc_init_ops,0.057405,0,0
8,run7_initcall.txt,irq_debugfs_init,0.057509,0,90
8,run7_initcall.txt,proc_modules_init,0.057529,0,2
8,run7_initcall.txt,timer_sysctl_init,0.057553,0,7
8,run7_initcall.txt,timekeeping_init_ops,0.057569,0,0
8,run7_initcall.txt,init_clocksource_sysfs,0.057641,0,56
8,run7_initcall.txt,init_timer_list_procfs,0.057661,0,1
8,run7_initcall.txt,alarmtimer_init,0.057722,0,44
8,run7_initcall.txt,clockevents_init_sysfs,0.057846,0,106
8,run7_initcall.txt,sched_clock_syscore_init,0.057865,0,0
8,run7_initcall.txt,kallsyms_init,0.057883,0,2
8,run7_initcall.txt,pid_namespaces_init,0.057921,0,21
8,run7_initcall.txt,audit_watch_init,0.05794,0,0
8,run7_initcall.txt,audit_fsnotify_init,0.057957,0,0
8,run7_initcall.txt,audit_tree_init,0.057976,0,2
8,run7_initcall.txt,seccomp_sysctl_init,0.057998,0,4
8,run7_initcall.txt,utsname_sysctl_init,0.058022,0,7
8,run7_initcall.txt,init_lstats_procfs,0.058043,0,3
8,run7_initcall.txt,perf_event_sysfs_init,0.05811,0,51
8,run7_initcall.txt,system_trusted_keyring_init,0.058138,0,13
8,run7_initcall.txt,kswapd_init,0.058325,0,171
8,run7_initcall.txt,extfrag_debug_init,0.05835,0,7
8,run7_initcall.txt,mm_compute_batch_init,0.058365,0,0
8,run7_initcall.txt,slab_proc_init,0.058381,0,1
8,run7_initcall.txt,workingset_init,0.058404,0,8
8,run7_initcall.txt,proc_vmalloc_init,0.058422,0,3
8,run7_initcall.txt,memblock_init_debugfs,0.058443,0,5
8,run7_initcall.txt,slab_debugfs_init,0.058465,0,5
8,run7_initcall.txt,procswaps_init,0.058482,0,1
8,run7_initcall.txt,zs_init,0.058499,0,0
8,run7_initcall.txt,fcntl_init,0.058518,0,2
8,run7_initcall.txt,proc_filesystems_init,0.058537,0,1
8,run7_initcall.txt,start_dirtytime_writeback,0.058558,0,5
8,run7_initcall.txt,dio_init,0.058572,0,1
8,run7_initcall.txt,dnotify_init,0.058599,0,13
8,run7_initcall.txt,fanotify_user_setup,0.058623,0,9
8,run7_initcall.txt,aio_setup,0.058676,0,39
8,run7_initcall.txt,mbcache_init,0.058697,0,6
8,run7_initcall.txt,init_grace,0.058714,0,2
8,run7_initcall.txt,init_devpts_fs,0.058735,0,7
8,run7_initcall.txt,ext4_init_fs,0.058824,0,73
8,run7_initcall.txt,journal_init,0.058855,0,15
8,run7_initcall.txt,init_fat_fs,0.058877,0,6
8,run7_initcall.txt,init_vfat_fs,0.058892,0,1
8,run7_initcall.txt,init_msdos_fs,0.058906,0,0
8,run7_initcall.txt,init_nfs_fs,0.059054,0,132
8,run7_initcall.txt,init_nfs_v2,0.059073,0,0
8,run7_initcall.txt,init_nfs_v3,0.059087,0,0
8,run7_initcall.txt,init_nfs_v4,0.059128,0,26
8,run7_initcall.txt,nfs4filelayout_init,0.059149,0,5
8,run7_initcall.txt,nfs4flexfilelayout_init,0.059169,0,6
8,run7_initcall.txt,init_nlm,0.059211,0,26
8,run7_initcall.txt,init_nls_cp437,0.059228,0,0
8,run7_initcall.txt,init_nls_ascii,0.059242,0,0
8,run7_initcall.txt,init_autofs_fs,0.059345,0,88
8,run7_initcall.txt,init_f2fs_fs,0.059483,0,120
8,run7_initcall.txt,ipc_init,0.059514,0,13
8,run7_initcall.txt,ipc_sysctl_init,0.059546,0,17
8,run7_initcall.txt,init_mqueue_fs,0.059598,0,35
8,run7_initcall.txt,key_proc_init,0.059618,0,3
8,run7_initcall.txt,bpf_crypto_skcipher_init,0.059636,0,0
8,run7_initcall.txt,dh_init,0.059656,0,3
8,run7_initcall.txt,rsa_init,0.059672,0,1
8,run7_initcall.txt,cryptomgr_init,0.059688,0,0
8,run7_initcall.txt,hmac_module_init,0.059704,0,0
8,run7_initcall.txt,crypto_sha256_mod_init,0.059725,0,4
8,run7_initcall.txt,crypto_ecb_module_init,0.059741,0,0
8,run7_initcall.txt,crypto_cbc_module_init,0.059757,0,0
8,run7_initcall.txt,crypto_cts_module_init,0.059774,0,0
8,run7_initcall.txt,xts_module_init,0.059789,0,0
8,run7_initcall.txt,des_generic_mod_init,0.059807,0,1
8,run7_initcall.txt,aes_init,0.059823,0,0
8,run7_initcall.txt,lzo_mod_init,0.05984,0,1
8,run7_initcall.txt,lzorle_mod_init,0.059856,0,0
8,run7_initcall.txt,asymmetric_key_init,0.059877,0,5
8,run7_initcall.txt,x509_key_init,0.059898,0,5
8,run7_initcall.txt,crypto_kdf108_init,0.059915,0,0
8,run7_initcall.txt,blkdev_init,0.059942,0,11
8,run7_initcall.txt,proc_genhd_init,0.059963,0,3
8,run7_initcall.txt,bsg_init,0.059995,0,15
8,run7_initcall.txt,throtl_init,0.060078,0,66
8,run7_initcall.txt,deadline_init,0.060103,0,5
8,run7_initcall.txt,kyber_init,0.060125,0,5
8,run7_initcall.txt,bfq_init,0.060161,0,19
8,run7_initcall.txt,io_uring_init,0.060199,0,21
8,run7_initcall.txt,percpu_counter_startup,0.060252,0,34
8,run7_initcall.txt,audit_classes_init,0.060274,0,2
8,run7_initcall.txt,gicv5_iwb_platform_driver_init,0.060353,0,63
8,run7_initcall.txt,mip_msi_driver_init,0.060396,0,26
8,run7_initcall.txt,bcm7038_l1_driver_init,0.060437,0,26
8,run7_initcall.txt,bcm7120_l2_driver_init,0.060481,0,29
8,run7_initcall.txt,brcmstb_l2_driver_init,0.060537,0,40
8,run7_initcall.txt,simple_pm_bus_driver_init,0.061092,0,540
8,run7_initcall.txt,phy_core_init,0.061123,0,14
8,run7_initcall.txt,brcm_usb_driver_init,0.061191,0,53
8,run7_initcall.txt,rp1_pinctrl_driver_init,0.061232,0,26
8,run7_initcall.txt,bcm2835_pinctrl_driver_init,0.062051,0,804
8,run7_initcall.txt,bcm2712_pinctrl_driver_init,0.062116,0,40
8,run7_initcall.txt,brcmvirt_gpio_driver_init,0.06216,0,28
8,run7_initcall.txt,brcmstb_gpio_driver_init,0.062202,0,26
8,run7_initcall.txt,rpi_exp_gpio_driver_init,0.062567,0,350
8,run7_initcall.txt,brcmstb_pwm_driver_init,0.062611,0,28
8,run7_initcall.txt,rp1_pwm_driver_init,0.062661,0,34
8,run7_initcall.txt,gpio_led_driver_init,0.064357,0,1681
8,run7_initcall.txt,led_pwm_driver_init,0.064411,0,37
8,run7_initcall.txt,timer_led_trigger_init,0.064427,0,1
8,run7_initcall.txt,oneshot_led_trigger_init,0.064442,0,0
8,run7_initcall.txt,heartbeat_trig_init,0.064459,0,2
8,run7_initcall.txt,bl_led_trigger_init,0.064474,0,1
8,run7_initcall.txt,ledtrig_cpu_init,0.064537,0,49
8,run7_initcall.txt,defon_led_trigger_init,0.064582,0,30
8,run7_initcall.txt,input_trig_init,0.064599,0,1
8,run7_initcall.txt,ledtrig_panic_init,0.064613,0,1
8,run7_initcall.txt,actpwr_trig_init,0.064762,0,135
8,run7_initcall.txt,pcie_portdrv_init,0.064829,0,50
8,run7_initcall.txt,pci_proc_init,0.064852,0,7
8,run7_initcall.txt,brcm_pcie_driver_init,0.178335,0,113469
8,run7_initcall.txt,bcm2708_fb_init,0.191105,0,12748
8,run7_initcall.txt,simplefb_driver_init,0.19121,0,45
8,run7_initcall.txt,of_fixed_factor_clk_driver_init,0.191288,0,31
8,run7_initcall.txt,of_fixed_clk_driver_init,0.191363,0,27
8,run7_initcall.txt,gpio_clk_driver_init,0.191441,0,32
8,run7_initcall.txt,gated_fixed_clk_driver_init,0.191514,0,27
8,run7_initcall.txt,rp1_clk_driver_init,0.191588,0,27
8,run7_initcall.txt,rp1_sdio_clk_driver_init,0.191659,0,27
8,run7_initcall.txt,clk_dvp_driver_init,0.191732,0,28
8,run7_initcall.txt,bcm2835_aux_clk_driver_init,0.191838,0,59
8,run7_initcall.txt,raspberrypi_clk_driver_init,0.207265,0,15380
8,run7_initcall.txt,dw_driver_init,0.207349,0,36
8,run7_initcall.txt,bcm2835_power_driver_init,0.207412,0,19
8,run7_initcall.txt,rpi_power_driver_init,0.225861,0,18404
8,run7_initcall.txt,brcmstb_reset_driver_init,0.227787,0,31
8,run7_initcall.txt,brcm_rescal_reset_driver_init,0.229711,0,33
8,run7_initcall.txt,rpi_reset_driver_init,0.232653,0,1040
8,run7_initcall.txt,reset_simple_driver_init,0.23466,0,62
8,run7_initcall.txt,n_null_init,0.236535,0,0
8,run7_initcall.txt,pty_init,0.238529,0,74
8,run7_initcall.txt,sysrq_init,0.24047,0,13
8,run7_initcall.txt,serial8250_init,0.242404,-19,1
8,run7_initcall.txt,bcm2835aux_serial_driver_init,0.244362,0,37
8,run7_initcall.txt,brcmuart_init,0.246329,0,46
8,run7_initcall.txt,exar_pci_driver_init,0.248269,0,26
8,run7_initcall.txt,of_platform_serial_driver_init,0.250274,0,71
8,run7_initcall.txt,serial_pci_driver_init,0.25222,0,28
8,run7_initcall.txt,pericom8250_pci_driver_init,0.254132,0,21
8,run7_initcall.txt,init_kgdboc,0.257074,0,1016
8,run7_initcall.txt,random_sysctls_init,0.259014,0,15
8,run7_initcall.txt,ttyprintk_init,0.261016,0,62
8,run7_initcall.txt,bcm2835_rng_driver_init,0.263014,0,49
8,run7_initcall.txt,bcm74110_rng_driver_init,0.265039,0,30
8,run7_initcall.txt,iproc_rng200_driver_init,0.269292,0,2218
8,run7_initcall.txt,smccc_trng_driver_init,0.271418,0,23
8,run7_initcall.txt,vc_mem_init,0.27479,0,1219
8,run7_initcall.txt,vcio_driver_init,0.278482,0,1455
8,run7_initcall.txt,bcm2712_iommu_driver_init,0.280827,0,32
8,run7_initcall.txt,bcm2712_iommu_cache_driver_init,0.283225,0,31
8,run7_initcall.txt,topology_sysfs_init,0.28569,0,61
8,run7_initcall.txt,cacheinfo_sysfs_init,0.288338,0,233
8,run7_initcall.txt,devcoredump_init,0.290814,0,9
8,run7_initcall.txt,brd_init,0.298081,0,4834
8,run7_initcall.txt,loop_init,0.30413,0,3637
8,run7_initcall.txt,bcm2835_pm_driver_init,0.307834,0,1311
8,run7_initcall.txt,stmpe_i2c_driver_init,0.310241,0,18
8,run7_initcall.txt,stmpe_spi_driver_init,0.312636,0,12
8,run7_initcall.txt,rp1_driver_init,0.315048,0,25
8,run7_initcall.txt,system_heap_create,0.317527,0,86
8,run7_initcall.txt,add_default_cma_heap,0.319958,0,81
8,run7_initcall.txt,udmabuf_dev_init,0.3224,0,45
8,run7_initcall.txt,iscsi_transport_init,0.326218,0,1427
8,run7_initcall.txt,init_sd,0.328633,0,23
8,run7_initcall.txt,nvme_core_init,0.331279,0,249
8,run7_initcall.txt,nvme_init,0.333709,0,28
8,run7_initcall.txt,blackhole_netdev_init,0.336082,0,18
8,run7_initcall.txt,netkit_init,0.338458,0,6
8,run7_initcall.txt,phylink_init,0.340828,0,0
8,run7_initcall.txt,phy_module_init,0.343372,0,171
8,run7_initcall.txt,phy_module_init,0.345913,0,168
8,run7_initcall.txt,fixed_mdio_bus_init,0.348448,0,154
8,run7_initcall.txt,phy_module_init,0.350994,0,163
8,run7_initcall.txt,phy_module_init,0.353335,0,20
8,run7_initcall.txt,phy_module_init,0.355737,0,60
8,run7_initcall.txt,unimac_mdio_driver_init,0.358169,0,94
8,run7_initcall.txt,macb_driver_init,0.360578,0,83
8,run7_initcall.txt,bcmgenet_driver_init,0.558545,0,195643
8,run7_initcall.txt,bcmasp_driver_init,0.560938,0,64
8,run7_initcall.txt,lan78xx_driver_init,0.564466,0,1197
8,run7_initcall.txt,smsc95xx_driver_init,0.568041,0,1199
8,run7_initcall.txt,usbnet_init,0.570377,0,0
8,run7_initcall.txt,xhci_hcd_init,0.572746,0,13
8,run7_initcall.txt,xhci_pci_init,0.698822,0,123724
8,run7_initcall.txt,xhci_plat_init,0.701138,0,89
8,run7_initcall.txt,dwc_otg_driver_init,0.707771,0,4443
8,run7_initcall.txt,dwc_common_port_init_module,0.711224,0,1202
8,run7_initcall.txt,dwc3_driver_init,0.713455,0,45
8,run7_initcall.txt,dwc3_haps_driver_init,0.715673,0,26
8,run7_initcall.txt,dwc3_of_simple_driver_init,0.717914,0,46
8,run7_initcall.txt,dwc3_generic_driver_init,0.720086,0,31
8,run7_initcall.txt,dwc2_platform_driver_init,0.722373,0,104
8,run7_initcall.txt,uas_init,0.725733,0,1184
8,run7_initcall.txt,usb_storage_driver_init,0.728984,0,1101
8,run7_initcall.txt,brcmstb_usb_pinmap_init,0.731183,-19,56
8,run7_initcall.txt,bdc_driver_init,0.73337,0,35
8,run7_initcall.txt,input_leds_init,0.735544,0,1
8,run7_initcall.txt,mousedev_init,0.738861,0,1179
8,run7_initcall.txt,evdev_init,0.741062,0,0
8,run7_initcall.txt,brcmstb_waketmr_driver_init,0.743312,0,40
8,run7_initcall.txt,rpi_rtc_driver_init,0.745546,0,32
8,run7_initcall.txt,init_rc_map_adstech_dvb_t_pci,0.747747,0,1
8,run7_initcall.txt,init_rc_map_alink_dtu_m,0.749951,0,0
8,run7_initcall.txt,init_rc_map_anysee,0.752137,0,0
8,run7_initcall.txt,init_rc_map_apac_viewcomp,0.754319,0,0
8,run7_initcall.txt,init_rc_map_t2hybrid,0.756537,0,0
8,run7_initcall.txt,init_rc_map_asus_pc39,0.758743,0,0
8,run7_initcall.txt,init_rc_map_asus_ps3_100,0.760946,0,0
8,run7_initcall.txt,init_rc_map_ati_tv_wonder_hd_600,0.763161,0,0
8,run7_initcall.txt,init_rc_map_ati_x10,0.765384,0,0
8,run7_initcall.txt,init_rc_map_avermedia_a16d,0.767638,0,0
8,run7_initcall.txt,init_rc_map_avermedia_cardbus,0.769846,0,0
8,run7_initcall.txt,init_rc_map_avermedia_dvbt,0.772083,0,0
8,run7_initcall.txt,init_rc_map_avermedia_m135a,0.774329,0,0
8,run7_initcall.txt,init_rc_map_avermedia_m733a_rm_k6,0.776586,0,0
8,run7_initcall.txt,init_rc_map_avermedia,0.778847,0,0
8,run7_initcall.txt,init_rc_map_avermedia_rm_ks,0.781102,0,0
8,run7_initcall.txt,init_rc_map_avertv_303,0.783367,0,0
8,run7_initcall.txt,init_rc_map_azurewave_ad_tu700,0.785607,0,0
8,run7_initcall.txt,init_rc_map_beelink_gs1,0.787817,0,0
8,run7_initcall.txt,init_rc_map_beelink_mxiii,0.790074,0,0
8,run7_initcall.txt,init_rc_map_behold_columbus,0.792319,0,0
8,run7_initcall.txt,init_rc_map_behold,0.794571,0,0
8,run7_initcall.txt,init_rc_map_budget_ci_old,0.796804,0,0
8,run7_initcall.txt,init_rc_map_cinergy_1400,0.799311,0,0
8,run7_initcall.txt,init_rc_map_cinergy,0.801528,0,0
8,run7_initcall.txt,init_rc_map_ct_90405,0.803684,0,0
8,run7_initcall.txt,init_rc_map_d680_dmb,0.80588,0,0
8,run7_initcall.txt,init_rc_map_delock_61959,0.808044,0,0
8,run7_initcall.txt,init_rc_map,0.810251,0,0
8,run7_initcall.txt,init_rc_map,0.81242,0,0
8,run7_initcall.txt,init_rc_map_digitalnow_tinytwin,0.814591,0,0
8,run7_initcall.txt,init_rc_map_digittrade,0.816756,0,0
8,run7_initcall.txt,init_rc_map_dm1105_nec,0.819029,0,0
8,run7_initcall.txt,init_rc_map_dntv_live_dvb_t,0.821256,0,0
8,run7_initcall.txt,init_rc_map_dntv_live_dvbt_pro,0.823583,0,0
8,run7_initcall.txt,init_rc_map_dreambox,0.825744,0,0
8,run7_initcall.txt,init_rc_map_dtt200u,0.827904,0,0
8,run7_initcall.txt,init_rc_map_rc5_dvbsky,0.830058,0,0
8,run7_initcall.txt,init_rc_map_dvico_mce,0.832213,0,0
8,run7_initcall.txt,init_rc_map_dvico_portable,0.834474,0,0
8,run7_initcall.txt,init_rc_map_em_terratec,0.836569,0,0
8,run7_initcall.txt,init_rc_map_encore_enltv2,0.838718,0,0
8,run7_initcall.txt,init_rc_map_encore_enltv_fm53,0.840865,0,0
8,run7_initcall.txt,init_rc_map_encore_enltv,0.843016,0,0
8,run7_initcall.txt,init_rc_map_evga_indtube,0.845151,0,0
8,run7_initcall.txt,init_rc_map_eztv,0.84728,0,0
8,run7_initcall.txt,init_rc_map_flydvb,0.849391,0,0
8,run7_initcall.txt,init_rc_map_flyvideo,0.851498,0,0
8,run7_initcall.txt,init_rc_map_fusionhdtv_mce,0.853563,0,0
8,run7_initcall.txt,init_rc_map_gadmei_rm008z,0.855649,0,0
8,run7_initcall.txt,init_rc_map_geekbox,0.857734,0,0
8,run7_initcall.txt,init_rc_map_genius_tvgo_a11mce,0.859812,0,0
8,run7_initcall.txt,init_rc_map_gotview7135,0.861894,0,0
8,run7_initcall.txt,init_rc_map_rc5_hauppauge_new,0.863983,0,0
8,run7_initcall.txt,init_rc_map_hisi_poplar,0.866083,0,0
8,run7_initcall.txt,init_rc_map_hisi_tv_demo,0.868181,0,0
8,run7_initcall.txt,init_rc_map_imon_mce,0.870238,0,0
8,run7_initcall.txt,init_rc_map_imon_pad,0.872339,0,0
8,run7_initcall.txt,init_rc_map_imon_rsc,0.874431,0,0
8,run7_initcall.txt,init_rc_map_iodata_bctv7e,0.876501,0,0
8,run7_initcall.txt,init_rc_it913x_v1_map,0.878581,0,0
8,run7_initcall.txt,init_rc_it913x_v2_map,0.880654,0,0
8,run7_initcall.txt,init_rc_map_kaiomy,0.882808,0,0
8,run7_initcall.txt,init_rc_map_khadas,0.884877,0,0
8,run7_initcall.txt,init_rc_map_khamsin,0.886911,0,0
8,run7_initcall.txt,init_rc_map_kworld_315u,0.888963,0,0
8,run7_initcall.txt,init_rc_map_kworld_pc150u,0.89101,0,0
8,run7_initcall.txt,init_rc_map_kworld_plus_tv_analog,0.893058,0,0
8,run7_initcall.txt,init_rc_map_leadtek_y04g0051,0.895122,0,0
8,run7_initcall.txt,init_rc_lme2510_map,0.897182,0,0
8,run7_initcall.txt,init_rc_map_manli,0.899315,0,0
8,run7_initcall.txt,init_rc_map_mecool_kiii_pro,0.901402,0,0
8,run7_initcall.txt,init_rc_map_mecool_kii_pro,0.903455,0,0
8,run7_initcall.txt,init_rc_map_medion_x10_digitainer,0.905545,0,0
8,run7_initcall.txt,init_rc_map_medion_x10,0.907631,0,0
8,run7_initcall.txt,init_rc_map_medion_x10_or2x,0.909727,0,0
8,run7_initcall.txt,init_rc_map_minix_neo,0.911809,0,0
8,run7_initcall.txt,init_rc_map_msi_digivox_iii,0.913906,0,0
8,run7_initcall.txt,init_rc_map_msi_digivox_ii,0.916016,0,0
8,run7_initcall.txt,init_rc_map_msi_tvanywhere,0.918133,0,0
8,run7_initcall.txt,init_rc_map_msi_tvanywhere_plus,0.920203,0,0
8,run7_initcall.txt,init_rc_map_mygica_utv3,0.922301,0,0
8,run7_initcall.txt,init_rc_map_nebula,0.924405,0,0
8,run7_initcall.txt,init_rc_map_nec_terratec_cinergy_xs,0.9265,0,0
8,run7_initcall.txt,init_rc_map_norwood,0.928598,0,0
8,run7_initcall.txt,init_rc_map_npgtech,0.930696,0,0
8,run7_initcall.txt,init_rc_map_odroid,0.93278,0,0
8,run7_initcall.txt,init_rc_map_pctv_sedna,0.934858,0,0
8,run7_initcall.txt,init_rc_map_pine64,0.936897,0,0
8,run7_initcall.txt,init_rc_map_pinnacle_color,0.93899,0,0
8,run7_initcall.txt,init_rc_map_pinnacle_grey,0.942181,0,0
8,run7_initcall.txt,init_rc_map_pinnacle_pctv_hd,0.944307,0,0
8,run7_initcall.txt,init_rc_map_pixelview,0.94644,0,0
8,run7_initcall.txt,init_rc_map_pixelview,0.948573,0,0
8,run7_initcall.txt,init_rc_map_pixelview_new,0.950725,0,0
8,run7_initcall.txt,init_rc_map_pixelview,0.952833,0,0
8,run7_initcall.txt,init_rc_map_powercolor_real_angel,0.954986,0,0
8,run7_initcall.txt,init_rc_map_proteus_2309,0.957143,0,0
8,run7_initcall.txt,init_rc_map_purpletv,0.959298,0,0
8,run7_initcall.txt,init_rc_map_pv951,0.961446,0,0
8,run7_initcall.txt,init_rc_map_rc6_mce,0.963594,0,0
8,run7_initcall.txt,init_rc_map_real_audio_220_32_keys,0.965745,0,0
8,run7_initcall.txt,init_rc_map_reddo,0.967902,0,0
8,run7_initcall.txt,init_rc_map_siemens_gigaset_rc20,0.970031,0,0
8,run7_initcall.txt,init_rc_map_snapstream_firefly,0.972195,0,0
8,run7_initcall.txt,init_rc_map_streamzap,0.974376,0,0
8,run7_initcall.txt,init_rc_map_su3000,0.976568,0,0
8,run7_initcall.txt,init_rc_map_tanix_tx3mini,0.978751,0,0
8,run7_initcall.txt,init_rc_map_tanix_tx5max,0.980924,0,0
8,run7_initcall.txt,init_rc_map_tbs_nec,0.983108,0,0
8,run7_initcall.txt,init_rc_map,0.985317,0,0
8,run7_initcall.txt,init_rc_map,0.987484,0,0
8,run7_initcall.txt,init_rc_map_terratec_cinergy_c_pci,0.989691,0,0
8,run7_initcall.txt,init_rc_map_terratec_cinergy_s2_hd,0.991896,0,0
8,run7_initcall.txt,init_rc_map_terratec_cinergy_xs,0.994087,0,0
8,run7_initcall.txt,init_rc_map_terratec_slim_2,0.99628,0,0
8,run7_initcall.txt,init_rc_map_terratec_slim,0.998484,0,0
8,run7_initcall.txt,init_rc_map_tevii_nec,1.000692,0,0
8,run7_initcall.txt,init_rc_map_tivo,1.002886,0,0
8,run7_initcall.txt,init_rc_map_total_media_in_hand_02,1.005113,0,0
8,run7_initcall.txt,init_rc_map_total_media_in_hand,1.007325,0,0
8,run7_initcall.txt,init_rc_map_trekstor,1.00953,0,0
8,run7_initcall.txt,init_rc_map_tt_1500,1.011716,0,0
8,run7_initcall.txt,init_rc_map_twinhan_vp1027,1.013913,0,0
8,run7_initcall.txt,init_rc_map_twinhan_dtv_cab_ci,1.016109,0,0
8,run7_initcall.txt,init_rc_map_vega_s9x,1.018299,0,0
8,run7_initcall.txt,init_rc_map_videomate_k100,1.02044,0,0
8,run7_initcall.txt,init_rc_map_videomate_s350,1.022619,0,0
8,run7_initcall.txt,init_rc_map_videomate_tv_pvr,1.024773,0,0
8,run7_initcall.txt,init_rc_map_kii_pro,1.02693,0,0
8,run7_initcall.txt,init_rc_map_wetek_hub,1.029086,0,0
8,run7_initcall.txt,init_rc_map_wetek_play2,1.031238,0,0
8,run7_initcall.txt,init_rc_map_winfast,1.033387,0,0
8,run7_initcall.txt,init_rc_map_winfast_usbii_deluxe,1.03554,0,0
8,run7_initcall.txt,init_rc_map_x96max,1.037677,0,0
8,run7_initcall.txt,init_rc_map,1.039834,0,0
8,run7_initcall.txt,init_rc_map,1.042207,0,0
8,run7_initcall.txt,init_rc_map_zx_irdec,1.044342,0,0
8,run7_initcall.txt,ptp_kvm_init,1.046471,-95,0
8,run7_initcall.txt,gpio_poweroff_driver_init,1.048684,0,76
8,run7_initcall.txt,bcm2711_thermal_driver_init,1.052195,0,1374
8,run7_initcall.txt,bcm2835_thermal_driver_init,1.054421,0,49
8,run7_initcall.txt,bcm2835_wdt_driver_init,1.056605,0,22
8,run7_initcall.txt,dt_cpufreq_platdrv_init,1.058837,0,24
8,run7_initcall.txt,brcm_avs_cpufreq_platdrv_init,1.061065,0,33
8,run7_initcall.txt,raspberrypi_cpufreq_driver_init,1.066311,0,3030
8,run7_initcall.txt,mmc_pwrseq_simple_driver_init,1.068608,0,55
8,run7_initcall.txt,mmc_pwrseq_emmc_driver_init,1.070862,0,32
8,run7_initcall.txt,mmc_blk_init,1.073152,0,38
8,run7_initcall.txt,sdhci_drv_init,1.077762,0,2288
8,run7_initcall.txt,bcm2835_mmc_driver_init,1.084831,0,2427
8,run7_initcall.txt,bcm2835_driver_init,1.087279,0,47
8,run7_initcall.txt,sdhci_pltfm_drv_init,1.090992,0,1227
8,run7_initcall.txt,sdhci_iproc_driver_init,1.094727,0,96
8,run7_initcall.txt,sdhci_brcmstb_driver_init,1.094799,0,48
8,run7_initcall.txt,esrt_sysfs_init,1.094812,-38,0
8,run7_initcall.txt,smccc_devices_init,1.094822,0,1
8,run7_initcall.txt,smccc_soc_init,1.094832,0,2
8,run7_initcall.txt,arch_timer_mmio_drv_init,1.09487,0,30
8,run7_initcall.txt,arch_timer_mmio_acpi_drv_init,1.094901,0,20
8,run7_initcall.txt,hid_init,1.094978,0,68
8,run7_initcall.txt,hid_generic_init,1.095018,0,28
8,run7_initcall.txt,hid_init,1.095063,0,36
8,run7_initcall.txt,bcm74110_mbox_driver_init,1.095106,0,32
8,run7_initcall.txt,extcon_class_init,1.095122,0,6
8,run7_initcall.txt,armv8_pmu_driver_init,1.134898,0,39766
8,run7_initcall.txt,binder_init,1.137253,0,65
8,run7_initcall.txt,rpi_otp_driver_init,1.143311,0,3729
8,run7_initcall.txt,sock_diag_init,1.145575,0,35
8,run7_initcall.txt,blackhole_init,1.147786,0,1
8,run7_initcall.txt,cls_bpf_init_mod,1.149993,0,0
8,run7_initcall.txt,gre_offload_init,1.152147,0,0
8,run7_initcall.txt,sysctl_ipv4_init,1.15434,0,79
8,run7_initcall.txt,cubictcp_register,1.156476,0,2
8,run7_initcall.txt,packet_init,1.159668,0,1065
8,run7_initcall.txt,init_rpcsec_gss,1.161813,0,16
8,run7_initcall.txt,init_kerberos_module,1.163942,0,5
8,run7_initcall.txt,dcbnl_init,1.166071,0,2
8,run7_initcall.txt,init_dns_resolver,1.169227,0,1038
8,run7_initcall.txt,handshake_init,1.171383,0,29
8,run7_initcall.txt,check_mmu_enabled_at_boot,1.173526,0,0
8,run7_initcall.txt,finalize_pkvm,1.175677,0,0
8,run7_initcall.txt,kernel_do_mounts_initrd_sysctls_init,1.178999,0,8
8,run7_initcall.txt,kernel_panic_sysctls_init,1.18118,0,11
8,run7_initcall.txt,kernel_panic_sysfs_init,1.18337,0,4
8,run7_initcall.txt,kernel_exit_sysctls_init,1.18555,0,2
8,run7_initcall.txt,kernel_exit_sysfs_init,1.187703,0,2
8,run7_initcall.txt,param_sysfs_builtin_init,1.19914,0,9233
8,run7_initcall.txt,reboot_ksysfs_init,1.201442,0,21
8,run7_initcall.txt,sched_core_sysctl_init,1.203688,0,4
8,run7_initcall.txt,sched_fair_sysctl_init,1.205975,0,2
8,run7_initcall.txt,sched_rt_sysctl_init,1.208284,0,3
8,run7_initcall.txt,sched_dl_sysctl_init,1.210898,0,3
8,run7_initcall.txt,sched_init_debug,1.213167,0,84
8,run7_initcall.txt,cpu_latency_qos_init,1.215508,0,127
8,run7_initcall.txt,printk_late_init,1.218255,0,20
8,run7_initcall.txt,init_srcu_module_notifier,1.220455,0,1
8,run7_initcall.txt,kernel_rcu_stall_sysfs_init,1.222707,0,6
8,run7_initcall.txt,swiotlb_create_default_debugfs,1.224977,0,17
8,run7_initcall.txt,tk_debug_sleep_time_init,1.227286,0,2
8,run7_initcall.txt,bpf_ksym_iter_register,1.229586,0,1
8,run7_initcall.txt,kernel_acct_sysctls_init,1.231892,0,3
8,run7_initcall.txt,bpf_rstat_kfunc_init,1.234212,0,1
8,run7_initcall.txt,debugfs_kprobe_init,1.236486,0,8
8,run7_initcall.txt,kernel_delayacct_sysctls_init,1.23878,0,3
8,run7_initcall.txt,taskstats_init,1.242243,0,1173
8,run7_initcall.txt,bpf_global_ma_init,1.244651,0,121
8,run7_initcall.txt,bpf_syscall_sysctl_init,1.246963,0,4
8,run7_initcall.txt,unbound_reg_init,1.249248,0,0
8,run7_initcall.txt,kfunc_init,1.251531,0,1
8,run7_initcall.txt,bpf_map_iter_init,1.253767,0,0
8,run7_initcall.txt,init_subsystem,1.256035,0,0
8,run7_initcall.txt,task_iter_init,1.258291,0,1
8,run7_initcall.txt,bpf_prog_iter_init,1.26055,0,0
8,run7_initcall.txt,bpf_link_iter_init,1.262798,0,0
8,run7_initcall.txt,init_trampolines,1.265016,0,2
8,run7_initcall.txt,rqspinlock_register_kfuncs,1.267237,0,0
8,run7_initcall.txt,kfunc_init,1.2694,0,0
8,run7_initcall.txt,bpf_cgroup_iter_init,1.271583,0,0
8,run7_initcall.txt,cpumask_kfunc_init,1.273761,0,6
8,run7_initcall.txt,crypto_kfunc_init,1.275929,0,0
8,run7_initcall.txt,bpf_kmem_cache_iter_init,1.278116,0,0
8,run7_initcall.txt,dmabuf_iter_init,1.280309,0,0
8,run7_initcall.txt,load_system_certificate_list,1.283861,0,1099
8,run7_initcall.txt,init_lru_gen,1.286069,0,15
8,run7_initcall.txt,vmstat_late_init,1.28829,0,2
8,run7_initcall.txt,fault_around_debugfs,1.290515,0,3
8,run7_initcall.txt,slab_sysfs_init,1.296384,0,3676
8,run7_initcall.txt,max_swapfiles_check,1.298607,0,0
8,run7_initcall.txt,zswap_init,1.30076,0,0
8,run7_initcall.txt,mempolicy_sysfs_init,1.302927,0,16
8,run7_initcall.txt,memory_tier_late_init,1.307376,0,2270
8,run7_initcall.txt,check_early_ioremap_leak,1.309551,0,0
8,run7_initcall.txt,mg_debugfs_init,1.311732,0,18
8,run7_initcall.txt,fscrypt_init,1.316261,0,2284
8,run7_initcall.txt,pstore_init,1.318477,0,10
8,run7_initcall.txt,init_root_keyring,1.320885,0,156
8,run7_initcall.txt,init_profile_hash,1.32308,0,0
8,run7_initcall.txt,integrity_fs_init,1.325248,0,6
8,run7_initcall.txt,crypto_algapi_init,1.327428,0,7
8,run7_initcall.txt,blk_timeout_init,1.329608,0,0
8,run7_initcall.txt,depot_debugfs_init,1.331792,0,4
8,run7_initcall.txt,pci_resource_alignment_sysfs_init,1.333998,0,6
8,run7_initcall.txt,pci_sysfs_init,1.336162,0,10
8,run7_initcall.txt,clk_debug_init,1.33876,0,350
8,run7_initcall.txt,genpd_debug_init,1.34133,0,347
8,run7_initcall.txt,sync_state_resume_initcall,1.343571,0,0
8,run7_initcall.txt,deferred_probe_initcall,1.410681,0,64887
8,run7_initcall.txt,efi_shutdown_init,1.412884,-19,0
8,run7_initcall.txt,efi_earlycon_unmap_fb,1.415039,0,0
8,run7_initcall.txt,psci_debugfs_init,1.417115,0,0
8,run7_initcall.txt,of_cfs_init,1.421216,0,2046
8,run7_initcall.txt,of_fdt_raw_init,1.423274,0,26
8,run7_initcall.txt,bpf_kfunc_init,1.425296,0,1
8,run7_initcall.txt,init_subsystem,1.427329,0,0
8,run7_initcall.txt,xdp_metadata_init,1.42935,0,0
8,run7_initcall.txt,bpf_sockmap_iter_init,1.43138,0,0
8,run7_initcall.txt,bpf_sk_storage_map_iter_init,1.433426,0,0
8,run7_initcall.txt,bpf_prog_test_run_init,1.435458,0,0
8,run7_initcall.txt,bpf_dummy_struct_ops_init,1.437452,0,0
8,run7_initcall.txt,tcp_congestion_default,1.439481,0,1
8,run7_initcall.txt,inet_blackhole_dev_init,1.441499,0,7
8,run7_initcall.txt,ip_auto_config,1.443529,0,12
8,run7_initcall.txt,tcp_bpf_v4_build_proto,1.445537,0,1
8,run7_initcall.txt,udp_bpf_v4_build_proto,1.447508,0,0
8,run7_initcall.txt,bpf_tcp_ca_kfunc_init,1.449477,0,0
8,run7_initcall.txt,bpf_mptcp_kfunc_init,1.451439,0,0
8,run7_initcall.txt,fb_logo_late_init,1.45336,0,0
8,run7_initcall.txt,amba_stub_drv_init,1.456357,0,25
8,run7_initcall.txt,clk_disable_unused,1.460452,0,1060
8,run7_initcall.txt,genpd_power_off_unused,1.463736,0,1111
8,run7_initcall.txt,regulator_init_complete,1.46599,0,1
8,run7_initcall.txt,of_platform_sync_state_init,1.468238,0,16
9,run8_initcall.txt,net_inuse_init,0.016537,0,0
9,run8_initcall.txt,sock_struct_check,0.016552,0,0
9,run8_initcall.txt,init_default_flow_dissectors,0.016569,0,0
9,run8_initcall.txt,netlink_proto_init,0.01667,0,0
9,run8_initcall.txt,genl_init,0.016698,0,0
9,run8_initcall.txt,debug_monitors_init,0.016839,0,0
9,run8_initcall.txt,init_overflow_sysctl,0.016864,0,0
9,run8_initcall.txt,irq_sysfs_init,0.016987,0,0
9,run8_initcall.txt,dma_atomic_pool_init,0.017612,0,0
9,run8_initcall.txt,audit_init,0.017748,0,0
9,run8_initcall.txt,bdi_class_init,0.017781,0,0
9,run8_initcall.txt,mm_sysfs_init,0.017797,0,0
9,run8_initcall.txt,init_per_zone_wmark_min,0.017822,0,0
9,run8_initcall.txt,ramoops_init,0.017858,0,0
9,run8_initcall.txt,gpiolib_sysfs_init,0.017881,0,0
9,run8_initcall.txt,pcibus_class_init,0.017902,0,0
9,run8_initcall.txt,pci_driver_init,0.017938,0,0
9,run8_initcall.txt,amba_init,0.017964,0,0
9,run8_initcall.txt,__bcm2835_clk_driver_init,0.017986,0,0
9,run8_initcall.txt,tty_class_init,0.018007,0,0
9,run8_initcall.txt,vtconsole_class_init,0.018052,0,0
9,run8_initcall.txt,serdev_init,0.018079,0,0
9,run8_initcall.txt,iommu_dev_init,0.018101,0,0
9,run8_initcall.txt,mipi_dsi_bus_init,0.018126,0,0
9,run8_initcall.txt,devlink_class_init,0.018148,0,0
9,run8_initcall.txt,software_node_init,0.018167,0,0
9,run8_initcall.txt,regmap_initcall,0.018187,0,0
9,run8_initcall.txt,sram_init,0.018212,0,0
9,run8_initcall.txt,spi_init,0.018246,0,0
9,run8_initcall.txt,i2c_init,0.018289,0,0
9,run8_initcall.txt,thermal_init,0.018323,0,0
9,run8_initcall.txt,init_menu,0.018365,0,0
9,run8_initcall.txt,efipostcore_init,0.018382,0,0
9,run8_initcall.txt,kobject_uevent_init,0.018404,0,0
9,run8_initcall.txt,init_uevent_helper_sysctl,0.018422,0,0
9,run8_initcall.txt,reserve_memblock_reserved_regions,0.018523,0,0
9,run8_initcall.txt,aarch32_alloc_vdso_pages,0.018544,0,0
9,run8_initcall.txt,vdso_init,0.01856,0,0
9,run8_initcall.txt,arm64_create_dummy_rsi_dev,0.018577,0,0
9,run8_initcall.txt,arch_hw_breakpoint_init,0.018641,0,0
9,run8_initcall.txt,adjust_protection_map,0.01866,0,0
9,run8_initcall.txt,asids_update_limit,0.018686,0,0
9,run8_initcall.txt,kcmp_cookies_init,0.018704,0,0
9,run8_initcall.txt,dma_channel_table_init,0.018727,0,0
9,run8_initcall.txt,dma_bus_init,0.018776,0,0
9,run8_initcall.txt,brcmstb_soc_device_init,0.019082,0,0
9,run8_initcall.txt,serial_base_init,0.019126,0,0
9,run8_initcall.txt,pl011_init,0.019168,0,0
9,run8_initcall.txt,iommu_dma_init,0.019195,0,0
9,run8_initcall.txt,dmi_id_init,0.019214,-19,0
9,run8_initcall.txt,bcm2835_mbox_init,0.019238,0,0
9,run8_initcall.txt,of_platform_default_populate_init,0.035882,0,16000
9,run8_initcall.txt,register_mte_tcf_preferred_sysctl,0.035984,0,0
9,run8_initcall.txt,init_fork_sysctl,0.036015,0,0
9,run8_initcall.txt,uid_cache_init,0.036064,0,0
9,run8_initcall.txt,pid_namespace_sysctl_init,0.036093,0,0
9,run8_initcall.txt,param_sysfs_init,0.036113,0,0
9,run8_initcall.txt,user_namespace_sysctl_init,0.036145,0,0
9,run8_initcall.txt,proc_schedstat_init,0.036172,0,0
9,run8_initcall.txt,init_rtmutex_sysctl,0.03619,0,0
9,run8_initcall.txt,pm_sysrq_init,0.036243,0,0
9,run8_initcall.txt,init_rcu_stall_sysctl,0.036262,0,0
9,run8_initcall.txt,init_module_sysctl,0.03628,0,0
9,run8_initcall.txt,create_proc_profile,0.036296,0,0
9,run8_initcall.txt,cgroup_sysfs_init,0.036317,0,0
9,run8_initcall.txt,user_namespaces_init,0.036342,0,0
9,run8_initcall.txt,hung_task_init,0.03645,0,0
9,run8_initcall.txt,dev_map_init,0.036469,0,0
9,run8_initcall.txt,netns_bpf_init,0.036483,0,0
9,run8_initcall.txt,oom_init,0.036541,0,0
9,run8_initcall.txt,init_user_buckets,0.036555,0,0
9,run8_initcall.txt,init_vm_util_sysctls,0.036575,0,0
9,run8_initcall.txt,default_bdi_init,0.036681,0,0
9,run8_initcall.txt,cgwb_init,0.036701,0,0
9,run8_initcall.txt,percpu_enable_async,0.036715,0,0
9,run8_initcall.txt,kcompactd_init,0.036822,0,0
9,run8_initcall.txt,init_mm_sysctl,0.03684,0,0
9,run8_initcall.txt,init_user_reserve,0.036857,0,0
9,run8_initcall.txt,init_admin_reserve,0.03687,0,0
9,run8_initcall.txt,init_reserve_notifier,0.036884,0,0
9,run8_initcall.txt,swap_init,0.036907,0,0
9,run8_initcall.txt,swapfile_init,0.036929,0,0
9,run8_initcall.txt,memory_tier_init,0.03697,0,0
9,run8_initcall.txt,numa_init_sysfs,0.03699,0,0
9,run8_initcall.txt,mem_cgroup_swap_init,0.037007,0,0
9,run8_initcall.txt,init_msg_buckets,0.037024,0,0
9,run8_initcall.txt,init_bio,0.037069,0,0
9,run8_initcall.txt,blk_ioc_init,0.037089,0,0
9,run8_initcall.txt,blk_mq_init,0.037106,0,0
9,run8_initcall.txt,genhd_device_init,0.037219,0,0
9,run8_initcall.txt,blkcg_punt_bio_init,0.037321,0,0
9,run8_initcall.txt,blk_integrity_auto_init,0.037394,0,0
9,run8_initcall.txt,io_wq_init,0.037414,0,0
9,run8_initcall.txt,crc_t10dif_mod_init,0.037439,0,0
9,run8_initcall.txt,sha256_mod_init,0.037458,0,0
9,run8_initcall.txt,sha512_mod_init,0.037475,0,0
9,run8_initcall.txt,sg_pool_init,0.037506,0,0
9,run8_initcall.txt,gpiolib_debugfs_init,0.037526,0,0
9,run8_initcall.txt,stmpe_gpio_init,0.037596,0,0
9,run8_initcall.txt,pwm_init,0.037618,0,0
9,run8_initcall.txt,leds_init,0.037643,0,0
9,run8_initcall.txt,pci_slot_init,0.037681,0,0
9,run8_initcall.txt,fbmem_init,0.037731,0,0
9,run8_initcall.txt,bcm2835_dma_init,0.038403,0,0
9,run8_initcall.txt,regulator_fixed_voltage_init,0.038471,0,0
9,run8_initcall.txt,gpio_regulator_init,0.038517,0,0
9,run8_initcall.txt,init_sysrq_sysctl,0.038543,0,0
9,run8_initcall.txt,misc_init,0.038571,0,0
9,run8_initcall.txt,iommu_subsys_init,0.038602,0,0
9,run8_initcall.txt,register_cpu_capacity_sysctl,0.038928,0,0
9,run8_initcall.txt,dma_buf_init,0.039031,0,0
9,run8_initcall.txt,dma_heap_init,0.039062,0,0
9,run8_initcall.txt,init_scsi,0.039158,0,0
9,run8_initcall.txt,mdio_bus_init,0.039185,0,0
9,run8_initcall.txt,phy_init,0.039224,0,0
9,run8_initcall.txt,usb_common_init,0.039241,0,0
9,run8_initcall.txt,usb_init,0.039344,0,0
9,run8_initcall.txt,usb_phy_generic_init,0.03948,0,0
9,run8_initcall.txt,usb_udc_init,0.039512,0,0
9,run8_initcall.txt,usb_roles_init,0.039531,0,0
9,run8_initcall.txt,input_init,0.039558,0,0
9,run8_initcall.txt,rtc_init,0.039576,0,0
9,run8_initcall.txt,rc_core_init,0.039602,0,0
9,run8_initcall.txt,pps_init,0.039637,0,0
9,run8_initcall.txt,ptp_init,0.039662,0,0
9,run8_initcall.txt,power_supply_class_init,0.039692,0,0
9,run8_initcall.txt,hwmon_init,0.039714,0,0
9,run8_initcall.txt,mmc_init,0.039763,0,0
9,run8_initcall.txt,dmi_init,0.039782,0,0
9,run8_initcall.txt,efisubsys_init,0.039797,0,0
9,run8_initcall.txt,arm_pmu_hp_init,0.039814,0,0
9,run8_initcall.txt,ras_init,0.039835,0,0
9,run8_initcall.txt,nvmem_init,0.039869,0,0
9,run8_initcall.txt,init_soundcore,0.03989,0,0
9,run8_initcall.txt,proto_init,0.039909,0,0
9,run8_initcall.txt,net_dev_init,0.040128,0,4000
9,run8_initcall.txt,neigh_init,0.040149,0,0
9,run8_initcall.txt,fib_notifier_init,0.040166,0,0
9,run8_initcall.txt,netdev_genl_init,0.040203,0,0
9,run8_initcall.txt,page_pool_user_init,0.04022,0,0
9,run8_initcall.txt,fib_rules_init,0.040239,0,0
9,run8_initcall.txt,init_cgroup_netprio,0.040255,0,0
9,run8_initcall.txt,bpf_lwt_init,0.040271,0,0
9,run8_initcall.txt,pktsched_init,0.040292,0,0
9,run8_initcall.txt,tc_filter_init,0.040323,0,0
9,run8_initcall.txt,tc_action_init,0.04034,0,0
9,run8_initcall.txt,ethnl_init,0.040413,0,0
9,run8_initcall.txt,nexthop_init,0.040434,0,0
9,run8_initcall.txt,devlink_init,0.040512,0,0
9,run8_initcall.txt,wireless_nlevent_init,0.040531,0,0
9,run8_initcall.txt,vsprintf_init_hashval,0.040549,0,0
9,run8_initcall.txt,init_32bit_el0_mask,0.040564,0,0
9,run8_initcall.txt,vga_arb_device_init,0.040673,0,0
9,run8_initcall.txt,watchdog_init,0.040789,0,0
9,run8_initcall.txt,create_debug_debugfs_entry,0.040887,0,0
9,run8_initcall.txt,iomem_init_inode,0.040928,0,0
9,run8_initcall.txt,clocksource_done_booting,0.040971,0,12
9,run8_initcall.txt,bpf_init,0.040994,0,5
9,run8_initcall.txt,secretmem_init,0.041023,0,10
9,run8_initcall.txt,init_fs_stat_sysctls,0.041051,0,9
9,run8_initcall.txt,init_fs_exec_sysctls,0.041069,0,1
9,run8_initcall.txt,init_pipe_fs,0.041098,0,11
9,run8_initcall.txt,init_fs_namei_sysctls,0.041119,0,2
9,run8_initcall.txt,init_fs_dcache_sysctls,0.041144,0,6
9,run8_initcall.txt,init_fs_namespace_sysctls,0.041161,0,1
9,run8_initcall.txt,cgroup_writeback_init,0.041179,0,3
9,run8_initcall.txt,inotify_user_setup,0.041205,0,13
9,run8_initcall.txt,eventpoll_init,0.041237,0,17
9,run8_initcall.txt,anon_inode_init,0.041261,0,10
9,run8_initcall.txt,proc_locks_init,0.041278,0,2
9,run8_initcall.txt,backing_aio_init,0.041294,0,2
9,run8_initcall.txt,init_fs_coredump_sysctls,0.041315,0,6
9,run8_initcall.txt,init_vm_drop_caches_sysctls,0.041332,0,2
9,run8_initcall.txt,iomap_dio_init,0.041368,0,21
9,run8_initcall.txt,iomap_ioend_init,0.041403,0,21
9,run8_initcall.txt,dquot_init,0.041502,0,84
9,run8_initcall.txt,proc_cmdline_init,0.04152,0,1
9,run8_initcall.txt,proc_consoles_init,0.041535,0,1
9,run8_initcall.txt,proc_cpuinfo_init,0.041551,0,1
9,run8_initcall.txt,proc_devices_init,0.041565,0,0
9,run8_initcall.txt,proc_interrupts_init,0.04158,0,1
9,run8_initcall.txt,proc_loadavg_init,0.041594,0,0
9,run8_initcall.txt,proc_meminfo_init,0.041609,0,0
9,run8_initcall.txt,proc_stat_init,0.041623,0,1
9,run8_initcall.txt,proc_uptime_init,0.041638,0,1
9,run8_initcall.txt,proc_version_init,0.041652,0,1
9,run8_initcall.txt,proc_softirqs_init,0.04167,0,2
9,run8_initcall.txt,proc_kmsg_init,0.041685,0,1
9,run8_initcall.txt,proc_page_init,0.041701,0,2
9,run8_initcall.txt,init_ramfs_fs,0.041716,0,1
9,run8_initcall.txt,aa_create_aafs,0.041732,0,0
9,run8_initcall.txt,chr_dev_init,0.04461,0,2860
9,run8_initcall.txt,hwrng_modinit,0.044697,0,47
9,run8_initcall.txt,firmware_class_init,0.044717,0,1
9,run8_initcall.txt,sysctl_core_init,0.044763,0,28
9,run8_initcall.txt,eth_offload_init,0.044779,0,0
9,run8_initcall.txt,ipv4_offload_init,0.044797,0,1
9,run8_initcall.txt,inet_init,0.048645,0,3832
9,run8_initcall.txt,af_unix_init,0.048706,0,20
9,run8_initcall.txt,ipv6_offload_init,0.048726,0,1
9,run8_initcall.txt,init_sunrpc,0.049103,0,359
9,run8_initcall.txt,vlan_offload_init,0.049123,0,0
9,run8_initcall.txt,pci_apply_final_quirks,0.049152,0,11
9,run8_initcall.txt,populate_rootfs,0.049174,0,6
9,run8_initcall.txt,register_arm64_panic_block,0.049283,0,0
9,run8_initcall.txt,cpuinfo_regs_init,0.04938,0,82
9,run8_initcall.txt,aarch32_el0_sysfs_init,0.049397,0,0
9,run8_initcall.txt,kvm_arm_init,0.052791,0,3375
9,run8_initcall.txt,proc_execdomains_init,0.052833,0,4
9,run8_initcall.txt,register_warn_debugfs,0.052856,0,4
9,run8_initcall.txt,cpuhp_sysfs_init,0.052901,0,27
9,run8_initcall.txt,ioresources_init,0.052921,0,3
9,run8_initcall.txt,psi_proc_init,0.052942,0,0
9,run8_initcall.txt,irq_gc_init_ops,0.052956,0,0
9,run8_initcall.txt,irq_debugfs_init,0.053066,0,69
9,run8_initcall.txt,proc_modules_init,0.053085,0,2
9,run8_initcall.txt,timer_sysctl_init,0.053108,0,7
9,run8_initcall.txt,timekeeping_init_ops,0.053124,0,0
9,run8_initcall.txt,init_clocksource_sysfs,0.053199,0,59
9,run8_initcall.txt,init_timer_list_procfs,0.053221,0,4
9,run8_initcall.txt,alarmtimer_init,0.053285,0,46
9,run8_initcall.txt,clockevents_init_sysfs,0.05341,0,108
9,run8_initcall.txt,sched_clock_syscore_init,0.053429,0,0
9,run8_initcall.txt,kallsyms_init,0.053447,0,2
9,run8_initcall.txt,pid_namespaces_init,0.053486,0,21
9,run8_initcall.txt,audit_watch_init,0.053504,0,0
9,run8_initcall.txt,audit_fsnotify_init,0.053521,0,0
9,run8_initcall.txt,audit_tree_init,0.05354,0,2
9,run8_initcall.txt,seccomp_sysctl_init,0.053562,0,4
9,run8_initcall.txt,utsname_sysctl_init,0.053586,0,7
9,run8_initcall.txt,init_lstats_procfs,0.053607,0,4
9,run8_initcall.txt,perf_event_sysfs_init,0.053673,0,50
9,run8_initcall.txt,system_trusted_keyring_init,0.053702,0,13
9,run8_initcall.txt,kswapd_init,0.053886,0,170
9,run8_initcall.txt,extfrag_debug_init,0.053915,0,10
9,run8_initcall.txt,mm_compute_batch_init,0.053929,0,0
9,run8_initcall.txt,slab_proc_init,0.053946,0,2
9,run8_initcall.txt,workingset_init,0.053968,0,7
9,run8_initcall.txt,proc_vmalloc_init,0.053983,0,1
9,run8_initcall.txt,memblock_init_debugfs,0.054004,0,5
9,run8_initcall.txt,slab_debugfs_init,0.054025,0,4
9,run8_initcall.txt,procswaps_init,0.054042,0,1
9,run8_initcall.txt,zs_init,0.054059,0,0
9,run8_initcall.txt,fcntl_init,0.054077,0,2
9,run8_initcall.txt,proc_filesystems_init,0.054096,0,1
9,run8_initcall.txt,start_dirtytime_writeback,0.054116,0,5
9,run8_initcall.txt,dio_init,0.054131,0,1
9,run8_initcall.txt,dnotify_init,0.054157,0,13
9,run8_initcall.txt,fanotify_user_setup,0.054183,0,11
9,run8_initcall.txt,aio_setup,0.054232,0,36
9,run8_initcall.txt,mbcache_init,0.054254,0,5
9,run8_initcall.txt,init_grace,0.05427,0,2
9,run8_initcall.txt,init_devpts_fs,0.054292,0,8
9,run8_initcall.txt,ext4_init_fs,0.05438,0,73
9,run8_initcall.txt,journal_init,0.054412,0,16
9,run8_initcall.txt,init_fat_fs,0.054434,0,6
9,run8_initcall.txt,init_vfat_fs,0.054449,0,0
9,run8_initcall.txt,init_msdos_fs,0.054463,0,0
9,run8_initcall.txt,init_nfs_fs,0.054613,0,134
9,run8_initcall.txt,init_nfs_v2,0.054632,0,0
9,run8_initcall.txt,init_nfs_v3,0.054646,0,0
9,run8_initcall.txt,init_nfs_v4,0.054688,0,28
9,run8_initcall.txt,nfs4filelayout_init,0.05471,0,5
9,run8_initcall.txt,nfs4flexfilelayout_init,0.05473,0,6
9,run8_initcall.txt,init_nlm,0.054772,0,27
9,run8_initcall.txt,init_nls_cp437,0.05479,0,0
9,run8_initcall.txt,init_nls_ascii,0.054805,0,0
9,run8_initcall.txt,init_autofs_fs,0.054907,0,87
9,run8_initcall.txt,init_f2fs_fs,0.055047,0,122
9,run8_initcall.txt,ipc_init,0.055079,0,14
9,run8_initcall.txt,ipc_sysctl_init,0.055112,0,16
9,run8_initcall.txt,init_mqueue_fs,0.055163,0,36
9,run8_initcall.txt,key_proc_init,0.055184,0,3
9,run8_initcall.txt,bpf_crypto_skcipher_init,0.055202,0,1
9,run8_initcall.txt,dh_init,0.055221,0,3
9,run8_initcall.txt,rsa_init,0.055238,0,1
9,run8_initcall.txt,cryptomgr_init,0.055254,0,0
9,run8_initcall.txt,hmac_module_init,0.055271,0,0
9,run8_initcall.txt,crypto_sha256_mod_init,0.055291,0,4
9,run8_initcall.txt,crypto_ecb_module_init,0.055307,0,0
9,run8_initcall.txt,crypto_cbc_module_init,0.055323,0,0
9,run8_initcall.txt,crypto_cts_module_init,0.05534,0,0
9,run8_initcall.txt,xts_module_init,0.055356,0,0
9,run8_initcall.txt,des_generic_mod_init,0.055373,0,1
9,run8_initcall.txt,aes_init,0.05539,0,0
9,run8_initcall.txt,lzo_mod_init,0.055407,0,1
9,run8_initcall.txt,lzorle_mod_init,0.055423,0,0
9,run8_initcall.txt,asymmetric_key_init,0.055444,0,5
9,run8_initcall.txt,x509_key_init,0.055466,0,5
9,run8_initcall.txt,crypto_kdf108_init,0.055483,0,0
9,run8_initcall.txt,blkdev_init,0.055513,0,13
9,run8_initcall.txt,proc_genhd_init,0.055532,0,2
9,run8_initcall.txt,bsg_init,0.055564,0,14
9,run8_initcall.txt,throtl_init,0.055645,0,64
9,run8_initcall.txt,deadline_init,0.05567,0,5
9,run8_initcall.txt,kyber_init,0.055691,0,5
9,run8_initcall.txt,bfq_init,0.055728,0,20
9,run8_initcall.txt,io_uring_init,0.055763,0,18
9,run8_initcall.txt,percpu_counter_startup,0.055817,0,34
9,run8_initcall.txt,audit_classes_init,0.055841,0,4
9,run8_initcall.txt,gicv5_iwb_platform_driver_init,0.055919,0,61
9,run8_initcall.txt,mip_msi_driver_init,0.055961,0,26
9,run8_initcall.txt,bcm7038_l1_driver_init,0.056001,0,25
9,run8_initcall.txt,bcm7120_l2_driver_init,0.056045,0,29
9,run8_initcall.txt,brcmstb_l2_driver_init,0.056103,0,42
9,run8_initcall.txt,simple_pm_bus_driver_init,0.056573,0,455
9,run8_initcall.txt,phy_core_init,0.056601,0,12
9,run8_initcall.txt,brcm_usb_driver_init,0.056665,0,49
9,run8_initcall.txt,rp1_pinctrl_driver_init,0.056705,0,26
9,run8_initcall.txt,bcm2835_pinctrl_driver_init,0.057627,0,907
9,run8_initcall.txt,bcm2712_pinctrl_driver_init,0.057688,0,42
9,run8_initcall.txt,brcmvirt_gpio_driver_init,0.057733,0,28
9,run8_initcall.txt,brcmstb_gpio_driver_init,0.057775,0,27
9,run8_initcall.txt,rpi_exp_gpio_driver_init,0.058151,0,360
9,run8_initcall.txt,brcmstb_pwm_driver_init,0.058197,0,30
9,run8_initcall.txt,rp1_pwm_driver_init,0.058239,0,27
9,run8_initcall.txt,gpio_led_driver_init,0.059957,0,1703
9,run8_initcall.txt,led_pwm_driver_init,0.060011,0,35
9,run8_initcall.txt,timer_led_trigger_init,0.060029,0,1
9,run8_initcall.txt,oneshot_led_trigger_init,0.060044,0,0
9,run8_initcall.txt,heartbeat_trig_init,0.06006,0,2
9,run8_initcall.txt,bl_led_trigger_init,0.060075,0,0
9,run8_initcall.txt,ledtrig_cpu_init,0.060133,0,45
9,run8_initcall.txt,defon_led_trigger_init,0.060178,0,29
9,run8_initcall.txt,input_trig_init,0.060195,0,1
9,run8_initcall.txt,ledtrig_panic_init,0.060209,0,1
9,run8_initcall.txt,actpwr_trig_init,0.060349,0,125
9,run8_initcall.txt,pcie_portdrv_init,0.060418,0,52
9,run8_initcall.txt,pci_proc_init,0.060442,0,8
9,run8_initcall.txt,brcm_pcie_driver_init,0.173811,0,113355
9,run8_initcall.txt,bcm2708_fb_init,0.188175,0,14343
9,run8_initcall.txt,simplefb_driver_init,0.188272,0,46
9,run8_initcall.txt,of_fixed_factor_clk_driver_init,0.18835,0,31
9,run8_initcall.txt,of_fixed_clk_driver_init,0.188424,0,26
9,run8_initcall.txt,gpio_clk_driver_init,0.188501,0,32
9,run8_initcall.txt,gated_fixed_clk_driver_init,0.188574,0,27
9,run8_initcall.txt,rp1_clk_driver_init,0.188646,0,27
9,run8_initcall.txt,rp1_sdio_clk_driver_init,0.188725,0,28
9,run8_initcall.txt,clk_dvp_driver_init,0.188798,0,27
9,run8_initcall.txt,bcm2835_aux_clk_driver_init,0.1889,0,56
9,run8_initcall.txt,raspberrypi_clk_driver_init,0.204373,0,15426
9,run8_initcall.txt,dw_driver_init,0.204456,0,37
9,run8_initcall.txt,bcm2835_power_driver_init,0.20452,0,19
9,run8_initcall.txt,rpi_power_driver_init,0.2229,0,18334
9,run8_initcall.txt,brcmstb_reset_driver_init,0.224822,0,32
9,run8_initcall.txt,brcm_rescal_reset_driver_init,0.226739,0,30
9,run8_initcall.txt,rpi_reset_driver_init,0.229664,0,1039
9,run8_initcall.txt,reset_simple_driver_init,0.23165,0,61
9,run8_initcall.txt,n_null_init,0.233561,0,0
9,run8_initcall.txt,pty_init,0.235555,0,82
9,run8_initcall.txt,sysrq_init,0.237466,0,14
9,run8_initcall.txt,serial8250_init,0.239382,-19,0
9,run8_initcall.txt,bcm2835aux_serial_driver_init,0.241358,0,37
9,run8_initcall.txt,brcmuart_init,0.243317,0,40
9,run8_initcall.txt,exar_pci_driver_init,0.245272,0,26
9,run8_initcall.txt,of_platform_serial_driver_init,0.247264,0,69
9,run8_initcall.txt,serial_pci_driver_init,0.249225,0,33
9,run8_initcall.txt,pericom8250_pci_driver_init,0.251163,0,18
9,run8_initcall.txt,init_kgdboc,0.254072,0,986
9,run8_initcall.txt,random_sysctls_init,0.255996,0,11
9,run8_initcall.txt,ttyprintk_init,0.257976,0,55
9,run8_initcall.txt,bcm2835_rng_driver_init,0.259953,0,47
9,run8_initcall.txt,bcm74110_rng_driver_init,0.261974,0,30
9,run8_initcall.txt,iproc_rng200_driver_init,0.26624,0,2255
9,run8_initcall.txt,smccc_trng_driver_init,0.268357,0,21
9,run8_initcall.txt,vc_mem_init,0.271683,0,1197
9,run8_initcall.txt,vcio_driver_init,0.275346,0,1420
9,run8_initcall.txt,bcm2712_iommu_driver_init,0.277696,0,32
9,run8_initcall.txt,bcm2712_iommu_cache_driver_init,0.280088,0,30
9,run8_initcall.txt,topology_sysfs_init,0.282565,0,60
9,run8_initcall.txt,cacheinfo_sysfs_init,0.285245,0,248
9,run8_initcall.txt,devcoredump_init,0.287664,0,8
9,run8_initcall.txt,brd_init,0.294919,0,4817
9,run8_initcall.txt,loop_init,0.301016,0,3671
9,run8_initcall.txt,bcm2835_pm_driver_init,0.30468,0,1294
9,run8_initcall.txt,stmpe_i2c_driver_init,0.307073,0,17
9,run8_initcall.txt,stmpe_spi_driver_init,0.309469,0,12
9,run8_initcall.txt,rp1_driver_init,0.311872,0,28
9,run8_initcall.txt,system_heap_create,0.314331,0,80
9,run8_initcall.txt,add_default_cma_heap,0.316791,0,84
9,run8_initcall.txt,udmabuf_dev_init,0.319216,0,42
9,run8_initcall.txt,iscsi_transport_init,0.322972,0,1408
9,run8_initcall.txt,init_sd,0.32539,0,22
9,run8_initcall.txt,nvme_core_init,0.328013,0,244
9,run8_initcall.txt,nvme_init,0.330433,0,25
9,run8_initcall.txt,blackhole_netdev_init,0.332839,0,18
9,run8_initcall.txt,netkit_init,0.335213,0,5
9,run8_initcall.txt,phylink_init,0.337539,0,0
9,run8_initcall.txt,phy_module_init,0.340067,0,166
9,run8_initcall.txt,phy_module_init,0.342594,0,173
9,run8_initcall.txt,fixed_mdio_bus_init,0.345117,0,159
9,run8_initcall.txt,phy_module_init,0.347647,0,164
9,run8_initcall.txt,phy_module_init,0.350027,0,18
9,run8_initcall.txt,phy_module_init,0.352422,0,62
9,run8_initcall.txt,unimac_mdio_driver_init,0.354804,0,90
9,run8_initcall.txt,macb_driver_init,0.357216,0,84
9,run8_initcall.txt,bcmgenet_driver_init,0.557961,0,198425
9,run8_initcall.txt,bcmasp_driver_init,0.560349,0,58
9,run8_initcall.txt,lan78xx_driver_init,0.56387,0,1194
9,run8_initcall.txt,smsc95xx_driver_init,0.567465,0,1207
9,run8_initcall.txt,usbnet_init,0.569837,0,0
9,run8_initcall.txt,xhci_hcd_init,0.572166,0,10
9,run8_initcall.txt,xhci_pci_init,0.699507,0,124981
9,run8_initcall.txt,xhci_plat_init,0.701859,0,90
9,run8_initcall.txt,dwc_otg_driver_init,0.708524,0,4458
9,run8_initcall.txt,dwc_common_port_init_module,0.712002,0,1204
9,run8_initcall.txt,dwc3_driver_init,0.714267,0,45
9,run8_initcall.txt,dwc3_haps_driver_init,0.716494,0,24
9,run8_initcall.txt,dwc3_of_simple_driver_init,0.718754,0,45
9,run8_initcall.txt,dwc3_generic_driver_init,0.720948,0,31
9,run8_initcall.txt,dwc2_platform_driver_init,0.72326,0,104
9,run8_initcall.txt,uas_init,0.726642,0,1196
9,run8_initcall.txt,usb_storage_driver_init,0.729912,0,1105
9,run8_initcall.txt,brcmstb_usb_pinmap_init,0.732127,-19,54
9,run8_initcall.txt,bdc_driver_init,0.734339,0,37
9,run8_initcall.txt,input_leds_init,0.736513,0,1
9,run8_initcall.txt,mousedev_init,0.739859,0,1195
9,run8_initcall.txt,evdev_init,0.742096,0,0
9,run8_initcall.txt,brcmstb_waketmr_driver_init,0.744336,0,36
9,run8_initcall.txt,rpi_rtc_driver_init,0.746596,0,32
9,run8_initcall.txt,init_rc_map_adstech_dvb_t_pci,0.74881,0,0
9,run8_initcall.txt,init_rc_map_alink_dtu_m,0.751021,0,0
9,run8_initcall.txt,init_rc_map_anysee,0.75322,0,0
9,run8_initcall.txt,init_rc_map_apac_viewcomp,0.755408,0,0
9,run8_initcall.txt,init_rc_map_t2hybrid,0.757641,0,0
9,run8_initcall.txt,init_rc_map_asus_pc39,0.759858,0,0
9,run8_initcall.txt,init_rc_map_asus_ps3_100,0.762072,0,0
9,run8_initcall.txt,init_rc_map_ati_tv_wonder_hd_600,0.764281,0,0
9,run8_initcall.txt,init_rc_map_ati_x10,0.76651,0,0
9,run8_initcall.txt,init_rc_map_avermedia_a16d,0.768768,0,0
9,run8_initcall.txt,init_rc_map_avermedia_cardbus,0.770971,0,0
9,run8_initcall.txt,init_rc_map_avermedia_dvbt,0.773211,0,0
9,run8_initcall.txt,init_rc_map_avermedia_m135a,0.775457,0,0
9,run8_initcall.txt,init_rc_map_avermedia_m733a_rm_k6,0.777726,0,0
9,run8_initcall.txt,init_rc_map_avermedia,0.779995,0,0
9,run8_initcall.txt,init_rc_map_avermedia_rm_ks,0.782266,0,0
9,run8_initcall.txt,init_rc_map_avertv_303,0.78453,0,0
9,run8_initcall.txt,init_rc_map_azurewave_ad_tu700,0.786776,0,0
9,run8_initcall.txt,init_rc_map_beelink_gs1,0.789001,0,0
9,run8_initcall.txt,init_rc_map_beelink_mxiii,0.791249,0,0
9,run8_initcall.txt,init_rc_map_behold_columbus,0.793514,0,0
9,run8_initcall.txt,init_rc_map_behold,0.79577,0,0
9,run8_initcall.txt,init_rc_map_budget_ci_old,0.798259,0,0
9,run8_initcall.txt,init_rc_map_cinergy_1400,0.800494,0,0
9,run8_initcall.txt,init_rc_map_cinergy,0.802717,0,0
9,run8_initcall.txt,init_rc_map_ct_90405,0.804891,0,0
9,run8_initcall.txt,init_rc_map_d680_dmb,0.807085,0,0
9,run8_initcall.txt,init_rc_map_delock_61959,0.8093,0,0
9,run8_initcall.txt,init_rc_map,0.811464,0,0
9,run8_initcall.txt,init_rc_map,0.813729,0,0
9,run8_initcall.txt,init_rc_map_digitalnow_tinytwin,0.815956,0,0
9,run8_initcall.txt,init_rc_map_digittrade,0.818332,0,0
9,run8_initcall.txt,init_rc_map_dm1105_nec,0.820451,0,0
9,run8_initcall.txt,init_rc_map_dntv_live_dvb_t,0.822599,0,0
9,run8_initcall.txt,init_rc_map_dntv_live_dvbt_pro,0.824757,0,0
9,run8_initcall.txt,init_rc_map_dreambox,0.826926,0,0
9,run8_initcall.txt,init_rc_map_dtt200u,0.829094,0,0
9,run8_initcall.txt,init_rc_map_rc5_dvbsky,0.831257,0,0
9,run8_initcall.txt,init_rc_map_dvico_mce,0.833525,0,0
9,run8_initcall.txt,init_rc_map_dvico_portable,0.835688,0,0
9,run8_initcall.txt,init_rc_map_em_terratec,0.837793,0,0
9,run8_initcall.txt,init_rc_map_encore_enltv2,0.839943,0,0
9,run8_initcall.txt,init_rc_map_encore_enltv_fm53,0.842101,0,0
9,run8_initcall.txt,init_rc_map_encore_enltv,0.844257,0,0
9,run8_initcall.txt,init_rc_map_evga_indtube,0.846403,0,0
9,run8_initcall.txt,init_rc_map_eztv,0.848536,0,0
9,run8_initcall.txt,init_rc_map_flydvb,0.850662,0,0
9,run8_initcall.txt,init_rc_map_flyvideo,0.852769,0,0
9,run8_initcall.txt,init_rc_map_fusionhdtv_mce,0.854843,0,0
9,run8_initcall.txt,init_rc_map_gadmei_rm008z,0.856934,0,0
9,run8_initcall.txt,init_rc_map_geekbox,0.85903,0,0
9,run8_initcall.txt,init_rc_map_genius_tvgo_a11mce,0.86112,0,0
9,run8_initcall.txt,init_rc_map_gotview7135,0.8632,0,0
9,run8_initcall.txt,init_rc_map_rc5_hauppauge_new,0.865302,0,0
9,run8_initcall.txt,init_rc_map_hisi_poplar,0.867406,0,0
9,run8_initcall.txt,init_rc_map_hisi_tv_demo,0.869509,0,0
9,run8_initcall.txt,init_rc_map_imon_mce,0.87157,0,0
9,run8_initcall.txt,init_rc_map_imon_pad,0.873681,0,0
9,run8_initcall.txt,init_rc_map_imon_rsc,0.87578,0,0
9,run8_initcall.txt,init_rc_map_iodata_bctv7e,0.877863,0,0
9,run8_initcall.txt,init_rc_it913x_v1_map,0.879948,0,0
9,run8_initcall.txt,init_rc_it913x_v2_map,0.882114,0,0
9,run8_initcall.txt,init_rc_map_kaiomy,0.88418,0,0
9,run8_initcall.txt,init_rc_map_khadas,0.88625,0,0
9,run8_initcall.txt,init_rc_map_khamsin,0.888266,0,0
9,run8_initcall.txt,init_rc_map_kworld_315u,0.890323,0,0
9,run8_initcall.txt,init_rc_map_kworld_pc150u,0.892362,0,0
9,run8_initcall.txt,init_rc_map_kworld_plus_tv_analog,0.894408,0,0
9,run8_initcall.txt,init_rc_map_leadtek_y04g0051,0.896464,0,0
9,run8_initcall.txt,init_rc_lme2510_map,0.89856,0,0
9,run8_initcall.txt,init_rc_map_manli,0.900626,0,0
9,run8_initcall.txt,init_rc_map_mecool_kiii_pro,0.902726,0,0
9,run8_initcall.txt,init_rc_map_mecool_kii_pro,0.904776,0,0
9,run8_initcall.txt,init_rc_map_medion_x10_digitainer,0.906863,0,0
9,run8_initcall.txt,init_rc_map_medion_x10,0.908945,0,0
9,run8_initcall.txt,init_rc_map_medion_x10_or2x,0.911041,0,0
9,run8_initcall.txt,init_rc_map_minix_neo,0.913128,0,0
9,run8_initcall.txt,init_rc_map_msi_digivox_iii,0.915229,0,0
9,run8_initcall.txt,init_rc_map_msi_digivox_ii,0.917341,0,0
9,run8_initcall.txt,init_rc_map_msi_tvanywhere,0.919446,0,0
9,run8_initcall.txt,init_rc_map_msi_tvanywhere_plus,0.921514,0,0
9,run8_initcall.txt,init_rc_map_mygica_utv3,0.92361,0,0
9,run8_initcall.txt,init_rc_map_nebula,0.925724,0,0
9,run8_initcall.txt,init_rc_map_nec_terratec_cinergy_xs,0.927818,0,0
9,run8_initcall.txt,init_rc_map_norwood,0.929911,0,0
9,run8_initcall.txt,init_rc_map_npgtech,0.932002,0,0
9,run8_initcall.txt,init_rc_map_odroid,0.934088,0,0
9,run8_initcall.txt,init_rc_map_pctv_sedna,0.936162,0,0
9,run8_initcall.txt,init_rc_map_pine64,0.939319,0,0
9,run8_initcall.txt,init_rc_map_pinnacle_color,0.941502,0,0
9,run8_initcall.txt,init_rc_map_pinnacle_grey,0.943654,0,0
9,run8_initcall.txt,init_rc_map_pinnacle_pctv_hd,0.945755,0,0
9,run8_initcall.txt,init_rc_map_pixelview,0.947844,0,0
9,run8_initcall.txt,init_rc_map_pixelview,0.949959,0,0
9,run8_initcall.txt,init_rc_map_pixelview_new,0.95208,0,0
9,run8_initcall.txt,init_rc_map_pixelview,0.954171,0,0
9,run8_initcall.txt,init_rc_map_powercolor_real_angel,0.956297,0,0
9,run8_initcall.txt,init_rc_map_proteus_2309,0.958437,0,0
9,run8_initcall.txt,init_rc_map_purpletv,0.960564,0,0
9,run8_initcall.txt,init_rc_map_pv951,0.962694,0,0
9,run8_initcall.txt,init_rc_map_rc6_mce,0.964812,0,0
9,run8_initcall.txt,init_rc_map_real_audio_220_32_keys,0.966933,0,0
9,run8_initcall.txt,init_rc_map_reddo,0.969055,0,0
9,run8_initcall.txt,init_rc_map_siemens_gigaset_rc20,0.971151,0,0
9,run8_initcall.txt,init_rc_map_snapstream_firefly,0.973292,0,0
9,run8_initcall.txt,init_rc_map_streamzap,0.97544,0,0
9,run8_initcall.txt,init_rc_map_su3000,0.977601,0,0
9,run8_initcall.txt,init_rc_map_tanix_tx3mini,0.979751,0,0
9,run8_initcall.txt,init_rc_map_tanix_tx5max,0.981894,0,0
9,run8_initcall.txt,init_rc_map_tbs_nec,0.984043,0,0
9,run8_initcall.txt,init_rc_map,0.986217,0,0
9,run8_initcall.txt,init_rc_map,0.988342,0,0
9,run8_initcall.txt,init_rc_map_terratec_cinergy_c_pci,0.990514,0,0
9,run8_initcall.txt,init_rc_map_terratec_cinergy_s2_hd,0.99269,0,0
9,run8_initcall.txt,init_rc_map_terratec_cinergy_xs,0.994846,0,0
9,run8_initcall.txt,init_rc_map_terratec_slim_2,0.997019,0,0
9,run8_initcall.txt,init_rc_map_terratec_slim,0.999183,0,0
9,run8_initcall.txt,init_rc_map_tevii_nec,1.001362,0,0
9,run8_initcall.txt,init_rc_map_tivo,1.003528,0,0
9,run8_initcall.txt,init_rc_map_total_media_in_hand_02,1.005776,0,0
9,run8_initcall.txt,init_rc_map_total_media_in_hand,1.007962,0,0
9,run8_initcall.txt,init_rc_map_trekstor,1.01016,0,0
9,run8_initcall.txt,init_rc_map_tt_1500,1.012344,0,0
9,run8_initcall.txt,init_rc_map_twinhan_vp1027,1.014533,0,0
9,run8_initcall.txt,init_rc_map_twinhan_dtv_cab_ci,1.01672,0,0
9,run8_initcall.txt,init_rc_map_vega_s9x,1.018909,0,0
9,run8_initcall.txt,init_rc_map_videomate_k100,1.021054,0,0
9,run8_initcall.txt,init_rc_map_videomate_s350,1.023231,0,0
9,run8_initcall.txt,init_rc_map_videomate_tv_pvr,1.025409,0,0
9,run8_initcall.txt,init_rc_map_kii_pro,1.027561,0,0
9,run8_initcall.txt,init_rc_map_wetek_hub,1.02972,0,0
9,run8_initcall.txt,init_rc_map_wetek_play2,1.031873,0,0
9,run8_initcall.txt,init_rc_map_winfast,1.034029,0,0
9,run8_initcall.txt,init_rc_map_winfast_usbii_deluxe,1.036182,0,0
9,run8_initcall.txt,init_rc_map_x96max,1.038311,0,0
9,run8_initcall.txt,init_rc_map,1.040455,0,0
9,run8_initcall.txt,init_rc_map,1.042786,0,0
9,run8_initcall.txt,init_rc_map_zx_irdec,1.044919,0,0
9,run8_initcall.txt,ptp_kvm_init,1.04705,-95,0
9,run8_initcall.txt,gpio_poweroff_driver_init,1.049259,0,67
9,run8_initcall.txt,bcm2711_thermal_driver_init,1.052754,0,1357
9,run8_initcall.txt,bcm2835_thermal_driver_init,1.05498,0,44
9,run8_initcall.txt,bcm2835_wdt_driver_init,1.057166,0,25
9,run8_initcall.txt,dt_cpufreq_platdrv_init,1.059371,0,22
9,run8_initcall.txt,brcm_avs_cpufreq_platdrv_init,1.061611,0,32
9,run8_initcall.txt,raspberrypi_cpufreq_driver_init,1.066875,0,3043
9,run8_initcall.txt,mmc_pwrseq_simple_driver_init,1.069186,0,56
9,run8_initcall.txt,mmc_pwrseq_emmc_driver_init,1.071427,0,30
9,run8_initcall.txt,mmc_blk_init,1.073733,0,31
9,run8_initcall.txt,sdhci_drv_init,1.078399,0,2395
9,run8_initcall.txt,bcm2835_mmc_driver_init,1.083044,0,2338
9,run8_initcall.txt,bcm2835_driver_init,1.087748,0,45
9,run8_initcall.txt,sdhci_pltfm_drv_init,1.092539,0,2360
9,run8_initcall.txt,sdhci_iproc_driver_init,1.096218,0,76
9,run8_initcall.txt,sdhci_brcmstb_driver_init,1.096283,0,49
9,run8_initcall.txt,esrt_sysfs_init,1.096296,-38,1
9,run8_initcall.txt,smccc_devices_init,1.096306,0,0
9,run8_initcall.txt,smccc_soc_init,1.096314,0,1
9,run8_initcall.txt,arch_timer_mmio_drv_init,1.096352,0,29
9,run8_initcall.txt,arch_timer_mmio_acpi_drv_init,1.096381,0,20
9,run8_initcall.txt,hid_init,1.096451,0,61
9,run8_initcall.txt,hid_generic_init,1.096499,0,35
9,run8_initcall.txt,hid_init,1.09655,0,42
9,run8_initcall.txt,bcm74110_mbox_driver_init,1.096594,0,34
9,run8_initcall.txt,extcon_class_init,1.096613,0,6
9,run8_initcall.txt,armv8_pmu_driver_init,1.132838,0,36215
9,run8_initcall.txt,binder_init,1.135292,0,59
9,run8_initcall.txt,rpi_otp_driver_init,1.143552,0,4761
9,run8_initcall.txt,sock_diag_init,1.145843,0,40
9,run8_initcall.txt,blackhole_init,1.148077,0,1
9,run8_initcall.txt,cls_bpf_init_mod,1.150303,0,0
9,run8_initcall.txt,gre_offload_init,1.152509,0,0
9,run8_initcall.txt,sysctl_ipv4_init,1.154736,0,78
9,run8_initcall.txt,cubictcp_register,1.156893,0,2
9,run8_initcall.txt,packet_init,1.16013,0,1084
9,run8_initcall.txt,init_rpcsec_gss,1.162308,0,16
9,run8_initcall.txt,init_kerberos_module,1.164479,0,4
9,run8_initcall.txt,dcbnl_init,1.16663,0,2
9,run8_initcall.txt,init_dns_resolver,1.169857,0,1080
9,run8_initcall.txt,handshake_init,1.172017,0,31
9,run8_initcall.txt,check_mmu_enabled_at_boot,1.174186,0,0
9,run8_initcall.txt,finalize_pkvm,1.176366,0,0
9,run8_initcall.txt,kernel_do_mounts_initrd_sysctls_init,1.179725,0,7
9,run8_initcall.txt,kernel_panic_sysctls_init,1.181938,0,11
9,run8_initcall.txt,kernel_panic_sysfs_init,1.184144,0,3
9,run8_initcall.txt,kernel_exit_sysctls_init,1.186367,0,2
9,run8_initcall.txt,kernel_exit_sysfs_init,1.188552,0,2
9,run8_initcall.txt,param_sysfs_builtin_init,1.199977,0,9187
9,run8_initcall.txt,reboot_ksysfs_init,1.202373,0,24
9,run8_initcall.txt,sched_core_sysctl_init,1.2046,0,5
9,run8_initcall.txt,sched_fair_sysctl_init,1.206871,0,2
9,run8_initcall.txt,sched_rt_sysctl_init,1.209141,0,3
9,run8_initcall.txt,sched_dl_sysctl_init,1.21133,0,2
9,run8_initcall.txt,sched_init_debug,1.214433,0,96
9,run8_initcall.txt,cpu_latency_qos_init,1.21682,0,161
9,run8_initcall.txt,printk_late_init,1.219058,0,22
9,run8_initcall.txt,init_srcu_module_notifier,1.221265,0,1
9,run8_initcall.txt,kernel_rcu_stall_sysfs_init,1.223525,0,4
9,run8_initcall.txt,swiotlb_create_default_debugfs,1.225833,0,9
9,run8_initcall.txt,tk_debug_sleep_time_init,1.228132,0,3
9,run8_initcall.txt,bpf_ksym_iter_register,1.230447,0,0
9,run8_initcall.txt,kernel_acct_sysctls_init,1.232764,0,4
9,run8_initcall.txt,bpf_rstat_kfunc_init,1.235092,0,1
9,run8_initcall.txt,debugfs_kprobe_init,1.237442,0,12
9,run8_initcall.txt,kernel_delayacct_sysctls_init,1.239837,0,4
9,run8_initcall.txt,taskstats_init,1.243335,0,1168
9,run8_initcall.txt,bpf_global_ma_init,1.245741,0,90
9,run8_initcall.txt,bpf_syscall_sysctl_init,1.248056,0,5
9,run8_initcall.txt,unbound_reg_init,1.250376,0,0
9,run8_initcall.txt,kfunc_init,1.252648,0,1
9,run8_initcall.txt,bpf_map_iter_init,1.25491,0,0
9,run8_initcall.txt,init_subsystem,1.257208,0,0
9,run8_initcall.txt,task_iter_init,1.259458,0,1
9,run8_initcall.txt,bpf_prog_iter_init,1.26171,0,5
9,run8_initcall.txt,bpf_link_iter_init,1.26394,0,0
9,run8_initcall.txt,init_trampolines,1.266162,0,3
9,run8_initcall.txt,rqspinlock_register_kfuncs,1.268371,0,0
9,run8_initcall.txt,kfunc_init,1.270529,0,0
9,run8_initcall.txt,bpf_cgroup_iter_init,1.272698,0,0
9,run8_initcall.txt,cpumask_kfunc_init,1.27487,0,7
9,run8_initcall.txt,crypto_kfunc_init,1.277037,0,0
9,run8_initcall.txt,bpf_kmem_cache_iter_init,1.279215,0,0
9,run8_initcall.txt,dmabuf_iter_init,1.28165,0,0
9,run8_initcall.txt,load_system_certificate_list,1.284932,0,1090
9,run8_initcall.txt,init_lru_gen,1.287144,0,16
9,run8_initcall.txt,vmstat_late_init,1.289361,0,3
9,run8_initcall.txt,fault_around_debugfs,1.291559,0,2
9,run8_initcall.txt,slab_sysfs_init,1.297638,0,3888
9,run8_initcall.txt,max_swapfiles_check,1.299854,0,0
9,run8_initcall.txt,zswap_init,1.302029,0,0
9,run8_initcall.txt,mempolicy_sysfs_init,1.30416,0,14
9,run8_initcall.txt,memory_tier_late_init,1.308595,0,2250
9,run8_initcall.txt,check_early_ioremap_leak,1.310777,0,0
9,run8_initcall.txt,mg_debugfs_init,1.312968,0,18
9,run8_initcall.txt,fscrypt_init,1.31737,0,2241
9,run8_initcall.txt,pstore_init,1.319533,0,10
9,run8_initcall.txt,init_root_keyring,1.321682,0,30
9,run8_initcall.txt,init_profile_hash,1.323838,0,0
9,run8_initcall.txt,integrity_fs_init,1.326028,0,9
9,run8_initcall.txt,crypto_algapi_init,1.328197,0,7
9,run8_initcall.txt,blk_timeout_init,1.330374,0,0
9,run8_initcall.txt,depot_debugfs_init,1.33255,0,5
9,run8_initcall.txt,pci_resource_alignment_sysfs_init,1.334748,0,3
9,run8_initcall.txt,pci_sysfs_init,1.33693,0,11
9,run8_initcall.txt,clk_debug_init,1.339492,0,377
9,run8_initcall.txt,genpd_debug_init,1.342061,0,348
9,run8_initcall.txt,sync_state_resume_initcall,1.344288,0,0
9,run8_initcall.txt,deferred_probe_initcall,1.413492,0,66852
9,run8_initcall.txt,efi_shutdown_init,1.415572,-19,0
9,run8_initcall.txt,efi_earlycon_unmap_fb,1.417645,0,0
9,run8_initcall.txt,psci_debugfs_init,1.419861,0,0
9,run8_initcall.txt,of_cfs_init,1.425106,0,3171
9,run8_initcall.txt,of_fdt_raw_init,1.427204,0,28
9,run8_initcall.txt,bpf_kfunc_init,1.429276,0,2
9,run8_initcall.txt,init_subsystem,1.431366,0,0
9,run8_initcall.txt,xdp_metadata_init,1.433448,0,0
9,run8_initcall.txt,bpf_sockmap_iter_init,1.435514,0,0
9,run8_initcall.txt,bpf_sk_storage_map_iter_init,1.437585,0,0
9,run8_initcall.txt,bpf_prog_test_run_init,1.439683,0,0
9,run8_initcall.txt,bpf_dummy_struct_ops_init,1.441768,0,0
9,run8_initcall.txt,tcp_congestion_default,1.443848,0,1
9,run8_initcall.txt,inet_blackhole_dev_init,1.445929,0,9
9,run8_initcall.txt,ip_auto_config,1.448006,0,10
9,run8_initcall.txt,tcp_bpf_v4_build_proto,1.450064,0,0
9,run8_initcall.txt,udp_bpf_v4_build_proto,1.45208,0,0
9,run8_initcall.txt,bpf_tcp_ca_kfunc_init,1.454069,0,0
9,run8_initcall.txt,bpf_mptcp_kfunc_init,1.456073,0,0
9,run8_initcall.txt,fb_logo_late_init,1.458086,0,0
9,run8_initcall.txt,amba_stub_drv_init,1.460121,0,23
9,run8_initcall.txt,clk_disable_unused,1.464288,0,2130
9,run8_initcall.txt,genpd_power_off_unused,1.468605,0,1121
9,run8_initcall.txt,regulator_init_complete,1.470812,0,1
9,run8_initcall.txt,of_platform_sync_state_init,1.47308,0,18
10,run9_initcall.txt,net_inuse_init,0.016633,0,0
10,run9_initcall.txt,sock_struct_check,0.016649,0,0
10,run9_initcall.txt,init_default_flow_dissectors,0.016666,0,0
10,run9_initcall.txt,netlink_proto_init,0.016769,0,0
10,run9_initcall.txt,genl_init,0.016797,0,0
10,run9_initcall.txt,debug_monitors_init,0.016944,0,0
10,run9_initcall.txt,init_overflow_sysctl,0.01697,0,0
10,run9_initcall.txt,irq_sysfs_init,0.017093,0,0
10,run9_initcall.txt,dma_atomic_pool_init,0.017707,0,0
10,run9_initcall.txt,audit_init,0.017919,0,0
10,run9_initcall.txt,bdi_class_init,0.017955,0,0
10,run9_initcall.txt,mm_sysfs_init,0.017971,0,0
10,run9_initcall.txt,init_per_zone_wmark_min,0.017996,0,0
10,run9_initcall.txt,ramoops_init,0.018032,0,0
10,run9_initcall.txt,gpiolib_sysfs_init,0.018055,0,0
10,run9_initcall.txt,pcibus_class_init,0.018077,0,0
10,run9_initcall.txt,pci_driver_init,0.018112,0,0
10,run9_initcall.txt,amba_init,0.018138,0,0
10,run9_initcall.txt,__bcm2835_clk_driver_init,0.01816,0,0
10,run9_initcall.txt,tty_class_init,0.01818,0,0
10,run9_initcall.txt,vtconsole_class_init,0.018227,0,0
10,run9_initcall.txt,serdev_init,0.018254,0,0
10,run9_initcall.txt,iommu_dev_init,0.018277,0,0
10,run9_initcall.txt,mipi_dsi_bus_init,0.018303,0,0
10,run9_initcall.txt,devlink_class_init,0.018324,0,0
10,run9_initcall.txt,software_node_init,0.018343,0,0
10,run9_initcall.txt,regmap_initcall,0.018363,0,0
10,run9_initcall.txt,sram_init,0.018388,0,0
10,run9_initcall.txt,spi_init,0.018425,0,0
10,run9_initcall.txt,i2c_init,0.018466,0,0
10,run9_initcall.txt,thermal_init,0.018502,0,0
10,run9_initcall.txt,init_menu,0.018544,0,0
10,run9_initcall.txt,efipostcore_init,0.018562,0,0
10,run9_initcall.txt,kobject_uevent_init,0.018583,0,0
10,run9_initcall.txt,init_uevent_helper_sysctl,0.018601,0,0
10,run9_initcall.txt,reserve_memblock_reserved_regions,0.018702,0,0
10,run9_initcall.txt,aarch32_alloc_vdso_pages,0.018722,0,0
10,run9_initcall.txt,vdso_init,0.018738,0,0
10,run9_initcall.txt,arm64_create_dummy_rsi_dev,0.018754,0,0
10,run9_initcall.txt,arch_hw_breakpoint_init,0.018819,0,0
10,run9_initcall.txt,adjust_protection_map,0.018842,0,0
10,run9_initcall.txt,asids_update_limit,0.018868,0,0
10,run9_initcall.txt,kcmp_cookies_init,0.018887,0,0
10,run9_initcall.txt,dma_channel_table_init,0.018913,0,0
10,run9_initcall.txt,dma_bus_init,0.019021,0,0
10,run9_initcall.txt,brcmstb_soc_device_init,0.019333,0,0
10,run9_initcall.txt,serial_base_init,0.019385,0,0
10,run9_initcall.txt,pl011_init,0.019425,0,0
10,run9_initcall.txt,iommu_dma_init,0.019455,0,0
10,run9_initcall.txt,dmi_id_init,0.019473,-19,0
10,run9_initcall.txt,bcm2835_mbox_init,0.019499,0,0
10,run9_initcall.txt,of_platform_default_populate_init,0.040236,0,24000
10,run9_initcall.txt,register_mte_tcf_preferred_sysctl,0.040337,0,0
10,run9_initcall.txt,init_fork_sysctl,0.040367,0,0
10,run9_initcall.txt,uid_cache_init,0.040412,0,0
10,run9_initcall.txt,pid_namespace_sysctl_init,0.040437,0,0
10,run9_initcall.txt,param_sysfs_init,0.040456,0,0
10,run9_initcall.txt,user_namespace_sysctl_init,0.040493,0,0
10,run9_initcall.txt,proc_schedstat_init,0.040516,0,0
10,run9_initcall.txt,init_rtmutex_sysctl,0.040532,0,0
10,run9_initcall.txt,pm_sysrq_init,0.04058,0,0
10,run9_initcall.txt,init_rcu_stall_sysctl,0.0406,0,0
10,run9_initcall.txt,init_module_sysctl,0.040618,0,0
10,run9_initcall.txt,create_proc_profile,0.040635,0,0
10,run9_initcall.txt,cgroup_sysfs_init,0.040655,0,0
10,run9_initcall.txt,user_namespaces_init,0.04068,0,0
10,run9_initcall.txt,hung_task_init,0.040778,0,0
10,run9_initcall.txt,dev_map_init,0.040797,0,0
10,run9_initcall.txt,netns_bpf_init,0.040812,0,0
10,run9_initcall.txt,oom_init,0.04087,0,0
10,run9_initcall.txt,init_user_buckets,0.040884,0,0
10,run9_initcall.txt,init_vm_util_sysctls,0.040905,0,0
10,run9_initcall.txt,default_bdi_init,0.041005,0,0
10,run9_initcall.txt,cgwb_init,0.041024,0,0
10,run9_initcall.txt,percpu_enable_async,0.041038,0,0
10,run9_initcall.txt,kcompactd_init,0.041141,0,0
10,run9_initcall.txt,init_mm_sysctl,0.04116,0,0
10,run9_initcall.txt,init_user_reserve,0.041176,0,0
10,run9_initcall.txt,init_admin_reserve,0.04119,0,0
10,run9_initcall.txt,init_reserve_notifier,0.041204,0,0
10,run9_initcall.txt,swap_init,0.041226,0,0
10,run9_initcall.txt,swapfile_init,0.041248,0,0
10,run9_initcall.txt,memory_tier_init,0.041293,0,0
10,run9_initcall.txt,numa_init_sysfs,0.041313,0,0
10,run9_initcall.txt,mem_cgroup_swap_init,0.041331,0,0
10,run9_initcall.txt,init_msg_buckets,0.041348,0,0
10,run9_initcall.txt,init_bio,0.041395,0,0
10,run9_initcall.txt,blk_ioc_init,0.041415,0,0
10,run9_initcall.txt,blk_mq_init,0.041432,0,0
10,run9_initcall.txt,genhd_device_init,0.041521,0,0
10,run9_initcall.txt,blkcg_punt_bio_init,0.041619,0,0
10,run9_initcall.txt,blk_integrity_auto_init,0.041701,0,0
10,run9_initcall.txt,io_wq_init,0.041721,0,0
10,run9_initcall.txt,crc_t10dif_mod_init,0.041746,0,0
10,run9_initcall.txt,sha256_mod_init,0.041765,0,0
10,run9_initcall.txt,sha512_mod_init,0.041782,0,0
10,run9_initcall.txt,sg_pool_init,0.041813,0,0
10,run9_initcall.txt,gpiolib_debugfs_init,0.041834,0,0
10,run9_initcall.txt,stmpe_gpio_init,0.041903,0,0
10,run9_initcall.txt,pwm_init,0.041925,0,0
10,run9_initcall.txt,leds_init,0.041952,0,0
10,run9_initcall.txt,pci_slot_init,0.041971,0,0
10,run9_initcall.txt,fbmem_init,0.042035,0,0
10,run9_initcall.txt,bcm2835_dma_init,0.042728,0,0
10,run9_initcall.txt,regulator_fixed_voltage_init,0.042792,0,0
10,run9_initcall.txt,gpio_regulator_init,0.042847,0,0
10,run9_initcall.txt,init_sysrq_sysctl,0.042872,0,0
10,run9_initcall.txt,misc_init,0.042899,0,0
10,run9_initcall.txt,iommu_subsys_init,0.042931,0,0
10,run9_initcall.txt,register_cpu_capacity_sysctl,0.043247,0,0
10,run9_initcall.txt,dma_buf_init,0.043325,0,0
10,run9_initcall.txt,dma_heap_init,0.043353,0,0
10,run9_initcall.txt,init_scsi,0.043442,0,0
10,run9_initcall.txt,mdio_bus_init,0.043468,0,0
10,run9_initcall.txt,phy_init,0.043506,0,0
10,run9_initcall.txt,usb_common_init,0.043522,0,0
10,run9_initcall.txt,usb_init,0.043622,0,0
10,run9_initcall.txt,usb_phy_generic_init,0.043749,0,0
10,run9_initcall.txt,usb_udc_init,0.043779,0,0
10,run9_initcall.txt,usb_roles_init,0.0438,0,0
10,run9_initcall.txt,input_init,0.043824,0,0
10,run9_initcall.txt,rtc_init,0.043842,0,0
10,run9_initcall.txt,rc_core_init,0.043867,0,0
10,run9_initcall.txt,pps_init,0.043902,0,0
10,run9_initcall.txt,ptp_init,0.043926,0,0
10,run9_initcall.txt,power_supply_class_init,0.043955,0,0
10,run9_initcall.txt,hwmon_init,0.043977,0,0
10,run9_initcall.txt,mmc_init,0.044019,0,0
10,run9_initcall.txt,dmi_init,0.044037,0,0
10,run9_initcall.txt,efisubsys_init,0.044052,0,0
10,run9_initcall.txt,arm_pmu_hp_init,0.044069,0,0
10,run9_initcall.txt,ras_init,0.04409,0,0
10,run9_initcall.txt,nvmem_init,0.044123,0,0
10,run9_initcall.txt,init_soundcore,0.044143,0,0
10,run9_initcall.txt,proto_init,0.044163,0,0
10,run9_initcall.txt,net_dev_init,0.044373,0,0
10,run9_initcall.txt,neigh_init,0.044393,0,0
10,run9_initcall.txt,fib_notifier_init,0.04441,0,0
10,run9_initcall.txt,netdev_genl_init,0.044448,0,0
10,run9_initcall.txt,page_pool_user_init,0.044465,0,0
10,run9_initcall.txt,fib_rules_init,0.044484,0,0
10,run9_initcall.txt,init_cgroup_netprio,0.0445,0,0
10,run9_initcall.txt,bpf_lwt_init,0.044516,0,0
10,run9_initcall.txt,pktsched_init,0.044539,0,0
10,run9_initcall.txt,tc_filter_init,0.044572,0,0
10,run9_initcall.txt,tc_action_init,0.044589,0,0
10,run9_initcall.txt,ethnl_init,0.044662,0,0
10,run9_initcall.txt,nexthop_init,0.044684,0,0
10,run9_initcall.txt,devlink_init,0.044762,0,0
10,run9_initcall.txt,wireless_nlevent_init,0.044782,0,0
10,run9_initcall.txt,vsprintf_init_hashval,0.044801,0,0
10,run9_initcall.txt,init_32bit_el0_mask,0.044816,0,0
10,run9_initcall.txt,vga_arb_device_init,0.044953,0,0
10,run9_initcall.txt,watchdog_init,0.045062,0,0
10,run9_initcall.txt,create_debug_debugfs_entry,0.045161,0,0
10,run9_initcall.txt,iomem_init_inode,0.0452,0,0
10,run9_initcall.txt,clocksource_done_booting,0.045246,0,13
10,run9_initcall.txt,bpf_init,0.04527,0,5
10,run9_initcall.txt,secretmem_init,0.045299,0,10
10,run9_initcall.txt,init_fs_stat_sysctls,0.045327,0,9
10,run9_initcall.txt,init_fs_exec_sysctls,0.045345,0,1
10,run9_initcall.txt,init_pipe_fs,0.045374,0,11
10,run9_initcall.txt,init_fs_namei_sysctls,0.045395,0,2
10,run9_initcall.txt,init_fs_dcache_sysctls,0.045419,0,5
10,run9_initcall.txt,init_fs_namespace_sysctls,0.045436,0,1
10,run9_initcall.txt,cgroup_writeback_init,0.045456,0,6
10,run9_initcall.txt,inotify_user_setup,0.045484,0,14
10,run9_initcall.txt,eventpoll_init,0.045513,0,15
10,run9_initcall.txt,anon_inode_init,0.045537,0,9
10,run9_initcall.txt,proc_locks_init,0.045553,0,2
10,run9_initcall.txt,backing_aio_init,0.045569,0,2
10,run9_initcall.txt,init_fs_coredump_sysctls,0.04559,0,6
10,run9_initcall.txt,init_vm_drop_caches_sysctls,0.045607,0,2
10,run9_initcall.txt,iomap_dio_init,0.045643,0,21
10,run9_initcall.txt,iomap_ioend_init,0.045679,0,21
10,run9_initcall.txt,dquot_init,0.045843,0,148
10,run9_initcall.txt,proc_cmdline_init,0.045862,0,2
10,run9_initcall.txt,proc_consoles_init,0.045879,0,1
10,run9_initcall.txt,proc_cpuinfo_init,0.045894,0,1
10,run9_initcall.txt,proc_devices_init,0.045908,0,0
10,run9_initcall.txt,proc_interrupts_init,0.045923,0,1
10,run9_initcall.txt,proc_loadavg_init,0.045937,0,0
10,run9_initcall.txt,proc_meminfo_init,0.045951,0,0
10,run9_initcall.txt,proc_stat_init,0.045966,0,1
10,run9_initcall.txt,proc_uptime_init,0.04598,0,1
10,run9_initcall.txt,proc_version_init,0.045996,0,1
10,run9_initcall.txt,proc_softirqs_init,0.046011,0,0
10,run9_initcall.txt,proc_kmsg_init,0.046026,0,1
10,run9_initcall.txt,proc_page_init,0.046043,0,2
10,run9_initcall.txt,init_ramfs_fs,0.046068,0,1
10,run9_initcall.txt,aa_create_aafs,0.046085,0,0
10,run9_initcall.txt,chr_dev_init,0.048913,0,2809
10,run9_initcall.txt,hwrng_modinit,0.048998,0,46
10,run9_initcall.txt,firmware_class_init,0.049018,0,1
10,run9_initcall.txt,sysctl_core_init,0.049062,0,26
10,run9_initcall.txt,eth_offload_init,0.049079,0,0
10,run9_initcall.txt,ipv4_offload_init,0.049096,0,1
10,run9_initcall.txt,inet_init,0.052844,0,3732
10,run9_initcall.txt,af_unix_init,0.052899,0,20
10,run9_initcall.txt,ipv6_offload_init,0.052919,0,1
10,run9_initcall.txt,init_sunrpc,0.053316,0,370
10,run9_initcall.txt,vlan_offload_init,0.053335,0,0
10,run9_initcall.txt,pci_apply_final_quirks,0.053364,0,11
10,run9_initcall.txt,populate_rootfs,0.053386,0,6
10,run9_initcall.txt,register_arm64_panic_block,0.053492,0,0
10,run9_initcall.txt,cpuinfo_regs_init,0.053589,0,82
10,run9_initcall.txt,aarch32_el0_sysfs_init,0.053609,0,0
10,run9_initcall.txt,kvm_arm_init,0.057045,0,3418
10,run9_initcall.txt,proc_execdomains_init,0.057087,0,4
10,run9_initcall.txt,register_warn_debugfs,0.05711,0,3
10,run9_initcall.txt,cpuhp_sysfs_init,0.057164,0,36
10,run9_initcall.txt,ioresources_init,0.057183,0,3
10,run9_initcall.txt,psi_proc_init,0.057197,0,0
10,run9_initcall.txt,irq_gc_init_ops,0.057212,0,0
10,run9_initcall.txt,irq_debugfs_init,0.05733,0,73
10,run9_initcall.txt,proc_modules_init,0.05735,0,2
10,run9_initcall.txt,timer_sysctl_init,0.057374,0,7
10,run9_initcall.txt,timekeeping_init_ops,0.05739,0,0
10,run9_initcall.txt,init_clocksource_sysfs,0.057461,0,55
10,run9_initcall.txt,init_timer_list_procfs,0.057481,0,1
10,run9_initcall.txt,alarmtimer_init,0.057543,0,45
10,run9_initcall.txt,clockevents_init_sysfs,0.057668,0,107
10,run9_initcall.txt,sched_clock_syscore_init,0.057688,0,0
10,run9_initcall.txt,kallsyms_init,0.057707,0,1
10,run9_initcall.txt,pid_namespaces_init,0.057746,0,22
10,run9_initcall.txt,audit_watch_init,0.057765,0,0
10,run9_initcall.txt,audit_fsnotify_init,0.057782,0,0
10,run9_initcall.txt,audit_tree_init,0.057801,0,2
10,run9_initcall.txt,seccomp_sysctl_init,0.057825,0,6
10,run9_initcall.txt,utsname_sysctl_init,0.05785,0,6
10,run9_initcall.txt,init_lstats_procfs,0.057872,0,3
10,run9_initcall.txt,perf_event_sysfs_init,0.057935,0,48
10,run9_initcall.txt,system_trusted_keyring_init,0.057963,0,13
10,run9_initcall.txt,kswapd_init,0.058141,0,163
10,run9_initcall.txt,extfrag_debug_init,0.058164,0,8
10,run9_initcall.txt,mm_compute_batch_init,0.058178,0,0
10,run9_initcall.txt,slab_proc_init,0.058196,0,2
10,run9_initcall.txt,workingset_init,0.058218,0,7
10,run9_initcall.txt,proc_vmalloc_init,0.058234,0,1
10,run9_initcall.txt,memblock_init_debugfs,0.058254,0,5
10,run9_initcall.txt,slab_debugfs_init,0.058274,0,4
10,run9_initcall.txt,procswaps_init,0.058292,0,1
10,run9_initcall.txt,zs_init,0.058308,0,0
10,run9_initcall.txt,fcntl_init,0.058326,0,2
10,run9_initcall.txt,proc_filesystems_init,0.058346,0,1
10,run9_initcall.txt,start_dirtytime_writeback,0.058367,0,5
10,run9_initcall.txt,dio_init,0.058382,0,1
10,run9_initcall.txt,dnotify_init,0.058408,0,13
10,run9_initcall.txt,fanotify_user_setup,0.058433,0,10
10,run9_initcall.txt,aio_setup,0.05848,0,33
10,run9_initcall.txt,mbcache_init,0.058501,0,5
10,run9_initcall.txt,init_grace,0.058516,0,1
10,run9_initcall.txt,init_devpts_fs,0.058539,0,7
10,run9_initcall.txt,ext4_init_fs,0.058628,0,75
10,run9_initcall.txt,journal_init,0.05866,0,15
10,run9_initcall.txt,init_fat_fs,0.058681,0,5
10,run9_initcall.txt,init_vfat_fs,0.058696,0,1
10,run9_initcall.txt,init_msdos_fs,0.058711,0,0
10,run9_initcall.txt,init_nfs_fs,0.05887,0,145
10,run9_initcall.txt,init_nfs_v2,0.05889,0,0
10,run9_initcall.txt,init_nfs_v3,0.058904,0,0
10,run9_initcall.txt,init_nfs_v4,0.058946,0,27
10,run9_initcall.txt,nfs4filelayout_init,0.058968,0,6
10,run9_initcall.txt,nfs4flexfilelayout_init,0.05899,0,6
10,run9_initcall.txt,init_nlm,0.059032,0,27
10,run9_initcall.txt,init_nls_cp437,0.059049,0,0
10,run9_initcall.txt,init_nls_ascii,0.059063,0,0
10,run9_initcall.txt,init_autofs_fs,0.059167,0,88
10,run9_initcall.txt,init_f2fs_fs,0.059303,0,119
10,run9_initcall.txt,ipc_init,0.059333,0,12
10,run9_initcall.txt,ipc_sysctl_init,0.059367,0,17
10,run9_initcall.txt,init_mqueue_fs,0.05942,0,37
10,run9_initcall.txt,key_proc_init,0.05944,0,2
10,run9_initcall.txt,bpf_crypto_skcipher_init,0.059457,0,0
10,run9_initcall.txt,dh_init,0.059476,0,2
10,run9_initcall.txt,rsa_init,0.059494,0,1
10,run9_initcall.txt,cryptomgr_init,0.059511,0,0
10,run9_initcall.txt,hmac_module_init,0.059527,0,0
10,run9_initcall.txt,crypto_sha256_mod_init,0.059547,0,4
10,run9_initcall.txt,crypto_ecb_module_init,0.059564,0,0
10,run9_initcall.txt,crypto_cbc_module_init,0.05958,0,0
10,run9_initcall.txt,crypto_cts_module_init,0.059596,0,0
10,run9_initcall.txt,xts_module_init,0.059612,0,0
10,run9_initcall.txt,des_generic_mod_init,0.059631,0,1
10,run9_initcall.txt,aes_init,0.059648,0,0
10,run9_initcall.txt,lzo_mod_init,0.059664,0,1
10,run9_initcall.txt,lzorle_mod_init,0.059681,0,0
10,run9_initcall.txt,asymmetric_key_init,0.059702,0,5
10,run9_initcall.txt,x509_key_init,0.059724,0,5
10,run9_initcall.txt,crypto_kdf108_init,0.05974,0,0
10,run9_initcall.txt,blkdev_init,0.059768,0,11
10,run9_initcall.txt,proc_genhd_init,0.059789,0,2
10,run9_initcall.txt,bsg_init,0.059822,0,16
10,run9_initcall.txt,throtl_init,0.059905,0,67
10,run9_initcall.txt,deadline_init,0.05993,0,5
10,run9_initcall.txt,kyber_init,0.059953,0,5
10,run9_initcall.txt,bfq_init,0.059987,0,18
10,run9_initcall.txt,io_uring_init,0.060025,0,20
10,run9_initcall.txt,percpu_counter_startup,0.060088,0,42
10,run9_initcall.txt,audit_classes_init,0.060116,0,3
10,run9_initcall.txt,gicv5_iwb_platform_driver_init,0.0602,0,67
10,run9_initcall.txt,mip_msi_driver_init,0.060242,0,27
10,run9_initcall.txt,bcm7038_l1_driver_init,0.060288,0,31
10,run9_initcall.txt,bcm7120_l2_driver_init,0.060332,0,30
10,run9_initcall.txt,brcmstb_l2_driver_init,0.060387,0,40
10,run9_initcall.txt,simple_pm_bus_driver_init,0.060856,0,454
10,run9_initcall.txt,phy_core_init,0.060888,0,14
10,run9_initcall.txt,brcm_usb_driver_init,0.06095,0,47
10,run9_initcall.txt,rp1_pinctrl_driver_init,0.06099,0,26
10,run9_initcall.txt,bcm2835_pinctrl_driver_init,0.061951,0,946
10,run9_initcall.txt,bcm2712_pinctrl_driver_init,0.062019,0,42
10,run9_initcall.txt,brcmvirt_gpio_driver_init,0.062063,0,28
10,run9_initcall.txt,brcmstb_gpio_driver_init,0.062104,0,26
10,run9_initcall.txt,rpi_exp_gpio_driver_init,0.062467,0,348
10,run9_initcall.txt,brcmstb_pwm_driver_init,0.062511,0,28
10,run9_initcall.txt,rp1_pwm_driver_init,0.062553,0,27
10,run9_initcall.txt,gpio_led_driver_init,0.064267,0,1699
10,run9_initcall.txt,led_pwm_driver_init,0.064316,0,32
10,run9_initcall.txt,timer_led_trigger_init,0.064331,0,1
10,run9_initcall.txt,oneshot_led_trigger_init,0.064346,0,0
10,run9_initcall.txt,heartbeat_trig_init,0.064364,0,2
10,run9_initcall.txt,bl_led_trigger_init,0.064378,0,0
10,run9_initcall.txt,ledtrig_cpu_init,0.064442,0,50
10,run9_initcall.txt,defon_led_trigger_init,0.064486,0,29
10,run9_initcall.txt,input_trig_init,0.064503,0,1
10,run9_initcall.txt,ledtrig_panic_init,0.064517,0,1
10,run9_initcall.txt,actpwr_trig_init,0.064653,0,123
10,run9_initcall.txt,pcie_portdrv_init,0.064725,0,54
10,run9_initcall.txt,pci_proc_init,0.064748,0,8
10,run9_initcall.txt,brcm_pcie_driver_init,0.178106,0,113343
10,run9_initcall.txt,bcm2708_fb_init,0.190671,0,12543
10,run9_initcall.txt,simplefb_driver_init,0.190766,0,45
10,run9_initcall.txt,of_fixed_factor_clk_driver_init,0.190847,0,27
10,run9_initcall.txt,of_fixed_clk_driver_init,0.19092,0,26
10,run9_initcall.txt,gpio_clk_driver_init,0.190996,0,32
10,run9_initcall.txt,gated_fixed_clk_driver_init,0.191067,0,26
10,run9_initcall.txt,rp1_clk_driver_init,0.191139,0,27
10,run9_initcall.txt,rp1_sdio_clk_driver_init,0.191209,0,27
10,run9_initcall.txt,clk_dvp_driver_init,0.191282,0,29
10,run9_initcall.txt,bcm2835_aux_clk_driver_init,0.191381,0,55
10,run9_initcall.txt,raspberrypi_clk_driver_init,0.2068,0,15371
10,run9_initcall.txt,dw_driver_init,0.206884,0,37
10,run9_initcall.txt,bcm2835_power_driver_init,0.20695,0,21
10,run9_initcall.txt,rpi_power_driver_init,0.225439,0,18442
10,run9_initcall.txt,brcmstb_reset_driver_init,0.227392,0,33
10,run9_initcall.txt,brcm_rescal_reset_driver_init,0.229324,0,30
10,run9_initcall.txt,rpi_reset_driver_init,0.232231,0,1033
10,run9_initcall.txt,reset_simple_driver_init,0.234254,0,64
10,run9_initcall.txt,n_null_init,0.236192,0,0
10,run9_initcall.txt,pty_init,0.238209,0,75
10,run9_initcall.txt,sysrq_init,0.240165,0,14
10,run9_initcall.txt,serial8250_init,0.242112,-19,0
10,run9_initcall.txt,bcm2835aux_serial_driver_init,0.244082,0,34
10,run9_initcall.txt,brcmuart_init,0.24606,0,41
10,run9_initcall.txt,exar_pci_driver_init,0.247978,0,29
10,run9_initcall.txt,of_platform_serial_driver_init,0.249992,0,70
10,run9_initcall.txt,serial_pci_driver_init,0.25196,0,28
10,run9_initcall.txt,pericom8250_pci_driver_init,0.253913,0,19
10,run9_initcall.txt,init_kgdboc,0.256852,0,1022
10,run9_initcall.txt,random_sysctls_init,0.258799,0,12
10,run9_initcall.txt,ttyprintk_init,0.260809,0,70
10,run9_initcall.txt,bcm2835_rng_driver_init,0.262813,0,49
10,run9_initcall.txt,bcm74110_rng_driver_init,0.264812,0,35
10,run9_initcall.txt,iproc_rng200_driver_init,0.269103,0,2262
10,run9_initcall.txt,smccc_trng_driver_init,0.271254,0,22
10,run9_initcall.txt,vc_mem_init,0.274634,0,1206
10,run9_initcall.txt,vcio_driver_init,0.278316,0,1427
10,run9_initcall.txt,bcm2712_iommu_driver_init,0.280666,0,31
10,run9_initcall.txt,bcm2712_iommu_cache_driver_init,0.283067,0,30
10,run9_initcall.txt,topology_sysfs_init,0.285567,0,61
10,run9_initcall.txt,cacheinfo_sysfs_init,0.288287,0,260
10,run9_initcall.txt,devcoredump_init,0.290795,0,9
10,run9_initcall.txt,brd_init,0.298017,0,4762
10,run9_initcall.txt,loop_init,0.304158,0,3702
10,run9_initcall.txt,bcm2835_pm_driver_init,0.307901,0,1312
10,run9_initcall.txt,stmpe_i2c_driver_init,0.310327,0,15
10,run9_initcall.txt,stmpe_spi_driver_init,0.312738,0,11
10,run9_initcall.txt,rp1_driver_init,0.315142,0,31
10,run9_initcall.txt,system_heap_create,0.317632,0,81
10,run9_initcall.txt,add_default_cma_heap,0.320137,0,82
10,run9_initcall.txt,udmabuf_dev_init,0.322608,0,46
10,run9_initcall.txt,iscsi_transport_init,0.326445,0,1427
10,run9_initcall.txt,init_sd,0.32889,0,25
10,run9_initcall.txt,nvme_core_init,0.331515,0,239
10,run9_initcall.txt,nvme_init,0.333974,0,29
10,run9_initcall.txt,blackhole_netdev_init,0.336409,0,20
10,run9_initcall.txt,netkit_init,0.338819,0,5
10,run9_initcall.txt,phylink_init,0.341219,0,0
10,run9_initcall.txt,phy_module_init,0.343769,0,161
10,run9_initcall.txt,phy_module_init,0.346318,0,165
10,run9_initcall.txt,fixed_mdio_bus_init,0.348833,0,156
10,run9_initcall.txt,phy_module_init,0.351401,0,161
10,run9_initcall.txt,phy_module_init,0.353811,0,19
10,run9_initcall.txt,phy_module_init,0.356234,0,59
10,run9_initcall.txt,unimac_mdio_driver_init,0.35868,0,95
10,run9_initcall.txt,macb_driver_init,0.361107,0,83
10,run9_initcall.txt,bcmgenet_driver_init,0.55828,0,194829
10,run9_initcall.txt,bcmasp_driver_init,0.560678,0,63
10,run9_initcall.txt,lan78xx_driver_init,0.564181,0,1168
10,run9_initcall.txt,smsc95xx_driver_init,0.567736,0,1187
10,run9_initcall.txt,usbnet_init,0.570107,0,0
10,run9_initcall.txt,xhci_hcd_init,0.572472,0,12
10,run9_initcall.txt,xhci_pci_init,0.698506,0,123674
10,run9_initcall.txt,xhci_plat_init,0.700842,0,91
10,run9_initcall.txt,dwc_otg_driver_init,0.707551,0,4457
10,run9_initcall.txt,dwc_common_port_init_module,0.711028,0,1215
10,run9_initcall.txt,dwc3_driver_init,0.713285,0,54
10,run9_initcall.txt,dwc3_haps_driver_init,0.715465,0,22
10,run9_initcall.txt,dwc3_of_simple_driver_init,0.717722,0,46
10,run9_initcall.txt,dwc3_generic_driver_init,0.719967,0,34
10,run9_initcall.txt,dwc2_platform_driver_init,0.722271,0,102
10,run9_initcall.txt,uas_init,0.725643,0,1176
10,run9_initcall.txt,usb_storage_driver_init,0.728923,0,1097
10,run9_initcall.txt,brcmstb_usb_pinmap_init,0.731112,-19,51
10,run9_initcall.txt,bdc_driver_init,0.733331,0,39
10,run9_initcall.txt,input_leds_init,0.73552,0,1
10,run9_initcall.txt,mousedev_init,0.738906,0,1196
10,run9_initcall.txt,evdev_init,0.741139,0,0
10,run9_initcall.txt,brcmstb_waketmr_driver_init,0.7434,0,35
10,run9_initcall.txt,rpi_rtc_driver_init,0.745659,0,32
10,run9_initcall.txt,init_rc_map_adstech_dvb_t_pci,0.747846,0,1
10,run9_initcall.txt,init_rc_map_alink_dtu_m,0.750069,0,0
10,run9_initcall.txt,init_rc_map_anysee,0.752278,0,0
10,run9_initcall.txt,init_rc_map_apac_viewcomp,0.754515,0,0
10,run9_initcall.txt,init_rc_map_t2hybrid,0.756762,0,0
10,run9_initcall.txt,init_rc_map_asus_pc39,0.759003,0,0
10,run9_initcall.txt,init_rc_map_asus_ps3_100,0.761232,0,0
10,run9_initcall.txt,init_rc_map_ati_tv_wonder_hd_600,0.763478,0,0
10,run9_initcall.txt,init_rc_map_ati_x10,0.765697,0,0
10,run9_initcall.txt,init_rc_map_avermedia_a16d,0.767963,0,0
10,run9_initcall.txt,init_rc_map_avermedia_cardbus,0.770242,0,0
10,run9_initcall.txt,init_rc_map_avermedia_dvbt,0.772501,0,0
10,run9_initcall.txt,init_rc_map_avermedia_m135a,0.774772,0,0
10,run9_initcall.txt,init_rc_map_avermedia_m733a_rm_k6,0.777053,0,0
10,run9_initcall.txt,init_rc_map_avermedia,0.779334,0,0
10,run9_initcall.txt,init_rc_map_avermedia_rm_ks,0.781579,0,0
10,run9_initcall.txt,init_rc_map_avertv_303,0.783865,0,0
10,run9_initcall.txt,init_rc_map_azurewave_ad_tu700,0.786138,0,0
10,run9_initcall.txt,init_rc_map_beelink_gs1,0.788408,0,0
10,run9_initcall.txt,init_rc_map_beelink_mxiii,0.790697,0,0
10,run9_initcall.txt,init_rc_map_behold_columbus,0.792967,0,0
10,run9_initcall.txt,init_rc_map_behold,0.795256,0,0
10,run9_initcall.txt,init_rc_map_budget_ci_old,0.797794,0,0
10,run9_initcall.txt,init_rc_map_cinergy_1400,0.800046,0,0
10,run9_initcall.txt,init_rc_map_cinergy,0.80229,0,0
10,run9_initcall.txt,init_rc_map_ct_90405,0.80452,0,0
10,run9_initcall.txt,init_rc_map_d680_dmb,0.806752,0,0
10,run9_initcall.txt,init_rc_map_delock_61959,0.808968,0,0
10,run9_initcall.txt,init_rc_map,0.811208,0,0
10,run9_initcall.txt,init_rc_map,0.813504,0,0
10,run9_initcall.txt,init_rc_map_digitalnow_tinytwin,0.815762,0,0
10,run9_initcall.txt,init_rc_map_digittrade,0.818174,0,0
10,run9_initcall.txt,init_rc_map_dm1105_nec,0.820363,0,0
10,run9_initcall.txt,init_rc_map_dntv_live_dvb_t,0.822542,0,0
10,run9_initcall.txt,init_rc_map_dntv_live_dvbt_pro,0.824734,0,0
10,run9_initcall.txt,init_rc_map_dreambox,0.826925,0,0
10,run9_initcall.txt,init_rc_map_dtt200u,0.829157,0,0
10,run9_initcall.txt,init_rc_map_rc5_dvbsky,0.831366,0,0
10,run9_initcall.txt,init_rc_map_dvico_mce,0.833697,0,0
10,run9_initcall.txt,init_rc_map_dvico_portable,0.835887,0,0
10,run9_initcall.txt,init_rc_map_em_terratec,0.838057,0,0
10,run9_initcall.txt,init_rc_map_encore_enltv2,0.840233,0,0
10,run9_initcall.txt,init_rc_map_encore_enltv_fm53,0.842423,0,0
10,run9_initcall.txt,init_rc_map_encore_enltv,0.844606,0,0
10,run9_initcall.txt,init_rc_map_evga_indtube,0.846773,0,0
10,run9_initcall.txt,init_rc_map_eztv,0.848892,0,0
10,run9_initcall.txt,init_rc_map_flydvb,0.851047,0,0
10,run9_initcall.txt,init_rc_map_flyvideo,0.853187,0,0
10,run9_initcall.txt,init_rc_map_fusionhdtv_mce,0.85533,0,0
10,run9_initcall.txt,init_rc_map_gadmei_rm008z,0.857457,0,0
10,run9_initcall.txt,init_rc_map_geekbox,0.859582,0,0
10,run9_initcall.txt,init_rc_map_genius_tvgo_a11mce,0.861712,0,0
10,run9_initcall.txt,init_rc_map_gotview7135,0.863823,0,0
10,run9_initcall.txt,init_rc_map_rc5_hauppauge_new,0.865921,0,0
10,run9_initcall.txt,init_rc_map_hisi_poplar,0.868055,0,0
10,run9_initcall.txt,init_rc_map_hisi_tv_demo,0.870202,0,0
10,run9_initcall.txt,init_rc_map_imon_mce,0.87234,0,0
10,run9_initcall.txt,init_rc_map_imon_pad,0.874493,0,0
10,run9_initcall.txt,init_rc_map_imon_rsc,0.876629,0,0
10,run9_initcall.txt,init_rc_map_iodata_bctv7e,0.878744,0,0
10,run9_initcall.txt,init_rc_it913x_v1_map,0.88083,0,0
10,run9_initcall.txt,init_rc_it913x_v2_map,0.88302,0,0
10,run9_initcall.txt,init_rc_map_kaiomy,0.885121,0,0
10,run9_initcall.txt,init_rc_map_khadas,0.887243,0,0
10,run9_initcall.txt,init_rc_map_khamsin,0.889354,0,0
10,run9_initcall.txt,init_rc_map_kworld_315u,0.891449,0,0
10,run9_initcall.txt,init_rc_map_kworld_pc150u,0.893536,0,0
10,run9_initcall.txt,init_rc_map_kworld_plus_tv_analog,0.895629,0,0
10,run9_initcall.txt,init_rc_map_leadtek_y04g0051,0.897723,0,0
10,run9_initcall.txt,init_rc_lme2510_map,0.899823,0,0
10,run9_initcall.txt,init_rc_map_manli,0.901942,0,0
10,run9_initcall.txt,init_rc_map_mecool_kiii_pro,0.904077,0,0
10,run9_initcall.txt,init_rc_map_mecool_kii_pro,0.906213,0,0
10,run9_initcall.txt,init_rc_map_medion_x10_digitainer,0.908339,0,0
10,run9_initcall.txt,init_rc_map_medion_x10,0.910477,0,0
10,run9_initcall.txt,init_rc_map_medion_x10_or2x,0.912614,0,0
10,run9_initcall.txt,init_rc_map_minix_neo,0.914711,0,0
10,run9_initcall.txt,init_rc_map_msi_digivox_iii,0.916858,0,0
10,run9_initcall.txt,init_rc_map_msi_digivox_ii,0.919019,0,0
10,run9_initcall.txt,init_rc_map_msi_tvanywhere,0.921181,0,0
10,run9_initcall.txt,init_rc_map_msi_tvanywhere_plus,0.923334,0,0
10,run9_initcall.txt,init_rc_map_mygica_utv3,0.925472,0,0
10,run9_initcall.txt,init_rc_map_nebula,0.927623,0,0
10,run9_initcall.txt,init_rc_map_nec_terratec_cinergy_xs,0.929766,0,0
10,run9_initcall.txt,init_rc_map_norwood,0.931877,0,0
10,run9_initcall.txt,init_rc_map_npgtech,0.934024,0,0
10,run9_initcall.txt,init_rc_map_odroid,0.936149,0,0
10,run9_initcall.txt,init_rc_map_pctv_sedna,0.939386,0,0
10,run9_initcall.txt,init_rc_map_pine64,0.941732,0,0
10,run9_initcall.txt,init_rc_map_pinnacle_color,0.943906,0,0
10,run9_initcall.txt,init_rc_map_pinnacle_grey,0.94607,0,0
10,run9_initcall.txt,init_rc_map_pinnacle_pctv_hd,0.948193,0,0
10,run9_initcall.txt,init_rc_map_pixelview,0.95036,0,0
10,run9_initcall.txt,init_rc_map_pixelview,0.952569,0,0
10,run9_initcall.txt,init_rc_map_pixelview_new,0.954751,0,0
10,run9_initcall.txt,init_rc_map_pixelview,0.956935,0,0
10,run9_initcall.txt,init_rc_map_powercolor_real_angel,0.959134,0,0
10,run9_initcall.txt,init_rc_map_proteus_2309,0.961323,0,0
10,run9_initcall.txt,init_rc_map_purpletv,0.963508,0,0
10,run9_initcall.txt,init_rc_map_pv951,0.965651,0,0
10,run9_initcall.txt,init_rc_map_rc6_mce,0.967818,0,0
10,run9_initcall.txt,init_rc_map_real_audio_220_32_keys,0.969999,0,0
10,run9_initcall.txt,init_rc_map_reddo,0.972179,0,0
10,run9_initcall.txt,init_rc_map_siemens_gigaset_rc20,0.974376,0,0
10,run9_initcall.txt,init_rc_map_snapstream_firefly,0.976562,0,0
10,run9_initcall.txt,init_rc_map_streamzap,0.978776,0,0
10,run9_initcall.txt,init_rc_map_su3000,0.98096,0,0
10,run9_initcall.txt,init_rc_map_tanix_tx3mini,0.983169,0,0
10,run9_initcall.txt,init_rc_map_tanix_tx5max,0.985361,0,0
10,run9_initcall.txt,init_rc_map_tbs_nec,0.987563,0,0
10,run9_initcall.txt,init_rc_map,0.98979,0,0
10,run9_initcall.txt,init_rc_map,0.99201,0,0
10,run9_initcall.txt,init_rc_map_terratec_cinergy_c_pci,0.994231,0,0
10,run9_initcall.txt,init_rc_map_terratec_cinergy_s2_hd,0.996458,0,0
10,run9_initcall.txt,init_rc_map_terratec_cinergy_xs,0.998651,0,0
10,run9_initcall.txt,init_rc_map_terratec_slim_2,1.000859,0,0
10,run9_initcall.txt,init_rc_map_terratec_slim,1.003069,0,0
10,run9_initcall.txt,init_rc_map_tevii_nec,1.005378,0,0
10,run9_initcall.txt,init_rc_map_tivo,1.007586,0,0
10,run9_initcall.txt,init_rc_map_total_media_in_hand_02,1.009796,0,0
10,run9_initcall.txt,init_rc_map_total_media_in_hand,1.012006,0,0
10,run9_initcall.txt,init_rc_map_trekstor,1.01419,0,0
10,run9_initcall.txt,init_rc_map_tt_1500,1.016376,0,0
10,run9_initcall.txt,init_rc_map_twinhan_vp1027,1.018586,0,0
10,run9_initcall.txt,init_rc_map_twinhan_dtv_cab_ci,1.020792,0,0
10,run9_initcall.txt,init_rc_map_vega_s9x,1.02301,0,0
10,run9_initcall.txt,init_rc_map_videomate_k100,1.025207,0,0
10,run9_initcall.txt,init_rc_map_videomate_s350,1.027411,0,0
10,run9_initcall.txt,init_rc_map_videomate_tv_pvr,1.029602,0,0
10,run9_initcall.txt,init_rc_map_kii_pro,1.031733,0,0
10,run9_initcall.txt,init_rc_map_wetek_hub,1.033913,0,0
10,run9_initcall.txt,init_rc_map_wetek_play2,1.036091,0,0
10,run9_initcall.txt,init_rc_map_winfast,1.038405,0,0
10,run9_initcall.txt,init_rc_map_winfast_usbii_deluxe,1.040581,0,0
10,run9_initcall.txt,init_rc_map_x96max,1.042772,0,0
10,run9_initcall.txt,init_rc_map,1.044948,0,0
10,run9_initcall.txt,init_rc_map,1.047111,0,0
10,run9_initcall.txt,init_rc_map_zx_irdec,1.049223,0,0
10,run9_initcall.txt,ptp_kvm_init,1.051421,-95,0
10,run9_initcall.txt,gpio_poweroff_driver_init,1.053661,0,72
10,run9_initcall.txt,bcm2711_thermal_driver_init,1.057174,0,1354
10,run9_initcall.txt,bcm2835_thermal_driver_init,1.059409,0,43
10,run9_initcall.txt,bcm2835_wdt_driver_init,1.061661,0,25
10,run9_initcall.txt,dt_cpufreq_platdrv_init,1.064009,0,23
10,run9_initcall.txt,brcm_avs_cpufreq_platdrv_init,1.066246,0,34
10,run9_initcall.txt,raspberrypi_cpufreq_driver_init,1.071447,0,2968
10,run9_initcall.txt,mmc_pwrseq_simple_driver_init,1.073892,0,51
10,run9_initcall.txt,mmc_pwrseq_emmc_driver_init,1.076198,0,32
10,run9_initcall.txt,mmc_blk_init,1.078664,0,32
10,run9_initcall.txt,sdhci_drv_init,1.083526,0,2451
10,run9_initcall.txt,bcm2835_mmc_driver_init,1.090614,0,1199
10,run9_initcall.txt,bcm2835_driver_init,1.092998,0,31
10,run9_initcall.txt,sdhci_pltfm_drv_init,1.096699,0,1185
10,run9_initcall.txt,sdhci_iproc_driver_init,1.099261,0,125
10,run9_initcall.txt,sdhci_brcmstb_driver_init,1.099326,0,49
10,run9_initcall.txt,esrt_sysfs_init,1.09934,-38,0
10,run9_initcall.txt,smccc_devices_init,1.099352,0,1
10,run9_initcall.txt,smccc_soc_init,1.09936,0,0
10,run9_initcall.txt,arch_timer_mmio_drv_init,1.099399,0,30
10,run9_initcall.txt,arch_timer_mmio_acpi_drv_init,1.099428,0,20
10,run9_initcall.txt,hid_init,1.099493,0,55
10,run9_initcall.txt,hid_generic_init,1.099535,0,28
10,run9_initcall.txt,hid_init,1.099587,0,43
10,run9_initcall.txt,bcm74110_mbox_driver_init,1.099632,0,33
10,run9_initcall.txt,extcon_class_init,1.099649,0,7
10,run9_initcall.txt,armv8_pmu_driver_init,1.113615,0,13955
10,run9_initcall.txt,binder_init,1.142691,0,72
10,run9_initcall.txt,rpi_otp_driver_init,1.148661,0,3674
10,run9_initcall.txt,sock_diag_init,1.15091,0,25
10,run9_initcall.txt,blackhole_init,1.153115,0,1
10,run9_initcall.txt,cls_bpf_init_mod,1.155312,0,0
10,run9_initcall.txt,gre_offload_init,1.157508,0,0
10,run9_initcall.txt,sysctl_ipv4_init,1.159736,0,73
10,run9_initcall.txt,cubictcp_register,1.161888,0,2
10,run9_initcall.txt,packet_init,1.165029,0,1038
10,run9_initcall.txt,init_rpcsec_gss,1.167192,0,18
10,run9_initcall.txt,init_kerberos_module,1.169341,0,5
10,run9_initcall.txt,dcbnl_init,1.171483,0,2
10,run9_initcall.txt,init_dns_resolver,1.174689,0,1060
10,run9_initcall.txt,handshake_init,1.176864,0,29
10,run9_initcall.txt,check_mmu_enabled_at_boot,1.179034,0,0
10,run9_initcall.txt,finalize_pkvm,1.181165,0,0
10,run9_initcall.txt,kernel_do_mounts_initrd_sysctls_init,1.184514,0,6
10,run9_initcall.txt,kernel_panic_sysctls_init,1.186717,0,11
10,run9_initcall.txt,kernel_panic_sysfs_init,1.188912,0,4
10,run9_initcall.txt,kernel_exit_sysctls_init,1.191124,0,1
10,run9_initcall.txt,kernel_exit_sysfs_init,1.193335,0,2
10,run9_initcall.txt,param_sysfs_builtin_init,1.204845,0,9293
10,run9_initcall.txt,reboot_ksysfs_init,1.207203,0,23
10,run9_initcall.txt,sched_core_sysctl_init,1.209655,0,5
10,run9_initcall.txt,sched_fair_sysctl_init,1.211898,0,1
10,run9_initcall.txt,sched_rt_sysctl_init,1.21417,0,3
10,run9_initcall.txt,sched_dl_sysctl_init,1.216456,0,2
10,run9_initcall.txt,sched_init_debug,1.219564,0,88
10,run9_initcall.txt,cpu_latency_qos_init,1.221939,0,147
10,run9_initcall.txt,printk_late_init,1.224184,0,26
10,run9_initcall.txt,init_srcu_module_notifier,1.226454,0,1
10,run9_initcall.txt,kernel_rcu_stall_sysfs_init,1.228731,0,3
10,run9_initcall.txt,swiotlb_create_default_debugfs,1.231003,0,8
10,run9_initcall.txt,tk_debug_sleep_time_init,1.233335,0,2
10,run9_initcall.txt,bpf_ksym_iter_register,1.235663,0,1
10,run9_initcall.txt,kernel_acct_sysctls_init,1.237997,0,3
10,run9_initcall.txt,bpf_rstat_kfunc_init,1.240337,0,1
10,run9_initcall.txt,debugfs_kprobe_init,1.242695,0,7
10,run9_initcall.txt,kernel_delayacct_sysctls_init,1.245024,0,3
10,run9_initcall.txt,taskstats_init,1.248495,0,1150
10,run9_initcall.txt,bpf_global_ma_init,1.250946,0,105
10,run9_initcall.txt,bpf_syscall_sysctl_init,1.253292,0,4
10,run9_initcall.txt,unbound_reg_init,1.255608,0,0
10,run9_initcall.txt,kfunc_init,1.257915,0,0
10,run9_initcall.txt,bpf_map_iter_init,1.260212,0,0
10,run9_initcall.txt,init_subsystem,1.262525,0,0
10,run9_initcall.txt,task_iter_init,1.264771,0,1
10,run9_initcall.txt,bpf_prog_iter_init,1.267064,0,0
10,run9_initcall.txt,bpf_link_iter_init,1.26933,0,0
10,run9_initcall.txt,init_trampolines,1.271584,0,2
10,run9_initcall.txt,rqspinlock_register_kfuncs,1.273822,0,0
10,run9_initcall.txt,kfunc_init,1.276056,0,0
10,run9_initcall.txt,bpf_cgroup_iter_init,1.278491,0,0
10,run9_initcall.txt,cpumask_kfunc_init,1.280683,0,9
10,run9_initcall.txt,crypto_kfunc_init,1.282863,0,0
10,run9_initcall.txt,bpf_kmem_cache_iter_init,1.285078,0,0
10,run9_initcall.txt,dmabuf_iter_init,1.287297,0,0
10,run9_initcall.txt,load_system_certificate_list,1.290628,0,1104
10,run9_initcall.txt,init_lru_gen,1.292899,0,14
10,run9_initcall.txt,vmstat_late_init,1.295172,0,2
10,run9_initcall.txt,fault_around_debugfs,1.297406,0,2
10,run9_initcall.txt,slab_sysfs_init,1.303343,0,3715
10,run9_initcall.txt,max_swapfiles_check,1.30562,0,0
10,run9_initcall.txt,zswap_init,1.307819,0,0
10,run9_initcall.txt,mempolicy_sysfs_init,1.310047,0,15
10,run9_initcall.txt,memory_tier_late_init,1.31448,0,2223
10,run9_initcall.txt,check_early_ioremap_leak,1.31669,0,0
10,run9_initcall.txt,mg_debugfs_init,1.318917,0,15
10,run9_initcall.txt,fscrypt_init,1.323479,0,2368
10,run9_initcall.txt,pstore_init,1.32576,0,28
10,run9_initcall.txt,init_root_keyring,1.328057,0,42
10,run9_initcall.txt,init_profile_hash,1.330377,0,0
10,run9_initcall.txt,integrity_fs_init,1.33255,0,7
10,run9_initcall.txt,crypto_algapi_init,1.334777,0,6
10,run9_initcall.txt,blk_timeout_init,1.336997,0,0
10,run9_initcall.txt,depot_debugfs_init,1.339229,0,7
10,run9_initcall.txt,pci_resource_alignment_sysfs_init,1.341466,0,8
10,run9_initcall.txt,pci_sysfs_init,1.343714,0,11
10,run9_initcall.txt,clk_debug_init,1.346316,0,347
10,run9_initcall.txt,genpd_debug_init,1.348892,0,319
10,run9_initcall.txt,sync_state_resume_initcall,1.351159,0,0
10,run9_initcall.txt,deferred_probe_initcall,1.418424,0,64995
10,run9_initcall.txt,efi_shutdown_init,1.42485,-19,0
10,run9_initcall.txt,efi_earlycon_unmap_fb,1.426962,0,0
10,run9_initcall.txt,psci_debugfs_init,1.429048,0,0
10,run9_initcall.txt,of_cfs_init,1.433193,0,2091
10,run9_initcall.txt,of_fdt_raw_init,1.435299,0,28
10,run9_initcall.txt,bpf_kfunc_init,1.437391,0,2
10,run9_initcall.txt,init_subsystem,1.439456,0,0
10,run9_initcall.txt,xdp_metadata_init,1.441529,0,0
10,run9_initcall.txt,bpf_sockmap_iter_init,1.443584,0,1
10,run9_initcall.txt,bpf_sk_storage_map_iter_init,1.445651,0,0
10,run9_initcall.txt,bpf_prog_test_run_init,1.447674,0,1
10,run9_initcall.txt,bpf_dummy_struct_ops_init,1.449733,0,0
10,run9_initcall.txt,tcp_congestion_default,1.451791,0,1
10,run9_initcall.txt,inet_blackhole_dev_init,1.453841,0,8
10,run9_initcall.txt,ip_auto_config,1.455894,0,10
10,run9_initcall.txt,tcp_bpf_v4_build_proto,1.457924,0,0
10,run9_initcall.txt,udp_bpf_v4_build_proto,1.459928,0,0
10,run9_initcall.txt,bpf_tcp_ca_kfunc_init,1.461935,0,0
10,run9_initcall.txt,bpf_mptcp_kfunc_init,1.465908,0,0
10,run9_initcall.txt,fb_logo_late_init,1.467934,0,0
10,run9_initcall.txt,amba_stub_drv_init,1.470013,0,22
10,run9_initcall.txt,clk_disable_unused,1.473165,0,1072
10,run9_initcall.txt,genpd_power_off_unused,1.476506,0,1104
10,run9_initcall.txt,regulator_init_complete,1.47885,0,1
10,run9_initcall.txt,of_platform_sync_state_init,1.481079,0,14
