run_id,source_file,name,timestamp_s,return_code,duration_us
1,run10_initcall.txt,cpufreq_gov_performance_init,0.013918,0,0
1,run10_initcall.txt,cpufreq_gov_powersave_init,0.013937,0,0
1,run10_initcall.txt,cpufreq_gov_userspace_init,0.013954,0,0
1,run10_initcall.txt,CPU_FREQ_GOV_ONDEMAND_init,0.013972,0,0
1,run10_initcall.txt,CPU_FREQ_GOV_CONSERVATIVE_init,0.01399,0,0
1,run10_initcall.txt,cpufreq_dt_platdev_init,0.014027,-19,0
1,run10_initcall.txt,cpuidle_init,0.01405,0,0
1,run10_initcall.txt,rpi_firmware_init,0.01408,0,0
1,run10_initcall.txt,arm_dmi_init,0.014102,0,0
1,run10_initcall.txt,arch_timer_evtstrm_register,0.01422,0,0
1,run10_initcall.txt,sock_init,0.016253,0,4000
1,run10_initcall.txt,net_inuse_init,0.01628,0,0
1,run10_initcall.txt,sock_struct_check,0.016295,0,0
1,run10_initcall.txt,init_default_flow_dissectors,0.016312,0,0
1,run10_initcall.txt,netlink_proto_init,0.016407,0,0
1,run10_initcall.txt,genl_init,0.016436,0,0
1,run10_initcall.txt,debug_monitors_init,0.016574,0,0
1,run10_initcall.txt,init_overflow_sysctl,0.016599,0,0
1,run10_initcall.txt,irq_sysfs_init,0.016729,0,0
1,run10_initcall.txt,dma_atomic_pool_init,0.017329,0,0
1,run10_initcall.txt,audit_init,0.017468,0,0
1,run10_initcall.txt,bdi_class_init,0.017591,0,0
1,run10_initcall.txt,mm_sysfs_init,0.017608,0,0
1,run10_initcall.txt,init_per_zone_wmark_min,0.017632,0,0
1,run10_initcall.txt,ramoops_init,0.017666,0,0
1,run10_initcall.txt,gpiolib_sysfs_init,0.01769,0,0
1,run10_initcall.txt,pcibus_class_init,0.017708,0,0
1,run10_initcall.txt,pci_driver_init,0.017747,0,0
1,run10_initcall.txt,amba_init,0.01777,0,0
1,run10_initcall.txt,__bcm2835_clk_driver_init,0.017792,0,0
1,run10_initcall.txt,tty_class_init,0.017815,0,0
1,run10_initcall.txt,vtconsole_class_init,0.017867,0,0
1,run10_initcall.txt,serdev_init,0.017894,0,0
1,run10_initcall.txt,iommu_dev_init,0.017915,0,0
1,run10_initcall.txt,mipi_dsi_bus_init,0.017942,0,0
1,run10_initcall.txt,devlink_class_init,0.017965,0,0
1,run10_initcall.txt,software_node_init,0.017984,0,0
1,run10_initcall.txt,regmap_initcall,0.018005,0,0
1,run10_initcall.txt,sram_init,0.01803,0,0
1,run10_initcall.txt,spi_init,0.018064,0,0
1,run10_initcall.txt,i2c_init,0.018102,0,0
1,run10_initcall.txt,thermal_init,0.01814,0,0
1,run10_initcall.txt,init_menu,0.018183,0,0
1,run10_initcall.txt,efipostcore_init,0.018201,0,0
1,run10_initcall.txt,kobject_uevent_init,0.018231,0,0
1,run10_initcall.txt,init_uevent_helper_sysctl,0.018249,0,0
1,run10_initcall.txt,reserve_memblock_reserved_regions,0.018348,0,0
1,run10_initcall.txt,aarch32_alloc_vdso_pages,0.018368,0,0
1,run10_initcall.txt,vdso_init,0.018384,0,0
1,run10_initcall.txt,arm64_create_dummy_rsi_dev,0.0184,0,0
1,run10_initcall.txt,arch_hw_breakpoint_init,0.018461,0,0
1,run10_initcall.txt,adjust_protection_map,0.018479,0,0
1,run10_initcall.txt,asids_update_limit,0.018504,0,0
1,run10_initcall.txt,kcmp_cookies_init,0.018522,0,0
1,run10_initcall.txt,dma_channel_table_init,0.018546,0,0
1,run10_initcall.txt,dma_bus_init,0.018595,0,0
1,run10_initcall.txt,brcmstb_soc_device_init,0.018902,0,0
1,run10_initcall.txt,serial_base_init,0.018951,0,0
1,run10_initcall.txt,pl011_init,0.018991,0,0
1,run10_initcall.txt,iommu_dma_init,0.019019,0,0
1,run10_initcall.txt,dmi_id_init,0.019037,-19,0
1,run10_initcall.txt,bcm2835_mbox_init,0.019066,0,0
1,run10_initcall.txt,of_platform_default_populate_init,0.040421,0,24000
1,run10_initcall.txt,register_mte_tcf_preferred_sysctl,0.040522,0,0
1,run10_initcall.txt,init_fork_sysctl,0.040549,0,0
1,run10_initcall.txt,uid_cache_init,0.040592,0,0
1,run10_initcall.txt,pid_namespace_sysctl_init,0.040615,0,0
1,run10_initcall.txt,param_sysfs_init,0.040634,0,0
1,run10_initcall.txt,user_namespace_sysctl_init,0.040665,0,0
1,run10_initcall.txt,proc_schedstat_init,0.040686,0,0
1,run10_initcall.txt,init_rtmutex_sysctl,0.040702,0,0
1,run10_initcall.txt,pm_sysrq_init,0.040751,0,0
1,run10_initcall.txt,init_rcu_stall_sysctl,0.04077,0,0
1,run10_initcall.txt,init_module_sysctl,0.040788,0,0
1,run10_initcall.txt,create_proc_profile,0.040805,0,0
1,run10_initcall.txt,cgroup_sysfs_init,0.040825,0,0
1,run10_initcall.txt,user_namespaces_init,0.04085,0,0
1,run10_initcall.txt,hung_task_init,0.040951,0,0
1,run10_initcall.txt,dev_map_init,0.04097,0,0
1,run10_initcall.txt,netns_bpf_init,0.040985,0,0
1,run10_initcall.txt,oom_init,0.041048,0,0
1,run10_initcall.txt,init_user_buckets,0.041062,0,0
1,run10_initcall.txt,init_vm_util_sysctls,0.04108,0,0
1,run10_initcall.txt,default_bdi_init,0.041188,0,0
1,run10_initcall.txt,cgwb_init,0.041208,0,0
1,run10_initcall.txt,percpu_enable_async,0.041222,0,0
1,run10_initcall.txt,kcompactd_init,0.041328,0,0
1,run10_initcall.txt,init_mm_sysctl,0.041346,0,0
1,run10_initcall.txt,init_user_reserve,0.041363,0,0
1,run10_initcall.txt,init_admin_reserve,0.041377,0,0
1,run10_initcall.txt,init_reserve_notifier,0.041391,0,0
1,run10_initcall.txt,swap_init,0.041412,0,0
1,run10_initcall.txt,swapfile_init,0.041433,0,0
1,run10_initcall.txt,memory_tier_init,0.041475,0,0
1,run10_initcall.txt,numa_init_sysfs,0.041495,0,0
1,run10_initcall.txt,mem_cgroup_swap_init,0.041512,0,0
1,run10_initcall.txt,init_msg_buckets,0.041528,0,0
1,run10_initcall.txt,init_bio,0.041572,0,0
1,run10_initcall.txt,blk_ioc_init,0.041592,0,0
1,run10_initcall.txt,blk_mq_init,0.04161,0,0
1,run10_initcall.txt,genhd_device_init,0.0417,0,0
1,run10_initcall.txt,blkcg_punt_bio_init,0.041804,0,0
1,run10_initcall.txt,blk_integrity_auto_init,0.041873,0,0
1,run10_initcall.txt,io_wq_init,0.041892,0,0
1,run10_initcall.txt,crc_t10dif_mod_init,0.041917,0,0
1,run10_initcall.txt,sha256_mod_init,0.041936,0,0
1,run10_initcall.txt,sha512_mod_init,0.041952,0,0
1,run10_initcall.txt,sg_pool_init,0.041983,0,0
1,run10_initcall.txt,gpiolib_debugfs_init,0.042005,0,0
1,run10_initcall.txt,stmpe_gpio_init,0.042072,0,0
1,run10_initcall.txt,pwm_init,0.042094,0,0
1,run10_initcall.txt,leds_init,0.042121,0,0
1,run10_initcall.txt,pci_slot_init,0.04214,0,0
1,run10_initcall.txt,fbmem_init,0.042191,0,0
1,run10_initcall.txt,bcm2835_dma_init,0.042882,0,0
1,run10_initcall.txt,regulator_fixed_voltage_init,0.042945,0,0
1,run10_initcall.txt,gpio_regulator_init,0.042994,0,0
1,run10_initcall.txt,init_sysrq_sysctl,0.043017,0,0
1,run10_initcall.txt,misc_init,0.043044,0,0
1,run10_initcall.txt,iommu_subsys_init,0.043077,0,0
1,run10_initcall.txt,register_cpu_capacity_sysctl,0.043433,0,0
1,run10_initcall.txt,dma_buf_init,0.043515,0,0
1,run10_initcall.txt,dma_heap_init,0.043545,0,0
1,run10_initcall.txt,init_scsi,0.043642,0,0
1,run10_initcall.txt,mdio_bus_init,0.043669,0,0
1,run10_initcall.txt,phy_init,0.043708,0,0
1,run10_initcall.txt,usb_common_init,0.043724,0,0
1,run10_initcall.txt,usb_init,0.043824,0,0
1,run10_initcall.txt,usb_phy_generic_init,0.043955,0,0
1,run10_initcall.txt,usb_udc_init,0.043986,0,0
1,run10_initcall.txt,usb_roles_init,0.044005,0,0
1,run10_initcall.txt,input_init,0.044031,0,0
1,run10_initcall.txt,rtc_init,0.044049,0,0
1,run10_initcall.txt,rc_core_init,0.044078,0,0
1,run10_initcall.txt,pps_init,0.04411,0,0
1,run10_initcall.txt,ptp_init,0.044134,0,0
1,run10_initcall.txt,power_supply_class_init,0.044164,0,0
1,run10_initcall.txt,hwmon_init,0.044186,0,0
1,run10_initcall.txt,mmc_init,0.044226,0,0
1,run10_initcall.txt,dmi_init,0.044244,0,0
1,run10_initcall.txt,efisubsys_init,0.044259,0,0
1,run10_initcall.txt,arm_pmu_hp_init,0.044276,0,0
1,run10_initcall.txt,ras_init,0.044297,0,0
1,run10_initcall.txt,nvmem_init,0.044335,0,0
1,run10_initcall.txt,init_soundcore,0.044356,0,0
1,run10_initcall.txt,proto_init,0.044375,0,0
1,run10_initcall.txt,net_dev_init,0.044583,0,0
1,run10_initcall.txt,neigh_init,0.044603,0,0
1,run10_initcall.txt,fib_notifier_init,0.044619,0,0
1,run10_initcall.txt,netdev_genl_init,0.04466,0,0
1,run10_initcall.txt,page_pool_user_init,0.044679,0,0
1,run10_initcall.txt,fib_rules_init,0.044695,0,0
1,run10_initcall.txt,init_cgroup_netprio,0.044712,0,0
1,run10_initcall.txt,bpf_lwt_init,0.044727,0,0
1,run10_initcall.txt,pktsched_init,0.044747,0,0
1,run10_initcall.txt,tc_filter_init,0.044777,0,0
1,run10_initcall.txt,tc_action_init,0.044794,0,0
1,run10_initcall.txt,ethnl_init,0.044866,0,0
1,run10_initcall.txt,nexthop_init,0.044888,0,0
1,run10_initcall.txt,devlink_init,0.044965,0,0
1,run10_initcall.txt,wireless_nlevent_init,0.044985,0,0
1,run10_initcall.txt,vsprintf_init_hashval,0.045002,0,0
1,run10_initcall.txt,init_32bit_el0_mask,0.045017,0,0
1,run10_initcall.txt,vga_arb_device_init,0.045134,0,0
1,run10_initcall.txt,watchdog_init,0.04524,0,0
1,run10_initcall.txt,create_debug_debugfs_entry,0.04534,0,0
1,run10_initcall.txt,iomem_init_inode,0.045376,0,0
1,run10_initcall.txt,clocksource_done_booting,0.045421,0,13
1,run10_initcall.txt,bpf_init,0.045444,0,5
1,run10_initcall.txt,secretmem_init,0.045473,0,10
1,run10_initcall.txt,init_fs_stat_sysctls,0.045499,0,8
1,run10_initcall.txt,init_fs_exec_sysctls,0.045518,0,1
1,run10_initcall.txt,init_pipe_fs,0.045547,0,11
1,run10_initcall.txt,init_fs_namei_sysctls,0.04562,0,7
1,run10_initcall.txt,init_fs_dcache_sysctls,0.045671,0,32
1,run10_initcall.txt,init_fs_namespace_sysctls,0.04569,0,1
1,run10_initcall.txt,cgroup_writeback_init,0.045709,0,4
1,run10_initcall.txt,inotify_user_setup,0.045735,0,13
1,run10_initcall.txt,eventpoll_init,0.045765,0,15
1,run10_initcall.txt,anon_inode_init,0.045792,0,11
1,run10_initcall.txt,proc_locks_init,0.04581,0,3
1,run10_initcall.txt,backing_aio_init,0.045826,0,2
1,run10_initcall.txt,init_fs_coredump_sysctls,0.045847,0,6
1,run10_initcall.txt,init_vm_drop_caches_sysctls,0.045864,0,2
1,run10_initcall.txt,iomap_dio_init,0.045899,0,20
1,run10_initcall.txt,iomap_ioend_init,0.045933,0,20
1,run10_initcall.txt,dquot_init,0.046024,0,76
1,run10_initcall.txt,proc_cmdline_init,0.046044,0,2
1,run10_initcall.txt,proc_consoles_init,0.046059,0,1
1,run10_initcall.txt,proc_cpuinfo_init,0.046074,0,1
1,run10_initcall.txt,proc_devices_init,0.046088,0,0
1,run10_initcall.txt,proc_interrupts_init,0.046103,0,1
1,run10_initcall.txt,proc_loadavg_init,0.046118,0,1
1,run10_initcall.txt,proc_meminfo_init,0.046132,0,1
1,run10_initcall.txt,proc_stat_init,0.046146,0,1
1,run10_initcall.txt,proc_uptime_init,0.046162,0,1
1,run10_initcall.txt,proc_version_init,0.046177,0,1
1,run10_initcall.txt,proc_softirqs_init,0.046194,0,3
1,run10_initcall.txt,proc_kmsg_init,0.046209,0,1
1,run10_initcall.txt,proc_page_init,0.046225,0,2
1,run10_initcall.txt,init_ramfs_fs,0.046241,0,1
1,run10_initcall.txt,aa_create_aafs,0.046257,0,0
1,run10_initcall.txt,chr_dev_init,0.049039,0,2764
1,run10_initcall.txt,hwrng_modinit,0.049117,0,46
1,run10_initcall.txt,firmware_class_init,0.049137,0,1
1,run10_initcall.txt,sysctl_core_init,0.04918,0,26
1,run10_initcall.txt,eth_offload_init,0.049196,0,0
1,run10_initcall.txt,ipv4_offload_init,0.049214,0,1
1,run10_initcall.txt,inet_init,0.052965,0,3734
1,run10_initcall.txt,af_unix_init,0.053018,0,19
1,run10_initcall.txt,ipv6_offload_init,0.053047,0,1
1,run10_initcall.txt,init_sunrpc,0.053378,0,313
1,run10_initcall.txt,vlan_offload_init,0.053397,0,0
1,run10_initcall.txt,pci_apply_final_quirks,0.053445,0,11
1,run10_initcall.txt,populate_rootfs,0.053492,0,30
1,run10_initcall.txt,register_arm64_panic_block,0.053593,0,0
1,run10_initcall.txt,cpuinfo_regs_init,0.053687,0,77
1,run10_initcall.txt,aarch32_el0_sysfs_init,0.053705,0,0
1,run10_initcall.txt,kvm_arm_init,0.057012,0,3289
1,run10_initcall.txt,proc_execdomains_init,0.057053,0,3
1,run10_initcall.txt,register_warn_debugfs,0.057075,0,3
1,run10_initcall.txt,cpuhp_sysfs_init,0.057121,0,28
1,run10_initcall.txt,ioresources_init,0.057141,0,3
1,run10_initcall.txt,psi_proc_init,0.057155,0,0
1,run10_initcall.txt,irq_gc_init_ops,0.057178,0,0
1,run10_initcall.txt,irq_debugfs_init,0.057265,0,72
1,run10_initcall.txt,proc_modules_init,0.057284,0,1
1,run10_initcall.txt,timer_sysctl_init,0.057307,0,7
1,run10_initcall.txt,timekeeping_init_ops,0.057323,0,0
1,run10_initcall.txt,init_clocksource_sysfs,0.057395,0,56
1,run10_initcall.txt,init_timer_list_procfs,0.057439,0,4
1,run10_initcall.txt,alarmtimer_init,0.057502,0,45
1,run10_initcall.txt,clockevents_init_sysfs,0.057626,0,106
1,run10_initcall.txt,sched_clock_syscore_init,0.057645,0,0
1,run10_initcall.txt,kallsyms_init,0.057664,0,1
1,run10_initcall.txt,pid_namespaces_init,0.057704,0,22
1,run10_initcall.txt,audit_watch_init,0.057723,0,0
1,run10_initcall.txt,audit_fsnotify_init,0.05774,0,0
1,run10_initcall.txt,audit_tree_init,0.057759,0,2
1,run10_initcall.txt,seccomp_sysctl_init,0.05778,0,4
1,run10_initcall.txt,utsname_sysctl_init,0.057805,0,6
1,run10_initcall.txt,init_lstats_procfs,0.057825,0,3
1,run10_initcall.txt,perf_event_sysfs_init,0.057892,0,51
1,run10_initcall.txt,system_trusted_keyring_init,0.057921,0,13
1,run10_initcall.txt,kswapd_init,0.0581,0,165
1,run10_initcall.txt,extfrag_debug_init,0.058123,0,7
1,run10_initcall.txt,mm_compute_batch_init,0.05814,0,0
1,run10_initcall.txt,slab_proc_init,0.058156,0,1
1,run10_initcall.txt,workingset_init,0.058178,0,8
1,run10_initcall.txt,proc_vmalloc_init,0.058194,0,1
1,run10_initcall.txt,memblock_init_debugfs,0.058215,0,5
1,run10_initcall.txt,slab_debugfs_init,0.058236,0,4
1,run10_initcall.txt,procswaps_init,0.058253,0,1
1,run10_initcall.txt,zs_init,0.058269,0,0
1,run10_initcall.txt,fcntl_init,0.058289,0,2
1,run10_initcall.txt,proc_filesystems_init,0.058307,0,1
1,run10_initcall.txt,start_dirtytime_writeback,0.058328,0,4
1,run10_initcall.txt,dio_init,0.058342,0,1
1,run10_initcall.txt,dnotify_init,0.058369,0,13
1,run10_initcall.txt,fanotify_user_setup,0.058393,0,9
1,run10_initcall.txt,aio_setup,0.058442,0,36
1,run10_initcall.txt,mbcache_init,0.058463,0,5
1,run10_initcall.txt,init_grace,0.05848,0,2
1,run10_initcall.txt,init_devpts_fs,0.058501,0,7
1,run10_initcall.txt,ext4_init_fs,0.05859,0,75
1,run10_initcall.txt,journal_init,0.058622,0,16
1,run10_initcall.txt,init_fat_fs,0.058643,0,5
1,run10_initcall.txt,init_vfat_fs,0.058658,0,0
1,run10_initcall.txt,init_msdos_fs,0.058672,0,0
1,run10_initcall.txt,init_nfs_fs,0.058819,0,132
1,run10_initcall.txt,init_nfs_v2,0.058838,0,0
1,run10_initcall.txt,init_nfs_v3,0.058853,0,0
1,run10_initcall.txt,init_nfs_v4,0.058894,0,27
1,run10_initcall.txt,nfs4filelayout_init,0.058916,0,6
1,run10_initcall.txt,nfs4flexfilelayout_init,0.058937,0,6
1,run10_initcall.txt,init_nlm,0.058978,0,26
1,run10_initcall.txt,init_nls_cp437,0.058995,0,0
1,run10_initcall.txt,init_nls_ascii,0.05901,0,0
1,run10_initcall.txt,init_autofs_fs,0.059111,0,86
1,run10_initcall.txt,init_f2fs_fs,0.059251,0,123
1,run10_initcall.txt,ipc_init,0.059284,0,14
1,run10_initcall.txt,ipc_sysctl_init,0.059316,0,16
1,run10_initcall.txt,init_mqueue_fs,0.059367,0,34
1,run10_initcall.txt,key_proc_init,0.059387,0,2
1,run10_initcall.txt,bpf_crypto_skcipher_init,0.059404,0,0
1,run10_initcall.txt,dh_init,0.059424,0,2
1,run10_initcall.txt,rsa_init,0.05944,0,1
1,run10_initcall.txt,cryptomgr_init,0.059457,0,0
1,run10_initcall.txt,hmac_module_init,0.059473,0,0
1,run10_initcall.txt,crypto_sha256_mod_init,0.059493,0,4
1,run10_initcall.txt,crypto_ecb_module_init,0.05951,0,0
1,run10_initcall.txt,crypto_cbc_module_init,0.059525,0,0
1,run10_initcall.txt,crypto_cts_module_init,0.059542,0,0
1,run10_initcall.txt,xts_module_init,0.059558,0,0
1,run10_initcall.txt,des_generic_mod_init,0.059576,0,1
1,run10_initcall.txt,aes_init,0.059592,0,0
1,run10_initcall.txt,lzo_mod_init,0.059609,0,1
1,run10_initcall.txt,lzorle_mod_init,0.059625,0,0
1,run10_initcall.txt,asymmetric_key_init,0.059646,0,4
1,run10_initcall.txt,x509_key_init,0.059667,0,5
1,run10_initcall.txt,crypto_kdf108_init,0.059683,0,0
1,run10_initcall.txt,blkdev_init,0.059712,0,12
1,run10_initcall.txt,proc_genhd_init,0.059732,0,2
1,run10_initcall.txt,bsg_init,0.059763,0,14
1,run10_initcall.txt,throtl_init,0.059853,0,73
1,run10_initcall.txt,deadline_init,0.059877,0,5
1,run10_initcall.txt,kyber_init,0.059899,0,4
1,run10_initcall.txt,bfq_init,0.059936,0,21
1,run10_initcall.txt,io_uring_init,0.059978,0,23
1,run10_initcall.txt,percpu_counter_startup,0.060037,0,39
1,run10_initcall.txt,audit_classes_init,0.060065,0,2
1,run10_initcall.txt,gicv5_iwb_platform_driver_init,0.060143,0,61
1,run10_initcall.txt,mip_msi_driver_init,0.060186,0,27
1,run10_initcall.txt,bcm7038_l1_driver_init,0.060228,0,27
1,run10_initcall.txt,bcm7120_l2_driver_init,0.060275,0,32
1,run10_initcall.txt,brcmstb_l2_driver_init,0.060331,0,40
1,run10_initcall.txt,simple_pm_bus_driver_init,0.06079,0,443
1,run10_initcall.txt,phy_core_init,0.060821,0,15
1,run10_initcall.txt,brcm_usb_driver_init,0.060881,0,46
1,run10_initcall.txt,rp1_pinctrl_driver_init,0.060921,0,26
1,run10_initcall.txt,bcm2835_pinctrl_driver_init,0.061833,0,896
1,run10_initcall.txt,bcm2712_pinctrl_driver_init,0.061902,0,44
1,run10_initcall.txt,brcmvirt_gpio_driver_init,0.061947,0,29
1,run10_initcall.txt,brcmstb_gpio_driver_init,0.06199,0,27
1,run10_initcall.txt,rpi_exp_gpio_driver_init,0.062365,0,361
1,run10_initcall.txt,brcmstb_pwm_driver_init,0.06241,0,28
1,run10_initcall.txt,rp1_pwm_driver_init,0.062452,0,27
1,run10_initcall.txt,gpio_led_driver_init,0.064142,0,1676
1,run10_initcall.txt,led_pwm_driver_init,0.064191,0,31
1,run10_initcall.txt,timer_led_trigger_init,0.064207,0,1
1,run10_initcall.txt,oneshot_led_trigger_init,0.064221,0,0
1,run10_initcall.txt,heartbeat_trig_init,0.064239,0,2
1,run10_initcall.txt,bl_led_trigger_init,0.064254,0,0
1,run10_initcall.txt,ledtrig_cpu_init,0.064336,0,68
1,run10_initcall.txt,defon_led_trigger_init,0.064379,0,29
1,run10_initcall.txt,input_trig_init,0.064396,0,1
1,run10_initcall.txt,ledtrig_panic_init,0.06441,0,1
1,run10_initcall.txt,actpwr_trig_init,0.064545,0,120
1,run10_initcall.txt,pcie_portdrv_init,0.064617,0,54
1,run10_initcall.txt,pci_proc_init,0.06464,0,8
1,run10_initcall.txt,brcm_pcie_driver_init,0.178258,0,113604
1,run10_initcall.txt,bcm2708_fb_init,0.190595,0,12315
1,run10_initcall.txt,simplefb_driver_init,0.190695,0,50
1,run10_initcall.txt,of_fixed_factor_clk_driver_init,0.19077,0,27
1,run10_initcall.txt,of_fixed_clk_driver_init,0.190843,0,27
1,run10_initcall.txt,gpio_clk_driver_init,0.19092,0,32
1,run10_initcall.txt,gated_fixed_clk_driver_init,0.190992,0,27
1,run10_initcall.txt,rp1_clk_driver_init,0.191064,0,27
1,run10_initcall.txt,rp1_sdio_clk_driver_init,0.191135,0,28
1,run10_initcall.txt,clk_dvp_driver_init,0.191214,0,27
1,run10_initcall.txt,bcm2835_aux_clk_driver_init,0.191318,0,59
1,run10_initcall.txt,raspberrypi_clk_driver_init,0.206733,0,15368
1,run10_initcall.txt,dw_driver_init,0.206816,0,37
1,run10_initcall.txt,bcm2835_power_driver_init,0.206879,0,19
1,run10_initcall.txt,rpi_power_driver_init,0.225067,0,18144
1,run10_initcall.txt,brcmstb_reset_driver_init,0.226968,0,32
1,run10_initcall.txt,brcm_rescal_reset_driver_init,0.228847,0,30
1,run10_initcall.txt,rpi_reset_driver_init,0.231732,0,1020
1,run10_initcall.txt,reset_simple_driver_init,0.233699,0,62
1,run10_initcall.txt,n_null_init,0.235584,0,0
1,run10_initcall.txt,pty_init,0.237507,0,77
1,run10_initcall.txt,sysrq_init,0.239398,0,13
1,run10_initcall.txt,serial8250_init,0.241289,-19,0
1,run10_initcall.txt,bcm2835aux_serial_driver_init,0.24322,0,34
1,run10_initcall.txt,brcmuart_init,0.245158,0,52
1,run10_initcall.txt,exar_pci_driver_init,0.247074,0,27
1,run10_initcall.txt,of_platform_serial_driver_init,0.249034,0,73
1,run10_initcall.txt,serial_pci_driver_init,0.250955,0,27
1,run10_initcall.txt,pericom8250_pci_driver_init,0.252857,0,17
1,run10_initcall.txt,init_kgdboc,0.255721,0,1008
1,run10_initcall.txt,random_sysctls_init,0.257625,0,12
1,run10_initcall.txt,ttyprintk_init,0.259581,0,63
1,run10_initcall.txt,bcm2835_rng_driver_init,0.261528,0,50
1,run10_initcall.txt,bcm74110_rng_driver_init,0.263518,0,33
1,run10_initcall.txt,iproc_rng200_driver_init,0.267722,0,2223
1,run10_initcall.txt,smccc_trng_driver_init,0.269813,0,22
1,run10_initcall.txt,vc_mem_init,0.273068,0,1187
1,run10_initcall.txt,vcio_driver_init,0.276652,0,1391
1,run10_initcall.txt,bcm2712_iommu_driver_init,0.278949,0,31
1,run10_initcall.txt,bcm2712_iommu_cache_driver_init,0.281289,0,30
1,run10_initcall.txt,topology_sysfs_init,0.283708,0,60
1,run10_initcall.txt,cacheinfo_sysfs_init,0.28634,0,239
1,run10_initcall.txt,devcoredump_init,0.288712,0,9
1,run10_initcall.txt,brd_init,0.295809,0,4715
1,run10_initcall.txt,loop_init,0.301812,0,3636
1,run10_initcall.txt,bcm2835_pm_driver_init,0.30538,0,1277
1,run10_initcall.txt,stmpe_i2c_driver_init,0.307729,0,14
1,run10_initcall.txt,stmpe_spi_driver_init,0.310067,0,12
1,run10_initcall.txt,rp1_driver_init,0.312435,0,31
1,run10_initcall.txt,system_heap_create,0.314853,0,82
1,run10_initcall.txt,add_default_cma_heap,0.317271,0,83
1,run10_initcall.txt,udmabuf_dev_init,0.319653,0,43
1,run10_initcall.txt,iscsi_transport_init,0.32334,0,1393
1,run10_initcall.txt,init_sd,0.325698,0,22
1,run10_initcall.txt,nvme_core_init,0.328272,0,249
1,run10_initcall.txt,nvme_init,0.330644,0,29
1,run10_initcall.txt,blackhole_netdev_init,0.332987,0,17
1,run10_initcall.txt,netkit_init,0.335309,0,5
1,run10_initcall.txt,phylink_init,0.337585,0,0
1,run10_initcall.txt,phy_module_init,0.34006,0,163
1,run10_initcall.txt,phy_module_init,0.342535,0,170
1,run10_initcall.txt,fixed_mdio_bus_init,0.345004,0,161
1,run10_initcall.txt,phy_module_init,0.347484,0,168
1,run10_initcall.txt,phy_module_init,0.349815,0,18
1,run10_initcall.txt,phy_module_init,0.352159,0,61
1,run10_initcall.txt,unimac_mdio_driver_init,0.354494,0,93
1,run10_initcall.txt,macb_driver_init,0.356847,0,84
1,run10_initcall.txt,bcmgenet_driver_init,0.554299,0,195183
1,run10_initcall.txt,bcmasp_driver_init,0.556625,0,61
1,run10_initcall.txt,lan78xx_driver_init,0.560063,0,1170
1,run10_initcall.txt,smsc95xx_driver_init,0.563565,0,1176
1,run10_initcall.txt,usbnet_init,0.565883,0,0
1,run10_initcall.txt,xhci_hcd_init,0.568198,0,11
1,run10_initcall.txt,xhci_pci_init,0.693954,0,123487
1,run10_initcall.txt,xhci_plat_init,0.69623,0,90
1,run10_initcall.txt,dwc_otg_driver_init,0.702751,0,4339
1,run10_initcall.txt,dwc_common_port_init_module,0.706085,0,1231
1,run10_initcall.txt,dwc3_driver_init,0.708271,0,43
1,run10_initcall.txt,dwc3_haps_driver_init,0.710438,0,24
1,run10_initcall.txt,dwc3_of_simple_driver_init,0.712616,0,45
1,run10_initcall.txt,dwc3_generic_driver_init,0.714782,0,32
1,run10_initcall.txt,dwc2_platform_driver_init,0.717011,0,108
1,run10_initcall.txt,uas_init,0.720261,0,1126
1,run10_initcall.txt,usb_storage_driver_init,0.723419,0,1066
1,run10_initcall.txt,brcmstb_usb_pinmap_init,0.725573,-19,54
1,run10_initcall.txt,bdc_driver_init,0.727714,0,38
1,run10_initcall.txt,input_leds_init,0.729833,0,1
1,run10_initcall.txt,mousedev_init,0.733105,0,1157
1,run10_initcall.txt,evdev_init,0.735269,0,0
1,run10_initcall.txt,brcmstb_waketmr_driver_init,0.737395,0,35
1,run10_initcall.txt,rpi_rtc_driver_init,0.739578,0,34
1,run10_initcall.txt,init_rc_map_adstech_dvb_t_pci,0.741731,0,0
1,run10_initcall.txt,init_rc_map_alink_dtu_m,0.743871,0,0
1,run10_initcall.txt,init_rc_map_anysee,0.746016,0,0
1,run10_initcall.txt,init_rc_map_apac_viewcomp,0.748174,0,0
1,run10_initcall.txt,init_rc_map_t2hybrid,0.750348,0,0
1,run10_initcall.txt,init_rc_map_asus_pc39,0.752495,0,0
1,run10_initcall.txt,init_rc_map_asus_ps3_100,0.754619,0,0
1,run10_initcall.txt,init_rc_map_ati_tv_wonder_hd_600,0.756776,0,0
1,run10_initcall.txt,init_rc_map_ati_x10,0.758947,0,0
1,run10_initcall.txt,init_rc_map_avermedia_a16d,0.761135,0,0
1,run10_initcall.txt,init_rc_map_avermedia_cardbus,0.763337,0,0
1,run10_initcall.txt,init_rc_map_avermedia_dvbt,0.76553,0,0
1,run10_initcall.txt,init_rc_map_avermedia_m135a,0.767724,0,0
1,run10_initcall.txt,init_rc_map_avermedia_m733a_rm_k6,0.769936,0,0
1,run10_initcall.txt,init_rc_map_avermedia,0.772116,0,0
1,run10_initcall.txt,init_rc_map_avermedia_rm_ks,0.774328,0,0
1,run10_initcall.txt,init_rc_map_avertv_303,0.776537,0,0
1,run10_initcall.txt,init_rc_map_azurewave_ad_tu700,0.77875,0,0
1,run10_initcall.txt,init_rc_map_beelink_gs1,0.780953,0,0
1,run10_initcall.txt,init_rc_map_beelink_mxiii,0.783158,0,0
1,run10_initcall.txt,init_rc_map_behold_columbus,0.785363,0,0
1,run10_initcall.txt,init_rc_map_behold,0.787525,0,0
1,run10_initcall.txt,init_rc_map_budget_ci_old,0.789717,0,0
1,run10_initcall.txt,init_rc_map_cinergy_1400,0.791895,0,0
1,run10_initcall.txt,init_rc_map_cinergy,0.794362,0,0
1,run10_initcall.txt,init_rc_map_ct_90405,0.796514,0,0
1,run10_initcall.txt,init_rc_map_d680_dmb,0.798667,0,0
1,run10_initcall.txt,init_rc_map_delock_61959,0.800788,0,0
1,run10_initcall.txt,init_rc_map,0.802916,0,0
1,run10_initcall.txt,init_rc_map,0.805004,0,0
1,run10_initcall.txt,init_rc_map_digitalnow_tinytwin,0.807167,0,0
1,run10_initcall.txt,init_rc_map_digittrade,0.809286,0,0
1,run10_initcall.txt,init_rc_map_dm1105_nec,0.81154,0,0
1,run10_initcall.txt,init_rc_map_dntv_live_dvb_t,0.81383,0,0
1,run10_initcall.txt,init_rc_map_dntv_live_dvbt_pro,0.815931,0,0
1,run10_initcall.txt,init_rc_map_dreambox,0.818045,0,0
1,run10_initcall.txt,init_rc_map_dtt200u,0.820144,0,0
1,run10_initcall.txt,init_rc_map_rc5_dvbsky,0.822225,0,0
1,run10_initcall.txt,init_rc_map_dvico_mce,0.82433,0,0
1,run10_initcall.txt,init_rc_map_dvico_portable,0.826432,0,0
1,run10_initcall.txt,init_rc_map_em_terratec,0.828524,0,0
1,run10_initcall.txt,init_rc_map_encore_enltv2,0.830732,0,0
1,run10_initcall.txt,init_rc_map_encore_enltv_fm53,0.83283,0,0
1,run10_initcall.txt,init_rc_map_encore_enltv,0.834945,0,0
1,run10_initcall.txt,init_rc_map_evga_indtube,0.83701,0,0
1,run10_initcall.txt,init_rc_map_eztv,0.839071,0,0
1,run10_initcall.txt,init_rc_map_flydvb,0.841137,0,0
1,run10_initcall.txt,init_rc_map_flyvideo,0.843197,0,0
1,run10_initcall.txt,init_rc_map_fusionhdtv_mce,0.845254,0,0
1,run10_initcall.txt,init_rc_map_gadmei_rm008z,0.847303,0,0
1,run10_initcall.txt,init_rc_map_geekbox,0.849344,0,0
1,run10_initcall.txt,init_rc_map_genius_tvgo_a11mce,0.851383,0,0
1,run10_initcall.txt,init_rc_map_gotview7135,0.853407,0,0
1,run10_initcall.txt,init_rc_map_rc5_hauppauge_new,0.855423,0,0
1,run10_initcall.txt,init_rc_map_hisi_poplar,0.857483,0,0
1,run10_initcall.txt,init_rc_map_hisi_tv_demo,0.859546,0,0
1,run10_initcall.txt,init_rc_map_imon_mce,0.861603,0,0
1,run10_initcall.txt,init_rc_map_imon_pad,0.863656,0,0
1,run10_initcall.txt,init_rc_map_imon_rsc,0.865711,0,0
1,run10_initcall.txt,init_rc_map_iodata_bctv7e,0.867731,0,0
1,run10_initcall.txt,init_rc_it913x_v1_map,0.869766,0,0
1,run10_initcall.txt,init_rc_it913x_v2_map,0.871754,0,0
1,run10_initcall.txt,init_rc_map_kaiomy,0.873862,0,0
1,run10_initcall.txt,init_rc_map_khadas,0.875885,0,0
1,run10_initcall.txt,init_rc_map_khamsin,0.877896,0,0
1,run10_initcall.txt,init_rc_map_kworld_315u,0.879895,0,0
1,run10_initcall.txt,init_rc_map_kworld_pc150u,0.88189,0,0
1,run10_initcall.txt,init_rc_map_kworld_plus_tv_analog,0.883893,0,0
1,run10_initcall.txt,init_rc_map_leadtek_y04g0051,0.885895,0,0
1,run10_initcall.txt,init_rc_lme2510_map,0.887863,0,0
1,run10_initcall.txt,init_rc_map_manli,0.889882,0,0
1,run10_initcall.txt,init_rc_map_mecool_kiii_pro,0.891909,0,0
1,run10_initcall.txt,init_rc_map_mecool_kii_pro,0.893932,0,0
1,run10_initcall.txt,init_rc_map_medion_x10_digitainer,0.89595,0,0
1,run10_initcall.txt,init_rc_map_medion_x10,0.898006,0,0
1,run10_initcall.txt,init_rc_map_medion_x10_or2x,0.90003,0,0
1,run10_initcall.txt,init_rc_map_minix_neo,0.902054,0,0
1,run10_initcall.txt,init_rc_map_msi_digivox_iii,0.904058,0,0
1,run10_initcall.txt,init_rc_map_msi_digivox_ii,0.906113,0,0
1,run10_initcall.txt,init_rc_map_msi_tvanywhere,0.908162,0,0
1,run10_initcall.txt,init_rc_map_msi_tvanywhere_plus,0.910211,0,0
1,run10_initcall.txt,init_rc_map_mygica_utv3,0.912242,0,0
1,run10_initcall.txt,init_rc_map_nebula,0.914291,0,0
1,run10_initcall.txt,init_rc_map_nec_terratec_cinergy_xs,0.916328,0,0
1,run10_initcall.txt,init_rc_map_norwood,0.91837,0,0
1,run10_initcall.txt,init_rc_map_npgtech,0.920382,0,0
1,run10_initcall.txt,init_rc_map_odroid,0.922394,0,0
1,run10_initcall.txt,init_rc_map_pctv_sedna,0.924409,0,0
1,run10_initcall.txt,init_rc_map_pine64,0.926449,0,0
1,run10_initcall.txt,init_rc_map_pinnacle_color,0.928478,0,0
1,run10_initcall.txt,init_rc_map_pinnacle_grey,0.931596,0,0
1,run10_initcall.txt,init_rc_map_pinnacle_pctv_hd,0.9337,0,0
1,run10_initcall.txt,init_rc_map_pixelview,0.935813,0,0
1,run10_initcall.txt,init_rc_map_pixelview,0.937843,0,0
1,run10_initcall.txt,init_rc_map_pixelview_new,0.939922,0,0
1,run10_initcall.txt,init_rc_map_pixelview,0.942003,0,0
1,run10_initcall.txt,init_rc_map_powercolor_real_angel,0.94409,0,0
1,run10_initcall.txt,init_rc_map_proteus_2309,0.946181,0,0
1,run10_initcall.txt,init_rc_map_purpletv,0.948271,0,0
1,run10_initcall.txt,init_rc_map_pv951,0.950361,0,0
1,run10_initcall.txt,init_rc_map_rc6_mce,0.952448,0,0
1,run10_initcall.txt,init_rc_map_real_audio_220_32_keys,0.954501,0,0
1,run10_initcall.txt,init_rc_map_reddo,0.956583,0,0
1,run10_initcall.txt,init_rc_map_siemens_gigaset_rc20,0.958687,0,0
1,run10_initcall.txt,init_rc_map_snapstream_firefly,0.960788,0,0
1,run10_initcall.txt,init_rc_map_streamzap,0.962903,0,0
1,run10_initcall.txt,init_rc_map_su3000,0.965019,0,0
1,run10_initcall.txt,init_rc_map_tanix_tx3mini,0.967135,0,0
1,run10_initcall.txt,init_rc_map_tanix_tx5max,0.96924,0,0
1,run10_initcall.txt,init_rc_map_tbs_nec,0.971331,0,0
1,run10_initcall.txt,init_rc_map,0.973467,0,0
1,run10_initcall.txt,init_rc_map,0.975604,0,0
1,run10_initcall.txt,init_rc_map_terratec_cinergy_c_pci,0.97775,0,0
1,run10_initcall.txt,init_rc_map_terratec_cinergy_s2_hd,0.979891,0,0
1,run10_initcall.txt,init_rc_map_terratec_cinergy_xs,0.982017,0,0
1,run10_initcall.txt,init_rc_map_terratec_slim_2,0.984139,0,0
1,run10_initcall.txt,init_rc_map_terratec_slim,0.986275,0,0
1,run10_initcall.txt,init_rc_map_tevii_nec,0.98838,0,0
1,run10_initcall.txt,init_rc_map_tivo,0.990538,0,0
1,run10_initcall.txt,init_rc_map_total_media_in_hand_02,0.992697,0,0
1,run10_initcall.txt,init_rc_map_total_media_in_hand,0.99486,0,0
1,run10_initcall.txt,init_rc_map_trekstor,0.997005,0,0
1,run10_initcall.txt,init_rc_map_tt_1500,0.999236,0,0
1,run10_initcall.txt,init_rc_map_twinhan_vp1027,1.00138,0,0
1,run10_initcall.txt,init_rc_map_twinhan_dtv_cab_ci,1.003522,0,0
1,run10_initcall.txt,init_rc_map_vega_s9x,1.005644,0,0
1,run10_initcall.txt,init_rc_map_videomate_k100,1.007783,0,0
1,run10_initcall.txt,init_rc_map_videomate_s350,1.009925,0,0
1,run10_initcall.txt,init_rc_map_videomate_tv_pvr,1.012043,0,0
1,run10_initcall.txt,init_rc_map_kii_pro,1.014165,0,0
1,run10_initcall.txt,init_rc_map_wetek_hub,1.01628,0,0
1,run10_initcall.txt,init_rc_map_wetek_play2,1.018407,0,0
1,run10_initcall.txt,init_rc_map_winfast,1.020495,0,0
1,run10_initcall.txt,init_rc_map_winfast_usbii_deluxe,1.022621,0,0
1,run10_initcall.txt,init_rc_map_x96max,1.024755,0,0
1,run10_initcall.txt,init_rc_map,1.026878,0,0
1,run10_initcall.txt,init_rc_map,1.02898,0,0
1,run10_initcall.txt,init_rc_map_zx_irdec,1.031078,0,0
1,run10_initcall.txt,ptp_kvm_init,1.033172,-95,0
1,run10_initcall.txt,gpio_poweroff_driver_init,1.035484,0,55
1,run10_initcall.txt,bcm2711_thermal_driver_init,1.03888,0,1327
1,run10_initcall.txt,bcm2835_thermal_driver_init,1.041035,0,41
1,run10_initcall.txt,bcm2835_wdt_driver_init,1.043192,0,22
1,run10_initcall.txt,dt_cpufreq_platdrv_init,1.045341,0,21
1,run10_initcall.txt,brcm_avs_cpufreq_platdrv_init,1.047644,0,39
1,run10_initcall.txt,raspberrypi_cpufreq_driver_init,1.052704,0,2889
1,run10_initcall.txt,mmc_pwrseq_simple_driver_init,1.05505,0,51
1,run10_initcall.txt,mmc_pwrseq_emmc_driver_init,1.057345,0,32
1,run10_initcall.txt,mmc_blk_init,1.059633,0,34
1,run10_initcall.txt,sdhci_drv_init,1.06411,0,2225
1,run10_initcall.txt,bcm2835_mmc_driver_init,1.067522,0,1166
1,run10_initcall.txt,bcm2835_driver_init,1.070026,0,33
1,run10_initcall.txt,sdhci_pltfm_drv_init,1.073481,0,1149
1,run10_initcall.txt,sdhci_iproc_driver_init,1.075867,0,79
1,run10_initcall.txt,sdhci_brcmstb_driver_init,1.075937,0,55
1,run10_initcall.txt,esrt_sysfs_init,1.075958,-38,0
1,run10_initcall.txt,smccc_devices_init,1.075968,0,0
1,run10_initcall.txt,smccc_soc_init,1.075978,0,2
1,run10_initcall.txt,arch_timer_mmio_drv_init,1.076016,0,29
1,run10_initcall.txt,arch_timer_mmio_acpi_drv_init,1.076046,0,21
1,run10_initcall.txt,hid_init,1.076116,0,61
1,run10_initcall.txt,hid_generic_init,1.076167,0,39
1,run10_initcall.txt,hid_init,1.076216,0,40
1,run10_initcall.txt,bcm74110_mbox_driver_init,1.076263,0,33
1,run10_initcall.txt,extcon_class_init,1.076281,0,6
1,run10_initcall.txt,armv8_pmu_driver_init,1.11523,0,38939
1,run10_initcall.txt,binder_init,1.118875,0,98
1,run10_initcall.txt,rpi_otp_driver_init,1.126025,0,3789
1,run10_initcall.txt,sock_diag_init,1.128311,0,41
1,run10_initcall.txt,blackhole_init,1.132689,0,2
1,run10_initcall.txt,cls_bpf_init_mod,1.134897,0,0
1,run10_initcall.txt,gre_offload_init,1.137065,0,0
1,run10_initcall.txt,sysctl_ipv4_init,1.13929,0,69
1,run10_initcall.txt,cubictcp_register,1.141458,0,2
1,run10_initcall.txt,packet_init,1.144698,0,1084
1,run10_initcall.txt,init_rpcsec_gss,1.146897,0,19
1,run10_initcall.txt,init_kerberos_module,1.149049,0,5
1,run10_initcall.txt,dcbnl_init,1.151204,0,2
1,run10_initcall.txt,init_dns_resolver,1.15436,0,1036
1,run10_initcall.txt,handshake_init,1.15655,0,31
1,run10_initcall.txt,check_mmu_enabled_at_boot,1.158723,0,0
1,run10_initcall.txt,finalize_pkvm,1.160888,0,0
1,run10_initcall.txt,kernel_do_mounts_initrd_sysctls_init,1.164216,0,6
1,run10_initcall.txt,kernel_panic_sysctls_init,1.166405,0,11
1,run10_initcall.txt,kernel_panic_sysfs_init,1.168604,0,3
1,run10_initcall.txt,kernel_exit_sysctls_init,1.170778,0,2
1,run10_initcall.txt,kernel_exit_sysfs_init,1.172994,0,2
1,run10_initcall.txt,param_sysfs_builtin_init,1.184494,0,9270
1,run10_initcall.txt,reboot_ksysfs_init,1.186836,0,23
1,run10_initcall.txt,sched_core_sysctl_init,1.189051,0,4
1,run10_initcall.txt,sched_fair_sysctl_init,1.191261,0,1
1,run10_initcall.txt,sched_rt_sysctl_init,1.193664,0,3
1,run10_initcall.txt,sched_dl_sysctl_init,1.195826,0,3
1,run10_initcall.txt,sched_init_debug,1.19807,0,78
1,run10_initcall.txt,cpu_latency_qos_init,1.200322,0,109
1,run10_initcall.txt,printk_late_init,1.203213,0,20
1,run10_initcall.txt,init_srcu_module_notifier,1.205386,0,2
1,run10_initcall.txt,kernel_rcu_stall_sysfs_init,1.207627,0,7
1,run10_initcall.txt,swiotlb_create_default_debugfs,1.20988,0,40
1,run10_initcall.txt,tk_debug_sleep_time_init,1.212124,0,2
1,run10_initcall.txt,bpf_ksym_iter_register,1.214391,0,2
1,run10_initcall.txt,kernel_acct_sysctls_init,1.216652,0,3
1,run10_initcall.txt,bpf_rstat_kfunc_init,1.218922,0,0
1,run10_initcall.txt,debugfs_kprobe_init,1.221148,0,8
1,run10_initcall.txt,kernel_delayacct_sysctls_init,1.223405,0,3
1,run10_initcall.txt,taskstats_init,1.226801,0,1141
1,run10_initcall.txt,bpf_global_ma_init,1.229179,0,135
1,run10_initcall.txt,bpf_syscall_sysctl_init,1.231573,0,4
1,run10_initcall.txt,unbound_reg_init,1.233894,0,0
1,run10_initcall.txt,kfunc_init,1.236165,0,1
1,run10_initcall.txt,bpf_map_iter_init,1.238384,0,0
1,run10_initcall.txt,init_subsystem,1.24062,0,0
1,run10_initcall.txt,task_iter_init,1.242835,0,0
1,run10_initcall.txt,bpf_prog_iter_init,1.245037,0,0
1,run10_initcall.txt,bpf_link_iter_init,1.247231,0,0
1,run10_initcall.txt,init_trampolines,1.249401,0,2
1,run10_initcall.txt,rqspinlock_register_kfuncs,1.2516,0,0
1,run10_initcall.txt,kfunc_init,1.253752,0,0
1,run10_initcall.txt,bpf_cgroup_iter_init,1.255869,0,0
1,run10_initcall.txt,cpumask_kfunc_init,1.258017,0,10
1,run10_initcall.txt,crypto_kfunc_init,1.260147,0,0
1,run10_initcall.txt,bpf_kmem_cache_iter_init,1.2623,0,0
1,run10_initcall.txt,dmabuf_iter_init,1.264445,0,0
1,run10_initcall.txt,load_system_certificate_list,1.267682,0,1074
1,run10_initcall.txt,init_lru_gen,1.269903,0,32
1,run10_initcall.txt,vmstat_late_init,1.272057,0,2
1,run10_initcall.txt,fault_around_debugfs,1.274463,0,3
1,run10_initcall.txt,slab_sysfs_init,1.280463,0,3837
1,run10_initcall.txt,max_swapfiles_check,1.282672,0,0
1,run10_initcall.txt,zswap_init,1.284795,0,0
1,run10_initcall.txt,mempolicy_sysfs_init,1.28695,0,16
1,run10_initcall.txt,memory_tier_late_init,1.291288,0,2219
1,run10_initcall.txt,check_early_ioremap_leak,1.293437,0,0
1,run10_initcall.txt,mg_debugfs_init,1.295586,0,15
1,run10_initcall.txt,fscrypt_init,1.299912,0,2190
1,run10_initcall.txt,pstore_init,1.302046,0,10
1,run10_initcall.txt,init_root_keyring,1.304158,0,33
1,run10_initcall.txt,init_profile_hash,1.306301,0,0
1,run10_initcall.txt,integrity_fs_init,1.308429,0,7
1,run10_initcall.txt,crypto_algapi_init,1.310569,0,7
1,run10_initcall.txt,blk_timeout_init,1.3127,0,0
1,run10_initcall.txt,depot_debugfs_init,1.314853,0,5
1,run10_initcall.txt,pci_resource_alignment_sysfs_init,1.317007,0,4
1,run10_initcall.txt,pci_sysfs_init,1.319184,0,11
1,run10_initcall.txt,clk_debug_init,1.321662,0,351
1,run10_initcall.txt,genpd_debug_init,1.324171,0,333
1,run10_initcall.txt,sync_state_resume_initcall,1.326379,0,1
1,run10_initcall.txt,deferred_probe_initcall,1.393699,0,65141
1,run10_initcall.txt,efi_shutdown_init,1.395751,-19,0
1,run10_initcall.txt,efi_earlycon_unmap_fb,1.397789,0,0
1,run10_initcall.txt,psci_debugfs_init,1.399949,0,0
1,run10_initcall.txt,of_cfs_init,1.404051,0,2013
1,run10_initcall.txt,of_fdt_raw_init,1.406069,0,29
1,run10_initcall.txt,bpf_kfunc_init,1.408052,0,2
1,run10_initcall.txt,init_subsystem,1.410058,0,0
1,run10_initcall.txt,xdp_metadata_init,1.412027,0,0
1,run10_initcall.txt,bpf_sockmap_iter_init,1.414004,0,1
1,run10_initcall.txt,bpf_sk_storage_map_iter_init,1.415985,0,0
1,run10_initcall.txt,bpf_prog_test_run_init,1.417968,0,0
1,run10_initcall.txt,bpf_dummy_struct_ops_init,1.419962,0,0
1,run10_initcall.txt,tcp_congestion_default,1.421924,0,1
1,run10_initcall.txt,inet_blackhole_dev_init,1.423907,0,11
1,run10_initcall.txt,ip_auto_config,1.425888,0,11
1,run10_initcall.txt,tcp_bpf_v4_build_proto,1.427854,0,0
1,run10_initcall.txt,udp_bpf_v4_build_proto,1.429788,0,0
1,run10_initcall.txt,bpf_tcp_ca_kfunc_init,1.431714,0,0
1,run10_initcall.txt,bpf_mptcp_kfunc_init,1.433623,0,0
1,run10_initcall.txt,fb_logo_late_init,1.435531,0,0
1,run10_initcall.txt,amba_stub_drv_init,1.437443,0,28
1,run10_initcall.txt,clk_disable_unused,1.440375,0,1002
1,run10_initcall.txt,genpd_power_off_unused,1.443438,0,1024
1,run10_initcall.txt,regulator_init_complete,1.447622,0,1
1,run10_initcall.txt,of_platform_sync_state_init,1.449802,0,17
2,run1_initcall.txt,cpufreq_gov_powersave_init,0.013865,0,0
2,run1_initcall.txt,cpufreq_gov_userspace_init,0.013882,0,0
2,run1_initcall.txt,CPU_FREQ_GOV_ONDEMAND_init,0.0139,0,0
2,run1_initcall.txt,CPU_FREQ_GOV_CONSERVATIVE_init,0.013918,0,0
2,run1_initcall.txt,cpufreq_dt_platdev_init,0.013956,-19,0
2,run1_initcall.txt,cpuidle_init,0.01398,0,0
2,run1_initcall.txt,rpi_firmware_init,0.014008,0,0
2,run1_initcall.txt,arm_dmi_init,0.014028,0,0
2,run1_initcall.txt,arch_timer_evtstrm_register,0.014135,0,0
2,run1_initcall.txt,sock_init,0.016176,0,4000
2,run1_initcall.txt,net_inuse_init,0.016203,0,0
2,run1_initcall.txt,sock_struct_check,0.016219,0,0
2,run1_initcall.txt,init_default_flow_dissectors,0.016235,0,0
2,run1_initcall.txt,netlink_proto_init,0.016323,0,0
2,run1_initcall.txt,genl_init,0.016352,0,0
2,run1_initcall.txt,debug_monitors_init,0.016489,0,0
2,run1_initcall.txt,init_overflow_sysctl,0.016515,0,0
2,run1_initcall.txt,irq_sysfs_init,0.016635,0,0
2,run1_initcall.txt,dma_atomic_pool_init,0.01724,0,0
2,run1_initcall.txt,audit_init,0.017368,0,0
2,run1_initcall.txt,bdi_class_init,0.017402,0,0
2,run1_initcall.txt,mm_sysfs_init,0.017418,0,0
2,run1_initcall.txt,init_per_zone_wmark_min,0.017442,0,0
2,run1_initcall.txt,ramoops_init,0.017474,0,0
2,run1_initcall.txt,gpiolib_sysfs_init,0.017497,0,0
2,run1_initcall.txt,pcibus_class_init,0.017518,0,0
2,run1_initcall.txt,pci_driver_init,0.017554,0,0
2,run1_initcall.txt,amba_init,0.017579,0,0
2,run1_initcall.txt,__bcm2835_clk_driver_init,0.017603,0,0
2,run1_initcall.txt,tty_class_init,0.017623,0,0
2,run1_initcall.txt,vtconsole_class_init,0.017669,0,0
2,run1_initcall.txt,serdev_init,0.017698,0,0
2,run1_initcall.txt,iommu_dev_init,0.017722,0,0
2,run1_initcall.txt,mipi_dsi_bus_init,0.017747,0,0
2,run1_initcall.txt,devlink_class_init,0.017769,0,0
2,run1_initcall.txt,software_node_init,0.017788,0,0
2,run1_initcall.txt,regmap_initcall,0.017808,0,0
2,run1_initcall.txt,sram_init,0.017833,0,0
2,run1_initcall.txt,spi_init,0.017864,0,0
2,run1_initcall.txt,i2c_init,0.017905,0,0
2,run1_initcall.txt,thermal_init,0.017939,0,0
2,run1_initcall.txt,init_menu,0.017981,0,0
2,run1_initcall.txt,efipostcore_init,0.017999,0,0
2,run1_initcall.txt,kobject_uevent_init,0.018019,0,0
2,run1_initcall.txt,init_uevent_helper_sysctl,0.018036,0,0
2,run1_initcall.txt,reserve_memblock_reserved_regions,0.018136,0,0
2,run1_initcall.txt,aarch32_alloc_vdso_pages,0.018156,0,0
2,run1_initcall.txt,vdso_init,0.018172,0,0
2,run1_initcall.txt,arm64_create_dummy_rsi_dev,0.018188,0,0
2,run1_initcall.txt,arch_hw_breakpoint_init,0.018251,0,0
2,run1_initcall.txt,adjust_protection_map,0.018276,0,0
2,run1_initcall.txt,asids_update_limit,0.018302,0,0
2,run1_initcall.txt,kcmp_cookies_init,0.018321,0,0
2,run1_initcall.txt,dma_channel_table_init,0.018346,0,0
2,run1_initcall.txt,dma_bus_init,0.01845,0,0
2,run1_initcall.txt,brcmstb_soc_device_init,0.018753,0,0
2,run1_initcall.txt,serial_base_init,0.018804,0,0
2,run1_initcall.txt,pl011_init,0.018845,0,0
2,run1_initcall.txt,iommu_dma_init,0.018874,0,0
2,run1_initcall.txt,dmi_id_init,0.018892,-19,0
2,run1_initcall.txt,bcm2835_mbox_init,0.018918,0,0
2,run1_initcall.txt,of_platform_default_populate_init,0.040047,0,20000
2,run1_initcall.txt,register_mte_tcf_preferred_sysctl,0.040146,0,0
2,run1_initcall.txt,init_fork_sysctl,0.040175,0,0
2,run1_initcall.txt,uid_cache_init,0.040219,0,0
2,run1_initcall.txt,pid_namespace_sysctl_init,0.040244,0,0
2,run1_initcall.txt,param_sysfs_init,0.040262,0,0
2,run1_initcall.txt,user_namespace_sysctl_init,0.040294,0,0
2,run1_initcall.txt,proc_schedstat_init,0.040316,0,0
2,run1_initcall.txt,init_rtmutex_sysctl,0.040333,0,0
2,run1_initcall.txt,pm_sysrq_init,0.04038,0,0
2,run1_initcall.txt,init_rcu_stall_sysctl,0.040399,0,0
2,run1_initcall.txt,init_module_sysctl,0.040417,0,0
2,run1_initcall.txt,create_proc_profile,0.040433,0,0
2,run1_initcall.txt,cgroup_sysfs_init,0.040452,0,0
2,run1_initcall.txt,user_namespaces_init,0.040479,0,0
2,run1_initcall.txt,hung_task_init,0.040574,0,0
2,run1_initcall.txt,dev_map_init,0.040593,0,0
2,run1_initcall.txt,netns_bpf_init,0.040606,0,0
2,run1_initcall.txt,oom_init,0.040663,0,0
2,run1_initcall.txt,init_user_buckets,0.040678,0,0
2,run1_initcall.txt,init_vm_util_sysctls,0.040697,0,0
2,run1_initcall.txt,default_bdi_init,0.040801,0,0
2,run1_initcall.txt,cgwb_init,0.040827,0,0
2,run1_initcall.txt,percpu_enable_async,0.040842,0,0
2,run1_initcall.txt,kcompactd_init,0.040942,0,0
2,run1_initcall.txt,init_mm_sysctl,0.040961,0,0
2,run1_initcall.txt,init_user_reserve,0.040977,0,0
2,run1_initcall.txt,init_admin_reserve,0.040991,0,0
2,run1_initcall.txt,init_reserve_notifier,0.041006,0,0
2,run1_initcall.txt,swap_init,0.041026,0,0
2,run1_initcall.txt,swapfile_init,0.041048,0,0
2,run1_initcall.txt,memory_tier_init,0.041092,0,0
2,run1_initcall.txt,numa_init_sysfs,0.041113,0,0
2,run1_initcall.txt,mem_cgroup_swap_init,0.04113,0,0
2,run1_initcall.txt,init_msg_buckets,0.041147,0,0
2,run1_initcall.txt,init_bio,0.041192,0,0
2,run1_initcall.txt,blk_ioc_init,0.041212,0,0
2,run1_initcall.txt,blk_mq_init,0.04123,0,0
2,run1_initcall.txt,genhd_device_init,0.04132,0,0
2,run1_initcall.txt,blkcg_punt_bio_init,0.041415,0,0
2,run1_initcall.txt,blk_integrity_auto_init,0.041481,0,0
2,run1_initcall.txt,io_wq_init,0.041501,0,0
2,run1_initcall.txt,crc_t10dif_mod_init,0.041526,0,0
2,run1_initcall.txt,sha256_mod_init,0.041545,0,0
2,run1_initcall.txt,sha512_mod_init,0.041562,0,0
2,run1_initcall.txt,sg_pool_init,0.041593,0,0
2,run1_initcall.txt,gpiolib_debugfs_init,0.041615,0,0
2,run1_initcall.txt,stmpe_gpio_init,0.041684,0,0
2,run1_initcall.txt,pwm_init,0.041706,0,0
2,run1_initcall.txt,leds_init,0.041735,0,0
2,run1_initcall.txt,pci_slot_init,0.041754,0,0
2,run1_initcall.txt,fbmem_init,0.041812,0,0
2,run1_initcall.txt,bcm2835_dma_init,0.042509,0,0
2,run1_initcall.txt,regulator_fixed_voltage_init,0.042573,0,0
2,run1_initcall.txt,gpio_regulator_init,0.042626,0,0
2,run1_initcall.txt,init_sysrq_sysctl,0.04265,0,0
2,run1_initcall.txt,misc_init,0.042676,0,0
2,run1_initcall.txt,iommu_subsys_init,0.042706,0,0
2,run1_initcall.txt,register_cpu_capacity_sysctl,0.043038,0,0
2,run1_initcall.txt,dma_buf_init,0.043115,0,0
2,run1_initcall.txt,dma_heap_init,0.043143,0,0
2,run1_initcall.txt,init_scsi,0.043233,0,0
2,run1_initcall.txt,mdio_bus_init,0.043258,0,0
2,run1_initcall.txt,phy_init,0.043297,0,0
2,run1_initcall.txt,usb_common_init,0.043313,0,0
2,run1_initcall.txt,usb_init,0.043412,0,0
2,run1_initcall.txt,usb_phy_generic_init,0.043538,0,0
2,run1_initcall.txt,usb_udc_init,0.043568,0,0
2,run1_initcall.txt,usb_roles_init,0.043589,0,0
2,run1_initcall.txt,input_init,0.043613,0,0
2,run1_initcall.txt,rtc_init,0.04363,0,0
2,run1_initcall.txt,rc_core_init,0.043655,0,0
2,run1_initcall.txt,pps_init,0.04369,0,0
2,run1_initcall.txt,ptp_init,0.043714,0,0
2,run1_initcall.txt,power_supply_class_init,0.043743,0,0
2,run1_initcall.txt,hwmon_init,0.043766,0,0
2,run1_initcall.txt,mmc_init,0.043807,0,0
2,run1_initcall.txt,dmi_init,0.043825,0,0
2,run1_initcall.txt,efisubsys_init,0.04384,0,0
2,run1_initcall.txt,arm_pmu_hp_init,0.043858,0,0
2,run1_initcall.txt,ras_init,0.043878,0,0
2,run1_initcall.txt,nvmem_init,0.04391,0,0
2,run1_initcall.txt,init_soundcore,0.04393,0,0
2,run1_initcall.txt,proto_init,0.04395,0,0
2,run1_initcall.txt,net_dev_init,0.044165,0,4000
2,run1_initcall.txt,neigh_init,0.044186,0,0
2,run1_initcall.txt,fib_notifier_init,0.044202,0,0
2,run1_initcall.txt,netdev_genl_init,0.044238,0,0
2,run1_initcall.txt,page_pool_user_init,0.044255,0,0
2,run1_initcall.txt,fib_rules_init,0.044273,0,0
2,run1_initcall.txt,init_cgroup_netprio,0.044289,0,0
2,run1_initcall.txt,bpf_lwt_init,0.044305,0,0
2,run1_initcall.txt,pktsched_init,0.044327,0,0
2,run1_initcall.txt,tc_filter_init,0.04436,0,0
2,run1_initcall.txt,tc_action_init,0.044377,0,0
2,run1_initcall.txt,ethnl_init,0.04445,0,0
2,run1_initcall.txt,nexthop_init,0.044471,0,0
2,run1_initcall.txt,devlink_init,0.044549,0,0
2,run1_initcall.txt,wireless_nlevent_init,0.044568,0,0
2,run1_initcall.txt,vsprintf_init_hashval,0.044586,0,0
2,run1_initcall.txt,init_32bit_el0_mask,0.044601,0,0
2,run1_initcall.txt,vga_arb_device_init,0.044736,0,0
2,run1_initcall.txt,watchdog_init,0.044842,0,0
2,run1_initcall.txt,create_debug_debugfs_entry,0.044938,0,0
2,run1_initcall.txt,iomem_init_inode,0.044975,0,0
2,run1_initcall.txt,clocksource_done_booting,0.045018,0,12
2,run1_initcall.txt,bpf_init,0.045041,0,5
2,run1_initcall.txt,secretmem_init,0.045071,0,11
2,run1_initcall.txt,init_fs_stat_sysctls,0.045098,0,9
2,run1_initcall.txt,init_fs_exec_sysctls,0.045116,0,1
2,run1_initcall.txt,init_pipe_fs,0.045144,0,11
2,run1_initcall.txt,init_fs_namei_sysctls,0.045165,0,2
2,run1_initcall.txt,init_fs_dcache_sysctls,0.04519,0,6
2,run1_initcall.txt,init_fs_namespace_sysctls,0.045207,0,1
2,run1_initcall.txt,cgroup_writeback_init,0.045225,0,3
2,run1_initcall.txt,inotify_user_setup,0.045251,0,13
2,run1_initcall.txt,eventpoll_init,0.04528,0,15
2,run1_initcall.txt,anon_inode_init,0.045306,0,11
2,run1_initcall.txt,proc_locks_init,0.045324,0,3
2,run1_initcall.txt,backing_aio_init,0.04534,0,2
2,run1_initcall.txt,init_fs_coredump_sysctls,0.045361,0,6
2,run1_initcall.txt,init_vm_drop_caches_sysctls,0.045378,0,2
2,run1_initcall.txt,iomap_dio_init,0.045414,0,21
2,run1_initcall.txt,iomap_ioend_init,0.04545,0,21
2,run1_initcall.txt,dquot_init,0.045588,0,123
2,run1_initcall.txt,proc_cmdline_init,0.045608,0,2
2,run1_initcall.txt,proc_consoles_init,0.045624,0,1
2,run1_initcall.txt,proc_cpuinfo_init,0.045641,0,1
2,run1_initcall.txt,proc_devices_init,0.045655,0,0
2,run1_initcall.txt,proc_interrupts_init,0.04567,0,1
2,run1_initcall.txt,proc_loadavg_init,0.045685,0,0
2,run1_initcall.txt,proc_meminfo_init,0.045699,0,0
2,run1_initcall.txt,proc_stat_init,0.045713,0,1
2,run1_initcall.txt,proc_uptime_init,0.045728,0,1
2,run1_initcall.txt,proc_version_init,0.045743,0,1
2,run1_initcall.txt,proc_softirqs_init,0.045758,0,0
2,run1_initcall.txt,proc_kmsg_init,0.045773,0,1
2,run1_initcall.txt,proc_page_init,0.045788,0,2
2,run1_initcall.txt,init_ramfs_fs,0.045803,0,1
2,run1_initcall.txt,aa_create_aafs,0.045819,0,0
2,run1_initcall.txt,chr_dev_init,0.048632,0,2795
2,run1_initcall.txt,hwrng_modinit,0.048714,0,45
2,run1_initcall.txt,firmware_class_init,0.048734,0,1
2,run1_initcall.txt,sysctl_core_init,0.048779,0,27
2,run1_initcall.txt,eth_offload_init,0.048795,0,0
2,run1_initcall.txt,ipv4_offload_init,0.048812,0,1
2,run1_initcall.txt,inet_init,0.052485,0,3656
2,run1_initcall.txt,af_unix_init,0.052539,0,20
2,run1_initcall.txt,ipv6_offload_init,0.052558,0,1
2,run1_initcall.txt,init_sunrpc,0.052922,0,336
2,run1_initcall.txt,vlan_offload_init,0.052941,0,0
2,run1_initcall.txt,pci_apply_final_quirks,0.052969,0,11
2,run1_initcall.txt,populate_rootfs,0.05299,0,6
2,run1_initcall.txt,register_arm64_panic_block,0.053118,0,0
2,run1_initcall.txt,cpuinfo_regs_init,0.053218,0,84
2,run1_initcall.txt,aarch32_el0_sysfs_init,0.053237,0,0
2,run1_initcall.txt,kvm_arm_init,0.056686,0,3431
2,run1_initcall.txt,proc_execdomains_init,0.05673,0,4
2,run1_initcall.txt,register_warn_debugfs,0.056752,0,4
2,run1_initcall.txt,cpuhp_sysfs_init,0.056808,0,38
2,run1_initcall.txt,ioresources_init,0.056827,0,3
2,run1_initcall.txt,psi_proc_init,0.056842,0,0
2,run1_initcall.txt,irq_gc_init_ops,0.056857,0,0
2,run1_initcall.txt,irq_debugfs_init,0.056953,0,73
2,run1_initcall.txt,proc_modules_init,0.056972,0,1
2,run1_initcall.txt,timer_sysctl_init,0.056996,0,8
2,run1_initcall.txt,timekeeping_init_ops,0.057035,0,0
2,run1_initcall.txt,init_clocksource_sysfs,0.057107,0,55
2,run1_initcall.txt,init_timer_list_procfs,0.057127,0,1
2,run1_initcall.txt,alarmtimer_init,0.057187,0,43
2,run1_initcall.txt,clockevents_init_sysfs,0.057312,0,107
2,run1_initcall.txt,sched_clock_syscore_init,0.057332,0,0
2,run1_initcall.txt,kallsyms_init,0.05735,0,1
2,run1_initcall.txt,pid_namespaces_init,0.057389,0,22
2,run1_initcall.txt,audit_watch_init,0.057408,0,0
2,run1_initcall.txt,audit_fsnotify_init,0.057425,0,0
2,run1_initcall.txt,audit_tree_init,0.057444,0,2
2,run1_initcall.txt,seccomp_sysctl_init,0.057468,0,6
2,run1_initcall.txt,utsname_sysctl_init,0.057493,0,7
2,run1_initcall.txt,init_lstats_procfs,0.057514,0,3
2,run1_initcall.txt,perf_event_sysfs_init,0.057578,0,47
2,run1_initcall.txt,system_trusted_keyring_init,0.057609,0,16
2,run1_initcall.txt,kswapd_init,0.057801,0,178
2,run1_initcall.txt,extfrag_debug_init,0.057824,0,8
2,run1_initcall.txt,mm_compute_batch_init,0.057839,0,0
2,run1_initcall.txt,slab_proc_init,0.057856,0,2
2,run1_initcall.txt,workingset_init,0.057879,0,8
2,run1_initcall.txt,proc_vmalloc_init,0.057895,0,1
2,run1_initcall.txt,memblock_init_debugfs,0.057915,0,4
2,run1_initcall.txt,slab_debugfs_init,0.057935,0,4
2,run1_initcall.txt,procswaps_init,0.057953,0,1
2,run1_initcall.txt,zs_init,0.057969,0,0
2,run1_initcall.txt,fcntl_init,0.057987,0,2
2,run1_initcall.txt,proc_filesystems_init,0.058007,0,1
2,run1_initcall.txt,start_dirtytime_writeback,0.058027,0,4
2,run1_initcall.txt,dio_init,0.058042,0,1
2,run1_initcall.txt,dnotify_init,0.058067,0,12
2,run1_initcall.txt,fanotify_user_setup,0.058091,0,9
2,run1_initcall.txt,aio_setup,0.058138,0,33
2,run1_initcall.txt,mbcache_init,0.058159,0,5
2,run1_initcall.txt,init_grace,0.058174,0,1
2,run1_initcall.txt,init_devpts_fs,0.058197,0,7
2,run1_initcall.txt,ext4_init_fs,0.058286,0,75
2,run1_initcall.txt,journal_init,0.058318,0,15
2,run1_initcall.txt,init_fat_fs,0.058339,0,6
2,run1_initcall.txt,init_vfat_fs,0.058354,0,0
2,run1_initcall.txt,init_msdos_fs,0.058369,0,0
2,run1_initcall.txt,init_nfs_fs,0.058517,0,134
2,run1_initcall.txt,init_nfs_v2,0.058537,0,0
2,run1_initcall.txt,init_nfs_v3,0.058551,0,0
2,run1_initcall.txt,init_nfs_v4,0.058592,0,27
2,run1_initcall.txt,nfs4filelayout_init,0.058614,0,5
2,run1_initcall.txt,nfs4flexfilelayout_init,0.058634,0,6
2,run1_initcall.txt,init_nlm,0.058674,0,25
2,run1_initcall.txt,init_nls_cp437,0.058692,0,0
2,run1_initcall.txt,init_nls_ascii,0.058706,0,0
2,run1_initcall.txt,init_autofs_fs,0.058807,0,85
2,run1_initcall.txt,init_f2fs_fs,0.058955,0,129
2,run1_initcall.txt,ipc_init,0.058985,0,12
2,run1_initcall.txt,ipc_sysctl_init,0.059019,0,18
2,run1_initcall.txt,init_mqueue_fs,0.059072,0,36
2,run1_initcall.txt,key_proc_init,0.059092,0,2
2,run1_initcall.txt,bpf_crypto_skcipher_init,0.059109,0,0
2,run1_initcall.txt,dh_init,0.059128,0,2
2,run1_initcall.txt,rsa_init,0.059147,0,1
2,run1_initcall.txt,cryptomgr_init,0.059163,0,0
2,run1_initcall.txt,hmac_module_init,0.05918,0,0
2,run1_initcall.txt,crypto_sha256_mod_init,0.059201,0,4
2,run1_initcall.txt,crypto_ecb_module_init,0.059217,0,0
2,run1_initcall.txt,crypto_cbc_module_init,0.059233,0,0
2,run1_initcall.txt,crypto_cts_module_init,0.05925,0,0
2,run1_initcall.txt,xts_module_init,0.059266,0,0
2,run1_initcall.txt,des_generic_mod_init,0.059284,0,1
2,run1_initcall.txt,aes_init,0.059301,0,0
2,run1_initcall.txt,lzo_mod_init,0.059318,0,1
2,run1_initcall.txt,lzorle_mod_init,0.059335,0,0
2,run1_initcall.txt,asymmetric_key_init,0.059356,0,5
2,run1_initcall.txt,x509_key_init,0.059377,0,5
2,run1_initcall.txt,crypto_kdf108_init,0.059394,0,0
2,run1_initcall.txt,blkdev_init,0.059423,0,12
2,run1_initcall.txt,proc_genhd_init,0.059443,0,2
2,run1_initcall.txt,bsg_init,0.059475,0,15
2,run1_initcall.txt,throtl_init,0.059557,0,65
2,run1_initcall.txt,deadline_init,0.059581,0,5
2,run1_initcall.txt,kyber_init,0.059603,0,4
2,run1_initcall.txt,bfq_init,0.059638,0,19
2,run1_initcall.txt,io_uring_init,0.059679,0,23
2,run1_initcall.txt,percpu_counter_startup,0.059741,0,41
2,run1_initcall.txt,audit_classes_init,0.059769,0,3
2,run1_initcall.txt,gicv5_iwb_platform_driver_init,0.059849,0,63
2,run1_initcall.txt,mip_msi_driver_init,0.059891,0,26
2,run1_initcall.txt,bcm7038_l1_driver_init,0.059936,0,30
2,run1_initcall.txt,bcm7120_l2_driver_init,0.059981,0,29
2,run1_initcall.txt,brcmstb_l2_driver_init,0.060036,0,40
2,run1_initcall.txt,simple_pm_bus_driver_init,0.060501,0,451
2,run1_initcall.txt,phy_core_init,0.060534,0,15
2,run1_initcall.txt,brcm_usb_driver_init,0.060594,0,45
2,run1_initcall.txt,rp1_pinctrl_driver_init,0.060635,0,26
2,run1_initcall.txt,bcm2835_pinctrl_driver_init,0.061646,0,995
2,run1_initcall.txt,bcm2712_pinctrl_driver_init,0.061712,0,41
2,run1_initcall.txt,brcmvirt_gpio_driver_init,0.061756,0,28
2,run1_initcall.txt,brcmstb_gpio_driver_init,0.061798,0,26
2,run1_initcall.txt,rpi_exp_gpio_driver_init,0.062155,0,343
2,run1_initcall.txt,brcmstb_pwm_driver_init,0.0622,0,28
2,run1_initcall.txt,rp1_pwm_driver_init,0.062242,0,27
2,run1_initcall.txt,gpio_led_driver_init,0.063944,0,1688
2,run1_initcall.txt,led_pwm_driver_init,0.063992,0,30
2,run1_initcall.txt,timer_led_trigger_init,0.064008,0,1
2,run1_initcall.txt,oneshot_led_trigger_init,0.064022,0,0
2,run1_initcall.txt,heartbeat_trig_init,0.06404,0,2
2,run1_initcall.txt,bl_led_trigger_init,0.064054,0,0
2,run1_initcall.txt,ledtrig_cpu_init,0.064121,0,53
2,run1_initcall.txt,defon_led_trigger_init,0.064168,0,32
2,run1_initcall.txt,input_trig_init,0.064185,0,1
2,run1_initcall.txt,ledtrig_panic_init,0.064199,0,1
2,run1_initcall.txt,actpwr_trig_init,0.064379,0,165
2,run1_initcall.txt,pcie_portdrv_init,0.064458,0,55
2,run1_initcall.txt,pci_proc_init,0.064484,0,8
2,run1_initcall.txt,brcm_pcie_driver_init,0.177844,0,113345
2,run1_initcall.txt,bcm2708_fb_init,0.190094,0,12229
2,run1_initcall.txt,simplefb_driver_init,0.190187,0,44
2,run1_initcall.txt,of_fixed_factor_clk_driver_init,0.19026,0,27
2,run1_initcall.txt,of_fixed_clk_driver_init,0.190332,0,26
2,run1_initcall.txt,gpio_clk_driver_init,0.190407,0,32
2,run1_initcall.txt,gated_fixed_clk_driver_init,0.19048,0,29
2,run1_initcall.txt,rp1_clk_driver_init,0.190552,0,27
2,run1_initcall.txt,rp1_sdio_clk_driver_init,0.190628,0,27
2,run1_initcall.txt,clk_dvp_driver_init,0.1907,0,28
2,run1_initcall.txt,bcm2835_aux_clk_driver_init,0.190802,0,57
2,run1_initcall.txt,raspberrypi_clk_driver_init,0.206243,0,15393
2,run1_initcall.txt,dw_driver_init,0.206326,0,37
2,run1_initcall.txt,bcm2835_power_driver_init,0.206389,0,19
2,run1_initcall.txt,rpi_power_driver_init,0.224494,0,18060
2,run1_initcall.txt,brcmstb_reset_driver_init,0.226391,0,34
2,run1_initcall.txt,brcm_rescal_reset_driver_init,0.228276,0,32
2,run1_initcall.txt,rpi_reset_driver_init,0.231148,0,1013
2,run1_initcall.txt,reset_simple_driver_init,0.233107,0,61
2,run1_initcall.txt,n_null_init,0.234992,0,0
2,run1_initcall.txt,pty_init,0.236946,0,80
2,run1_initcall.txt,sysrq_init,0.238855,0,17
2,run1_initcall.txt,serial8250_init,0.240705,-19,0
2,run1_initcall.txt,bcm2835aux_serial_driver_init,0.242627,0,33
2,run1_initcall.txt,brcmuart_init,0.24454,0,42
2,run1_initcall.txt,exar_pci_driver_init,0.246457,0,26
2,run1_initcall.txt,of_platform_serial_driver_init,0.248406,0,70
2,run1_initcall.txt,serial_pci_driver_init,0.250322,0,28
2,run1_initcall.txt,pericom8250_pci_driver_init,0.252217,0,21
2,run1_initcall.txt,init_kgdboc,0.255112,0,1001
2,run1_initcall.txt,random_sysctls_init,0.256981,0,11
2,run1_initcall.txt,ttyprintk_init,0.258934,0,72
2,run1_initcall.txt,bcm2835_rng_driver_init,0.260877,0,49
2,run1_initcall.txt,bcm74110_rng_driver_init,0.262856,0,31
2,run1_initcall.txt,iproc_rng200_driver_init,0.267042,0,2217
2,run1_initcall.txt,smccc_trng_driver_init,0.269134,0,22
2,run1_initcall.txt,vc_mem_init,0.27243,0,1187
2,run1_initcall.txt,vcio_driver_init,0.275973,0,1382
2,run1_initcall.txt,bcm2712_iommu_driver_init,0.278276,0,31
2,run1_initcall.txt,bcm2712_iommu_cache_driver_init,0.280621,0,30
2,run1_initcall.txt,topology_sysfs_init,0.283042,0,60
2,run1_initcall.txt,cacheinfo_sysfs_init,0.285679,0,244
2,run1_initcall.txt,devcoredump_init,0.288084,0,10
2,run1_initcall.txt,brd_init,0.295164,0,4724
2,run1_initcall.txt,loop_init,0.301155,0,3621
2,run1_initcall.txt,bcm2835_pm_driver_init,0.304768,0,1281
2,run1_initcall.txt,stmpe_i2c_driver_init,0.307091,0,13
2,run1_initcall.txt,stmpe_spi_driver_init,0.309431,0,12
2,run1_initcall.txt,rp1_driver_init,0.311777,0,25
2,run1_initcall.txt,system_heap_create,0.314181,0,84
2,run1_initcall.txt,add_default_cma_heap,0.316596,0,83
2,run1_initcall.txt,udmabuf_dev_init,0.318986,0,45
2,run1_initcall.txt,iscsi_transport_init,0.32271,0,1394
2,run1_initcall.txt,init_sd,0.325035,0,32
2,run1_initcall.txt,nvme_core_init,0.3276,0,239
2,run1_initcall.txt,nvme_init,0.329959,0,26
2,run1_initcall.txt,blackhole_netdev_init,0.332304,0,16
2,run1_initcall.txt,netkit_init,0.334629,0,6
2,run1_initcall.txt,phylink_init,0.336937,0,0
2,run1_initcall.txt,phy_module_init,0.339416,0,165
2,run1_initcall.txt,phy_module_init,0.341852,0,168
2,run1_initcall.txt,fixed_mdio_bus_init,0.344312,0,147
2,run1_initcall.txt,phy_module_init,0.346793,0,157
2,run1_initcall.txt,phy_module_init,0.349132,0,23
2,run1_initcall.txt,phy_module_init,0.351473,0,58
2,run1_initcall.txt,unimac_mdio_driver_init,0.353847,0,95
2,run1_initcall.txt,macb_driver_init,0.356195,0,83
2,run1_initcall.txt,bcmgenet_driver_init,0.553936,0,195511
2,run1_initcall.txt,bcmasp_driver_init,0.556259,0,59
2,run1_initcall.txt,lan78xx_driver_init,0.559662,0,1167
2,run1_initcall.txt,smsc95xx_driver_init,0.563155,0,1171
2,run1_initcall.txt,usbnet_init,0.565465,0,0
2,run1_initcall.txt,xhci_hcd_init,0.56778,0,12
2,run1_initcall.txt,xhci_pci_init,0.69393,0,123857
2,run1_initcall.txt,xhci_plat_init,0.696206,0,89
2,run1_initcall.txt,dwc_otg_driver_init,0.702793,0,4401
2,run1_initcall.txt,dwc_common_port_init_module,0.706116,0,1174
2,run1_initcall.txt,dwc3_driver_init,0.708275,0,41
2,run1_initcall.txt,dwc3_haps_driver_init,0.710439,0,22
2,run1_initcall.txt,dwc3_of_simple_driver_init,0.712625,0,46
2,run1_initcall.txt,dwc3_generic_driver_init,0.714807,0,32
2,run1_initcall.txt,dwc2_platform_driver_init,0.717047,0,113
2,run1_initcall.txt,uas_init,0.720298,0,1138
2,run1_initcall.txt,usb_storage_driver_init,0.723473,0,1061
2,run1_initcall.txt,brcmstb_usb_pinmap_init,0.7256,-19,53
2,run1_initcall.txt,bdc_driver_init,0.727734,0,35
2,run1_initcall.txt,input_leds_init,0.729861,0,1
2,run1_initcall.txt,mousedev_init,0.733154,0,1168
2,run1_initcall.txt,evdev_init,0.735312,0,0
2,run1_initcall.txt,brcmstb_waketmr_driver_init,0.737496,0,36
2,run1_initcall.txt,rpi_rtc_driver_init,0.739684,0,31
2,run1_initcall.txt,init_rc_map_adstech_dvb_t_pci,0.741796,0,0
2,run1_initcall.txt,init_rc_map_alink_dtu_m,0.743941,0,0
2,run1_initcall.txt,init_rc_map_anysee,0.746084,0,0
2,run1_initcall.txt,init_rc_map_apac_viewcomp,0.748244,0,0
2,run1_initcall.txt,init_rc_map_t2hybrid,0.750417,0,0
2,run1_initcall.txt,init_rc_map_asus_pc39,0.752576,0,0
2,run1_initcall.txt,init_rc_map_asus_ps3_100,0.754734,0,0
2,run1_initcall.txt,init_rc_map_ati_tv_wonder_hd_600,0.756883,0,0
2,run1_initcall.txt,init_rc_map_ati_x10,0.759041,0,0
2,run1_initcall.txt,init_rc_map_avermedia_a16d,0.761239,0,0
2,run1_initcall.txt,init_rc_map_avermedia_cardbus,0.76343,0,0
2,run1_initcall.txt,init_rc_map_avermedia_dvbt,0.765621,0,0
2,run1_initcall.txt,init_rc_map_avermedia_m135a,0.767817,0,0
2,run1_initcall.txt,init_rc_map_avermedia_m733a_rm_k6,0.770039,0,0
2,run1_initcall.txt,init_rc_map_avermedia,0.772252,0,0
2,run1_initcall.txt,init_rc_map_avermedia_rm_ks,0.774431,0,0
2,run1_initcall.txt,init_rc_map_avertv_303,0.776645,0,0
2,run1_initcall.txt,init_rc_map_azurewave_ad_tu700,0.778864,0,0
2,run1_initcall.txt,init_rc_map_beelink_gs1,0.781069,0,0
2,run1_initcall.txt,init_rc_map_beelink_mxiii,0.783275,0,0
2,run1_initcall.txt,init_rc_map_behold_columbus,0.785479,0,0
2,run1_initcall.txt,init_rc_map_behold,0.787673,0,0
2,run1_initcall.txt,init_rc_map_budget_ci_old,0.789862,0,0
2,run1_initcall.txt,init_rc_map_cinergy_1400,0.791996,0,0
2,run1_initcall.txt,init_rc_map_cinergy,0.794524,0,0
2,run1_initcall.txt,init_rc_map_ct_90405,0.796666,0,0
2,run1_initcall.txt,init_rc_map_d680_dmb,0.798818,0,0
2,run1_initcall.txt,init_rc_map_delock_61959,0.800937,0,0
2,run1_initcall.txt,init_rc_map,0.803065,0,0
2,run1_initcall.txt,init_rc_map,0.805283,0,0
2,run1_initcall.txt,init_rc_map_digitalnow_tinytwin,0.807427,0,0
2,run1_initcall.txt,init_rc_map_digittrade,0.809633,0,0
2,run1_initcall.txt,init_rc_map_dm1105_nec,0.811879,0,0
2,run1_initcall.txt,init_rc_map_dntv_live_dvb_t,0.813979,0,0
2,run1_initcall.txt,init_rc_map_dntv_live_dvbt_pro,0.81608,0,0
2,run1_initcall.txt,init_rc_map_dreambox,0.818187,0,0
2,run1_initcall.txt,init_rc_map_dtt200u,0.820288,0,0
2,run1_initcall.txt,init_rc_map_rc5_dvbsky,0.822393,0,0
2,run1_initcall.txt,init_rc_map_dvico_mce,0.824452,0,0
2,run1_initcall.txt,init_rc_map_dvico_portable,0.826554,0,0
2,run1_initcall.txt,init_rc_map_em_terratec,0.828634,0,0
2,run1_initcall.txt,init_rc_map_encore_enltv2,0.83083,0,0
2,run1_initcall.txt,init_rc_map_encore_enltv_fm53,0.832932,0,0
2,run1_initcall.txt,init_rc_map_encore_enltv,0.835042,0,0
2,run1_initcall.txt,init_rc_map_evga_indtube,0.83713,0,0
2,run1_initcall.txt,init_rc_map_eztv,0.839206,0,0
2,run1_initcall.txt,init_rc_map_flydvb,0.841231,0,0
2,run1_initcall.txt,init_rc_map_flyvideo,0.843287,0,0
2,run1_initcall.txt,init_rc_map_fusionhdtv_mce,0.845351,0,0
2,run1_initcall.txt,init_rc_map_gadmei_rm008z,0.847394,0,0
2,run1_initcall.txt,init_rc_map_geekbox,0.849436,0,0
2,run1_initcall.txt,init_rc_map_genius_tvgo_a11mce,0.851476,0,0
2,run1_initcall.txt,init_rc_map_gotview7135,0.853515,0,0
2,run1_initcall.txt,init_rc_map_rc5_hauppauge_new,0.855572,0,0
2,run1_initcall.txt,init_rc_map_hisi_poplar,0.857589,0,0
2,run1_initcall.txt,init_rc_map_hisi_tv_demo,0.859654,0,0
2,run1_initcall.txt,init_rc_map_imon_mce,0.861714,0,0
2,run1_initcall.txt,init_rc_map_imon_pad,0.863782,0,0
2,run1_initcall.txt,init_rc_map_imon_rsc,0.865841,0,0
2,run1_initcall.txt,init_rc_map_iodata_bctv7e,0.867871,0,0
2,run1_initcall.txt,init_rc_it913x_v1_map,0.86991,0,0
2,run1_initcall.txt,init_rc_it913x_v2_map,0.871947,0,0
2,run1_initcall.txt,init_rc_map_kaiomy,0.874026,0,0
2,run1_initcall.txt,init_rc_map_khadas,0.876052,0,0
2,run1_initcall.txt,init_rc_map_khamsin,0.878079,0,0
2,run1_initcall.txt,init_rc_map_kworld_315u,0.880078,0,0
2,run1_initcall.txt,init_rc_map_kworld_pc150u,0.882084,0,0
2,run1_initcall.txt,init_rc_map_kworld_plus_tv_analog,0.884094,0,0
2,run1_initcall.txt,init_rc_map_leadtek_y04g0051,0.886116,0,0
2,run1_initcall.txt,init_rc_lme2510_map,0.888134,0,0
2,run1_initcall.txt,init_rc_map_manli,0.890149,0,0
2,run1_initcall.txt,init_rc_map_mecool_kiii_pro,0.892163,0,0
2,run1_initcall.txt,init_rc_map_mecool_kii_pro,0.894202,0,0
2,run1_initcall.txt,init_rc_map_medion_x10_digitainer,0.896237,0,0
2,run1_initcall.txt,init_rc_map_medion_x10,0.898314,0,0
2,run1_initcall.txt,init_rc_map_medion_x10_or2x,0.900357,0,0
2,run1_initcall.txt,init_rc_map_minix_neo,0.902392,0,0
2,run1_initcall.txt,init_rc_map_msi_digivox_iii,0.904443,0,0
2,run1_initcall.txt,init_rc_map_msi_digivox_ii,0.906518,0,0
2,run1_initcall.txt,init_rc_map_msi_tvanywhere,0.90854,0,0
2,run1_initcall.txt,init_rc_map_msi_tvanywhere_plus,0.910594,0,0
2,run1_initcall.txt,init_rc_map_mygica_utv3,0.912638,0,0
2,run1_initcall.txt,init_rc_map_nebula,0.914695,0,0
2,run1_initcall.txt,init_rc_map_nec_terratec_cinergy_xs,0.916741,0,0
2,run1_initcall.txt,init_rc_map_norwood,0.918793,0,0
2,run1_initcall.txt,init_rc_map_npgtech,0.920836,0,0
2,run1_initcall.txt,init_rc_map_odroid,0.922867,0,0
2,run1_initcall.txt,init_rc_map_pctv_sedna,0.92485,0,0
2,run1_initcall.txt,init_rc_map_pine64,0.926883,0,0
2,run1_initcall.txt,init_rc_map_pinnacle_color,0.928916,0,0
2,run1_initcall.txt,init_rc_map_pinnacle_grey,0.932127,0,0
2,run1_initcall.txt,init_rc_map_pinnacle_pctv_hd,0.934241,0,0
2,run1_initcall.txt,init_rc_map_pixelview,0.936297,0,0
2,run1_initcall.txt,init_rc_map_pixelview,0.938368,0,0
2,run1_initcall.txt,init_rc_map_pixelview_new,0.940415,0,0
2,run1_initcall.txt,init_rc_map_pixelview,0.942487,0,0
2,run1_initcall.txt,init_rc_map_powercolor_real_angel,0.944572,0,0
2,run1_initcall.txt,init_rc_map_proteus_2309,0.946668,0,0
2,run1_initcall.txt,init_rc_map_purpletv,0.948751,0,0
2,run1_initcall.txt,init_rc_map_pv951,0.950834,0,0
2,run1_initcall.txt,init_rc_map_rc6_mce,0.952902,0,0
2,run1_initcall.txt,init_rc_map_real_audio_220_32_keys,0.954985,0,0
2,run1_initcall.txt,init_rc_map_reddo,0.957047,0,0
2,run1_initcall.txt,init_rc_map_siemens_gigaset_rc20,0.959124,0,0
2,run1_initcall.txt,init_rc_map_snapstream_firefly,0.961219,0,0
2,run1_initcall.txt,init_rc_map_streamzap,0.963332,0,0
2,run1_initcall.txt,init_rc_map_su3000,0.965456,0,0
2,run1_initcall.txt,init_rc_map_tanix_tx3mini,0.967571,0,0
2,run1_initcall.txt,init_rc_map_tanix_tx5max,0.969678,0,0
2,run1_initcall.txt,init_rc_map_tbs_nec,0.971789,0,0
2,run1_initcall.txt,init_rc_map,0.97389,0,0
2,run1_initcall.txt,init_rc_map,0.976022,0,0
2,run1_initcall.txt,init_rc_map_terratec_cinergy_c_pci,0.978161,0,0
2,run1_initcall.txt,init_rc_map_terratec_cinergy_s2_hd,0.980301,0,0
2,run1_initcall.txt,init_rc_map_terratec_cinergy_xs,0.982437,0,0
2,run1_initcall.txt,init_rc_map_terratec_slim_2,0.984557,0,0
2,run1_initcall.txt,init_rc_map_terratec_slim,0.986691,0,0
2,run1_initcall.txt,init_rc_map_tevii_nec,0.98883,0,0
2,run1_initcall.txt,init_rc_map_tivo,0.990946,0,0
2,run1_initcall.txt,init_rc_map_total_media_in_hand_02,0.993102,0,0
2,run1_initcall.txt,init_rc_map_total_media_in_hand,0.995258,0,0
2,run1_initcall.txt,init_rc_map_trekstor,0.997467,0,0
2,run1_initcall.txt,init_rc_map_tt_1500,0.999601,0,0
2,run1_initcall.txt,init_rc_map_twinhan_vp1027,1.001748,0,0
2,run1_initcall.txt,init_rc_map_twinhan_dtv_cab_ci,1.003889,0,0
2,run1_initcall.txt,init_rc_map_vega_s9x,1.006033,0,0
2,run1_initcall.txt,init_rc_map_videomate_k100,1.008134,0,0
2,run1_initcall.txt,init_rc_map_videomate_s350,1.010271,0,0
2,run1_initcall.txt,init_rc_map_videomate_tv_pvr,1.012382,0,0
2,run1_initcall.txt,init_rc_map_kii_pro,1.014487,0,0
2,run1_initcall.txt,init_rc_map_wetek_hub,1.016597,0,0
2,run1_initcall.txt,init_rc_map_wetek_play2,1.018716,0,0
2,run1_initcall.txt,init_rc_map_winfast,1.020829,0,0
2,run1_initcall.txt,init_rc_map_winfast_usbii_deluxe,1.022943,0,0
2,run1_initcall.txt,init_rc_map_x96max,1.025052,0,0
2,run1_initcall.txt,init_rc_map,1.027169,0,0
2,run1_initcall.txt,init_rc_map,1.029278,0,0
2,run1_initcall.txt,init_rc_map_zx_irdec,1.031367,0,0
2,run1_initcall.txt,ptp_kvm_init,1.033461,-95,0
2,run1_initcall.txt,gpio_poweroff_driver_init,1.03563,0,74
2,run1_initcall.txt,bcm2711_thermal_driver_init,1.039068,0,1332
2,run1_initcall.txt,bcm2835_thermal_driver_init,1.041198,0,44
2,run1_initcall.txt,bcm2835_wdt_driver_init,1.043343,0,21
2,run1_initcall.txt,dt_cpufreq_platdrv_init,1.045502,0,25
2,run1_initcall.txt,brcm_avs_cpufreq_platdrv_init,1.047683,0,32
2,run1_initcall.txt,raspberrypi_cpufreq_driver_init,1.052743,0,2897
2,run1_initcall.txt,mmc_pwrseq_simple_driver_init,1.055046,0,56
2,run1_initcall.txt,mmc_pwrseq_emmc_driver_init,1.057253,0,31
2,run1_initcall.txt,mmc_blk_init,1.059491,0,30
2,run1_initcall.txt,sdhci_drv_init,1.063934,0,2208
2,run1_initcall.txt,bcm2835_mmc_driver_init,1.067323,0,1156
2,run1_initcall.txt,bcm2835_driver_init,1.069615,0,33
2,run1_initcall.txt,sdhci_pltfm_drv_init,1.073041,0,1126
2,run1_initcall.txt,sdhci_iproc_driver_init,1.077658,0,74
2,run1_initcall.txt,sdhci_brcmstb_driver_init,1.077731,0,58
2,run1_initcall.txt,esrt_sysfs_init,1.077743,-38,0
2,run1_initcall.txt,smccc_devices_init,1.077757,0,0
2,run1_initcall.txt,smccc_soc_init,1.077766,0,1
2,run1_initcall.txt,arch_timer_mmio_drv_init,1.077805,0,30
2,run1_initcall.txt,arch_timer_mmio_acpi_drv_init,1.077834,0,20
2,run1_initcall.txt,hid_init,1.077899,0,55
2,run1_initcall.txt,hid_generic_init,1.07795,0,39
2,run1_initcall.txt,hid_init,1.078003,0,45
2,run1_initcall.txt,bcm74110_mbox_driver_init,1.078049,0,36
2,run1_initcall.txt,extcon_class_init,1.078067,0,6
2,run1_initcall.txt,armv8_pmu_driver_init,1.115584,0,37508
2,run1_initcall.txt,binder_init,1.119067,0,54
2,run1_initcall.txt,rpi_otp_driver_init,1.125154,0,3762
2,run1_initcall.txt,sock_diag_init,1.129593,0,29
2,run1_initcall.txt,blackhole_init,1.131804,0,1
2,run1_initcall.txt,cls_bpf_init_mod,1.134005,0,0
2,run1_initcall.txt,gre_offload_init,1.136183,0,0
2,run1_initcall.txt,sysctl_ipv4_init,1.138425,0,69
2,run1_initcall.txt,cubictcp_register,1.140531,0,2
2,run1_initcall.txt,packet_init,1.143759,0,1076
2,run1_initcall.txt,init_rpcsec_gss,1.145926,0,16
2,run1_initcall.txt,init_kerberos_module,1.148051,0,4
2,run1_initcall.txt,dcbnl_init,1.150191,0,2
2,run1_initcall.txt,init_dns_resolver,1.153363,0,1064
2,run1_initcall.txt,handshake_init,1.155537,0,28
2,run1_initcall.txt,check_mmu_enabled_at_boot,1.157656,0,0
2,run1_initcall.txt,finalize_pkvm,1.159815,0,0
2,run1_initcall.txt,kernel_do_mounts_initrd_sysctls_init,1.163137,0,5
2,run1_initcall.txt,kernel_panic_sysctls_init,1.165329,0,11
2,run1_initcall.txt,kernel_panic_sysfs_init,1.16751,0,4
2,run1_initcall.txt,kernel_exit_sysctls_init,1.169715,0,2
2,run1_initcall.txt,kernel_exit_sysfs_init,1.171914,0,3
2,run1_initcall.txt,param_sysfs_builtin_init,1.183274,0,9186
2,run1_initcall.txt,reboot_ksysfs_init,1.185593,0,20
2,run1_initcall.txt,sched_core_sysctl_init,1.187818,0,3
2,run1_initcall.txt,sched_fair_sysctl_init,1.190055,0,2
2,run1_initcall.txt,sched_rt_sysctl_init,1.192175,0,3
2,run1_initcall.txt,sched_dl_sysctl_init,1.194323,0,2
2,run1_initcall.txt,sched_init_debug,1.196532,0,79
2,run1_initcall.txt,cpu_latency_qos_init,1.199383,0,648
2,run1_initcall.txt,printk_late_init,1.201634,0,21
2,run1_initcall.txt,init_srcu_module_notifier,1.203812,0,1
2,run1_initcall.txt,kernel_rcu_stall_sysfs_init,1.206246,0,9
2,run1_initcall.txt,swiotlb_create_default_debugfs,1.208457,0,33
2,run1_initcall.txt,tk_debug_sleep_time_init,1.210731,0,3
2,run1_initcall.txt,bpf_ksym_iter_register,1.212984,0,1
2,run1_initcall.txt,kernel_acct_sysctls_init,1.215262,0,4
2,run1_initcall.txt,bpf_rstat_kfunc_init,1.21753,0,1
2,run1_initcall.txt,debugfs_kprobe_init,1.219815,0,23
2,run1_initcall.txt,kernel_delayacct_sysctls_init,1.222086,0,3
2,run1_initcall.txt,taskstats_init,1.225494,0,1200
2,run1_initcall.txt,bpf_global_ma_init,1.227955,0,117
2,run1_initcall.txt,bpf_syscall_sysctl_init,1.230355,0,4
2,run1_initcall.txt,unbound_reg_init,1.232684,0,0
2,run1_initcall.txt,kfunc_init,1.234916,0,1
2,run1_initcall.txt,bpf_map_iter_init,1.237159,0,0
2,run1_initcall.txt,init_subsystem,1.239382,0,0
2,run1_initcall.txt,task_iter_init,1.241568,0,1
2,run1_initcall.txt,bpf_prog_iter_init,1.243773,0,0
2,run1_initcall.txt,bpf_link_iter_init,1.246002,0,0
2,run1_initcall.txt,init_trampolines,1.248172,0,2
2,run1_initcall.txt,rqspinlock_register_kfuncs,1.250332,0,0
2,run1_initcall.txt,kfunc_init,1.252476,0,0
2,run1_initcall.txt,bpf_cgroup_iter_init,1.254612,0,0
2,run1_initcall.txt,cpumask_kfunc_init,1.256735,0,7
2,run1_initcall.txt,crypto_kfunc_init,1.258825,0,0
2,run1_initcall.txt,bpf_kmem_cache_iter_init,1.260958,0,0
2,run1_initcall.txt,dmabuf_iter_init,1.263161,0,0
2,run1_initcall.txt,load_system_certificate_list,1.266378,0,1071
2,run1_initcall.txt,init_lru_gen,1.268565,0,14
2,run1_initcall.txt,vmstat_late_init,1.270753,0,2
2,run1_initcall.txt,fault_around_debugfs,1.272911,0,2
2,run1_initcall.txt,slab_sysfs_init,1.278907,0,3724
2,run1_initcall.txt,max_swapfiles_check,1.281087,0,0
2,run1_initcall.txt,zswap_init,1.283195,0,0
2,run1_initcall.txt,mempolicy_sysfs_init,1.285349,0,17
2,run1_initcall.txt,memory_tier_late_init,1.289659,0,2188
2,run1_initcall.txt,check_early_ioremap_leak,1.29173,0,0
2,run1_initcall.txt,mg_debugfs_init,1.293867,0,14
2,run1_initcall.txt,fscrypt_init,1.29816,0,2195
2,run1_initcall.txt,pstore_init,1.300267,0,10
2,run1_initcall.txt,init_root_keyring,1.302396,0,31
2,run1_initcall.txt,init_profile_hash,1.304493,0,0
2,run1_initcall.txt,integrity_fs_init,1.306616,0,6
2,run1_initcall.txt,crypto_algapi_init,1.308692,0,7
2,run1_initcall.txt,blk_timeout_init,1.310799,0,0
2,run1_initcall.txt,depot_debugfs_init,1.312914,0,5
2,run1_initcall.txt,pci_resource_alignment_sysfs_init,1.315058,0,5
2,run1_initcall.txt,pci_sysfs_init,1.317215,0,12
2,run1_initcall.txt,clk_debug_init,1.319691,0,335
2,run1_initcall.txt,genpd_debug_init,1.322189,0,331
2,run1_initcall.txt,sync_state_resume_initcall,1.324325,0,0
2,run1_initcall.txt,deferred_probe_initcall,1.39012,0,63608
2,run1_initcall.txt,efi_shutdown_init,1.392283,-19,0
2,run1_initcall.txt,efi_earlycon_unmap_fb,1.394318,0,0
2,run1_initcall.txt,psci_debugfs_init,1.396347,0,0
2,run1_initcall.txt,of_cfs_init,1.400377,0,2012
2,run1_initcall.txt,of_fdt_raw_init,1.40241,0,30
2,run1_initcall.txt,bpf_kfunc_init,1.404414,0,1
2,run1_initcall.txt,init_subsystem,1.406421,0,0
2,run1_initcall.txt,xdp_metadata_init,1.408363,0,0
2,run1_initcall.txt,bpf_sockmap_iter_init,1.410336,0,1
2,run1_initcall.txt,bpf_sk_storage_map_iter_init,1.412313,0,0
2,run1_initcall.txt,bpf_prog_test_run_init,1.414301,0,1
2,run1_initcall.txt,bpf_dummy_struct_ops_init,1.416275,0,0
2,run1_initcall.txt,tcp_congestion_default,1.418265,0,1
2,run1_initcall.txt,inet_blackhole_dev_init,1.42023,0,5
2,run1_initcall.txt,ip_auto_config,1.42221,0,12
2,run1_initcall.txt,tcp_bpf_v4_build_proto,1.424133,0,0
2,run1_initcall.txt,udp_bpf_v4_build_proto,1.426073,0,0
2,run1_initcall.txt,bpf_tcp_ca_kfunc_init,1.427995,0,0
2,run1_initcall.txt,bpf_mptcp_kfunc_init,1.429911,0,0
2,run1_initcall.txt,fb_logo_late_init,1.431819,0,0
2,run1_initcall.txt,amba_stub_drv_init,1.431861,0,32
2,run1_initcall.txt,clk_disable_unused,1.434758,0,982
2,run1_initcall.txt,genpd_power_off_unused,1.441754,0,1062
2,run1_initcall.txt,regulator_init_complete,1.443889,0,1
2,run1_initcall.txt,of_platform_sync_state_init,1.446066,0,15
3,run2_initcall.txt,cpufreq_gov_performance_init,0.013927,0,0
3,run2_initcall.txt,cpufreq_gov_powersave_init,0.013946,0,0
3,run2_initcall.txt,cpufreq_gov_userspace_init,0.013964,0,0
3,run2_initcall.txt,CPU_FREQ_GOV_ONDEMAND_init,0.013982,0,0
3,run2_initcall.txt,CPU_FREQ_GOV_CONSERVATIVE_init,0.014,0,0
3,run2_initcall.txt,cpufreq_dt_platdev_init,0.014039,-19,0
3,run2_initcall.txt,cpuidle_init,0.014063,0,0
3,run2_initcall.txt,rpi_firmware_init,0.014095,0,0
3,run2_initcall.txt,arm_dmi_init,0.014116,0,0
3,run2_initcall.txt,arch_timer_evtstrm_register,0.014235,0,0
3,run2_initcall.txt,sock_init,0.016303,0,4000
3,run2_initcall.txt,net_inuse_init,0.016329,0,0
3,run2_initcall.txt,sock_struct_check,0.016345,0,0
3,run2_initcall.txt,init_default_flow_dissectors,0.016361,0,0
3,run2_initcall.txt,netlink_proto_init,0.016455,0,0
3,run2_initcall.txt,genl_init,0.016484,0,0
3,run2_initcall.txt,debug_monitors_init,0.016623,0,0
3,run2_initcall.txt,init_overflow_sysctl,0.016649,0,0
3,run2_initcall.txt,irq_sysfs_init,0.016776,0,0
3,run2_initcall.txt,dma_atomic_pool_init,0.017385,0,0
3,run2_initcall.txt,audit_init,0.017525,0,0
3,run2_initcall.txt,bdi_class_init,0.017643,0,0
3,run2_initcall.txt,mm_sysfs_init,0.017661,0,0
3,run2_initcall.txt,init_per_zone_wmark_min,0.017685,0,0
3,run2_initcall.txt,ramoops_init,0.017721,0,0
3,run2_initcall.txt,gpiolib_sysfs_init,0.017745,0,0
3,run2_initcall.txt,pcibus_class_init,0.017763,0,0
3,run2_initcall.txt,pci_driver_init,0.017801,0,0
3,run2_initcall.txt,amba_init,0.017825,0,0
3,run2_initcall.txt,__bcm2835_clk_driver_init,0.017847,0,0
3,run2_initcall.txt,tty_class_init,0.017875,0,0
3,run2_initcall.txt,vtconsole_class_init,0.017928,0,0
3,run2_initcall.txt,serdev_init,0.017955,0,0
3,run2_initcall.txt,iommu_dev_init,0.017976,0,0
3,run2_initcall.txt,mipi_dsi_bus_init,0.018005,0,0
3,run2_initcall.txt,devlink_class_init,0.018027,0,0
3,run2_initcall.txt,software_node_init,0.018046,0,0
3,run2_initcall.txt,regmap_initcall,0.018066,0,0
3,run2_initcall.txt,sram_init,0.018091,0,0
3,run2_initcall.txt,spi_init,0.018127,0,0
3,run2_initcall.txt,i2c_init,0.018165,0,0
3,run2_initcall.txt,thermal_init,0.018203,0,0
3,run2_initcall.txt,init_menu,0.018255,0,0
3,run2_initcall.txt,efipostcore_init,0.018273,0,0
3,run2_initcall.txt,kobject_uevent_init,0.018295,0,0
3,run2_initcall.txt,init_uevent_helper_sysctl,0.018313,0,0
3,run2_initcall.txt,reserve_memblock_reserved_regions,0.018412,0,0
3,run2_initcall.txt,aarch32_alloc_vdso_pages,0.018433,0,0
3,run2_initcall.txt,vdso_init,0.018449,0,0
3,run2_initcall.txt,arm64_create_dummy_rsi_dev,0.018465,0,0
3,run2_initcall.txt,arch_hw_breakpoint_init,0.018525,0,0
3,run2_initcall.txt,adjust_protection_map,0.018544,0,0
3,run2_initcall.txt,asids_update_limit,0.018569,0,0
3,run2_initcall.txt,kcmp_cookies_init,0.018586,0,0
3,run2_initcall.txt,dma_channel_table_init,0.018611,0,0
3,run2_initcall.txt,dma_bus_init,0.018659,0,0
3,run2_initcall.txt,brcmstb_soc_device_init,0.018966,0,0
3,run2_initcall.txt,serial_base_init,0.019015,0,0
3,run2_initcall.txt,pl011_init,0.019055,0,0
3,run2_initcall.txt,iommu_dma_init,0.019083,0,0
3,run2_initcall.txt,dmi_id_init,0.019102,-19,0
3,run2_initcall.txt,bcm2835_mbox_init,0.019129,0,0
3,run2_initcall.txt,of_platform_default_populate_init,0.040433,0,24000
3,run2_initcall.txt,register_mte_tcf_preferred_sysctl,0.040534,0,0
3,run2_initcall.txt,init_fork_sysctl,0.040562,0,0
3,run2_initcall.txt,uid_cache_init,0.040604,0,0
3,run2_initcall.txt,pid_namespace_sysctl_init,0.040627,0,0
3,run2_initcall.txt,param_sysfs_init,0.040646,0,0
3,run2_initcall.txt,user_namespace_sysctl_init,0.040676,0,0
3,run2_initcall.txt,proc_schedstat_init,0.040698,0,0
3,run2_initcall.txt,init_rtmutex_sysctl,0.040715,0,0
3,run2_initcall.txt,pm_sysrq_init,0.040762,0,0
3,run2_initcall.txt,init_rcu_stall_sysctl,0.04078,0,0
3,run2_initcall.txt,init_module_sysctl,0.040799,0,0
3,run2_initcall.txt,create_proc_profile,0.040815,0,0
3,run2_initcall.txt,cgroup_sysfs_init,0.040835,0,0
3,run2_initcall.txt,user_namespaces_init,0.040862,0,0
3,run2_initcall.txt,hung_task_init,0.040959,0,0
3,run2_initcall.txt,dev_map_init,0.040977,0,0
3,run2_initcall.txt,netns_bpf_init,0.040991,0,0
3,run2_initcall.txt,oom_init,0.041054,0,0
3,run2_initcall.txt,init_user_buckets,0.041069,0,0
3,run2_initcall.txt,init_vm_util_sysctls,0.041087,0,0
3,run2_initcall.txt,default_bdi_init,0.041191,0,0
3,run2_initcall.txt,cgwb_init,0.041211,0,0
3,run2_initcall.txt,percpu_enable_async,0.041224,0,0
3,run2_initcall.txt,kcompactd_init,0.041329,0,0
3,run2_initcall.txt,init_mm_sysctl,0.041348,0,0
3,run2_initcall.txt,init_user_reserve,0.041364,0,0
3,run2_initcall.txt,init_admin_reserve,0.041378,0,0
3,run2_initcall.txt,init_reserve_notifier,0.041392,0,0
3,run2_initcall.txt,swap_init,0.041413,0,0
3,run2_initcall.txt,swapfile_init,0.041434,0,0
3,run2_initcall.txt,memory_tier_init,0.041476,0,0
3,run2_initcall.txt,numa_init_sysfs,0.041496,0,0
3,run2_initcall.txt,mem_cgroup_swap_init,0.041513,0,0
3,run2_initcall.txt,init_msg_buckets,0.041529,0,0
3,run2_initcall.txt,init_bio,0.041573,0,0
3,run2_initcall.txt,blk_ioc_init,0.041593,0,0
3,run2_initcall.txt,blk_mq_init,0.041611,0,0
3,run2_initcall.txt,genhd_device_init,0.041702,0,0
3,run2_initcall.txt,blkcg_punt_bio_init,0.041812,0,0
3,run2_initcall.txt,blk_integrity_auto_init,0.04188,0,0
3,run2_initcall.txt,io_wq_init,0.0419,0,0
3,run2_initcall.txt,crc_t10dif_mod_init,0.041925,0,0
3,run2_initcall.txt,sha256_mod_init,0.041944,0,0
3,run2_initcall.txt,sha512_mod_init,0.04196,0,0
3,run2_initcall.txt,sg_pool_init,0.041992,0,0
3,run2_initcall.txt,gpiolib_debugfs_init,0.042013,0,0
3,run2_initcall.txt,stmpe_gpio_init,0.042082,0,0
3,run2_initcall.txt,pwm_init,0.042104,0,0
3,run2_initcall.txt,leds_init,0.04213,0,0
3,run2_initcall.txt,pci_slot_init,0.042149,0,0
3,run2_initcall.txt,fbmem_init,0.042202,0,0
3,run2_initcall.txt,bcm2835_dma_init,0.042888,0,0
3,run2_initcall.txt,regulator_fixed_voltage_init,0.042953,0,0
3,run2_initcall.txt,gpio_regulator_init,0.043003,0,0
3,run2_initcall.txt,init_sysrq_sysctl,0.043028,0,0
3,run2_initcall.txt,misc_init,0.043058,0,0
3,run2_initcall.txt,iommu_subsys_init,0.043089,0,0
3,run2_initcall.txt,register_cpu_capacity_sysctl,0.043413,0,0
3,run2_initcall.txt,dma_buf_init,0.043472,0,0
3,run2_initcall.txt,dma_heap_init,0.0435,0,0
3,run2_initcall.txt,init_scsi,0.043591,0,0
3,run2_initcall.txt,mdio_bus_init,0.043617,0,0
3,run2_initcall.txt,phy_init,0.043659,0,0
3,run2_initcall.txt,usb_common_init,0.043676,0,0
3,run2_initcall.txt,usb_init,0.043778,0,0
3,run2_initcall.txt,usb_phy_generic_init,0.043902,0,0
3,run2_initcall.txt,usb_udc_init,0.043931,0,0
3,run2_initcall.txt,usb_roles_init,0.043949,0,0
3,run2_initcall.txt,input_init,0.043972,0,0
3,run2_initcall.txt,rtc_init,0.043993,0,0
3,run2_initcall.txt,rc_core_init,0.04402,0,0
3,run2_initcall.txt,pps_init,0.044053,0,0
3,run2_initcall.txt,ptp_init,0.044077,0,0
3,run2_initcall.txt,power_supply_class_init,0.044108,0,0
3,run2_initcall.txt,hwmon_init,0.044129,0,0
3,run2_initcall.txt,mmc_init,0.044178,0,0
3,run2_initcall.txt,dmi_init,0.044196,0,0
3,run2_initcall.txt,efisubsys_init,0.044211,0,0
3,run2_initcall.txt,arm_pmu_hp_init,0.044228,0,0
3,run2_initcall.txt,ras_init,0.044249,0,0
3,run2_initcall.txt,nvmem_init,0.044282,0,0
3,run2_initcall.txt,init_soundcore,0.044303,0,0
3,run2_initcall.txt,proto_init,0.044322,0,0
3,run2_initcall.txt,net_dev_init,0.044531,0,0
3,run2_initcall.txt,neigh_init,0.044552,0,0
3,run2_initcall.txt,fib_notifier_init,0.044568,0,0
3,run2_initcall.txt,netdev_genl_init,0.044606,0,0
3,run2_initcall.txt,page_pool_user_init,0.044624,0,0
3,run2_initcall.txt,fib_rules_init,0.044642,0,0
3,run2_initcall.txt,init_cgroup_netprio,0.044658,0,0
3,run2_initcall.txt,bpf_lwt_init,0.044674,0,0
3,run2_initcall.txt,pktsched_init,0.044694,0,0
3,run2_initcall.txt,tc_filter_init,0.044726,0,0
3,run2_initcall.txt,tc_action_init,0.044743,0,0
3,run2_initcall.txt,ethnl_init,0.044816,0,0
3,run2_initcall.txt,nexthop_init,0.044838,0,0
3,run2_initcall.txt,devlink_init,0.044915,0,0
3,run2_initcall.txt,wireless_nlevent_init,0.044935,0,0
3,run2_initcall.txt,vsprintf_init_hashval,0.044954,0,0
3,run2_initcall.txt,init_32bit_el0_mask,0.044968,0,0
3,run2_initcall.txt,vga_arb_device_init,0.04508,0,0
3,run2_initcall.txt,watchdog_init,0.045175,0,0
3,run2_initcall.txt,create_debug_debugfs_entry,0.045279,0,0
3,run2_initcall.txt,iomem_init_inode,0.045314,0,0
3,run2_initcall.txt,clocksource_done_booting,0.045359,0,12
3,run2_initcall.txt,bpf_init,0.045382,0,4
3,run2_initcall.txt,secretmem_init,0.045413,0,13
3,run2_initcall.txt,init_fs_stat_sysctls,0.045441,0,8
3,run2_initcall.txt,init_fs_exec_sysctls,0.045459,0,1
3,run2_initcall.txt,init_pipe_fs,0.045488,0,11
3,run2_initcall.txt,init_fs_namei_sysctls,0.04551,0,2
3,run2_initcall.txt,init_fs_dcache_sysctls,0.045533,0,5
3,run2_initcall.txt,init_fs_namespace_sysctls,0.045551,0,1
3,run2_initcall.txt,cgroup_writeback_init,0.045571,0,6
3,run2_initcall.txt,inotify_user_setup,0.045599,0,13
3,run2_initcall.txt,eventpoll_init,0.045632,0,18
3,run2_initcall.txt,anon_inode_init,0.04566,0,13
3,run2_initcall.txt,proc_locks_init,0.04568,0,3
3,run2_initcall.txt,backing_aio_init,0.045696,0,2
3,run2_initcall.txt,init_fs_coredump_sysctls,0.045716,0,6
3,run2_initcall.txt,init_vm_drop_caches_sysctls,0.045734,0,2
3,run2_initcall.txt,iomap_dio_init,0.045769,0,20
3,run2_initcall.txt,iomap_ioend_init,0.045803,0,20
3,run2_initcall.txt,dquot_init,0.045893,0,74
3,run2_initcall.txt,proc_cmdline_init,0.045913,0,2
3,run2_initcall.txt,proc_consoles_init,0.045928,0,1
3,run2_initcall.txt,proc_cpuinfo_init,0.045943,0,1
3,run2_initcall.txt,proc_devices_init,0.045958,0,0
3,run2_initcall.txt,proc_interrupts_init,0.045973,0,1
3,run2_initcall.txt,proc_loadavg_init,0.045987,0,0
3,run2_initcall.txt,proc_meminfo_init,0.046002,0,0
3,run2_initcall.txt,proc_stat_init,0.046016,0,1
3,run2_initcall.txt,proc_uptime_init,0.046032,0,1
3,run2_initcall.txt,proc_version_init,0.046046,0,0
3,run2_initcall.txt,proc_softirqs_init,0.046061,0,0
3,run2_initcall.txt,proc_kmsg_init,0.046077,0,1
3,run2_initcall.txt,proc_page_init,0.046096,0,5
3,run2_initcall.txt,init_ramfs_fs,0.046112,0,1
3,run2_initcall.txt,aa_create_aafs,0.046128,0,0
3,run2_initcall.txt,chr_dev_init,0.049011,0,2865
3,run2_initcall.txt,hwrng_modinit,0.049098,0,55
3,run2_initcall.txt,firmware_class_init,0.049118,0,1
3,run2_initcall.txt,sysctl_core_init,0.049162,0,27
3,run2_initcall.txt,eth_offload_init,0.049179,0,0
3,run2_initcall.txt,ipv4_offload_init,0.049196,0,1
3,run2_initcall.txt,inet_init,0.052865,0,3653
3,run2_initcall.txt,af_unix_init,0.052924,0,25
3,run2_initcall.txt,ipv6_offload_init,0.052953,0,1
3,run2_initcall.txt,init_sunrpc,0.053297,0,327
3,run2_initcall.txt,vlan_offload_init,0.053316,0,0
3,run2_initcall.txt,pci_apply_final_quirks,0.053345,0,11
3,run2_initcall.txt,populate_rootfs,0.053383,0,6
3,run2_initcall.txt,register_arm64_panic_block,0.053485,0,0
3,run2_initcall.txt,cpuinfo_regs_init,0.05358,0,78
3,run2_initcall.txt,aarch32_el0_sysfs_init,0.053597,0,0
3,run2_initcall.txt,kvm_arm_init,0.056995,0,3379
3,run2_initcall.txt,proc_execdomains_init,0.057037,0,3
3,run2_initcall.txt,register_warn_debugfs,0.057059,0,3
3,run2_initcall.txt,cpuhp_sysfs_init,0.057099,0,22
3,run2_initcall.txt,ioresources_init,0.057118,0,3
3,run2_initcall.txt,psi_proc_init,0.057132,0,0
3,run2_initcall.txt,irq_gc_init_ops,0.057155,0,0
3,run2_initcall.txt,irq_debugfs_init,0.057242,0,72
3,run2_initcall.txt,proc_modules_init,0.057261,0,2
3,run2_initcall.txt,timer_sysctl_init,0.057285,0,8
3,run2_initcall.txt,timekeeping_init_ops,0.057301,0,0
3,run2_initcall.txt,init_clocksource_sysfs,0.057394,0,77
3,run2_initcall.txt,init_timer_list_procfs,0.057416,0,2
3,run2_initcall.txt,alarmtimer_init,0.057476,0,44
3,run2_initcall.txt,clockevents_init_sysfs,0.057603,0,107
3,run2_initcall.txt,sched_clock_syscore_init,0.057622,0,0
3,run2_initcall.txt,kallsyms_init,0.05764,0,1
3,run2_initcall.txt,pid_namespaces_init,0.057678,0,21
3,run2_initcall.txt,audit_watch_init,0.057697,0,0
3,run2_initcall.txt,audit_fsnotify_init,0.057714,0,0
3,run2_initcall.txt,audit_tree_init,0.057733,0,2
3,run2_initcall.txt,seccomp_sysctl_init,0.057754,0,4
3,run2_initcall.txt,utsname_sysctl_init,0.057779,0,6
3,run2_initcall.txt,init_lstats_procfs,0.057799,0,3
3,run2_initcall.txt,perf_event_sysfs_init,0.057868,0,52
3,run2_initcall.txt,system_trusted_keyring_init,0.057897,0,14
3,run2_initcall.txt,kswapd_init,0.058079,0,168
3,run2_initcall.txt,extfrag_debug_init,0.058104,0,8
3,run2_initcall.txt,mm_compute_batch_init,0.058121,0,0
3,run2_initcall.txt,slab_proc_init,0.058137,0,1
3,run2_initcall.txt,workingset_init,0.058159,0,7
3,run2_initcall.txt,proc_vmalloc_init,0.058177,0,3
3,run2_initcall.txt,memblock_init_debugfs,0.058198,0,5
3,run2_initcall.txt,slab_debugfs_init,0.058219,0,4
3,run2_initcall.txt,procswaps_init,0.058237,0,1
3,run2_initcall.txt,zs_init,0.058253,0,0
3,run2_initcall.txt,fcntl_init,0.058272,0,2
3,run2_initcall.txt,proc_filesystems_init,0.058291,0,1
3,run2_initcall.txt,start_dirtytime_writeback,0.058312,0,4
3,run2_initcall.txt,dio_init,0.058326,0,1
3,run2_initcall.txt,dnotify_init,0.058352,0,13
3,run2_initcall.txt,fanotify_user_setup,0.058376,0,9
3,run2_initcall.txt,aio_setup,0.058429,0,38
3,run2_initcall.txt,mbcache_init,0.05845,0,6
3,run2_initcall.txt,init_grace,0.058467,0,2
3,run2_initcall.txt,init_devpts_fs,0.058488,0,7
3,run2_initcall.txt,ext4_init_fs,0.058575,0,72
3,run2_initcall.txt,journal_init,0.058606,0,15
3,run2_initcall.txt,init_fat_fs,0.058627,0,6
3,run2_initcall.txt,init_vfat_fs,0.058643,0,1
3,run2_initcall.txt,init_msdos_fs,0.058657,0,0
3,run2_initcall.txt,init_nfs_fs,0.0588,0,127
3,run2_initcall.txt,init_nfs_v2,0.058818,0,0
3,run2_initcall.txt,init_nfs_v3,0.058833,0,0
3,run2_initcall.txt,init_nfs_v4,0.058873,0,26
3,run2_initcall.txt,nfs4filelayout_init,0.058895,0,5
3,run2_initcall.txt,nfs4flexfilelayout_init,0.058915,0,6
3,run2_initcall.txt,init_nlm,0.058957,0,26
3,run2_initcall.txt,init_nls_cp437,0.058974,0,0
3,run2_initcall.txt,init_nls_ascii,0.05899,0,0
3,run2_initcall.txt,init_autofs_fs,0.059098,0,93
3,run2_initcall.txt,init_f2fs_fs,0.059234,0,119
3,run2_initcall.txt,ipc_init,0.059264,0,13
3,run2_initcall.txt,ipc_sysctl_init,0.059298,0,17
3,run2_initcall.txt,init_mqueue_fs,0.059347,0,33
3,run2_initcall.txt,key_proc_init,0.059367,0,2
3,run2_initcall.txt,bpf_crypto_skcipher_init,0.059384,0,0
3,run2_initcall.txt,dh_init,0.059406,0,3
3,run2_initcall.txt,rsa_init,0.059423,0,1
3,run2_initcall.txt,cryptomgr_init,0.059439,0,0
3,run2_initcall.txt,hmac_module_init,0.059456,0,0
3,run2_initcall.txt,crypto_sha256_mod_init,0.059476,0,4
3,run2_initcall.txt,crypto_ecb_module_init,0.059492,0,0
3,run2_initcall.txt,crypto_cbc_module_init,0.059508,0,0
3,run2_initcall.txt,crypto_cts_module_init,0.059525,0,0
3,run2_initcall.txt,xts_module_init,0.059541,0,0
3,run2_initcall.txt,des_generic_mod_init,0.059559,0,1
3,run2_initcall.txt,aes_init,0.059576,0,0
3,run2_initcall.txt,lzo_mod_init,0.059593,0,1
3,run2_initcall.txt,lzorle_mod_init,0.059609,0,0
3,run2_initcall.txt,asymmetric_key_init,0.059631,0,5
3,run2_initcall.txt,x509_key_init,0.059653,0,5
3,run2_initcall.txt,crypto_kdf108_init,0.059669,0,0
3,run2_initcall.txt,blkdev_init,0.059697,0,11
3,run2_initcall.txt,proc_genhd_init,0.059718,0,3
3,run2_initcall.txt,bsg_init,0.059751,0,15
3,run2_initcall.txt,throtl_init,0.059843,0,75
3,run2_initcall.txt,deadline_init,0.059868,0,6
3,run2_initcall.txt,kyber_init,0.05989,0,5
3,run2_initcall.txt,bfq_init,0.059924,0,18
3,run2_initcall.txt,io_uring_init,0.059962,0,20
3,run2_initcall.txt,percpu_counter_startup,0.060018,0,36
3,run2_initcall.txt,audit_classes_init,0.060039,0,2
3,run2_initcall.txt,gicv5_iwb_platform_driver_init,0.060118,0,62
3,run2_initcall.txt,mip_msi_driver_init,0.060159,0,26
3,run2_initcall.txt,bcm7038_l1_driver_init,0.0602,0,26
3,run2_initcall.txt,bcm7120_l2_driver_init,0.060244,0,29
3,run2_initcall.txt,brcmstb_l2_driver_init,0.060298,0,40
3,run2_initcall.txt,simple_pm_bus_driver_init,0.060858,0,543
3,run2_initcall.txt,phy_core_init,0.060889,0,14
3,run2_initcall.txt,brcm_usb_driver_init,0.060956,0,52
3,run2_initcall.txt,rp1_pinctrl_driver_init,0.060997,0,26
3,run2_initcall.txt,bcm2835_pinctrl_driver_init,0.061814,0,801
3,run2_initcall.txt,bcm2712_pinctrl_driver_init,0.061872,0,40
3,run2_initcall.txt,brcmvirt_gpio_driver_init,0.06193,0,36
3,run2_initcall.txt,brcmstb_gpio_driver_init,0.061972,0,27
3,run2_initcall.txt,rpi_exp_gpio_driver_init,0.062333,0,345
3,run2_initcall.txt,brcmstb_pwm_driver_init,0.062377,0,28
3,run2_initcall.txt,rp1_pwm_driver_init,0.06242,0,27
3,run2_initcall.txt,gpio_led_driver_init,0.064157,0,1722
3,run2_initcall.txt,led_pwm_driver_init,0.064213,0,38
3,run2_initcall.txt,timer_led_trigger_init,0.06423,0,1
3,run2_initcall.txt,oneshot_led_trigger_init,0.064244,0,0
3,run2_initcall.txt,heartbeat_trig_init,0.064263,0,2
3,run2_initcall.txt,bl_led_trigger_init,0.064277,0,0
3,run2_initcall.txt,ledtrig_cpu_init,0.064337,0,46
3,run2_initcall.txt,defon_led_trigger_init,0.064381,0,29
3,run2_initcall.txt,input_trig_init,0.064398,0,1
3,run2_initcall.txt,ledtrig_panic_init,0.064412,0,1
3,run2_initcall.txt,actpwr_trig_init,0.064565,0,138
3,run2_initcall.txt,pcie_portdrv_init,0.064633,0,51
3,run2_initcall.txt,pci_proc_init,0.064657,0,8
3,run2_initcall.txt,brcm_pcie_driver_init,0.178186,0,113514
3,run2_initcall.txt,bcm2708_fb_init,0.190364,0,12157
3,run2_initcall.txt,simplefb_driver_init,0.190464,0,44
3,run2_initcall.txt,of_fixed_factor_clk_driver_init,0.190542,0,31
3,run2_initcall.txt,of_fixed_clk_driver_init,0.190615,0,27
3,run2_initcall.txt,gpio_clk_driver_init,0.19069,0,32
3,run2_initcall.txt,gated_fixed_clk_driver_init,0.190761,0,27
3,run2_initcall.txt,rp1_clk_driver_init,0.190832,0,28
3,run2_initcall.txt,rp1_sdio_clk_driver_init,0.190905,0,30
3,run2_initcall.txt,clk_dvp_driver_init,0.190976,0,27
3,run2_initcall.txt,bcm2835_aux_clk_driver_init,0.191079,0,59
3,run2_initcall.txt,raspberrypi_clk_driver_init,0.206511,0,15386
3,run2_initcall.txt,dw_driver_init,0.206594,0,36
3,run2_initcall.txt,bcm2835_power_driver_init,0.206657,0,19
3,run2_initcall.txt,rpi_power_driver_init,0.224796,0,18094
3,run2_initcall.txt,brcmstb_reset_driver_init,0.22672,0,32
3,run2_initcall.txt,brcm_rescal_reset_driver_init,0.22862,0,33
3,run2_initcall.txt,rpi_reset_driver_init,0.231501,0,1023
3,run2_initcall.txt,reset_simple_driver_init,0.233486,0,62
3,run2_initcall.txt,n_null_init,0.23539,0,0
3,run2_initcall.txt,pty_init,0.237376,0,83
3,run2_initcall.txt,sysrq_init,0.23929,0,13
3,run2_initcall.txt,serial8250_init,0.241195,-19,0
3,run2_initcall.txt,bcm2835aux_serial_driver_init,0.243151,0,34
3,run2_initcall.txt,brcmuart_init,0.245097,0,45
3,run2_initcall.txt,exar_pci_driver_init,0.247017,0,26
3,run2_initcall.txt,of_platform_serial_driver_init,0.248977,0,69
3,run2_initcall.txt,serial_pci_driver_init,0.250922,0,28
3,run2_initcall.txt,pericom8250_pci_driver_init,0.252845,0,21
3,run2_initcall.txt,init_kgdboc,0.255767,0,1009
3,run2_initcall.txt,random_sysctls_init,0.257687,0,21
3,run2_initcall.txt,ttyprintk_init,0.259664,0,56
3,run2_initcall.txt,bcm2835_rng_driver_init,0.261643,0,48
3,run2_initcall.txt,bcm74110_rng_driver_init,0.263625,0,30
3,run2_initcall.txt,iproc_rng200_driver_init,0.267818,0,2212
3,run2_initcall.txt,smccc_trng_driver_init,0.269927,0,22
3,run2_initcall.txt,vc_mem_init,0.273242,0,1185
3,run2_initcall.txt,vcio_driver_init,0.276846,0,1403
3,run2_initcall.txt,bcm2712_iommu_driver_init,0.279157,0,33
3,run2_initcall.txt,bcm2712_iommu_cache_driver_init,0.281482,0,31
3,run2_initcall.txt,topology_sysfs_init,0.283909,0,60
3,run2_initcall.txt,cacheinfo_sysfs_init,0.286547,0,240
3,run2_initcall.txt,devcoredump_init,0.288963,0,9
3,run2_initcall.txt,brd_init,0.296105,0,4765
3,run2_initcall.txt,loop_init,0.302145,0,3690
3,run2_initcall.txt,bcm2835_pm_driver_init,0.305772,0,1295
3,run2_initcall.txt,stmpe_i2c_driver_init,0.308114,0,14
3,run2_initcall.txt,stmpe_spi_driver_init,0.310456,0,12
3,run2_initcall.txt,rp1_driver_init,0.312813,0,26
3,run2_initcall.txt,system_heap_create,0.315196,0,85
3,run2_initcall.txt,add_default_cma_heap,0.317623,0,78
3,run2_initcall.txt,udmabuf_dev_init,0.319994,0,43
3,run2_initcall.txt,iscsi_transport_init,0.323754,0,1414
3,run2_initcall.txt,init_sd,0.326134,0,23
3,run2_initcall.txt,nvme_core_init,0.328718,0,244
3,run2_initcall.txt,nvme_init,0.331064,0,28
3,run2_initcall.txt,blackhole_netdev_init,0.333435,0,25
3,run2_initcall.txt,netkit_init,0.335758,0,6
3,run2_initcall.txt,phylink_init,0.338082,0,0
3,run2_initcall.txt,phy_module_init,0.340566,0,166
3,run2_initcall.txt,phy_module_init,0.343055,0,179
3,run2_initcall.txt,fixed_mdio_bus_init,0.345527,0,146
3,run2_initcall.txt,phy_module_init,0.347972,0,161
3,run2_initcall.txt,phy_module_init,0.350315,0,20
3,run2_initcall.txt,phy_module_init,0.352663,0,61
3,run2_initcall.txt,unimac_mdio_driver_init,0.35504,0,92
3,run2_initcall.txt,macb_driver_init,0.357406,0,88
3,run2_initcall.txt,bcmgenet_driver_init,0.558304,0,198629
3,run2_initcall.txt,bcmasp_driver_init,0.560654,0,61
3,run2_initcall.txt,lan78xx_driver_init,0.564095,0,1144
3,run2_initcall.txt,smsc95xx_driver_init,0.567624,0,1186
3,run2_initcall.txt,usbnet_init,0.569967,0,0
3,run2_initcall.txt,xhci_hcd_init,0.5723,0,10
3,run2_initcall.txt,xhci_pci_init,0.698331,0,123717
3,run2_initcall.txt,xhci_plat_init,0.70063,0,87
3,run2_initcall.txt,dwc_otg_driver_init,0.70725,0,4413
3,run2_initcall.txt,dwc_common_port_init_module,0.710662,0,1183
3,run2_initcall.txt,dwc3_driver_init,0.712872,0,42
3,run2_initcall.txt,dwc3_haps_driver_init,0.715029,0,25
3,run2_initcall.txt,dwc3_of_simple_driver_init,0.717229,0,45
3,run2_initcall.txt,dwc3_generic_driver_init,0.719428,0,32
3,run2_initcall.txt,dwc2_platform_driver_init,0.721674,0,104
3,run2_initcall.txt,uas_init,0.724979,0,1167
3,run2_initcall.txt,usb_storage_driver_init,0.728189,0,1082
3,run2_initcall.txt,brcmstb_usb_pinmap_init,0.730347,-19,53
3,run2_initcall.txt,bdc_driver_init,0.732473,0,35
3,run2_initcall.txt,input_leds_init,0.734605,0,1
3,run2_initcall.txt,mousedev_init,0.737894,0,1167
3,run2_initcall.txt,evdev_init,0.740059,0,0
3,run2_initcall.txt,brcmstb_waketmr_driver_init,0.742248,0,40
3,run2_initcall.txt,rpi_rtc_driver_init,0.744441,0,31
3,run2_initcall.txt,init_rc_map_adstech_dvb_t_pci,0.746609,0,0
3,run2_initcall.txt,init_rc_map_alink_dtu_m,0.748721,0,0
3,run2_initcall.txt,init_rc_map_anysee,0.750885,0,0
3,run2_initcall.txt,init_rc_map_apac_viewcomp,0.753048,0,0
3,run2_initcall.txt,init_rc_map_t2hybrid,0.755234,0,0
3,run2_initcall.txt,init_rc_map_asus_pc39,0.757405,0,0
3,run2_initcall.txt,init_rc_map_asus_ps3_100,0.759563,0,0
3,run2_initcall.txt,init_rc_map_ati_tv_wonder_hd_600,0.761735,0,0
3,run2_initcall.txt,init_rc_map_ati_x10,0.763882,0,0
3,run2_initcall.txt,init_rc_map_avermedia_a16d,0.766082,0,0
3,run2_initcall.txt,init_rc_map_avermedia_cardbus,0.768283,0,0
3,run2_initcall.txt,init_rc_map_avermedia_dvbt,0.770475,0,0
3,run2_initcall.txt,init_rc_map_avermedia_m135a,0.772665,0,0
3,run2_initcall.txt,init_rc_map_avermedia_m733a_rm_k6,0.774881,0,0
3,run2_initcall.txt,init_rc_map_avermedia,0.777091,0,0
3,run2_initcall.txt,init_rc_map_avermedia_rm_ks,0.7793,0,0
3,run2_initcall.txt,init_rc_map_avertv_303,0.781486,0,0
3,run2_initcall.txt,init_rc_map_azurewave_ad_tu700,0.783686,0,0
3,run2_initcall.txt,init_rc_map_beelink_gs1,0.785891,0,0
3,run2_initcall.txt,init_rc_map_beelink_mxiii,0.78809,0,0
3,run2_initcall.txt,init_rc_map_behold_columbus,0.790292,0,0
3,run2_initcall.txt,init_rc_map_behold,0.792485,0,0
3,run2_initcall.txt,init_rc_map_budget_ci_old,0.794691,0,0
3,run2_initcall.txt,init_rc_map_cinergy_1400,0.796853,0,0
3,run2_initcall.txt,init_rc_map_cinergy,0.799254,0,0
3,run2_initcall.txt,init_rc_map_ct_90405,0.801414,0,0
3,run2_initcall.txt,init_rc_map_d680_dmb,0.803563,0,0
3,run2_initcall.txt,init_rc_map_delock_61959,0.805698,0,0
3,run2_initcall.txt,init_rc_map,0.807817,0,0
3,run2_initcall.txt,init_rc_map,0.809987,0,0
3,run2_initcall.txt,init_rc_map_digitalnow_tinytwin,0.812103,0,0
3,run2_initcall.txt,init_rc_map_digittrade,0.814199,0,0
3,run2_initcall.txt,init_rc_map_dm1105_nec,0.816308,0,0
3,run2_initcall.txt,init_rc_map_dntv_live_dvb_t,0.818542,0,0
3,run2_initcall.txt,init_rc_map_dntv_live_dvbt_pro,0.820762,0,0
3,run2_initcall.txt,init_rc_map_dreambox,0.822914,0,0
3,run2_initcall.txt,init_rc_map_dtt200u,0.825027,0,0
3,run2_initcall.txt,init_rc_map_rc5_dvbsky,0.827186,0,0
3,run2_initcall.txt,init_rc_map_dvico_mce,0.829289,0,0
3,run2_initcall.txt,init_rc_map_dvico_portable,0.831363,0,0
3,run2_initcall.txt,init_rc_map_em_terratec,0.833458,0,0
3,run2_initcall.txt,init_rc_map_encore_enltv2,0.835556,0,0
3,run2_initcall.txt,init_rc_map_encore_enltv_fm53,0.83767,0,0
3,run2_initcall.txt,init_rc_map_encore_enltv,0.839789,0,0
3,run2_initcall.txt,init_rc_map_evga_indtube,0.841892,0,0
3,run2_initcall.txt,init_rc_map_eztv,0.843984,0,0
3,run2_initcall.txt,init_rc_map_flydvb,0.846061,0,0
3,run2_initcall.txt,init_rc_map_flyvideo,0.848089,0,0
3,run2_initcall.txt,init_rc_map_fusionhdtv_mce,0.850162,0,0
3,run2_initcall.txt,init_rc_map_gadmei_rm008z,0.852215,0,0
3,run2_initcall.txt,init_rc_map_geekbox,0.854271,0,0
3,run2_initcall.txt,init_rc_map_genius_tvgo_a11mce,0.856316,0,0
3,run2_initcall.txt,init_rc_map_gotview7135,0.858365,0,0
3,run2_initcall.txt,init_rc_map_rc5_hauppauge_new,0.86043,0,0
3,run2_initcall.txt,init_rc_map_hisi_poplar,0.862504,0,0
3,run2_initcall.txt,init_rc_map_hisi_tv_demo,0.864543,0,0
3,run2_initcall.txt,init_rc_map_imon_mce,0.866612,0,0
3,run2_initcall.txt,init_rc_map_imon_pad,0.868677,0,0
3,run2_initcall.txt,init_rc_map_imon_rsc,0.870732,0,0
3,run2_initcall.txt,init_rc_map_iodata_bctv7e,0.872768,0,0
3,run2_initcall.txt,init_rc_it913x_v1_map,0.874813,0,0
3,run2_initcall.txt,init_rc_it913x_v2_map,0.876856,0,0
3,run2_initcall.txt,init_rc_map_kaiomy,0.878889,0,0
3,run2_initcall.txt,init_rc_map_khadas,0.880885,0,0
3,run2_initcall.txt,init_rc_map_khamsin,0.882916,0,0
3,run2_initcall.txt,init_rc_map_kworld_315u,0.884933,0,0
3,run2_initcall.txt,init_rc_map_kworld_pc150u,0.886951,0,0
3,run2_initcall.txt,init_rc_map_kworld_plus_tv_analog,0.888967,0,0
3,run2_initcall.txt,init_rc_map_leadtek_y04g0051,0.890998,0,0
3,run2_initcall.txt,init_rc_lme2510_map,0.893027,0,0
3,run2_initcall.txt,init_rc_map_manli,0.895072,0,0
3,run2_initcall.txt,init_rc_map_mecool_kiii_pro,0.897097,0,0
3,run2_initcall.txt,init_rc_map_mecool_kii_pro,0.899169,0,0
3,run2_initcall.txt,init_rc_map_medion_x10_digitainer,0.901215,0,0
3,run2_initcall.txt,init_rc_map_medion_x10,0.903263,0,0
3,run2_initcall.txt,init_rc_map_medion_x10_or2x,0.905314,0,0
3,run2_initcall.txt,init_rc_map_minix_neo,0.907364,0,0
3,run2_initcall.txt,init_rc_map_msi_digivox_iii,0.909436,0,0
3,run2_initcall.txt,init_rc_map_msi_digivox_ii,0.911508,0,0
3,run2_initcall.txt,init_rc_map_msi_tvanywhere,0.913574,0,0
3,run2_initcall.txt,init_rc_map_msi_tvanywhere_plus,0.915618,0,0
3,run2_initcall.txt,init_rc_map_mygica_utv3,0.917673,0,0
3,run2_initcall.txt,init_rc_map_nebula,0.919746,0,0
3,run2_initcall.txt,init_rc_map_nec_terratec_cinergy_xs,0.921801,0,0
3,run2_initcall.txt,init_rc_map_norwood,0.923863,0,0
3,run2_initcall.txt,init_rc_map_npgtech,0.925929,0,0
3,run2_initcall.txt,init_rc_map_odroid,0.927982,0,0
3,run2_initcall.txt,init_rc_map_pctv_sedna,0.93002,0,0
3,run2_initcall.txt,init_rc_map_pine64,0.932029,0,0
3,run2_initcall.txt,init_rc_map_pinnacle_color,0.934091,0,0
3,run2_initcall.txt,init_rc_map_pinnacle_grey,0.936139,0,0
3,run2_initcall.txt,init_rc_map_pinnacle_pctv_hd,0.938195,0,0
3,run2_initcall.txt,init_rc_map_pixelview,0.940238,0,0
3,run2_initcall.txt,init_rc_map_pixelview,0.942295,0,0
3,run2_initcall.txt,init_rc_map_pixelview_new,0.944355,0,0
3,run2_initcall.txt,init_rc_map_pixelview,0.946424,0,1
3,run2_initcall.txt,init_rc_map_powercolor_real_angel,0.949536,0,0
3,run2_initcall.txt,init_rc_map_proteus_2309,0.951641,0,0
3,run2_initcall.txt,init_rc_map_purpletv,0.953748,0,0
3,run2_initcall.txt,init_rc_map_pv951,0.955837,0,0
3,run2_initcall.txt,init_rc_map_rc6_mce,0.95793,0,0
3,run2_initcall.txt,init_rc_map_real_audio_220_32_keys,0.960027,0,0
3,run2_initcall.txt,init_rc_map_reddo,0.962126,0,0
3,run2_initcall.txt,init_rc_map_siemens_gigaset_rc20,0.964196,0,0
3,run2_initcall.txt,init_rc_map_snapstream_firefly,0.966306,0,0
3,run2_initcall.txt,init_rc_map_streamzap,0.968429,0,0
3,run2_initcall.txt,init_rc_map_su3000,0.970566,0,0
3,run2_initcall.txt,init_rc_map_tanix_tx3mini,0.972689,0,0
3,run2_initcall.txt,init_rc_map_tanix_tx5max,0.97481,0,0
3,run2_initcall.txt,init_rc_map_tbs_nec,0.976932,0,0
3,run2_initcall.txt,init_rc_map,0.979081,0,0
3,run2_initcall.txt,init_rc_map,0.981182,0,0
3,run2_initcall.txt,init_rc_map_terratec_cinergy_c_pci,0.98332,0,0
3,run2_initcall.txt,init_rc_map_terratec_cinergy_s2_hd,0.985469,0,0
3,run2_initcall.txt,init_rc_map_terratec_cinergy_xs,0.987596,0,0
3,run2_initcall.txt,init_rc_map_terratec_slim_2,0.989728,0,0
3,run2_initcall.txt,init_rc_map_terratec_slim,0.991855,0,0
3,run2_initcall.txt,init_rc_map_tevii_nec,0.994009,0,0
3,run2_initcall.txt,init_rc_map_tivo,0.99616,0,0
3,run2_initcall.txt,init_rc_map_total_media_in_hand_02,0.998297,0,0
3,run2_initcall.txt,init_rc_map_total_media_in_hand,1.000472,0,0
3,run2_initcall.txt,init_rc_map_trekstor,1.002652,0,0
3,run2_initcall.txt,init_rc_map_tt_1500,1.004821,0,0
3,run2_initcall.txt,init_rc_map_twinhan_vp1027,1.007001,0,0
3,run2_initcall.txt,init_rc_map_twinhan_dtv_cab_ci,1.009185,0,0
3,run2_initcall.txt,init_rc_map_vega_s9x,1.011363,0,0
3,run2_initcall.txt,init_rc_map_videomate_k100,1.013501,0,0
3,run2_initcall.txt,init_rc_map_videomate_s350,1.015605,0,0
3,run2_initcall.txt,init_rc_map_videomate_tv_pvr,1.017723,0,0
3,run2_initcall.txt,init_rc_map_kii_pro,1.019829,0,0
3,run2_initcall.txt,init_rc_map_wetek_hub,1.02194,0,0
3,run2_initcall.txt,init_rc_map_wetek_play2,1.024055,0,0
3,run2_initcall.txt,init_rc_map_winfast,1.026206,0,0
3,run2_initcall.txt,init_rc_map_winfast_usbii_deluxe,1.028314,0,0
3,run2_initcall.txt,init_rc_map_x96max,1.030421,0,0
3,run2_initcall.txt,init_rc_map,1.032514,0,0
3,run2_initcall.txt,init_rc_map,1.034621,0,0
3,run2_initcall.txt,init_rc_map_zx_irdec,1.036708,0,0
3,run2_initcall.txt,ptp_kvm_init,1.039037,-95,0
3,run2_initcall.txt,gpio_poweroff_driver_init,1.041199,0,72
3,run2_initcall.txt,bcm2711_thermal_driver_init,1.044639,0,1338
3,run2_initcall.txt,bcm2835_thermal_driver_init,1.0468,0,43
3,run2_initcall.txt,bcm2835_wdt_driver_init,1.048912,0,21
3,run2_initcall.txt,dt_cpufreq_platdrv_init,1.051112,0,23
3,run2_initcall.txt,brcm_avs_cpufreq_platdrv_init,1.053304,0,37
3,run2_initcall.txt,raspberrypi_cpufreq_driver_init,1.058398,0,2919
3,run2_initcall.txt,mmc_pwrseq_simple_driver_init,1.060638,0,50
3,run2_initcall.txt,mmc_pwrseq_emmc_driver_init,1.062879,0,31
3,run2_initcall.txt,mmc_blk_init,1.065079,0,31
3,run2_initcall.txt,sdhci_drv_init,1.069535,0,2216
3,run2_initcall.txt,bcm2835_mmc_driver_init,1.072939,0,1160
3,run2_initcall.txt,bcm2835_driver_init,1.075384,0,34
3,run2_initcall.txt,sdhci_pltfm_drv_init,1.078791,0,1126
3,run2_initcall.txt,sdhci_iproc_driver_init,1.081081,0,60
3,run2_initcall.txt,sdhci_brcmstb_driver_init,1.081142,0,47
3,run2_initcall.txt,esrt_sysfs_init,1.081154,-38,0
3,run2_initcall.txt,smccc_devices_init,1.081162,0,0
3,run2_initcall.txt,smccc_soc_init,1.081171,0,1
3,run2_initcall.txt,arch_timer_mmio_drv_init,1.081215,0,35
3,run2_initcall.txt,arch_timer_mmio_acpi_drv_init,1.081245,0,20
3,run2_initcall.txt,hid_init,1.081309,0,54
3,run2_initcall.txt,hid_generic_init,1.081362,0,42
3,run2_initcall.txt,hid_init,1.081417,0,46
3,run2_initcall.txt,bcm74110_mbox_driver_init,1.081463,0,36
3,run2_initcall.txt,extcon_class_init,1.081481,0,7
3,run2_initcall.txt,armv8_pmu_driver_init,1.097207,0,15716
3,run2_initcall.txt,binder_init,1.122239,0,85
3,run2_initcall.txt,rpi_otp_driver_init,1.130812,0,6155
3,run2_initcall.txt,sock_diag_init,1.13325,0,36
3,run2_initcall.txt,blackhole_init,1.135596,0,1
3,run2_initcall.txt,cls_bpf_init_mod,1.137919,0,0
3,run2_initcall.txt,gre_offload_init,1.140231,0,0
3,run2_initcall.txt,sysctl_ipv4_init,1.142612,0,77
3,run2_initcall.txt,cubictcp_register,1.147028,0,2
3,run2_initcall.txt,packet_init,1.150364,0,1136
3,run2_initcall.txt,init_rpcsec_gss,1.15262,0,18
3,run2_initcall.txt,init_kerberos_module,1.154888,0,5
3,run2_initcall.txt,dcbnl_init,1.157127,0,2
3,run2_initcall.txt,init_dns_resolver,1.160473,0,1114
3,run2_initcall.txt,handshake_init,1.16279,0,33
3,run2_initcall.txt,check_mmu_enabled_at_boot,1.165017,0,0
3,run2_initcall.txt,finalize_pkvm,1.167313,0,0
3,run2_initcall.txt,kernel_do_mounts_initrd_sysctls_init,1.170803,0,5
3,run2_initcall.txt,kernel_panic_sysctls_init,1.173099,0,12
3,run2_initcall.txt,kernel_panic_sysfs_init,1.175405,0,3
3,run2_initcall.txt,kernel_exit_sysctls_init,1.177732,0,2
3,run2_initcall.txt,kernel_exit_sysfs_init,1.180063,0,2
3,run2_initcall.txt,param_sysfs_builtin_init,1.191626,0,9262
3,run2_initcall.txt,reboot_ksysfs_init,1.194087,0,24
3,run2_initcall.txt,sched_core_sysctl_init,1.196426,0,4
3,run2_initcall.txt,sched_fair_sysctl_init,1.198674,0,2
3,run2_initcall.txt,sched_rt_sysctl_init,1.200935,0,3
3,run2_initcall.txt,sched_dl_sysctl_init,1.203864,0,7
3,run2_initcall.txt,sched_init_debug,1.206189,0,82
3,run2_initcall.txt,cpu_latency_qos_init,1.208544,0,136
3,run2_initcall.txt,printk_late_init,1.210771,0,16
3,run2_initcall.txt,init_srcu_module_notifier,1.212953,0,1
3,run2_initcall.txt,kernel_rcu_stall_sysfs_init,1.215147,0,3
3,run2_initcall.txt,swiotlb_create_default_debugfs,1.217609,0,12
3,run2_initcall.txt,tk_debug_sleep_time_init,1.219854,0,2
3,run2_initcall.txt,bpf_ksym_iter_register,1.222127,0,2
3,run2_initcall.txt,kernel_acct_sysctls_init,1.224389,0,4
3,run2_initcall.txt,bpf_rstat_kfunc_init,1.226653,0,0
3,run2_initcall.txt,debugfs_kprobe_init,1.228913,0,8
3,run2_initcall.txt,kernel_delayacct_sysctls_init,1.231124,0,3
3,run2_initcall.txt,taskstats_init,1.23451,0,1135
3,run2_initcall.txt,bpf_global_ma_init,1.236855,0,103
3,run2_initcall.txt,bpf_syscall_sysctl_init,1.239118,0,4
3,run2_initcall.txt,unbound_reg_init,1.241352,0,0
3,run2_initcall.txt,kfunc_init,1.243563,0,1
3,run2_initcall.txt,bpf_map_iter_init,1.245855,0,0
3,run2_initcall.txt,init_subsystem,1.248201,0,0
3,run2_initcall.txt,task_iter_init,1.250591,0,1
3,run2_initcall.txt,bpf_prog_iter_init,1.252922,0,0
3,run2_initcall.txt,bpf_link_iter_init,1.255327,0,0
3,run2_initcall.txt,init_trampolines,1.25749,0,3
3,run2_initcall.txt,rqspinlock_register_kfuncs,1.259633,0,0
3,run2_initcall.txt,kfunc_init,1.261778,0,0
3,run2_initcall.txt,bpf_cgroup_iter_init,1.263864,0,0
3,run2_initcall.txt,cpumask_kfunc_init,1.265992,0,12
3,run2_initcall.txt,crypto_kfunc_init,1.268113,0,0
3,run2_initcall.txt,bpf_kmem_cache_iter_init,1.270291,0,0
3,run2_initcall.txt,dmabuf_iter_init,1.272423,0,0
3,run2_initcall.txt,load_system_certificate_list,1.275628,0,1066
3,run2_initcall.txt,init_lru_gen,1.278006,0,32
3,run2_initcall.txt,vmstat_late_init,1.28018,0,2
3,run2_initcall.txt,fault_around_debugfs,1.282322,0,2
3,run2_initcall.txt,slab_sysfs_init,1.288249,0,3775
3,run2_initcall.txt,max_swapfiles_check,1.290476,0,0
3,run2_initcall.txt,zswap_init,1.292589,0,0
3,run2_initcall.txt,mempolicy_sysfs_init,1.294726,0,20
3,run2_initcall.txt,memory_tier_late_init,1.299053,0,2199
3,run2_initcall.txt,check_early_ioremap_leak,1.301189,0,0
3,run2_initcall.txt,mg_debugfs_init,1.303351,0,17
3,run2_initcall.txt,fscrypt_init,1.307686,0,2201
3,run2_initcall.txt,pstore_init,1.309822,0,10
3,run2_initcall.txt,init_root_keyring,1.311975,0,32
3,run2_initcall.txt,init_profile_hash,1.314072,0,0
3,run2_initcall.txt,integrity_fs_init,1.31621,0,7
3,run2_initcall.txt,crypto_algapi_init,1.318353,0,8
3,run2_initcall.txt,blk_timeout_init,1.320474,0,0
3,run2_initcall.txt,depot_debugfs_init,1.322632,0,5
3,run2_initcall.txt,pci_resource_alignment_sysfs_init,1.324777,0,4
3,run2_initcall.txt,pci_sysfs_init,1.326952,0,10
3,run2_initcall.txt,clk_debug_init,1.329461,0,352
3,run2_initcall.txt,genpd_debug_init,1.33194,0,342
3,run2_initcall.txt,sync_state_resume_initcall,1.334129,0,0
3,run2_initcall.txt,deferred_probe_initcall,1.398464,0,62151
3,run2_initcall.txt,efi_shutdown_init,1.404785,-19,0
3,run2_initcall.txt,efi_earlycon_unmap_fb,1.406841,0,0
3,run2_initcall.txt,psci_debugfs_init,1.408851,0,0
3,run2_initcall.txt,of_cfs_init,1.413915,0,2009
3,run2_initcall.txt,of_fdt_raw_init,1.415915,0,30
3,run2_initcall.txt,bpf_kfunc_init,1.417922,0,2
3,run2_initcall.txt,init_subsystem,1.41992,0,0
3,run2_initcall.txt,xdp_metadata_init,1.421923,0,0
3,run2_initcall.txt,bpf_sockmap_iter_init,1.423904,0,1
3,run2_initcall.txt,bpf_sk_storage_map_iter_init,1.425921,0,0
3,run2_initcall.txt,bpf_prog_test_run_init,1.427922,0,0
3,run2_initcall.txt,bpf_dummy_struct_ops_init,1.429923,0,0
3,run2_initcall.txt,tcp_congestion_default,1.431888,0,1
3,run2_initcall.txt,inet_blackhole_dev_init,1.433873,0,5
3,run2_initcall.txt,ip_auto_config,1.435866,0,9
3,run2_initcall.txt,tcp_bpf_v4_build_proto,1.437849,0,1
3,run2_initcall.txt,udp_bpf_v4_build_proto,1.43978,0,0
3,run2_initcall.txt,bpf_tcp_ca_kfunc_init,1.441715,0,0
3,run2_initcall.txt,bpf_mptcp_kfunc_init,1.445627,0,0
3,run2_initcall.txt,fb_logo_late_init,1.447595,0,0
3,run2_initcall.txt,amba_stub_drv_init,1.449614,0,21
3,run2_initcall.txt,clk_disable_unused,1.452699,0,1076
3,run2_initcall.txt,genpd_power_off_unused,1.455969,0,1113
3,run2_initcall.txt,regulator_init_complete,1.458197,0,1
3,run2_initcall.txt,of_platform_sync_state_init,1.460419,0,16
4,run3_initcall.txt,cpufreq_gov_performance_init,0.014028,0,0
4,run3_initcall.txt,cpufreq_gov_powersave_init,0.014049,0,0
4,run3_initcall.txt,cpufreq_gov_userspace_init,0.014067,0,0
4,run3_initcall.txt,CPU_FREQ_GOV_ONDEMAND_init,0.014085,0,0
4,run3_initcall.txt,CPU_FREQ_GOV_CONSERVATIVE_init,0.014103,0,0
4,run3_initcall.txt,cpufreq_dt_platdev_init,0.014142,-19,0
4,run3_initcall.txt,cpuidle_init,0.014167,0,0
4,run3_initcall.txt,rpi_firmware_init,0.014195,0,0
4,run3_initcall.txt,arm_dmi_init,0.014216,0,0
4,run3_initcall.txt,arch_timer_evtstrm_register,0.014322,0,0
4,run3_initcall.txt,sock_init,0.016385,0,4000
4,run3_initcall.txt,net_inuse_init,0.016412,0,0
4,run3_initcall.txt,sock_struct_check,0.016428,0,0
4,run3_initcall.txt,init_default_flow_dissectors,0.016445,0,0
4,run3_initcall.txt,netlink_proto_init,0.016533,0,0
4,run3_initcall.txt,genl_init,0.016562,0,0
4,run3_initcall.txt,debug_monitors_init,0.016704,0,0
4,run3_initcall.txt,init_overflow_sysctl,0.016729,0,0
4,run3_initcall.txt,irq_sysfs_init,0.016851,0,0
4,run3_initcall.txt,dma_atomic_pool_init,0.017455,0,0
4,run3_initcall.txt,audit_init,0.017588,0,0
4,run3_initcall.txt,bdi_class_init,0.017622,0,0
4,run3_initcall.txt,mm_sysfs_init,0.017638,0,0
4,run3_initcall.txt,init_per_zone_wmark_min,0.017663,0,0
4,run3_initcall.txt,ramoops_init,0.017695,0,0
4,run3_initcall.txt,gpiolib_sysfs_init,0.017718,0,0
4,run3_initcall.txt,pcibus_class_init,0.017739,0,0
4,run3_initcall.txt,pci_driver_init,0.017775,0,0
4,run3_initcall.txt,amba_init,0.017801,0,0
4,run3_initcall.txt,__bcm2835_clk_driver_init,0.017824,0,0
4,run3_initcall.txt,tty_class_init,0.017845,0,0
4,run3_initcall.txt,vtconsole_class_init,0.017892,0,0
4,run3_initcall.txt,serdev_init,0.017919,0,0
4,run3_initcall.txt,iommu_dev_init,0.017941,0,0
4,run3_initcall.txt,mipi_dsi_bus_init,0.017967,0,0
4,run3_initcall.txt,devlink_class_init,0.017989,0,0
4,run3_initcall.txt,software_node_init,0.018008,0,0
4,run3_initcall.txt,regmap_initcall,0.018028,0,0
4,run3_initcall.txt,sram_init,0.018053,0,0
4,run3_initcall.txt,spi_init,0.01809,0,0
4,run3_initcall.txt,i2c_init,0.018131,0,0
4,run3_initcall.txt,thermal_init,0.018165,0,0
4,run3_initcall.txt,init_menu,0.018211,0,0
4,run3_initcall.txt,efipostcore_init,0.018229,0,0
4,run3_initcall.txt,kobject_uevent_init,0.018251,0,0
4,run3_initcall.txt,init_uevent_helper_sysctl,0.018269,0,0
4,run3_initcall.txt,reserve_memblock_reserved_regions,0.018364,0,0
4,run3_initcall.txt,aarch32_alloc_vdso_pages,0.018384,0,0
4,run3_initcall.txt,vdso_init,0.0184,0,0
4,run3_initcall.txt,arm64_create_dummy_rsi_dev,0.018417,0,0
4,run3_initcall.txt,arch_hw_breakpoint_init,0.01848,0,0
4,run3_initcall.txt,adjust_protection_map,0.018499,0,0
4,run3_initcall.txt,asids_update_limit,0.018524,0,0
4,run3_initcall.txt,kcmp_cookies_init,0.018541,0,0
4,run3_initcall.txt,dma_channel_table_init,0.018565,0,0
4,run3_initcall.txt,dma_bus_init,0.018613,0,0
4,run3_initcall.txt,brcmstb_soc_device_init,0.018961,0,0
4,run3_initcall.txt,serial_base_init,0.019007,0,0
4,run3_initcall.txt,pl011_init,0.01905,0,0
4,run3_initcall.txt,iommu_dma_init,0.019078,0,0
4,run3_initcall.txt,dmi_id_init,0.019097,-19,0
4,run3_initcall.txt,bcm2835_mbox_init,0.019122,0,0
4,run3_initcall.txt,of_platform_default_populate_init,0.035918,0,16000
4,run3_initcall.txt,register_mte_tcf_preferred_sysctl,0.036019,0,0
4,run3_initcall.txt,init_fork_sysctl,0.036049,0,0
4,run3_initcall.txt,uid_cache_init,0.036095,0,0
4,run3_initcall.txt,pid_namespace_sysctl_init,0.036124,0,0
4,run3_initcall.txt,param_sysfs_init,0.036144,0,0
4,run3_initcall.txt,user_namespace_sysctl_init,0.036175,0,0
4,run3_initcall.txt,proc_schedstat_init,0.036203,0,0
4,run3_initcall.txt,init_rtmutex_sysctl,0.03622,0,0
4,run3_initcall.txt,pm_sysrq_init,0.036273,0,0
4,run3_initcall.txt,init_rcu_stall_sysctl,0.036293,0,0
4,run3_initcall.txt,init_module_sysctl,0.036311,0,0
4,run3_initcall.txt,create_proc_profile,0.036328,0,0
4,run3_initcall.txt,cgroup_sysfs_init,0.036348,0,0
4,run3_initcall.txt,user_namespaces_init,0.036373,0,0
4,run3_initcall.txt,hung_task_init,0.036478,0,0
4,run3_initcall.txt,dev_map_init,0.036496,0,0
4,run3_initcall.txt,netns_bpf_init,0.036511,0,0
4,run3_initcall.txt,oom_init,0.036575,0,0
4,run3_initcall.txt,init_user_buckets,0.03659,0,0
4,run3_initcall.txt,init_vm_util_sysctls,0.036609,0,0
4,run3_initcall.txt,default_bdi_init,0.036709,0,0
4,run3_initcall.txt,cgwb_init,0.036728,0,0
4,run3_initcall.txt,percpu_enable_async,0.036742,0,0
4,run3_initcall.txt,kcompactd_init,0.036907,0,0
4,run3_initcall.txt,init_mm_sysctl,0.036925,0,0
4,run3_initcall.txt,init_user_reserve,0.036943,0,0
4,run3_initcall.txt,init_admin_reserve,0.036956,0,0
4,run3_initcall.txt,init_reserve_notifier,0.03697,0,0
4,run3_initcall.txt,swap_init,0.036994,0,0
4,run3_initcall.txt,swapfile_init,0.037017,0,0
4,run3_initcall.txt,memory_tier_init,0.037058,0,0
4,run3_initcall.txt,numa_init_sysfs,0.037078,0,0
4,run3_initcall.txt,mem_cgroup_swap_init,0.037095,0,0
4,run3_initcall.txt,init_msg_buckets,0.037112,0,0
4,run3_initcall.txt,init_bio,0.037158,0,0
4,run3_initcall.txt,blk_ioc_init,0.037178,0,0
4,run3_initcall.txt,blk_mq_init,0.037196,0,0
4,run3_initcall.txt,genhd_device_init,0.037312,0,0
4,run3_initcall.txt,blkcg_punt_bio_init,0.03741,0,0
4,run3_initcall.txt,blk_integrity_auto_init,0.037482,0,0
4,run3_initcall.txt,io_wq_init,0.037502,0,0
4,run3_initcall.txt,crc_t10dif_mod_init,0.037527,0,0
4,run3_initcall.txt,sha256_mod_init,0.037547,0,0
4,run3_initcall.txt,sha512_mod_init,0.037564,0,0
4,run3_initcall.txt,sg_pool_init,0.037594,0,0
4,run3_initcall.txt,gpiolib_debugfs_init,0.037614,0,0
4,run3_initcall.txt,stmpe_gpio_init,0.037704,0,0
4,run3_initcall.txt,pwm_init,0.037727,0,0
4,run3_initcall.txt,leds_init,0.037754,0,0
4,run3_initcall.txt,pci_slot_init,0.037773,0,0
4,run3_initcall.txt,fbmem_init,0.037822,0,0
4,run3_initcall.txt,bcm2835_dma_init,0.038516,0,0
4,run3_initcall.txt,regulator_fixed_voltage_init,0.038585,0,0
4,run3_initcall.txt,gpio_regulator_init,0.038632,0,0
4,run3_initcall.txt,init_sysrq_sysctl,0.038659,0,0
4,run3_initcall.txt,misc_init,0.038686,0,0
4,run3_initcall.txt,iommu_subsys_init,0.038715,0,0
4,run3_initcall.txt,register_cpu_capacity_sysctl,0.039064,0,0
4,run3_initcall.txt,dma_buf_init,0.039144,0,0
4,run3_initcall.txt,dma_heap_init,0.039174,0,0
4,run3_initcall.txt,init_scsi,0.039268,0,0
4,run3_initcall.txt,mdio_bus_init,0.039295,0,0
4,run3_initcall.txt,phy_init,0.039336,0,0
4,run3_initcall.txt,usb_common_init,0.039353,0,0
4,run3_initcall.txt,usb_init,0.039449,0,0
4,run3_initcall.txt,usb_phy_generic_init,0.039574,0,0
4,run3_initcall.txt,usb_udc_init,0.039603,0,0
4,run3_initcall.txt,usb_roles_init,0.039621,0,0
4,run3_initcall.txt,input_init,0.039646,0,0
4,run3_initcall.txt,rtc_init,0.039664,0,0
4,run3_initcall.txt,rc_core_init,0.039689,0,0
4,run3_initcall.txt,pps_init,0.039726,0,0
4,run3_initcall.txt,ptp_init,0.03975,0,0
4,run3_initcall.txt,power_supply_class_init,0.039779,0,0
4,run3_initcall.txt,hwmon_init,0.039802,0,0
4,run3_initcall.txt,mmc_init,0.039845,0,0
4,run3_initcall.txt,dmi_init,0.039862,0,0
4,run3_initcall.txt,efisubsys_init,0.039877,0,0
4,run3_initcall.txt,arm_pmu_hp_init,0.039896,0,0
4,run3_initcall.txt,ras_init,0.039916,0,0
4,run3_initcall.txt,nvmem_init,0.039971,0,0
4,run3_initcall.txt,init_soundcore,0.039993,0,0
4,run3_initcall.txt,proto_init,0.040013,0,0
4,run3_initcall.txt,net_dev_init,0.040223,0,4000
4,run3_initcall.txt,neigh_init,0.040244,0,0
4,run3_initcall.txt,fib_notifier_init,0.04026,0,0
4,run3_initcall.txt,netdev_genl_init,0.040298,0,0
4,run3_initcall.txt,page_pool_user_init,0.040315,0,0
4,run3_initcall.txt,fib_rules_init,0.040338,0,0
4,run3_initcall.txt,init_cgroup_netprio,0.040354,0,0
4,run3_initcall.txt,bpf_lwt_init,0.04037,0,0
4,run3_initcall.txt,pktsched_init,0.04039,0,0
4,run3_initcall.txt,tc_filter_init,0.040421,0,0
4,run3_initcall.txt,tc_action_init,0.040438,0,0
4,run3_initcall.txt,ethnl_init,0.040512,0,0
4,run3_initcall.txt,nexthop_init,0.040533,0,0
4,run3_initcall.txt,devlink_init,0.040612,0,0
4,run3_initcall.txt,wireless_nlevent_init,0.040631,0,0
4,run3_initcall.txt,vsprintf_init_hashval,0.040649,0,0
4,run3_initcall.txt,init_32bit_el0_mask,0.040664,0,0
4,run3_initcall.txt,vga_arb_device_init,0.040783,0,0
4,run3_initcall.txt,watchdog_init,0.040904,0,0
4,run3_initcall.txt,create_debug_debugfs_entry,0.041003,0,0
4,run3_initcall.txt,iomem_init_inode,0.041042,0,0
4,run3_initcall.txt,clocksource_done_booting,0.041087,0,13
4,run3_initcall.txt,bpf_init,0.041111,0,5
4,run3_initcall.txt,secretmem_init,0.041141,0,11
4,run3_initcall.txt,init_fs_stat_sysctls,0.041168,0,8
4,run3_initcall.txt,init_fs_exec_sysctls,0.041186,0,1
4,run3_initcall.txt,init_pipe_fs,0.041223,0,19
4,run3_initcall.txt,init_fs_namei_sysctls,0.041244,0,2
4,run3_initcall.txt,init_fs_dcache_sysctls,0.041269,0,6
4,run3_initcall.txt,init_fs_namespace_sysctls,0.041286,0,1
4,run3_initcall.txt,cgroup_writeback_init,0.041307,0,6
4,run3_initcall.txt,inotify_user_setup,0.041335,0,14
4,run3_initcall.txt,eventpoll_init,0.041365,0,15
4,run3_initcall.txt,anon_inode_init,0.041388,0,10
4,run3_initcall.txt,proc_locks_init,0.041406,0,3
4,run3_initcall.txt,backing_aio_init,0.041422,0,2
4,run3_initcall.txt,init_fs_coredump_sysctls,0.041443,0,6
4,run3_initcall.txt,init_vm_drop_caches_sysctls,0.041461,0,2
4,run3_initcall.txt,iomap_dio_init,0.041496,0,20
4,run3_initcall.txt,iomap_ioend_init,0.041535,0,25
4,run3_initcall.txt,dquot_init,0.041628,0,78
4,run3_initcall.txt,proc_cmdline_init,0.0417,0,2
4,run3_initcall.txt,proc_consoles_init,0.041715,0,1
4,run3_initcall.txt,proc_cpuinfo_init,0.041777,0,1
4,run3_initcall.txt,proc_devices_init,0.041792,0,0
4,run3_initcall.txt,proc_interrupts_init,0.041807,0,1
4,run3_initcall.txt,proc_loadavg_init,0.041822,0,1
4,run3_initcall.txt,proc_meminfo_init,0.041836,0,0
4,run3_initcall.txt,proc_stat_init,0.041853,0,3
4,run3_initcall.txt,proc_uptime_init,0.041869,0,1
4,run3_initcall.txt,proc_version_init,0.041884,0,0
4,run3_initcall.txt,proc_softirqs_init,0.041898,0,0
4,run3_initcall.txt,proc_kmsg_init,0.041913,0,1
4,run3_initcall.txt,proc_page_init,0.041929,0,2
4,run3_initcall.txt,init_ramfs_fs,0.041945,0,1
4,run3_initcall.txt,aa_create_aafs,0.041961,0,0
4,run3_initcall.txt,chr_dev_init,0.044827,0,2848
4,run3_initcall.txt,hwrng_modinit,0.0449,0,43
4,run3_initcall.txt,firmware_class_init,0.044921,0,1
4,run3_initcall.txt,sysctl_core_init,0.044967,0,29
4,run3_initcall.txt,eth_offload_init,0.044984,0,0
4,run3_initcall.txt,ipv4_offload_init,0.045001,0,1
4,run3_initcall.txt,inet_init,0.048751,0,3733
4,run3_initcall.txt,af_unix_init,0.048806,0,23
4,run3_initcall.txt,ipv6_offload_init,0.048835,0,1
4,run3_initcall.txt,init_sunrpc,0.0492,0,347
4,run3_initcall.txt,vlan_offload_init,0.04922,0,0
4,run3_initcall.txt,pci_apply_final_quirks,0.049248,0,10
4,run3_initcall.txt,populate_rootfs,0.04927,0,5
4,run3_initcall.txt,register_arm64_panic_block,0.049374,0,0
4,run3_initcall.txt,cpuinfo_regs_init,0.049474,0,83
4,run3_initcall.txt,aarch32_el0_sysfs_init,0.049492,0,0
4,run3_initcall.txt,kvm_arm_init,0.052981,0,3470
4,run3_initcall.txt,proc_execdomains_init,0.053024,0,3
4,run3_initcall.txt,register_warn_debugfs,0.053046,0,3
4,run3_initcall.txt,cpuhp_sysfs_init,0.053112,0,47
4,run3_initcall.txt,ioresources_init,0.053136,0,6
4,run3_initcall.txt,psi_proc_init,0.053151,0,0
4,run3_initcall.txt,irq_gc_init_ops,0.053175,0,0
4,run3_initcall.txt,irq_debugfs_init,0.053261,0,71
4,run3_initcall.txt,proc_modules_init,0.05328,0,1
4,run3_initcall.txt,timer_sysctl_init,0.053303,0,7
4,run3_initcall.txt,timekeeping_init_ops,0.053318,0,0
4,run3_initcall.txt,init_clocksource_sysfs,0.053392,0,57
4,run3_initcall.txt,init_timer_list_procfs,0.053412,0,1
4,run3_initcall.txt,alarmtimer_init,0.053472,0,44
4,run3_initcall.txt,clockevents_init_sysfs,0.0536,0,108
4,run3_initcall.txt,sched_clock_syscore_init,0.053619,0,0
4,run3_initcall.txt,kallsyms_init,0.053637,0,1
4,run3_initcall.txt,pid_namespaces_init,0.053675,0,21
4,run3_initcall.txt,audit_watch_init,0.053694,0,0
4,run3_initcall.txt,audit_fsnotify_init,0.053711,0,0
4,run3_initcall.txt,audit_tree_init,0.053729,0,2
4,run3_initcall.txt,seccomp_sysctl_init,0.053751,0,4
4,run3_initcall.txt,utsname_sysctl_init,0.053776,0,7
4,run3_initcall.txt,init_lstats_procfs,0.053797,0,3
4,run3_initcall.txt,perf_event_sysfs_init,0.053865,0,52
4,run3_initcall.txt,system_trusted_keyring_init,0.053894,0,14
4,run3_initcall.txt,kswapd_init,0.05408,0,171
4,run3_initcall.txt,extfrag_debug_init,0.054103,0,7
4,run3_initcall.txt,mm_compute_batch_init,0.054119,0,0
4,run3_initcall.txt,slab_proc_init,0.054136,0,1
4,run3_initcall.txt,workingset_init,0.054159,0,8
4,run3_initcall.txt,proc_vmalloc_init,0.054175,0,1
4,run3_initcall.txt,memblock_init_debugfs,0.054195,0,5
4,run3_initcall.txt,slab_debugfs_init,0.054216,0,4
4,run3_initcall.txt,procswaps_init,0.054234,0,1
4,run3_initcall.txt,zs_init,0.05425,0,0
4,run3_initcall.txt,fcntl_init,0.05427,0,2
4,run3_initcall.txt,proc_filesystems_init,0.054289,0,1
4,run3_initcall.txt,start_dirtytime_writeback,0.05431,0,5
4,run3_initcall.txt,dio_init,0.054325,0,1
4,run3_initcall.txt,dnotify_init,0.054352,0,14
4,run3_initcall.txt,fanotify_user_setup,0.054377,0,9
4,run3_initcall.txt,aio_setup,0.054425,0,34
4,run3_initcall.txt,mbcache_init,0.054445,0,5
4,run3_initcall.txt,init_grace,0.054462,0,2
4,run3_initcall.txt,init_devpts_fs,0.054483,0,7
4,run3_initcall.txt,ext4_init_fs,0.054576,0,78
4,run3_initcall.txt,journal_init,0.054612,0,19
4,run3_initcall.txt,init_fat_fs,0.054634,0,6
4,run3_initcall.txt,init_vfat_fs,0.054649,0,0
4,run3_initcall.txt,init_msdos_fs,0.054664,0,0
4,run3_initcall.txt,init_nfs_fs,0.05481,0,131
4,run3_initcall.txt,init_nfs_v2,0.054829,0,0
4,run3_initcall.txt,init_nfs_v3,0.054843,0,0
4,run3_initcall.txt,init_nfs_v4,0.054884,0,26
4,run3_initcall.txt,nfs4filelayout_init,0.054905,0,5
4,run3_initcall.txt,nfs4flexfilelayout_init,0.054926,0,6
4,run3_initcall.txt,init_nlm,0.054967,0,26
4,run3_initcall.txt,init_nls_cp437,0.054984,0,0
4,run3_initcall.txt,init_nls_ascii,0.054999,0,0
4,run3_initcall.txt,init_autofs_fs,0.055097,0,82
4,run3_initcall.txt,init_f2fs_fs,0.055236,0,122
4,run3_initcall.txt,ipc_init,0.055267,0,13
4,run3_initcall.txt,ipc_sysctl_init,0.055301,0,17
4,run3_initcall.txt,init_mqueue_fs,0.055351,0,34
4,run3_initcall.txt,key_proc_init,0.055371,0,2
4,run3_initcall.txt,bpf_crypto_skcipher_init,0.055388,0,0
4,run3_initcall.txt,dh_init,0.055408,0,2
4,run3_initcall.txt,rsa_init,0.055425,0,1
4,run3_initcall.txt,cryptomgr_init,0.055441,0,0
4,run3_initcall.txt,hmac_module_init,0.055458,0,0
4,run3_initcall.txt,crypto_sha256_mod_init,0.055479,0,4
4,run3_initcall.txt,crypto_ecb_module_init,0.055495,0,0
4,run3_initcall.txt,crypto_cbc_module_init,0.055512,0,0
4,run3_initcall.txt,crypto_cts_module_init,0.055528,0,0
4,run3_initcall.txt,xts_module_init,0.055545,0,0
4,run3_initcall.txt,des_generic_mod_init,0.055563,0,1
4,run3_initcall.txt,aes_init,0.05558,0,0
4,run3_initcall.txt,lzo_mod_init,0.055597,0,1
4,run3_initcall.txt,lzorle_mod_init,0.055614,0,0
4,run3_initcall.txt,asymmetric_key_init,0.055635,0,5
4,run3_initcall.txt,x509_key_init,0.055657,0,5
4,run3_initcall.txt,crypto_kdf108_init,0.055673,0,0
4,run3_initcall.txt,blkdev_init,0.055701,0,11
4,run3_initcall.txt,proc_genhd_init,0.055721,0,2
4,run3_initcall.txt,bsg_init,0.055755,0,17
4,run3_initcall.txt,throtl_init,0.055837,0,65
4,run3_initcall.txt,deadline_init,0.055862,0,5
4,run3_initcall.txt,kyber_init,0.055884,0,5
4,run3_initcall.txt,bfq_init,0.055921,0,21
4,run3_initcall.txt,io_uring_init,0.055961,0,21
4,run3_initcall.txt,percpu_counter_startup,0.056026,0,46
4,run3_initcall.txt,audit_classes_init,0.056054,0,2
4,run3_initcall.txt,gicv5_iwb_platform_driver_init,0.056135,0,64
4,run3_initcall.txt,mip_msi_driver_init,0.056177,0,26
4,run3_initcall.txt,bcm7038_l1_driver_init,0.056218,0,26
4,run3_initcall.txt,bcm7120_l2_driver_init,0.056263,0,30
4,run3_initcall.txt,brcmstb_l2_driver_init,0.056321,0,42
4,run3_initcall.txt,simple_pm_bus_driver_init,0.0568,0,463
4,run3_initcall.txt,phy_core_init,0.056831,0,15
4,run3_initcall.txt,brcm_usb_driver_init,0.056894,0,48
4,run3_initcall.txt,rp1_pinctrl_driver_init,0.056935,0,26
4,run3_initcall.txt,bcm2835_pinctrl_driver_init,0.05785,0,900
4,run3_initcall.txt,bcm2712_pinctrl_driver_init,0.057919,0,44
4,run3_initcall.txt,brcmvirt_gpio_driver_init,0.057964,0,28
4,run3_initcall.txt,brcmstb_gpio_driver_init,0.058009,0,29
4,run3_initcall.txt,rpi_exp_gpio_driver_init,0.058396,0,371
4,run3_initcall.txt,brcmstb_pwm_driver_init,0.05844,0,28
4,run3_initcall.txt,rp1_pwm_driver_init,0.058483,0,28
4,run3_initcall.txt,gpio_led_driver_init,0.060188,0,1691
4,run3_initcall.txt,led_pwm_driver_init,0.060243,0,37
4,run3_initcall.txt,timer_led_trigger_init,0.06026,0,1
4,run3_initcall.txt,oneshot_led_trigger_init,0.060276,0,0
4,run3_initcall.txt,heartbeat_trig_init,0.060292,0,2
4,run3_initcall.txt,bl_led_trigger_init,0.060307,0,0
4,run3_initcall.txt,ledtrig_cpu_init,0.060404,0,83
4,run3_initcall.txt,defon_led_trigger_init,0.060465,0,46
4,run3_initcall.txt,input_trig_init,0.060483,0,1
4,run3_initcall.txt,ledtrig_panic_init,0.060498,0,1
4,run3_initcall.txt,actpwr_trig_init,0.060646,0,133
4,run3_initcall.txt,pcie_portdrv_init,0.060716,0,52
4,run3_initcall.txt,pci_proc_init,0.060738,0,7
4,run3_initcall.txt,brcm_pcie_driver_init,0.173931,0,113179
4,run3_initcall.txt,bcm2708_fb_init,0.186256,0,12304
4,run3_initcall.txt,simplefb_driver_init,0.186349,0,44
4,run3_initcall.txt,of_fixed_factor_clk_driver_init,0.186423,0,28
4,run3_initcall.txt,of_fixed_clk_driver_init,0.186499,0,30
4,run3_initcall.txt,gpio_clk_driver_init,0.186576,0,33
4,run3_initcall.txt,gated_fixed_clk_driver_init,0.18665,0,28
4,run3_initcall.txt,rp1_clk_driver_init,0.186725,0,30
4,run3_initcall.txt,rp1_sdio_clk_driver_init,0.186804,0,28
4,run3_initcall.txt,clk_dvp_driver_init,0.186876,0,27
4,run3_initcall.txt,bcm2835_aux_clk_driver_init,0.186977,0,55
4,run3_initcall.txt,raspberrypi_clk_driver_init,0.202429,0,15405
4,run3_initcall.txt,dw_driver_init,0.202512,0,38
4,run3_initcall.txt,bcm2835_power_driver_init,0.202575,0,19
4,run3_initcall.txt,rpi_power_driver_init,0.221556,0,18936
4,run3_initcall.txt,brcmstb_reset_driver_init,0.22358,0,33
4,run3_initcall.txt,brcm_rescal_reset_driver_init,0.225601,0,30
4,run3_initcall.txt,rpi_reset_driver_init,0.228668,0,1078
4,run3_initcall.txt,reset_simple_driver_init,0.230779,0,67
4,run3_initcall.txt,n_null_init,0.232759,0,0
4,run3_initcall.txt,pty_init,0.234894,0,77
4,run3_initcall.txt,sysrq_init,0.236924,0,13
4,run3_initcall.txt,serial8250_init,0.238982,-19,0
4,run3_initcall.txt,bcm2835aux_serial_driver_init,0.241048,0,33
4,run3_initcall.txt,brcmuart_init,0.243111,0,40
4,run3_initcall.txt,exar_pci_driver_init,0.24516,0,30
4,run3_initcall.txt,of_platform_serial_driver_init,0.247249,0,79
4,run3_initcall.txt,serial_pci_driver_init,0.249263,0,28
4,run3_initcall.txt,pericom8250_pci_driver_init,0.251302,0,21
4,run3_initcall.txt,init_kgdboc,0.254384,0,1059
4,run3_initcall.txt,random_sysctls_init,0.256437,0,12
4,run3_initcall.txt,ttyprintk_init,0.258566,0,70
4,run3_initcall.txt,bcm2835_rng_driver_init,0.26064,0,49
4,run3_initcall.txt,bcm74110_rng_driver_init,0.262758,0,31
4,run3_initcall.txt,iproc_rng200_driver_init,0.267158,0,2316
4,run3_initcall.txt,smccc_trng_driver_init,0.269377,0,22
4,run3_initcall.txt,vc_mem_init,0.272893,0,1278
4,run3_initcall.txt,vcio_driver_init,0.276671,0,1441
4,run3_initcall.txt,bcm2712_iommu_driver_init,0.279103,0,32
4,run3_initcall.txt,bcm2712_iommu_cache_driver_init,0.281566,0,31
4,run3_initcall.txt,topology_sysfs_init,0.284099,0,61
4,run3_initcall.txt,cacheinfo_sysfs_init,0.286876,0,237
4,run3_initcall.txt,devcoredump_init,0.289422,0,9
4,run3_initcall.txt,brd_init,0.296734,0,4805
4,run3_initcall.txt,loop_init,0.302878,0,3647
4,run3_initcall.txt,bcm2835_pm_driver_init,0.306704,0,1328
4,run3_initcall.txt,stmpe_i2c_driver_init,0.309169,0,15
4,run3_initcall.txt,stmpe_spi_driver_init,0.311648,0,17
4,run3_initcall.txt,rp1_driver_init,0.314136,0,25
4,run3_initcall.txt,system_heap_create,0.316633,0,77
4,run3_initcall.txt,add_default_cma_heap,0.319197,0,81
4,run3_initcall.txt,udmabuf_dev_init,0.321702,0,45
4,run3_initcall.txt,iscsi_transport_init,0.325634,0,1477
4,run3_initcall.txt,init_sd,0.328117,0,21
4,run3_initcall.txt,nvme_core_init,0.330836,0,245
4,run3_initcall.txt,nvme_init,0.333301,0,29
4,run3_initcall.txt,blackhole_netdev_init,0.335773,0,17
4,run3_initcall.txt,netkit_init,0.338222,0,5
4,run3_initcall.txt,phylink_init,0.340655,0,0
4,run3_initcall.txt,phy_module_init,0.343292,0,164
4,run3_initcall.txt,phy_module_init,0.345882,0,168
4,run3_initcall.txt,fixed_mdio_bus_init,0.34845,0,166
4,run3_initcall.txt,phy_module_init,0.351057,0,163
4,run3_initcall.txt,phy_module_init,0.35351,0,18
4,run3_initcall.txt,phy_module_init,0.355976,0,60
4,run3_initcall.txt,unimac_mdio_driver_init,0.358461,0,91
4,run3_initcall.txt,macb_driver_init,0.360939,0,97
4,run3_initcall.txt,bcmgenet_driver_init,0.558204,0,194887
4,run3_initcall.txt,bcmasp_driver_init,0.560645,0,62
4,run3_initcall.txt,lan78xx_driver_init,0.564246,0,1213
4,run3_initcall.txt,smsc95xx_driver_init,0.567892,0,1210
4,run3_initcall.txt,usbnet_init,0.570348,0,0
4,run3_initcall.txt,xhci_hcd_init,0.572803,0,10
4,run3_initcall.txt,xhci_pci_init,0.700086,0,124841
4,run3_initcall.txt,xhci_plat_init,0.70249,0,93
4,run3_initcall.txt,dwc_otg_driver_init,0.709407,0,4630
4,run3_initcall.txt,dwc_common_port_init_module,0.712926,0,1245
4,run3_initcall.txt,dwc3_driver_init,0.715224,0,44
4,run3_initcall.txt,dwc3_haps_driver_init,0.717518,0,22
4,run3_initcall.txt,dwc3_of_simple_driver_init,0.719842,0,52
4,run3_initcall.txt,dwc3_generic_driver_init,0.722152,0,32
4,run3_initcall.txt,dwc2_platform_driver_init,0.72454,0,118
4,run3_initcall.txt,uas_init,0.728014,0,1217
4,run3_initcall.txt,usb_storage_driver_init,0.731415,0,1110
4,run3_initcall.txt,brcmstb_usb_pinmap_init,0.733733,-19,57
4,run3_initcall.txt,bdc_driver_init,0.736015,0,36
4,run3_initcall.txt,input_leds_init,0.738284,0,1
4,run3_initcall.txt,mousedev_init,0.741803,0,1227
4,run3_initcall.txt,evdev_init,0.744143,0,0
4,run3_initcall.txt,brcmstb_waketmr_driver_init,0.746497,0,38
4,run3_initcall.txt,rpi_rtc_driver_init,0.748791,0,32
4,run3_initcall.txt,init_rc_map_adstech_dvb_t_pci,0.751092,0,0
4,run3_initcall.txt,init_rc_map_alink_dtu_m,0.753411,0,0
4,run3_initcall.txt,init_rc_map_anysee,0.75573,0,0
4,run3_initcall.txt,init_rc_map_apac_viewcomp,0.758078,0,0
4,run3_initcall.txt,init_rc_map_t2hybrid,0.760425,0,0
4,run3_initcall.txt,init_rc_map_asus_pc39,0.762764,0,0
4,run3_initcall.txt,init_rc_map_asus_ps3_100,0.765058,0,0
4,run3_initcall.txt,init_rc_map_ati_tv_wonder_hd_600,0.767395,0,0
4,run3_initcall.txt,init_rc_map_ati_x10,0.769742,0,0
4,run3_initcall.txt,init_rc_map_avermedia_a16d,0.772115,0,0
4,run3_initcall.txt,init_rc_map_avermedia_cardbus,0.774484,0,0
4,run3_initcall.txt,init_rc_map_avermedia_dvbt,0.776845,0,0
4,run3_initcall.txt,init_rc_map_avermedia_m135a,0.779219,0,0
4,run3_initcall.txt,init_rc_map_avermedia_m733a_rm_k6,0.781584,0,0
4,run3_initcall.txt,init_rc_map_avermedia,0.783964,0,0
4,run3_initcall.txt,init_rc_map_avermedia_rm_ks,0.786347,0,0
4,run3_initcall.txt,init_rc_map_avertv_303,0.788738,0,0
4,run3_initcall.txt,init_rc_map_azurewave_ad_tu700,0.791136,0,0
4,run3_initcall.txt,init_rc_map_beelink_gs1,0.793509,0,0
4,run3_initcall.txt,init_rc_map_beelink_mxiii,0.795885,0,0
4,run3_initcall.txt,init_rc_map_behold_columbus,0.798529,0,0
4,run3_initcall.txt,init_rc_map_behold,0.800892,0,0
4,run3_initcall.txt,init_rc_map_budget_ci_old,0.803263,0,0
4,run3_initcall.txt,init_rc_map_cinergy_1400,0.805619,0,0
4,run3_initcall.txt,init_rc_map_cinergy,0.807948,0,0
4,run3_initcall.txt,init_rc_map_ct_90405,0.810321,0,0
4,run3_initcall.txt,init_rc_map_d680_dmb,0.812625,0,0
4,run3_initcall.txt,init_rc_map_delock_61959,0.814996,0,0
4,run3_initcall.txt,init_rc_map,0.817336,0,0
4,run3_initcall.txt,init_rc_map,0.819715,0,0
4,run3_initcall.txt,init_rc_map_digitalnow_tinytwin,0.822013,0,0
4,run3_initcall.txt,init_rc_map_digittrade,0.824303,0,0
4,run3_initcall.txt,init_rc_map_dm1105_nec,0.826581,0,0
4,run3_initcall.txt,init_rc_map_dntv_live_dvb_t,0.828844,0,0
4,run3_initcall.txt,init_rc_map_dntv_live_dvbt_pro,0.831134,0,0
4,run3_initcall.txt,init_rc_map_dreambox,0.833522,0,0
4,run3_initcall.txt,init_rc_map_dtt200u,0.835766,0,0
4,run3_initcall.txt,init_rc_map_rc5_dvbsky,0.838048,0,0
4,run3_initcall.txt,init_rc_map_dvico_mce,0.840323,0,0
4,run3_initcall.txt,init_rc_map_dvico_portable,0.842602,0,0
4,run3_initcall.txt,init_rc_map_em_terratec,0.844866,0,0
4,run3_initcall.txt,init_rc_map_encore_enltv2,0.847141,0,0
4,run3_initcall.txt,init_rc_map_encore_enltv_fm53,0.849385,0,0
4,run3_initcall.txt,init_rc_map_encore_enltv,0.851663,0,0
4,run3_initcall.txt,init_rc_map_evga_indtube,0.853924,0,0
4,run3_initcall.txt,init_rc_map_eztv,0.856171,0,0
4,run3_initcall.txt,init_rc_map_flydvb,0.858412,0,0
4,run3_initcall.txt,init_rc_map_flyvideo,0.860644,0,0
4,run3_initcall.txt,init_rc_map_fusionhdtv_mce,0.86288,0,0
4,run3_initcall.txt,init_rc_map_gadmei_rm008z,0.865061,0,0
4,run3_initcall.txt,init_rc_map_geekbox,0.867282,0,0
4,run3_initcall.txt,init_rc_map_genius_tvgo_a11mce,0.869504,0,0
4,run3_initcall.txt,init_rc_map_gotview7135,0.871717,0,0
4,run3_initcall.txt,init_rc_map_rc5_hauppauge_new,0.873948,0,0
4,run3_initcall.txt,init_rc_map_hisi_poplar,0.876171,0,0
4,run3_initcall.txt,init_rc_map_hisi_tv_demo,0.87841,0,0
4,run3_initcall.txt,init_rc_map_imon_mce,0.880638,0,0
4,run3_initcall.txt,init_rc_map_imon_pad,0.882892,0,0
4,run3_initcall.txt,init_rc_map_imon_rsc,0.885124,0,0
4,run3_initcall.txt,init_rc_map_iodata_bctv7e,0.887332,0,0
4,run3_initcall.txt,init_rc_it913x_v1_map,0.889541,0,0
4,run3_initcall.txt,init_rc_it913x_v2_map,0.891755,0,0
4,run3_initcall.txt,init_rc_map_kaiomy,0.893966,0,0
4,run3_initcall.txt,init_rc_map_khadas,0.896175,0,0
4,run3_initcall.txt,init_rc_map_khamsin,0.898374,0,0
4,run3_initcall.txt,init_rc_map_kworld_315u,0.900559,0,0
4,run3_initcall.txt,init_rc_map_kworld_pc150u,0.902754,0,0
4,run3_initcall.txt,init_rc_map_kworld_plus_tv_analog,0.904951,0,0
4,run3_initcall.txt,init_rc_map_leadtek_y04g0051,0.907153,0,0
4,run3_initcall.txt,init_rc_lme2510_map,0.909366,0,0
4,run3_initcall.txt,init_rc_map_manli,0.911565,0,0
4,run3_initcall.txt,init_rc_map_mecool_kiii_pro,0.913791,0,0
4,run3_initcall.txt,init_rc_map_mecool_kii_pro,0.915979,0,0
4,run3_initcall.txt,init_rc_map_medion_x10_digitainer,0.918205,0,0
4,run3_initcall.txt,init_rc_map_medion_x10,0.920418,0,0
4,run3_initcall.txt,init_rc_map_medion_x10_or2x,0.92264,0,0
4,run3_initcall.txt,init_rc_map_minix_neo,0.924843,0,0
4,run3_initcall.txt,init_rc_map_msi_digivox_iii,0.927076,0,0
4,run3_initcall.txt,init_rc_map_msi_digivox_ii,0.92932,0,0
4,run3_initcall.txt,init_rc_map_msi_tvanywhere,0.93154,0,0
4,run3_initcall.txt,init_rc_map_msi_tvanywhere_plus,0.933764,0,0
4,run3_initcall.txt,init_rc_map_mygica_utv3,0.935991,0,0
4,run3_initcall.txt,init_rc_map_nebula,0.938241,0,0
4,run3_initcall.txt,init_rc_map_nec_terratec_cinergy_xs,0.940477,0,0
4,run3_initcall.txt,init_rc_map_norwood,0.943966,0,0
4,run3_initcall.txt,init_rc_map_npgtech,0.946193,0,0
4,run3_initcall.txt,init_rc_map_odroid,0.948374,0,0
4,run3_initcall.txt,init_rc_map_pctv_sedna,0.950611,0,0
4,run3_initcall.txt,init_rc_map_pine64,0.952856,0,0
4,run3_initcall.txt,init_rc_map_pinnacle_color,0.955106,0,0
4,run3_initcall.txt,init_rc_map_pinnacle_grey,0.957349,0,0
4,run3_initcall.txt,init_rc_map_pinnacle_pctv_hd,0.959586,0,0
4,run3_initcall.txt,init_rc_map_pixelview,0.961834,0,0
4,run3_initcall.txt,init_rc_map_pixelview,0.964091,0,0
4,run3_initcall.txt,init_rc_map_pixelview_new,0.966315,0,0
4,run3_initcall.txt,init_rc_map_pixelview,0.968573,0,0
4,run3_initcall.txt,init_rc_map_powercolor_real_angel,0.970831,0,0
4,run3_initcall.txt,init_rc_map_proteus_2309,0.973102,0,0
4,run3_initcall.txt,init_rc_map_purpletv,0.975367,0,0
4,run3_initcall.txt,init_rc_map_pv951,0.977638,0,0
4,run3_initcall.txt,init_rc_map_rc6_mce,0.979894,0,0
4,run3_initcall.txt,init_rc_map_real_audio_220_32_keys,0.982127,0,0
4,run3_initcall.txt,init_rc_map_reddo,0.984387,0,0
4,run3_initcall.txt,init_rc_map_siemens_gigaset_rc20,0.986659,0,0
4,run3_initcall.txt,init_rc_map_snapstream_firefly,0.988936,0,0
4,run3_initcall.txt,init_rc_map_streamzap,0.991225,0,0
4,run3_initcall.txt,init_rc_map_su3000,0.99354,0,0
4,run3_initcall.txt,init_rc_map_tanix_tx3mini,0.995791,0,0
4,run3_initcall.txt,init_rc_map_tanix_tx5max,0.998095,0,0
4,run3_initcall.txt,init_rc_map_tbs_nec,1.000329,0,0
4,run3_initcall.txt,init_rc_map,1.002645,0,0
4,run3_initcall.txt,init_rc_map,1.004952,0,0
4,run3_initcall.txt,init_rc_map_terratec_cinergy_c_pci,1.007279,0,0
4,run3_initcall.txt,init_rc_map_terratec_cinergy_s2_hd,1.009604,0,0
4,run3_initcall.txt,init_rc_map_terratec_cinergy_xs,1.011904,0,0
4,run3_initcall.txt,init_rc_map_terratec_slim_2,1.014188,0,0
4,run3_initcall.txt,init_rc_map_terratec_slim,1.016441,0,0
4,run3_initcall.txt,init_rc_map_tevii_nec,1.018741,0,0
4,run3_initcall.txt,init_rc_map_tivo,1.021052,0,0
4,run3_initcall.txt,init_rc_map_total_media_in_hand_02,1.023367,0,0
4,run3_initcall.txt,init_rc_map_total_media_in_hand,1.025693,0,0
4,run3_initcall.txt,init_rc_map_trekstor,1.028021,0,0
4,run3_initcall.txt,init_rc_map_tt_1500,1.030341,0,0
4,run3_initcall.txt,init_rc_map_twinhan_vp1027,1.032628,0,0
4,run3_initcall.txt,init_rc_map_twinhan_dtv_cab_ci,1.034958,0,0
4,run3_initcall.txt,init_rc_map_vega_s9x,1.037514,0,0
4,run3_initcall.txt,init_rc_map_videomate_k100,1.039801,0,0
4,run3_initcall.txt,init_rc_map_videomate_s350,1.042121,0,0
4,run3_initcall.txt,init_rc_map_videomate_tv_pvr,1.044424,0,0
4,run3_initcall.txt,init_rc_map_kii_pro,1.046714,0,0
4,run3_initcall.txt,init_rc_map_wetek_hub,1.048979,0,0
4,run3_initcall.txt,init_rc_map_wetek_play2,1.051322,0,0
4,run3_initcall.txt,init_rc_map_winfast,1.053629,0,0
4,run3_initcall.txt,init_rc_map_winfast_usbii_deluxe,1.05592,0,0
4,run3_initcall.txt,init_rc_map_x96max,1.058228,0,0
4,run3_initcall.txt,init_rc_map,1.060524,0,0
4,run3_initcall.txt,init_rc_map,1.062808,0,0
4,run3_initcall.txt,init_rc_map_zx_irdec,1.065038,0,0
4,run3_initcall.txt,ptp_kvm_init,1.067323,-95,0
4,run3_initcall.txt,gpio_poweroff_driver_init,1.069672,0,76
4,run3_initcall.txt,bcm2711_thermal_driver_init,1.073487,0,1575
4,run3_initcall.txt,bcm2835_thermal_driver_init,1.075789,0,48
4,run3_initcall.txt,bcm2835_wdt_driver_init,1.078075,0,23
4,run3_initcall.txt,dt_cpufreq_platdrv_init,1.080371,0,22
4,run3_initcall.txt,brcm_avs_cpufreq_platdrv_init,1.082681,0,35
4,run3_initcall.txt,raspberrypi_cpufreq_driver_init,1.090974,0,5987
4,run3_initcall.txt,mmc_pwrseq_simple_driver_init,1.093519,0,105
4,run3_initcall.txt,mmc_pwrseq_emmc_driver_init,1.098163,0,38
4,run3_initcall.txt,mmc_blk_init,1.100547,0,28
4,run3_initcall.txt,sdhci_drv_init,1.105333,0,2405
4,run3_initcall.txt,bcm2835_mmc_driver_init,1.1113,0,1213
4,run3_initcall.txt,bcm2835_driver_init,1.113757,0,36
4,run3_initcall.txt,sdhci_pltfm_drv_init,1.1174,0,1243
4,run3_initcall.txt,sdhci_iproc_driver_init,1.119899,0,58
4,run3_initcall.txt,sdhci_brcmstb_driver_init,1.119962,0,47
4,run3_initcall.txt,esrt_sysfs_init,1.119979,-38,0
4,run3_initcall.txt,smccc_devices_init,1.119989,0,0
4,run3_initcall.txt,smccc_soc_init,1.119998,0,1
4,run3_initcall.txt,arch_timer_mmio_drv_init,1.120037,0,30
4,run3_initcall.txt,arch_timer_mmio_acpi_drv_init,1.120066,0,19
4,run3_initcall.txt,hid_init,1.120127,0,52
4,run3_initcall.txt,hid_generic_init,1.120177,0,40
4,run3_initcall.txt,hid_init,1.120222,0,35
4,run3_initcall.txt,bcm74110_mbox_driver_init,1.120267,0,34
4,run3_initcall.txt,extcon_class_init,1.120285,0,7
4,run3_initcall.txt,armv8_pmu_driver_init,1.157424,0,37130
4,run3_initcall.txt,binder_init,1.159866,0,59
4,run3_initcall.txt,rpi_otp_driver_init,1.166031,0,3788
4,run3_initcall.txt,sock_diag_init,1.168353,0,31
4,run3_initcall.txt,blackhole_init,1.170682,0,1
4,run3_initcall.txt,cls_bpf_init_mod,1.172988,0,0
4,run3_initcall.txt,gre_offload_init,1.17528,0,0
4,run3_initcall.txt,sysctl_ipv4_init,1.177667,0,84
4,run3_initcall.txt,cubictcp_register,1.179928,0,2
4,run3_initcall.txt,packet_init,1.183356,0,1162
4,run3_initcall.txt,init_rpcsec_gss,1.185696,0,17
4,run3_initcall.txt,init_kerberos_module,1.187994,0,4
4,run3_initcall.txt,dcbnl_init,1.190258,0,2
4,run3_initcall.txt,init_dns_resolver,1.193623,0,1119
4,run3_initcall.txt,handshake_init,1.195962,0,28
4,run3_initcall.txt,check_mmu_enabled_at_boot,1.19826,0,0
4,run3_initcall.txt,finalize_pkvm,1.200563,0,0
4,run3_initcall.txt,kernel_do_mounts_initrd_sysctls_init,1.20412,0,4
4,run3_initcall.txt,kernel_panic_sysctls_init,1.20654,0,13
4,run3_initcall.txt,kernel_panic_sysfs_init,1.208909,0,3
4,run3_initcall.txt,kernel_exit_sysctls_init,1.211251,0,2
4,run3_initcall.txt,kernel_exit_sysfs_init,1.21368,0,3
4,run3_initcall.txt,param_sysfs_builtin_init,1.225428,0,9371
4,run3_initcall.txt,reboot_ksysfs_init,1.227854,0,22
4,run3_initcall.txt,sched_core_sysctl_init,1.230289,0,7
4,run3_initcall.txt,sched_fair_sysctl_init,1.232671,0,10
4,run3_initcall.txt,sched_rt_sysctl_init,1.235184,0,4
4,run3_initcall.txt,sched_dl_sysctl_init,1.237933,0,3
4,run3_initcall.txt,sched_init_debug,1.240344,0,77
4,run3_initcall.txt,cpu_latency_qos_init,1.242801,0,119
4,run3_initcall.txt,printk_late_init,1.245108,0,22
4,run3_initcall.txt,init_srcu_module_notifier,1.247467,0,1
4,run3_initcall.txt,kernel_rcu_stall_sysfs_init,1.249818,0,4
4,run3_initcall.txt,swiotlb_create_default_debugfs,1.252173,0,9
4,run3_initcall.txt,tk_debug_sleep_time_init,1.254619,0,5
4,run3_initcall.txt,bpf_ksym_iter_register,1.257022,0,0
4,run3_initcall.txt,kernel_acct_sysctls_init,1.259785,0,4
4,run3_initcall.txt,bpf_rstat_kfunc_init,1.262217,0,0
4,run3_initcall.txt,debugfs_kprobe_init,1.264623,0,11
4,run3_initcall.txt,kernel_delayacct_sysctls_init,1.267008,0,3
4,run3_initcall.txt,taskstats_init,1.270596,0,1179
4,run3_initcall.txt,bpf_global_ma_init,1.273099,0,116
4,run3_initcall.txt,bpf_syscall_sysctl_init,1.275503,0,4
4,run3_initcall.txt,unbound_reg_init,1.278145,0,0
4,run3_initcall.txt,kfunc_init,1.280472,0,1
4,run3_initcall.txt,bpf_map_iter_init,1.282804,0,0
4,run3_initcall.txt,init_subsystem,1.285133,0,0
4,run3_initcall.txt,task_iter_init,1.287482,0,1
4,run3_initcall.txt,bpf_prog_iter_init,1.289799,0,0
4,run3_initcall.txt,bpf_link_iter_init,1.292093,0,0
4,run3_initcall.txt,init_trampolines,1.294378,0,2
4,run3_initcall.txt,rqspinlock_register_kfuncs,1.296682,0,0
4,run3_initcall.txt,kfunc_init,1.298919,0,0
4,run3_initcall.txt,bpf_cgroup_iter_init,1.301191,0,0
4,run3_initcall.txt,cpumask_kfunc_init,1.303433,0,6
4,run3_initcall.txt,crypto_kfunc_init,1.305706,0,0
4,run3_initcall.txt,bpf_kmem_cache_iter_init,1.30799,0,0
4,run3_initcall.txt,dmabuf_iter_init,1.310221,0,0
4,run3_initcall.txt,load_system_certificate_list,1.313621,0,1145
4,run3_initcall.txt,init_lru_gen,1.315936,0,16
4,run3_initcall.txt,vmstat_late_init,1.318252,0,1
4,run3_initcall.txt,fault_around_debugfs,1.320564,0,2
4,run3_initcall.txt,slab_sysfs_init,1.326604,0,3743
4,run3_initcall.txt,max_swapfiles_check,1.328887,0,0
4,run3_initcall.txt,zswap_init,1.331159,0,0
4,run3_initcall.txt,mempolicy_sysfs_init,1.333413,0,15
4,run3_initcall.txt,memory_tier_late_init,1.338003,0,2341
4,run3_initcall.txt,check_early_ioremap_leak,1.340285,0,0
4,run3_initcall.txt,mg_debugfs_init,1.342552,0,13
4,run3_initcall.txt,fscrypt_init,1.347154,0,2324
4,run3_initcall.txt,pstore_init,1.349408,0,11
4,run3_initcall.txt,init_root_keyring,1.351711,0,33
4,run3_initcall.txt,init_profile_hash,1.353976,0,0
4,run3_initcall.txt,integrity_fs_init,1.356265,0,7
4,run3_initcall.txt,crypto_algapi_init,1.358558,0,9
4,run3_initcall.txt,blk_timeout_init,1.360837,0,0
4,run3_initcall.txt,depot_debugfs_init,1.36312,0,5
4,run3_initcall.txt,pci_resource_alignment_sysfs_init,1.365396,0,3
4,run3_initcall.txt,pci_sysfs_init,1.367713,0,11
4,run3_initcall.txt,clk_debug_init,1.370395,0,350
4,run3_initcall.txt,genpd_debug_init,1.373053,0,325
4,run3_initcall.txt,sync_state_resume_initcall,1.375408,0,1
4,run3_initcall.txt,deferred_probe_initcall,1.445626,0,67877
4,run3_initcall.txt,efi_shutdown_init,1.447848,-19,0
4,run3_initcall.txt,efi_earlycon_unmap_fb,1.450129,0,1
4,run3_initcall.txt,psci_debugfs_init,1.452362,0,0
4,run3_initcall.txt,of_cfs_init,1.456789,0,2193
4,run3_initcall.txt,of_fdt_raw_init,1.458993,0,27
4,run3_initcall.txt,bpf_kfunc_init,1.461212,0,2
4,run3_initcall.txt,init_subsystem,1.463417,0,0
4,run3_initcall.txt,xdp_metadata_init,1.465581,0,0
4,run3_initcall.txt,bpf_sockmap_iter_init,1.467756,0,1
4,run3_initcall.txt,bpf_sk_storage_map_iter_init,1.469921,0,0
4,run3_initcall.txt,bpf_prog_test_run_init,1.472082,0,0
4,run3_initcall.txt,bpf_dummy_struct_ops_init,1.474271,0,0
4,run3_initcall.txt,tcp_congestion_default,1.476461,0,1
4,run3_initcall.txt,inet_blackhole_dev_init,1.478643,0,5
4,run3_initcall.txt,ip_auto_config,1.480791,0,9
4,run3_initcall.txt,tcp_bpf_v4_build_proto,1.482938,0,1
4,run3_initcall.txt,udp_bpf_v4_build_proto,1.48508,0,6
4,run3_initcall.txt,bpf_tcp_ca_kfunc_init,1.487212,0,0
4,run3_initcall.txt,bpf_mptcp_kfunc_init,1.489337,0,0
4,run3_initcall.txt,fb_logo_late_init,1.491467,0,0
4,run3_initcall.txt,amba_stub_drv_init,1.491504,0,28
4,run3_initcall.txt,clk_disable_unused,1.499056,0,1127
4,run3_initcall.txt,genpd_power_off_unused,1.502541,0,1175
4,run3_initcall.txt,regulator_init_complete,1.5049,0,1
4,run3_initcall.txt,of_platform_sync_state_init,1.507314,0,15
5,run4_initcall.txt,cpufreq_gov_performance_init,0.014033,0,0
5,run4_initcall.txt,cpufreq_gov_powersave_init,0.014054,0,0
5,run4_initcall.txt,cpufreq_gov_userspace_init,0.014071,0,0
5,run4_initcall.txt,CPU_FREQ_GOV_ONDEMAND_init,0.014089,0,0
5,run4_initcall.txt,CPU_FREQ_GOV_CONSERVATIVE_init,0.014107,0,0
5,run4_initcall.txt,cpufreq_dt_platdev_init,0.014145,-19,0
5,run4_initcall.txt,cpuidle_init,0.014169,0,0
5,run4_initcall.txt,rpi_firmware_init,0.014199,0,0
5,run4_initcall.txt,arm_dmi_init,0.01422,0,0
5,run4_initcall.txt,arch_timer_evtstrm_register,0.014314,0,0
5,run4_initcall.txt,sock_init,0.016407,0,4000
5,run4_initcall.txt,net_inuse_init,0.016436,0,0
5,run4_initcall.txt,sock_struct_check,0.016451,0,0
5,run4_initcall.txt,init_default_flow_dissectors,0.016468,0,0
5,run4_initcall.txt,netlink_proto_init,0.016557,0,0
5,run4_initcall.txt,genl_init,0.016586,0,0
5,run4_initcall.txt,debug_monitors_init,0.016727,0,0
5,run4_initcall.txt,init_overflow_sysctl,0.016754,0,0
5,run4_initcall.txt,irq_sysfs_init,0.016876,0,0
5,run4_initcall.txt,dma_atomic_pool_init,0.01749,0,0
5,run4_initcall.txt,audit_init,0.01763,0,0
5,run4_initcall.txt,bdi_class_init,0.017663,0,0
5,run4_initcall.txt,mm_sysfs_init,0.01768,0,0
5,run4_initcall.txt,init_per_zone_wmark_min,0.017704,0,0
5,run4_initcall.txt,ramoops_init,0.017736,0,0
5,run4_initcall.txt,gpiolib_sysfs_init,0.017759,0,0
5,run4_initcall.txt,pcibus_class_init,0.01778,0,0
5,run4_initcall.txt,pci_driver_init,0.017816,0,0
5,run4_initcall.txt,amba_init,0.017841,0,0
5,run4_initcall.txt,__bcm2835_clk_driver_init,0.017864,0,0
5,run4_initcall.txt,tty_class_init,0.017884,0,0
5,run4_initcall.txt,vtconsole_class_init,0.017931,0,0
5,run4_initcall.txt,serdev_init,0.017961,0,0
5,run4_initcall.txt,iommu_dev_init,0.017984,0,0
5,run4_initcall.txt,mipi_dsi_bus_init,0.018009,0,0
5,run4_initcall.txt,devlink_class_init,0.018031,0,0
5,run4_initcall.txt,software_node_init,0.018051,0,0
5,run4_initcall.txt,regmap_initcall,0.018071,0,0
5,run4_initcall.txt,sram_init,0.018096,0,0
5,run4_initcall.txt,spi_init,0.018127,0,0
5,run4_initcall.txt,i2c_init,0.018167,0,0
5,run4_initcall.txt,thermal_init,0.018201,0,0
5,run4_initcall.txt,init_menu,0.018243,0,0
5,run4_initcall.txt,efipostcore_init,0.018261,0,0
5,run4_initcall.txt,kobject_uevent_init,0.018282,0,0
5,run4_initcall.txt,init_uevent_helper_sysctl,0.0183,0,0
5,run4_initcall.txt,reserve_memblock_reserved_regions,0.018399,0,0
5,run4_initcall.txt,aarch32_alloc_vdso_pages,0.018419,0,0
5,run4_initcall.txt,vdso_init,0.018435,0,0
5,run4_initcall.txt,arm64_create_dummy_rsi_dev,0.018452,0,0
5,run4_initcall.txt,arch_hw_breakpoint_init,0.018517,0,0
5,run4_initcall.txt,adjust_protection_map,0.018536,0,0
5,run4_initcall.txt,asids_update_limit,0.018561,0,0
5,run4_initcall.txt,kcmp_cookies_init,0.018579,0,0
5,run4_initcall.txt,dma_channel_table_init,0.018604,0,0
5,run4_initcall.txt,dma_bus_init,0.018651,0,0
5,run4_initcall.txt,brcmstb_soc_device_init,0.018956,0,0
5,run4_initcall.txt,serial_base_init,0.019001,0,0
5,run4_initcall.txt,pl011_init,0.019043,0,0
5,run4_initcall.txt,iommu_dma_init,0.01907,0,0
5,run4_initcall.txt,dmi_id_init,0.019089,-19,0
5,run4_initcall.txt,bcm2835_mbox_init,0.019113,0,0
5,run4_initcall.txt,of_platform_default_populate_init,0.035785,0,16000
5,run4_initcall.txt,register_mte_tcf_preferred_sysctl,0.035886,0,0
5,run4_initcall.txt,init_fork_sysctl,0.035916,0,0
5,run4_initcall.txt,uid_cache_init,0.035962,0,0
5,run4_initcall.txt,pid_namespace_sysctl_init,0.035995,0,0
5,run4_initcall.txt,param_sysfs_init,0.036015,0,0
5,run4_initcall.txt,user_namespace_sysctl_init,0.036046,0,0
5,run4_initcall.txt,proc_schedstat_init,0.036074,0,0
5,run4_initcall.txt,init_rtmutex_sysctl,0.036092,0,0
5,run4_initcall.txt,pm_sysrq_init,0.036144,0,0
5,run4_initcall.txt,init_rcu_stall_sysctl,0.036165,0,0
5,run4_initcall.txt,init_module_sysctl,0.036183,0,0
5,run4_initcall.txt,create_proc_profile,0.0362,0,0
5,run4_initcall.txt,cgroup_sysfs_init,0.03622,0,0
5,run4_initcall.txt,user_namespaces_init,0.036246,0,0
5,run4_initcall.txt,hung_task_init,0.03635,0,0
5,run4_initcall.txt,dev_map_init,0.036369,0,0
5,run4_initcall.txt,netns_bpf_init,0.036383,0,0
5,run4_initcall.txt,oom_init,0.036445,0,0
5,run4_initcall.txt,init_user_buckets,0.03646,0,0
5,run4_initcall.txt,init_vm_util_sysctls,0.03648,0,0
5,run4_initcall.txt,default_bdi_init,0.036583,0,0
5,run4_initcall.txt,cgwb_init,0.036609,0,0
5,run4_initcall.txt,percpu_enable_async,0.036624,0,0
5,run4_initcall.txt,kcompactd_init,0.036735,0,0
5,run4_initcall.txt,init_mm_sysctl,0.036752,0,0
5,run4_initcall.txt,init_user_reserve,0.036769,0,0
5,run4_initcall.txt,init_admin_reserve,0.036783,0,0
5,run4_initcall.txt,init_reserve_notifier,0.036798,0,0
5,run4_initcall.txt,swap_init,0.036821,0,0
5,run4_initcall.txt,swapfile_init,0.036843,0,0
5,run4_initcall.txt,memory_tier_init,0.036885,0,0
5,run4_initcall.txt,numa_init_sysfs,0.036905,0,0
5,run4_initcall.txt,mem_cgroup_swap_init,0.036922,0,0
5,run4_initcall.txt,init_msg_buckets,0.036939,0,0
5,run4_initcall.txt,init_bio,0.036984,0,0
5,run4_initcall.txt,blk_ioc_init,0.037004,0,0
5,run4_initcall.txt,blk_mq_init,0.037022,0,0
5,run4_initcall.txt,genhd_device_init,0.037134,0,0
5,run4_initcall.txt,blkcg_punt_bio_init,0.037229,0,0
5,run4_initcall.txt,blk_integrity_auto_init,0.037302,0,0
5,run4_initcall.txt,io_wq_init,0.037323,0,0
5,run4_initcall.txt,crc_t10dif_mod_init,0.037349,0,0
5,run4_initcall.txt,sha256_mod_init,0.037368,0,0
5,run4_initcall.txt,sha512_mod_init,0.037385,0,0
5,run4_initcall.txt,sg_pool_init,0.037417,0,0
5,run4_initcall.txt,gpiolib_debugfs_init,0.037438,0,0
5,run4_initcall.txt,stmpe_gpio_init,0.037507,0,0
5,run4_initcall.txt,pwm_init,0.03753,0,0
5,run4_initcall.txt,leds_init,0.037556,0,0
5,run4_initcall.txt,pci_slot_init,0.037593,0,0
5,run4_initcall.txt,fbmem_init,0.037642,0,0
5,run4_initcall.txt,bcm2835_dma_init,0.038321,0,0
5,run4_initcall.txt,regulator_fixed_voltage_init,0.038389,0,0
5,run4_initcall.txt,gpio_regulator_init,0.038435,0,0
5,run4_initcall.txt,init_sysrq_sysctl,0.038463,0,0
5,run4_initcall.txt,misc_init,0.038491,0,0
5,run4_initcall.txt,iommu_subsys_init,0.038523,0,0
5,run4_initcall.txt,register_cpu_capacity_sysctl,0.038907,0,0
5,run4_initcall.txt,dma_buf_init,0.038999,0,0
5,run4_initcall.txt,dma_heap_init,0.039032,0,0
5,run4_initcall.txt,init_scsi,0.039123,0,0
5,run4_initcall.txt,mdio_bus_init,0.03915,0,0
5,run4_initcall.txt,phy_init,0.039191,0,0
5,run4_initcall.txt,usb_common_init,0.039208,0,0
5,run4_initcall.txt,usb_init,0.039304,0,0
5,run4_initcall.txt,usb_phy_generic_init,0.03943,0,0
5,run4_initcall.txt,usb_udc_init,0.039458,0,0
5,run4_initcall.txt,usb_roles_init,0.039477,0,0
5,run4_initcall.txt,input_init,0.039501,0,0
5,run4_initcall.txt,rtc_init,0.039519,0,0
5,run4_initcall.txt,rc_core_init,0.039544,0,0
5,run4_initcall.txt,pps_init,0.03958,0,0
5,run4_initcall.txt,ptp_init,0.039605,0,0
5,run4_initcall.txt,power_supply_class_init,0.039632,0,0
5,run4_initcall.txt,hwmon_init,0.039654,0,0
5,run4_initcall.txt,mmc_init,0.039697,0,0
5,run4_initcall.txt,dmi_init,0.039714,0,0
5,run4_initcall.txt,efisubsys_init,0.03973,0,0
5,run4_initcall.txt,arm_pmu_hp_init,0.039746,0,0
5,run4_initcall.txt,ras_init,0.039767,0,0
5,run4_initcall.txt,nvmem_init,0.0398,0,0
5,run4_initcall.txt,init_soundcore,0.03982,0,0
5,run4_initcall.txt,proto_init,0.039839,0,0
5,run4_initcall.txt,net_dev_init,0.040051,0,0
5,run4_initcall.txt,neigh_init,0.040071,0,0
5,run4_initcall.txt,fib_notifier_init,0.040088,0,0
5,run4_initcall.txt,netdev_genl_init,0.04013,0,0
5,run4_initcall.txt,page_pool_user_init,0.040147,0,0
5,run4_initcall.txt,fib_rules_init,0.040164,0,0
5,run4_initcall.txt,init_cgroup_netprio,0.040182,0,0
5,run4_initcall.txt,bpf_lwt_init,0.040197,0,0
5,run4_initcall.txt,pktsched_init,0.040221,0,0
5,run4_initcall.txt,tc_filter_init,0.040253,0,0
5,run4_initcall.txt,tc_action_init,0.04027,0,0
5,run4_initcall.txt,ethnl_init,0.040343,0,0
5,run4_initcall.txt,nexthop_init,0.040364,0,0
5,run4_initcall.txt,devlink_init,0.040441,0,0
5,run4_initcall.txt,wireless_nlevent_init,0.040461,0,0
5,run4_initcall.txt,vsprintf_init_hashval,0.040479,0,0
5,run4_initcall.txt,init_32bit_el0_mask,0.040494,0,0
5,run4_initcall.txt,vga_arb_device_init,0.040625,0,0
5,run4_initcall.txt,watchdog_init,0.04073,0,0
5,run4_initcall.txt,create_debug_debugfs_entry,0.040828,0,0
5,run4_initcall.txt,iomem_init_inode,0.040864,0,0
5,run4_initcall.txt,clocksource_done_booting,0.04091,0,12
5,run4_initcall.txt,bpf_init,0.040933,0,5
5,run4_initcall.txt,secretmem_init,0.040962,0,11
5,run4_initcall.txt,init_fs_stat_sysctls,0.040989,0,8
5,run4_initcall.txt,init_fs_exec_sysctls,0.041008,0,1
5,run4_initcall.txt,init_pipe_fs,0.041037,0,11
5,run4_initcall.txt,init_fs_namei_sysctls,0.041059,0,2
5,run4_initcall.txt,init_fs_dcache_sysctls,0.041083,0,6
5,run4_initcall.txt,init_fs_namespace_sysctls,0.041101,0,1
5,run4_initcall.txt,cgroup_writeback_init,0.041119,0,3
5,run4_initcall.txt,inotify_user_setup,0.041145,0,12
5,run4_initcall.txt,eventpoll_init,0.041174,0,15
5,run4_initcall.txt,anon_inode_init,0.041198,0,9
5,run4_initcall.txt,proc_locks_init,0.041215,0,2
5,run4_initcall.txt,backing_aio_init,0.041231,0,2
5,run4_initcall.txt,init_fs_coredump_sysctls,0.041252,0,6
5,run4_initcall.txt,init_vm_drop_caches_sysctls,0.04127,0,2
5,run4_initcall.txt,iomap_dio_init,0.041306,0,21
5,run4_initcall.txt,iomap_ioend_init,0.041342,0,22
5,run4_initcall.txt,dquot_init,0.041438,0,80
5,run4_initcall.txt,proc_cmdline_init,0.041457,0,1
5,run4_initcall.txt,proc_consoles_init,0.041472,0,1
5,run4_initcall.txt,proc_cpuinfo_init,0.041487,0,1
5,run4_initcall.txt,proc_devices_init,0.041503,0,0
5,run4_initcall.txt,proc_interrupts_init,0.041518,0,1
5,run4_initcall.txt,proc_loadavg_init,0.041533,0,0
5,run4_initcall.txt,proc_meminfo_init,0.041548,0,0
5,run4_initcall.txt,proc_stat_init,0.041565,0,3
5,run4_initcall.txt,proc_uptime_init,0.041635,0,1
5,run4_initcall.txt,proc_version_init,0.041651,0,1
5,run4_initcall.txt,proc_softirqs_init,0.04171,0,1
5,run4_initcall.txt,proc_kmsg_init,0.041727,0,1
5,run4_initcall.txt,proc_page_init,0.041743,0,2
5,run4_initcall.txt,init_ramfs_fs,0.041758,0,1
5,run4_initcall.txt,aa_create_aafs,0.041775,0,0
5,run4_initcall.txt,chr_dev_init,0.044645,0,2852
5,run4_initcall.txt,hwrng_modinit,0.044723,0,42
5,run4_initcall.txt,firmware_class_init,0.044743,0,1
5,run4_initcall.txt,sysctl_core_init,0.044788,0,28
5,run4_initcall.txt,eth_offload_init,0.044805,0,0
5,run4_initcall.txt,ipv4_offload_init,0.044823,0,1
5,run4_initcall.txt,inet_init,0.048497,0,3657
5,run4_initcall.txt,af_unix_init,0.048556,0,26
5,run4_initcall.txt,ipv6_offload_init,0.048577,0,1
5,run4_initcall.txt,init_sunrpc,0.048943,0,340
5,run4_initcall.txt,vlan_offload_init,0.048963,0,0
5,run4_initcall.txt,pci_apply_final_quirks,0.048991,0,11
5,run4_initcall.txt,populate_rootfs,0.049013,0,6
5,run4_initcall.txt,register_arm64_panic_block,0.049119,0,0
5,run4_initcall.txt,cpuinfo_regs_init,0.049222,0,87
5,run4_initcall.txt,aarch32_el0_sysfs_init,0.049241,0,0
5,run4_initcall.txt,kvm_arm_init,0.052695,0,3436
5,run4_initcall.txt,proc_execdomains_init,0.052737,0,3
5,run4_initcall.txt,register_warn_debugfs,0.05276,0,4
5,run4_initcall.txt,cpuhp_sysfs_init,0.052802,0,23
5,run4_initcall.txt,ioresources_init,0.052823,0,5
5,run4_initcall.txt,psi_proc_init,0.052838,0,0
5,run4_initcall.txt,irq_gc_init_ops,0.052853,0,0
5,run4_initcall.txt,irq_debugfs_init,0.05297,0,94
5,run4_initcall.txt,proc_modules_init,0.05299,0,2
5,run4_initcall.txt,timer_sysctl_init,0.053013,0,7
5,run4_initcall.txt,timekeeping_init_ops,0.053029,0,0
5,run4_initcall.txt,init_clocksource_sysfs,0.053103,0,57
5,run4_initcall.txt,init_timer_list_procfs,0.053123,0,1
5,run4_initcall.txt,alarmtimer_init,0.053183,0,43
5,run4_initcall.txt,clockevents_init_sysfs,0.05331,0,109
5,run4_initcall.txt,sched_clock_syscore_init,0.05333,0,0
5,run4_initcall.txt,kallsyms_init,0.053348,0,1
5,run4_initcall.txt,pid_namespaces_init,0.053387,0,21
5,run4_initcall.txt,audit_watch_init,0.053406,0,0
5,run4_initcall.txt,audit_fsnotify_init,0.053423,0,0
5,run4_initcall.txt,audit_tree_init,0.053442,0,2
5,run4_initcall.txt,seccomp_sysctl_init,0.053463,0,3
5,run4_initcall.txt,utsname_sysctl_init,0.053488,0,6
5,run4_initcall.txt,init_lstats_procfs,0.053509,0,3
5,run4_initcall.txt,perf_event_sysfs_init,0.053576,0,51
5,run4_initcall.txt,system_trusted_keyring_init,0.053606,0,14
5,run4_initcall.txt,kswapd_init,0.053792,0,172
5,run4_initcall.txt,extfrag_debug_init,0.053816,0,8
5,run4_initcall.txt,mm_compute_batch_init,0.053831,0,0
5,run4_initcall.txt,slab_proc_init,0.053849,0,1
5,run4_initcall.txt,workingset_init,0.053873,0,9
5,run4_initcall.txt,proc_vmalloc_init,0.053889,0,1
5,run4_initcall.txt,memblock_init_debugfs,0.05391,0,5
5,run4_initcall.txt,slab_debugfs_init,0.053931,0,5
5,run4_initcall.txt,procswaps_init,0.053949,0,1
5,run4_initcall.txt,zs_init,0.053965,0,0
5,run4_initcall.txt,fcntl_init,0.053984,0,2
5,run4_initcall.txt,proc_filesystems_init,0.054004,0,1
5,run4_initcall.txt,start_dirtytime_writeback,0.054024,0,4
5,run4_initcall.txt,dio_init,0.054039,0,1
5,run4_initcall.txt,dnotify_init,0.054065,0,12
5,run4_initcall.txt,fanotify_user_setup,0.054089,0,9
5,run4_initcall.txt,aio_setup,0.054138,0,34
5,run4_initcall.txt,mbcache_init,0.054158,0,5
5,run4_initcall.txt,init_grace,0.054174,0,2
5,run4_initcall.txt,init_devpts_fs,0.054196,0,7
5,run4_initcall.txt,ext4_init_fs,0.054288,0,76
5,run4_initcall.txt,journal_init,0.054324,0,19
5,run4_initcall.txt,init_fat_fs,0.054345,0,6
5,run4_initcall.txt,init_vfat_fs,0.054361,0,1
5,run4_initcall.txt,init_msdos_fs,0.054375,0,0
5,run4_initcall.txt,init_nfs_fs,0.05452,0,129
5,run4_initcall.txt,init_nfs_v2,0.05454,0,0
5,run4_initcall.txt,init_nfs_v3,0.054555,0,0
5,run4_initcall.txt,init_nfs_v4,0.054596,0,27
5,run4_initcall.txt,nfs4filelayout_init,0.054618,0,5
5,run4_initcall.txt,nfs4flexfilelayout_init,0.054639,0,6
5,run4_initcall.txt,init_nlm,0.054679,0,25
5,run4_initcall.txt,init_nls_cp437,0.054696,0,0
5,run4_initcall.txt,init_nls_ascii,0.054711,0,0
5,run4_initcall.txt,init_autofs_fs,0.054812,0,85
5,run4_initcall.txt,init_f2fs_fs,0.054954,0,124
5,run4_initcall.txt,ipc_init,0.054985,0,12
5,run4_initcall.txt,ipc_sysctl_init,0.055018,0,17
5,run4_initcall.txt,init_mqueue_fs,0.055071,0,36
5,run4_initcall.txt,key_proc_init,0.055091,0,2
5,run4_initcall.txt,bpf_crypto_skcipher_init,0.055109,0,0
5,run4_initcall.txt,dh_init,0.055128,0,2
5,run4_initcall.txt,rsa_init,0.055147,0,1
5,run4_initcall.txt,cryptomgr_init,0.055163,0,0
5,run4_initcall.txt,hmac_module_init,0.05518,0,0
5,run4_initcall.txt,crypto_sha256_mod_init,0.055201,0,4
5,run4_initcall.txt,crypto_ecb_module_init,0.055217,0,0
5,run4_initcall.txt,crypto_cbc_module_init,0.055233,0,0
5,run4_initcall.txt,crypto_cts_module_init,0.05525,0,0
5,run4_initcall.txt,xts_module_init,0.055266,0,0
5,run4_initcall.txt,des_generic_mod_init,0.055284,0,1
5,run4_initcall.txt,aes_init,0.0553,0,0
5,run4_initcall.txt,lzo_mod_init,0.055318,0,1
5,run4_initcall.txt,lzorle_mod_init,0.055334,0,0
5,run4_initcall.txt,asymmetric_key_init,0.055355,0,5
5,run4_initcall.txt,x509_key_init,0.055377,0,5
5,run4_initcall.txt,crypto_kdf108_init,0.055394,0,0
5,run4_initcall.txt,blkdev_init,0.055421,0,10
5,run4_initcall.txt,proc_genhd_init,0.055441,0,2
5,run4_initcall.txt,bsg_init,0.055475,0,17
5,run4_initcall.txt,throtl_init,0.055557,0,65
5,run4_initcall.txt,deadline_init,0.055582,0,6
5,run4_initcall.txt,kyber_init,0.055604,0,5
5,run4_initcall.txt,bfq_init,0.055642,0,21
5,run4_initcall.txt,io_uring_init,0.055678,0,19
5,run4_initcall.txt,percpu_counter_startup,0.055745,0,46
5,run4_initcall.txt,audit_classes_init,0.055773,0,3
5,run4_initcall.txt,gicv5_iwb_platform_driver_init,0.055854,0,63
5,run4_initcall.txt,mip_msi_driver_init,0.055897,0,26
5,run4_initcall.txt,bcm7038_l1_driver_init,0.055938,0,26
5,run4_initcall.txt,bcm7120_l2_driver_init,0.055983,0,30
5,run4_initcall.txt,brcmstb_l2_driver_init,0.056039,0,40
5,run4_initcall.txt,simple_pm_bus_driver_init,0.056507,0,453
5,run4_initcall.txt,phy_core_init,0.056541,0,15
5,run4_initcall.txt,brcm_usb_driver_init,0.056602,0,46
5,run4_initcall.txt,rp1_pinctrl_driver_init,0.056642,0,26
5,run4_initcall.txt,bcm2835_pinctrl_driver_init,0.057527,0,869
5,run4_initcall.txt,bcm2712_pinctrl_driver_init,0.057588,0,40
5,run4_initcall.txt,brcmvirt_gpio_driver_init,0.057638,0,31
5,run4_initcall.txt,brcmstb_gpio_driver_init,0.057681,0,27
5,run4_initcall.txt,rpi_exp_gpio_driver_init,0.058047,0,350
5,run4_initcall.txt,brcmstb_pwm_driver_init,0.058096,0,32
5,run4_initcall.txt,rp1_pwm_driver_init,0.058139,0,28
5,run4_initcall.txt,gpio_led_driver_init,0.059811,0,1656
5,run4_initcall.txt,led_pwm_driver_init,0.059859,0,32
5,run4_initcall.txt,timer_led_trigger_init,0.059875,0,1
5,run4_initcall.txt,oneshot_led_trigger_init,0.05989,0,0
5,run4_initcall.txt,heartbeat_trig_init,0.059906,0,2
5,run4_initcall.txt,bl_led_trigger_init,0.059922,0,0
5,run4_initcall.txt,ledtrig_cpu_init,0.060018,0,82
5,run4_initcall.txt,defon_led_trigger_init,0.060064,0,31
5,run4_initcall.txt,input_trig_init,0.060081,0,1
5,run4_initcall.txt,ledtrig_panic_init,0.060095,0,1
5,run4_initcall.txt,actpwr_trig_init,0.060245,0,136
5,run4_initcall.txt,pcie_portdrv_init,0.060313,0,50
5,run4_initcall.txt,pci_proc_init,0.060336,0,7
5,run4_initcall.txt,brcm_pcie_driver_init,0.173747,0,113396
5,run4_initcall.txt,bcm2708_fb_init,0.185876,0,12108
5,run4_initcall.txt,simplefb_driver_init,0.185967,0,42
5,run4_initcall.txt,of_fixed_factor_clk_driver_init,0.186039,0,27
5,run4_initcall.txt,of_fixed_clk_driver_init,0.18612,0,29
5,run4_initcall.txt,gpio_clk_driver_init,0.186196,0,31
5,run4_initcall.txt,gated_fixed_clk_driver_init,0.186267,0,27
5,run4_initcall.txt,rp1_clk_driver_init,0.186338,0,27
5,run4_initcall.txt,rp1_sdio_clk_driver_init,0.186407,0,27
5,run4_initcall.txt,clk_dvp_driver_init,0.186477,0,27
5,run4_initcall.txt,bcm2835_aux_clk_driver_init,0.186575,0,54
5,run4_initcall.txt,raspberrypi_clk_driver_init,0.201969,0,15348
5,run4_initcall.txt,dw_driver_init,0.202054,0,37
5,run4_initcall.txt,bcm2835_power_driver_init,0.202117,0,18
5,run4_initcall.txt,rpi_power_driver_init,0.220268,0,18105
5,run4_initcall.txt,brcmstb_reset_driver_init,0.222185,0,32
5,run4_initcall.txt,brcm_rescal_reset_driver_init,0.22406,0,29
5,run4_initcall.txt,rpi_reset_driver_init,0.226941,0,1023
5,run4_initcall.txt,reset_simple_driver_init,0.228922,0,70
5,run4_initcall.txt,n_null_init,0.23082,0,0
5,run4_initcall.txt,pty_init,0.232804,0,80
5,run4_initcall.txt,sysrq_init,0.234728,0,14
5,run4_initcall.txt,serial8250_init,0.236626,-19,0
5,run4_initcall.txt,bcm2835aux_serial_driver_init,0.238578,0,37
5,run4_initcall.txt,brcmuart_init,0.240517,0,41
5,run4_initcall.txt,exar_pci_driver_init,0.242434,0,26
5,run4_initcall.txt,of_platform_serial_driver_init,0.244413,0,70
5,run4_initcall.txt,serial_pci_driver_init,0.246361,0,31
5,run4_initcall.txt,pericom8250_pci_driver_init,0.248297,0,18
5,run4_initcall.txt,init_kgdboc,0.251233,0,1018
5,run4_initcall.txt,random_sysctls_init,0.25315,0,12
5,run4_initcall.txt,ttyprintk_init,0.255137,0,71
5,run4_initcall.txt,bcm2835_rng_driver_init,0.257107,0,48
5,run4_initcall.txt,bcm74110_rng_driver_init,0.259083,0,29
5,run4_initcall.txt,iproc_rng200_driver_init,0.263318,0,2225
5,run4_initcall.txt,smccc_trng_driver_init,0.265434,0,26
5,run4_initcall.txt,vc_mem_init,0.268749,0,1189
5,run4_initcall.txt,vcio_driver_init,0.27235,0,1391
5,run4_initcall.txt,bcm2712_iommu_driver_init,0.274629,0,35
5,run4_initcall.txt,bcm2712_iommu_cache_driver_init,0.27699,0,31
5,run4_initcall.txt,topology_sysfs_init,0.27942,0,56
5,run4_initcall.txt,cacheinfo_sysfs_init,0.282056,0,236
5,run4_initcall.txt,devcoredump_init,0.284475,0,8
5,run4_initcall.txt,brd_init,0.291618,0,4748
5,run4_initcall.txt,loop_init,0.297629,0,3617
5,run4_initcall.txt,bcm2835_pm_driver_init,0.301261,0,1291
5,run4_initcall.txt,stmpe_i2c_driver_init,0.303615,0,17
5,run4_initcall.txt,stmpe_spi_driver_init,0.305974,0,12
5,run4_initcall.txt,rp1_driver_init,0.308303,0,25
5,run4_initcall.txt,system_heap_create,0.310733,0,85
5,run4_initcall.txt,add_default_cma_heap,0.313171,0,85
5,run4_initcall.txt,udmabuf_dev_init,0.315557,0,39
5,run4_initcall.txt,iscsi_transport_init,0.319277,0,1381
5,run4_initcall.txt,init_sd,0.321652,0,22
5,run4_initcall.txt,nvme_core_init,0.324203,0,234
5,run4_initcall.txt,nvme_init,0.326572,0,25
5,run4_initcall.txt,blackhole_netdev_init,0.328941,0,19
5,run4_initcall.txt,netkit_init,0.331266,0,5
5,run4_initcall.txt,phylink_init,0.333587,0,0
5,run4_initcall.txt,phy_module_init,0.336077,0,176
5,run4_initcall.txt,phy_module_init,0.338556,0,171
5,run4_initcall.txt,fixed_mdio_bus_init,0.341013,0,155
5,run4_initcall.txt,phy_module_init,0.343503,0,165
5,run4_initcall.txt,phy_module_init,0.345841,0,18
5,run4_initcall.txt,phy_module_init,0.348204,0,72
5,run4_initcall.txt,unimac_mdio_driver_init,0.350582,0,91
5,run4_initcall.txt,macb_driver_init,0.352957,0,88
5,run4_initcall.txt,bcmgenet_driver_init,0.553854,0,198624
5,run4_initcall.txt,bcmasp_driver_init,0.556196,0,62
5,run4_initcall.txt,lan78xx_driver_init,0.559624,0,1178
5,run4_initcall.txt,smsc95xx_driver_init,0.563139,0,1182
5,run4_initcall.txt,usbnet_init,0.565464,0,0
5,run4_initcall.txt,xhci_hcd_init,0.567786,0,12
5,run4_initcall.txt,xhci_pci_init,0.694896,0,124795
5,run4_initcall.txt,xhci_plat_init,0.697179,0,89
5,run4_initcall.txt,dwc_otg_driver_init,0.703691,0,4326
5,run4_initcall.txt,dwc_common_port_init_module,0.70704,0,1184
5,run4_initcall.txt,dwc3_driver_init,0.709214,0,43
5,run4_initcall.txt,dwc3_haps_driver_init,0.711386,0,25
5,run4_initcall.txt,dwc3_of_simple_driver_init,0.713589,0,46
5,run4_initcall.txt,dwc3_generic_driver_init,0.715768,0,31
5,run4_initcall.txt,dwc2_platform_driver_init,0.718009,0,104
5,run4_initcall.txt,uas_init,0.721294,0,1147
5,run4_initcall.txt,usb_storage_driver_init,0.724446,0,1035
5,run4_initcall.txt,brcmstb_usb_pinmap_init,0.726613,-19,53
5,run4_initcall.txt,bdc_driver_init,0.72876,0,35
5,run4_initcall.txt,input_leds_init,0.730891,0,1
5,run4_initcall.txt,mousedev_init,0.734185,0,1176
5,run4_initcall.txt,evdev_init,0.736352,0,0
5,run4_initcall.txt,brcmstb_waketmr_driver_init,0.738545,0,37
5,run4_initcall.txt,rpi_rtc_driver_init,0.74072,0,31
5,run4_initcall.txt,init_rc_map_adstech_dvb_t_pci,0.74287,0,0
5,run4_initcall.txt,init_rc_map_alink_dtu_m,0.745023,0,0
5,run4_initcall.txt,init_rc_map_anysee,0.747172,0,0
5,run4_initcall.txt,init_rc_map_apac_viewcomp,0.74935,0,0
5,run4_initcall.txt,init_rc_map_t2hybrid,0.751531,0,0
5,run4_initcall.txt,init_rc_map_asus_pc39,0.753703,0,0
5,run4_initcall.txt,init_rc_map_asus_ps3_100,0.755861,0,0
5,run4_initcall.txt,init_rc_map_ati_tv_wonder_hd_600,0.757996,0,0
5,run4_initcall.txt,init_rc_map_ati_x10,0.760184,0,0
5,run4_initcall.txt,init_rc_map_avermedia_a16d,0.762387,0,0
5,run4_initcall.txt,init_rc_map_avermedia_cardbus,0.764593,0,0
5,run4_initcall.txt,init_rc_map_avermedia_dvbt,0.766792,0,0
5,run4_initcall.txt,init_rc_map_avermedia_m135a,0.768989,0,0
5,run4_initcall.txt,init_rc_map_avermedia_m733a_rm_k6,0.771206,0,0
5,run4_initcall.txt,init_rc_map_avermedia,0.773417,0,0
5,run4_initcall.txt,init_rc_map_avermedia_rm_ks,0.775585,0,0
5,run4_initcall.txt,init_rc_map_avertv_303,0.777792,0,0
5,run4_initcall.txt,init_rc_map_azurewave_ad_tu700,0.779992,0,0
5,run4_initcall.txt,init_rc_map_beelink_gs1,0.782184,0,0
5,run4_initcall.txt,init_rc_map_beelink_mxiii,0.784372,0,0
5,run4_initcall.txt,init_rc_map_behold_columbus,0.786558,0,0
5,run4_initcall.txt,init_rc_map_behold,0.788741,0,0
5,run4_initcall.txt,init_rc_map_budget_ci_old,0.790895,0,0
5,run4_initcall.txt,init_rc_map_cinergy_1400,0.793215,0,0
5,run4_initcall.txt,init_rc_map_cinergy,0.795359,0,0
5,run4_initcall.txt,init_rc_map_ct_90405,0.797686,0,0
5,run4_initcall.txt,init_rc_map_d680_dmb,0.799818,0,0
5,run4_initcall.txt,init_rc_map_delock_61959,0.801932,0,0
5,run4_initcall.txt,init_rc_map,0.804038,0,0
5,run4_initcall.txt,init_rc_map,0.806185,0,0
5,run4_initcall.txt,init_rc_map_digitalnow_tinytwin,0.808277,0,0
5,run4_initcall.txt,init_rc_map_digittrade,0.810433,0,0
5,run4_initcall.txt,init_rc_map_dm1105_nec,0.81252,0,0
5,run4_initcall.txt,init_rc_map_dntv_live_dvb_t,0.814608,0,0
5,run4_initcall.txt,init_rc_map_dntv_live_dvbt_pro,0.816695,0,0
5,run4_initcall.txt,init_rc_map_dreambox,0.818791,0,0
5,run4_initcall.txt,init_rc_map_dtt200u,0.820888,0,0
5,run4_initcall.txt,init_rc_map_rc5_dvbsky,0.822984,0,0
5,run4_initcall.txt,init_rc_map_dvico_mce,0.825041,0,0
5,run4_initcall.txt,init_rc_map_dvico_portable,0.827127,0,0
5,run4_initcall.txt,init_rc_map_em_terratec,0.82921,0,0
5,run4_initcall.txt,init_rc_map_encore_enltv2,0.831294,0,0
5,run4_initcall.txt,init_rc_map_encore_enltv_fm53,0.833529,0,0
5,run4_initcall.txt,init_rc_map_encore_enltv,0.83563,0,0
5,run4_initcall.txt,init_rc_map_evga_indtube,0.837715,0,0
5,run4_initcall.txt,init_rc_map_eztv,0.839786,0,0
5,run4_initcall.txt,init_rc_map_flydvb,0.841816,0,0
5,run4_initcall.txt,init_rc_map_flyvideo,0.843868,0,0
5,run4_initcall.txt,init_rc_map_fusionhdtv_mce,0.84593,0,0
5,run4_initcall.txt,init_rc_map_gadmei_rm008z,0.84797,0,0
5,run4_initcall.txt,init_rc_map_geekbox,0.850015,0,0
5,run4_initcall.txt,init_rc_map_genius_tvgo_a11mce,0.852051,0,0
5,run4_initcall.txt,init_rc_map_gotview7135,0.854095,0,0
5,run4_initcall.txt,init_rc_map_rc5_hauppauge_new,0.856147,0,0
5,run4_initcall.txt,init_rc_map_hisi_poplar,0.85817,0,0
5,run4_initcall.txt,init_rc_map_hisi_tv_demo,0.86023,0,0
5,run4_initcall.txt,init_rc_map_imon_mce,0.862292,0,0
5,run4_initcall.txt,init_rc_map_imon_pad,0.864348,0,0
5,run4_initcall.txt,init_rc_map_imon_rsc,0.866397,0,0
5,run4_initcall.txt,init_rc_map_iodata_bctv7e,0.868425,0,0
5,run4_initcall.txt,init_rc_it913x_v1_map,0.870464,0,0
5,run4_initcall.txt,init_rc_it913x_v2_map,0.872498,0,0
5,run4_initcall.txt,init_rc_map_kaiomy,0.87456,0,0
5,run4_initcall.txt,init_rc_map_khadas,0.87659,0,0
5,run4_initcall.txt,init_rc_map_khamsin,0.878628,0,0
5,run4_initcall.txt,init_rc_map_kworld_315u,0.880644,0,0
5,run4_initcall.txt,init_rc_map_kworld_pc150u,0.882656,0,0
5,run4_initcall.txt,init_rc_map_kworld_plus_tv_analog,0.884662,0,0
5,run4_initcall.txt,init_rc_map_leadtek_y04g0051,0.886682,0,0
5,run4_initcall.txt,init_rc_lme2510_map,0.888706,0,0
5,run4_initcall.txt,init_rc_map_manli,0.890727,0,0
5,run4_initcall.txt,init_rc_map_mecool_kiii_pro,0.892756,0,0
5,run4_initcall.txt,init_rc_map_mecool_kii_pro,0.894808,0,0
5,run4_initcall.txt,init_rc_map_medion_x10_digitainer,0.896844,0,0
5,run4_initcall.txt,init_rc_map_medion_x10,0.898916,0,0
5,run4_initcall.txt,init_rc_map_medion_x10_or2x,0.90096,0,0
5,run4_initcall.txt,init_rc_map_minix_neo,0.902995,0,0
5,run4_initcall.txt,init_rc_map_msi_digivox_iii,0.905058,0,0
5,run4_initcall.txt,init_rc_map_msi_digivox_ii,0.907126,0,0
5,run4_initcall.txt,init_rc_map_msi_tvanywhere,0.909158,0,0
5,run4_initcall.txt,init_rc_map_msi_tvanywhere_plus,0.911208,0,0
5,run4_initcall.txt,init_rc_map_mygica_utv3,0.913263,0,0
5,run4_initcall.txt,init_rc_map_nebula,0.915324,0,0
5,run4_initcall.txt,init_rc_map_nec_terratec_cinergy_xs,0.917378,0,0
5,run4_initcall.txt,init_rc_map_norwood,0.919428,0,0
5,run4_initcall.txt,init_rc_map_npgtech,0.921484,0,0
5,run4_initcall.txt,init_rc_map_odroid,0.923526,0,0
5,run4_initcall.txt,init_rc_map_pctv_sedna,0.925523,0,0
5,run4_initcall.txt,init_rc_map_pine64,0.928598,0,0
5,run4_initcall.txt,init_rc_map_pinnacle_color,0.930664,0,0
5,run4_initcall.txt,init_rc_map_pinnacle_grey,0.932711,0,0
5,run4_initcall.txt,init_rc_map_pinnacle_pctv_hd,0.934765,0,0
5,run4_initcall.txt,init_rc_map_pixelview,0.936808,0,0
5,run4_initcall.txt,init_rc_map_pixelview,0.938869,0,0
5,run4_initcall.txt,init_rc_map_pixelview_new,0.940914,0,0
5,run4_initcall.txt,init_rc_map_pixelview,0.942975,0,0
5,run4_initcall.txt,init_rc_map_powercolor_real_angel,0.945048,0,0
5,run4_initcall.txt,init_rc_map_proteus_2309,0.947118,0,0
5,run4_initcall.txt,init_rc_map_purpletv,0.949192,0,0
5,run4_initcall.txt,init_rc_map_pv951,0.951265,0,0
5,run4_initcall.txt,init_rc_map_rc6_mce,0.953326,0,0
5,run4_initcall.txt,init_rc_map_real_audio_220_32_keys,0.955383,0,0
5,run4_initcall.txt,init_rc_map_reddo,0.957433,0,0
5,run4_initcall.txt,init_rc_map_siemens_gigaset_rc20,0.959498,0,0
5,run4_initcall.txt,init_rc_map_snapstream_firefly,0.96158,0,0
5,run4_initcall.txt,init_rc_map_streamzap,0.96367,0,0
5,run4_initcall.txt,init_rc_map_su3000,0.96578,0,0
5,run4_initcall.txt,init_rc_map_tanix_tx3mini,0.967874,0,0
5,run4_initcall.txt,init_rc_map_tanix_tx5max,0.969964,0,0
5,run4_initcall.txt,init_rc_map_tbs_nec,0.972061,0,0
5,run4_initcall.txt,init_rc_map,0.974156,0,0
5,run4_initcall.txt,init_rc_map,0.976255,0,0
5,run4_initcall.txt,init_rc_map_terratec_cinergy_c_pci,0.978384,0,0
5,run4_initcall.txt,init_rc_map_terratec_cinergy_s2_hd,0.980494,0,0
5,run4_initcall.txt,init_rc_map_terratec_cinergy_xs,0.982597,0,0
5,run4_initcall.txt,init_rc_map_terratec_slim_2,0.984697,0,0
5,run4_initcall.txt,init_rc_map_terratec_slim,0.986812,0,0
5,run4_initcall.txt,init_rc_map_tevii_nec,0.98894,0,0
5,run4_initcall.txt,init_rc_map_tivo,0.991041,0,0
5,run4_initcall.txt,init_rc_map_total_media_in_hand_02,0.993178,0,0
5,run4_initcall.txt,init_rc_map_total_media_in_hand,0.995317,0,0
5,run4_initcall.txt,init_rc_map_trekstor,0.997464,0,0
5,run4_initcall.txt,init_rc_map_tt_1500,0.999586,0,0
5,run4_initcall.txt,init_rc_map_twinhan_vp1027,1.001734,0,0
5,run4_initcall.txt,init_rc_map_twinhan_dtv_cab_ci,1.003877,0,0
5,run4_initcall.txt,init_rc_map_vega_s9x,1.006025,0,0
5,run4_initcall.txt,init_rc_map_videomate_k100,1.008124,0,0
5,run4_initcall.txt,init_rc_map_videomate_s350,1.010268,0,0
5,run4_initcall.txt,init_rc_map_videomate_tv_pvr,1.012384,0,0
5,run4_initcall.txt,init_rc_map_kii_pro,1.014496,0,0
5,run4_initcall.txt,init_rc_map_wetek_hub,1.016613,0,0
5,run4_initcall.txt,init_rc_map_wetek_play2,1.018736,0,0
5,run4_initcall.txt,init_rc_map_winfast,1.02085,0,0
5,run4_initcall.txt,init_rc_map_winfast_usbii_deluxe,1.022967,0,0
5,run4_initcall.txt,init_rc_map_x96max,1.025062,0,0
5,run4_initcall.txt,init_rc_map,1.027179,0,0
5,run4_initcall.txt,init_rc_map,1.029288,0,0
5,run4_initcall.txt,init_rc_map_zx_irdec,1.031388,0,0
5,run4_initcall.txt,ptp_kvm_init,1.033485,-95,0
5,run4_initcall.txt,gpio_poweroff_driver_init,1.035644,0,65
5,run4_initcall.txt,bcm2711_thermal_driver_init,1.039318,0,1340
5,run4_initcall.txt,bcm2835_thermal_driver_init,1.041458,0,47
5,run4_initcall.txt,bcm2835_wdt_driver_init,1.043597,0,22
5,run4_initcall.txt,dt_cpufreq_platdrv_init,1.045762,0,22
5,run4_initcall.txt,brcm_avs_cpufreq_platdrv_init,1.047947,0,32
5,run4_initcall.txt,raspberrypi_cpufreq_driver_init,1.05308,0,2945
5,run4_initcall.txt,mmc_pwrseq_simple_driver_init,1.055318,0,55
5,run4_initcall.txt,mmc_pwrseq_emmc_driver_init,1.05755,0,36
5,run4_initcall.txt,mmc_blk_init,1.059782,0,30
5,run4_initcall.txt,sdhci_drv_init,1.06423,0,2215
5,run4_initcall.txt,bcm2835_mmc_driver_init,1.067632,0,1160
5,run4_initcall.txt,bcm2835_driver_init,1.069982,0,34
5,run4_initcall.txt,sdhci_pltfm_drv_init,1.073637,0,1216
5,run4_initcall.txt,sdhci_iproc_driver_init,1.076116,0,70
5,run4_initcall.txt,sdhci_brcmstb_driver_init,1.076233,0,94
5,run4_initcall.txt,esrt_sysfs_init,1.076247,-38,1
5,run4_initcall.txt,smccc_devices_init,1.076256,0,0
5,run4_initcall.txt,smccc_soc_init,1.076264,0,0
5,run4_initcall.txt,arch_timer_mmio_drv_init,1.076305,0,31
5,run4_initcall.txt,arch_timer_mmio_acpi_drv_init,1.076334,0,20
5,run4_initcall.txt,hid_init,1.076402,0,59
5,run4_initcall.txt,hid_generic_init,1.076448,0,33
5,run4_initcall.txt,hid_init,1.076507,0,48
5,run4_initcall.txt,bcm74110_mbox_driver_init,1.076553,0,34
5,run4_initcall.txt,extcon_class_init,1.076572,0,7
5,run4_initcall.txt,armv8_pmu_driver_init,1.115833,0,39116
5,run4_initcall.txt,binder_init,1.119311,0,67
5,run4_initcall.txt,rpi_otp_driver_init,1.125333,0,3717
5,run4_initcall.txt,sock_diag_init,1.1297,0,27
5,run4_initcall.txt,blackhole_init,1.131877,0,1
5,run4_initcall.txt,cls_bpf_init_mod,1.134061,0,0
5,run4_initcall.txt,gre_offload_init,1.136226,0,0
5,run4_initcall.txt,sysctl_ipv4_init,1.138459,0,72
5,run4_initcall.txt,cubictcp_register,1.140568,0,2
5,run4_initcall.txt,packet_init,1.143744,0,1069
5,run4_initcall.txt,init_rpcsec_gss,1.145938,0,15
5,run4_initcall.txt,init_kerberos_module,1.148088,0,5
5,run4_initcall.txt,dcbnl_init,1.150232,0,2
5,run4_initcall.txt,init_dns_resolver,1.153427,0,1073
5,run4_initcall.txt,handshake_init,1.155615,0,28
5,run4_initcall.txt,check_mmu_enabled_at_boot,1.157746,0,0
5,run4_initcall.txt,finalize_pkvm,1.159917,0,0
5,run4_initcall.txt,kernel_do_mounts_initrd_sysctls_init,1.163256,0,5
5,run4_initcall.txt,kernel_panic_sysctls_init,1.165451,0,11
5,run4_initcall.txt,kernel_panic_sysfs_init,1.167647,0,3
5,run4_initcall.txt,kernel_exit_sysctls_init,1.169868,0,2
5,run4_initcall.txt,kernel_exit_sysfs_init,1.172087,0,2
5,run4_initcall.txt,param_sysfs_builtin_init,1.183523,0,9242
5,run4_initcall.txt,reboot_ksysfs_init,1.185881,0,25
5,run4_initcall.txt,sched_core_sysctl_init,1.188113,0,4
5,run4_initcall.txt,sched_fair_sysctl_init,1.190328,0,2
5,run4_initcall.txt,sched_rt_sysctl_init,1.192452,0,3
5,run4_initcall.txt,sched_dl_sysctl_init,1.194859,0,2
5,run4_initcall.txt,sched_init_debug,1.197086,0,79
5,run4_initcall.txt,cpu_latency_qos_init,1.199329,0,121
5,run4_initcall.txt,printk_late_init,1.202154,0,26
5,run4_initcall.txt,init_srcu_module_notifier,1.204348,0,1
5,run4_initcall.txt,kernel_rcu_stall_sysfs_init,1.206575,0,7
5,run4_initcall.txt,swiotlb_create_default_debugfs,1.208768,0,19
5,run4_initcall.txt,tk_debug_sleep_time_init,1.211023,0,2
5,run4_initcall.txt,bpf_ksym_iter_register,1.213271,0,1
5,run4_initcall.txt,kernel_acct_sysctls_init,1.215525,0,3
5,run4_initcall.txt,bpf_rstat_kfunc_init,1.217798,0,1
5,run4_initcall.txt,debugfs_kprobe_init,1.220059,0,8
5,run4_initcall.txt,kernel_delayacct_sysctls_init,1.222303,0,3
5,run4_initcall.txt,taskstats_init,1.225702,0,1199
5,run4_initcall.txt,bpf_global_ma_init,1.228124,0,83
5,run4_initcall.txt,bpf_syscall_sysctl_init,1.230468,0,6
5,run4_initcall.txt,unbound_reg_init,1.232835,0,0
5,run4_initcall.txt,kfunc_init,1.235143,0,1
5,run4_initcall.txt,bpf_map_iter_init,1.237368,0,0
5,run4_initcall.txt,init_subsystem,1.239604,0,0
5,run4_initcall.txt,task_iter_init,1.241773,0,1
5,run4_initcall.txt,bpf_prog_iter_init,1.24397,0,0
5,run4_initcall.txt,bpf_link_iter_init,1.246154,0,0
5,run4_initcall.txt,init_trampolines,1.248312,0,2
5,run4_initcall.txt,rqspinlock_register_kfuncs,1.250501,0,0
5,run4_initcall.txt,kfunc_init,1.252669,0,0
5,run4_initcall.txt,bpf_cgroup_iter_init,1.254798,0,0
5,run4_initcall.txt,cpumask_kfunc_init,1.256927,0,17
5,run4_initcall.txt,crypto_kfunc_init,1.259001,0,0
5,run4_initcall.txt,bpf_kmem_cache_iter_init,1.261136,0,0
5,run4_initcall.txt,dmabuf_iter_init,1.26327,0,0
5,run4_initcall.txt,load_system_certificate_list,1.266499,0,1071
5,run4_initcall.txt,init_lru_gen,1.268697,0,24
5,run4_initcall.txt,vmstat_late_init,1.270888,0,1
5,run4_initcall.txt,fault_around_debugfs,1.273063,0,3
5,run4_initcall.txt,slab_sysfs_init,1.279262,0,4079
5,run4_initcall.txt,max_swapfiles_check,1.281457,0,0
5,run4_initcall.txt,zswap_init,1.283572,0,0
5,run4_initcall.txt,mempolicy_sysfs_init,1.285722,0,14
5,run4_initcall.txt,memory_tier_late_init,1.290053,0,2199
5,run4_initcall.txt,check_early_ioremap_leak,1.292148,0,0
5,run4_initcall.txt,mg_debugfs_init,1.294295,0,16
5,run4_initcall.txt,fscrypt_init,1.298626,0,2216
5,run4_initcall.txt,pstore_init,1.300741,0,10
5,run4_initcall.txt,init_root_keyring,1.302886,0,33
5,run4_initcall.txt,init_profile_hash,1.305011,0,0
5,run4_initcall.txt,integrity_fs_init,1.307143,0,19
5,run4_initcall.txt,crypto_algapi_init,1.309246,0,10
5,run4_initcall.txt,blk_timeout_init,1.311363,0,0
5,run4_initcall.txt,depot_debugfs_init,1.313501,0,5
5,run4_initcall.txt,pci_resource_alignment_sysfs_init,1.315643,0,4
5,run4_initcall.txt,pci_sysfs_init,1.317817,0,11
5,run4_initcall.txt,clk_debug_init,1.320327,0,353
5,run4_initcall.txt,genpd_debug_init,1.322826,0,326
5,run4_initcall.txt,sync_state_resume_initcall,1.324975,0,0
5,run4_initcall.txt,deferred_probe_initcall,1.395091,0,67936
5,run4_initcall.txt,efi_shutdown_init,1.397143,-19,0
5,run4_initcall.txt,efi_earlycon_unmap_fb,1.399324,0,0
5,run4_initcall.txt,psci_debugfs_init,1.401369,0,0
5,run4_initcall.txt,of_cfs_init,1.405427,0,2034
5,run4_initcall.txt,of_fdt_raw_init,1.407416,0,26
5,run4_initcall.txt,bpf_kfunc_init,1.409391,0,1
5,run4_initcall.txt,init_subsystem,1.411388,0,0
5,run4_initcall.txt,xdp_metadata_init,1.413382,0,0
5,run4_initcall.txt,bpf_sockmap_iter_init,1.415361,0,0
5,run4_initcall.txt,bpf_sk_storage_map_iter_init,1.417364,0,1
5,run4_initcall.txt,bpf_prog_test_run_init,1.419361,0,0
5,run4_initcall.txt,bpf_dummy_struct_ops_init,1.421337,0,0
5,run4_initcall.txt,tcp_congestion_default,1.423321,0,1
5,run4_initcall.txt,inet_blackhole_dev_init,1.425271,0,7
5,run4_initcall.txt,ip_auto_config,1.427253,0,10
5,run4_initcall.txt,tcp_bpf_v4_build_proto,1.429216,0,1
5,run4_initcall.txt,udp_bpf_v4_build_proto,1.431147,0,0
5,run4_initcall.txt,bpf_tcp_ca_kfunc_init,1.433072,0,0
5,run4_initcall.txt,bpf_mptcp_kfunc_init,1.43499,0,0
5,run4_initcall.txt,fb_logo_late_init,1.436904,0,0
5,run4_initcall.txt,amba_stub_drv_init,1.439813,0,25
5,run4_initcall.txt,clk_disable_unused,1.443726,0,1028
5,run4_initcall.txt,genpd_power_off_unused,1.44687,0,1063
5,run4_initcall.txt,regulator_init_complete,1.449019,0,1
5,run4_initcall.txt,of_platform_sync_state_init,1.451193,0,15
6,run5_initcall.txt,cpufreq_gov_performance_init,0.013891,0,0
6,run5_initcall.txt,cpufreq_gov_powersave_init,0.013911,0,0
6,run5_initcall.txt,cpufreq_gov_userspace_init,0.013928,0,0
6,run5_initcall.txt,CPU_FREQ_GOV_ONDEMAND_init,0.013946,0,0
6,run5_initcall.txt,CPU_FREQ_GOV_CONSERVATIVE_init,0.013964,0,0
6,run5_initcall.txt,cpufreq_dt_platdev_init,0.014003,-19,0
6,run5_initcall.txt,cpuidle_init,0.014027,0,0
6,run5_initcall.txt,rpi_firmware_init,0.014059,0,0
6,run5_initcall.txt,arm_dmi_init,0.014081,0,0
6,run5_initcall.txt,arch_timer_evtstrm_register,0.014176,0,0
6,run5_initcall.txt,sock_init,0.016246,0,4000
6,run5_initcall.txt,net_inuse_init,0.016271,0,0
6,run5_initcall.txt,sock_struct_check,0.016287,0,0
6,run5_initcall.txt,init_default_flow_dissectors,0.016303,0,0
6,run5_initcall.txt,netlink_proto_init,0.016392,0,0
6,run5_initcall.txt,genl_init,0.016421,0,0
6,run5_initcall.txt,debug_monitors_init,0.016557,0,0
6,run5_initcall.txt,init_overflow_sysctl,0.016582,0,0
6,run5_initcall.txt,irq_sysfs_init,0.016712,0,0
6,run5_initcall.txt,dma_atomic_pool_init,0.017316,0,0
6,run5_initcall.txt,audit_init,0.017452,0,0
6,run5_initcall.txt,bdi_class_init,0.017572,0,0
6,run5_initcall.txt,mm_sysfs_init,0.01759,0,0
6,run5_initcall.txt,init_per_zone_wmark_min,0.017614,0,0
6,run5_initcall.txt,ramoops_init,0.017648,0,0
6,run5_initcall.txt,gpiolib_sysfs_init,0.017671,0,0
6,run5_initcall.txt,pcibus_class_init,0.017689,0,0
6,run5_initcall.txt,pci_driver_init,0.017727,0,0
6,run5_initcall.txt,amba_init,0.01775,0,0
6,run5_initcall.txt,__bcm2835_clk_driver_init,0.017773,0,0
6,run5_initcall.txt,tty_class_init,0.017796,0,0
6,run5_initcall.txt,vtconsole_class_init,0.017847,0,0
6,run5_initcall.txt,serdev_init,0.017874,0,0
6,run5_initcall.txt,iommu_dev_init,0.017894,0,0
6,run5_initcall.txt,mipi_dsi_bus_init,0.017921,0,0
6,run5_initcall.txt,devlink_class_init,0.017944,0,0
6,run5_initcall.txt,software_node_init,0.017963,0,0
6,run5_initcall.txt,regmap_initcall,0.017983,0,0
6,run5_initcall.txt,sram_init,0.018008,0,0
6,run5_initcall.txt,spi_init,0.018042,0,0
6,run5_initcall.txt,i2c_init,0.018081,0,0
6,run5_initcall.txt,thermal_init,0.018118,0,0
6,run5_initcall.txt,init_menu,0.01816,0,0
6,run5_initcall.txt,efipostcore_init,0.018178,0,0
6,run5_initcall.txt,kobject_uevent_init,0.018199,0,0
6,run5_initcall.txt,init_uevent_helper_sysctl,0.018225,0,0
6,run5_initcall.txt,reserve_memblock_reserved_regions,0.018324,0,0
6,run5_initcall.txt,aarch32_alloc_vdso_pages,0.018344,0,0
6,run5_initcall.txt,vdso_init,0.018359,0,0
6,run5_initcall.txt,arm64_create_dummy_rsi_dev,0.018376,0,0
6,run5_initcall.txt,arch_hw_breakpoint_init,0.018437,0,0
6,run5_initcall.txt,adjust_protection_map,0.018455,0,0
6,run5_initcall.txt,asids_update_limit,0.01848,0,0
6,run5_initcall.txt,kcmp_cookies_init,0.018498,0,0
6,run5_initcall.txt,dma_channel_table_init,0.018523,0,0
6,run5_initcall.txt,dma_bus_init,0.018571,0,0
6,run5_initcall.txt,brcmstb_soc_device_init,0.018876,0,0
6,run5_initcall.txt,serial_base_init,0.018926,0,0
6,run5_initcall.txt,pl011_init,0.018965,0,0
6,run5_initcall.txt,iommu_dma_init,0.018993,0,0
6,run5_initcall.txt,dmi_id_init,0.019012,-19,0
6,run5_initcall.txt,bcm2835_mbox_init,0.01904,0,0
6,run5_initcall.txt,of_platform_default_populate_init,0.04042,0,24000
6,run5_initcall.txt,register_mte_tcf_preferred_sysctl,0.04052,0,0
6,run5_initcall.txt,init_fork_sysctl,0.040547,0,0
6,run5_initcall.txt,uid_cache_init,0.04059,0,0
6,run5_initcall.txt,pid_namespace_sysctl_init,0.040612,0,0
6,run5_initcall.txt,param_sysfs_init,0.040631,0,0
6,run5_initcall.txt,user_namespace_sysctl_init,0.04066,0,0
6,run5_initcall.txt,proc_schedstat_init,0.040682,0,0
6,run5_initcall.txt,init_rtmutex_sysctl,0.040698,0,0
6,run5_initcall.txt,pm_sysrq_init,0.040746,0,0
6,run5_initcall.txt,init_rcu_stall_sysctl,0.040766,0,0
6,run5_initcall.txt,init_module_sysctl,0.040784,0,0
6,run5_initcall.txt,create_proc_profile,0.040801,0,0
6,run5_initcall.txt,cgroup_sysfs_init,0.040821,0,0
6,run5_initcall.txt,user_namespaces_init,0.040847,0,0
6,run5_initcall.txt,hung_task_init,0.040944,0,0
6,run5_initcall.txt,dev_map_init,0.040963,0,0
6,run5_initcall.txt,netns_bpf_init,0.040977,0,0
6,run5_initcall.txt,oom_init,0.04104,0,0
6,run5_initcall.txt,init_user_buckets,0.041054,0,0
6,run5_initcall.txt,init_vm_util_sysctls,0.041072,0,0
6,run5_initcall.txt,default_bdi_init,0.041181,0,0
6,run5_initcall.txt,cgwb_init,0.041201,0,0
6,run5_initcall.txt,percpu_enable_async,0.041214,0,0
6,run5_initcall.txt,kcompactd_init,0.041316,0,0
6,run5_initcall.txt,init_mm_sysctl,0.041335,0,0
6,run5_initcall.txt,init_user_reserve,0.04135,0,0
6,run5_initcall.txt,init_admin_reserve,0.041364,0,0
6,run5_initcall.txt,init_reserve_notifier,0.041378,0,0
6,run5_initcall.txt,swap_init,0.041399,0,0
6,run5_initcall.txt,swapfile_init,0.04142,0,0
6,run5_initcall.txt,memory_tier_init,0.041461,0,0
6,run5_initcall.txt,numa_init_sysfs,0.041482,0,0
6,run5_initcall.txt,mem_cgroup_swap_init,0.041499,0,0
6,run5_initcall.txt,init_msg_buckets,0.041515,0,0
6,run5_initcall.txt,init_bio,0.04156,0,0
6,run5_initcall.txt,blk_ioc_init,0.041579,0,0
6,run5_initcall.txt,blk_mq_init,0.041597,0,0
6,run5_initcall.txt,genhd_device_init,0.041703,0,0
6,run5_initcall.txt,blkcg_punt_bio_init,0.041798,0,0
6,run5_initcall.txt,blk_integrity_auto_init,0.041865,0,0
6,run5_initcall.txt,io_wq_init,0.041885,0,0
6,run5_initcall.txt,crc_t10dif_mod_init,0.04191,0,0
6,run5_initcall.txt,sha256_mod_init,0.041929,0,0
6,run5_initcall.txt,sha512_mod_init,0.041945,0,0
6,run5_initcall.txt,sg_pool_init,0.041976,0,0
6,run5_initcall.txt,gpiolib_debugfs_init,0.041997,0,0
6,run5_initcall.txt,stmpe_gpio_init,0.042066,0,0
6,run5_initcall.txt,pwm_init,0.042087,0,0
6,run5_initcall.txt,leds_init,0.042115,0,0
6,run5_initcall.txt,pci_slot_init,0.042134,0,0
6,run5_initcall.txt,fbmem_init,0.042185,0,0
6,run5_initcall.txt,bcm2835_dma_init,0.042867,0,0
6,run5_initcall.txt,regulator_fixed_voltage_init,0.042932,0,0
6,run5_initcall.txt,gpio_regulator_init,0.042983,0,0
6,run5_initcall.txt,init_sysrq_sysctl,0.043006,0,0
6,run5_initcall.txt,misc_init,0.043038,0,0
6,run5_initcall.txt,iommu_subsys_init,0.043069,0,0
6,run5_initcall.txt,register_cpu_capacity_sysctl,0.043421,0,0
6,run5_initcall.txt,dma_buf_init,0.043488,0,0
6,run5_initcall.txt,dma_heap_init,0.043516,0,0
6,run5_initcall.txt,init_scsi,0.043611,0,0
6,run5_initcall.txt,mdio_bus_init,0.04364,0,0
6,run5_initcall.txt,phy_init,0.043679,0,0
6,run5_initcall.txt,usb_common_init,0.043696,0,0
6,run5_initcall.txt,usb_init,0.0438,0,0
6,run5_initcall.txt,usb_phy_generic_init,0.043927,0,0
6,run5_initcall.txt,usb_udc_init,0.043956,0,0
6,run5_initcall.txt,usb_roles_init,0.043974,0,0
6,run5_initcall.txt,input_init,0.043998,0,0
6,run5_initcall.txt,rtc_init,0.044016,0,0
6,run5_initcall.txt,rc_core_init,0.044044,0,0
6,run5_initcall.txt,pps_init,0.044078,0,4000
6,run5_initcall.txt,ptp_init,0.044102,0,0
6,run5_initcall.txt,power_supply_class_init,0.044133,0,0
6,run5_initcall.txt,hwmon_init,0.044156,0,0
6,run5_initcall.txt,mmc_init,0.044194,0,0
6,run5_initcall.txt,dmi_init,0.044212,0,0
6,run5_initcall.txt,efisubsys_init,0.044226,0,0
6,run5_initcall.txt,arm_pmu_hp_init,0.044244,0,0
6,run5_initcall.txt,ras_init,0.044267,0,0
6,run5_initcall.txt,nvmem_init,0.0443,0,0
6,run5_initcall.txt,init_soundcore,0.04432,0,0
6,run5_initcall.txt,proto_init,0.044339,0,0
6,run5_initcall.txt,net_dev_init,0.044557,0,0
6,run5_initcall.txt,neigh_init,0.044577,0,0
6,run5_initcall.txt,fib_notifier_init,0.044594,0,0
6,run5_initcall.txt,netdev_genl_init,0.044631,0,0
6,run5_initcall.txt,page_pool_user_init,0.044647,0,0
6,run5_initcall.txt,fib_rules_init,0.044666,0,0
6,run5_initcall.txt,init_cgroup_netprio,0.044682,0,0
6,run5_initcall.txt,bpf_lwt_init,0.044698,0,0
6,run5_initcall.txt,pktsched_init,0.044717,0,0
6,run5_initcall.txt,tc_filter_init,0.044749,0,0
6,run5_initcall.txt,tc_action_init,0.044766,0,0
6,run5_initcall.txt,ethnl_init,0.044838,0,0
6,run5_initcall.txt,nexthop_init,0.044859,0,0
6,run5_initcall.txt,devlink_init,0.044937,0,0
6,run5_initcall.txt,wireless_nlevent_init,0.044956,0,0
6,run5_initcall.txt,vsprintf_init_hashval,0.044975,0,0
6,run5_initcall.txt,init_32bit_el0_mask,0.044989,0,0
6,run5_initcall.txt,vga_arb_device_init,0.045099,0,0
6,run5_initcall.txt,watchdog_init,0.045213,0,0
6,run5_initcall.txt,create_debug_debugfs_entry,0.04531,0,0
6,run5_initcall.txt,iomem_init_inode,0.045348,0,0
6,run5_initcall.txt,clocksource_done_booting,0.045391,0,12
6,run5_initcall.txt,bpf_init,0.045415,0,5
6,run5_initcall.txt,secretmem_init,0.045447,0,13
6,run5_initcall.txt,init_fs_stat_sysctls,0.045475,0,9
6,run5_initcall.txt,init_fs_exec_sysctls,0.045494,0,1
6,run5_initcall.txt,init_pipe_fs,0.045523,0,11
6,run5_initcall.txt,init_fs_namei_sysctls,0.045544,0,2
6,run5_initcall.txt,init_fs_dcache_sysctls,0.045569,0,6
6,run5_initcall.txt,init_fs_namespace_sysctls,0.045586,0,1
6,run5_initcall.txt,cgroup_writeback_init,0.045606,0,5
6,run5_initcall.txt,inotify_user_setup,0.045633,0,13
6,run5_initcall.txt,eventpoll_init,0.045667,0,17
6,run5_initcall.txt,anon_inode_init,0.045694,0,13
6,run5_initcall.txt,proc_locks_init,0.045712,0,3
6,run5_initcall.txt,backing_aio_init,0.045729,0,2
6,run5_initcall.txt,init_fs_coredump_sysctls,0.045749,0,6
6,run5_initcall.txt,init_vm_drop_caches_sysctls,0.045766,0,2
6,run5_initcall.txt,iomap_dio_init,0.045802,0,20
6,run5_initcall.txt,iomap_ioend_init,0.045836,0,20
6,run5_initcall.txt,dquot_init,0.045924,0,73
6,run5_initcall.txt,proc_cmdline_init,0.045943,0,2
6,run5_initcall.txt,proc_consoles_init,0.045958,0,1
6,run5_initcall.txt,proc_cpuinfo_init,0.045973,0,1
6,run5_initcall.txt,proc_devices_init,0.045987,0,0
6,run5_initcall.txt,proc_interrupts_init,0.046002,0,1
6,run5_initcall.txt,proc_loadavg_init,0.046017,0,0
6,run5_initcall.txt,proc_meminfo_init,0.046031,0,0
6,run5_initcall.txt,proc_stat_init,0.046046,0,1
6,run5_initcall.txt,proc_uptime_init,0.04606,0,1
6,run5_initcall.txt,proc_version_init,0.046075,0,1
6,run5_initcall.txt,proc_softirqs_init,0.04609,0,0
6,run5_initcall.txt,proc_kmsg_init,0.046105,0,1
6,run5_initcall.txt,proc_page_init,0.046123,0,4
6,run5_initcall.txt,init_ramfs_fs,0.046139,0,1
6,run5_initcall.txt,aa_create_aafs,0.046156,0,0
6,run5_initcall.txt,chr_dev_init,0.049056,0,2882
6,run5_initcall.txt,hwrng_modinit,0.049143,0,47
6,run5_initcall.txt,firmware_class_init,0.049164,0,1
6,run5_initcall.txt,sysctl_core_init,0.049217,0,34
6,run5_initcall.txt,eth_offload_init,0.049234,0,0
6,run5_initcall.txt,ipv4_offload_init,0.049252,0,1
6,run5_initcall.txt,inet_init,0.052941,0,3672
6,run5_initcall.txt,af_unix_init,0.052998,0,24
6,run5_initcall.txt,ipv6_offload_init,0.053026,0,1
6,run5_initcall.txt,init_sunrpc,0.053362,0,318
6,run5_initcall.txt,vlan_offload_init,0.053405,0,0
6,run5_initcall.txt,pci_apply_final_quirks,0.053435,0,11
6,run5_initcall.txt,populate_rootfs,0.053459,0,8
6,run5_initcall.txt,register_arm64_panic_block,0.053563,0,0
6,run5_initcall.txt,cpuinfo_regs_init,0.053656,0,75
6,run5_initcall.txt,aarch32_el0_sysfs_init,0.053673,0,0
6,run5_initcall.txt,kvm_arm_init,0.057071,0,3380
6,run5_initcall.txt,proc_execdomains_init,0.057115,0,4
6,run5_initcall.txt,register_warn_debugfs,0.057155,0,21
6,run5_initcall.txt,cpuhp_sysfs_init,0.0572,0,26
6,run5_initcall.txt,ioresources_init,0.05722,0,3
6,run5_initcall.txt,psi_proc_init,0.057234,0,0
6,run5_initcall.txt,irq_gc_init_ops,0.057258,0,0
6,run5_initcall.txt,irq_debugfs_init,0.057341,0,68
6,run5_initcall.txt,proc_modules_init,0.05736,0,2
6,run5_initcall.txt,timer_sysctl_init,0.05741,0,34
6,run5_initcall.txt,timekeeping_init_ops,0.057427,0,0
6,run5_initcall.txt,init_clocksource_sysfs,0.057501,0,58
6,run5_initcall.txt,init_timer_list_procfs,0.057521,0,1
6,run5_initcall.txt,alarmtimer_init,0.057583,0,45
6,run5_initcall.txt,clockevents_init_sysfs,0.057713,0,111
6,run5_initcall.txt,sched_clock_syscore_init,0.057732,0,0
6,run5_initcall.txt,kallsyms_init,0.05775,0,1
6,run5_initcall.txt,pid_namespaces_init,0.057788,0,20
6,run5_initcall.txt,audit_watch_init,0.057807,0,0
6,run5_initcall.txt,audit_fsnotify_init,0.057824,0,0
6,run5_initcall.txt,audit_tree_init,0.057843,0,2
6,run5_initcall.txt,seccomp_sysctl_init,0.057864,0,4
6,run5_initcall.txt,utsname_sysctl_init,0.057889,0,7
6,run5_initcall.txt,init_lstats_procfs,0.05791,0,3
6,run5_initcall.txt,perf_event_sysfs_init,0.057977,0,51
6,run5_initcall.txt,system_trusted_keyring_init,0.058006,0,14
6,run5_initcall.txt,kswapd_init,0.05819,0,169
6,run5_initcall.txt,extfrag_debug_init,0.058215,0,9
6,run5_initcall.txt,mm_compute_batch_init,0.058231,0,0
6,run5_initcall.txt,slab_proc_init,0.058247,0,2
6,run5_initcall.txt,workingset_init,0.058269,0,8
6,run5_initcall.txt,proc_vmalloc_init,0.058285,0,1
6,run5_initcall.txt,memblock_init_debugfs,0.058306,0,5
6,run5_initcall.txt,slab_debugfs_init,0.058327,0,4
6,run5_initcall.txt,procswaps_init,0.058346,0,3
6,run5_initcall.txt,zs_init,0.058363,0,0
6,run5_initcall.txt,fcntl_init,0.058382,0,2
6,run5_initcall.txt,proc_filesystems_init,0.058401,0,1
6,run5_initcall.txt,start_dirtytime_writeback,0.058422,0,5
6,run5_initcall.txt,dio_init,0.058437,0,1
6,run5_initcall.txt,dnotify_init,0.058463,0,13
6,run5_initcall.txt,fanotify_user_setup,0.058488,0,9
6,run5_initcall.txt,aio_setup,0.058547,0,45
6,run5_initcall.txt,mbcache_init,0.058569,0,5
6,run5_initcall.txt,init_grace,0.058585,0,2
6,run5_initcall.txt,init_devpts_fs,0.058606,0,7
6,run5_initcall.txt,ext4_init_fs,0.058697,0,76
6,run5_initcall.txt,journal_init,0.05873,0,16
6,run5_initcall.txt,init_fat_fs,0.05875,0,6
6,run5_initcall.txt,init_vfat_fs,0.058766,0,0
6,run5_initcall.txt,init_msdos_fs,0.05878,0,0
6,run5_initcall.txt,init_nfs_fs,0.05892,0,125
6,run5_initcall.txt,init_nfs_v2,0.058939,0,0
6,run5_initcall.txt,init_nfs_v3,0.058953,0,0
6,run5_initcall.txt,init_nfs_v4,0.058999,0,31
6,run5_initcall.txt,nfs4filelayout_init,0.059021,0,6
6,run5_initcall.txt,nfs4flexfilelayout_init,0.059042,0,6
6,run5_initcall.txt,init_nlm,0.059083,0,25
6,run5_initcall.txt,init_nls_cp437,0.0591,0,0
6,run5_initcall.txt,init_nls_ascii,0.059115,0,0
6,run5_initcall.txt,init_autofs_fs,0.059213,0,83
6,run5_initcall.txt,init_f2fs_fs,0.059354,0,124
6,run5_initcall.txt,ipc_init,0.059385,0,12
6,run5_initcall.txt,ipc_sysctl_init,0.059418,0,16
6,run5_initcall.txt,init_mqueue_fs,0.059468,0,34
6,run5_initcall.txt,key_proc_init,0.059488,0,2
6,run5_initcall.txt,bpf_crypto_skcipher_init,0.059505,0,0
6,run5_initcall.txt,dh_init,0.059525,0,2
6,run5_initcall.txt,rsa_init,0.059541,0,1
6,run5_initcall.txt,cryptomgr_init,0.059558,0,0
6,run5_initcall.txt,hmac_module_init,0.059574,0,0
6,run5_initcall.txt,crypto_sha256_mod_init,0.059595,0,4
6,run5_initcall.txt,crypto_ecb_module_init,0.059611,0,0
6,run5_initcall.txt,crypto_cbc_module_init,0.059627,0,0
6,run5_initcall.txt,crypto_cts_module_init,0.059643,0,0
6,run5_initcall.txt,xts_module_init,0.05966,0,0
6,run5_initcall.txt,des_generic_mod_init,0.059678,0,1
6,run5_initcall.txt,aes_init,0.059694,0,0
6,run5_initcall.txt,lzo_mod_init,0.059711,0,1
6,run5_initcall.txt,lzorle_mod_init,0.059728,0,0
6,run5_initcall.txt,asymmetric_key_init,0.059748,0,4
6,run5_initcall.txt,x509_key_init,0.05977,0,6
6,run5_initcall.txt,crypto_kdf108_init,0.059786,0,0
6,run5_initcall.txt,blkdev_init,0.059816,0,13
6,run5_initcall.txt,proc_genhd_init,0.059837,0,4
6,run5_initcall.txt,bsg_init,0.059869,0,14
6,run5_initcall.txt,throtl_init,0.059952,0,66
6,run5_initcall.txt,deadline_init,0.059977,0,5
6,run5_initcall.txt,kyber_init,0.059998,0,5
6,run5_initcall.txt,bfq_init,0.060034,0,19
6,run5_initcall.txt,io_uring_init,0.0601,0,48
6,run5_initcall.txt,percpu_counter_startup,0.060161,0,41
6,run5_initcall.txt,audit_classes_init,0.060189,0,2
6,run5_initcall.txt,gicv5_iwb_platform_driver_init,0.06027,0,63
6,run5_initcall.txt,mip_msi_driver_init,0.060312,0,27
6,run5_initcall.txt,bcm7038_l1_driver_init,0.060353,0,26
6,run5_initcall.txt,bcm7120_l2_driver_init,0.0604,0,33
6,run5_initcall.txt,brcmstb_l2_driver_init,0.060456,0,40
6,run5_initcall.txt,simple_pm_bus_driver_init,0.060915,0,443
6,run5_initcall.txt,phy_core_init,0.060946,0,15
6,run5_initcall.txt,brcm_usb_driver_init,0.061006,0,46
6,run5_initcall.txt,rp1_pinctrl_driver_init,0.061046,0,26
6,run5_initcall.txt,bcm2835_pinctrl_driver_init,0.061937,0,875
6,run5_initcall.txt,bcm2712_pinctrl_driver_init,0.062002,0,41
6,run5_initcall.txt,brcmvirt_gpio_driver_init,0.062046,0,28
6,run5_initcall.txt,brcmstb_gpio_driver_init,0.062088,0,26
6,run5_initcall.txt,rpi_exp_gpio_driver_init,0.062463,0,360
6,run5_initcall.txt,brcmstb_pwm_driver_init,0.062507,0,28
6,run5_initcall.txt,rp1_pwm_driver_init,0.06255,0,28
6,run5_initcall.txt,gpio_led_driver_init,0.064265,0,1701
6,run5_initcall.txt,led_pwm_driver_init,0.064316,0,33
6,run5_initcall.txt,timer_led_trigger_init,0.064332,0,1
6,run5_initcall.txt,oneshot_led_trigger_init,0.064346,0,0
6,run5_initcall.txt,heartbeat_trig_init,0.064365,0,2
6,run5_initcall.txt,bl_led_trigger_init,0.064379,0,0
6,run5_initcall.txt,ledtrig_cpu_init,0.064438,0,45
6,run5_initcall.txt,defon_led_trigger_init,0.064482,0,28
6,run5_initcall.txt,input_trig_init,0.064498,0,1
6,run5_initcall.txt,ledtrig_panic_init,0.064513,0,1
6,run5_initcall.txt,actpwr_trig_init,0.064652,0,125
6,run5_initcall.txt,pcie_portdrv_init,0.064725,0,56
6,run5_initcall.txt,pci_proc_init,0.064748,0,7
6,run5_initcall.txt,brcm_pcie_driver_init,0.178213,0,113451
6,run5_initcall.txt,bcm2708_fb_init,0.190365,0,12131
6,run5_initcall.txt,simplefb_driver_init,0.190466,0,45
6,run5_initcall.txt,of_fixed_factor_clk_driver_init,0.190539,0,27
6,run5_initcall.txt,of_fixed_clk_driver_init,0.190611,0,26
6,run5_initcall.txt,gpio_clk_driver_init,0.190689,0,34
6,run5_initcall.txt,gated_fixed_clk_driver_init,0.190759,0,26
6,run5_initcall.txt,rp1_clk_driver_init,0.19083,0,27
6,run5_initcall.txt,rp1_sdio_clk_driver_init,0.190899,0,27
6,run5_initcall.txt,clk_dvp_driver_init,0.190972,0,29
6,run5_initcall.txt,bcm2835_aux_clk_driver_init,0.191071,0,54
6,run5_initcall.txt,raspberrypi_clk_driver_init,0.206492,0,15375
6,run5_initcall.txt,dw_driver_init,0.206575,0,37
6,run5_initcall.txt,bcm2835_power_driver_init,0.206639,0,19
6,run5_initcall.txt,rpi_power_driver_init,0.224712,0,18028
6,run5_initcall.txt,brcmstb_reset_driver_init,0.226611,0,33
6,run5_initcall.txt,brcm_rescal_reset_driver_init,0.22849,0,30
6,run5_initcall.txt,rpi_reset_driver_init,0.231343,0,990
6,run5_initcall.txt,reset_simple_driver_init,0.233308,0,63
6,run5_initcall.txt,n_null_init,0.235208,0,0
6,run5_initcall.txt,pty_init,0.237185,0,79
6,run5_initcall.txt,sysrq_init,0.23911,0,13
6,run5_initcall.txt,serial8250_init,0.240996,-19,0
6,run5_initcall.txt,bcm2835aux_serial_driver_init,0.24293,0,34
6,run5_initcall.txt,brcmuart_init,0.244856,0,39
6,run5_initcall.txt,exar_pci_driver_init,0.246792,0,30
6,run5_initcall.txt,of_platform_serial_driver_init,0.248725,0,70
6,run5_initcall.txt,serial_pci_driver_init,0.250645,0,28
6,run5_initcall.txt,pericom8250_pci_driver_init,0.252553,0,17
6,run5_initcall.txt,init_kgdboc,0.255462,0,1011
6,run5_initcall.txt,random_sysctls_init,0.257359,0,11
6,run5_initcall.txt,ttyprintk_init,0.259321,0,52
6,run5_initcall.txt,bcm2835_rng_driver_init,0.261273,0,47
6,run5_initcall.txt,bcm74110_rng_driver_init,0.26327,0,33
6,run5_initcall.txt,iproc_rng200_driver_init,0.267436,0,2223
6,run5_initcall.txt,smccc_trng_driver_init,0.269523,0,22
6,run5_initcall.txt,vc_mem_init,0.272836,0,1204
6,run5_initcall.txt,vcio_driver_init,0.276426,0,1396
6,run5_initcall.txt,bcm2712_iommu_driver_init,0.278721,0,32
6,run5_initcall.txt,bcm2712_iommu_cache_driver_init,0.281048,0,30
6,run5_initcall.txt,topology_sysfs_init,0.283452,0,62
6,run5_initcall.txt,cacheinfo_sysfs_init,0.286066,0,235
6,run5_initcall.txt,devcoredump_init,0.288474,0,8
6,run5_initcall.txt,brd_init,0.295573,0,4728
6,run5_initcall.txt,loop_init,0.30157,0,3648
6,run5_initcall.txt,bcm2835_pm_driver_init,0.305172,0,1274
6,run5_initcall.txt,stmpe_i2c_driver_init,0.307521,0,14
6,run5_initcall.txt,stmpe_spi_driver_init,0.309852,0,13
6,run5_initcall.txt,rp1_driver_init,0.31221,0,30
6,run5_initcall.txt,system_heap_create,0.314599,0,73
6,run5_initcall.txt,add_default_cma_heap,0.317016,0,80
6,run5_initcall.txt,udmabuf_dev_init,0.319387,0,40
6,run5_initcall.txt,iscsi_transport_init,0.323095,0,1381
6,run5_initcall.txt,init_sd,0.32546,0,26
6,run5_initcall.txt,nvme_core_init,0.328023,0,242
6,run5_initcall.txt,nvme_init,0.330385,0,28
6,run5_initcall.txt,blackhole_netdev_init,0.332689,0,15
6,run5_initcall.txt,netkit_init,0.335014,0,5
6,run5_initcall.txt,phylink_init,0.337322,0,0
6,run5_initcall.txt,phy_module_init,0.339812,0,167
6,run5_initcall.txt,phy_module_init,0.342289,0,171
6,run5_initcall.txt,fixed_mdio_bus_init,0.344747,0,148
6,run5_initcall.txt,phy_module_init,0.347222,0,158
6,run5_initcall.txt,phy_module_init,0.349516,0,20
6,run5_initcall.txt,phy_module_init,0.35186,0,57
6,run5_initcall.txt,unimac_mdio_driver_init,0.35422,0,88
6,run5_initcall.txt,macb_driver_init,0.35656,0,83
6,run5_initcall.txt,bcmgenet_driver_init,0.554291,0,195452
6,run5_initcall.txt,bcmasp_driver_init,0.556614,0,63
6,run5_initcall.txt,lan78xx_driver_init,0.560057,0,1172
6,run5_initcall.txt,smsc95xx_driver_init,0.563553,0,1171
6,run5_initcall.txt,usbnet_init,0.565828,0,0
6,run5_initcall.txt,xhci_hcd_init,0.568145,0,12
6,run5_initcall.txt,xhci_pci_init,0.694097,0,123652
6,run5_initcall.txt,xhci_plat_init,0.696371,0,91
6,run5_initcall.txt,dwc_otg_driver_init,0.702868,0,4356
6,run5_initcall.txt,dwc_common_port_init_module,0.706244,0,1235
6,run5_initcall.txt,dwc3_driver_init,0.708432,0,44
6,run5_initcall.txt,dwc3_haps_driver_init,0.710604,0,23
6,run5_initcall.txt,dwc3_of_simple_driver_init,0.712788,0,45
6,run5_initcall.txt,dwc3_generic_driver_init,0.714927,0,36
6,run5_initcall.txt,dwc2_platform_driver_init,0.717157,0,102
6,run5_initcall.txt,uas_init,0.720446,0,1158
6,run5_initcall.txt,usb_storage_driver_init,0.723631,0,1072
6,run5_initcall.txt,brcmstb_usb_pinmap_init,0.725787,-19,55
6,run5_initcall.txt,bdc_driver_init,0.727936,0,40
6,run5_initcall.txt,input_leds_init,0.730066,0,1
6,run5_initcall.txt,mousedev_init,0.733302,0,1159
6,run5_initcall.txt,evdev_init,0.735469,0,0
6,run5_initcall.txt,brcmstb_waketmr_driver_init,0.737655,0,35
6,run5_initcall.txt,rpi_rtc_driver_init,0.73985,0,31
6,run5_initcall.txt,init_rc_map_adstech_dvb_t_pci,0.742007,0,0
6,run5_initcall.txt,init_rc_map_alink_dtu_m,0.744156,0,0
6,run5_initcall.txt,init_rc_map_anysee,0.746301,0,0
6,run5_initcall.txt,init_rc_map_apac_viewcomp,0.748431,0,0
6,run5_initcall.txt,init_rc_map_t2hybrid,0.750615,0,0
6,run5_initcall.txt,init_rc_map_asus_pc39,0.752776,0,0
6,run5_initcall.txt,init_rc_map_asus_ps3_100,0.754937,0,0
6,run5_initcall.txt,init_rc_map_ati_tv_wonder_hd_600,0.757103,0,0
6,run5_initcall.txt,init_rc_map_ati_x10,0.75929,0,0
6,run5_initcall.txt,init_rc_map_avermedia_a16d,0.761491,0,0
6,run5_initcall.txt,init_rc_map_avermedia_cardbus,0.763691,0,0
6,run5_initcall.txt,init_rc_map_avermedia_dvbt,0.765857,0,0
6,run5_initcall.txt,init_rc_map_avermedia_m135a,0.768056,0,0
6,run5_initcall.txt,init_rc_map_avermedia_m733a_rm_k6,0.77028,0,0
6,run5_initcall.txt,init_rc_map_avermedia,0.7725,0,0
6,run5_initcall.txt,init_rc_map_avermedia_rm_ks,0.774714,0,0
6,run5_initcall.txt,init_rc_map_avertv_303,0.776929,0,0
6,run5_initcall.txt,init_rc_map_azurewave_ad_tu700,0.779145,0,0
6,run5_initcall.txt,init_rc_map_beelink_gs1,0.781309,0,0
6,run5_initcall.txt,init_rc_map_beelink_mxiii,0.783512,0,0
6,run5_initcall.txt,init_rc_map_behold_columbus,0.785712,0,0
6,run5_initcall.txt,init_rc_map_behold,0.787903,0,0
6,run5_initcall.txt,init_rc_map_budget_ci_old,0.790091,0,0
6,run5_initcall.txt,init_rc_map_cinergy_1400,0.792275,0,0
6,run5_initcall.txt,init_rc_map_cinergy,0.794713,0,0
6,run5_initcall.txt,init_rc_map_ct_90405,0.796874,0,0
6,run5_initcall.txt,init_rc_map_d680_dmb,0.798985,0,0
6,run5_initcall.txt,init_rc_map_delock_61959,0.801097,0,0
6,run5_initcall.txt,init_rc_map,0.803217,0,0
6,run5_initcall.txt,init_rc_map,0.805341,0,0
6,run5_initcall.txt,init_rc_map_digitalnow_tinytwin,0.807503,0,0
6,run5_initcall.txt,init_rc_map_digittrade,0.809711,0,0
6,run5_initcall.txt,init_rc_map_dm1105_nec,0.81191,0,0
6,run5_initcall.txt,init_rc_map_dntv_live_dvb_t,0.814139,0,0
6,run5_initcall.txt,init_rc_map_dntv_live_dvbt_pro,0.816203,0,0
6,run5_initcall.txt,init_rc_map_dreambox,0.818304,0,0
6,run5_initcall.txt,init_rc_map_dtt200u,0.820407,0,0
6,run5_initcall.txt,init_rc_map_rc5_dvbsky,0.8225,0,0
6,run5_initcall.txt,init_rc_map_dvico_mce,0.824588,0,0
6,run5_initcall.txt,init_rc_map_dvico_portable,0.826686,0,0
6,run5_initcall.txt,init_rc_map_em_terratec,0.828763,0,0
6,run5_initcall.txt,init_rc_map_encore_enltv2,0.830947,0,0
6,run5_initcall.txt,init_rc_map_encore_enltv_fm53,0.833009,0,0
6,run5_initcall.txt,init_rc_map_encore_enltv,0.835111,0,0
6,run5_initcall.txt,init_rc_map_evga_indtube,0.837187,0,0
6,run5_initcall.txt,init_rc_map_eztv,0.83926,0,0
6,run5_initcall.txt,init_rc_map_flydvb,0.84131,0,0
6,run5_initcall.txt,init_rc_map_flyvideo,0.843361,0,0
6,run5_initcall.txt,init_rc_map_fusionhdtv_mce,0.845421,0,0
6,run5_initcall.txt,init_rc_map_gadmei_rm008z,0.84745,0,0
6,run5_initcall.txt,init_rc_map_geekbox,0.849445,0,0
6,run5_initcall.txt,init_rc_map_genius_tvgo_a11mce,0.851469,0,0
6,run5_initcall.txt,init_rc_map_gotview7135,0.853498,0,0
6,run5_initcall.txt,init_rc_map_rc5_hauppauge_new,0.855537,0,0
6,run5_initcall.txt,init_rc_map_hisi_poplar,0.857586,0,0
6,run5_initcall.txt,init_rc_map_hisi_tv_demo,0.859636,0,0
6,run5_initcall.txt,init_rc_map_imon_mce,0.861687,0,0
6,run5_initcall.txt,init_rc_map_imon_pad,0.86374,0,0
6,run5_initcall.txt,init_rc_map_imon_rsc,0.865754,0,0
6,run5_initcall.txt,init_rc_map_iodata_bctv7e,0.867777,0,0
6,run5_initcall.txt,init_rc_it913x_v1_map,0.869809,0,0
6,run5_initcall.txt,init_rc_it913x_v2_map,0.871835,0,0
6,run5_initcall.txt,init_rc_map_kaiomy,0.873862,0,0
6,run5_initcall.txt,init_rc_map_khadas,0.87589,0,0
6,run5_initcall.txt,init_rc_map_khamsin,0.877994,0,0
6,run5_initcall.txt,init_rc_map_kworld_315u,0.880001,0,0
6,run5_initcall.txt,init_rc_map_kworld_pc150u,0.881968,0,0
6,run5_initcall.txt,init_rc_map_kworld_plus_tv_analog,0.883966,0,0
6,run5_initcall.txt,init_rc_map_leadtek_y04g0051,0.885971,0,0
6,run5_initcall.txt,init_rc_lme2510_map,0.887982,0,0
6,run5_initcall.txt,init_rc_map_manli,0.890011,0,0
6,run5_initcall.txt,init_rc_map_mecool_kiii_pro,0.892042,0,0
6,run5_initcall.txt,init_rc_map_mecool_kii_pro,0.894081,0,0
6,run5_initcall.txt,init_rc_map_medion_x10_digitainer,0.896112,0,0
6,run5_initcall.txt,init_rc_map_medion_x10,0.898141,0,0
6,run5_initcall.txt,init_rc_map_medion_x10_or2x,0.900174,0,0
6,run5_initcall.txt,init_rc_map_minix_neo,0.902206,0,0
6,run5_initcall.txt,init_rc_map_msi_digivox_iii,0.904255,0,0
6,run5_initcall.txt,init_rc_map_msi_digivox_ii,0.906313,0,0
6,run5_initcall.txt,init_rc_map_msi_tvanywhere,0.908369,0,0
6,run5_initcall.txt,init_rc_map_msi_tvanywhere_plus,0.910436,0,0
6,run5_initcall.txt,init_rc_map_mygica_utv3,0.912485,0,0
6,run5_initcall.txt,init_rc_map_nebula,0.914522,0,0
6,run5_initcall.txt,init_rc_map_nec_terratec_cinergy_xs,0.916557,0,0
6,run5_initcall.txt,init_rc_map_norwood,0.918614,0,0
6,run5_initcall.txt,init_rc_map_npgtech,0.920658,0,0
6,run5_initcall.txt,init_rc_map_odroid,0.922699,0,0
6,run5_initcall.txt,init_rc_map_pctv_sedna,0.924721,0,0
6,run5_initcall.txt,init_rc_map_pine64,0.926755,0,0
6,run5_initcall.txt,init_rc_map_pinnacle_color,0.928797,0,0
6,run5_initcall.txt,init_rc_map_pinnacle_grey,0.930838,0,0
6,run5_initcall.txt,init_rc_map_pinnacle_pctv_hd,0.932848,0,0
6,run5_initcall.txt,init_rc_map_pixelview,0.936056,0,0
6,run5_initcall.txt,init_rc_map_pixelview,0.938143,0,0
6,run5_initcall.txt,init_rc_map_pixelview_new,0.940223,0,0
6,run5_initcall.txt,init_rc_map_pixelview,0.942304,0,0
6,run5_initcall.txt,init_rc_map_powercolor_real_angel,0.944373,0,0
6,run5_initcall.txt,init_rc_map_proteus_2309,0.946529,0,0
6,run5_initcall.txt,init_rc_map_purpletv,0.948576,0,0
6,run5_initcall.txt,init_rc_map_pv951,0.950669,0,0
6,run5_initcall.txt,init_rc_map_rc6_mce,0.952736,0,0
6,run5_initcall.txt,init_rc_map_real_audio_220_32_keys,0.954823,0,0
6,run5_initcall.txt,init_rc_map_reddo,0.956905,0,0
6,run5_initcall.txt,init_rc_map_siemens_gigaset_rc20,0.959008,0,0
6,run5_initcall.txt,init_rc_map_snapstream_firefly,0.961102,0,0
6,run5_initcall.txt,init_rc_map_streamzap,0.963218,0,0
6,run5_initcall.txt,init_rc_map_su3000,0.965302,0,0
6,run5_initcall.txt,init_rc_map_tanix_tx3mini,0.96741,0,0
6,run5_initcall.txt,init_rc_map_tanix_tx5max,0.969522,0,0
6,run5_initcall.txt,init_rc_map_tbs_nec,0.971633,0,0
6,run5_initcall.txt,init_rc_map,0.973769,0,0
6,run5_initcall.txt,init_rc_map,0.975899,0,0
6,run5_initcall.txt,init_rc_map_terratec_cinergy_c_pci,0.978026,0,0
6,run5_initcall.txt,init_rc_map_terratec_cinergy_s2_hd,0.98016,0,0
6,run5_initcall.txt,init_rc_map_terratec_cinergy_xs,0.982242,0,0
6,run5_initcall.txt,init_rc_map_terratec_slim_2,0.984348,0,0
6,run5_initcall.txt,init_rc_map_terratec_slim,0.986475,0,0
6,run5_initcall.txt,init_rc_map_tevii_nec,0.988604,0,0
6,run5_initcall.txt,init_rc_map_tivo,0.990743,0,0
6,run5_initcall.txt,init_rc_map_total_media_in_hand_02,0.99289,0,0
6,run5_initcall.txt,init_rc_map_total_media_in_hand,0.99505,0,0
6,run5_initcall.txt,init_rc_map_trekstor,0.997201,0,0
6,run5_initcall.txt,init_rc_map_tt_1500,0.999326,0,0
6,run5_initcall.txt,init_rc_map_twinhan_vp1027,1.001476,0,0
6,run5_initcall.txt,init_rc_map_twinhan_dtv_cab_ci,1.003621,0,0
6,run5_initcall.txt,init_rc_map_vega_s9x,1.005767,0,0
6,run5_initcall.txt,init_rc_map_videomate_k100,1.007911,0,0
6,run5_initcall.txt,init_rc_map_videomate_s350,1.010051,0,0
6,run5_initcall.txt,init_rc_map_videomate_tv_pvr,1.012169,0,0
6,run5_initcall.txt,init_rc_map_kii_pro,1.014273,0,0
6,run5_initcall.txt,init_rc_map_wetek_hub,1.016362,0,0
6,run5_initcall.txt,init_rc_map_wetek_play2,1.018482,0,0
6,run5_initcall.txt,init_rc_map_winfast,1.020588,0,0
6,run5_initcall.txt,init_rc_map_winfast_usbii_deluxe,1.022714,0,0
6,run5_initcall.txt,init_rc_map_x96max,1.024841,0,0
6,run5_initcall.txt,init_rc_map,1.026961,0,0
6,run5_initcall.txt,init_rc_map,1.029063,0,0
6,run5_initcall.txt,init_rc_map_zx_irdec,1.031137,0,0
6,run5_initcall.txt,ptp_kvm_init,1.033216,-95,0
6,run5_initcall.txt,gpio_poweroff_driver_init,1.035583,0,72
6,run5_initcall.txt,bcm2711_thermal_driver_init,1.03903,0,1344
6,run5_initcall.txt,bcm2835_thermal_driver_init,1.041192,0,45
6,run5_initcall.txt,bcm2835_wdt_driver_init,1.043351,0,23
6,run5_initcall.txt,dt_cpufreq_platdrv_init,1.045559,0,23
6,run5_initcall.txt,brcm_avs_cpufreq_platdrv_init,1.047737,0,32
6,run5_initcall.txt,raspberrypi_cpufreq_driver_init,1.052816,0,2915
6,run5_initcall.txt,mmc_pwrseq_simple_driver_init,1.055103,0,60
6,run5_initcall.txt,mmc_pwrseq_emmc_driver_init,1.057356,0,31
6,run5_initcall.txt,mmc_blk_init,1.059612,0,29
6,run5_initcall.txt,sdhci_drv_init,1.064088,0,2225
6,run5_initcall.txt,bcm2835_mmc_driver_init,1.067467,0,1168
6,run5_initcall.txt,bcm2835_driver_init,1.069944,0,39
6,run5_initcall.txt,sdhci_pltfm_drv_init,1.073366,0,1137
6,run5_initcall.txt,sdhci_iproc_driver_init,1.075716,0,59
6,run5_initcall.txt,sdhci_brcmstb_driver_init,1.075777,0,46
6,run5_initcall.txt,esrt_sysfs_init,1.075792,-38,0
6,run5_initcall.txt,smccc_devices_init,1.075802,0,0
6,run5_initcall.txt,smccc_soc_init,1.07581,0,1
6,run5_initcall.txt,arch_timer_mmio_drv_init,1.07585,0,30
6,run5_initcall.txt,arch_timer_mmio_acpi_drv_init,1.075879,0,20
6,run5_initcall.txt,hid_init,1.075942,0,55
6,run5_initcall.txt,hid_generic_init,1.075991,0,36
6,run5_initcall.txt,hid_init,1.076037,0,37
6,run5_initcall.txt,bcm74110_mbox_driver_init,1.076086,0,33
6,run5_initcall.txt,extcon_class_init,1.076103,0,6
6,run5_initcall.txt,armv8_pmu_driver_init,1.111072,0,34959
6,run5_initcall.txt,binder_init,1.11463,0,92
6,run5_initcall.txt,rpi_otp_driver_init,1.125339,0,6072
6,run5_initcall.txt,sock_diag_init,1.127746,0,44
6,run5_initcall.txt,blackhole_init,1.130065,0,2
6,run5_initcall.txt,cls_bpf_init_mod,1.132334,0,0
6,run5_initcall.txt,gre_offload_init,1.136902,0,0
6,run5_initcall.txt,sysctl_ipv4_init,1.13924,0,72
6,run5_initcall.txt,cubictcp_register,1.141482,0,2
6,run5_initcall.txt,packet_init,1.144853,0,1131
6,run5_initcall.txt,init_rpcsec_gss,1.147142,0,19
6,run5_initcall.txt,init_kerberos_module,1.149377,0,4
6,run5_initcall.txt,dcbnl_init,1.151632,0,2
6,run5_initcall.txt,init_dns_resolver,1.154993,0,1123
6,run5_initcall.txt,handshake_init,1.157306,0,34
6,run5_initcall.txt,check_mmu_enabled_at_boot,1.159603,0,0
6,run5_initcall.txt,finalize_pkvm,1.161902,0,0
6,run5_initcall.txt,kernel_do_mounts_initrd_sysctls_init,1.16539,0,14
6,run5_initcall.txt,kernel_panic_sysctls_init,1.167712,0,11
6,run5_initcall.txt,kernel_panic_sysfs_init,1.170048,0,3
6,run5_initcall.txt,kernel_exit_sysctls_init,1.172386,0,2
6,run5_initcall.txt,kernel_exit_sysfs_init,1.17474,0,2
6,run5_initcall.txt,param_sysfs_builtin_init,1.186286,0,9197
6,run5_initcall.txt,reboot_ksysfs_init,1.188721,0,22
6,run5_initcall.txt,sched_core_sysctl_init,1.191097,0,4
6,run5_initcall.txt,sched_fair_sysctl_init,1.193394,0,2
6,run5_initcall.txt,sched_rt_sysctl_init,1.195647,0,3
6,run5_initcall.txt,sched_dl_sysctl_init,1.197891,0,3
6,run5_initcall.txt,sched_init_debug,1.200179,0,78
6,run5_initcall.txt,cpu_latency_qos_init,1.202525,0,104
6,run5_initcall.txt,printk_late_init,1.204735,0,13
6,run5_initcall.txt,init_srcu_module_notifier,1.207725,0,1
6,run5_initcall.txt,kernel_rcu_stall_sysfs_init,1.209962,0,11
6,run5_initcall.txt,swiotlb_create_default_debugfs,1.212208,0,20
6,run5_initcall.txt,tk_debug_sleep_time_init,1.214548,0,2
6,run5_initcall.txt,bpf_ksym_iter_register,1.216806,0,2
6,run5_initcall.txt,kernel_acct_sysctls_init,1.219086,0,10
6,run5_initcall.txt,bpf_rstat_kfunc_init,1.22136,0,0
6,run5_initcall.txt,debugfs_kprobe_init,1.223657,0,19
6,run5_initcall.txt,kernel_delayacct_sysctls_init,1.225927,0,4
6,run5_initcall.txt,taskstats_init,1.229333,0,1143
6,run5_initcall.txt,bpf_global_ma_init,1.231681,0,119
6,run5_initcall.txt,bpf_syscall_sysctl_init,1.234024,0,5
6,run5_initcall.txt,unbound_reg_init,1.236375,0,0
6,run5_initcall.txt,kfunc_init,1.238627,0,1
6,run5_initcall.txt,bpf_map_iter_init,1.240872,0,0
6,run5_initcall.txt,init_subsystem,1.243237,0,0
6,run5_initcall.txt,task_iter_init,1.24554,0,1
6,run5_initcall.txt,bpf_prog_iter_init,1.247747,0,0
6,run5_initcall.txt,bpf_link_iter_init,1.24994,0,0
6,run5_initcall.txt,init_trampolines,1.252128,0,2
6,run5_initcall.txt,rqspinlock_register_kfuncs,1.254318,0,0
6,run5_initcall.txt,kfunc_init,1.256486,0,0
6,run5_initcall.txt,bpf_cgroup_iter_init,1.258681,0,0
6,run5_initcall.txt,cpumask_kfunc_init,1.260868,0,20
6,run5_initcall.txt,crypto_kfunc_init,1.263027,0,0
6,run5_initcall.txt,bpf_kmem_cache_iter_init,1.265143,0,0
6,run5_initcall.txt,dmabuf_iter_init,1.267319,0,0
6,run5_initcall.txt,load_system_certificate_list,1.270575,0,1083
6,run5_initcall.txt,init_lru_gen,1.272802,0,19
6,run5_initcall.txt,vmstat_late_init,1.275262,0,1
6,run5_initcall.txt,fault_around_debugfs,1.277467,0,3
6,run5_initcall.txt,slab_sysfs_init,1.283439,0,3793
6,run5_initcall.txt,max_swapfiles_check,1.285677,0,0
6,run5_initcall.txt,zswap_init,1.287814,0,0
6,run5_initcall.txt,mempolicy_sysfs_init,1.289974,0,21
6,run5_initcall.txt,memory_tier_late_init,1.294353,0,2235
6,run5_initcall.txt,check_early_ioremap_leak,1.2965,0,0
6,run5_initcall.txt,mg_debugfs_init,1.298612,0,16
6,run5_initcall.txt,fscrypt_init,1.302951,0,2211
6,run5_initcall.txt,pstore_init,1.305078,0,10
6,run5_initcall.txt,init_root_keyring,1.307242,0,27
6,run5_initcall.txt,init_profile_hash,1.309366,0,0
6,run5_initcall.txt,integrity_fs_init,1.311508,0,6
6,run5_initcall.txt,crypto_algapi_init,1.313649,0,8
6,run5_initcall.txt,blk_timeout_init,1.315742,0,0
6,run5_initcall.txt,depot_debugfs_init,1.317902,0,6
6,run5_initcall.txt,pci_resource_alignment_sysfs_init,1.320049,0,5
6,run5_initcall.txt,pci_sysfs_init,1.322218,0,10
6,run5_initcall.txt,clk_debug_init,1.324724,0,349
6,run5_initcall.txt,genpd_debug_init,1.327229,0,325
6,run5_initcall.txt,sync_state_resume_initcall,1.329433,0,0
6,run5_initcall.txt,deferred_probe_initcall,1.399842,0,68267
6,run5_initcall.txt,efi_shutdown_init,1.401882,-19,0
6,run5_initcall.txt,efi_earlycon_unmap_fb,1.404031,0,0
6,run5_initcall.txt,psci_debugfs_init,1.406086,0,0
6,run5_initcall.txt,of_cfs_init,1.410117,0,2019
6,run5_initcall.txt,of_fdt_raw_init,1.412107,0,26
6,run5_initcall.txt,bpf_kfunc_init,1.414085,0,1
6,run5_initcall.txt,init_subsystem,1.416037,0,0
6,run5_initcall.txt,xdp_metadata_init,1.418017,0,0
6,run5_initcall.txt,bpf_sockmap_iter_init,1.419998,0,0
6,run5_initcall.txt,bpf_sk_storage_map_iter_init,1.421988,0,0
6,run5_initcall.txt,bpf_prog_test_run_init,1.423971,0,0
6,run5_initcall.txt,bpf_dummy_struct_ops_init,1.425962,0,0
6,run5_initcall.txt,tcp_congestion_default,1.427948,0,1
6,run5_initcall.txt,inet_blackhole_dev_init,1.429924,0,6
6,run5_initcall.txt,ip_auto_config,1.431868,0,8
6,run5_initcall.txt,tcp_bpf_v4_build_proto,1.433841,0,1
6,run5_initcall.txt,udp_bpf_v4_build_proto,1.435768,0,0
6,run5_initcall.txt,bpf_tcp_ca_kfunc_init,1.43769,0,0
6,run5_initcall.txt,bpf_mptcp_kfunc_init,1.4396,0,0
6,run5_initcall.txt,fb_logo_late_init,1.441504,0,0
6,run5_initcall.txt,amba_stub_drv_init,1.445398,0,25
6,run5_initcall.txt,clk_disable_unused,1.448356,0,991
6,run5_initcall.txt,genpd_power_off_unused,1.451488,0,1053
6,run5_initcall.txt,regulator_init_complete,1.45362,0,1
6,run5_initcall.txt,of_platform_sync_state_init,1.455789,0,16
7,run6_initcall.txt,cpufreq_gov_performance_init,0.013925,0,0
7,run6_initcall.txt,cpufreq_gov_powersave_init,0.013945,0,0
7,run6_initcall.txt,cpufreq_gov_userspace_init,0.013963,0,0
7,run6_initcall.txt,CPU_FREQ_GOV_ONDEMAND_init,0.013981,0,0
7,run6_initcall.txt,CPU_FREQ_GOV_CONSERVATIVE_init,0.013999,0,0
7,run6_initcall.txt,cpufreq_dt_platdev_init,0.014038,-19,0
7,run6_initcall.txt,cpuidle_init,0.014061,0,0
7,run6_initcall.txt,rpi_firmware_init,0.014089,0,0
7,run6_initcall.txt,arm_dmi_init,0.01411,0,0
7,run6_initcall.txt,arch_timer_evtstrm_register,0.01423,0,0
7,run6_initcall.txt,sock_init,0.016288,0,4000
7,run6_initcall.txt,net_inuse_init,0.016315,0,0
7,run6_initcall.txt,sock_struct_check,0.016331,0,0
7,run6_initcall.txt,init_default_flow_dissectors,0.016348,0,0
7,run6_initcall.txt,netlink_proto_init,0.016451,0,0
7,run6_initcall.txt,genl_init,0.016479,0,0
7,run6_initcall.txt,debug_monitors_init,0.016626,0,0
7,run6_initcall.txt,init_overflow_sysctl,0.01665,0,0
7,run6_initcall.txt,irq_sysfs_init,0.016774,0,0
7,run6_initcall.txt,dma_atomic_pool_init,0.01738,0,0
7,run6_initcall.txt,audit_init,0.017514,0,0
7,run6_initcall.txt,bdi_class_init,0.017546,0,0
7,run6_initcall.txt,mm_sysfs_init,0.017563,0,0
7,run6_initcall.txt,init_per_zone_wmark_min,0.017586,0,0
7,run6_initcall.txt,ramoops_init,0.01762,0,0
7,run6_initcall.txt,gpiolib_sysfs_init,0.017642,0,0
7,run6_initcall.txt,pcibus_class_init,0.017664,0,0
7,run6_initcall.txt,pci_driver_init,0.017699,0,0
7,run6_initcall.txt,amba_init,0.017724,0,0
7,run6_initcall.txt,__bcm2835_clk_driver_init,0.017747,0,0
7,run6_initcall.txt,tty_class_init,0.017768,0,0
7,run6_initcall.txt,vtconsole_class_init,0.017813,0,0
7,run6_initcall.txt,serdev_init,0.01784,0,0
7,run6_initcall.txt,iommu_dev_init,0.017862,0,0
7,run6_initcall.txt,mipi_dsi_bus_init,0.017887,0,0
7,run6_initcall.txt,devlink_class_init,0.017909,0,0
7,run6_initcall.txt,software_node_init,0.017928,0,0
7,run6_initcall.txt,regmap_initcall,0.017948,0,0
7,run6_initcall.txt,sram_init,0.017973,0,0
7,run6_initcall.txt,spi_init,0.018012,0,0
7,run6_initcall.txt,i2c_init,0.018053,0,0
7,run6_initcall.txt,thermal_init,0.018089,0,0
7,run6_initcall.txt,init_menu,0.01813,0,0
7,run6_initcall.txt,efipostcore_init,0.018147,0,0
7,run6_initcall.txt,kobject_uevent_init,0.018168,0,0
7,run6_initcall.txt,init_uevent_helper_sysctl,0.018185,0,0
7,run6_initcall.txt,reserve_memblock_reserved_regions,0.018283,0,0
7,run6_initcall.txt,aarch32_alloc_vdso_pages,0.018303,0,0
7,run6_initcall.txt,vdso_init,0.01832,0,0
7,run6_initcall.txt,arm64_create_dummy_rsi_dev,0.018335,0,0
7,run6_initcall.txt,arch_hw_breakpoint_init,0.0184,0,0
7,run6_initcall.txt,adjust_protection_map,0.018422,0,0
7,run6_initcall.txt,asids_update_limit,0.018448,0,0
7,run6_initcall.txt,kcmp_cookies_init,0.018467,0,0
7,run6_initcall.txt,dma_channel_table_init,0.018493,0,0
7,run6_initcall.txt,dma_bus_init,0.018611,0,0
7,run6_initcall.txt,brcmstb_soc_device_init,0.018918,0,0
7,run6_initcall.txt,serial_base_init,0.01897,0,0
7,run6_initcall.txt,pl011_init,0.019011,0,0
7,run6_initcall.txt,iommu_dma_init,0.01904,0,0
7,run6_initcall.txt,dmi_id_init,0.019059,-19,0
7,run6_initcall.txt,bcm2835_mbox_init,0.019084,0,0
7,run6_initcall.txt,of_platform_default_populate_init,0.040108,0,24000
7,run6_initcall.txt,register_mte_tcf_preferred_sysctl,0.040211,0,0
7,run6_initcall.txt,init_fork_sysctl,0.040241,0,0
7,run6_initcall.txt,uid_cache_init,0.040287,0,0
7,run6_initcall.txt,pid_namespace_sysctl_init,0.040311,0,0
7,run6_initcall.txt,param_sysfs_init,0.04033,0,0
7,run6_initcall.txt,user_namespace_sysctl_init,0.040367,0,0
7,run6_initcall.txt,proc_schedstat_init,0.040389,0,0
7,run6_initcall.txt,init_rtmutex_sysctl,0.040405,0,0
7,run6_initcall.txt,pm_sysrq_init,0.040453,0,0
7,run6_initcall.txt,init_rcu_stall_sysctl,0.040472,0,0
7,run6_initcall.txt,init_module_sysctl,0.04049,0,0
7,run6_initcall.txt,create_proc_profile,0.040507,0,0
7,run6_initcall.txt,cgroup_sysfs_init,0.040527,0,0
7,run6_initcall.txt,user_namespaces_init,0.040553,0,0
7,run6_initcall.txt,hung_task_init,0.040652,0,0
7,run6_initcall.txt,dev_map_init,0.040671,0,0
7,run6_initcall.txt,netns_bpf_init,0.040686,0,0
7,run6_initcall.txt,oom_init,0.040744,0,0
7,run6_initcall.txt,init_user_buckets,0.040758,0,0
7,run6_initcall.txt,init_vm_util_sysctls,0.040778,0,0
7,run6_initcall.txt,default_bdi_init,0.040878,0,0
7,run6_initcall.txt,cgwb_init,0.0409,0,0
7,run6_initcall.txt,percpu_enable_async,0.040915,0,0
7,run6_initcall.txt,kcompactd_init,0.041019,0,0
7,run6_initcall.txt,init_mm_sysctl,0.041038,0,0
7,run6_initcall.txt,init_user_reserve,0.041054,0,0
7,run6_initcall.txt,init_admin_reserve,0.041068,0,0
7,run6_initcall.txt,init_reserve_notifier,0.041082,0,0
7,run6_initcall.txt,swap_init,0.041102,0,0
7,run6_initcall.txt,swapfile_init,0.041123,0,0
7,run6_initcall.txt,memory_tier_init,0.041167,0,0
7,run6_initcall.txt,numa_init_sysfs,0.041188,0,0
7,run6_initcall.txt,mem_cgroup_swap_init,0.041205,0,0
7,run6_initcall.txt,init_msg_buckets,0.041222,0,0
7,run6_initcall.txt,init_bio,0.041268,0,0
7,run6_initcall.txt,blk_ioc_init,0.041288,0,0
7,run6_initcall.txt,blk_mq_init,0.041305,0,0
7,run6_initcall.txt,genhd_device_init,0.041394,0,0
7,run6_initcall.txt,blkcg_punt_bio_init,0.041487,0,0
7,run6_initcall.txt,blk_integrity_auto_init,0.041554,0,0
7,run6_initcall.txt,io_wq_init,0.041574,0,0
7,run6_initcall.txt,crc_t10dif_mod_init,0.041599,0,0
7,run6_initcall.txt,sha256_mod_init,0.041617,0,0
7,run6_initcall.txt,sha512_mod_init,0.041634,0,0
7,run6_initcall.txt,sg_pool_init,0.041668,0,0
7,run6_initcall.txt,gpiolib_debugfs_init,0.041689,0,0
7,run6_initcall.txt,stmpe_gpio_init,0.041762,0,0
7,run6_initcall.txt,pwm_init,0.041785,0,0
7,run6_initcall.txt,leds_init,0.041812,0,0
7,run6_initcall.txt,pci_slot_init,0.041832,0,0
7,run6_initcall.txt,fbmem_init,0.041893,0,0
7,run6_initcall.txt,bcm2835_dma_init,0.042587,0,0
7,run6_initcall.txt,regulator_fixed_voltage_init,0.042651,0,0
7,run6_initcall.txt,gpio_regulator_init,0.042706,0,0
7,run6_initcall.txt,init_sysrq_sysctl,0.042732,0,0
7,run6_initcall.txt,misc_init,0.042761,0,0
7,run6_initcall.txt,iommu_subsys_init,0.042791,0,0
7,run6_initcall.txt,register_cpu_capacity_sysctl,0.043105,0,0
7,run6_initcall.txt,dma_buf_init,0.043181,0,0
7,run6_initcall.txt,dma_heap_init,0.043209,0,0
7,run6_initcall.txt,init_scsi,0.043297,0,0
7,run6_initcall.txt,mdio_bus_init,0.043323,0,0
7,run6_initcall.txt,phy_init,0.043362,0,0
7,run6_initcall.txt,usb_common_init,0.043378,0,0
7,run6_initcall.txt,usb_init,0.043475,0,0
7,run6_initcall.txt,usb_phy_generic_init,0.043602,0,0
7,run6_initcall.txt,usb_udc_init,0.043635,0,0
7,run6_initcall.txt,usb_roles_init,0.043653,0,0
7,run6_initcall.txt,input_init,0.043676,0,0
7,run6_initcall.txt,rtc_init,0.043694,0,0
7,run6_initcall.txt,rc_core_init,0.04372,0,0
7,run6_initcall.txt,pps_init,0.043754,0,0
7,run6_initcall.txt,ptp_init,0.043779,0,0
7,run6_initcall.txt,power_supply_class_init,0.043807,0,0
7,run6_initcall.txt,hwmon_init,0.04383,0,0
7,run6_initcall.txt,mmc_init,0.043872,0,0
7,run6_initcall.txt,dmi_init,0.043889,0,0
7,run6_initcall.txt,efisubsys_init,0.043904,0,0
7,run6_initcall.txt,arm_pmu_hp_init,0.043921,0,0
7,run6_initcall.txt,ras_init,0.043941,0,0
7,run6_initcall.txt,nvmem_init,0.043974,0,0
7,run6_initcall.txt,init_soundcore,0.043994,0,0
7,run6_initcall.txt,proto_init,0.044014,0,0
7,run6_initcall.txt,net_dev_init,0.044224,0,4000
7,run6_initcall.txt,neigh_init,0.044245,0,0
7,run6_initcall.txt,fib_notifier_init,0.044261,0,0
7,run6_initcall.txt,netdev_genl_init,0.044299,0,0
7,run6_initcall.txt,page_pool_user_init,0.044316,0,0
7,run6_initcall.txt,fib_rules_init,0.044334,0,0
7,run6_initcall.txt,init_cgroup_netprio,0.04435,0,0
7,run6_initcall.txt,bpf_lwt_init,0.044365,0,0
7,run6_initcall.txt,pktsched_init,0.044388,0,0
7,run6_initcall.txt,tc_filter_init,0.044418,0,0
7,run6_initcall.txt,tc_action_init,0.044435,0,0
7,run6_initcall.txt,ethnl_init,0.044508,0,0
7,run6_initcall.txt,nexthop_init,0.044529,0,0
7,run6_initcall.txt,devlink_init,0.044607,0,0
7,run6_initcall.txt,wireless_nlevent_init,0.044627,0,0
7,run6_initcall.txt,vsprintf_init_hashval,0.044644,0,0
7,run6_initcall.txt,init_32bit_el0_mask,0.044659,0,0
7,run6_initcall.txt,vga_arb_device_init,0.044796,0,0
7,run6_initcall.txt,watchdog_init,0.044898,0,0
7,run6_initcall.txt,create_debug_debugfs_entry,0.044999,0,0
7,run6_initcall.txt,iomem_init_inode,0.045039,0,0
7,run6_initcall.txt,clocksource_done_booting,0.045083,0,12
7,run6_initcall.txt,bpf_init,0.045106,0,5
7,run6_initcall.txt,secretmem_init,0.045136,0,11
7,run6_initcall.txt,init_fs_stat_sysctls,0.045163,0,9
7,run6_initcall.txt,init_fs_exec_sysctls,0.045182,0,1
7,run6_initcall.txt,init_pipe_fs,0.04521,0,11
7,run6_initcall.txt,init_fs_namei_sysctls,0.045231,0,2
7,run6_initcall.txt,init_fs_dcache_sysctls,0.045255,0,6
7,run6_initcall.txt,init_fs_namespace_sysctls,0.045272,0,1
7,run6_initcall.txt,cgroup_writeback_init,0.04529,0,3
7,run6_initcall.txt,inotify_user_setup,0.04532,0,16
7,run6_initcall.txt,eventpoll_init,0.04535,0,15
7,run6_initcall.txt,anon_inode_init,0.045374,0,9
7,run6_initcall.txt,proc_locks_init,0.045391,0,3
7,run6_initcall.txt,backing_aio_init,0.045408,0,2
7,run6_initcall.txt,init_fs_coredump_sysctls,0.045429,0,6
7,run6_initcall.txt,init_vm_drop_caches_sysctls,0.045446,0,2
7,run6_initcall.txt,iomap_dio_init,0.045481,0,21
7,run6_initcall.txt,iomap_ioend_init,0.045517,0,22
7,run6_initcall.txt,dquot_init,0.045662,0,129
7,run6_initcall.txt,proc_cmdline_init,0.045684,0,2
7,run6_initcall.txt,proc_consoles_init,0.0457,0,1
7,run6_initcall.txt,proc_cpuinfo_init,0.045717,0,1
7,run6_initcall.txt,proc_devices_init,0.045732,0,0
7,run6_initcall.txt,proc_interrupts_init,0.045747,0,1
7,run6_initcall.txt,proc_loadavg_init,0.045762,0,1
7,run6_initcall.txt,proc_meminfo_init,0.045776,0,0
7,run6_initcall.txt,proc_stat_init,0.04579,0,1
7,run6_initcall.txt,proc_uptime_init,0.045805,0,0
7,run6_initcall.txt,proc_version_init,0.04582,0,1
7,run6_initcall.txt,proc_softirqs_init,0.045835,0,0
7,run6_initcall.txt,proc_kmsg_init,0.045849,0,1
7,run6_initcall.txt,proc_page_init,0.045865,0,2
7,run6_initcall.txt,init_ramfs_fs,0.045881,0,1
7,run6_initcall.txt,aa_create_aafs,0.045898,0,0
7,run6_initcall.txt,chr_dev_init,0.048727,0,2811
7,run6_initcall.txt,hwrng_modinit,0.048812,0,46
7,run6_initcall.txt,firmware_class_init,0.048832,0,1
7,run6_initcall.txt,sysctl_core_init,0.048877,0,27
7,run6_initcall.txt,eth_offload_init,0.048894,0,0
7,run6_initcall.txt,ipv4_offload_init,0.048911,0,1
7,run6_initcall.txt,inet_init,0.052554,0,3625
7,run6_initcall.txt,af_unix_init,0.052608,0,21
7,run6_initcall.txt,ipv6_offload_init,0.052629,0,2
7,run6_initcall.txt,init_sunrpc,0.052986,0,331
7,run6_initcall.txt,vlan_offload_init,0.053005,0,0
7,run6_initcall.txt,pci_apply_final_quirks,0.053033,0,10
7,run6_initcall.txt,populate_rootfs,0.053055,0,6
7,run6_initcall.txt,register_arm64_panic_block,0.053184,0,0
7,run6_initcall.txt,cpuinfo_regs_init,0.053285,0,85
7,run6_initcall.txt,aarch32_el0_sysfs_init,0.053304,0,0
7,run6_initcall.txt,kvm_arm_init,0.056579,0,3257
7,run6_initcall.txt,proc_execdomains_init,0.056619,0,3
7,run6_initcall.txt,register_warn_debugfs,0.056641,0,3
7,run6_initcall.txt,cpuhp_sysfs_init,0.056697,0,38
7,run6_initcall.txt,ioresources_init,0.056716,0,3
7,run6_initcall.txt,psi_proc_init,0.05673,0,0
7,run6_initcall.txt,irq_gc_init_ops,0.056745,0,0
7,run6_initcall.txt,irq_debugfs_init,0.056854,0,87
7,run6_initcall.txt,proc_modules_init,0.056873,0,2
7,run6_initcall.txt,timer_sysctl_init,0.056896,0,7
7,run6_initcall.txt,timekeeping_init_ops,0.056913,0,0
7,run6_initcall.txt,init_clocksource_sysfs,0.057003,0,73
7,run6_initcall.txt,init_timer_list_procfs,0.057023,0,1
7,run6_initcall.txt,alarmtimer_init,0.057106,0,66
7,run6_initcall.txt,clockevents_init_sysfs,0.057234,0,109
7,run6_initcall.txt,sched_clock_syscore_init,0.057254,0,0
7,run6_initcall.txt,kallsyms_init,0.057273,0,2
7,run6_initcall.txt,pid_namespaces_init,0.057314,0,23
7,run6_initcall.txt,audit_watch_init,0.057333,0,0
7,run6_initcall.txt,audit_fsnotify_init,0.05735,0,0
7,run6_initcall.txt,audit_tree_init,0.057369,0,2
7,run6_initcall.txt,seccomp_sysctl_init,0.057389,0,3
7,run6_initcall.txt,utsname_sysctl_init,0.057413,0,6
7,run6_initcall.txt,init_lstats_procfs,0.057435,0,3
7,run6_initcall.txt,perf_event_sysfs_init,0.057501,0,50
7,run6_initcall.txt,system_trusted_keyring_init,0.057529,0,13
7,run6_initcall.txt,kswapd_init,0.057707,0,164
7,run6_initcall.txt,extfrag_debug_init,0.057732,0,9
7,run6_initcall.txt,mm_compute_batch_init,0.057747,0,0
7,run6_initcall.txt,slab_proc_init,0.057764,0,2
7,run6_initcall.txt,workingset_init,0.057786,0,8
7,run6_initcall.txt,proc_vmalloc_init,0.057802,0,1
7,run6_initcall.txt,memblock_init_debugfs,0.057822,0,5
7,run6_initcall.txt,slab_debugfs_init,0.057843,0,4
7,run6_initcall.txt,procswaps_init,0.05786,0,1
7,run6_initcall.txt,zs_init,0.057876,0,0
7,run6_initcall.txt,fcntl_init,0.057895,0,2
7,run6_initcall.txt,proc_filesystems_init,0.057914,0,1
7,run6_initcall.txt,start_dirtytime_writeback,0.057935,0,5
7,run6_initcall.txt,dio_init,0.057949,0,1
7,run6_initcall.txt,dnotify_init,0.057975,0,13
7,run6_initcall.txt,fanotify_user_setup,0.057999,0,9
7,run6_initcall.txt,aio_setup,0.058048,0,34
7,run6_initcall.txt,mbcache_init,0.058068,0,5
7,run6_initcall.txt,init_grace,0.058084,0,2
7,run6_initcall.txt,init_devpts_fs,0.058106,0,7
7,run6_initcall.txt,ext4_init_fs,0.058195,0,74
7,run6_initcall.txt,journal_init,0.058228,0,16
7,run6_initcall.txt,init_fat_fs,0.058249,0,6
7,run6_initcall.txt,init_vfat_fs,0.058264,0,0
7,run6_initcall.txt,init_msdos_fs,0.058278,0,0
7,run6_initcall.txt,init_nfs_fs,0.058434,0,141
7,run6_initcall.txt,init_nfs_v2,0.058454,0,0
7,run6_initcall.txt,init_nfs_v3,0.058468,0,0
7,run6_initcall.txt,init_nfs_v4,0.058514,0,31
7,run6_initcall.txt,nfs4filelayout_init,0.058535,0,5
7,run6_initcall.txt,nfs4flexfilelayout_init,0.058556,0,6
7,run6_initcall.txt,init_nlm,0.058597,0,26
7,run6_initcall.txt,init_nls_cp437,0.058615,0,0
7,run6_initcall.txt,init_nls_ascii,0.058629,0,0
7,run6_initcall.txt,init_autofs_fs,0.058731,0,86
7,run6_initcall.txt,init_f2fs_fs,0.058873,0,124
7,run6_initcall.txt,ipc_init,0.058903,0,12
7,run6_initcall.txt,ipc_sysctl_init,0.058936,0,17
7,run6_initcall.txt,init_mqueue_fs,0.058988,0,36
7,run6_initcall.txt,key_proc_init,0.059008,0,2
7,run6_initcall.txt,bpf_crypto_skcipher_init,0.059026,0,0
7,run6_initcall.txt,dh_init,0.059045,0,2
7,run6_initcall.txt,rsa_init,0.059062,0,1
7,run6_initcall.txt,cryptomgr_init,0.059078,0,0
7,run6_initcall.txt,hmac_module_init,0.059095,0,0
7,run6_initcall.txt,crypto_sha256_mod_init,0.059115,0,4
7,run6_initcall.txt,crypto_ecb_module_init,0.059131,0,0
7,run6_initcall.txt,crypto_cbc_module_init,0.059148,0,0
7,run6_initcall.txt,crypto_cts_module_init,0.059164,0,0
7,run6_initcall.txt,xts_module_init,0.05918,0,0
7,run6_initcall.txt,des_generic_mod_init,0.059198,0,1
7,run6_initcall.txt,aes_init,0.059215,0,0
7,run6_initcall.txt,lzo_mod_init,0.059231,0,1
7,run6_initcall.txt,lzorle_mod_init,0.059248,0,0
7,run6_initcall.txt,asymmetric_key_init,0.059268,0,4
7,run6_initcall.txt,x509_key_init,0.05929,0,5
7,run6_initcall.txt,crypto_kdf108_init,0.059306,0,0
7,run6_initcall.txt,blkdev_init,0.059333,0,11
7,run6_initcall.txt,proc_genhd_init,0.059354,0,2
7,run6_initcall.txt,bsg_init,0.059385,0,14
7,run6_initcall.txt,throtl_init,0.059474,0,72
7,run6_initcall.txt,deadline_init,0.059499,0,6
7,run6_initcall.txt,kyber_init,0.059521,0,5
7,run6_initcall.txt,bfq_init,0.059556,0,18
7,run6_initcall.txt,io_uring_init,0.059591,0,18
7,run6_initcall.txt,percpu_counter_startup,0.059653,0,41
7,run6_initcall.txt,audit_classes_init,0.05968,0,2
7,run6_initcall.txt,gicv5_iwb_platform_driver_init,0.05976,0,64
7,run6_initcall.txt,mip_msi_driver_init,0.059803,0,26
7,run6_initcall.txt,bcm7038_l1_driver_init,0.059848,0,31
7,run6_initcall.txt,bcm7120_l2_driver_init,0.059893,0,30
7,run6_initcall.txt,brcmstb_l2_driver_init,0.059948,0,39
7,run6_initcall.txt,simple_pm_bus_driver_init,0.060424,0,461
7,run6_initcall.txt,phy_core_init,0.060458,0,16
7,run6_initcall.txt,brcm_usb_driver_init,0.060519,0,47
7,run6_initcall.txt,rp1_pinctrl_driver_init,0.06056,0,26
7,run6_initcall.txt,bcm2835_pinctrl_driver_init,0.061548,0,972
7,run6_initcall.txt,bcm2712_pinctrl_driver_init,0.061614,0,42
7,run6_initcall.txt,brcmvirt_gpio_driver_init,0.061658,0,28
7,run6_initcall.txt,brcmstb_gpio_driver_init,0.061701,0,27
7,run6_initcall.txt,rpi_exp_gpio_driver_init,0.062057,0,340
7,run6_initcall.txt,brcmstb_pwm_driver_init,0.062101,0,27
7,run6_initcall.txt,rp1_pwm_driver_init,0.062143,0,27
7,run6_initcall.txt,gpio_led_driver_init,0.063844,0,1687
7,run6_initcall.txt,led_pwm_driver_init,0.063892,0,31
7,run6_initcall.txt,timer_led_trigger_init,0.063908,0,1
7,run6_initcall.txt,oneshot_led_trigger_init,0.063922,0,0
7,run6_initcall.txt,heartbeat_trig_init,0.06394,0,2
7,run6_initcall.txt,bl_led_trigger_init,0.063954,0,0
7,run6_initcall.txt,ledtrig_cpu_init,0.06402,0,52
7,run6_initcall.txt,defon_led_trigger_init,0.064063,0,28
7,run6_initcall.txt,input_trig_init,0.06408,0,1
7,run6_initcall.txt,ledtrig_panic_init,0.064095,0,1
7,run6_initcall.txt,actpwr_trig_init,0.064229,0,121
7,run6_initcall.txt,pcie_portdrv_init,0.0643,0,53
7,run6_initcall.txt,pci_proc_init,0.064323,0,8
7,run6_initcall.txt,brcm_pcie_driver_init,0.177935,0,113597
7,run6_initcall.txt,bcm2708_fb_init,0.190263,0,12307
7,run6_initcall.txt,simplefb_driver_init,0.190362,0,47
7,run6_initcall.txt,of_fixed_factor_clk_driver_init,0.190443,0,27
7,run6_initcall.txt,of_fixed_clk_driver_init,0.190517,0,26
7,run6_initcall.txt,gpio_clk_driver_init,0.190594,0,32
7,run6_initcall.txt,gated_fixed_clk_driver_init,0.190665,0,27
7,run6_initcall.txt,rp1_clk_driver_init,0.190737,0,27
7,run6_initcall.txt,rp1_sdio_clk_driver_init,0.190807,0,27
7,run6_initcall.txt,clk_dvp_driver_init,0.190879,0,27
7,run6_initcall.txt,bcm2835_aux_clk_driver_init,0.190983,0,60
7,run6_initcall.txt,raspberrypi_clk_driver_init,0.206384,0,15353
7,run6_initcall.txt,dw_driver_init,0.206468,0,38
7,run6_initcall.txt,bcm2835_power_driver_init,0.206533,0,21
7,run6_initcall.txt,rpi_power_driver_init,0.224645,0,18066
7,run6_initcall.txt,brcmstb_reset_driver_init,0.226564,0,32
7,run6_initcall.txt,brcm_rescal_reset_driver_init,0.22846,0,30
7,run6_initcall.txt,rpi_reset_driver_init,0.231361,0,1015
7,run6_initcall.txt,reset_simple_driver_init,0.233344,0,61
7,run6_initcall.txt,n_null_init,0.235248,0,0
7,run6_initcall.txt,pty_init,0.237199,0,75
7,run6_initcall.txt,sysrq_init,0.239102,0,14
7,run6_initcall.txt,serial8250_init,0.240998,-19,0
7,run6_initcall.txt,bcm2835aux_serial_driver_init,0.242938,0,34
7,run6_initcall.txt,brcmuart_init,0.244866,0,40
7,run6_initcall.txt,exar_pci_driver_init,0.246787,0,26
7,run6_initcall.txt,of_platform_serial_driver_init,0.248755,0,72
7,run6_initcall.txt,serial_pci_driver_init,0.250686,0,29
7,run6_initcall.txt,pericom8250_pci_driver_init,0.252593,0,19
7,run6_initcall.txt,init_kgdboc,0.255458,0,1005
7,run6_initcall.txt,random_sysctls_init,0.257364,0,12
7,run6_initcall.txt,ttyprintk_init,0.259334,0,67
7,run6_initcall.txt,bcm2835_rng_driver_init,0.261295,0,49
7,run6_initcall.txt,bcm74110_rng_driver_init,0.263281,0,35
7,run6_initcall.txt,iproc_rng200_driver_init,0.267493,0,2224
7,run6_initcall.txt,smccc_trng_driver_init,0.269589,0,22
7,run6_initcall.txt,vc_mem_init,0.272855,0,1187
7,run6_initcall.txt,vcio_driver_init,0.276439,0,1389
7,run6_initcall.txt,bcm2712_iommu_driver_init,0.278742,0,31
7,run6_initcall.txt,bcm2712_iommu_cache_driver_init,0.281087,0,38
7,run6_initcall.txt,topology_sysfs_init,0.283512,0,60
7,run6_initcall.txt,cacheinfo_sysfs_init,0.286134,0,235
7,run6_initcall.txt,devcoredump_init,0.288504,0,8
7,run6_initcall.txt,brd_init,0.295575,0,4683
7,run6_initcall.txt,loop_init,0.301542,0,3584
7,run6_initcall.txt,bcm2835_pm_driver_init,0.305092,0,1249
7,run6_initcall.txt,stmpe_i2c_driver_init,0.307437,0,16
7,run6_initcall.txt,stmpe_spi_driver_init,0.309771,0,12
7,run6_initcall.txt,rp1_driver_init,0.312125,0,29
7,run6_initcall.txt,system_heap_create,0.314535,0,81
7,run6_initcall.txt,add_default_cma_heap,0.31696,0,81
7,run6_initcall.txt,udmabuf_dev_init,0.319348,0,42
7,run6_initcall.txt,iscsi_transport_init,0.323029,0,1375
7,run6_initcall.txt,init_sd,0.325414,0,23
7,run6_initcall.txt,nvme_core_init,0.327995,0,244
7,run6_initcall.txt,nvme_init,0.330384,0,29
7,run6_initcall.txt,blackhole_netdev_init,0.332743,0,19
7,run6_initcall.txt,netkit_init,0.335086,0,5
7,run6_initcall.txt,phylink_init,0.337385,0,0
7,run6_initcall.txt,phy_module_init,0.339874,0,159
7,run6_initcall.txt,phy_module_init,0.34236,0,167
7,run6_initcall.txt,fixed_mdio_bus_init,0.344844,0,152
7,run6_initcall.txt,phy_module_init,0.347343,0,165
7,run6_initcall.txt,phy_module_init,0.349698,0,18
7,run6_initcall.txt,phy_module_init,0.352057,0,59
7,run6_initcall.txt,unimac_mdio_driver_init,0.354404,0,91
7,run6_initcall.txt,macb_driver_init,0.356765,0,83
7,run6_initcall.txt,bcmgenet_driver_init,0.554,0,194946
7,run6_initcall.txt,bcmasp_driver_init,0.556349,0,60
7,run6_initcall.txt,lan78xx_driver_init,0.559837,0,1185
7,run6_initcall.txt,smsc95xx_driver_init,0.563369,0,1188
7,run6_initcall.txt,usbnet_init,0.565714,0,0
7,run6_initcall.txt,xhci_hcd_init,0.568059,0,12
7,run6_initcall.txt,xhci_pci_init,0.694099,0,123722
7,run6_initcall.txt,xhci_plat_init,0.696409,0,90
7,run6_initcall.txt,dwc_otg_driver_init,0.703018,0,4395
7,run6_initcall.txt,dwc_common_port_init_module,0.706411,0,1187
7,run6_initcall.txt,dwc3_driver_init,0.708636,0,45
7,run6_initcall.txt,dwc3_haps_driver_init,0.710841,0,23
7,run6_initcall.txt,dwc3_of_simple_driver_init,0.713059,0,45
7,run6_initcall.txt,dwc3_generic_driver_init,0.715273,0,31
7,run6_initcall.txt,dwc2_platform_driver_init,0.71755,0,109
7,run6_initcall.txt,uas_init,0.720814,0,1116
7,run6_initcall.txt,usb_storage_driver_init,0.724051,0,1080
7,run6_initcall.txt,brcmstb_usb_pinmap_init,0.726242,-19,51
7,run6_initcall.txt,bdc_driver_init,0.728412,0,39
7,run6_initcall.txt,input_leds_init,0.730571,0,1
7,run6_initcall.txt,mousedev_init,0.733892,0,1181
7,run6_initcall.txt,evdev_init,0.736081,0,0
7,run6_initcall.txt,brcmstb_waketmr_driver_init,0.738253,0,38
7,run6_initcall.txt,rpi_rtc_driver_init,0.740459,0,32
7,run6_initcall.txt,init_rc_map_adstech_dvb_t_pci,0.742644,0,0
7,run6_initcall.txt,init_rc_map_alink_dtu_m,0.744806,0,0
7,run6_initcall.txt,init_rc_map_anysee,0.746983,0,0
7,run6_initcall.txt,init_rc_map_apac_viewcomp,0.749163,0,0
7,run6_initcall.txt,init_rc_map_t2hybrid,0.751345,0,0
7,run6_initcall.txt,init_rc_map_asus_pc39,0.753522,0,0
7,run6_initcall.txt,init_rc_map_asus_ps3_100,0.755668,0,0
7,run6_initcall.txt,init_rc_map_ati_tv_wonder_hd_600,0.757846,0,0
7,run6_initcall.txt,init_rc_map_ati_x10,0.760046,0,0
7,run6_initcall.txt,init_rc_map_avermedia_a16d,0.762267,0,0
7,run6_initcall.txt,init_rc_map_avermedia_cardbus,0.76448,0,0
7,run6_initcall.txt,init_rc_map_avermedia_dvbt,0.766691,0,0
7,run6_initcall.txt,init_rc_map_avermedia_m135a,0.768911,0,0
7,run6_initcall.txt,init_rc_map_avermedia_m733a_rm_k6,0.771117,0,0
7,run6_initcall.txt,init_rc_map_avermedia,0.77335,0,0
7,run6_initcall.txt,init_rc_map_avermedia_rm_ks,0.775576,0,0
7,run6_initcall.txt,init_rc_map_avertv_303,0.77781,0,0
7,run6_initcall.txt,init_rc_map_azurewave_ad_tu700,0.780034,0,0
7,run6_initcall.txt,init_rc_map_beelink_gs1,0.782254,0,0
7,run6_initcall.txt,init_rc_map_beelink_mxiii,0.784475,0,0
7,run6_initcall.txt,init_rc_map_behold_columbus,0.786699,0,0
7,run6_initcall.txt,init_rc_map_behold,0.788876,0,0
7,run6_initcall.txt,init_rc_map_budget_ci_old,0.791085,0,0
7,run6_initcall.txt,init_rc_map_cinergy_1400,0.793523,0,0
7,run6_initcall.txt,init_rc_map_cinergy,0.795699,0,0
7,run6_initcall.txt,init_rc_map_ct_90405,0.79787,0,0
7,run6_initcall.txt,init_rc_map_d680_dmb,0.800027,0,0
7,run6_initcall.txt,init_rc_map_delock_61959,0.802179,0,0
7,run6_initcall.txt,init_rc_map,0.804282,0,0
7,run6_initcall.txt,init_rc_map,0.806482,0,0
7,run6_initcall.txt,init_rc_map_digitalnow_tinytwin,0.808621,0,0
7,run6_initcall.txt,init_rc_map_digittrade,0.810951,0,0
7,run6_initcall.txt,init_rc_map_dm1105_nec,0.813288,0,0
7,run6_initcall.txt,init_rc_map_dntv_live_dvb_t,0.815414,0,0
7,run6_initcall.txt,init_rc_map_dntv_live_dvbt_pro,0.817561,0,0
7,run6_initcall.txt,init_rc_map_dreambox,0.819699,0,0
7,run6_initcall.txt,init_rc_map_dtt200u,0.821797,0,0
7,run6_initcall.txt,init_rc_map_rc5_dvbsky,0.823955,0,0
7,run6_initcall.txt,init_rc_map_dvico_mce,0.826097,0,0
7,run6_initcall.txt,init_rc_map_dvico_portable,0.828228,0,0
7,run6_initcall.txt,init_rc_map_em_terratec,0.830535,0,0
7,run6_initcall.txt,init_rc_map_encore_enltv2,0.832648,0,0
7,run6_initcall.txt,init_rc_map_encore_enltv_fm53,0.834789,0,0
7,run6_initcall.txt,init_rc_map_encore_enltv,0.836915,0,0
7,run6_initcall.txt,init_rc_map_evga_indtube,0.83901,0,0
7,run6_initcall.txt,init_rc_map_eztv,0.841117,0,0
7,run6_initcall.txt,init_rc_map_flydvb,0.843207,0,0
7,run6_initcall.txt,init_rc_map_flyvideo,0.845296,0,0
7,run6_initcall.txt,init_rc_map_fusionhdtv_mce,0.847388,0,0
7,run6_initcall.txt,init_rc_map_gadmei_rm008z,0.849462,0,0
7,run6_initcall.txt,init_rc_map_geekbox,0.851537,0,0
7,run6_initcall.txt,init_rc_map_genius_tvgo_a11mce,0.8536,0,0
7,run6_initcall.txt,init_rc_map_gotview7135,0.855639,0,0
7,run6_initcall.txt,init_rc_map_rc5_hauppauge_new,0.857728,0,0
7,run6_initcall.txt,init_rc_map_hisi_poplar,0.85982,0,0
7,run6_initcall.txt,init_rc_map_hisi_tv_demo,0.86192,0,0
7,run6_initcall.txt,init_rc_map_imon_mce,0.864013,0,0
7,run6_initcall.txt,init_rc_map_imon_pad,0.866112,0,0
7,run6_initcall.txt,init_rc_map_imon_rsc,0.868197,0,0
7,run6_initcall.txt,init_rc_map_iodata_bctv7e,0.870245,0,0
7,run6_initcall.txt,init_rc_it913x_v1_map,0.872274,0,0
7,run6_initcall.txt,init_rc_it913x_v2_map,0.874334,0,0
7,run6_initcall.txt,init_rc_map_kaiomy,0.876382,0,0
7,run6_initcall.txt,init_rc_map_khadas,0.878529,0,0
7,run6_initcall.txt,init_rc_map_khamsin,0.880567,0,0
7,run6_initcall.txt,init_rc_map_kworld_315u,0.882604,0,0
7,run6_initcall.txt,init_rc_map_kworld_pc150u,0.884632,0,0
7,run6_initcall.txt,init_rc_map_kworld_plus_tv_analog,0.886671,0,0
7,run6_initcall.txt,init_rc_map_leadtek_y04g0051,0.888679,0,0
7,run6_initcall.txt,init_rc_lme2510_map,0.890733,0,0
7,run6_initcall.txt,init_rc_map_manli,0.892786,0,0
7,run6_initcall.txt,init_rc_map_mecool_kiii_pro,0.894863,0,0
7,run6_initcall.txt,init_rc_map_mecool_kii_pro,0.896932,0,0
7,run6_initcall.txt,init_rc_map_medion_x10_digitainer,0.899039,0,0
7,run6_initcall.txt,init_rc_map_medion_x10,0.901116,0,0
7,run6_initcall.txt,init_rc_map_medion_x10_or2x,0.903188,0,0
7,run6_initcall.txt,init_rc_map_minix_neo,0.905221,0,0
7,run6_initcall.txt,init_rc_map_msi_digivox_iii,0.907293,0,0
7,run6_initcall.txt,init_rc_map_msi_digivox_ii,0.909387,0,0
7,run6_initcall.txt,init_rc_map_msi_tvanywhere,0.911471,0,0
7,run6_initcall.txt,init_rc_map_msi_tvanywhere_plus,0.913549,0,0
7,run6_initcall.txt,init_rc_map_mygica_utv3,0.915618,0,0
7,run6_initcall.txt,init_rc_map_nebula,0.917704,0,0
7,run6_initcall.txt,init_rc_map_nec_terratec_cinergy_xs,0.919773,0,0
7,run6_initcall.txt,init_rc_map_norwood,0.921815,0,0
7,run6_initcall.txt,init_rc_map_npgtech,0.923889,0,0
7,run6_initcall.txt,init_rc_map_odroid,0.925952,0,0
7,run6_initcall.txt,init_rc_map_pctv_sedna,0.927995,0,0
7,run6_initcall.txt,init_rc_map_pine64,0.930059,0,0
7,run6_initcall.txt,init_rc_map_pinnacle_color,0.932134,0,0
7,run6_initcall.txt,init_rc_map_pinnacle_grey,0.935398,0,0
7,run6_initcall.txt,init_rc_map_pinnacle_pctv_hd,0.937564,0,0
7,run6_initcall.txt,init_rc_map_pixelview,0.939666,0,0
7,run6_initcall.txt,init_rc_map_pixelview,0.941779,0,0
7,run6_initcall.txt,init_rc_map_pixelview_new,0.943897,0,0
7,run6_initcall.txt,init_rc_map_pixelview,0.946016,0,0
7,run6_initcall.txt,init_rc_map_powercolor_real_angel,0.94817,0,0
7,run6_initcall.txt,init_rc_map_proteus_2309,0.950297,0,0
7,run6_initcall.txt,init_rc_map_purpletv,0.95242,0,0
7,run6_initcall.txt,init_rc_map_pv951,0.954507,0,0
7,run6_initcall.txt,init_rc_map_rc6_mce,0.956623,0,0
7,run6_initcall.txt,init_rc_map_real_audio_220_32_keys,0.958747,0,0
7,run6_initcall.txt,init_rc_map_reddo,0.960869,0,0
7,run6_initcall.txt,init_rc_map_siemens_gigaset_rc20,0.963008,0,0
7,run6_initcall.txt,init_rc_map_snapstream_firefly,0.965143,0,0
7,run6_initcall.txt,init_rc_map_streamzap,0.967293,0,0
7,run6_initcall.txt,init_rc_map_su3000,0.969456,0,0
7,run6_initcall.txt,init_rc_map_tanix_tx3mini,0.971575,0,0
7,run6_initcall.txt,init_rc_map_tanix_tx5max,0.973721,0,0
7,run6_initcall.txt,init_rc_map_tbs_nec,0.975882,0,0
7,run6_initcall.txt,init_rc_map,0.978069,0,0
7,run6_initcall.txt,init_rc_map,0.980244,0,0
7,run6_initcall.txt,init_rc_map_terratec_cinergy_c_pci,0.982424,0,0
7,run6_initcall.txt,init_rc_map_terratec_cinergy_s2_hd,0.984602,0,0
7,run6_initcall.txt,init_rc_map_terratec_cinergy_xs,0.986775,0,0
7,run6_initcall.txt,init_rc_map_terratec_slim_2,0.988909,0,0
7,run6_initcall.txt,init_rc_map_terratec_slim,0.99108,0,0
7,run6_initcall.txt,init_rc_map_tevii_nec,0.993269,0,0
7,run6_initcall.txt,init_rc_map_tivo,0.995453,0,0
7,run6_initcall.txt,init_rc_map_total_media_in_hand_02,0.997663,0,0
7,run6_initcall.txt,init_rc_map_total_media_in_hand,0.999867,0,0
7,run6_initcall.txt,init_rc_map_trekstor,1.002048,0,0
7,run6_initcall.txt,init_rc_map_tt_1500,1.004175,0,0
7,run6_initcall.txt,init_rc_map_twinhan_vp1027,1.006443,0,0
7,run6_initcall.txt,init_rc_map_twinhan_dtv_cab_ci,1.008623,0,0
7,run6_initcall.txt,init_rc_map_vega_s9x,1.010807,0,0
7,run6_initcall.txt,init_rc_map_videomate_k100,1.01297,0,0
7,run6_initcall.txt,init_rc_map_videomate_s350,1.015132,0,0
7,run6_initcall.txt,init_rc_map_videomate_tv_pvr,1.017296,0,0
7,run6_initcall.txt,init_rc_map_kii_pro,1.01944,0,0
7,run6_initcall.txt,init_rc_map_wetek_hub,1.021559,0,0
7,run6_initcall.txt,init_rc_map_wetek_play2,1.023713,0,0
7,run6_initcall.txt,init_rc_map_winfast,1.025866,0,0
7,run6_initcall.txt,init_rc_map_winfast_usbii_deluxe,1.028015,0,0
7,run6_initcall.txt,init_rc_map_x96max,1.030178,0,0
7,run6_initcall.txt,init_rc_map,1.032321,0,0
7,run6_initcall.txt,init_rc_map,1.034616,0,0
7,run6_initcall.txt,init_rc_map_zx_irdec,1.036729,0,0
7,run6_initcall.txt,ptp_kvm_init,1.038821,-95,0
7,run6_initcall.txt,gpio_poweroff_driver_init,1.041016,0,67
7,run6_initcall.txt,bcm2711_thermal_driver_init,1.04449,0,1344
7,run6_initcall.txt,bcm2835_thermal_driver_init,1.046736,0,44
7,run6_initcall.txt,bcm2835_wdt_driver_init,1.048897,0,23
7,run6_initcall.txt,dt_cpufreq_platdrv_init,1.051086,0,22
7,run6_initcall.txt,brcm_avs_cpufreq_platdrv_init,1.053308,0,33
7,run6_initcall.txt,raspberrypi_cpufreq_driver_init,1.058376,0,2921
7,run6_initcall.txt,mmc_pwrseq_simple_driver_init,1.060635,0,51
7,run6_initcall.txt,mmc_pwrseq_emmc_driver_init,1.063056,0,35
7,run6_initcall.txt,mmc_blk_init,1.065391,0,33
7,run6_initcall.txt,sdhci_drv_init,1.069979,0,2352
7,run6_initcall.txt,bcm2835_mmc_driver_init,1.073355,0,1166
7,run6_initcall.txt,bcm2835_driver_init,1.075649,0,32
7,run6_initcall.txt,sdhci_pltfm_drv_init,1.079212,0,1224
7,run6_initcall.txt,sdhci_iproc_driver_init,1.081701,0,59
7,run6_initcall.txt,sdhci_brcmstb_driver_init,1.081764,0,48
7,run6_initcall.txt,esrt_sysfs_init,1.081776,-38,0
7,run6_initcall.txt,smccc_devices_init,1.081784,0,0
7,run6_initcall.txt,smccc_soc_init,1.081793,0,1
7,run6_initcall.txt,arch_timer_mmio_drv_init,1.081859,0,57
7,run6_initcall.txt,arch_timer_mmio_acpi_drv_init,1.081887,0,19
7,run6_initcall.txt,hid_init,1.081961,0,64
7,run6_initcall.txt,hid_generic_init,1.082005,0,31
7,run6_initcall.txt,hid_init,1.082055,0,41
7,run6_initcall.txt,bcm74110_mbox_driver_init,1.082101,0,34
7,run6_initcall.txt,extcon_class_init,1.082118,0,6
7,run6_initcall.txt,armv8_pmu_driver_init,1.088702,0,6575
7,run6_initcall.txt,binder_init,1.122882,0,74
7,run6_initcall.txt,rpi_otp_driver_init,1.131179,0,4776
7,run6_initcall.txt,sock_diag_init,1.133466,0,45
7,run6_initcall.txt,blackhole_init,1.135692,0,1
7,run6_initcall.txt,cls_bpf_init_mod,1.140037,0,0
7,run6_initcall.txt,gre_offload_init,1.142227,0,0
7,run6_initcall.txt,sysctl_ipv4_init,1.144459,0,73
7,run6_initcall.txt,cubictcp_register,1.146614,0,2
7,run6_initcall.txt,packet_init,1.149845,0,1081
7,run6_initcall.txt,init_rpcsec_gss,1.152029,0,15
7,run6_initcall.txt,init_kerberos_module,1.154182,0,4
7,run6_initcall.txt,dcbnl_init,1.156341,0,2
7,run6_initcall.txt,init_dns_resolver,1.159562,0,1069
7,run6_initcall.txt,handshake_init,1.161795,0,33
7,run6_initcall.txt,check_mmu_enabled_at_boot,1.163987,0,0
7,run6_initcall.txt,finalize_pkvm,1.166186,0,0
7,run6_initcall.txt,kernel_do_mounts_initrd_sysctls_init,1.169576,0,9
7,run6_initcall.txt,kernel_panic_sysctls_init,1.171761,0,11
7,run6_initcall.txt,kernel_panic_sysfs_init,1.173993,0,4
7,run6_initcall.txt,kernel_exit_sysctls_init,1.176233,0,2
7,run6_initcall.txt,kernel_exit_sysfs_init,1.178495,0,2
7,run6_initcall.txt,param_sysfs_builtin_init,1.189993,0,9247
7,run6_initcall.txt,reboot_ksysfs_init,1.192344,0,26
7,run6_initcall.txt,sched_core_sysctl_init,1.194656,0,4
7,run6_initcall.txt,sched_fair_sysctl_init,1.196858,0,1
7,run6_initcall.txt,sched_rt_sysctl_init,1.199044,0,3
7,run6_initcall.txt,sched_dl_sysctl_init,1.20196,0,7
7,run6_initcall.txt,sched_init_debug,1.204174,0,88
7,run6_initcall.txt,cpu_latency_qos_init,1.206528,0,159
7,run6_initcall.txt,printk_late_init,1.208732,0,18
7,run6_initcall.txt,init_srcu_module_notifier,1.210945,0,1
7,run6_initcall.txt,kernel_rcu_stall_sysfs_init,1.213185,0,4
7,run6_initcall.txt,swiotlb_create_default_debugfs,1.215429,0,10
7,run6_initcall.txt,tk_debug_sleep_time_init,1.217779,0,3
7,run6_initcall.txt,bpf_ksym_iter_register,1.220049,0,1
7,run6_initcall.txt,kernel_acct_sysctls_init,1.222298,0,4
7,run6_initcall.txt,bpf_rstat_kfunc_init,1.224579,0,0
7,run6_initcall.txt,debugfs_kprobe_init,1.226869,0,7
7,run6_initcall.txt,kernel_delayacct_sysctls_init,1.229143,0,4
7,run6_initcall.txt,taskstats_init,1.232546,0,1140
7,run6_initcall.txt,bpf_global_ma_init,1.234981,0,165
7,run6_initcall.txt,bpf_syscall_sysctl_init,1.237316,0,5
7,run6_initcall.txt,unbound_reg_init,1.239662,0,0
7,run6_initcall.txt,kfunc_init,1.241945,0,0
7,run6_initcall.txt,bpf_map_iter_init,1.244325,0,0
7,run6_initcall.txt,init_subsystem,1.246578,0,0
7,run6_initcall.txt,task_iter_init,1.248802,0,0
7,run6_initcall.txt,bpf_prog_iter_init,1.251057,0,1
7,run6_initcall.txt,bpf_link_iter_init,1.253285,0,0
7,run6_initcall.txt,init_trampolines,1.255441,0,2
7,run6_initcall.txt,rqspinlock_register_kfuncs,1.257627,0,0
7,run6_initcall.txt,kfunc_init,1.259793,0,0
7,run6_initcall.txt,bpf_cgroup_iter_init,1.26194,0,0
7,run6_initcall.txt,cpumask_kfunc_init,1.264096,0,12
7,run6_initcall.txt,crypto_kfunc_init,1.266271,0,0
7,run6_initcall.txt,bpf_kmem_cache_iter_init,1.268451,0,0
7,run6_initcall.txt,dmabuf_iter_init,1.270586,0,0
7,run6_initcall.txt,load_system_certificate_list,1.274071,0,1323
7,run6_initcall.txt,init_lru_gen,1.276303,0,25
7,run6_initcall.txt,vmstat_late_init,1.278527,0,1
7,run6_initcall.txt,fault_around_debugfs,1.280717,0,3
7,run6_initcall.txt,slab_sysfs_init,1.286716,0,3809
7,run6_initcall.txt,max_swapfiles_check,1.288881,0,0
7,run6_initcall.txt,zswap_init,1.291066,0,1
7,run6_initcall.txt,mempolicy_sysfs_init,1.293222,0,19
7,run6_initcall.txt,memory_tier_late_init,1.297589,0,2217
7,run6_initcall.txt,check_early_ioremap_leak,1.299744,0,0
7,run6_initcall.txt,mg_debugfs_init,1.301922,0,17
7,run6_initcall.txt,fscrypt_init,1.306252,0,2216
7,run6_initcall.txt,pstore_init,1.3084,0,11
7,run6_initcall.txt,init_root_keyring,1.31058,0,33
7,run6_initcall.txt,init_profile_hash,1.31272,0,0
7,run6_initcall.txt,integrity_fs_init,1.314922,0,30
7,run6_initcall.txt,crypto_algapi_init,1.31709,0,10
7,run6_initcall.txt,blk_timeout_init,1.319246,0,0
7,run6_initcall.txt,depot_debugfs_init,1.321383,0,5
7,run6_initcall.txt,pci_resource_alignment_sysfs_init,1.323555,0,5
7,run6_initcall.txt,pci_sysfs_init,1.325762,0,12
7,run6_initcall.txt,clk_debug_init,1.328353,0,400
7,run6_initcall.txt,genpd_debug_init,1.330915,0,354
7,run6_initcall.txt,sync_state_resume_initcall,1.333137,0,0
7,run6_initcall.txt,deferred_probe_initcall,1.402401,0,67062
7,run6_initcall.txt,efi_shutdown_init,1.404545,-19,0
7,run6_initcall.txt,efi_earlycon_unmap_fb,1.406628,0,0
7,run6_initcall.txt,psci_debugfs_init,1.408684,0,0
7,run6_initcall.txt,of_cfs_init,1.412786,0,2038
7,run6_initcall.txt,of_fdt_raw_init,1.414822,0,27
7,run6_initcall.txt,bpf_kfunc_init,1.416819,0,2
7,run6_initcall.txt,init_subsystem,1.418824,0,0
7,run6_initcall.txt,xdp_metadata_init,1.420777,0,0
7,run6_initcall.txt,bpf_sockmap_iter_init,1.42278,0,0
7,run6_initcall.txt,bpf_sk_storage_map_iter_init,1.424774,0,0
7,run6_initcall.txt,bpf_prog_test_run_init,1.426774,0,0
7,run6_initcall.txt,bpf_dummy_struct_ops_init,1.428761,0,0
7,run6_initcall.txt,tcp_congestion_default,1.430755,0,1
7,run6_initcall.txt,inet_blackhole_dev_init,1.432741,0,8
7,run6_initcall.txt,ip_auto_config,1.434734,0,9
7,run6_initcall.txt,tcp_bpf_v4_build_proto,1.436704,0,1
7,run6_initcall.txt,udp_bpf_v4_build_proto,1.438606,0,1
7,run6_initcall.txt,bpf_tcp_ca_kfunc_init,1.440537,0,0
7,run6_initcall.txt,bpf_mptcp_kfunc_init,1.442466,0,0
7,run6_initcall.txt,fb_logo_late_init,1.444391,0,0
7,run6_initcall.txt,amba_stub_drv_init,1.447325,0,27
7,run6_initcall.txt,clk_disable_unused,1.451297,0,1032
7,run6_initcall.txt,genpd_power_off_unused,1.454418,0,1032
7,run6_initcall.txt,regulator_init_complete,1.456567,0,1
7,run6_initcall.txt,of_platform_sync_state_init,1.458763,0,16
8,run7_initcall.txt,cpufreq_gov_performance_init,0.01394,0,0
8,run7_initcall.txt,cpufreq_gov_powersave_init,0.01396,0,0
8,run7_initcall.txt,cpufreq_gov_userspace_init,0.013977,0,0
8,run7_initcall.txt,CPU_FREQ_GOV_ONDEMAND_init,0.013995,0,0
8,run7_initcall.txt,CPU_FREQ_GOV_CONSERVATIVE_init,0.014012,0,0
8,run7_initcall.txt,cpufreq_dt_platdev_init,0.014052,-19,0
8,run7_initcall.txt,cpuidle_init,0.014076,0,0
8,run7_initcall.txt,rpi_firmware_init,0.014103,0,0
8,run7_initcall.txt,arm_dmi_init,0.014125,0,0
8,run7_initcall.txt,arch_timer_evtstrm_register,0.01424,0,0
8,run7_initcall.txt,sock_init,0.016299,0,4000
8,run7_initcall.txt,net_inuse_init,0.016327,0,0
8,run7_initcall.txt,sock_struct_check,0.016342,0,0
8,run7_initcall.txt,init_default_flow_dissectors,0.016359,0,0
8,run7_initcall.txt,netlink_proto_init,0.01646,0,0
8,run7_initcall.txt,genl_init,0.016488,0,0
8,run7_initcall.txt,debug_monitors_init,0.016626,0,0
8,run7_initcall.txt,init_overflow_sysctl,0.01665,0,0
8,run7_initcall.txt,irq_sysfs_init,0.016774,0,0
8,run7_initcall.txt,dma_atomic_pool_init,0.017385,0,0
8,run7_initcall.txt,audit_init,0.017516,0,0
8,run7_initcall.txt,bdi_class_init,0.017548,0,0
8,run7_initcall.txt,mm_sysfs_init,0.017565,0,0
8,run7_initcall.txt,init_per_zone_wmark_min,0.017589,0,0
8,run7_initcall.txt,ramoops_init,0.017621,0,0
8,run7_initcall.txt,gpiolib_sysfs_init,0.017644,0,0
8,run7_initcall.txt,pcibus_class_init,0.017666,0,0
8,run7_initcall.txt,pci_driver_init,0.017702,0,0
8,run7_initcall.txt,amba_init,0.017728,0,0
8,run7_initcall.txt,__bcm2835_clk_driver_init,0.017751,0,0
8,run7_initcall.txt,tty_class_init,0.017771,0,0
8,run7_initcall.txt,vtconsole_class_init,0.017817,0,0
8,run7_initcall.txt,serdev_init,0.017843,0,0
8,run7_initcall.txt,iommu_dev_init,0.017865,0,0
8,run7_initcall.txt,mipi_dsi_bus_init,0.017891,0,0
8,run7_initcall.txt,devlink_class_init,0.017913,0,0
8,run7_initcall.txt,software_node_init,0.017932,0,0
8,run7_initcall.txt,regmap_initcall,0.017952,0,0
8,run7_initcall.txt,sram_init,0.017976,0,0
8,run7_initcall.txt,spi_init,0.018013,0,0
8,run7_initcall.txt,i2c_init,0.018055,0,0
8,run7_initcall.txt,thermal_init,0.018088,0,0
8,run7_initcall.txt,init_menu,0.018131,0,0
8,run7_initcall.txt,efipostcore_init,0.018148,0,0
8,run7_initcall.txt,kobject_uevent_init,0.018169,0,0
8,run7_initcall.txt,init_uevent_helper_sysctl,0.018187,0,0
8,run7_initcall.txt,reserve_memblock_reserved_regions,0.018286,0,0
8,run7_initcall.txt,aarch32_alloc_vdso_pages,0.018306,0,0
8,run7_initcall.txt,vdso_init,0.018322,0,0
8,run7_initcall.txt,arm64_create_dummy_rsi_dev,0.018338,0,0
8,run7_initcall.txt,arch_hw_breakpoint_init,0.018401,0,0
8,run7_initcall.txt,adjust_protection_map,0.01842,0,0
8,run7_initcall.txt,asids_update_limit,0.018444,0,0
8,run7_initcall.txt,kcmp_cookies_init,0.018462,0,0
8,run7_initcall.txt,dma_channel_table_init,0.018486,0,0
8,run7_initcall.txt,dma_bus_init,0.018536,0,0
8,run7_initcall.txt,brcmstb_soc_device_init,0.01884,0,0
8,run7_initcall.txt,serial_base_init,0.018885,0,0
8,run7_initcall.txt,pl011_init,0.018927,0,0
8,run7_initcall.txt,iommu_dma_init,0.018955,0,0
8,run7_initcall.txt,dmi_id_init,0.018975,-19,0
8,run7_initcall.txt,bcm2835_mbox_init,0.018999,0,0
8,run7_initcall.txt,of_platform_default_populate_init,0.035782,0,16000
8,run7_initcall.txt,register_mte_tcf_preferred_sysctl,0.035885,0,0
8,run7_initcall.txt,init_fork_sysctl,0.035915,0,0
8,run7_initcall.txt,uid_cache_init,0.035961,0,0
8,run7_initcall.txt,pid_namespace_sysctl_init,0.035993,0,0
8,run7_initcall.txt,param_sysfs_init,0.036012,0,0
8,run7_initcall.txt,user_namespace_sysctl_init,0.036043,0,0
8,run7_initcall.txt,proc_schedstat_init,0.036071,0,0
8,run7_initcall.txt,init_rtmutex_sysctl,0.036088,0,0
8,run7_initcall.txt,pm_sysrq_init,0.03614,0,0
8,run7_initcall.txt,init_rcu_stall_sysctl,0.036159,0,0
8,run7_initcall.txt,init_module_sysctl,0.036176,0,0
8,run7_initcall.txt,create_proc_profile,0.036193,0,0
8,run7_initcall.txt,cgroup_sysfs_init,0.036212,0,0
8,run7_initcall.txt,user_namespaces_init,0.036237,0,0
8,run7_initcall.txt,hung_task_init,0.036341,0,0
8,run7_initcall.txt,dev_map_init,0.03636,0,0
8,run7_initcall.txt,netns_bpf_init,0.036374,0,0
8,run7_initcall.txt,oom_init,0.036434,0,0
8,run7_initcall.txt,init_user_buckets,0.036448,0,0
8,run7_initcall.txt,init_vm_util_sysctls,0.036468,0,0
8,run7_initcall.txt,default_bdi_init,0.036572,0,0
8,run7_initcall.txt,cgwb_init,0.036598,0,0
8,run7_initcall.txt,percpu_enable_async,0.036612,0,0
8,run7_initcall.txt,kcompactd_init,0.036719,0,0
8,run7_initcall.txt,init_mm_sysctl,0.036737,0,0
8,run7_initcall.txt,init_user_reserve,0.036754,0,0
8,run7_initcall.txt,init_admin_reserve,0.036768,0,0
8,run7_initcall.txt,init_reserve_notifier,0.036782,0,0
8,run7_initcall.txt,swap_init,0.036805,0,0
8,run7_initcall.txt,swapfile_init,0.036827,0,0
8,run7_initcall.txt,memory_tier_init,0.036868,0,0
8,run7_initcall.txt,numa_init_sysfs,0.036888,0,0
8,run7_initcall.txt,mem_cgroup_swap_init,0.036905,0,0
8,run7_initcall.txt,init_msg_buckets,0.036921,0,0
8,run7_initcall.txt,init_bio,0.036966,0,0
8,run7_initcall.txt,blk_ioc_init,0.036985,0,0
8,run7_initcall.txt,blk_mq_init,0.037003,0,0
8,run7_initcall.txt,genhd_device_init,0.037119,0,0
8,run7_initcall.txt,blkcg_punt_bio_init,0.037215,0,0
8,run7_initcall.txt,blk_integrity_auto_init,0.037288,0,0
8,run7_initcall.txt,io_wq_init,0.037309,0,0
8,run7_initcall.txt,crc_t10dif_mod_init,0.037334,0,0
8,run7_initcall.txt,sha256_mod_init,0.037354,0,0
8,run7_initcall.txt,sha512_mod_init,0.03737,0,0
8,run7_initcall.txt,sg_pool_init,0.037402,0,0
8,run7_initcall.txt,gpiolib_debugfs_init,0.037423,0,0
8,run7_initcall.txt,stmpe_gpio_init,0.037493,0,0
8,run7_initcall.txt,pwm_init,0.037515,0,0
8,run7_initcall.txt,leds_init,0.037542,0,0
8,run7_initcall.txt,pci_slot_init,0.037561,0,0
8,run7_initcall.txt,fbmem_init,0.037626,0,0
8,run7_initcall.txt,bcm2835_dma_init,0.038292,0,0
8,run7_initcall.txt,regulator_fixed_voltage_init,0.03836,0,0
8,run7_initcall.txt,gpio_regulator_init,0.038407,0,0
8,run7_initcall.txt,init_sysrq_sysctl,0.038435,0,0
8,run7_initcall.txt,misc_init,0.038462,0,0
8,run7_initcall.txt,iommu_subsys_init,0.038493,0,0
8,run7_initcall.txt,register_cpu_capacity_sysctl,0.038828,0,0
8,run7_initcall.txt,dma_buf_init,0.038909,0,0
8,run7_initcall.txt,dma_heap_init,0.038939,0,0
8,run7_initcall.txt,init_scsi,0.039034,0,0
8,run7_initcall.txt,mdio_bus_init,0.039061,0,0
8,run7_initcall.txt,phy_init,0.039099,0,0
8,run7_initcall.txt,usb_common_init,0.039116,0,0
8,run7_initcall.txt,usb_init,0.03922,0,0
8,run7_initcall.txt,usb_phy_generic_init,0.039355,0,0
8,run7_initcall.txt,usb_udc_init,0.03939,0,0
8,run7_initcall.txt,usb_roles_init,0.039409,0,0
8,run7_initcall.txt,input_init,0.039435,0,0
8,run7_initcall.txt,rtc_init,0.039454,0,0
8,run7_initcall.txt,rc_core_init,0.039482,0,0
8,run7_initcall.txt,pps_init,0.039515,0,0
8,run7_initcall.txt,ptp_init,0.03954,0,0
8,run7_initcall.txt,power_supply_class_init,0.039569,0,0
8,run7_initcall.txt,hwmon_init,0.039591,0,0
8,run7_initcall.txt,mmc_init,0.03963,0,0
8,run7_initcall.txt,dmi_init,0.039648,0,0
8,run7_initcall.txt,efisubsys_init,0.039663,0,0
8,run7_initcall.txt,arm_pmu_hp_init,0.03968,0,0
8,run7_initcall.txt,ras_init,0.0397,0,0
8,run7_initcall.txt,nvmem_init,0.039736,0,0
8,run7_initcall.txt,init_soundcore,0.039756,0,0
8,run7_initcall.txt,proto_init,0.039775,0,0
8,run7_initcall.txt,net_dev_init,0.039986,0,0
8,run7_initcall.txt,neigh_init,0.040006,0,0
8,run7_initcall.txt,fib_notifier_init,0.040022,0,0
8,run7_initcall.txt,netdev_genl_init,0.04006,0,0
8,run7_initcall.txt,page_pool_user_init,0.040076,0,0
8,run7_initcall.txt,fib_rules_init,0.040095,0,0
8,run7_initcall.txt,init_cgroup_netprio,0.040111,0,0
8,run7_initcall.txt,bpf_lwt_init,0.040126,0,0
8,run7_initcall.txt,pktsched_init,0.040146,0,0
8,run7_initcall.txt,tc_filter_init,0.040176,0,0
8,run7_initcall.txt,tc_action_init,0.040193,0,0
8,run7_initcall.txt,ethnl_init,0.040267,0,0
8,run7_initcall.txt,nexthop_init,0.040288,0,0
8,run7_initcall.txt,devlink_init,0.040367,0,0
8,run7_initcall.txt,wireless_nlevent_init,0.040387,0,0
8,run7_initcall.txt,vsprintf_init_hashval,0.040404,0,0
8,run7_initcall.txt,init_32bit_el0_mask,0.040419,0,0
8,run7_initcall.txt,vga_arb_device_init,0.040549,0,0
8,run7_initcall.txt,watchdog_init,0.040656,0,0
8,run7_initcall.txt,create_debug_debugfs_entry,0.040755,0,0
8,run7_initcall.txt,iomem_init_inode,0.040795,0,0
8,run7_initcall.txt,clocksource_done_booting,0.040838,0,12
8,run7_initcall.txt,bpf_init,0.040861,0,5
8,run7_initcall.txt,secretmem_init,0.04089,0,10
8,run7_initcall.txt,init_fs_stat_sysctls,0.040918,0,9
8,run7_initcall.txt,init_fs_exec_sysctls,0.040937,0,1
8,run7_initcall.txt,init_pipe_fs,0.040968,0,14
8,run7_initcall.txt,init_fs_namei_sysctls,0.040992,0,4
8,run7_initcall.txt,init_fs_dcache_sysctls,0.041017,0,6
8,run7_initcall.txt,init_fs_namespace_sysctls,0.041034,0,1
8,run7_initcall.txt,cgroup_writeback_init,0.041052,0,4
8,run7_initcall.txt,inotify_user_setup,0.041079,0,13
8,run7_initcall.txt,eventpoll_init,0.04111,0,17
8,run7_initcall.txt,anon_inode_init,0.041135,0,10
8,run7_initcall.txt,proc_locks_init,0.041152,0,3
8,run7_initcall.txt,backing_aio_init,0.041168,0,2
8,run7_initcall.txt,init_fs_coredump_sysctls,0.041189,0,6
8,run7_initcall.txt,init_vm_drop_caches_sysctls,0.041206,0,2
8,run7_initcall.txt,iomap_dio_init,0.041241,0,20
8,run7_initcall.txt,iomap_ioend_init,0.041277,0,21
8,run7_initcall.txt,dquot_init,0.041375,0,83
8,run7_initcall.txt,proc_cmdline_init,0.041393,0,1
8,run7_initcall.txt,proc_consoles_init,0.041408,0,1
8,run7_initcall.txt,proc_cpuinfo_init,0.041425,0,1
8,run7_initcall.txt,proc_devices_init,0.041439,0,0
8,run7_initcall.txt,proc_interrupts_init,0.041454,0,1
8,run7_initcall.txt,proc_loadavg_init,0.041469,0,0
8,run7_initcall.txt,proc_meminfo_init,0.041484,0,0
8,run7_initcall.txt,proc_stat_init,0.041499,0,1
8,run7_initcall.txt,proc_uptime_init,0.041514,0,1
8,run7_initcall.txt,proc_version_init,0.041529,0,1
8,run7_initcall.txt,proc_softirqs_init,0.041546,0,2
8,run7_initcall.txt,proc_kmsg_init,0.041562,0,1
8,run7_initcall.txt,proc_page_init,0.041578,0,2
8,run7_initcall.txt,init_ramfs_fs,0.041594,0,2
8,run7_initcall.txt,aa_create_aafs,0.04161,0,0
8,run7_initcall.txt,chr_dev_init,0.044518,0,2889
8,run7_initcall.txt,hwrng_modinit,0.044605,0,47
8,run7_initcall.txt,firmware_class_init,0.044625,0,1
8,run7_initcall.txt,sysctl_core_init,0.044674,0,31
8,run7_initcall.txt,eth_offload_init,0.044691,0,0
8,run7_initcall.txt,ipv4_offload_init,0.044708,0,1
8,run7_initcall.txt,inet_init,0.048485,0,3760
8,run7_initcall.txt,af_unix_init,0.048545,0,19
8,run7_initcall.txt,ipv6_offload_init,0.048565,0,2
8,run7_initcall.txt,init_sunrpc,0.048924,0,341
8,run7_initcall.txt,vlan_offload_init,0.048943,0,0
8,run7_initcall.txt,pci_apply_final_quirks,0.048971,0,10
8,run7_initcall.txt,populate_rootfs,0.048994,0,6
8,run7_initcall.txt,register_arm64_panic_block,0.049097,0,1
8,run7_initcall.txt,cpuinfo_regs_init,0.049189,0,77
8,run7_initcall.txt,aarch32_el0_sysfs_init,0.049206,0,0
8,run7_initcall.txt,kvm_arm_init,0.052594,0,3369
8,run7_initcall.txt,proc_execdomains_init,0.052637,0,3
8,run7_initcall.txt,register_warn_debugfs,0.052659,0,3
8,run7_initcall.txt,cpuhp_sysfs_init,0.052705,0,28
8,run7_initcall.txt,ioresources_init,0.052724,0,2
8,run7_initcall.txt,psi_proc_init,0.052746,0,0
8,run7_initcall.txt,irq_gc_init_ops,0.052761,0,0
8,run7_initcall.txt,irq_debugfs_init,0.052877,0,102
8,run7_initcall.txt,proc_modules_init,0.052897,0,1
8,run7_initcall.txt,timer_sysctl_init,0.052921,0,7
8,run7_initcall.txt,timekeeping_init_ops,0.052937,0,0
8,run7_initcall.txt,init_clocksource_sysfs,0.053008,0,55
8,run7_initcall.txt,init_timer_list_procfs,0.05303,0,3
8,run7_initcall.txt,alarmtimer_init,0.053093,0,44
8,run7_initcall.txt,clockevents_init_sysfs,0.053219,0,108
8,run7_initcall.txt,sched_clock_syscore_init,0.053238,0,0
8,run7_initcall.txt,kallsyms_init,0.053256,0,1
8,run7_initcall.txt,pid_namespaces_init,0.053295,0,22
8,run7_initcall.txt,audit_watch_init,0.053314,0,0
8,run7_initcall.txt,audit_fsnotify_init,0.05333,0,0
8,run7_initcall.txt,audit_tree_init,0.053349,0,2
8,run7_initcall.txt,seccomp_sysctl_init,0.053371,0,3
8,run7_initcall.txt,utsname_sysctl_init,0.053395,0,6
8,run7_initcall.txt,init_lstats_procfs,0.053415,0,3
8,run7_initcall.txt,perf_event_sysfs_init,0.053481,0,49
8,run7_initcall.txt,system_trusted_keyring_init,0.053508,0,11
8,run7_initcall.txt,kswapd_init,0.053694,0,171
8,run7_initcall.txt,extfrag_debug_init,0.053719,0,7
8,run7_initcall.txt,mm_compute_batch_init,0.053734,0,0
8,run7_initcall.txt,slab_proc_init,0.053751,0,2
8,run7_initcall.txt,workingset_init,0.053773,0,8
8,run7_initcall.txt,proc_vmalloc_init,0.05379,0,1
8,run7_initcall.txt,memblock_init_debugfs,0.05381,0,5
8,run7_initcall.txt,slab_debugfs_init,0.053832,0,4
8,run7_initcall.txt,procswaps_init,0.053849,0,1
8,run7_initcall.txt,zs_init,0.053865,0,0
8,run7_initcall.txt,fcntl_init,0.053884,0,2
8,run7_initcall.txt,proc_filesystems_init,0.053903,0,1
8,run7_initcall.txt,start_dirtytime_writeback,0.053923,0,5
8,run7_initcall.txt,dio_init,0.053938,0,1
8,run7_initcall.txt,dnotify_init,0.053964,0,13
8,run7_initcall.txt,fanotify_user_setup,0.053989,0,9
8,run7_initcall.txt,aio_setup,0.054039,0,36
8,run7_initcall.txt,mbcache_init,0.05406,0,5
8,run7_initcall.txt,init_grace,0.054076,0,2
8,run7_initcall.txt,init_devpts_fs,0.054097,0,7
8,run7_initcall.txt,ext4_init_fs,0.054188,0,76
8,run7_initcall.txt,journal_init,0.05422,0,16
8,run7_initcall.txt,init_fat_fs,0.054241,0,6
8,run7_initcall.txt,init_vfat_fs,0.054256,0,0
8,run7_initcall.txt,init_msdos_fs,0.05427,0,0
8,run7_initcall.txt,init_nfs_fs,0.054418,0,132
8,run7_initcall.txt,init_nfs_v2,0.054438,0,0
8,run7_initcall.txt,init_nfs_v3,0.054452,0,0
8,run7_initcall.txt,init_nfs_v4,0.054493,0,27
8,run7_initcall.txt,nfs4filelayout_init,0.054515,0,5
8,run7_initcall.txt,nfs4flexfilelayout_init,0.054536,0,6
8,run7_initcall.txt,init_nlm,0.054577,0,26
8,run7_initcall.txt,init_nls_cp437,0.054595,0,0
8,run7_initcall.txt,init_nls_ascii,0.05461,0,0
8,run7_initcall.txt,init_autofs_fs,0.054707,0,83
8,run7_initcall.txt,init_f2fs_fs,0.054848,0,123
8,run7_initcall.txt,ipc_init,0.054879,0,13
8,run7_initcall.txt,ipc_sysctl_init,0.054913,0,17
8,run7_initcall.txt,init_mqueue_fs,0.054962,0,33
8,run7_initcall.txt,key_proc_init,0.054983,0,2
8,run7_initcall.txt,bpf_crypto_skcipher_init,0.055001,0,0
8,run7_initcall.txt,dh_init,0.05502,0,2
8,run7_initcall.txt,rsa_init,0.055037,0,1
8,run7_initcall.txt,cryptomgr_init,0.055053,0,0
8,run7_initcall.txt,hmac_module_init,0.05507,0,0
8,run7_initcall.txt,crypto_sha256_mod_init,0.05509,0,4
8,run7_initcall.txt,crypto_ecb_module_init,0.055107,0,0
8,run7_initcall.txt,crypto_cbc_module_init,0.055123,0,0
8,run7_initcall.txt,crypto_cts_module_init,0.05514,0,0
8,run7_initcall.txt,xts_module_init,0.055157,0,0
8,run7_initcall.txt,des_generic_mod_init,0.055174,0,1
8,run7_initcall.txt,aes_init,0.055191,0,0
8,run7_initcall.txt,lzo_mod_init,0.055208,0,1
8,run7_initcall.txt,lzorle_mod_init,0.055225,0,0
8,run7_initcall.txt,asymmetric_key_init,0.055246,0,5
8,run7_initcall.txt,x509_key_init,0.055268,0,5
8,run7_initcall.txt,crypto_kdf108_init,0.055285,0,0
8,run7_initcall.txt,blkdev_init,0.055317,0,16
8,run7_initcall.txt,proc_genhd_init,0.055337,0,2
8,run7_initcall.txt,bsg_init,0.055368,0,14
8,run7_initcall.txt,throtl_init,0.055449,0,63
8,run7_initcall.txt,deadline_init,0.055474,0,6
8,run7_initcall.txt,kyber_init,0.055495,0,4
8,run7_initcall.txt,bfq_init,0.055532,0,19
8,run7_initcall.txt,io_uring_init,0.055574,0,25
8,run7_initcall.txt,percpu_counter_startup,0.055632,0,39
8,run7_initcall.txt,audit_classes_init,0.055653,0,2
8,run7_initcall.txt,gicv5_iwb_platform_driver_init,0.055728,0,59
8,run7_initcall.txt,mip_msi_driver_init,0.05577,0,26
8,run7_initcall.txt,bcm7038_l1_driver_init,0.05581,0,26
8,run7_initcall.txt,bcm7120_l2_driver_init,0.055854,0,29
8,run7_initcall.txt,brcmstb_l2_driver_init,0.05591,0,40
8,run7_initcall.txt,simple_pm_bus_driver_init,0.056416,0,491
8,run7_initcall.txt,phy_core_init,0.056446,0,14
8,run7_initcall.txt,brcm_usb_driver_init,0.056509,0,48
8,run7_initcall.txt,rp1_pinctrl_driver_init,0.05655,0,26
8,run7_initcall.txt,bcm2835_pinctrl_driver_init,0.057397,0,832
8,run7_initcall.txt,bcm2712_pinctrl_driver_init,0.05748,0,63
8,run7_initcall.txt,brcmvirt_gpio_driver_init,0.057524,0,28
8,run7_initcall.txt,brcmstb_gpio_driver_init,0.057566,0,26
8,run7_initcall.txt,rpi_exp_gpio_driver_init,0.057929,0,346
8,run7_initcall.txt,brcmstb_pwm_driver_init,0.057974,0,29
8,run7_initcall.txt,rp1_pwm_driver_init,0.058019,0,29
8,run7_initcall.txt,gpio_led_driver_init,0.0597,0,1667
8,run7_initcall.txt,led_pwm_driver_init,0.05975,0,32
8,run7_initcall.txt,timer_led_trigger_init,0.059766,0,1
8,run7_initcall.txt,oneshot_led_trigger_init,0.059782,0,0
8,run7_initcall.txt,heartbeat_trig_init,0.059799,0,1
8,run7_initcall.txt,bl_led_trigger_init,0.059813,0,0
8,run7_initcall.txt,ledtrig_cpu_init,0.059875,0,48
8,run7_initcall.txt,defon_led_trigger_init,0.059919,0,29
8,run7_initcall.txt,input_trig_init,0.059936,0,1
8,run7_initcall.txt,ledtrig_panic_init,0.05995,0,1
8,run7_initcall.txt,actpwr_trig_init,0.060093,0,129
8,run7_initcall.txt,pcie_portdrv_init,0.060161,0,51
8,run7_initcall.txt,pci_proc_init,0.060184,0,8
8,run7_initcall.txt,brcm_pcie_driver_init,0.173676,0,113477
8,run7_initcall.txt,bcm2708_fb_init,0.185982,0,12285
8,run7_initcall.txt,simplefb_driver_init,0.186084,0,45
8,run7_initcall.txt,of_fixed_factor_clk_driver_init,0.186158,0,27
8,run7_initcall.txt,of_fixed_clk_driver_init,0.186232,0,27
8,run7_initcall.txt,gpio_clk_driver_init,0.186312,0,35
8,run7_initcall.txt,gated_fixed_clk_driver_init,0.186385,0,27
8,run7_initcall.txt,rp1_clk_driver_init,0.186457,0,27
8,run7_initcall.txt,rp1_sdio_clk_driver_init,0.186528,0,27
8,run7_initcall.txt,clk_dvp_driver_init,0.186599,0,27
8,run7_initcall.txt,bcm2835_aux_clk_driver_init,0.1867,0,56
8,run7_initcall.txt,raspberrypi_clk_driver_init,0.202115,0,15369
8,run7_initcall.txt,dw_driver_init,0.202198,0,36
8,run7_initcall.txt,bcm2835_power_driver_init,0.20226,0,19
8,run7_initcall.txt,rpi_power_driver_init,0.220644,0,18339
8,run7_initcall.txt,brcmstb_reset_driver_init,0.222553,0,35
8,run7_initcall.txt,brcm_rescal_reset_driver_init,0.224432,0,30
8,run7_initcall.txt,rpi_reset_driver_init,0.227317,0,1016
8,run7_initcall.txt,reset_simple_driver_init,0.229294,0,62
8,run7_initcall.txt,n_null_init,0.231138,0,0
8,run7_initcall.txt,pty_init,0.233109,0,90
8,run7_initcall.txt,sysrq_init,0.235007,0,13
8,run7_initcall.txt,serial8250_init,0.236899,-19,0
8,run7_initcall.txt,bcm2835aux_serial_driver_init,0.23882,0,37
8,run7_initcall.txt,brcmuart_init,0.240735,0,44
8,run7_initcall.txt,exar_pci_driver_init,0.242653,0,25
8,run7_initcall.txt,of_platform_serial_driver_init,0.244616,0,70
8,run7_initcall.txt,serial_pci_driver_init,0.246535,0,30
8,run7_initcall.txt,pericom8250_pci_driver_init,0.248402,0,17
8,run7_initcall.txt,init_kgdboc,0.251297,0,1002
8,run7_initcall.txt,random_sysctls_init,0.253192,0,11
8,run7_initcall.txt,ttyprintk_init,0.255137,0,54
8,run7_initcall.txt,bcm2835_rng_driver_init,0.257091,0,48
8,run7_initcall.txt,bcm74110_rng_driver_init,0.259071,0,30
8,run7_initcall.txt,iproc_rng200_driver_init,0.263273,0,2213
8,run7_initcall.txt,smccc_trng_driver_init,0.265332,0,23
8,run7_initcall.txt,vc_mem_init,0.268622,0,1184
8,run7_initcall.txt,vcio_driver_init,0.272207,0,1394
8,run7_initcall.txt,bcm2712_iommu_driver_init,0.274504,0,33
8,run7_initcall.txt,bcm2712_iommu_cache_driver_init,0.276851,0,38
8,run7_initcall.txt,topology_sysfs_init,0.279255,0,55
8,run7_initcall.txt,cacheinfo_sysfs_init,0.281854,0,256
8,run7_initcall.txt,devcoredump_init,0.284254,0,13
8,run7_initcall.txt,brd_init,0.291358,0,4727
8,run7_initcall.txt,loop_init,0.297318,0,3579
8,run7_initcall.txt,bcm2835_pm_driver_init,0.300893,0,1281
8,run7_initcall.txt,stmpe_i2c_driver_init,0.303234,0,14
8,run7_initcall.txt,stmpe_spi_driver_init,0.305574,0,16
8,run7_initcall.txt,rp1_driver_init,0.307926,0,25
8,run7_initcall.txt,system_heap_create,0.310352,0,78
8,run7_initcall.txt,add_default_cma_heap,0.312756,0,77
8,run7_initcall.txt,udmabuf_dev_init,0.315105,0,41
8,run7_initcall.txt,iscsi_transport_init,0.318828,0,1384
8,run7_initcall.txt,init_sd,0.321202,0,23
8,run7_initcall.txt,nvme_core_init,0.32378,0,249
8,run7_initcall.txt,nvme_init,0.326143,0,25
8,run7_initcall.txt,blackhole_netdev_init,0.328486,0,17
8,run7_initcall.txt,netkit_init,0.330803,0,5
8,run7_initcall.txt,phylink_init,0.333099,0,0
8,run7_initcall.txt,phy_module_init,0.335584,0,164
8,run7_initcall.txt,phy_module_init,0.33806,0,167
8,run7_initcall.txt,fixed_mdio_bus_init,0.340535,0,151
8,run7_initcall.txt,phy_module_init,0.343016,0,162
8,run7_initcall.txt,phy_module_init,0.345355,0,22
8,run7_initcall.txt,phy_module_init,0.347679,0,58
8,run7_initcall.txt,unimac_mdio_driver_init,0.35005,0,93
8,run7_initcall.txt,macb_driver_init,0.352407,0,82
8,run7_initcall.txt,bcmgenet_driver_init,0.54975,0,195062
8,run7_initcall.txt,bcmasp_driver_init,0.552092,0,62
8,run7_initcall.txt,lan78xx_driver_init,0.555556,0,1172
8,run7_initcall.txt,smsc95xx_driver_init,0.559064,0,1180
8,run7_initcall.txt,usbnet_init,0.5614,0,0
8,run7_initcall.txt,xhci_hcd_init,0.563732,0,22
8,run7_initcall.txt,xhci_pci_init,0.689631,0,123635
8,run7_initcall.txt,xhci_plat_init,0.691904,0,87
8,run7_initcall.txt,dwc_otg_driver_init,0.698407,0,4313
8,run7_initcall.txt,dwc_common_port_init_module,0.70177,0,1224
8,run7_initcall.txt,dwc3_driver_init,0.703963,0,45
8,run7_initcall.txt,dwc3_haps_driver_init,0.706129,0,25
8,run7_initcall.txt,dwc3_of_simple_driver_init,0.708313,0,45
8,run7_initcall.txt,dwc3_generic_driver_init,0.71049,0,31
8,run7_initcall.txt,dwc2_platform_driver_init,0.712725,0,103
8,run7_initcall.txt,uas_init,0.715978,0,1155
8,run7_initcall.txt,usb_storage_driver_init,0.719162,0,1070
8,run7_initcall.txt,brcmstb_usb_pinmap_init,0.721314,-19,52
8,run7_initcall.txt,bdc_driver_init,0.72345,0,35
8,run7_initcall.txt,input_leds_init,0.725569,0,1
8,run7_initcall.txt,mousedev_init,0.728863,0,1179
8,run7_initcall.txt,evdev_init,0.731,0,0
8,run7_initcall.txt,brcmstb_waketmr_driver_init,0.733183,0,37
8,run7_initcall.txt,rpi_rtc_driver_init,0.735376,0,31
8,run7_initcall.txt,init_rc_map_adstech_dvb_t_pci,0.737542,0,0
8,run7_initcall.txt,init_rc_map_alink_dtu_m,0.739699,0,0
8,run7_initcall.txt,init_rc_map_anysee,0.741855,0,0
8,run7_initcall.txt,init_rc_map_apac_viewcomp,0.744027,0,0
8,run7_initcall.txt,init_rc_map_t2hybrid,0.746208,0,0
8,run7_initcall.txt,init_rc_map_asus_pc39,0.748333,0,0
8,run7_initcall.txt,init_rc_map_asus_ps3_100,0.750503,0,0
8,run7_initcall.txt,init_rc_map_ati_tv_wonder_hd_600,0.752661,0,0
8,run7_initcall.txt,init_rc_map_ati_x10,0.75485,0,0
8,run7_initcall.txt,init_rc_map_avermedia_a16d,0.757055,0,0
8,run7_initcall.txt,init_rc_map_avermedia_cardbus,0.759259,0,0
8,run7_initcall.txt,init_rc_map_avermedia_dvbt,0.761465,0,0
8,run7_initcall.txt,init_rc_map_avermedia_m135a,0.763669,0,0
8,run7_initcall.txt,init_rc_map_avermedia_m733a_rm_k6,0.765854,0,0
8,run7_initcall.txt,init_rc_map_avermedia,0.768074,0,0
8,run7_initcall.txt,init_rc_map_avermedia_rm_ks,0.770295,0,0
8,run7_initcall.txt,init_rc_map_avertv_303,0.772514,0,0
8,run7_initcall.txt,init_rc_map_azurewave_ad_tu700,0.774726,0,0
8,run7_initcall.txt,init_rc_map_beelink_gs1,0.776924,0,0
8,run7_initcall.txt,init_rc_map_beelink_mxiii,0.779127,0,0
8,run7_initcall.txt,init_rc_map_behold_columbus,0.781286,0,0
8,run7_initcall.txt,init_rc_map_behold,0.783477,0,0
8,run7_initcall.txt,init_rc_map_budget_ci_old,0.785658,0,0
8,run7_initcall.txt,init_rc_map_cinergy_1400,0.787833,0,0
8,run7_initcall.txt,init_rc_map_cinergy,0.7903,0,0
8,run7_initcall.txt,init_rc_map_ct_90405,0.79245,0,0
8,run7_initcall.txt,init_rc_map_d680_dmb,0.794594,0,0
8,run7_initcall.txt,init_rc_map_delock_61959,0.796708,0,0
8,run7_initcall.txt,init_rc_map,0.798789,0,0
8,run7_initcall.txt,init_rc_map,0.800953,0,0
8,run7_initcall.txt,init_rc_map_digitalnow_tinytwin,0.803057,0,0
8,run7_initcall.txt,init_rc_map_digittrade,0.805258,0,0
8,run7_initcall.txt,init_rc_map_dm1105_nec,0.807465,0,0
8,run7_initcall.txt,init_rc_map_dntv_live_dvb_t,0.809703,0,0
8,run7_initcall.txt,init_rc_map_dntv_live_dvbt_pro,0.811806,0,0
8,run7_initcall.txt,init_rc_map_dreambox,0.813915,0,0
8,run7_initcall.txt,init_rc_map_dtt200u,0.815986,0,0
8,run7_initcall.txt,init_rc_map_rc5_dvbsky,0.818087,0,0
8,run7_initcall.txt,init_rc_map_dvico_mce,0.820185,0,0
8,run7_initcall.txt,init_rc_map_dvico_portable,0.822288,0,0
8,run7_initcall.txt,init_rc_map_em_terratec,0.824371,0,0
8,run7_initcall.txt,init_rc_map_encore_enltv2,0.826577,0,0
8,run7_initcall.txt,init_rc_map_encore_enltv_fm53,0.828679,0,0
8,run7_initcall.txt,init_rc_map_encore_enltv,0.830776,0,0
8,run7_initcall.txt,init_rc_map_evga_indtube,0.832846,0,0
8,run7_initcall.txt,init_rc_map_eztv,0.834917,0,0
8,run7_initcall.txt,init_rc_map_flydvb,0.836986,0,0
8,run7_initcall.txt,init_rc_map_flyvideo,0.83904,0,0
8,run7_initcall.txt,init_rc_map_fusionhdtv_mce,0.841104,0,0
8,run7_initcall.txt,init_rc_map_gadmei_rm008z,0.843158,0,0
8,run7_initcall.txt,init_rc_map_geekbox,0.84521,0,0
8,run7_initcall.txt,init_rc_map_genius_tvgo_a11mce,0.847258,0,0
8,run7_initcall.txt,init_rc_map_gotview7135,0.849273,0,0
8,run7_initcall.txt,init_rc_map_rc5_hauppauge_new,0.851333,0,0
8,run7_initcall.txt,init_rc_map_hisi_poplar,0.853403,0,0
8,run7_initcall.txt,init_rc_map_hisi_tv_demo,0.855476,0,0
8,run7_initcall.txt,init_rc_map_imon_mce,0.857542,0,0
8,run7_initcall.txt,init_rc_map_imon_pad,0.8596,0,0
8,run7_initcall.txt,init_rc_map_imon_rsc,0.86166,0,0
8,run7_initcall.txt,init_rc_map_iodata_bctv7e,0.863698,0,0
8,run7_initcall.txt,init_rc_it913x_v1_map,0.8657,0,0
8,run7_initcall.txt,init_rc_it913x_v2_map,0.867734,0,0
8,run7_initcall.txt,init_rc_map_kaiomy,0.869827,0,0
8,run7_initcall.txt,init_rc_map_khadas,0.871858,0,0
8,run7_initcall.txt,init_rc_map_khamsin,0.873876,0,0
8,run7_initcall.txt,init_rc_map_kworld_315u,0.875877,0,0
8,run7_initcall.txt,init_rc_map_kworld_pc150u,0.877886,0,0
8,run7_initcall.txt,init_rc_map_kworld_plus_tv_analog,0.879889,0,0
8,run7_initcall.txt,init_rc_map_leadtek_y04g0051,0.881869,0,0
8,run7_initcall.txt,init_rc_lme2510_map,0.883885,0,0
8,run7_initcall.txt,init_rc_map_manli,0.885917,0,0
8,run7_initcall.txt,init_rc_map_mecool_kiii_pro,0.887953,0,0
8,run7_initcall.txt,init_rc_map_mecool_kii_pro,0.88999,0,0
8,run7_initcall.txt,init_rc_map_medion_x10_digitainer,0.892028,0,0
8,run7_initcall.txt,init_rc_map_medion_x10,0.894061,0,0
8,run7_initcall.txt,init_rc_map_medion_x10_or2x,0.896094,0,0
8,run7_initcall.txt,init_rc_map_minix_neo,0.89812,0,0
8,run7_initcall.txt,init_rc_map_msi_digivox_iii,0.900169,0,0
8,run7_initcall.txt,init_rc_map_msi_digivox_ii,0.902238,0,0
8,run7_initcall.txt,init_rc_map_msi_tvanywhere,0.904302,0,0
8,run7_initcall.txt,init_rc_map_msi_tvanywhere_plus,0.906355,0,0
8,run7_initcall.txt,init_rc_map_mygica_utv3,0.90839,0,0
8,run7_initcall.txt,init_rc_map_nebula,0.910445,0,0
8,run7_initcall.txt,init_rc_map_nec_terratec_cinergy_xs,0.912486,0,0
8,run7_initcall.txt,init_rc_map_norwood,0.914499,0,0
8,run7_initcall.txt,init_rc_map_npgtech,0.916539,0,0
8,run7_initcall.txt,init_rc_map_odroid,0.918582,0,0
8,run7_initcall.txt,init_rc_map_pctv_sedna,0.920606,0,0
8,run7_initcall.txt,init_rc_map_pine64,0.922639,0,0
8,run7_initcall.txt,init_rc_map_pinnacle_color,0.924679,0,0
8,run7_initcall.txt,init_rc_map_pinnacle_grey,0.927818,0,0
8,run7_initcall.txt,init_rc_map_pinnacle_pctv_hd,0.929884,0,0
8,run7_initcall.txt,init_rc_map_pixelview,0.931904,0,0
8,run7_initcall.txt,init_rc_map_pixelview,0.934077,0,0
8,run7_initcall.txt,init_rc_map_pixelview_new,0.936154,0,0
8,run7_initcall.txt,init_rc_map_pixelview,0.938248,0,0
8,run7_initcall.txt,init_rc_map_powercolor_real_angel,0.940338,0,0
8,run7_initcall.txt,init_rc_map_proteus_2309,0.942436,0,0
8,run7_initcall.txt,init_rc_map_purpletv,0.944535,0,0
8,run7_initcall.txt,init_rc_map_pv951,0.946629,0,0
8,run7_initcall.txt,init_rc_map_rc6_mce,0.948679,0,0
8,run7_initcall.txt,init_rc_map_real_audio_220_32_keys,0.950774,0,0
8,run7_initcall.txt,init_rc_map_reddo,0.952868,0,0
8,run7_initcall.txt,init_rc_map_siemens_gigaset_rc20,0.954975,0,0
8,run7_initcall.txt,init_rc_map_snapstream_firefly,0.957082,0,0
8,run7_initcall.txt,init_rc_map_streamzap,0.959206,0,0
8,run7_initcall.txt,init_rc_map_su3000,0.961344,0,0
8,run7_initcall.txt,init_rc_map_tanix_tx3mini,0.963473,0,0
8,run7_initcall.txt,init_rc_map_tanix_tx5max,0.965561,0,0
8,run7_initcall.txt,init_rc_map_tbs_nec,0.967688,0,0
8,run7_initcall.txt,init_rc_map,0.969833,0,0
8,run7_initcall.txt,init_rc_map,0.971972,0,0
8,run7_initcall.txt,init_rc_map_terratec_cinergy_c_pci,0.97412,0,0
8,run7_initcall.txt,init_rc_map_terratec_cinergy_s2_hd,0.97627,0,0
8,run7_initcall.txt,init_rc_map_terratec_cinergy_xs,0.978409,0,0
8,run7_initcall.txt,init_rc_map_terratec_slim_2,0.980534,0,0
8,run7_initcall.txt,init_rc_map_terratec_slim,0.982635,0,0
8,run7_initcall.txt,init_rc_map_tevii_nec,0.984782,0,0
8,run7_initcall.txt,init_rc_map_tivo,0.986944,0,0
8,run7_initcall.txt,init_rc_map_total_media_in_hand_02,0.989122,0,0
8,run7_initcall.txt,init_rc_map_total_media_in_hand,0.99129,0,0
8,run7_initcall.txt,init_rc_map_trekstor,0.99345,0,0
8,run7_initcall.txt,init_rc_map_tt_1500,0.995586,0,0
8,run7_initcall.txt,init_rc_map_twinhan_vp1027,0.997795,0,0
8,run7_initcall.txt,init_rc_map_twinhan_dtv_cab_ci,0.999941,0,0
8,run7_initcall.txt,init_rc_map_vega_s9x,1.002085,0,0
8,run7_initcall.txt,init_rc_map_videomate_k100,1.004227,0,0
8,run7_initcall.txt,init_rc_map_videomate_s350,1.006377,0,0
8,run7_initcall.txt,init_rc_map_videomate_tv_pvr,1.008496,0,0
8,run7_initcall.txt,init_rc_map_kii_pro,1.010614,0,0
8,run7_initcall.txt,init_rc_map_wetek_hub,1.012729,0,0
8,run7_initcall.txt,init_rc_map_wetek_play2,1.014815,0,0
8,run7_initcall.txt,init_rc_map_winfast,1.016927,0,0
8,run7_initcall.txt,init_rc_map_winfast_usbii_deluxe,1.019045,0,0
8,run7_initcall.txt,init_rc_map_x96max,1.021184,0,0
8,run7_initcall.txt,init_rc_map,1.0233,0,0
8,run7_initcall.txt,init_rc_map,1.025461,0,0
8,run7_initcall.txt,init_rc_map_zx_irdec,1.027567,0,0
8,run7_initcall.txt,ptp_kvm_init,1.029667,-95,0
8,run7_initcall.txt,gpio_poweroff_driver_init,1.031796,0,70
8,run7_initcall.txt,bcm2711_thermal_driver_init,1.035232,0,1330
8,run7_initcall.txt,bcm2835_thermal_driver_init,1.037403,0,45
8,run7_initcall.txt,bcm2835_wdt_driver_init,1.039544,0,21
8,run7_initcall.txt,dt_cpufreq_platdrv_init,1.041704,0,24
8,run7_initcall.txt,brcm_avs_cpufreq_platdrv_init,1.043879,0,32
8,run7_initcall.txt,raspberrypi_cpufreq_driver_init,1.048893,0,2860
8,run7_initcall.txt,mmc_pwrseq_simple_driver_init,1.051121,0,48
8,run7_initcall.txt,mmc_pwrseq_emmc_driver_init,1.053363,0,34
8,run7_initcall.txt,mmc_blk_init,1.055625,0,34
8,run7_initcall.txt,sdhci_drv_init,1.060039,0,2199
8,run7_initcall.txt,bcm2835_mmc_driver_init,1.063409,0,1152
8,run7_initcall.txt,bcm2835_driver_init,1.065673,0,36
8,run7_initcall.txt,sdhci_pltfm_drv_init,1.069057,0,1131
8,run7_initcall.txt,sdhci_iproc_driver_init,1.071371,0,57
8,run7_initcall.txt,sdhci_brcmstb_driver_init,1.071434,0,47
8,run7_initcall.txt,esrt_sysfs_init,1.071445,-38,0
8,run7_initcall.txt,smccc_devices_init,1.07146,0,1
8,run7_initcall.txt,smccc_soc_init,1.071468,0,1
8,run7_initcall.txt,arch_timer_mmio_drv_init,1.071506,0,29
8,run7_initcall.txt,arch_timer_mmio_acpi_drv_init,1.071536,0,20
8,run7_initcall.txt,hid_init,1.071602,0,56
8,run7_initcall.txt,hid_generic_init,1.071654,0,40
8,run7_initcall.txt,hid_init,1.071706,0,44
8,run7_initcall.txt,bcm74110_mbox_driver_init,1.071755,0,35
8,run7_initcall.txt,extcon_class_init,1.071773,0,6
8,run7_initcall.txt,armv8_pmu_driver_init,1.080692,0,8910
8,run7_initcall.txt,binder_init,1.112347,0,62
8,run7_initcall.txt,rpi_otp_driver_init,1.120614,0,4784
8,run7_initcall.txt,sock_diag_init,1.122876,0,35
8,run7_initcall.txt,blackhole_init,1.125102,0,1
8,run7_initcall.txt,cls_bpf_init_mod,1.129462,0,0
8,run7_initcall.txt,gre_offload_init,1.131601,0,0
8,run7_initcall.txt,sysctl_ipv4_init,1.133848,0,74
8,run7_initcall.txt,cubictcp_register,1.135989,0,2
8,run7_initcall.txt,packet_init,1.139216,0,1079
8,run7_initcall.txt,init_rpcsec_gss,1.141391,0,17
8,run7_initcall.txt,init_kerberos_module,1.143564,0,8
8,run7_initcall.txt,dcbnl_init,1.145753,0,2
8,run7_initcall.txt,init_dns_resolver,1.148936,0,1086
8,run7_initcall.txt,handshake_init,1.151149,0,37
8,run7_initcall.txt,check_mmu_enabled_at_boot,1.153341,0,0
8,run7_initcall.txt,finalize_pkvm,1.155535,0,0
8,run7_initcall.txt,kernel_do_mounts_initrd_sysctls_init,1.158897,0,5
8,run7_initcall.txt,kernel_panic_sysctls_init,1.161104,0,12
8,run7_initcall.txt,kernel_panic_sysfs_init,1.16332,0,3
8,run7_initcall.txt,kernel_exit_sysctls_init,1.165533,0,2
8,run7_initcall.txt,kernel_exit_sysfs_init,1.167775,0,2
8,run7_initcall.txt,param_sysfs_builtin_init,1.179241,0,9222
8,run7_initcall.txt,reboot_ksysfs_init,1.181529,0,21
8,run7_initcall.txt,sched_core_sysctl_init,1.183766,0,5
8,run7_initcall.txt,sched_fair_sysctl_init,1.185951,0,1
8,run7_initcall.txt,sched_rt_sysctl_init,1.188111,0,2
8,run7_initcall.txt,sched_dl_sysctl_init,1.190254,0,2
8,run7_initcall.txt,sched_init_debug,1.192453,0,73
8,run7_initcall.txt,cpu_latency_qos_init,1.194735,0,109
8,run7_initcall.txt,printk_late_init,1.196939,0,14
8,run7_initcall.txt,init_srcu_module_notifier,1.199075,0,1
8,run7_initcall.txt,kernel_rcu_stall_sysfs_init,1.201541,0,4
8,run7_initcall.txt,swiotlb_create_default_debugfs,1.20377,0,11
8,run7_initcall.txt,tk_debug_sleep_time_init,1.206046,0,22
8,run7_initcall.txt,bpf_ksym_iter_register,1.208295,0,1
8,run7_initcall.txt,kernel_acct_sysctls_init,1.210573,0,4
8,run7_initcall.txt,bpf_rstat_kfunc_init,1.212841,0,1
8,run7_initcall.txt,debugfs_kprobe_init,1.215073,0,10
8,run7_initcall.txt,kernel_delayacct_sysctls_init,1.217389,0,3
8,run7_initcall.txt,taskstats_init,1.220774,0,1135
8,run7_initcall.txt,bpf_global_ma_init,1.223365,0,126
8,run7_initcall.txt,bpf_syscall_sysctl_init,1.225682,0,9
8,run7_initcall.txt,unbound_reg_init,1.227935,0,0
8,run7_initcall.txt,kfunc_init,1.230285,0,1
8,run7_initcall.txt,bpf_map_iter_init,1.232562,0,0
8,run7_initcall.txt,init_subsystem,1.234908,0,0
8,run7_initcall.txt,task_iter_init,1.237226,0,1
8,run7_initcall.txt,bpf_prog_iter_init,1.239472,0,0
8,run7_initcall.txt,bpf_link_iter_init,1.24167,0,0
8,run7_initcall.txt,init_trampolines,1.243845,0,3
8,run7_initcall.txt,rqspinlock_register_kfuncs,1.246023,0,0
8,run7_initcall.txt,kfunc_init,1.248141,0,0
8,run7_initcall.txt,bpf_cgroup_iter_init,1.250273,0,0
8,run7_initcall.txt,cpumask_kfunc_init,1.252404,0,7
8,run7_initcall.txt,crypto_kfunc_init,1.254589,0,0
8,run7_initcall.txt,bpf_kmem_cache_iter_init,1.256729,0,0
8,run7_initcall.txt,dmabuf_iter_init,1.258875,0,0
8,run7_initcall.txt,load_system_certificate_list,1.262104,0,1076
8,run7_initcall.txt,init_lru_gen,1.264297,0,28
8,run7_initcall.txt,vmstat_late_init,1.26649,0,2
8,run7_initcall.txt,fault_around_debugfs,1.268662,0,3
8,run7_initcall.txt,slab_sysfs_init,1.274882,0,3812
8,run7_initcall.txt,max_swapfiles_check,1.277109,0,0
8,run7_initcall.txt,zswap_init,1.279226,0,0
8,run7_initcall.txt,mempolicy_sysfs_init,1.281332,0,17
8,run7_initcall.txt,memory_tier_late_init,1.285673,0,2213
8,run7_initcall.txt,check_early_ioremap_leak,1.287799,0,0
8,run7_initcall.txt,mg_debugfs_init,1.289938,0,15
8,run7_initcall.txt,fscrypt_init,1.294233,0,2188
8,run7_initcall.txt,pstore_init,1.296351,0,10
8,run7_initcall.txt,init_root_keyring,1.298462,0,31
8,run7_initcall.txt,init_profile_hash,1.300574,0,0
8,run7_initcall.txt,integrity_fs_init,1.302711,0,7
8,run7_initcall.txt,crypto_algapi_init,1.304842,0,10
8,run7_initcall.txt,blk_timeout_init,1.306965,0,0
8,run7_initcall.txt,depot_debugfs_init,1.309109,0,6
8,run7_initcall.txt,pci_resource_alignment_sysfs_init,1.311251,0,3
8,run7_initcall.txt,pci_sysfs_init,1.313422,0,11
8,run7_initcall.txt,clk_debug_init,1.315885,0,346
8,run7_initcall.txt,genpd_debug_init,1.318413,0,349
8,run7_initcall.txt,sync_state_resume_initcall,1.320586,0,0
8,run7_initcall.txt,deferred_probe_initcall,1.386525,0,63745
8,run7_initcall.txt,efi_shutdown_init,1.388714,-19,0
8,run7_initcall.txt,efi_earlycon_unmap_fb,1.390764,0,0
8,run7_initcall.txt,psci_debugfs_init,1.392781,0,0
8,run7_initcall.txt,of_cfs_init,1.396812,0,2013
8,run7_initcall.txt,of_fdt_raw_init,1.398769,0,27
8,run7_initcall.txt,bpf_kfunc_init,1.400735,0,2
8,run7_initcall.txt,init_subsystem,1.402713,0,0
8,run7_initcall.txt,xdp_metadata_init,1.404678,0,0
8,run7_initcall.txt,bpf_sockmap_iter_init,1.406649,0,0
8,run7_initcall.txt,bpf_sk_storage_map_iter_init,1.408627,0,0
8,run7_initcall.txt,bpf_prog_test_run_init,1.410607,0,0
8,run7_initcall.txt,bpf_dummy_struct_ops_init,1.412564,0,0
8,run7_initcall.txt,tcp_congestion_default,1.414509,0,1
8,run7_initcall.txt,inet_blackhole_dev_init,1.416473,0,7
8,run7_initcall.txt,ip_auto_config,1.41845,0,9
8,run7_initcall.txt,tcp_bpf_v4_build_proto,1.420399,0,0
8,run7_initcall.txt,udp_bpf_v4_build_proto,1.422322,0,0
8,run7_initcall.txt,bpf_tcp_ca_kfunc_init,1.424228,0,0
8,run7_initcall.txt,bpf_mptcp_kfunc_init,1.427102,0,0
8,run7_initcall.txt,fb_logo_late_init,1.429997,0,0
8,run7_initcall.txt,amba_stub_drv_init,1.431929,0,21
8,run7_initcall.txt,clk_disable_unused,1.434948,0,1029
8,run7_initcall.txt,genpd_power_off_unused,1.438107,0,1063
8,run7_initcall.txt,regulator_init_complete,1.440254,0,1
8,run7_initcall.txt,of_platform_sync_state_init,1.442463,0,16
9,run8_initcall.txt,cpufreq_gov_powersave_init,0.014018,0,0
9,run8_initcall.txt,cpufreq_gov_userspace_init,0.014036,0,0
9,run8_initcall.txt,CPU_FREQ_GOV_ONDEMAND_init,0.014053,0,0
9,run8_initcall.txt,CPU_FREQ_GOV_CONSERVATIVE_init,0.014071,0,0
9,run8_initcall.txt,cpufreq_dt_platdev_init,0.01411,-19,0
9,run8_initcall.txt,cpuidle_init,0.014133,0,0
9,run8_initcall.txt,rpi_firmware_init,0.014161,0,0
9,run8_initcall.txt,arm_dmi_init,0.014182,0,0
9,run8_initcall.txt,arch_timer_evtstrm_register,0.014286,0,0
9,run8_initcall.txt,sock_init,0.016307,0,4000
9,run8_initcall.txt,net_inuse_init,0.016335,0,0
9,run8_initcall.txt,sock_struct_check,0.01635,0,0
9,run8_initcall.txt,init_default_flow_dissectors,0.016367,0,0
9,run8_initcall.txt,netlink_proto_init,0.016455,0,0
9,run8_initcall.txt,genl_init,0.016483,0,0
9,run8_initcall.txt,debug_monitors_init,0.016624,0,0
9,run8_initcall.txt,init_overflow_sysctl,0.016648,0,0
9,run8_initcall.txt,irq_sysfs_init,0.01677,0,0
9,run8_initcall.txt,dma_atomic_pool_init,0.017372,0,0
9,run8_initcall.txt,audit_init,0.017502,0,0
9,run8_initcall.txt,bdi_class_init,0.017536,0,0
9,run8_initcall.txt,mm_sysfs_init,0.017552,0,0
9,run8_initcall.txt,init_per_zone_wmark_min,0.017577,0,0
9,run8_initcall.txt,ramoops_init,0.017611,0,0
9,run8_initcall.txt,gpiolib_sysfs_init,0.017634,0,0
9,run8_initcall.txt,pcibus_class_init,0.017655,0,0
9,run8_initcall.txt,pci_driver_init,0.017691,0,0
9,run8_initcall.txt,amba_init,0.017717,0,0
9,run8_initcall.txt,__bcm2835_clk_driver_init,0.01774,0,0
9,run8_initcall.txt,tty_class_init,0.017761,0,0
9,run8_initcall.txt,vtconsole_class_init,0.017807,0,0
9,run8_initcall.txt,serdev_init,0.017834,0,0
9,run8_initcall.txt,iommu_dev_init,0.017856,0,0
9,run8_initcall.txt,mipi_dsi_bus_init,0.017882,0,0
9,run8_initcall.txt,devlink_class_init,0.017904,0,0
9,run8_initcall.txt,software_node_init,0.017923,0,0
9,run8_initcall.txt,regmap_initcall,0.017943,0,0
9,run8_initcall.txt,sram_init,0.017968,0,0
9,run8_initcall.txt,spi_init,0.018003,0,0
9,run8_initcall.txt,i2c_init,0.018044,0,0
9,run8_initcall.txt,thermal_init,0.018079,0,0
9,run8_initcall.txt,init_menu,0.018121,0,0
9,run8_initcall.txt,efipostcore_init,0.018139,0,0
9,run8_initcall.txt,kobject_uevent_init,0.01816,0,0
9,run8_initcall.txt,init_uevent_helper_sysctl,0.018178,0,0
9,run8_initcall.txt,reserve_memblock_reserved_regions,0.018278,0,0
9,run8_initcall.txt,aarch32_alloc_vdso_pages,0.018298,0,0
9,run8_initcall.txt,vdso_init,0.018314,0,0
9,run8_initcall.txt,arm64_create_dummy_rsi_dev,0.01833,0,0
9,run8_initcall.txt,arch_hw_breakpoint_init,0.018394,0,0
9,run8_initcall.txt,adjust_protection_map,0.018417,0,0
9,run8_initcall.txt,asids_update_limit,0.018443,0,0
9,run8_initcall.txt,kcmp_cookies_init,0.018462,0,0
9,run8_initcall.txt,dma_channel_table_init,0.018488,0,0
9,run8_initcall.txt,dma_bus_init,0.018593,0,0
9,run8_initcall.txt,brcmstb_soc_device_init,0.018898,0,0
9,run8_initcall.txt,serial_base_init,0.018949,0,0
9,run8_initcall.txt,pl011_init,0.018989,0,0
9,run8_initcall.txt,iommu_dma_init,0.019019,0,0
9,run8_initcall.txt,dmi_id_init,0.019038,-19,0
9,run8_initcall.txt,bcm2835_mbox_init,0.019063,0,0
9,run8_initcall.txt,of_platform_default_populate_init,0.040119,0,24000
9,run8_initcall.txt,register_mte_tcf_preferred_sysctl,0.040219,0,0
9,run8_initcall.txt,init_fork_sysctl,0.040248,0,0
9,run8_initcall.txt,uid_cache_init,0.040293,0,0
9,run8_initcall.txt,pid_namespace_sysctl_init,0.040317,0,0
9,run8_initcall.txt,param_sysfs_init,0.040336,0,0
9,run8_initcall.txt,user_namespace_sysctl_init,0.04037,0,0
9,run8_initcall.txt,proc_schedstat_init,0.040393,0,0
9,run8_initcall.txt,init_rtmutex_sysctl,0.040409,0,0
9,run8_initcall.txt,pm_sysrq_init,0.040456,0,0
9,run8_initcall.txt,init_rcu_stall_sysctl,0.040477,0,0
9,run8_initcall.txt,init_module_sysctl,0.040495,0,0
9,run8_initcall.txt,create_proc_profile,0.040512,0,0
9,run8_initcall.txt,cgroup_sysfs_init,0.040531,0,0
9,run8_initcall.txt,user_namespaces_init,0.040558,0,0
9,run8_initcall.txt,hung_task_init,0.040654,0,0
9,run8_initcall.txt,dev_map_init,0.040672,0,0
9,run8_initcall.txt,netns_bpf_init,0.040686,0,0
9,run8_initcall.txt,oom_init,0.040743,0,0
9,run8_initcall.txt,init_user_buckets,0.040757,0,0
9,run8_initcall.txt,init_vm_util_sysctls,0.040778,0,0
9,run8_initcall.txt,default_bdi_init,0.040879,0,0
9,run8_initcall.txt,cgwb_init,0.040907,0,0
9,run8_initcall.txt,percpu_enable_async,0.040922,0,0
9,run8_initcall.txt,kcompactd_init,0.041024,0,0
9,run8_initcall.txt,init_mm_sysctl,0.041043,0,0
9,run8_initcall.txt,init_user_reserve,0.04106,0,0
9,run8_initcall.txt,init_admin_reserve,0.041073,0,0
9,run8_initcall.txt,init_reserve_notifier,0.041088,0,0
9,run8_initcall.txt,swap_init,0.041109,0,0
9,run8_initcall.txt,swapfile_init,0.04113,0,0
9,run8_initcall.txt,memory_tier_init,0.041174,0,0
9,run8_initcall.txt,numa_init_sysfs,0.041194,0,0
9,run8_initcall.txt,mem_cgroup_swap_init,0.041212,0,0
9,run8_initcall.txt,init_msg_buckets,0.041228,0,0
9,run8_initcall.txt,init_bio,0.041274,0,0
9,run8_initcall.txt,blk_ioc_init,0.041294,0,0
9,run8_initcall.txt,blk_mq_init,0.041311,0,0
9,run8_initcall.txt,genhd_device_init,0.0414,0,0
9,run8_initcall.txt,blkcg_punt_bio_init,0.041495,0,0
9,run8_initcall.txt,blk_integrity_auto_init,0.041561,0,0
9,run8_initcall.txt,io_wq_init,0.041582,0,0
9,run8_initcall.txt,crc_t10dif_mod_init,0.041607,0,0
9,run8_initcall.txt,sha256_mod_init,0.041626,0,0
9,run8_initcall.txt,sha512_mod_init,0.041643,0,0
9,run8_initcall.txt,sg_pool_init,0.041674,0,0
9,run8_initcall.txt,gpiolib_debugfs_init,0.041695,0,0
9,run8_initcall.txt,stmpe_gpio_init,0.041762,0,0
9,run8_initcall.txt,pwm_init,0.041784,0,0
9,run8_initcall.txt,leds_init,0.04181,0,0
9,run8_initcall.txt,pci_slot_init,0.04183,0,0
9,run8_initcall.txt,fbmem_init,0.041889,0,0
9,run8_initcall.txt,bcm2835_dma_init,0.042569,0,0
9,run8_initcall.txt,regulator_fixed_voltage_init,0.042633,0,0
9,run8_initcall.txt,gpio_regulator_init,0.042685,0,0
9,run8_initcall.txt,init_sysrq_sysctl,0.042709,0,0
9,run8_initcall.txt,misc_init,0.042735,0,0
9,run8_initcall.txt,iommu_subsys_init,0.042766,0,0
9,run8_initcall.txt,register_cpu_capacity_sysctl,0.043084,0,0
9,run8_initcall.txt,dma_buf_init,0.043161,0,0
9,run8_initcall.txt,dma_heap_init,0.043189,0,0
9,run8_initcall.txt,init_scsi,0.04328,0,0
9,run8_initcall.txt,mdio_bus_init,0.043306,0,0
9,run8_initcall.txt,phy_init,0.043344,0,0
9,run8_initcall.txt,usb_common_init,0.04336,0,0
9,run8_initcall.txt,usb_init,0.043457,0,0
9,run8_initcall.txt,usb_phy_generic_init,0.043581,0,0
9,run8_initcall.txt,usb_udc_init,0.043611,0,0
9,run8_initcall.txt,usb_roles_init,0.043633,0,0
9,run8_initcall.txt,input_init,0.043657,0,0
9,run8_initcall.txt,rtc_init,0.043675,0,0
9,run8_initcall.txt,rc_core_init,0.0437,0,0
9,run8_initcall.txt,pps_init,0.043735,0,0
9,run8_initcall.txt,ptp_init,0.043759,0,0
9,run8_initcall.txt,power_supply_class_init,0.043788,0,0
9,run8_initcall.txt,hwmon_init,0.04381,0,0
9,run8_initcall.txt,mmc_init,0.043852,0,0
9,run8_initcall.txt,dmi_init,0.043869,0,0
9,run8_initcall.txt,efisubsys_init,0.043884,0,0
9,run8_initcall.txt,arm_pmu_hp_init,0.043901,0,0
9,run8_initcall.txt,ras_init,0.043922,0,0
9,run8_initcall.txt,nvmem_init,0.043955,0,0
9,run8_initcall.txt,init_soundcore,0.043975,0,0
9,run8_initcall.txt,proto_init,0.043995,0,0
9,run8_initcall.txt,net_dev_init,0.044205,0,4000
9,run8_initcall.txt,neigh_init,0.044226,0,0
9,run8_initcall.txt,fib_notifier_init,0.044242,0,0
9,run8_initcall.txt,netdev_genl_init,0.044279,0,0
9,run8_initcall.txt,page_pool_user_init,0.044296,0,0
9,run8_initcall.txt,fib_rules_init,0.044318,0,0
9,run8_initcall.txt,init_cgroup_netprio,0.044335,0,0
9,run8_initcall.txt,bpf_lwt_init,0.04435,0,0
9,run8_initcall.txt,pktsched_init,0.044373,0,0
9,run8_initcall.txt,tc_filter_init,0.044406,0,0
9,run8_initcall.txt,tc_action_init,0.044423,0,0
9,run8_initcall.txt,ethnl_init,0.044496,0,0
9,run8_initcall.txt,nexthop_init,0.044517,0,0
9,run8_initcall.txt,devlink_init,0.044595,0,0
9,run8_initcall.txt,wireless_nlevent_init,0.044615,0,0
9,run8_initcall.txt,vsprintf_init_hashval,0.044633,0,0
9,run8_initcall.txt,init_32bit_el0_mask,0.044648,0,0
9,run8_initcall.txt,vga_arb_device_init,0.044781,0,0
9,run8_initcall.txt,watchdog_init,0.04488,0,0
9,run8_initcall.txt,create_debug_debugfs_entry,0.044979,0,0
9,run8_initcall.txt,iomem_init_inode,0.045017,0,0
9,run8_initcall.txt,clocksource_done_booting,0.045061,0,12
9,run8_initcall.txt,bpf_init,0.045085,0,5
9,run8_initcall.txt,secretmem_init,0.045113,0,10
9,run8_initcall.txt,init_fs_stat_sysctls,0.045141,0,9
9,run8_initcall.txt,init_fs_exec_sysctls,0.045159,0,1
9,run8_initcall.txt,init_pipe_fs,0.045188,0,11
9,run8_initcall.txt,init_fs_namei_sysctls,0.045209,0,2
9,run8_initcall.txt,init_fs_dcache_sysctls,0.045233,0,6
9,run8_initcall.txt,init_fs_namespace_sysctls,0.04525,0,1
9,run8_initcall.txt,cgroup_writeback_init,0.045267,0,3
9,run8_initcall.txt,inotify_user_setup,0.045293,0,13
9,run8_initcall.txt,eventpoll_init,0.045322,0,14
9,run8_initcall.txt,anon_inode_init,0.045346,0,9
9,run8_initcall.txt,proc_locks_init,0.045363,0,2
9,run8_initcall.txt,backing_aio_init,0.045379,0,2
9,run8_initcall.txt,init_fs_coredump_sysctls,0.0454,0,6
9,run8_initcall.txt,init_vm_drop_caches_sysctls,0.045418,0,2
9,run8_initcall.txt,iomap_dio_init,0.045455,0,22
9,run8_initcall.txt,iomap_ioend_init,0.04549,0,21
9,run8_initcall.txt,dquot_init,0.045594,0,88
9,run8_initcall.txt,proc_cmdline_init,0.045612,0,2
9,run8_initcall.txt,proc_consoles_init,0.045628,0,1
9,run8_initcall.txt,proc_cpuinfo_init,0.045644,0,2
9,run8_initcall.txt,proc_devices_init,0.045659,0,0
9,run8_initcall.txt,proc_interrupts_init,0.045675,0,1
9,run8_initcall.txt,proc_loadavg_init,0.045692,0,1
9,run8_initcall.txt,proc_meminfo_init,0.045706,0,0
9,run8_initcall.txt,proc_stat_init,0.045721,0,1
9,run8_initcall.txt,proc_uptime_init,0.045735,0,1
9,run8_initcall.txt,proc_version_init,0.045751,0,1
9,run8_initcall.txt,proc_softirqs_init,0.045765,0,0
9,run8_initcall.txt,proc_kmsg_init,0.045781,0,1
9,run8_initcall.txt,proc_page_init,0.045797,0,2
9,run8_initcall.txt,init_ramfs_fs,0.045813,0,2
9,run8_initcall.txt,aa_create_aafs,0.045829,0,0
9,run8_initcall.txt,chr_dev_init,0.048644,0,2797
9,run8_initcall.txt,hwrng_modinit,0.048722,0,47
9,run8_initcall.txt,firmware_class_init,0.048747,0,1
9,run8_initcall.txt,sysctl_core_init,0.04879,0,26
9,run8_initcall.txt,eth_offload_init,0.048807,0,0
9,run8_initcall.txt,ipv4_offload_init,0.048824,0,1
9,run8_initcall.txt,inet_init,0.052496,0,3654
9,run8_initcall.txt,af_unix_init,0.052558,0,28
9,run8_initcall.txt,ipv6_offload_init,0.052578,0,1
9,run8_initcall.txt,init_sunrpc,0.05293,0,334
9,run8_initcall.txt,vlan_offload_init,0.052949,0,0
9,run8_initcall.txt,pci_apply_final_quirks,0.052977,0,10
9,run8_initcall.txt,populate_rootfs,0.052999,0,6
9,run8_initcall.txt,register_arm64_panic_block,0.053121,0,0
9,run8_initcall.txt,cpuinfo_regs_init,0.053218,0,82
9,run8_initcall.txt,aarch32_el0_sysfs_init,0.053235,0,0
9,run8_initcall.txt,kvm_arm_init,0.056599,0,3343
9,run8_initcall.txt,proc_execdomains_init,0.056642,0,4
9,run8_initcall.txt,register_warn_debugfs,0.056664,0,3
9,run8_initcall.txt,cpuhp_sysfs_init,0.056721,0,39
9,run8_initcall.txt,ioresources_init,0.056741,0,3
9,run8_initcall.txt,psi_proc_init,0.056755,0,0
9,run8_initcall.txt,irq_gc_init_ops,0.05677,0,0
9,run8_initcall.txt,irq_debugfs_init,0.05686,0,75
9,run8_initcall.txt,proc_modules_init,0.056887,0,1
9,run8_initcall.txt,timer_sysctl_init,0.05691,0,7
9,run8_initcall.txt,timekeeping_init_ops,0.056926,0,0
9,run8_initcall.txt,init_clocksource_sysfs,0.056998,0,56
9,run8_initcall.txt,init_timer_list_procfs,0.057018,0,1
9,run8_initcall.txt,alarmtimer_init,0.057105,0,71
9,run8_initcall.txt,clockevents_init_sysfs,0.057236,0,112
9,run8_initcall.txt,sched_clock_syscore_init,0.057255,0,0
9,run8_initcall.txt,kallsyms_init,0.057275,0,2
9,run8_initcall.txt,pid_namespaces_init,0.057314,0,22
9,run8_initcall.txt,audit_watch_init,0.057333,0,0
9,run8_initcall.txt,audit_fsnotify_init,0.057351,0,0
9,run8_initcall.txt,audit_tree_init,0.05737,0,2
9,run8_initcall.txt,seccomp_sysctl_init,0.057394,0,6
9,run8_initcall.txt,utsname_sysctl_init,0.057419,0,7
9,run8_initcall.txt,init_lstats_procfs,0.05744,0,3
9,run8_initcall.txt,perf_event_sysfs_init,0.057506,0,50
9,run8_initcall.txt,system_trusted_keyring_init,0.057536,0,14
9,run8_initcall.txt,kswapd_init,0.057719,0,168
9,run8_initcall.txt,extfrag_debug_init,0.057743,0,8
9,run8_initcall.txt,mm_compute_batch_init,0.057758,0,0
9,run8_initcall.txt,slab_proc_init,0.057774,0,2
9,run8_initcall.txt,workingset_init,0.057798,0,8
9,run8_initcall.txt,proc_vmalloc_init,0.057813,0,1
9,run8_initcall.txt,memblock_init_debugfs,0.057834,0,5
9,run8_initcall.txt,slab_debugfs_init,0.057854,0,4
9,run8_initcall.txt,procswaps_init,0.057872,0,1
9,run8_initcall.txt,zs_init,0.057887,0,0
9,run8_initcall.txt,fcntl_init,0.057906,0,2
9,run8_initcall.txt,proc_filesystems_init,0.057925,0,1
9,run8_initcall.txt,start_dirtytime_writeback,0.057946,0,5
9,run8_initcall.txt,dio_init,0.057961,0,1
9,run8_initcall.txt,dnotify_init,0.057986,0,12
9,run8_initcall.txt,fanotify_user_setup,0.058011,0,10
9,run8_initcall.txt,aio_setup,0.05806,0,35
9,run8_initcall.txt,mbcache_init,0.05808,0,5
9,run8_initcall.txt,init_grace,0.058096,0,2
9,run8_initcall.txt,init_devpts_fs,0.058117,0,7
9,run8_initcall.txt,ext4_init_fs,0.058209,0,77
9,run8_initcall.txt,journal_init,0.058241,0,15
9,run8_initcall.txt,init_fat_fs,0.058262,0,6
9,run8_initcall.txt,init_vfat_fs,0.058278,0,1
9,run8_initcall.txt,init_msdos_fs,0.058292,0,0
9,run8_initcall.txt,init_nfs_fs,0.058437,0,130
9,run8_initcall.txt,init_nfs_v2,0.058455,0,0
9,run8_initcall.txt,init_nfs_v3,0.05847,0,0
9,run8_initcall.txt,init_nfs_v4,0.058513,0,29
9,run8_initcall.txt,nfs4filelayout_init,0.058534,0,5
9,run8_initcall.txt,nfs4flexfilelayout_init,0.058555,0,6
9,run8_initcall.txt,init_nlm,0.058596,0,25
9,run8_initcall.txt,init_nls_cp437,0.058613,0,0
9,run8_initcall.txt,init_nls_ascii,0.058628,0,0
9,run8_initcall.txt,init_autofs_fs,0.058726,0,84
9,run8_initcall.txt,init_f2fs_fs,0.058886,0,142
9,run8_initcall.txt,ipc_init,0.058917,0,12
9,run8_initcall.txt,ipc_sysctl_init,0.058949,0,16
9,run8_initcall.txt,init_mqueue_fs,0.059003,0,37
9,run8_initcall.txt,key_proc_init,0.059023,0,2
9,run8_initcall.txt,bpf_crypto_skcipher_init,0.05904,0,0
9,run8_initcall.txt,dh_init,0.05906,0,2
9,run8_initcall.txt,rsa_init,0.059077,0,1
9,run8_initcall.txt,cryptomgr_init,0.059094,0,0
9,run8_initcall.txt,hmac_module_init,0.059111,0,0
9,run8_initcall.txt,crypto_sha256_mod_init,0.059131,0,4
9,run8_initcall.txt,crypto_ecb_module_init,0.059147,0,0
9,run8_initcall.txt,crypto_cbc_module_init,0.059163,0,0
9,run8_initcall.txt,crypto_cts_module_init,0.059179,0,0
9,run8_initcall.txt,xts_module_init,0.059195,0,0
9,run8_initcall.txt,des_generic_mod_init,0.059213,0,1
9,run8_initcall.txt,aes_init,0.05923,0,0
9,run8_initcall.txt,lzo_mod_init,0.059246,0,1
9,run8_initcall.txt,lzorle_mod_init,0.059263,0,0
9,run8_initcall.txt,asymmetric_key_init,0.059284,0,5
9,run8_initcall.txt,x509_key_init,0.059306,0,5
9,run8_initcall.txt,crypto_kdf108_init,0.059322,0,0
9,run8_initcall.txt,blkdev_init,0.059349,0,11
9,run8_initcall.txt,proc_genhd_init,0.059368,0,2
9,run8_initcall.txt,bsg_init,0.059401,0,15
9,run8_initcall.txt,throtl_init,0.059487,0,69
9,run8_initcall.txt,deadline_init,0.059512,0,6
9,run8_initcall.txt,kyber_init,0.059534,0,5
9,run8_initcall.txt,bfq_init,0.05957,0,20
9,run8_initcall.txt,io_uring_init,0.059608,0,21
9,run8_initcall.txt,percpu_counter_startup,0.05967,0,42
9,run8_initcall.txt,audit_classes_init,0.059699,0,2
9,run8_initcall.txt,gicv5_iwb_platform_driver_init,0.059782,0,66
9,run8_initcall.txt,mip_msi_driver_init,0.059824,0,26
9,run8_initcall.txt,bcm7038_l1_driver_init,0.059869,0,31
9,run8_initcall.txt,bcm7120_l2_driver_init,0.059914,0,29
9,run8_initcall.txt,brcmstb_l2_driver_init,0.059968,0,39
9,run8_initcall.txt,simple_pm_bus_driver_init,0.06045,0,466
9,run8_initcall.txt,phy_core_init,0.060479,0,13
9,run8_initcall.txt,brcm_usb_driver_init,0.060542,0,46
9,run8_initcall.txt,rp1_pinctrl_driver_init,0.060582,0,26
9,run8_initcall.txt,bcm2835_pinctrl_driver_init,0.061497,0,899
9,run8_initcall.txt,bcm2712_pinctrl_driver_init,0.061557,0,41
9,run8_initcall.txt,brcmvirt_gpio_driver_init,0.061607,0,29
9,run8_initcall.txt,brcmstb_gpio_driver_init,0.061649,0,27
9,run8_initcall.txt,rpi_exp_gpio_driver_init,0.062008,0,343
9,run8_initcall.txt,brcmstb_pwm_driver_init,0.062052,0,28
9,run8_initcall.txt,rp1_pwm_driver_init,0.062094,0,27
9,run8_initcall.txt,gpio_led_driver_init,0.063801,0,1691
9,run8_initcall.txt,led_pwm_driver_init,0.063848,0,30
9,run8_initcall.txt,timer_led_trigger_init,0.063863,0,1
9,run8_initcall.txt,oneshot_led_trigger_init,0.063878,0,0
9,run8_initcall.txt,heartbeat_trig_init,0.063894,0,2
9,run8_initcall.txt,bl_led_trigger_init,0.06391,0,0
9,run8_initcall.txt,ledtrig_cpu_init,0.063976,0,52
9,run8_initcall.txt,defon_led_trigger_init,0.064023,0,31
9,run8_initcall.txt,input_trig_init,0.06404,0,1
9,run8_initcall.txt,ledtrig_panic_init,0.064054,0,1
9,run8_initcall.txt,actpwr_trig_init,0.064225,0,156
9,run8_initcall.txt,pcie_portdrv_init,0.064301,0,55
9,run8_initcall.txt,pci_proc_init,0.064324,0,7
9,run8_initcall.txt,brcm_pcie_driver_init,0.177886,0,113542
9,run8_initcall.txt,bcm2708_fb_init,0.190192,0,12285
9,run8_initcall.txt,simplefb_driver_init,0.190286,0,43
9,run8_initcall.txt,of_fixed_factor_clk_driver_init,0.190367,0,28
9,run8_initcall.txt,of_fixed_clk_driver_init,0.19044,0,27
9,run8_initcall.txt,gpio_clk_driver_init,0.190517,0,32
9,run8_initcall.txt,gated_fixed_clk_driver_init,0.190588,0,27
9,run8_initcall.txt,rp1_clk_driver_init,0.19066,0,27
9,run8_initcall.txt,rp1_sdio_clk_driver_init,0.190734,0,29
9,run8_initcall.txt,clk_dvp_driver_init,0.190806,0,27
9,run8_initcall.txt,bcm2835_aux_clk_driver_init,0.190906,0,56
9,run8_initcall.txt,raspberrypi_clk_driver_init,0.206297,0,15343
9,run8_initcall.txt,dw_driver_init,0.20638,0,37
9,run8_initcall.txt,bcm2835_power_driver_init,0.206446,0,22
9,run8_initcall.txt,rpi_power_driver_init,0.224486,0,17995
9,run8_initcall.txt,brcmstb_reset_driver_init,0.226388,0,34
9,run8_initcall.txt,brcm_rescal_reset_driver_init,0.228267,0,29
9,run8_initcall.txt,rpi_reset_driver_init,0.231159,0,1020
9,run8_initcall.txt,reset_simple_driver_init,0.233119,0,61
9,run8_initcall.txt,n_null_init,0.235003,0,0
9,run8_initcall.txt,pty_init,0.236916,0,78
9,run8_initcall.txt,sysrq_init,0.238818,0,13
9,run8_initcall.txt,serial8250_init,0.240701,-19,0
9,run8_initcall.txt,bcm2835aux_serial_driver_init,0.242618,0,33
9,run8_initcall.txt,brcmuart_init,0.244534,0,41
9,run8_initcall.txt,exar_pci_driver_init,0.246451,0,29
9,run8_initcall.txt,of_platform_serial_driver_init,0.248406,0,71
9,run8_initcall.txt,serial_pci_driver_init,0.250322,0,27
9,run8_initcall.txt,pericom8250_pci_driver_init,0.252213,0,19
9,run8_initcall.txt,init_kgdboc,0.255079,0,1000
9,run8_initcall.txt,random_sysctls_init,0.256969,0,12
9,run8_initcall.txt,ttyprintk_init,0.258932,0,70
9,run8_initcall.txt,bcm2835_rng_driver_init,0.260873,0,47
9,run8_initcall.txt,bcm74110_rng_driver_init,0.262856,0,33
9,run8_initcall.txt,iproc_rng200_driver_init,0.267049,0,2218
9,run8_initcall.txt,smccc_trng_driver_init,0.269113,0,21
9,run8_initcall.txt,vc_mem_init,0.272411,0,1209
9,run8_initcall.txt,vcio_driver_init,0.275999,0,1389
9,run8_initcall.txt,bcm2712_iommu_driver_init,0.278307,0,31
9,run8_initcall.txt,bcm2712_iommu_cache_driver_init,0.280647,0,30
9,run8_initcall.txt,topology_sysfs_init,0.283074,0,60
9,run8_initcall.txt,cacheinfo_sysfs_init,0.285691,0,235
9,run8_initcall.txt,devcoredump_init,0.288085,0,9
9,run8_initcall.txt,brd_init,0.29526,0,4795
9,run8_initcall.txt,loop_init,0.301252,0,3613
9,run8_initcall.txt,bcm2835_pm_driver_init,0.30482,0,1277
9,run8_initcall.txt,stmpe_i2c_driver_init,0.307176,0,17
9,run8_initcall.txt,stmpe_spi_driver_init,0.309531,0,12
9,run8_initcall.txt,rp1_driver_init,0.311894,0,25
9,run8_initcall.txt,system_heap_create,0.31432,0,77
9,run8_initcall.txt,add_default_cma_heap,0.316753,0,82
9,run8_initcall.txt,udmabuf_dev_init,0.319125,0,42
9,run8_initcall.txt,iscsi_transport_init,0.32285,0,1390
9,run8_initcall.txt,init_sd,0.325232,0,23
9,run8_initcall.txt,nvme_core_init,0.327819,0,245
9,run8_initcall.txt,nvme_init,0.330201,0,28
9,run8_initcall.txt,blackhole_netdev_init,0.332559,0,19
9,run8_initcall.txt,netkit_init,0.334897,0,5
9,run8_initcall.txt,phylink_init,0.337195,0,0
9,run8_initcall.txt,phy_module_init,0.339692,0,168
9,run8_initcall.txt,phy_module_init,0.342193,0,174
9,run8_initcall.txt,fixed_mdio_bus_init,0.344673,0,147
9,run8_initcall.txt,phy_module_init,0.34718,0,165
9,run8_initcall.txt,phy_module_init,0.349523,0,18
9,run8_initcall.txt,phy_module_init,0.351884,0,61
9,run8_initcall.txt,unimac_mdio_driver_init,0.354224,0,89
9,run8_initcall.txt,macb_driver_init,0.3566,0,84
9,run8_initcall.txt,bcmgenet_driver_init,0.553993,0,195107
9,run8_initcall.txt,bcmasp_driver_init,0.556345,0,64
9,run8_initcall.txt,lan78xx_driver_init,0.559808,0,1175
9,run8_initcall.txt,smsc95xx_driver_init,0.563325,0,1184
9,run8_initcall.txt,usbnet_init,0.565658,0,0
9,run8_initcall.txt,xhci_hcd_init,0.567983,0,12
9,run8_initcall.txt,xhci_pci_init,0.693908,0,123639
9,run8_initcall.txt,xhci_plat_init,0.696188,0,86
9,run8_initcall.txt,dwc_otg_driver_init,0.702694,0,4329
9,run8_initcall.txt,dwc_common_port_init_module,0.706047,0,1200
9,run8_initcall.txt,dwc3_driver_init,0.708257,0,49
9,run8_initcall.txt,dwc3_haps_driver_init,0.710438,0,22
9,run8_initcall.txt,dwc3_of_simple_driver_init,0.71263,0,45
9,run8_initcall.txt,dwc3_generic_driver_init,0.714816,0,35
9,run8_initcall.txt,dwc2_platform_driver_init,0.717068,0,110
9,run8_initcall.txt,uas_init,0.720312,0,1147
9,run8_initcall.txt,usb_storage_driver_init,0.723518,0,1074
9,run8_initcall.txt,brcmstb_usb_pinmap_init,0.725692,-19,57
9,run8_initcall.txt,bdc_driver_init,0.727848,0,38
9,run8_initcall.txt,input_leds_init,0.729984,0,1
9,run8_initcall.txt,mousedev_init,0.733292,0,1177
9,run8_initcall.txt,evdev_init,0.735454,0,0
9,run8_initcall.txt,brcmstb_waketmr_driver_init,0.737606,0,36
9,run8_initcall.txt,rpi_rtc_driver_init,0.7398,0,31
9,run8_initcall.txt,init_rc_map_adstech_dvb_t_pci,0.741965,0,0
9,run8_initcall.txt,init_rc_map_alink_dtu_m,0.744123,0,0
9,run8_initcall.txt,init_rc_map_anysee,0.746271,0,0
9,run8_initcall.txt,init_rc_map_apac_viewcomp,0.74843,0,0
9,run8_initcall.txt,init_rc_map_t2hybrid,0.750618,0,0
9,run8_initcall.txt,init_rc_map_asus_pc39,0.752747,0,0
9,run8_initcall.txt,init_rc_map_asus_ps3_100,0.754911,0,0
9,run8_initcall.txt,init_rc_map_ati_tv_wonder_hd_600,0.757089,0,0
9,run8_initcall.txt,init_rc_map_ati_x10,0.759271,0,0
9,run8_initcall.txt,init_rc_map_avermedia_a16d,0.761478,0,0
9,run8_initcall.txt,init_rc_map_avermedia_cardbus,0.763675,0,0
9,run8_initcall.txt,init_rc_map_avermedia_dvbt,0.765875,0,0
9,run8_initcall.txt,init_rc_map_avermedia_m135a,0.768074,0,0
9,run8_initcall.txt,init_rc_map_avermedia_m733a_rm_k6,0.77026,0,0
9,run8_initcall.txt,init_rc_map_avermedia,0.772472,0,0
9,run8_initcall.txt,init_rc_map_avermedia_rm_ks,0.774676,0,0
9,run8_initcall.txt,init_rc_map_avertv_303,0.776882,0,0
9,run8_initcall.txt,init_rc_map_azurewave_ad_tu700,0.779075,0,0
9,run8_initcall.txt,init_rc_map_beelink_gs1,0.781266,0,0
9,run8_initcall.txt,init_rc_map_beelink_mxiii,0.78345,0,0
9,run8_initcall.txt,init_rc_map_behold_columbus,0.78562,0,0
9,run8_initcall.txt,init_rc_map_behold,0.787774,0,0
9,run8_initcall.txt,init_rc_map_budget_ci_old,0.789954,0,0
9,run8_initcall.txt,init_rc_map_cinergy_1400,0.792116,0,0
9,run8_initcall.txt,init_rc_map_cinergy,0.794267,0,0
9,run8_initcall.txt,init_rc_map_ct_90405,0.796404,0,0
9,run8_initcall.txt,init_rc_map_d680_dmb,0.798553,0,0
9,run8_initcall.txt,init_rc_map_delock_61959,0.800663,0,0
9,run8_initcall.txt,init_rc_map,0.802735,0,0
9,run8_initcall.txt,init_rc_map,0.804847,0,0
9,run8_initcall.txt,init_rc_map_digitalnow_tinytwin,0.806953,0,0
9,run8_initcall.txt,init_rc_map_digittrade,0.809068,0,0
9,run8_initcall.txt,init_rc_map_dm1105_nec,0.811161,0,0
9,run8_initcall.txt,init_rc_map_dntv_live_dvb_t,0.813255,0,0
9,run8_initcall.txt,init_rc_map_dntv_live_dvbt_pro,0.815367,0,0
9,run8_initcall.txt,init_rc_map_dreambox,0.817486,0,0
9,run8_initcall.txt,init_rc_map_dtt200u,0.819544,0,0
9,run8_initcall.txt,init_rc_map_rc5_dvbsky,0.821632,0,0
9,run8_initcall.txt,init_rc_map_dvico_mce,0.823721,0,0
9,run8_initcall.txt,init_rc_map_dvico_portable,0.825814,0,0
9,run8_initcall.txt,init_rc_map_em_terratec,0.827886,0,0
9,run8_initcall.txt,init_rc_map_encore_enltv2,0.82997,0,0
9,run8_initcall.txt,init_rc_map_encore_enltv_fm53,0.832064,0,0
9,run8_initcall.txt,init_rc_map_encore_enltv,0.834231,0,0
9,run8_initcall.txt,init_rc_map_evga_indtube,0.836274,0,0
9,run8_initcall.txt,init_rc_map_eztv,0.838365,0,0
9,run8_initcall.txt,init_rc_map_flydvb,0.840422,0,0
9,run8_initcall.txt,init_rc_map_flyvideo,0.842479,0,0
9,run8_initcall.txt,init_rc_map_fusionhdtv_mce,0.844538,0,0
9,run8_initcall.txt,init_rc_map_gadmei_rm008z,0.84658,0,0
9,run8_initcall.txt,init_rc_map_geekbox,0.848616,0,0
9,run8_initcall.txt,init_rc_map_genius_tvgo_a11mce,0.850659,0,0
9,run8_initcall.txt,init_rc_map_gotview7135,0.852657,0,0
9,run8_initcall.txt,init_rc_map_rc5_hauppauge_new,0.854709,0,0
9,run8_initcall.txt,init_rc_map_hisi_poplar,0.856759,0,0
9,run8_initcall.txt,init_rc_map_hisi_tv_demo,0.858822,0,0
9,run8_initcall.txt,init_rc_map_imon_mce,0.860876,0,0
9,run8_initcall.txt,init_rc_map_imon_pad,0.862945,0,0
9,run8_initcall.txt,init_rc_map_imon_rsc,0.864988,0,0
9,run8_initcall.txt,init_rc_map_iodata_bctv7e,0.867017,0,0
9,run8_initcall.txt,init_rc_it913x_v1_map,0.869031,0,0
9,run8_initcall.txt,init_rc_it913x_v2_map,0.871043,0,0
9,run8_initcall.txt,init_rc_map_kaiomy,0.873068,0,0
9,run8_initcall.txt,init_rc_map_khadas,0.875091,0,0
9,run8_initcall.txt,init_rc_map_khamsin,0.877112,0,0
9,run8_initcall.txt,init_rc_map_kworld_315u,0.879116,0,0
9,run8_initcall.txt,init_rc_map_kworld_pc150u,0.88111,0,0
9,run8_initcall.txt,init_rc_map_kworld_plus_tv_analog,0.883105,0,0
9,run8_initcall.txt,init_rc_map_leadtek_y04g0051,0.885115,0,0
9,run8_initcall.txt,init_rc_lme2510_map,0.887086,0,0
9,run8_initcall.txt,init_rc_map_manli,0.889112,0,0
9,run8_initcall.txt,init_rc_map_mecool_kiii_pro,0.89115,0,0
9,run8_initcall.txt,init_rc_map_mecool_kii_pro,0.893186,0,0
9,run8_initcall.txt,init_rc_map_medion_x10_digitainer,0.895215,0,0
9,run8_initcall.txt,init_rc_map_medion_x10,0.897273,0,0
9,run8_initcall.txt,init_rc_map_medion_x10_or2x,0.899304,0,0
9,run8_initcall.txt,init_rc_map_minix_neo,0.901343,0,0
9,run8_initcall.txt,init_rc_map_msi_digivox_iii,0.90335,0,0
9,run8_initcall.txt,init_rc_map_msi_digivox_ii,0.90541,0,0
9,run8_initcall.txt,init_rc_map_msi_tvanywhere,0.90747,0,0
9,run8_initcall.txt,init_rc_map_msi_tvanywhere_plus,0.909522,0,0
9,run8_initcall.txt,init_rc_map_mygica_utv3,0.911568,0,0
9,run8_initcall.txt,init_rc_map_nebula,0.913631,0,0
9,run8_initcall.txt,init_rc_map_nec_terratec_cinergy_xs,0.915678,0,0
9,run8_initcall.txt,init_rc_map_norwood,0.917724,0,0
9,run8_initcall.txt,init_rc_map_npgtech,0.919726,0,0
9,run8_initcall.txt,init_rc_map_odroid,0.921763,0,0
9,run8_initcall.txt,init_rc_map_pctv_sedna,0.923791,0,0
9,run8_initcall.txt,init_rc_map_pine64,0.925832,0,0
9,run8_initcall.txt,init_rc_map_pinnacle_color,0.92787,0,0
9,run8_initcall.txt,init_rc_map_pinnacle_grey,0.929916,0,0
9,run8_initcall.txt,init_rc_map_pinnacle_pctv_hd,0.931963,0,0
9,run8_initcall.txt,init_rc_map_pixelview,0.934017,0,0
9,run8_initcall.txt,init_rc_map_pixelview,0.937095,0,0
9,run8_initcall.txt,init_rc_map_pixelview_new,0.939183,0,0
9,run8_initcall.txt,init_rc_map_pixelview,0.941279,0,0
9,run8_initcall.txt,init_rc_map_powercolor_real_angel,0.943374,0,0
9,run8_initcall.txt,init_rc_map_proteus_2309,0.945475,0,0
9,run8_initcall.txt,init_rc_map_purpletv,0.947569,0,0
9,run8_initcall.txt,init_rc_map_pv951,0.949665,0,0
9,run8_initcall.txt,init_rc_map_rc6_mce,0.951751,0,0
9,run8_initcall.txt,init_rc_map_real_audio_220_32_keys,0.953804,0,0
9,run8_initcall.txt,init_rc_map_reddo,0.955898,0,0
9,run8_initcall.txt,init_rc_map_siemens_gigaset_rc20,0.958015,0,0
9,run8_initcall.txt,init_rc_map_snapstream_firefly,0.960122,0,0
9,run8_initcall.txt,init_rc_map_streamzap,0.962244,0,0
9,run8_initcall.txt,init_rc_map_su3000,0.96437,0,0
9,run8_initcall.txt,init_rc_map_tanix_tx3mini,0.966487,0,0
9,run8_initcall.txt,init_rc_map_tanix_tx5max,0.968599,0,0
9,run8_initcall.txt,init_rc_map_tbs_nec,0.970685,0,0
9,run8_initcall.txt,init_rc_map,0.972823,0,0
9,run8_initcall.txt,init_rc_map,0.974967,0,0
9,run8_initcall.txt,init_rc_map_terratec_cinergy_c_pci,0.977108,0,0
9,run8_initcall.txt,init_rc_map_terratec_cinergy_s2_hd,0.979248,0,0
9,run8_initcall.txt,init_rc_map_terratec_cinergy_xs,0.981384,0,0
9,run8_initcall.txt,init_rc_map_terratec_slim_2,0.983507,0,0
9,run8_initcall.txt,init_rc_map_terratec_slim,0.985625,0,0
9,run8_initcall.txt,init_rc_map_tevii_nec,0.987753,0,0
9,run8_initcall.txt,init_rc_map_tivo,0.989905,0,0
9,run8_initcall.txt,init_rc_map_total_media_in_hand_02,0.992068,0,0
9,run8_initcall.txt,init_rc_map_total_media_in_hand,0.994239,0,0
9,run8_initcall.txt,init_rc_map_trekstor,0.996411,0,0
9,run8_initcall.txt,init_rc_map_tt_1500,0.998593,0,0
9,run8_initcall.txt,init_rc_map_twinhan_vp1027,1.00075,0,0
9,run8_initcall.txt,init_rc_map_twinhan_dtv_cab_ci,1.00287,0,0
9,run8_initcall.txt,init_rc_map_vega_s9x,1.005023,0,0
9,run8_initcall.txt,init_rc_map_videomate_k100,1.007177,0,0
9,run8_initcall.txt,init_rc_map_videomate_s350,1.009328,0,0
9,run8_initcall.txt,init_rc_map_videomate_tv_pvr,1.011458,0,0
9,run8_initcall.txt,init_rc_map_kii_pro,1.013576,0,0
9,run8_initcall.txt,init_rc_map_wetek_hub,1.015694,0,0
9,run8_initcall.txt,init_rc_map_wetek_play2,1.017825,0,0
9,run8_initcall.txt,init_rc_map_winfast,1.019916,0,0
9,run8_initcall.txt,init_rc_map_winfast_usbii_deluxe,1.022047,0,0
9,run8_initcall.txt,init_rc_map_x96max,1.024184,0,0
9,run8_initcall.txt,init_rc_map,1.026318,0,0
9,run8_initcall.txt,init_rc_map,1.028435,0,0
9,run8_initcall.txt,init_rc_map_zx_irdec,1.030556,0,0
9,run8_initcall.txt,ptp_kvm_init,1.032658,-95,0
9,run8_initcall.txt,gpio_poweroff_driver_init,1.034833,0,64
9,run8_initcall.txt,bcm2711_thermal_driver_init,1.038514,0,1605
9,run8_initcall.txt,bcm2835_thermal_driver_init,1.040688,0,44
9,run8_initcall.txt,bcm2835_wdt_driver_init,1.042863,0,22
9,run8_initcall.txt,dt_cpufreq_platdrv_init,1.045034,0,21
9,run8_initcall.txt,brcm_avs_cpufreq_platdrv_init,1.047241,0,35
9,run8_initcall.txt,raspberrypi_cpufreq_driver_init,1.0524,0,2933
9,run8_initcall.txt,mmc_pwrseq_simple_driver_init,1.054677,0,56
9,run8_initcall.txt,mmc_pwrseq_emmc_driver_init,1.056926,0,36
9,run8_initcall.txt,mmc_blk_init,1.059223,0,31
9,run8_initcall.txt,sdhci_drv_init,1.063697,0,2226
9,run8_initcall.txt,bcm2835_mmc_driver_init,1.067117,0,1163
9,run8_initcall.txt,bcm2835_driver_init,1.069388,0,32
9,run8_initcall.txt,sdhci_pltfm_drv_init,1.072803,0,1131
9,run8_initcall.txt,sdhci_iproc_driver_init,1.075281,0,63
9,run8_initcall.txt,sdhci_brcmstb_driver_init,1.075345,0,48
9,run8_initcall.txt,esrt_sysfs_init,1.075358,-38,0
9,run8_initcall.txt,smccc_devices_init,1.075368,0,0
9,run8_initcall.txt,smccc_soc_init,1.075377,0,1
9,run8_initcall.txt,arch_timer_mmio_drv_init,1.075418,0,31
9,run8_initcall.txt,arch_timer_mmio_acpi_drv_init,1.075449,0,21
9,run8_initcall.txt,hid_init,1.075523,0,65
9,run8_initcall.txt,hid_generic_init,1.075569,0,36
9,run8_initcall.txt,hid_init,1.075619,0,41
9,run8_initcall.txt,bcm74110_mbox_driver_init,1.07567,0,38
9,run8_initcall.txt,extcon_class_init,1.075687,0,6
9,run8_initcall.txt,armv8_pmu_driver_init,1.111821,0,36124
9,run8_initcall.txt,binder_init,1.116529,0,90
9,run8_initcall.txt,rpi_otp_driver_init,1.124817,0,4786
9,run8_initcall.txt,sock_diag_init,1.127108,0,42
9,run8_initcall.txt,blackhole_init,1.12934,0,1
9,run8_initcall.txt,cls_bpf_init_mod,1.133711,0,0
9,run8_initcall.txt,gre_offload_init,1.135865,0,0
9,run8_initcall.txt,sysctl_ipv4_init,1.138102,0,75
9,run8_initcall.txt,cubictcp_register,1.140238,0,2
9,run8_initcall.txt,packet_init,1.143468,0,1084
9,run8_initcall.txt,init_rpcsec_gss,1.145679,0,15
9,run8_initcall.txt,init_kerberos_module,1.147855,0,5
9,run8_initcall.txt,dcbnl_init,1.150007,0,2
9,run8_initcall.txt,init_dns_resolver,1.153169,0,1043
9,run8_initcall.txt,handshake_init,1.155406,0,59
9,run8_initcall.txt,check_mmu_enabled_at_boot,1.157641,0,0
9,run8_initcall.txt,finalize_pkvm,1.159822,0,0
9,run8_initcall.txt,kernel_do_mounts_initrd_sysctls_init,1.163207,0,5
9,run8_initcall.txt,kernel_panic_sysctls_init,1.165417,0,11
9,run8_initcall.txt,kernel_panic_sysfs_init,1.16764,0,4
9,run8_initcall.txt,kernel_exit_sysctls_init,1.169841,0,2
9,run8_initcall.txt,kernel_exit_sysfs_init,1.172081,0,5
9,run8_initcall.txt,param_sysfs_builtin_init,1.183633,0,9307
9,run8_initcall.txt,reboot_ksysfs_init,1.185967,0,28
9,run8_initcall.txt,sched_core_sysctl_init,1.188176,0,4
9,run8_initcall.txt,sched_fair_sysctl_init,1.190353,0,2
9,run8_initcall.txt,sched_rt_sysctl_init,1.192494,0,3
9,run8_initcall.txt,sched_dl_sysctl_init,1.194886,0,6
9,run8_initcall.txt,sched_init_debug,1.197112,0,106
9,run8_initcall.txt,cpu_latency_qos_init,1.199374,0,123
9,run8_initcall.txt,printk_late_init,1.202179,0,18
9,run8_initcall.txt,init_srcu_module_notifier,1.204352,0,1
9,run8_initcall.txt,kernel_rcu_stall_sysfs_init,1.206571,0,7
9,run8_initcall.txt,swiotlb_create_default_debugfs,1.208807,0,27
9,run8_initcall.txt,tk_debug_sleep_time_init,1.211055,0,2
9,run8_initcall.txt,bpf_ksym_iter_register,1.213322,0,2
9,run8_initcall.txt,kernel_acct_sysctls_init,1.215577,0,3
9,run8_initcall.txt,bpf_rstat_kfunc_init,1.217838,0,1
9,run8_initcall.txt,debugfs_kprobe_init,1.22006,0,8
9,run8_initcall.txt,kernel_delayacct_sysctls_init,1.22232,0,3
9,run8_initcall.txt,taskstats_init,1.225714,0,1151
9,run8_initcall.txt,bpf_global_ma_init,1.228067,0,107
9,run8_initcall.txt,bpf_syscall_sysctl_init,1.230331,0,4
9,run8_initcall.txt,unbound_reg_init,1.232565,0,0
9,run8_initcall.txt,kfunc_init,1.234984,0,1
9,run8_initcall.txt,bpf_map_iter_init,1.237311,0,0
9,run8_initcall.txt,init_subsystem,1.239688,0,0
9,run8_initcall.txt,task_iter_init,1.242069,0,1
9,run8_initcall.txt,bpf_prog_iter_init,1.244325,0,0
9,run8_initcall.txt,bpf_link_iter_init,1.246512,0,0
9,run8_initcall.txt,init_trampolines,1.24868,0,3
9,run8_initcall.txt,rqspinlock_register_kfuncs,1.250847,0,0
9,run8_initcall.txt,kfunc_init,1.252952,0,0
9,run8_initcall.txt,bpf_cgroup_iter_init,1.255086,0,0
9,run8_initcall.txt,cpumask_kfunc_init,1.257263,0,9
9,run8_initcall.txt,crypto_kfunc_init,1.259389,0,0
9,run8_initcall.txt,bpf_kmem_cache_iter_init,1.261527,0,0
9,run8_initcall.txt,dmabuf_iter_init,1.263664,0,0
9,run8_initcall.txt,load_system_certificate_list,1.266893,0,1072
9,run8_initcall.txt,init_lru_gen,1.269072,0,15
9,run8_initcall.txt,vmstat_late_init,1.271232,0,3
9,run8_initcall.txt,fault_around_debugfs,1.273457,0,3
9,run8_initcall.txt,slab_sysfs_init,1.279538,0,3929
9,run8_initcall.txt,max_swapfiles_check,1.281719,0,0
9,run8_initcall.txt,zswap_init,1.28383,0,0
9,run8_initcall.txt,mempolicy_sysfs_init,1.285952,0,13
9,run8_initcall.txt,memory_tier_late_init,1.29029,0,2209
9,run8_initcall.txt,check_early_ioremap_leak,1.292412,0,0
9,run8_initcall.txt,mg_debugfs_init,1.294556,0,16
9,run8_initcall.txt,fscrypt_init,1.298889,0,2216
9,run8_initcall.txt,pstore_init,1.301013,0,11
9,run8_initcall.txt,init_root_keyring,1.303125,0,33
9,run8_initcall.txt,init_profile_hash,1.305249,0,0
9,run8_initcall.txt,integrity_fs_init,1.307371,0,7
9,run8_initcall.txt,crypto_algapi_init,1.309496,0,8
9,run8_initcall.txt,blk_timeout_init,1.311609,0,0
9,run8_initcall.txt,depot_debugfs_init,1.313755,0,21
9,run8_initcall.txt,pci_resource_alignment_sysfs_init,1.315895,0,4
9,run8_initcall.txt,pci_sysfs_init,1.318064,0,11
9,run8_initcall.txt,clk_debug_init,1.320525,0,342
9,run8_initcall.txt,genpd_debug_init,1.323011,0,319
9,run8_initcall.txt,sync_state_resume_initcall,1.325194,0,1
9,run8_initcall.txt,deferred_probe_initcall,1.396243,0,68877
9,run8_initcall.txt,efi_shutdown_init,1.398462,-19,0
9,run8_initcall.txt,efi_earlycon_unmap_fb,1.400498,0,0
9,run8_initcall.txt,psci_debugfs_init,1.402521,0,0
9,run8_initcall.txt,of_cfs_init,1.406592,0,2056
9,run8_initcall.txt,of_fdt_raw_init,1.408612,0,29
9,run8_initcall.txt,bpf_kfunc_init,1.410612,0,2
9,run8_initcall.txt,init_subsystem,1.412609,0,0
9,run8_initcall.txt,xdp_metadata_init,1.414591,0,0
9,run8_initcall.txt,bpf_sockmap_iter_init,1.416568,0,1
9,run8_initcall.txt,bpf_sk_storage_map_iter_init,1.418564,0,0
9,run8_initcall.txt,bpf_prog_test_run_init,1.420517,0,1
9,run8_initcall.txt,bpf_dummy_struct_ops_init,1.422521,0,0
9,run8_initcall.txt,tcp_congestion_default,1.424511,0,1
9,run8_initcall.txt,inet_blackhole_dev_init,1.426498,0,5
9,run8_initcall.txt,ip_auto_config,1.42848,0,9
9,run8_initcall.txt,tcp_bpf_v4_build_proto,1.430458,0,1
9,run8_initcall.txt,udp_bpf_v4_build_proto,1.432381,0,0
9,run8_initcall.txt,bpf_tcp_ca_kfunc_init,1.434316,0,0
9,run8_initcall.txt,bpf_mptcp_kfunc_init,1.436201,0,0
9,run8_initcall.txt,fb_logo_late_init,1.438118,0,0
9,run8_initcall.txt,amba_stub_drv_init,1.442032,0,23
9,run8_initcall.txt,clk_disable_unused,1.445036,0,1030
9,run8_initcall.txt,genpd_power_off_unused,1.44818,0,1062
9,run8_initcall.txt,regulator_init_complete,1.450321,0,1
9,run8_initcall.txt,of_platform_sync_state_init,1.45247,0,15
10,run9_initcall.txt,cpufreq_gov_performance_init,0.013948,0,0
10,run9_initcall.txt,cpufreq_gov_powersave_init,0.013968,0,0
10,run9_initcall.txt,cpufreq_gov_userspace_init,0.013986,0,0
10,run9_initcall.txt,CPU_FREQ_GOV_ONDEMAND_init,0.014004,0,0
10,run9_initcall.txt,CPU_FREQ_GOV_CONSERVATIVE_init,0.014022,0,0
10,run9_initcall.txt,cpufreq_dt_platdev_init,0.01406,-19,0
10,run9_initcall.txt,cpuidle_init,0.014083,0,0
10,run9_initcall.txt,rpi_firmware_init,0.014111,0,0
10,run9_initcall.txt,arm_dmi_init,0.014132,0,0
10,run9_initcall.txt,arch_timer_evtstrm_register,0.014245,0,0
10,run9_initcall.txt,sock_init,0.016303,0,4000
10,run9_initcall.txt,net_inuse_init,0.016332,0,0
10,run9_initcall.txt,sock_struct_check,0.016347,0,0
10,run9_initcall.txt,init_default_flow_dissectors,0.016364,0,0
10,run9_initcall.txt,netlink_proto_init,0.016466,0,0
10,run9_initcall.txt,genl_init,0.016494,0,0
10,run9_initcall.txt,debug_monitors_init,0.016634,0,0
10,run9_initcall.txt,init_overflow_sysctl,0.016659,0,0
10,run9_initcall.txt,irq_sysfs_init,0.016783,0,0
10,run9_initcall.txt,dma_atomic_pool_init,0.017392,0,0
10,run9_initcall.txt,audit_init,0.017523,0,0
10,run9_initcall.txt,bdi_class_init,0.017557,0,0
10,run9_initcall.txt,mm_sysfs_init,0.017574,0,0
10,run9_initcall.txt,init_per_zone_wmark_min,0.017597,0,0
10,run9_initcall.txt,ramoops_init,0.01763,0,0
10,run9_initcall.txt,gpiolib_sysfs_init,0.017652,0,0
10,run9_initcall.txt,pcibus_class_init,0.017674,0,0
10,run9_initcall.txt,pci_driver_init,0.017709,0,0
10,run9_initcall.txt,amba_init,0.017735,0,0
10,run9_initcall.txt,__bcm2835_clk_driver_init,0.017758,0,0
10,run9_initcall.txt,tty_class_init,0.017778,0,0
10,run9_initcall.txt,vtconsole_class_init,0.017826,0,0
10,run9_initcall.txt,serdev_init,0.017852,0,0
10,run9_initcall.txt,iommu_dev_init,0.017875,0,0
10,run9_initcall.txt,mipi_dsi_bus_init,0.017901,0,0
10,run9_initcall.txt,devlink_class_init,0.017923,0,0
10,run9_initcall.txt,software_node_init,0.017942,0,0
10,run9_initcall.txt,regmap_initcall,0.017962,0,0
10,run9_initcall.txt,sram_init,0.017987,0,0
10,run9_initcall.txt,spi_init,0.018025,0,0
10,run9_initcall.txt,i2c_init,0.018065,0,0
10,run9_initcall.txt,thermal_init,0.0181,0,0
10,run9_initcall.txt,init_menu,0.018142,0,0
10,run9_initcall.txt,efipostcore_init,0.018159,0,0
10,run9_initcall.txt,kobject_uevent_init,0.018182,0,0
10,run9_initcall.txt,init_uevent_helper_sysctl,0.0182,0,0
10,run9_initcall.txt,reserve_memblock_reserved_regions,0.018298,0,0
10,run9_initcall.txt,aarch32_alloc_vdso_pages,0.018318,0,0
10,run9_initcall.txt,vdso_init,0.018334,0,0
10,run9_initcall.txt,arm64_create_dummy_rsi_dev,0.018349,0,0
10,run9_initcall.txt,arch_hw_breakpoint_init,0.018414,0,0
10,run9_initcall.txt,adjust_protection_map,0.018436,0,0
10,run9_initcall.txt,asids_update_limit,0.018462,0,0
10,run9_initcall.txt,kcmp_cookies_init,0.018481,0,0
10,run9_initcall.txt,dma_channel_table_init,0.018506,0,0
10,run9_initcall.txt,dma_bus_init,0.018616,0,0
10,run9_initcall.txt,brcmstb_soc_device_init,0.01892,0,0
10,run9_initcall.txt,serial_base_init,0.018973,0,0
10,run9_initcall.txt,pl011_init,0.019014,0,0
10,run9_initcall.txt,iommu_dma_init,0.019045,0,0
10,run9_initcall.txt,dmi_id_init,0.019064,-19,0
10,run9_initcall.txt,bcm2835_mbox_init,0.01909,0,0
10,run9_initcall.txt,of_platform_default_populate_init,0.040118,0,24000
10,run9_initcall.txt,register_mte_tcf_preferred_sysctl,0.040219,0,0
10,run9_initcall.txt,init_fork_sysctl,0.040249,0,0
10,run9_initcall.txt,uid_cache_init,0.040295,0,0
10,run9_initcall.txt,pid_namespace_sysctl_init,0.040319,0,0
10,run9_initcall.txt,param_sysfs_init,0.040338,0,0
10,run9_initcall.txt,user_namespace_sysctl_init,0.040371,0,0
10,run9_initcall.txt,proc_schedstat_init,0.040392,0,0
10,run9_initcall.txt,init_rtmutex_sysctl,0.040409,0,0
10,run9_initcall.txt,pm_sysrq_init,0.040455,0,0
10,run9_initcall.txt,init_rcu_stall_sysctl,0.040475,0,0
10,run9_initcall.txt,init_module_sysctl,0.040493,0,0
10,run9_initcall.txt,create_proc_profile,0.04051,0,0
10,run9_initcall.txt,cgroup_sysfs_init,0.04053,0,0
10,run9_initcall.txt,user_namespaces_init,0.040556,0,0
10,run9_initcall.txt,hung_task_init,0.040653,0,0
10,run9_initcall.txt,dev_map_init,0.040672,0,0
10,run9_initcall.txt,netns_bpf_init,0.040687,0,0
10,run9_initcall.txt,oom_init,0.040744,0,0
10,run9_initcall.txt,init_user_buckets,0.040759,0,0
10,run9_initcall.txt,init_vm_util_sysctls,0.040779,0,0
10,run9_initcall.txt,default_bdi_init,0.040879,0,0
10,run9_initcall.txt,cgwb_init,0.040907,0,0
10,run9_initcall.txt,percpu_enable_async,0.040922,0,0
10,run9_initcall.txt,kcompactd_init,0.041028,0,0
10,run9_initcall.txt,init_mm_sysctl,0.041046,0,0
10,run9_initcall.txt,init_user_reserve,0.041063,0,0
10,run9_initcall.txt,init_admin_reserve,0.041077,0,0
10,run9_initcall.txt,init_reserve_notifier,0.041091,0,0
10,run9_initcall.txt,swap_init,0.041111,0,0
10,run9_initcall.txt,swapfile_init,0.041133,0,0
10,run9_initcall.txt,memory_tier_init,0.041178,0,0
10,run9_initcall.txt,numa_init_sysfs,0.041198,0,0
10,run9_initcall.txt,mem_cgroup_swap_init,0.041216,0,0
10,run9_initcall.txt,init_msg_buckets,0.041232,0,0
10,run9_initcall.txt,init_bio,0.041277,0,0
10,run9_initcall.txt,blk_ioc_init,0.041297,0,0
10,run9_initcall.txt,blk_mq_init,0.041315,0,0
10,run9_initcall.txt,genhd_device_init,0.041403,0,0
10,run9_initcall.txt,blkcg_punt_bio_init,0.041501,0,0
10,run9_initcall.txt,blk_integrity_auto_init,0.041566,0,0
10,run9_initcall.txt,io_wq_init,0.041587,0,0
10,run9_initcall.txt,crc_t10dif_mod_init,0.041612,0,0
10,run9_initcall.txt,sha256_mod_init,0.041631,0,0
10,run9_initcall.txt,sha512_mod_init,0.041647,0,0
10,run9_initcall.txt,sg_pool_init,0.041677,0,0
10,run9_initcall.txt,gpiolib_debugfs_init,0.041699,0,0
10,run9_initcall.txt,stmpe_gpio_init,0.041769,0,0
10,run9_initcall.txt,pwm_init,0.041791,0,0
10,run9_initcall.txt,leds_init,0.041817,0,0
10,run9_initcall.txt,pci_slot_init,0.041837,0,0
10,run9_initcall.txt,fbmem_init,0.041896,0,0
10,run9_initcall.txt,bcm2835_dma_init,0.042578,0,0
10,run9_initcall.txt,regulator_fixed_voltage_init,0.042642,0,0
10,run9_initcall.txt,gpio_regulator_init,0.042694,0,0
10,run9_initcall.txt,init_sysrq_sysctl,0.042719,0,0
10,run9_initcall.txt,misc_init,0.042746,0,0
10,run9_initcall.txt,iommu_subsys_init,0.042778,0,0
10,run9_initcall.txt,register_cpu_capacity_sysctl,0.043094,0,0
10,run9_initcall.txt,dma_buf_init,0.043173,0,0
10,run9_initcall.txt,dma_heap_init,0.043202,0,0
10,run9_initcall.txt,init_scsi,0.043294,0,0
10,run9_initcall.txt,mdio_bus_init,0.043321,0,0
10,run9_initcall.txt,phy_init,0.04336,0,0
10,run9_initcall.txt,usb_common_init,0.043376,0,0
10,run9_initcall.txt,usb_init,0.043472,0,0
10,run9_initcall.txt,usb_phy_generic_init,0.043599,0,0
10,run9_initcall.txt,usb_udc_init,0.043629,0,0
10,run9_initcall.txt,usb_roles_init,0.04365,0,0
10,run9_initcall.txt,input_init,0.043674,0,0
10,run9_initcall.txt,rtc_init,0.043692,0,0
10,run9_initcall.txt,rc_core_init,0.043717,0,0
10,run9_initcall.txt,pps_init,0.043752,0,0
10,run9_initcall.txt,ptp_init,0.043776,0,0
10,run9_initcall.txt,power_supply_class_init,0.043804,0,0
10,run9_initcall.txt,hwmon_init,0.043827,0,0
10,run9_initcall.txt,mmc_init,0.043869,0,0
10,run9_initcall.txt,dmi_init,0.043886,0,0
10,run9_initcall.txt,efisubsys_init,0.043901,0,0
10,run9_initcall.txt,arm_pmu_hp_init,0.043919,0,0
10,run9_initcall.txt,ras_init,0.04394,0,0
10,run9_initcall.txt,nvmem_init,0.043973,0,0
10,run9_initcall.txt,init_soundcore,0.043993,0,0
10,run9_initcall.txt,proto_init,0.044013,0,0
10,run9_initcall.txt,net_dev_init,0.044222,0,4000
10,run9_initcall.txt,neigh_init,0.044243,0,0
10,run9_initcall.txt,fib_notifier_init,0.04426,0,0
10,run9_initcall.txt,netdev_genl_init,0.044296,0,0
10,run9_initcall.txt,page_pool_user_init,0.044313,0,0
10,run9_initcall.txt,fib_rules_init,0.044331,0,0
10,run9_initcall.txt,init_cgroup_netprio,0.044348,0,0
10,run9_initcall.txt,bpf_lwt_init,0.044363,0,0
10,run9_initcall.txt,pktsched_init,0.044386,0,0
10,run9_initcall.txt,tc_filter_init,0.04442,0,0
10,run9_initcall.txt,tc_action_init,0.044437,0,0
10,run9_initcall.txt,ethnl_init,0.04451,0,0
10,run9_initcall.txt,nexthop_init,0.044531,0,0
10,run9_initcall.txt,devlink_init,0.044609,0,0
10,run9_initcall.txt,wireless_nlevent_init,0.044628,0,0
10,run9_initcall.txt,vsprintf_init_hashval,0.044646,0,0
10,run9_initcall.txt,init_32bit_el0_mask,0.044661,0,0
10,run9_initcall.txt,vga_arb_device_init,0.044796,0,0
10,run9_initcall.txt,watchdog_init,0.044901,0,0
10,run9_initcall.txt,create_debug_debugfs_entry,0.044999,0,0
10,run9_initcall.txt,iomem_init_inode,0.04504,0,0
10,run9_initcall.txt,clocksource_done_booting,0.045087,0,13
10,run9_initcall.txt,bpf_init,0.04511,0,5
10,run9_initcall.txt,secretmem_init,0.045138,0,10
10,run9_initcall.txt,init_fs_stat_sysctls,0.045165,0,8
10,run9_initcall.txt,init_fs_exec_sysctls,0.045184,0,1
10,run9_initcall.txt,init_pipe_fs,0.045212,0,11
10,run9_initcall.txt,init_fs_namei_sysctls,0.045233,0,2
10,run9_initcall.txt,init_fs_dcache_sysctls,0.045258,0,6
10,run9_initcall.txt,init_fs_namespace_sysctls,0.045275,0,1
10,run9_initcall.txt,cgroup_writeback_init,0.045292,0,3
10,run9_initcall.txt,inotify_user_setup,0.045319,0,13
10,run9_initcall.txt,eventpoll_init,0.045349,0,16
10,run9_initcall.txt,anon_inode_init,0.045373,0,9
10,run9_initcall.txt,proc_locks_init,0.045391,0,3
10,run9_initcall.txt,backing_aio_init,0.045407,0,2
10,run9_initcall.txt,init_fs_coredump_sysctls,0.045428,0,6
10,run9_initcall.txt,init_vm_drop_caches_sysctls,0.045445,0,2
10,run9_initcall.txt,iomap_dio_init,0.045481,0,21
10,run9_initcall.txt,iomap_ioend_init,0.045519,0,24
10,run9_initcall.txt,dquot_init,0.04565,0,115
10,run9_initcall.txt,proc_cmdline_init,0.04567,0,2
10,run9_initcall.txt,proc_consoles_init,0.045685,0,1
10,run9_initcall.txt,proc_cpuinfo_init,0.0457,0,1
10,run9_initcall.txt,proc_devices_init,0.045717,0,0
10,run9_initcall.txt,proc_interrupts_init,0.045732,0,1
10,run9_initcall.txt,proc_loadavg_init,0.045747,0,1
10,run9_initcall.txt,proc_meminfo_init,0.045762,0,0
10,run9_initcall.txt,proc_stat_init,0.045776,0,1
10,run9_initcall.txt,proc_uptime_init,0.045791,0,0
10,run9_initcall.txt,proc_version_init,0.045807,0,0
10,run9_initcall.txt,proc_softirqs_init,0.045821,0,0
10,run9_initcall.txt,proc_kmsg_init,0.045836,0,1
10,run9_initcall.txt,proc_page_init,0.045852,0,2
10,run9_initcall.txt,init_ramfs_fs,0.045867,0,1
10,run9_initcall.txt,aa_create_aafs,0.045884,0,0
10,run9_initcall.txt,chr_dev_init,0.048685,0,2784
10,run9_initcall.txt,hwrng_modinit,0.048763,0,47
10,run9_initcall.txt,firmware_class_init,0.048786,0,1
10,run9_initcall.txt,sysctl_core_init,0.048829,0,26
10,run9_initcall.txt,eth_offload_init,0.048847,0,0
10,run9_initcall.txt,ipv4_offload_init,0.048864,0,1
10,run9_initcall.txt,inet_init,0.05254,0,3659
10,run9_initcall.txt,af_unix_init,0.052593,0,19
10,run9_initcall.txt,ipv6_offload_init,0.052613,0,1
10,run9_initcall.txt,init_sunrpc,0.052967,0,336
10,run9_initcall.txt,vlan_offload_init,0.052986,0,0
10,run9_initcall.txt,pci_apply_final_quirks,0.053014,0,10
10,run9_initcall.txt,populate_rootfs,0.053035,0,5
10,run9_initcall.txt,register_arm64_panic_block,0.053158,0,0
10,run9_initcall.txt,cpuinfo_regs_init,0.053252,0,79
10,run9_initcall.txt,aarch32_el0_sysfs_init,0.053269,0,0
10,run9_initcall.txt,kvm_arm_init,0.056638,0,3349
10,run9_initcall.txt,proc_execdomains_init,0.056679,0,4
10,run9_initcall.txt,register_warn_debugfs,0.056702,0,4
10,run9_initcall.txt,cpuhp_sysfs_init,0.056746,0,25
10,run9_initcall.txt,ioresources_init,0.056765,0,3
10,run9_initcall.txt,psi_proc_init,0.05678,0,0
10,run9_initcall.txt,irq_gc_init_ops,0.056794,0,0
10,run9_initcall.txt,irq_debugfs_init,0.056884,0,74
10,run9_initcall.txt,proc_modules_init,0.056909,0,2
10,run9_initcall.txt,timer_sysctl_init,0.056933,0,7
10,run9_initcall.txt,timekeeping_init_ops,0.056949,0,0
10,run9_initcall.txt,init_clocksource_sysfs,0.057023,0,58
10,run9_initcall.txt,init_timer_list_procfs,0.057043,0,1
10,run9_initcall.txt,alarmtimer_init,0.05713,0,70
10,run9_initcall.txt,clockevents_init_sysfs,0.057258,0,110
10,run9_initcall.txt,sched_clock_syscore_init,0.057277,0,0
10,run9_initcall.txt,kallsyms_init,0.057297,0,2
10,run9_initcall.txt,pid_namespaces_init,0.057338,0,23
10,run9_initcall.txt,audit_watch_init,0.057357,0,0
10,run9_initcall.txt,audit_fsnotify_init,0.057374,0,0
10,run9_initcall.txt,audit_tree_init,0.057393,0,2
10,run9_initcall.txt,seccomp_sysctl_init,0.057414,0,3
10,run9_initcall.txt,utsname_sysctl_init,0.057438,0,6
10,run9_initcall.txt,init_lstats_procfs,0.057458,0,3
10,run9_initcall.txt,perf_event_sysfs_init,0.057527,0,52
10,run9_initcall.txt,system_trusted_keyring_init,0.057558,0,15
10,run9_initcall.txt,kswapd_init,0.057737,0,164
10,run9_initcall.txt,extfrag_debug_init,0.05776,0,7
10,run9_initcall.txt,mm_compute_batch_init,0.057774,0,0
10,run9_initcall.txt,slab_proc_init,0.057791,0,2
10,run9_initcall.txt,workingset_init,0.057815,0,8
10,run9_initcall.txt,proc_vmalloc_init,0.057831,0,1
10,run9_initcall.txt,memblock_init_debugfs,0.057852,0,5
10,run9_initcall.txt,slab_debugfs_init,0.057874,0,4
10,run9_initcall.txt,procswaps_init,0.057891,0,1
10,run9_initcall.txt,zs_init,0.057907,0,0
10,run9_initcall.txt,fcntl_init,0.057926,0,2
10,run9_initcall.txt,proc_filesystems_init,0.057945,0,1
10,run9_initcall.txt,start_dirtytime_writeback,0.057965,0,4
10,run9_initcall.txt,dio_init,0.05798,0,1
10,run9_initcall.txt,dnotify_init,0.058006,0,13
10,run9_initcall.txt,fanotify_user_setup,0.05803,0,9
10,run9_initcall.txt,aio_setup,0.058076,0,32
10,run9_initcall.txt,mbcache_init,0.058097,0,5
10,run9_initcall.txt,init_grace,0.058114,0,2
10,run9_initcall.txt,init_devpts_fs,0.058138,0,10
10,run9_initcall.txt,ext4_init_fs,0.058228,0,74
10,run9_initcall.txt,journal_init,0.058263,0,19
10,run9_initcall.txt,init_fat_fs,0.058285,0,6
10,run9_initcall.txt,init_vfat_fs,0.0583,0,0
10,run9_initcall.txt,init_msdos_fs,0.058314,0,0
10,run9_initcall.txt,init_nfs_fs,0.058459,0,129
10,run9_initcall.txt,init_nfs_v2,0.058478,0,0
10,run9_initcall.txt,init_nfs_v3,0.058493,0,0
10,run9_initcall.txt,init_nfs_v4,0.058534,0,27
10,run9_initcall.txt,nfs4filelayout_init,0.058555,0,5
10,run9_initcall.txt,nfs4flexfilelayout_init,0.058576,0,6
10,run9_initcall.txt,init_nlm,0.058619,0,27
10,run9_initcall.txt,init_nls_cp437,0.058636,0,0
10,run9_initcall.txt,init_nls_ascii,0.058651,0,0
10,run9_initcall.txt,init_autofs_fs,0.058745,0,79
10,run9_initcall.txt,init_f2fs_fs,0.058883,0,120
10,run9_initcall.txt,ipc_init,0.058914,0,12
10,run9_initcall.txt,ipc_sysctl_init,0.058946,0,16
10,run9_initcall.txt,init_mqueue_fs,0.058997,0,35
10,run9_initcall.txt,key_proc_init,0.059018,0,2
10,run9_initcall.txt,bpf_crypto_skcipher_init,0.059035,0,0
10,run9_initcall.txt,dh_init,0.059054,0,2
10,run9_initcall.txt,rsa_init,0.05907,0,1
10,run9_initcall.txt,cryptomgr_init,0.059087,0,0
10,run9_initcall.txt,hmac_module_init,0.059104,0,0
10,run9_initcall.txt,crypto_sha256_mod_init,0.059124,0,4
10,run9_initcall.txt,crypto_ecb_module_init,0.059141,0,0
10,run9_initcall.txt,crypto_cbc_module_init,0.059157,0,0
10,run9_initcall.txt,crypto_cts_module_init,0.059173,0,0
10,run9_initcall.txt,xts_module_init,0.059189,0,0
10,run9_initcall.txt,des_generic_mod_init,0.059207,0,1
10,run9_initcall.txt,aes_init,0.059225,0,0
10,run9_initcall.txt,lzo_mod_init,0.059242,0,1
10,run9_initcall.txt,lzorle_mod_init,0.059258,0,0
10,run9_initcall.txt,asymmetric_key_init,0.059279,0,5
10,run9_initcall.txt,x509_key_init,0.059301,0,5
10,run9_initcall.txt,crypto_kdf108_init,0.059317,0,0
10,run9_initcall.txt,blkdev_init,0.059345,0,12
10,run9_initcall.txt,proc_genhd_init,0.059365,0,2
10,run9_initcall.txt,bsg_init,0.059398,0,15
10,run9_initcall.txt,throtl_init,0.059477,0,62
10,run9_initcall.txt,deadline_init,0.059501,0,5
10,run9_initcall.txt,kyber_init,0.059523,0,5
10,run9_initcall.txt,bfq_init,0.059558,0,19
10,run9_initcall.txt,io_uring_init,0.0596,0,25
10,run9_initcall.txt,percpu_counter_startup,0.059658,0,38
10,run9_initcall.txt,audit_classes_init,0.059688,0,3
10,run9_initcall.txt,gicv5_iwb_platform_driver_init,0.059768,0,64
10,run9_initcall.txt,mip_msi_driver_init,0.059815,0,31
10,run9_initcall.txt,bcm7038_l1_driver_init,0.059856,0,26
10,run9_initcall.txt,bcm7120_l2_driver_init,0.059901,0,30
10,run9_initcall.txt,brcmstb_l2_driver_init,0.059965,0,49
10,run9_initcall.txt,simple_pm_bus_driver_init,0.060532,0,552
10,run9_initcall.txt,phy_core_init,0.060565,0,15
10,run9_initcall.txt,brcm_usb_driver_init,0.06063,0,50
10,run9_initcall.txt,rp1_pinctrl_driver_init,0.06067,0,26
10,run9_initcall.txt,bcm2835_pinctrl_driver_init,0.061474,0,788
10,run9_initcall.txt,bcm2712_pinctrl_driver_init,0.061535,0,42
10,run9_initcall.txt,brcmvirt_gpio_driver_init,0.06158,0,28
10,run9_initcall.txt,brcmstb_gpio_driver_init,0.06163,0,29
10,run9_initcall.txt,rpi_exp_gpio_driver_init,0.061995,0,349
10,run9_initcall.txt,brcmstb_pwm_driver_init,0.062042,0,30
10,run9_initcall.txt,rp1_pwm_driver_init,0.062084,0,27
10,run9_initcall.txt,gpio_led_driver_init,0.063822,0,1722
10,run9_initcall.txt,led_pwm_driver_init,0.063875,0,35
10,run9_initcall.txt,timer_led_trigger_init,0.063891,0,1
10,run9_initcall.txt,oneshot_led_trigger_init,0.063905,0,0
10,run9_initcall.txt,heartbeat_trig_init,0.063922,0,2
10,run9_initcall.txt,bl_led_trigger_init,0.063938,0,0
10,run9_initcall.txt,ledtrig_cpu_init,0.063998,0,46
10,run9_initcall.txt,defon_led_trigger_init,0.064042,0,29
10,run9_initcall.txt,input_trig_init,0.064058,0,1
10,run9_initcall.txt,ledtrig_panic_init,0.064073,0,1
10,run9_initcall.txt,actpwr_trig_init,0.064221,0,133
10,run9_initcall.txt,pcie_portdrv_init,0.06429,0,52
10,run9_initcall.txt,pci_proc_init,0.064313,0,6
10,run9_initcall.txt,brcm_pcie_driver_init,0.177916,0,113589
10,run9_initcall.txt,bcm2708_fb_init,0.19005,0,12112
10,run9_initcall.txt,simplefb_driver_init,0.190142,0,43
10,run9_initcall.txt,of_fixed_factor_clk_driver_init,0.190222,0,27
10,run9_initcall.txt,of_fixed_clk_driver_init,0.190293,0,26
10,run9_initcall.txt,gpio_clk_driver_init,0.190371,0,35
10,run9_initcall.txt,gated_fixed_clk_driver_init,0.190442,0,26
10,run9_initcall.txt,rp1_clk_driver_init,0.190512,0,27
10,run9_initcall.txt,rp1_sdio_clk_driver_init,0.190587,0,27
10,run9_initcall.txt,clk_dvp_driver_init,0.190659,0,29
10,run9_initcall.txt,bcm2835_aux_clk_driver_init,0.190757,0,54
10,run9_initcall.txt,raspberrypi_clk_driver_init,0.206185,0,15381
10,run9_initcall.txt,dw_driver_init,0.206268,0,38
10,run9_initcall.txt,bcm2835_power_driver_init,0.206332,0,19
10,run9_initcall.txt,rpi_power_driver_init,0.224425,0,18047
10,run9_initcall.txt,brcmstb_reset_driver_init,0.226322,0,36
10,run9_initcall.txt,brcm_rescal_reset_driver_init,0.228197,0,29
10,run9_initcall.txt,rpi_reset_driver_init,0.231083,0,1021
10,run9_initcall.txt,reset_simple_driver_init,0.233042,0,61
10,run9_initcall.txt,n_null_init,0.234934,0,0
10,run9_initcall.txt,pty_init,0.236889,0,73
10,run9_initcall.txt,sysrq_init,0.2388,0,13
10,run9_initcall.txt,serial8250_init,0.240678,-19,0
10,run9_initcall.txt,bcm2835aux_serial_driver_init,0.242581,0,38
10,run9_initcall.txt,brcmuart_init,0.244507,0,40
10,run9_initcall.txt,exar_pci_driver_init,0.246421,0,25
10,run9_initcall.txt,of_platform_serial_driver_init,0.248378,0,70
10,run9_initcall.txt,serial_pci_driver_init,0.250308,0,32
10,run9_initcall.txt,pericom8250_pci_driver_init,0.252209,0,18
10,run9_initcall.txt,init_kgdboc,0.255111,0,1003
10,run9_initcall.txt,random_sysctls_init,0.256999,0,11
10,run9_initcall.txt,ttyprintk_init,0.258942,0,77
10,run9_initcall.txt,bcm2835_rng_driver_init,0.260888,0,47
10,run9_initcall.txt,bcm74110_rng_driver_init,0.262878,0,31
10,run9_initcall.txt,iproc_rng200_driver_init,0.26708,0,2230
10,run9_initcall.txt,smccc_trng_driver_init,0.269177,0,22
10,run9_initcall.txt,vc_mem_init,0.272487,0,1204
10,run9_initcall.txt,vcio_driver_init,0.276035,0,1389
10,run9_initcall.txt,bcm2712_iommu_driver_init,0.278332,0,32
10,run9_initcall.txt,bcm2712_iommu_cache_driver_init,0.280677,0,33
10,run9_initcall.txt,topology_sysfs_init,0.283094,0,57
10,run9_initcall.txt,cacheinfo_sysfs_init,0.285727,0,245
10,run9_initcall.txt,devcoredump_init,0.288145,0,11
10,run9_initcall.txt,brd_init,0.295276,0,4756
10,run9_initcall.txt,loop_init,0.301318,0,3659
10,run9_initcall.txt,bcm2835_pm_driver_init,0.30493,0,1283
10,run9_initcall.txt,stmpe_i2c_driver_init,0.307277,0,14
10,run9_initcall.txt,stmpe_spi_driver_init,0.309585,0,12
10,run9_initcall.txt,rp1_driver_init,0.31195,0,25
10,run9_initcall.txt,system_heap_create,0.314366,0,82
10,run9_initcall.txt,add_default_cma_heap,0.316796,0,80
10,run9_initcall.txt,udmabuf_dev_init,0.319176,0,42
10,run9_initcall.txt,iscsi_transport_init,0.322896,0,1389
10,run9_initcall.txt,init_sd,0.325222,0,23
10,run9_initcall.txt,nvme_core_init,0.327803,0,247
10,run9_initcall.txt,nvme_init,0.330168,0,25
10,run9_initcall.txt,blackhole_netdev_init,0.332516,0,18
10,run9_initcall.txt,netkit_init,0.334846,0,6
10,run9_initcall.txt,phylink_init,0.337156,0,0
10,run9_initcall.txt,phy_module_init,0.339641,0,169
10,run9_initcall.txt,phy_module_init,0.342074,0,175
10,run9_initcall.txt,fixed_mdio_bus_init,0.344551,0,165
10,run9_initcall.txt,phy_module_init,0.347044,0,165
10,run9_initcall.txt,phy_module_init,0.34938,0,21
10,run9_initcall.txt,phy_module_init,0.351732,0,63
10,run9_initcall.txt,unimac_mdio_driver_init,0.354101,0,94
10,run9_initcall.txt,macb_driver_init,0.356452,0,82
10,run9_initcall.txt,bcmgenet_driver_init,0.554008,0,195324
10,run9_initcall.txt,bcmasp_driver_init,0.556342,0,63
10,run9_initcall.txt,lan78xx_driver_init,0.559735,0,1164
10,run9_initcall.txt,smsc95xx_driver_init,0.563222,0,1172
10,run9_initcall.txt,usbnet_init,0.565534,0,0
10,run9_initcall.txt,xhci_hcd_init,0.567846,0,11
10,run9_initcall.txt,xhci_pci_init,0.694895,0,124751
10,run9_initcall.txt,xhci_plat_init,0.697177,0,94
10,run9_initcall.txt,dwc_otg_driver_init,0.703708,0,4364
10,run9_initcall.txt,dwc_common_port_init_module,0.707114,0,1205
10,run9_initcall.txt,dwc3_driver_init,0.709289,0,50
10,run9_initcall.txt,dwc3_haps_driver_init,0.711446,0,22
10,run9_initcall.txt,dwc3_of_simple_driver_init,0.713652,0,51
10,run9_initcall.txt,dwc3_generic_driver_init,0.715822,0,33
10,run9_initcall.txt,dwc2_platform_driver_init,0.718061,0,105
10,run9_initcall.txt,uas_init,0.721382,0,1191
10,run9_initcall.txt,usb_storage_driver_init,0.72453,0,1039
10,run9_initcall.txt,brcmstb_usb_pinmap_init,0.726695,-19,56
10,run9_initcall.txt,bdc_driver_init,0.728836,0,35
10,run9_initcall.txt,input_leds_init,0.730951,0,1
10,run9_initcall.txt,mousedev_init,0.734225,0,1166
10,run9_initcall.txt,evdev_init,0.736386,0,0
10,run9_initcall.txt,brcmstb_waketmr_driver_init,0.738574,0,35
10,run9_initcall.txt,rpi_rtc_driver_init,0.740749,0,31
10,run9_initcall.txt,init_rc_map_adstech_dvb_t_pci,0.742881,0,0
10,run9_initcall.txt,init_rc_map_alink_dtu_m,0.745023,0,0
10,run9_initcall.txt,init_rc_map_anysee,0.747168,0,0
10,run9_initcall.txt,init_rc_map_apac_viewcomp,0.749338,0,0
10,run9_initcall.txt,init_rc_map_t2hybrid,0.751503,0,0
10,run9_initcall.txt,init_rc_map_asus_pc39,0.753669,0,0
10,run9_initcall.txt,init_rc_map_asus_ps3_100,0.755826,0,0
10,run9_initcall.txt,init_rc_map_ati_tv_wonder_hd_600,0.757953,0,0
10,run9_initcall.txt,init_rc_map_ati_x10,0.760132,0,0
10,run9_initcall.txt,init_rc_map_avermedia_a16d,0.762331,0,0
10,run9_initcall.txt,init_rc_map_avermedia_cardbus,0.764531,0,0
10,run9_initcall.txt,init_rc_map_avermedia_dvbt,0.766721,0,0
10,run9_initcall.txt,init_rc_map_avermedia_m135a,0.768909,0,0
10,run9_initcall.txt,init_rc_map_avermedia_m733a_rm_k6,0.771123,0,0
10,run9_initcall.txt,init_rc_map_avermedia,0.773334,0,0
10,run9_initcall.txt,init_rc_map_avermedia_rm_ks,0.775495,0,0
10,run9_initcall.txt,init_rc_map_avertv_303,0.777713,0,0
10,run9_initcall.txt,init_rc_map_azurewave_ad_tu700,0.779913,0,0
10,run9_initcall.txt,init_rc_map_beelink_gs1,0.78211,0,0
10,run9_initcall.txt,init_rc_map_beelink_mxiii,0.784305,0,0
10,run9_initcall.txt,init_rc_map_behold_columbus,0.786496,0,0
10,run9_initcall.txt,init_rc_map_behold,0.788683,0,0
10,run9_initcall.txt,init_rc_map_budget_ci_old,0.790854,0,0
10,run9_initcall.txt,init_rc_map_cinergy_1400,0.793009,0,0
10,run9_initcall.txt,init_rc_map_cinergy,0.79549,0,0
10,run9_initcall.txt,init_rc_map_ct_90405,0.797653,0,0
10,run9_initcall.txt,init_rc_map_d680_dmb,0.799795,0,0
10,run9_initcall.txt,init_rc_map_delock_61959,0.801923,0,0
10,run9_initcall.txt,init_rc_map,0.804041,0,0
10,run9_initcall.txt,init_rc_map,0.806208,0,0
10,run9_initcall.txt,init_rc_map_digitalnow_tinytwin,0.808283,0,0
10,run9_initcall.txt,init_rc_map_digittrade,0.810586,0,0
10,run9_initcall.txt,init_rc_map_dm1105_nec,0.812876,0,0
10,run9_initcall.txt,init_rc_map_dntv_live_dvb_t,0.815,0,0
10,run9_initcall.txt,init_rc_map_dntv_live_dvbt_pro,0.817103,0,0
10,run9_initcall.txt,init_rc_map_dreambox,0.819206,0,0
10,run9_initcall.txt,init_rc_map_dtt200u,0.821311,0,0
10,run9_initcall.txt,init_rc_map_rc5_dvbsky,0.823442,0,0
10,run9_initcall.txt,init_rc_map_dvico_mce,0.825499,0,0
10,run9_initcall.txt,init_rc_map_dvico_portable,0.827592,0,0
10,run9_initcall.txt,init_rc_map_em_terratec,0.829838,0,0
10,run9_initcall.txt,init_rc_map_encore_enltv2,0.831936,0,0
10,run9_initcall.txt,init_rc_map_encore_enltv_fm53,0.834039,0,0
10,run9_initcall.txt,init_rc_map_encore_enltv,0.836139,0,0
10,run9_initcall.txt,init_rc_map_evga_indtube,0.838219,0,0
10,run9_initcall.txt,init_rc_map_eztv,0.840294,0,0
10,run9_initcall.txt,init_rc_map_flydvb,0.842319,0,0
10,run9_initcall.txt,init_rc_map_flyvideo,0.844364,0,0
10,run9_initcall.txt,init_rc_map_fusionhdtv_mce,0.846419,0,0
10,run9_initcall.txt,init_rc_map_gadmei_rm008z,0.848462,0,0
10,run9_initcall.txt,init_rc_map_geekbox,0.850498,0,0
10,run9_initcall.txt,init_rc_map_genius_tvgo_a11mce,0.852527,0,0
10,run9_initcall.txt,init_rc_map_gotview7135,0.854557,0,0
10,run9_initcall.txt,init_rc_map_rc5_hauppauge_new,0.8566,0,0
10,run9_initcall.txt,init_rc_map_hisi_poplar,0.858618,0,0
10,run9_initcall.txt,init_rc_map_hisi_tv_demo,0.860678,0,0
10,run9_initcall.txt,init_rc_map_imon_mce,0.862726,0,0
10,run9_initcall.txt,init_rc_map_imon_pad,0.864783,0,0
10,run9_initcall.txt,init_rc_map_imon_rsc,0.866824,0,0
10,run9_initcall.txt,init_rc_map_iodata_bctv7e,0.868842,0,0
10,run9_initcall.txt,init_rc_it913x_v1_map,0.870875,0,0
10,run9_initcall.txt,init_rc_it913x_v2_map,0.872894,0,0
10,run9_initcall.txt,init_rc_map_kaiomy,0.87494,0,0
10,run9_initcall.txt,init_rc_map_khadas,0.876959,0,0
10,run9_initcall.txt,init_rc_map_khamsin,0.878971,0,0
10,run9_initcall.txt,init_rc_map_kworld_315u,0.880971,0,0
10,run9_initcall.txt,init_rc_map_kworld_pc150u,0.882968,0,0
10,run9_initcall.txt,init_rc_map_kworld_plus_tv_analog,0.884957,0,0
10,run9_initcall.txt,init_rc_map_leadtek_y04g0051,0.886957,0,0
10,run9_initcall.txt,init_rc_lme2510_map,0.888959,0,0
10,run9_initcall.txt,init_rc_map_manli,0.890955,0,0
10,run9_initcall.txt,init_rc_map_mecool_kiii_pro,0.892965,0,0
10,run9_initcall.txt,init_rc_map_mecool_kii_pro,0.894995,0,0
10,run9_initcall.txt,init_rc_map_medion_x10_digitainer,0.897009,0,0
10,run9_initcall.txt,init_rc_map_medion_x10,0.899062,0,0
10,run9_initcall.txt,init_rc_map_medion_x10_or2x,0.901093,0,0
10,run9_initcall.txt,init_rc_map_minix_neo,0.90311,0,0
10,run9_initcall.txt,init_rc_map_msi_digivox_iii,0.905157,0,0
10,run9_initcall.txt,init_rc_map_msi_digivox_ii,0.907201,0,0
10,run9_initcall.txt,init_rc_map_msi_tvanywhere,0.909223,0,0
10,run9_initcall.txt,init_rc_map_msi_tvanywhere_plus,0.911268,0,0
10,run9_initcall.txt,init_rc_map_mygica_utv3,0.913313,0,0
10,run9_initcall.txt,init_rc_map_nebula,0.915363,0,0
10,run9_initcall.txt,init_rc_map_nec_terratec_cinergy_xs,0.917401,0,0
10,run9_initcall.txt,init_rc_map_norwood,0.919441,0,0
10,run9_initcall.txt,init_rc_map_npgtech,0.92149,0,0
10,run9_initcall.txt,init_rc_map_odroid,0.923523,0,0
10,run9_initcall.txt,init_rc_map_pctv_sedna,0.925508,0,0
10,run9_initcall.txt,init_rc_map_pine64,0.927538,0,0
10,run9_initcall.txt,init_rc_map_pinnacle_color,0.93067,0,0
10,run9_initcall.txt,init_rc_map_pinnacle_grey,0.932933,0,0
10,run9_initcall.txt,init_rc_map_pinnacle_pctv_hd,0.935026,0,0
10,run9_initcall.txt,init_rc_map_pixelview,0.937113,0,0
10,run9_initcall.txt,init_rc_map_pixelview,0.939205,0,0
10,run9_initcall.txt,init_rc_map_pixelview_new,0.941275,0,0
10,run9_initcall.txt,init_rc_map_pixelview,0.94341,0,0
10,run9_initcall.txt,init_rc_map_powercolor_real_angel,0.945528,0,0
10,run9_initcall.txt,init_rc_map_proteus_2309,0.947655,0,0
10,run9_initcall.txt,init_rc_map_purpletv,0.949772,0,0
10,run9_initcall.txt,init_rc_map_pv951,0.951888,0,0
10,run9_initcall.txt,init_rc_map_rc6_mce,0.954007,0,0
10,run9_initcall.txt,init_rc_map_real_audio_220_32_keys,0.956124,0,0
10,run9_initcall.txt,init_rc_map_reddo,0.958214,0,0
10,run9_initcall.txt,init_rc_map_siemens_gigaset_rc20,0.960354,0,0
10,run9_initcall.txt,init_rc_map_snapstream_firefly,0.962495,0,0
10,run9_initcall.txt,init_rc_map_streamzap,0.964644,0,0
10,run9_initcall.txt,init_rc_map_su3000,0.966809,0,0
10,run9_initcall.txt,init_rc_map_tanix_tx3mini,0.968965,0,0
10,run9_initcall.txt,init_rc_map_tanix_tx5max,0.971113,0,0
10,run9_initcall.txt,init_rc_map_tbs_nec,0.973276,0,0
10,run9_initcall.txt,init_rc_map,0.975412,0,0
10,run9_initcall.txt,init_rc_map,0.97759,0,0
10,run9_initcall.txt,init_rc_map_terratec_cinergy_c_pci,0.979759,0,0
10,run9_initcall.txt,init_rc_map_terratec_cinergy_s2_hd,0.981937,0,0
10,run9_initcall.txt,init_rc_map_terratec_cinergy_xs,0.984095,0,0
10,run9_initcall.txt,init_rc_map_terratec_slim_2,0.986253,0,0
10,run9_initcall.txt,init_rc_map_terratec_slim,0.98842,0,0
10,run9_initcall.txt,init_rc_map_tevii_nec,0.990601,0,0
10,run9_initcall.txt,init_rc_map_tivo,0.992751,0,0
10,run9_initcall.txt,init_rc_map_total_media_in_hand_02,0.995009,0,0
10,run9_initcall.txt,init_rc_map_total_media_in_hand,0.997195,0,0
10,run9_initcall.txt,init_rc_map_trekstor,0.999358,0,0
10,run9_initcall.txt,init_rc_map_tt_1500,1.001512,0,0
10,run9_initcall.txt,init_rc_map_twinhan_vp1027,1.003674,0,0
10,run9_initcall.txt,init_rc_map_twinhan_dtv_cab_ci,1.005847,0,0
10,run9_initcall.txt,init_rc_map_vega_s9x,1.007973,0,0
10,run9_initcall.txt,init_rc_map_videomate_k100,1.010133,0,0
10,run9_initcall.txt,init_rc_map_videomate_s350,1.012287,0,0
10,run9_initcall.txt,init_rc_map_videomate_tv_pvr,1.014433,0,0
10,run9_initcall.txt,init_rc_map_kii_pro,1.016559,0,0
10,run9_initcall.txt,init_rc_map_wetek_hub,1.018699,0,0
10,run9_initcall.txt,init_rc_map_wetek_play2,1.02084,0,0
10,run9_initcall.txt,init_rc_map_winfast,1.022983,0,0
10,run9_initcall.txt,init_rc_map_winfast_usbii_deluxe,1.025071,0,0
10,run9_initcall.txt,init_rc_map_x96max,1.027211,0,0
10,run9_initcall.txt,init_rc_map,1.02935,0,0
10,run9_initcall.txt,init_rc_map,1.03147,0,0
10,run9_initcall.txt,init_rc_map_zx_irdec,1.033739,0,0
10,run9_initcall.txt,ptp_kvm_init,1.035846,-95,0
10,run9_initcall.txt,gpio_poweroff_driver_init,1.038023,0,69
10,run9_initcall.txt,bcm2711_thermal_driver_init,1.041465,0,1332
10,run9_initcall.txt,bcm2835_thermal_driver_init,1.043625,0,43
10,run9_initcall.txt,bcm2835_wdt_driver_init,1.045826,0,23
10,run9_initcall.txt,dt_cpufreq_platdrv_init,1.047988,0,22
10,run9_initcall.txt,brcm_avs_cpufreq_platdrv_init,1.050228,0,36
10,run9_initcall.txt,raspberrypi_cpufreq_driver_init,1.055445,0,2908
10,run9_initcall.txt,mmc_pwrseq_simple_driver_init,1.057683,0,50
10,run9_initcall.txt,mmc_pwrseq_emmc_driver_init,1.059924,0,38
10,run9_initcall.txt,mmc_blk_init,1.062167,0,30
10,run9_initcall.txt,sdhci_drv_init,1.066772,0,2389
10,run9_initcall.txt,bcm2835_mmc_driver_init,1.070489,0,1247
10,run9_initcall.txt,bcm2835_driver_init,1.072947,0,33
10,run9_initcall.txt,sdhci_pltfm_drv_init,1.079849,0,1139
10,run9_initcall.txt,sdhci_iproc_driver_init,1.082422,0,185
10,run9_initcall.txt,sdhci_brcmstb_driver_init,1.08249,0,52
10,run9_initcall.txt,esrt_sysfs_init,1.082503,-38,1
10,run9_initcall.txt,smccc_devices_init,1.082512,0,0
10,run9_initcall.txt,smccc_soc_init,1.082521,0,1
10,run9_initcall.txt,arch_timer_mmio_drv_init,1.082561,0,30
10,run9_initcall.txt,arch_timer_mmio_acpi_drv_init,1.08259,0,20
10,run9_initcall.txt,hid_init,1.082656,0,56
10,run9_initcall.txt,hid_generic_init,1.082702,0,34
10,run9_initcall.txt,hid_init,1.082747,0,37
10,run9_initcall.txt,bcm74110_mbox_driver_init,1.082792,0,33
10,run9_initcall.txt,extcon_class_init,1.082809,0,7
10,run9_initcall.txt,armv8_pmu_driver_init,1.119024,0,36205
10,run9_initcall.txt,binder_init,1.122489,0,63
10,run9_initcall.txt,rpi_otp_driver_init,1.128517,0,3769
10,run9_initcall.txt,sock_diag_init,1.132938,0,46
10,run9_initcall.txt,blackhole_init,1.135135,0,1
10,run9_initcall.txt,cls_bpf_init_mod,1.137315,0,0
10,run9_initcall.txt,gre_offload_init,1.139484,0,0
10,run9_initcall.txt,sysctl_ipv4_init,1.141686,0,74
10,run9_initcall.txt,cubictcp_register,1.143817,0,2
10,run9_initcall.txt,packet_init,1.147044,0,1069
10,run9_initcall.txt,init_rpcsec_gss,1.149192,0,16
10,run9_initcall.txt,init_kerberos_module,1.151327,0,5
10,run9_initcall.txt,dcbnl_init,1.153471,0,2
10,run9_initcall.txt,init_dns_resolver,1.156639,0,1062
10,run9_initcall.txt,handshake_init,1.158796,0,56
10,run9_initcall.txt,check_mmu_enabled_at_boot,1.161005,0,0
10,run9_initcall.txt,finalize_pkvm,1.163172,0,0
10,run9_initcall.txt,kernel_do_mounts_initrd_sysctls_init,1.166489,0,9
10,run9_initcall.txt,kernel_panic_sysctls_init,1.168672,0,12
10,run9_initcall.txt,kernel_panic_sysfs_init,1.170861,0,4
10,run9_initcall.txt,kernel_exit_sysctls_init,1.17305,0,2
10,run9_initcall.txt,kernel_exit_sysfs_init,1.175219,0,2
10,run9_initcall.txt,param_sysfs_builtin_init,1.186698,0,9253
10,run9_initcall.txt,reboot_ksysfs_init,1.189006,0,21
10,run9_initcall.txt,sched_core_sysctl_init,1.191241,0,5
10,run9_initcall.txt,sched_fair_sysctl_init,1.193456,0,2
10,run9_initcall.txt,sched_rt_sysctl_init,1.195622,0,3
10,run9_initcall.txt,sched_dl_sysctl_init,1.198125,0,3
10,run9_initcall.txt,sched_init_debug,1.200349,0,90
10,run9_initcall.txt,cpu_latency_qos_init,1.202642,0,116
10,run9_initcall.txt,printk_late_init,1.204816,0,15
10,run9_initcall.txt,init_srcu_module_notifier,1.207047,0,1
10,run9_initcall.txt,kernel_rcu_stall_sysfs_init,1.209728,0,6
10,run9_initcall.txt,swiotlb_create_default_debugfs,1.211971,0,18
10,run9_initcall.txt,tk_debug_sleep_time_init,1.21425,0,3
10,run9_initcall.txt,bpf_ksym_iter_register,1.216503,0,2
10,run9_initcall.txt,kernel_acct_sysctls_init,1.218765,0,5
10,run9_initcall.txt,bpf_rstat_kfunc_init,1.221027,0,0
10,run9_initcall.txt,debugfs_kprobe_init,1.223316,0,15
10,run9_initcall.txt,kernel_delayacct_sysctls_init,1.225532,0,3
10,run9_initcall.txt,taskstats_init,1.228913,0,1137
10,run9_initcall.txt,bpf_global_ma_init,1.231359,0,76
10,run9_initcall.txt,bpf_syscall_sysctl_init,1.233753,0,5
10,run9_initcall.txt,unbound_reg_init,1.236039,0,0
10,run9_initcall.txt,kfunc_init,1.238273,0,1
10,run9_initcall.txt,bpf_map_iter_init,1.240497,0,0
10,run9_initcall.txt,init_subsystem,1.242695,0,0
10,run9_initcall.txt,task_iter_init,1.244899,0,1
10,run9_initcall.txt,bpf_prog_iter_init,1.247114,0,0
10,run9_initcall.txt,bpf_link_iter_init,1.249305,0,0
10,run9_initcall.txt,init_trampolines,1.251471,0,2
10,run9_initcall.txt,rqspinlock_register_kfuncs,1.253633,0,0
10,run9_initcall.txt,kfunc_init,1.255785,0,0
10,run9_initcall.txt,bpf_cgroup_iter_init,1.25788,0,1
10,run9_initcall.txt,cpumask_kfunc_init,1.260005,0,9
10,run9_initcall.txt,crypto_kfunc_init,1.262141,0,0
10,run9_initcall.txt,bpf_kmem_cache_iter_init,1.26428,0,0
10,run9_initcall.txt,dmabuf_iter_init,1.266433,0,0
10,run9_initcall.txt,load_system_certificate_list,1.26966,0,1078
10,run9_initcall.txt,init_lru_gen,1.271863,0,19
10,run9_initcall.txt,vmstat_late_init,1.274285,0,2
10,run9_initcall.txt,fault_around_debugfs,1.276446,0,3
10,run9_initcall.txt,slab_sysfs_init,1.282408,0,3786
10,run9_initcall.txt,max_swapfiles_check,1.284589,0,0
10,run9_initcall.txt,zswap_init,1.286754,0,0
10,run9_initcall.txt,mempolicy_sysfs_init,1.288896,0,16
10,run9_initcall.txt,memory_tier_late_init,1.293228,0,2216
10,run9_initcall.txt,check_early_ioremap_leak,1.295356,0,0
10,run9_initcall.txt,mg_debugfs_init,1.297513,0,15
10,run9_initcall.txt,fscrypt_init,1.301814,0,2190
10,run9_initcall.txt,pstore_init,1.303928,0,10
10,run9_initcall.txt,init_root_keyring,1.30608,0,30
10,run9_initcall.txt,init_profile_hash,1.308155,0,0
10,run9_initcall.txt,integrity_fs_init,1.310287,0,7
10,run9_initcall.txt,crypto_algapi_init,1.312417,0,7
10,run9_initcall.txt,blk_timeout_init,1.314544,0,0
10,run9_initcall.txt,depot_debugfs_init,1.316679,0,5
10,run9_initcall.txt,pci_resource_alignment_sysfs_init,1.318841,0,4
10,run9_initcall.txt,pci_sysfs_init,1.321003,0,9
10,run9_initcall.txt,clk_debug_init,1.323495,0,332
10,run9_initcall.txt,genpd_debug_init,1.325966,0,334
10,run9_initcall.txt,sync_state_resume_initcall,1.328144,0,1
10,run9_initcall.txt,deferred_probe_initcall,1.394206,0,63862
10,run9_initcall.txt,efi_shutdown_init,1.396401,-19,0
10,run9_initcall.txt,efi_earlycon_unmap_fb,1.39844,0,0
10,run9_initcall.txt,psci_debugfs_init,1.400471,0,0
10,run9_initcall.txt,of_cfs_init,1.404506,0,2010
10,run9_initcall.txt,of_fdt_raw_init,1.406524,0,28
10,run9_initcall.txt,bpf_kfunc_init,1.40846,0,2
10,run9_initcall.txt,init_subsystem,1.410493,0,0
10,run9_initcall.txt,xdp_metadata_init,1.412507,0,0
10,run9_initcall.txt,bpf_sockmap_iter_init,1.414488,0,1
10,run9_initcall.txt,bpf_sk_storage_map_iter_init,1.41648,0,0
10,run9_initcall.txt,bpf_prog_test_run_init,1.418488,0,1
10,run9_initcall.txt,bpf_dummy_struct_ops_init,1.420465,0,0
10,run9_initcall.txt,tcp_congestion_default,1.422455,0,1
10,run9_initcall.txt,inet_blackhole_dev_init,1.424396,0,5
10,run9_initcall.txt,ip_auto_config,1.426368,0,11
10,run9_initcall.txt,tcp_bpf_v4_build_proto,1.428334,0,0
10,run9_initcall.txt,udp_bpf_v4_build_proto,1.430271,0,0
10,run9_initcall.txt,bpf_tcp_ca_kfunc_init,1.432195,0,0
10,run9_initcall.txt,bpf_mptcp_kfunc_init,1.435085,0,0
10,run9_initcall.txt,fb_logo_late_init,1.437992,0,0
10,run9_initcall.txt,amba_stub_drv_init,1.439966,0,21
10,run9_initcall.txt,clk_disable_unused,1.442937,0,1023
10,run9_initcall.txt,genpd_power_off_unused,1.446078,0,1069
10,run9_initcall.txt,regulator_init_complete,1.448216,0,1
10,run9_initcall.txt,of_platform_sync_state_init,1.450397,0,15
