run_id,source_file,name,timestamp_s,return_code,duration_us
1,run10_initcall.txt,percpu_enable_async,0.051931,0,0
1,run10_initcall.txt,kcompactd_init,0.05205,0,0
1,run10_initcall.txt,init_mm_sysctl,0.052069,0,0
1,run10_initcall.txt,init_user_reserve,0.052088,0,0
1,run10_initcall.txt,init_admin_reserve,0.052104,0,0
1,run10_initcall.txt,init_reserve_notifier,0.05212,0,0
1,run10_initcall.txt,swap_init,0.052141,0,0
1,run10_initcall.txt,swapfile_init,0.052165,0,0
1,run10_initcall.txt,memory_tier_init,0.05225,0,4000
1,run10_initcall.txt,numa_init_sysfs,0.052276,0,0
1,run10_initcall.txt,mem_cgroup_swap_init,0.052293,0,0
1,run10_initcall.txt,init_msg_buckets,0.052312,0,0
1,run10_initcall.txt,init_bio,0.052361,0,0
1,run10_initcall.txt,blk_ioc_init,0.052382,0,0
1,run10_initcall.txt,blk_mq_init,0.052401,0,0
1,run10_initcall.txt,genhd_device_init,0.052504,0,0
1,run10_initcall.txt,blkcg_punt_bio_init,0.052605,0,0
1,run10_initcall.txt,blk_integrity_auto_init,0.05268,0,0
1,run10_initcall.txt,io_wq_init,0.052702,0,0
1,run10_initcall.txt,crc_t10dif_mod_init,0.05273,0,0
1,run10_initcall.txt,sha256_mod_init,0.052751,0,0
1,run10_initcall.txt,sha512_mod_init,0.05277,0,0
1,run10_initcall.txt,sg_pool_init,0.052803,0,0
1,run10_initcall.txt,gpiolib_debugfs_init,0.052827,0,0
1,run10_initcall.txt,stmpe_gpio_init,0.052934,0,0
1,run10_initcall.txt,pwm_init,0.052967,0,0
1,run10_initcall.txt,leds_init,0.053005,0,0
1,run10_initcall.txt,pci_slot_init,0.053027,0,0
1,run10_initcall.txt,fbmem_init,0.053086,0,0
1,run10_initcall.txt,bcm2835_dma_init,0.05383,0,0
1,run10_initcall.txt,regulator_fixed_voltage_init,0.05391,0,0
1,run10_initcall.txt,gpio_regulator_init,0.053965,0,0
1,run10_initcall.txt,init_sysrq_sysctl,0.053991,0,0
1,run10_initcall.txt,misc_init,0.054018,0,0
1,run10_initcall.txt,iommu_subsys_init,0.054053,0,0
1,run10_initcall.txt,register_cpu_capacity_sysctl,0.054626,0,0
1,run10_initcall.txt,dma_buf_init,0.054709,0,0
1,run10_initcall.txt,dma_heap_init,0.05474,0,0
1,run10_initcall.txt,init_scsi,0.054861,0,0
1,run10_initcall.txt,mdio_bus_init,0.054899,0,0
1,run10_initcall.txt,phy_init,0.054946,0,0
1,run10_initcall.txt,usb_common_init,0.054971,0,0
1,run10_initcall.txt,usb_init,0.055091,0,0
1,run10_initcall.txt,usb_phy_generic_init,0.055255,0,0
1,run10_initcall.txt,usb_udc_init,0.055292,0,0
1,run10_initcall.txt,usb_roles_init,0.055312,0,0
1,run10_initcall.txt,input_init,0.055341,0,0
1,run10_initcall.txt,rtc_init,0.055361,0,0
1,run10_initcall.txt,rc_core_init,0.055389,0,0
1,run10_initcall.txt,pps_init,0.055425,0,0
1,run10_initcall.txt,ptp_init,0.055451,0,0
1,run10_initcall.txt,power_supply_class_init,0.055483,0,0
1,run10_initcall.txt,hwmon_init,0.055509,0,0
1,run10_initcall.txt,mmc_init,0.055551,0,0
1,run10_initcall.txt,dmi_init,0.055571,0,0
1,run10_initcall.txt,efisubsys_init,0.055591,0,0
1,run10_initcall.txt,arm_pmu_hp_init,0.055611,0,0
1,run10_initcall.txt,ras_init,0.055633,0,0
1,run10_initcall.txt,nvmem_init,0.05567,0,0
1,run10_initcall.txt,init_soundcore,0.055692,0,0
1,run10_initcall.txt,proto_init,0.055712,0,0
1,run10_initcall.txt,net_dev_init,0.055946,0,0
1,run10_initcall.txt,neigh_init,0.055968,0,0
1,run10_initcall.txt,fib_notifier_init,0.055986,0,0
1,run10_initcall.txt,netdev_genl_init,0.056027,0,0
1,run10_initcall.txt,page_pool_user_init,0.056045,0,0
1,run10_initcall.txt,fib_rules_init,0.056064,0,0
1,run10_initcall.txt,init_cgroup_netprio,0.056081,0,0
1,run10_initcall.txt,bpf_lwt_init,0.056099,0,0
1,run10_initcall.txt,pktsched_init,0.056121,0,0
1,run10_initcall.txt,tc_filter_init,0.056154,0,0
1,run10_initcall.txt,tc_action_init,0.056172,0,0
1,run10_initcall.txt,ethnl_init,0.056246,0,4000
1,run10_initcall.txt,nexthop_init,0.05627,0,0
1,run10_initcall.txt,devlink_init,0.056356,0,0
1,run10_initcall.txt,wireless_nlevent_init,0.056377,0,0
1,run10_initcall.txt,vsprintf_init_hashval,0.056397,0,0
1,run10_initcall.txt,init_32bit_el0_mask,0.056416,0,0
1,run10_initcall.txt,vga_arb_device_init,0.056572,0,0
1,run10_initcall.txt,watchdog_init,0.056719,0,0
1,run10_initcall.txt,create_debug_debugfs_entry,0.056831,0,0
1,run10_initcall.txt,iomem_init_inode,0.056885,0,0
1,run10_initcall.txt,clocksource_done_booting,0.056936,0,13
1,run10_initcall.txt,tracer_init_tracefs,0.056972,0,13
1,run10_initcall.txt,init_trace_printk_function_export,0.057046,0,53
1,run10_initcall.txt,init_graph_tracefs,0.057071,0,2
1,run10_initcall.txt,bpf_event_init,0.05709,0,1
1,run10_initcall.txt,init_kprobe_trace,0.442546,0,385433
1,run10_initcall.txt,init_dynamic_event,0.442653,0,15
1,run10_initcall.txt,bpf_init,0.442693,0,21
1,run10_initcall.txt,secretmem_init,0.442778,0,56
1,run10_initcall.txt,init_fs_stat_sysctls,0.442814,0,15
1,run10_initcall.txt,init_fs_exec_sysctls,0.442835,0,1
1,run10_initcall.txt,init_pipe_fs,0.442867,0,13
1,run10_initcall.txt,init_fs_namei_sysctls,0.442898,0,11
1,run10_initcall.txt,init_fs_dcache_sysctls,0.442925,0,7
1,run10_initcall.txt,init_fs_namespace_sysctls,0.442945,0,1
1,run10_initcall.txt,cgroup_writeback_init,0.442975,0,9
1,run10_initcall.txt,inotify_user_setup,0.443012,0,15
1,run10_initcall.txt,eventpoll_init,0.44305,0,19
1,run10_initcall.txt,anon_inode_init,0.443082,0,11
1,run10_initcall.txt,proc_locks_init,0.443107,0,5
1,run10_initcall.txt,backing_aio_init,0.443124,0,2
1,run10_initcall.txt,init_fs_coredump_sysctls,0.443148,0,8
1,run10_initcall.txt,init_vm_drop_caches_sysctls,0.443166,0,2
1,run10_initcall.txt,iomap_dio_init,0.443206,0,25
1,run10_initcall.txt,iomap_ioend_init,0.44325,0,27
1,run10_initcall.txt,dquot_init,0.443444,0,178
1,run10_initcall.txt,proc_cmdline_init,0.443466,0,2
1,run10_initcall.txt,proc_consoles_init,0.443482,0,1
1,run10_initcall.txt,proc_cpuinfo_init,0.443498,0,1
1,run10_initcall.txt,proc_devices_init,0.443513,0,1
1,run10_initcall.txt,proc_interrupts_init,0.44353,0,1
1,run10_initcall.txt,proc_loadavg_init,0.443547,0,0
1,run10_initcall.txt,proc_meminfo_init,0.443562,0,0
1,run10_initcall.txt,proc_stat_init,0.443578,0,1
1,run10_initcall.txt,proc_uptime_init,0.443594,0,0
1,run10_initcall.txt,proc_version_init,0.44361,0,1
1,run10_initcall.txt,proc_softirqs_init,0.443628,0,3
1,run10_initcall.txt,proc_kmsg_init,0.443644,0,1
1,run10_initcall.txt,proc_page_init,0.443662,0,2
1,run10_initcall.txt,init_ramfs_fs,0.443679,0,1
1,run10_initcall.txt,aa_create_aafs,0.443698,0,1
1,run10_initcall.txt,chr_dev_init,0.446891,0,3174
1,run10_initcall.txt,hwrng_modinit,0.446983,0,46
1,run10_initcall.txt,firmware_class_init,0.447005,0,1
1,run10_initcall.txt,sysctl_core_init,0.447058,0,34
1,run10_initcall.txt,eth_offload_init,0.447077,0,0
1,run10_initcall.txt,ipv4_offload_init,0.447102,0,1
1,run10_initcall.txt,inet_init,0.451131,0,4011
1,run10_initcall.txt,af_unix_init,0.451197,0,26
1,run10_initcall.txt,ipv6_offload_init,0.451219,0,2
1,run10_initcall.txt,init_sunrpc,0.451608,0,371
1,run10_initcall.txt,vlan_offload_init,0.451639,0,0
1,run10_initcall.txt,pci_apply_final_quirks,0.45167,0,13
1,run10_initcall.txt,populate_rootfs,0.451697,0,7
1,run10_initcall.txt,register_arm64_panic_block,0.451816,0,1
1,run10_initcall.txt,cpuinfo_regs_init,0.451929,0,94
1,run10_initcall.txt,aarch32_el0_sysfs_init,0.451951,0,0
1,run10_initcall.txt,kvm_arm_init,0.455537,0,3567
1,run10_initcall.txt,proc_execdomains_init,0.455574,0,3
1,run10_initcall.txt,register_warn_debugfs,0.455606,0,6
1,run10_initcall.txt,cpuhp_sysfs_init,0.455647,0,23
1,run10_initcall.txt,ioresources_init,0.455668,0,3
1,run10_initcall.txt,psi_proc_init,0.455686,0,0
1,run10_initcall.txt,irq_gc_init_ops,0.455705,0,0
1,run10_initcall.txt,irq_debugfs_init,0.4558,0,77
1,run10_initcall.txt,proc_modules_init,0.455821,0,2
1,run10_initcall.txt,timer_sysctl_init,0.455846,0,10
1,run10_initcall.txt,timekeeping_init_ops,0.455863,0,0
1,run10_initcall.txt,init_clocksource_sysfs,0.455939,0,60
1,run10_initcall.txt,init_timer_list_procfs,0.455958,0,1
1,run10_initcall.txt,alarmtimer_init,0.456031,0,58
1,run10_initcall.txt,clockevents_init_sysfs,0.456167,0,118
1,run10_initcall.txt,sched_clock_syscore_init,0.456185,0,0
1,run10_initcall.txt,kallsyms_init,0.456203,0,2
1,run10_initcall.txt,pid_namespaces_init,0.456242,0,23
1,run10_initcall.txt,audit_watch_init,0.456261,0,1
1,run10_initcall.txt,audit_fsnotify_init,0.456277,0,0
1,run10_initcall.txt,audit_tree_init,0.456296,0,3
1,run10_initcall.txt,seccomp_sysctl_init,0.456317,0,4
1,run10_initcall.txt,utsname_sysctl_init,0.456339,0,6
1,run10_initcall.txt,init_tracepoints,0.456357,0,1
1,run10_initcall.txt,init_lstats_procfs,0.456376,0,3
1,run10_initcall.txt,stack_trace_init,0.456418,0,25
1,run10_initcall.txt,init_blk_tracer,0.456452,0,14
1,run10_initcall.txt,perf_event_sysfs_init,0.456567,0,95
1,run10_initcall.txt,system_trusted_keyring_init,0.456604,0,15
1,run10_initcall.txt,kswapd_init,0.456812,0,188
1,run10_initcall.txt,extfrag_debug_init,0.456855,0,20
1,run10_initcall.txt,mm_compute_batch_init,0.456874,0,1
1,run10_initcall.txt,slab_proc_init,0.456894,0,2
1,run10_initcall.txt,workingset_init,0.456919,0,9
1,run10_initcall.txt,proc_vmalloc_init,0.45696,0,1
1,run10_initcall.txt,memblock_init_debugfs,0.456984,0,7
1,run10_initcall.txt,slab_debugfs_init,0.457007,0,6
1,run10_initcall.txt,procswaps_init,0.457028,0,3
1,run10_initcall.txt,zs_init,0.457045,0,0
1,run10_initcall.txt,fcntl_init,0.457065,0,3
1,run10_initcall.txt,proc_filesystems_init,0.457086,0,1
1,run10_initcall.txt,start_dirtytime_writeback,0.457112,0,6
1,run10_initcall.txt,dio_init,0.457133,0,1
1,run10_initcall.txt,dnotify_init,0.457167,0,15
1,run10_initcall.txt,fanotify_user_setup,0.457197,0,9
1,run10_initcall.txt,aio_setup,0.457269,0,52
1,run10_initcall.txt,mbcache_init,0.457295,0,5
1,run10_initcall.txt,init_grace,0.457312,0,2
1,run10_initcall.txt,init_devpts_fs,0.457336,0,8
1,run10_initcall.txt,ext4_init_fs,0.457432,0,80
1,run10_initcall.txt,journal_init,0.457467,0,16
1,run10_initcall.txt,init_fat_fs,0.457488,0,5
1,run10_initcall.txt,init_vfat_fs,0.457505,0,0
1,run10_initcall.txt,init_msdos_fs,0.457521,0,0
1,run10_initcall.txt,init_nfs_fs,0.457685,0,149
1,run10_initcall.txt,init_nfs_v2,0.457706,0,0
1,run10_initcall.txt,init_nfs_v3,0.457721,0,0
1,run10_initcall.txt,init_nfs_v4,0.457773,0,36
1,run10_initcall.txt,nfs4filelayout_init,0.457796,0,6
1,run10_initcall.txt,nfs4flexfilelayout_init,0.45782,0,6
1,run10_initcall.txt,init_nlm,0.457866,0,29
1,run10_initcall.txt,init_nls_cp437,0.457883,0,0
1,run10_initcall.txt,init_nls_ascii,0.457898,0,0
1,run10_initcall.txt,init_autofs_fs,0.458015,0,99
1,run10_initcall.txt,init_f2fs_fs,0.458168,0,135
1,run10_initcall.txt,ipc_init,0.4582,0,13
1,run10_initcall.txt,ipc_sysctl_init,0.458237,0,19
1,run10_initcall.txt,init_mqueue_fs,0.458292,0,37
1,run10_initcall.txt,key_proc_init,0.458314,0,2
1,run10_initcall.txt,bpf_crypto_skcipher_init,0.458333,0,0
1,run10_initcall.txt,dh_init,0.458354,0,2
1,run10_initcall.txt,rsa_init,0.458374,0,1
1,run10_initcall.txt,cryptomgr_init,0.458392,0,0
1,run10_initcall.txt,hmac_module_init,0.458409,0,0
1,run10_initcall.txt,crypto_sha256_mod_init,0.458431,0,4
1,run10_initcall.txt,crypto_ecb_module_init,0.45845,0,0
1,run10_initcall.txt,crypto_cbc_module_init,0.458468,0,0
1,run10_initcall.txt,crypto_cts_module_init,0.458486,0,0
1,run10_initcall.txt,xts_module_init,0.458504,0,0
1,run10_initcall.txt,des_generic_mod_init,0.458524,0,1
1,run10_initcall.txt,aes_init,0.458542,0,0
1,run10_initcall.txt,lzo_mod_init,0.458561,0,1
1,run10_initcall.txt,lzorle_mod_init,0.458579,0,0
1,run10_initcall.txt,asymmetric_key_init,0.458603,0,5
1,run10_initcall.txt,x509_key_init,0.458627,0,6
1,run10_initcall.txt,crypto_kdf108_init,0.458644,0,0
1,run10_initcall.txt,blkdev_init,0.458675,0,12
1,run10_initcall.txt,proc_genhd_init,0.4587,0,5
1,run10_initcall.txt,bsg_init,0.458734,0,17
1,run10_initcall.txt,throtl_init,0.458837,0,84
1,run10_initcall.txt,deadline_init,0.458865,0,7
1,run10_initcall.txt,kyber_init,0.458888,0,5
1,run10_initcall.txt,bfq_init,0.458927,0,21
1,run10_initcall.txt,io_uring_init,0.458969,0,24
1,run10_initcall.txt,btree_module_init,0.458993,0,2
1,run10_initcall.txt,percpu_counter_startup,0.459063,0,50
1,run10_initcall.txt,audit_classes_init,0.459097,0,7
1,run10_initcall.txt,gicv5_iwb_platform_driver_init,0.45921,0,93
1,run10_initcall.txt,mip_msi_driver_init,0.459266,0,34
1,run10_initcall.txt,bcm7038_l1_driver_init,0.459323,0,36
1,run10_initcall.txt,bcm7120_l2_driver_init,0.459385,0,41
1,run10_initcall.txt,brcmstb_l2_driver_init,0.459678,0,273
1,run10_initcall.txt,simple_pm_bus_driver_init,0.460197,0,495
1,run10_initcall.txt,phy_core_init,0.46023,0,11
1,run10_initcall.txt,brcm_usb_driver_init,0.460314,0,64
1,run10_initcall.txt,rp1_pinctrl_driver_init,0.460369,0,34
1,run10_initcall.txt,bcm2835_pinctrl_driver_init,0.461349,0,959
1,run10_initcall.txt,bcm2712_pinctrl_driver_init,0.461437,0,60
1,run10_initcall.txt,brcmvirt_gpio_driver_init,0.461501,0,42
1,run10_initcall.txt,brcmstb_gpio_driver_init,0.461558,0,35
1,run10_initcall.txt,rpi_exp_gpio_driver_init,0.462082,0,503
1,run10_initcall.txt,brcmstb_pwm_driver_init,0.462146,0,42
1,run10_initcall.txt,rp1_pwm_driver_init,0.462201,0,38
1,run10_initcall.txt,gpio_led_driver_init,0.463952,0,1731
1,run10_initcall.txt,led_pwm_driver_init,0.46402,0,45
1,run10_initcall.txt,timer_led_trigger_init,0.464038,0,1
1,run10_initcall.txt,oneshot_led_trigger_init,0.464054,0,0
1,run10_initcall.txt,heartbeat_trig_init,0.464073,0,2
1,run10_initcall.txt,bl_led_trigger_init,0.464089,0,1
1,run10_initcall.txt,ledtrig_cpu_init,0.464162,0,58
1,run10_initcall.txt,defon_led_trigger_init,0.46421,0,32
1,run10_initcall.txt,input_trig_init,0.464229,0,1
1,run10_initcall.txt,ledtrig_panic_init,0.464246,0,1
1,run10_initcall.txt,actpwr_trig_init,0.464405,0,144
1,run10_initcall.txt,pcie_portdrv_init,0.464483,0,59
1,run10_initcall.txt,pci_proc_init,0.464508,0,8
1,run10_initcall.txt,brcm_pcie_driver_init,0.581817,0,117293
1,run10_initcall.txt,bcm2708_fb_init,0.581906,0,66
1,run10_initcall.txt,simplefb_driver_init,0.589059,0,7136
1,run10_initcall.txt,of_fixed_factor_clk_driver_init,0.589149,0,37
1,run10_initcall.txt,of_fixed_clk_driver_init,0.589235,0,34
1,run10_initcall.txt,gpio_clk_driver_init,0.589326,0,44
1,run10_initcall.txt,gated_fixed_clk_driver_init,0.58941,0,35
1,run10_initcall.txt,rp1_clk_driver_init,0.589504,0,40
1,run10_initcall.txt,rp1_sdio_clk_driver_init,0.589587,0,35
1,run10_initcall.txt,clk_dvp_driver_init,0.589771,0,137
1,run10_initcall.txt,bcm2835_aux_clk_driver_init,0.589885,0,65
1,run10_initcall.txt,raspberrypi_clk_driver_init,0.605478,0,15542
1,run10_initcall.txt,dw_driver_init,0.605577,0,51
1,run10_initcall.txt,bcm2835_power_driver_init,0.605646,0,23
1,run10_initcall.txt,rpi_power_driver_init,0.624453,0,18758
1,run10_initcall.txt,brcmstb_reset_driver_init,0.62654,0,44
1,run10_initcall.txt,brcm_rescal_reset_driver_init,0.628608,0,41
1,run10_initcall.txt,rpi_reset_driver_init,0.63172,0,1099
1,run10_initcall.txt,reset_simple_driver_init,0.633852,0,88
1,run10_initcall.txt,n_null_init,0.635883,0,0
1,run10_initcall.txt,pty_init,0.637987,0,82
1,run10_initcall.txt,sysrq_init,0.639978,0,13
1,run10_initcall.txt,serial8250_init,0.642008,-19,0
1,run10_initcall.txt,bcm2835aux_serial_driver_init,0.644067,0,44
1,run10_initcall.txt,brcmuart_init,0.646147,0,60
1,run10_initcall.txt,exar_pci_driver_init,0.648191,0,28
1,run10_initcall.txt,of_platform_serial_driver_init,0.650321,0,104
1,run10_initcall.txt,serial_pci_driver_init,0.652361,0,28
1,run10_initcall.txt,pericom8250_pci_driver_init,0.654392,0,24
1,run10_initcall.txt,init_kgdboc,0.657433,0,1076
1,run10_initcall.txt,random_sysctls_init,0.659448,0,12
1,run10_initcall.txt,ttyprintk_init,0.66155,0,79
1,run10_initcall.txt,bcm2835_rng_driver_init,0.663634,0,65
1,run10_initcall.txt,bcm74110_rng_driver_init,0.665757,0,41
1,run10_initcall.txt,iproc_rng200_driver_init,0.67021,0,2356
1,run10_initcall.txt,smccc_trng_driver_init,0.672393,0,26
1,run10_initcall.txt,vc_mem_init,0.6759,0,1263
1,run10_initcall.txt,vcio_driver_init,0.679707,0,1476
1,run10_initcall.txt,bcm2712_iommu_driver_init,0.682153,0,43
1,run10_initcall.txt,bcm2712_iommu_cache_driver_init,0.684629,0,38
1,run10_initcall.txt,topology_sysfs_init,0.687198,0,66
1,run10_initcall.txt,cacheinfo_sysfs_init,0.689947,0,261
1,run10_initcall.txt,devcoredump_init,0.692487,0,8
1,run10_initcall.txt,brd_init,0.70016,0,5158
1,run10_initcall.txt,loop_init,0.706576,0,3900
1,run10_initcall.txt,bcm2835_pm_driver_init,0.710417,0,1373
1,run10_initcall.txt,stmpe_i2c_driver_init,0.712906,0,15
1,run10_initcall.txt,stmpe_spi_driver_init,0.715398,0,16
1,run10_initcall.txt,rp1_driver_init,0.717894,0,30
1,run10_initcall.txt,system_heap_create,0.720447,0,85
1,run10_initcall.txt,add_default_cma_heap,0.722975,0,87
1,run10_initcall.txt,udmabuf_dev_init,0.725503,0,48
1,run10_initcall.txt,iscsi_transport_init,0.729451,0,1480
1,run10_initcall.txt,init_sd,0.731961,0,24
1,run10_initcall.txt,nvme_core_init,0.734726,0,278
1,run10_initcall.txt,nvme_init,0.73726,0,34
1,run10_initcall.txt,blackhole_netdev_init,0.739729,0,20
1,run10_initcall.txt,netkit_init,0.742218,0,4
1,run10_initcall.txt,phylink_init,0.744694,0,0
1,run10_initcall.txt,phy_module_init,0.747345,0,173
1,run10_initcall.txt,phy_module_init,0.749989,0,173
1,run10_initcall.txt,fixed_mdio_bus_init,0.75262,0,155
1,run10_initcall.txt,phy_module_init,0.755273,0,182
1,run10_initcall.txt,phy_module_init,0.75773,0,20
1,run10_initcall.txt,phy_module_init,0.760229,0,62
1,run10_initcall.txt,unimac_mdio_driver_init,0.762788,0,134
1,run10_initcall.txt,macb_driver_init,0.765355,0,128
1,run10_initcall.txt,bcmgenet_driver_init,0.974157,0,206386
1,run10_initcall.txt,bcmasp_driver_init,0.976691,0,83
1,run10_initcall.txt,lan78xx_driver_init,0.980391,0,1251
1,run10_initcall.txt,smsc95xx_driver_init,0.984117,0,1244
1,run10_initcall.txt,usbnet_init,0.986591,0,0
1,run10_initcall.txt,xhci_hcd_init,0.989051,0,14
1,run10_initcall.txt,xhci_pci_init,1.11851,0,127007
1,run10_initcall.txt,xhci_plat_init,1.120983,0,137
1,run10_initcall.txt,dwc_otg_driver_init,1.127962,0,4698
1,run10_initcall.txt,dwc_common_port_init_module,1.131553,0,1275
1,run10_initcall.txt,dwc3_driver_init,1.133919,0,57
1,run10_initcall.txt,dwc3_haps_driver_init,1.136239,0,25
1,run10_initcall.txt,dwc3_of_simple_driver_init,1.138603,0,65
1,run10_initcall.txt,dwc3_generic_driver_init,1.140916,0,40
1,run10_initcall.txt,dwc2_platform_driver_init,1.143363,0,158
1,run10_initcall.txt,uas_init,1.146922,0,1239
1,run10_initcall.txt,usb_storage_driver_init,1.150353,0,1153
1,run10_initcall.txt,brcmstb_usb_pinmap_init,1.152685,-19,71
1,run10_initcall.txt,bdc_driver_init,1.154996,0,49
1,run10_initcall.txt,input_leds_init,1.157219,0,1
1,run10_initcall.txt,mousedev_init,1.160733,0,1257
1,run10_initcall.txt,evdev_init,1.163058,0,0
1,run10_initcall.txt,brcmstb_waketmr_driver_init,1.165403,0,49
1,run10_initcall.txt,rpi_rtc_driver_init,1.167738,0,41
1,run10_initcall.txt,init_rc_map_adstech_dvb_t_pci,1.170039,0,1
1,run10_initcall.txt,init_rc_map_alink_dtu_m,1.172289,0,0
1,run10_initcall.txt,init_rc_map_anysee,1.174562,0,0
1,run10_initcall.txt,init_rc_map_apac_viewcomp,1.176843,0,0
1,run10_initcall.txt,init_rc_map_t2hybrid,1.179158,0,0
1,run10_initcall.txt,init_rc_map_asus_pc39,1.181461,0,0
1,run10_initcall.txt,init_rc_map_asus_ps3_100,1.183745,0,0
1,run10_initcall.txt,init_rc_map_ati_tv_wonder_hd_600,1.186042,0,0
1,run10_initcall.txt,init_rc_map_ati_x10,1.188345,0,0
1,run10_initcall.txt,init_rc_map_avermedia_a16d,1.190633,0,0
1,run10_initcall.txt,init_rc_map_avermedia_cardbus,1.192986,0,12
1,run10_initcall.txt,init_rc_map_avermedia_dvbt,1.195306,0,0
1,run10_initcall.txt,init_rc_map_avermedia_m135a,1.197642,0,0
1,run10_initcall.txt,init_rc_map_avermedia_m733a_rm_k6,1.199986,0,0
1,run10_initcall.txt,init_rc_map_avermedia,1.202333,0,0
1,run10_initcall.txt,init_rc_map_avermedia_rm_ks,1.20467,0,0
1,run10_initcall.txt,init_rc_map_avertv_303,1.206981,0,0
1,run10_initcall.txt,init_rc_map_azurewave_ad_tu700,1.209329,0,0
1,run10_initcall.txt,init_rc_map_beelink_gs1,1.211658,0,0
1,run10_initcall.txt,init_rc_map_beelink_mxiii,1.213986,0,0
1,run10_initcall.txt,init_rc_map_behold_columbus,1.216311,0,0
1,run10_initcall.txt,init_rc_map_behold,1.219014,0,0
1,run10_initcall.txt,init_rc_map_budget_ci_old,1.221323,0,0
1,run10_initcall.txt,init_rc_map_cinergy_1400,1.223574,0,0
1,run10_initcall.txt,init_rc_map_cinergy,1.225854,0,0
1,run10_initcall.txt,init_rc_map_ct_90405,1.22812,0,0
1,run10_initcall.txt,init_rc_map_d680_dmb,1.230612,0,58
1,run10_initcall.txt,init_rc_map_delock_61959,1.232895,0,47
1,run10_initcall.txt,init_rc_map,1.235308,0,117
1,run10_initcall.txt,init_rc_map,1.237587,0,13
1,run10_initcall.txt,init_rc_map_digitalnow_tinytwin,1.239791,0,0
1,run10_initcall.txt,init_rc_map_digittrade,1.242042,0,0
1,run10_initcall.txt,init_rc_map_dm1105_nec,1.244278,0,0
1,run10_initcall.txt,init_rc_map_dntv_live_dvb_t,1.246544,0,0
1,run10_initcall.txt,init_rc_map_dntv_live_dvbt_pro,1.248799,0,0
1,run10_initcall.txt,init_rc_map_dreambox,1.251045,0,0
1,run10_initcall.txt,init_rc_map_dtt200u,1.253436,0,138
1,run10_initcall.txt,init_rc_map_rc5_dvbsky,1.255658,0,0
1,run10_initcall.txt,init_rc_map_dvico_mce,1.257907,0,0
1,run10_initcall.txt,init_rc_map_dvico_portable,1.260153,0,0
1,run10_initcall.txt,init_rc_map_em_terratec,1.262382,0,0
1,run10_initcall.txt,init_rc_map_encore_enltv2,1.264628,0,0
1,run10_initcall.txt,init_rc_map_encore_enltv_fm53,1.266881,0,0
1,run10_initcall.txt,init_rc_map_encore_enltv,1.269143,0,0
1,run10_initcall.txt,init_rc_map_evga_indtube,1.271383,0,0
1,run10_initcall.txt,init_rc_map_eztv,1.273563,0,0
1,run10_initcall.txt,init_rc_map_flydvb,1.275776,0,0
1,run10_initcall.txt,init_rc_map_flyvideo,1.277981,0,0
1,run10_initcall.txt,init_rc_map_fusionhdtv_mce,1.280175,0,0
1,run10_initcall.txt,init_rc_map_gadmei_rm008z,1.282365,0,0
1,run10_initcall.txt,init_rc_map_geekbox,1.284553,0,0
1,run10_initcall.txt,init_rc_map_genius_tvgo_a11mce,1.286739,0,0
1,run10_initcall.txt,init_rc_map_gotview7135,1.288893,0,0
1,run10_initcall.txt,init_rc_map_rc5_hauppauge_new,1.291076,0,0
1,run10_initcall.txt,init_rc_map_hisi_poplar,1.29329,0,0
1,run10_initcall.txt,init_rc_map_hisi_tv_demo,1.295494,0,0
1,run10_initcall.txt,init_rc_map_imon_mce,1.297698,0,0
1,run10_initcall.txt,init_rc_map_imon_pad,1.299896,0,0
1,run10_initcall.txt,init_rc_map_imon_rsc,1.302132,0,0
1,run10_initcall.txt,init_rc_map_iodata_bctv7e,1.304294,0,0
1,run10_initcall.txt,init_rc_it913x_v1_map,1.306419,0,0
1,run10_initcall.txt,init_rc_it913x_v2_map,1.308575,0,0
1,run10_initcall.txt,init_rc_map_kaiomy,1.310734,0,0
1,run10_initcall.txt,init_rc_map_khadas,1.312881,0,0
1,run10_initcall.txt,init_rc_map_khamsin,1.315029,0,0
1,run10_initcall.txt,init_rc_map_kworld_315u,1.317172,0,0
1,run10_initcall.txt,init_rc_map_kworld_pc150u,1.319303,0,0
1,run10_initcall.txt,init_rc_map_kworld_plus_tv_analog,1.32144,0,0
1,run10_initcall.txt,init_rc_map_leadtek_y04g0051,1.323533,0,0
1,run10_initcall.txt,init_rc_lme2510_map,1.325683,0,0
1,run10_initcall.txt,init_rc_map_manli,1.327832,0,0
1,run10_initcall.txt,init_rc_map_mecool_kiii_pro,1.329995,0,0
1,run10_initcall.txt,init_rc_map_mecool_kii_pro,1.332147,0,0
1,run10_initcall.txt,init_rc_map_medion_x10_digitainer,1.334308,0,0
1,run10_initcall.txt,init_rc_map_medion_x10,1.336466,0,0
1,run10_initcall.txt,init_rc_map_medion_x10_or2x,1.338621,0,0
1,run10_initcall.txt,init_rc_map_minix_neo,1.340747,0,0
1,run10_initcall.txt,init_rc_map_msi_digivox_iii,1.342922,0,0
1,run10_initcall.txt,init_rc_map_msi_digivox_ii,1.345116,0,0
1,run10_initcall.txt,init_rc_map_msi_tvanywhere,1.347302,0,0
1,run10_initcall.txt,init_rc_map_msi_tvanywhere_plus,1.349475,0,0
1,run10_initcall.txt,init_rc_map_mygica_utv3,1.351641,0,0
1,run10_initcall.txt,init_rc_map_nebula,1.353829,0,0
1,run10_initcall.txt,init_rc_map_nec_terratec_cinergy_xs,1.355944,0,0
1,run10_initcall.txt,init_rc_map_norwood,1.359345,0,49
1,run10_initcall.txt,init_rc_map_npgtech,1.361623,0,0
1,run10_initcall.txt,init_rc_map_odroid,1.363803,0,0
1,run10_initcall.txt,init_rc_map_pctv_sedna,1.365988,0,0
1,run10_initcall.txt,init_rc_map_pine64,1.368176,0,0
1,run10_initcall.txt,init_rc_map_pinnacle_color,1.370371,0,0
1,run10_initcall.txt,init_rc_map_pinnacle_grey,1.372545,0,0
1,run10_initcall.txt,init_rc_map_pinnacle_pctv_hd,1.374735,0,0
1,run10_initcall.txt,init_rc_map_pixelview,1.37693,0,0
1,run10_initcall.txt,init_rc_map_pixelview,1.379113,0,0
1,run10_initcall.txt,init_rc_map_pixelview_new,1.381314,0,0
1,run10_initcall.txt,init_rc_map_pixelview,1.383514,0,0
1,run10_initcall.txt,init_rc_map_powercolor_real_angel,1.385716,0,0
1,run10_initcall.txt,init_rc_map_proteus_2309,1.387917,0,0
1,run10_initcall.txt,init_rc_map_purpletv,1.390074,0,0
1,run10_initcall.txt,init_rc_map_pv951,1.392255,0,0
1,run10_initcall.txt,init_rc_map_rc6_mce,1.394478,0,0
1,run10_initcall.txt,init_rc_map_real_audio_220_32_keys,1.396662,0,0
1,run10_initcall.txt,init_rc_map_reddo,1.398859,0,0
1,run10_initcall.txt,init_rc_map_siemens_gigaset_rc20,1.401048,0,0
1,run10_initcall.txt,init_rc_map_snapstream_firefly,1.403229,0,0
1,run10_initcall.txt,init_rc_map_streamzap,1.40541,0,0
1,run10_initcall.txt,init_rc_map_su3000,1.407584,0,0
1,run10_initcall.txt,init_rc_map_tanix_tx3mini,1.409779,0,0
1,run10_initcall.txt,init_rc_map_tanix_tx5max,1.41196,0,0
1,run10_initcall.txt,init_rc_map_tbs_nec,1.414156,0,0
1,run10_initcall.txt,init_rc_map,1.416359,0,0
1,run10_initcall.txt,init_rc_map,1.418565,0,0
1,run10_initcall.txt,init_rc_map_terratec_cinergy_c_pci,1.420762,0,0
1,run10_initcall.txt,init_rc_map_terratec_cinergy_s2_hd,1.42302,0,0
1,run10_initcall.txt,init_rc_map_terratec_cinergy_xs,1.425211,0,0
1,run10_initcall.txt,init_rc_map_terratec_slim_2,1.427379,0,0
1,run10_initcall.txt,init_rc_map_terratec_slim,1.429558,0,0
1,run10_initcall.txt,init_rc_map_tevii_nec,1.431739,0,0
1,run10_initcall.txt,init_rc_map_tivo,1.433936,0,0
1,run10_initcall.txt,init_rc_map_total_media_in_hand_02,1.436125,0,0
1,run10_initcall.txt,init_rc_map_total_media_in_hand,1.438336,0,0
1,run10_initcall.txt,init_rc_map_trekstor,1.440496,0,0
1,run10_initcall.txt,init_rc_map_tt_1500,1.442701,0,0
1,run10_initcall.txt,init_rc_map_twinhan_vp1027,1.444903,0,0
1,run10_initcall.txt,init_rc_map_twinhan_dtv_cab_ci,1.447118,0,0
1,run10_initcall.txt,init_rc_map_vega_s9x,1.449332,0,0
1,run10_initcall.txt,init_rc_map_videomate_k100,1.451545,0,0
1,run10_initcall.txt,init_rc_map_videomate_s350,1.453748,0,0
1,run10_initcall.txt,init_rc_map_videomate_tv_pvr,1.455889,0,0
1,run10_initcall.txt,init_rc_map_kii_pro,1.458259,0,0
1,run10_initcall.txt,init_rc_map_wetek_hub,1.460439,0,0
1,run10_initcall.txt,init_rc_map_wetek_play2,1.462615,0,0
1,run10_initcall.txt,init_rc_map_winfast,1.46479,0,0
1,run10_initcall.txt,init_rc_map_winfast_usbii_deluxe,1.466981,0,0
1,run10_initcall.txt,init_rc_map_x96max,1.469226,0,37
1,run10_initcall.txt,init_rc_map,1.471414,0,0
1,run10_initcall.txt,init_rc_map,1.47355,0,0
1,run10_initcall.txt,init_rc_map_zx_irdec,1.475718,0,0
1,run10_initcall.txt,ptp_kvm_init,1.477931,-95,35
1,run10_initcall.txt,gpio_poweroff_driver_init,1.480345,0,95
1,run10_initcall.txt,bcm2711_thermal_driver_init,1.483928,0,1390
1,run10_initcall.txt,bcm2835_thermal_driver_init,1.486203,0,56
1,run10_initcall.txt,bcm2835_wdt_driver_init,1.488444,0,26
1,run10_initcall.txt,dt_cpufreq_platdrv_init,1.490678,0,26
1,run10_initcall.txt,brcm_avs_cpufreq_platdrv_init,1.493178,0,234
1,run10_initcall.txt,raspberrypi_cpufreq_driver_init,1.498926,0,3346
1,run10_initcall.txt,mmc_pwrseq_simple_driver_init,1.503696,0,130
1,run10_initcall.txt,mmc_pwrseq_emmc_driver_init,1.507131,0,58
1,run10_initcall.txt,mmc_blk_init,1.510731,0,56
1,run10_initcall.txt,sdhci_drv_init,1.516475,0,2298
1,run10_initcall.txt,bcm2835_mmc_driver_init,1.520048,0,1234
1,run10_initcall.txt,bcm2835_driver_init,1.524689,0,45
1,run10_initcall.txt,sdhci_pltfm_drv_init,1.528255,0,1184
1,run10_initcall.txt,sdhci_iproc_driver_init,1.530733,0,78
1,run10_initcall.txt,sdhci_brcmstb_driver_init,1.530823,0,65
1,run10_initcall.txt,esrt_sysfs_init,1.530841,-38,1
1,run10_initcall.txt,smccc_devices_init,1.530854,0,1
1,run10_initcall.txt,smccc_soc_init,1.530863,0,1
1,run10_initcall.txt,arch_timer_mmio_drv_init,1.530908,0,36
1,run10_initcall.txt,arch_timer_mmio_acpi_drv_init,1.530941,0,24
1,run10_initcall.txt,hid_init,1.531024,0,74
1,run10_initcall.txt,hid_generic_init,1.531064,0,31
1,run10_initcall.txt,hid_init,1.531114,0,40
1,run10_initcall.txt,vchiq_driver_init,1.563502,0,32376
1,run10_initcall.txt,bcm74110_mbox_driver_init,1.566214,0,88
1,run10_initcall.txt,extcon_class_init,1.569104,0,54
1,run10_initcall.txt,armv8_pmu_driver_init,1.574722,0,3193
1,run10_initcall.txt,binder_init,1.577202,0,103
1,run10_initcall.txt,rpi_otp_driver_init,1.583397,0,3849
1,run10_initcall.txt,sock_diag_init,1.585717,0,45
1,run10_initcall.txt,blackhole_init,1.588005,0,1
1,run10_initcall.txt,cls_bpf_init_mod,1.590265,0,0
1,run10_initcall.txt,gre_offload_init,1.592544,0,1
1,run10_initcall.txt,sysctl_ipv4_init,1.594913,0,73
1,run10_initcall.txt,cubictcp_register,1.597207,0,2
1,run10_initcall.txt,packet_init,1.600616,0,1141
1,run10_initcall.txt,init_rpcsec_gss,1.602932,0,17
1,run10_initcall.txt,init_kerberos_module,1.605231,0,8
1,run10_initcall.txt,dcbnl_init,1.607489,0,2
1,run10_initcall.txt,init_dns_resolver,1.610946,0,1151
1,run10_initcall.txt,handshake_init,1.613294,0,31
1,run10_initcall.txt,check_mmu_enabled_at_boot,1.615608,0,0
1,run10_initcall.txt,finalize_pkvm,1.617959,0,6
1,run10_initcall.txt,kernel_do_mounts_initrd_sysctls_init,1.621598,0,57
1,run10_initcall.txt,kernel_panic_sysctls_init,1.624007,0,51
1,run10_initcall.txt,kernel_panic_sysfs_init,1.62648,0,75
1,run10_initcall.txt,kernel_exit_sysctls_init,1.629008,0,63
1,run10_initcall.txt,kernel_exit_sysfs_init,1.631418,0,3
1,run10_initcall.txt,param_sysfs_builtin_init,1.643724,0,9916
1,run10_initcall.txt,reboot_ksysfs_init,1.64634,0,25
1,run10_initcall.txt,sched_core_sysctl_init,1.648762,0,4
1,run10_initcall.txt,sched_fair_sysctl_init,1.65117,0,2
1,run10_initcall.txt,sched_rt_sysctl_init,1.653857,0,291
1,run10_initcall.txt,sched_dl_sysctl_init,1.656175,0,2
1,run10_initcall.txt,sched_init_debug,1.658594,0,104
1,run10_initcall.txt,cpu_latency_qos_init,1.661893,0,987
1,run10_initcall.txt,printk_late_init,1.664275,0,22
1,run10_initcall.txt,init_srcu_module_notifier,1.666639,0,2
1,run10_initcall.txt,kernel_rcu_stall_sysfs_init,1.669014,0,4
1,run10_initcall.txt,swiotlb_create_default_debugfs,1.671411,0,19
1,run10_initcall.txt,tk_debug_sleep_time_init,1.673786,0,3
1,run10_initcall.txt,bpf_ksym_iter_register,1.676191,0,1
1,run10_initcall.txt,kernel_acct_sysctls_init,1.678631,0,3
1,run10_initcall.txt,bpf_rstat_kfunc_init,1.681058,0,1
1,run10_initcall.txt,debugfs_kprobe_init,1.683475,0,10
1,run10_initcall.txt,kernel_delayacct_sysctls_init,1.685891,0,9
1,run10_initcall.txt,taskstats_init,1.689447,0,1170
1,run10_initcall.txt,ftrace_sysctl_init,1.691842,0,2
1,run10_initcall.txt,bpf_kprobe_multi_kfuncs_init,1.694258,0,0
1,run10_initcall.txt,kdb_ftrace_register,1.696644,0,10
1,run10_initcall.txt,bpf_global_ma_init,1.699382,0,96
1,run10_initcall.txt,bpf_syscall_sysctl_init,1.701784,0,5
1,run10_initcall.txt,unbound_reg_init,1.704164,0,0
1,run10_initcall.txt,kfunc_init,1.706509,0,1
1,run10_initcall.txt,bpf_map_iter_init,1.708877,0,0
1,run10_initcall.txt,init_subsystem,1.711244,0,0
1,run10_initcall.txt,task_iter_init,1.7136,0,7
1,run10_initcall.txt,bpf_prog_iter_init,1.715928,0,0
1,run10_initcall.txt,bpf_link_iter_init,1.718255,0,0
1,run10_initcall.txt,init_trampolines,1.720556,0,2
1,run10_initcall.txt,rqspinlock_register_kfuncs,1.722815,0,0
1,run10_initcall.txt,kfunc_init,1.725106,0,0
1,run10_initcall.txt,bpf_cgroup_iter_init,1.727399,0,0
1,run10_initcall.txt,cpumask_kfunc_init,1.729702,0,11
1,run10_initcall.txt,crypto_kfunc_init,1.731999,0,0
1,run10_initcall.txt,bpf_kmem_cache_iter_init,1.734321,0,0
1,run10_initcall.txt,dmabuf_iter_init,1.73662,0,0
1,run10_initcall.txt,load_system_certificate_list,1.740005,0,1119
1,run10_initcall.txt,init_lru_gen,1.742345,0,14
1,run10_initcall.txt,vmstat_late_init,1.744649,0,3
1,run10_initcall.txt,fault_around_debugfs,1.746935,0,3
1,run10_initcall.txt,slab_sysfs_init,1.753346,0,4130
1,run10_initcall.txt,max_swapfiles_check,1.755636,0,0
1,run10_initcall.txt,zswap_init,1.757932,0,18
1,run10_initcall.txt,mempolicy_sysfs_init,1.760232,0,20
1,run10_initcall.txt,memory_tier_late_init,1.764892,0,2363
1,run10_initcall.txt,check_early_ioremap_leak,1.767208,0,0
1,run10_initcall.txt,mg_debugfs_init,1.769532,0,17
1,run10_initcall.txt,fscrypt_init,1.774133,0,2303
1,run10_initcall.txt,pstore_init,1.776409,0,12
1,run10_initcall.txt,init_root_keyring,1.778724,0,37
1,run10_initcall.txt,init_profile_hash,1.780999,0,0
1,run10_initcall.txt,integrity_fs_init,1.783281,0,8
1,run10_initcall.txt,crypto_algapi_init,1.785583,0,14
1,run10_initcall.txt,blk_timeout_init,1.787871,0,0
1,run10_initcall.txt,depot_debugfs_init,1.79014,0,7
1,run10_initcall.txt,pci_resource_alignment_sysfs_init,1.792452,0,4
1,run10_initcall.txt,pci_sysfs_init,1.794791,0,11
1,run10_initcall.txt,clk_debug_init,1.797585,0,481
1,run10_initcall.txt,genpd_debug_init,1.800264,0,353
1,run10_initcall.txt,sync_state_resume_initcall,1.80262,0,0
1,run10_initcall.txt,deferred_probe_initcall,1.871892,0,66903
1,run10_initcall.txt,efi_shutdown_init,1.874178,-19,1
1,run10_initcall.txt,efi_earlycon_unmap_fb,1.876416,0,0
1,run10_initcall.txt,psci_debugfs_init,1.878605,0,2
1,run10_initcall.txt,of_cfs_init,1.882953,0,2174
1,run10_initcall.txt,of_fdt_raw_init,1.885113,0,29
1,run10_initcall.txt,bpf_kfunc_init,1.887238,0,2
1,run10_initcall.txt,init_subsystem,1.88933,0,0
1,run10_initcall.txt,xdp_metadata_init,1.891459,0,0
1,run10_initcall.txt,bpf_sockmap_iter_init,1.893583,0,1
1,run10_initcall.txt,bpf_sk_storage_map_iter_init,1.895716,0,0
1,run10_initcall.txt,bpf_prog_test_run_init,1.897868,0,10
1,run10_initcall.txt,bpf_dummy_struct_ops_init,1.899993,0,0
1,run10_initcall.txt,tcp_congestion_default,1.902123,0,1
1,run10_initcall.txt,inet_blackhole_dev_init,1.904241,0,7
1,run10_initcall.txt,ip_auto_config,1.906327,0,10
1,run10_initcall.txt,tcp_bpf_v4_build_proto,1.908447,0,1
1,run10_initcall.txt,udp_bpf_v4_build_proto,1.910523,0,0
1,run10_initcall.txt,bpf_tcp_ca_kfunc_init,1.912584,0,0
1,run10_initcall.txt,bpf_mptcp_kfunc_init,1.915732,0,0
1,run10_initcall.txt,latency_fsnotify_init,1.918888,0,19
1,run10_initcall.txt,trace_eval_sync,1.921028,0,11
1,run10_initcall.txt,late_trace_init,1.923149,0,0
1,run10_initcall.txt,fb_logo_late_init,1.925356,0,0
1,run10_initcall.txt,amba_stub_drv_init,1.927635,0,26
1,run10_initcall.txt,clk_disable_unused,1.934827,0,4885
1,run10_initcall.txt,genpd_power_off_unused,1.938361,0,1187
1,run10_initcall.txt,regulator_init_complete,1.94069,0,1
1,run10_initcall.txt,of_platform_sync_state_init,1.943105,0,17
2,run1_initcall.txt,percpu_enable_async,0.051824,0,0
2,run1_initcall.txt,kcompactd_init,0.051931,0,0
2,run1_initcall.txt,init_mm_sysctl,0.051949,0,0
2,run1_initcall.txt,init_user_reserve,0.051968,0,0
2,run1_initcall.txt,init_admin_reserve,0.051983,0,0
2,run1_initcall.txt,init_reserve_notifier,0.051998,0,0
2,run1_initcall.txt,swap_init,0.05202,0,0
2,run1_initcall.txt,swapfile_init,0.052042,0,0
2,run1_initcall.txt,memory_tier_init,0.05209,0,0
2,run1_initcall.txt,numa_init_sysfs,0.052111,0,0
2,run1_initcall.txt,mem_cgroup_swap_init,0.052128,0,0
2,run1_initcall.txt,init_msg_buckets,0.052145,0,0
2,run1_initcall.txt,init_bio,0.052227,0,4000
2,run1_initcall.txt,blk_ioc_init,0.052248,0,0
2,run1_initcall.txt,blk_mq_init,0.052267,0,0
2,run1_initcall.txt,genhd_device_init,0.052367,0,0
2,run1_initcall.txt,blkcg_punt_bio_init,0.052469,0,0
2,run1_initcall.txt,blk_integrity_auto_init,0.052543,0,0
2,run1_initcall.txt,io_wq_init,0.052564,0,0
2,run1_initcall.txt,crc_t10dif_mod_init,0.05259,0,0
2,run1_initcall.txt,sha256_mod_init,0.052611,0,0
2,run1_initcall.txt,sha512_mod_init,0.052628,0,0
2,run1_initcall.txt,sg_pool_init,0.052661,0,0
2,run1_initcall.txt,gpiolib_debugfs_init,0.052685,0,0
2,run1_initcall.txt,stmpe_gpio_init,0.052789,0,0
2,run1_initcall.txt,pwm_init,0.052822,0,0
2,run1_initcall.txt,leds_init,0.052855,0,0
2,run1_initcall.txt,pci_slot_init,0.052877,0,0
2,run1_initcall.txt,fbmem_init,0.052935,0,0
2,run1_initcall.txt,bcm2835_dma_init,0.05367,0,0
2,run1_initcall.txt,regulator_fixed_voltage_init,0.053748,0,0
2,run1_initcall.txt,gpio_regulator_init,0.053806,0,0
2,run1_initcall.txt,init_sysrq_sysctl,0.053831,0,0
2,run1_initcall.txt,misc_init,0.053858,0,0
2,run1_initcall.txt,iommu_subsys_init,0.05389,0,0
2,run1_initcall.txt,register_cpu_capacity_sysctl,0.054463,0,0
2,run1_initcall.txt,dma_buf_init,0.054529,0,0
2,run1_initcall.txt,dma_heap_init,0.054558,0,0
2,run1_initcall.txt,init_scsi,0.05466,0,0
2,run1_initcall.txt,mdio_bus_init,0.054695,0,0
2,run1_initcall.txt,phy_init,0.054744,0,0
2,run1_initcall.txt,usb_common_init,0.054767,0,0
2,run1_initcall.txt,usb_init,0.054884,0,0
2,run1_initcall.txt,usb_phy_generic_init,0.055033,0,0
2,run1_initcall.txt,usb_udc_init,0.055065,0,0
2,run1_initcall.txt,usb_roles_init,0.055084,0,0
2,run1_initcall.txt,input_init,0.05511,0,0
2,run1_initcall.txt,rtc_init,0.055129,0,0
2,run1_initcall.txt,rc_core_init,0.055155,0,0
2,run1_initcall.txt,pps_init,0.055189,0,0
2,run1_initcall.txt,ptp_init,0.055215,0,0
2,run1_initcall.txt,power_supply_class_init,0.05525,0,0
2,run1_initcall.txt,hwmon_init,0.055273,0,0
2,run1_initcall.txt,mmc_init,0.055315,0,0
2,run1_initcall.txt,dmi_init,0.055334,0,0
2,run1_initcall.txt,efisubsys_init,0.055353,0,0
2,run1_initcall.txt,arm_pmu_hp_init,0.055373,0,0
2,run1_initcall.txt,ras_init,0.055398,0,0
2,run1_initcall.txt,nvmem_init,0.055436,0,0
2,run1_initcall.txt,init_soundcore,0.055458,0,0
2,run1_initcall.txt,proto_init,0.055477,0,0
2,run1_initcall.txt,net_dev_init,0.055712,0,0
2,run1_initcall.txt,neigh_init,0.055734,0,0
2,run1_initcall.txt,fib_notifier_init,0.055752,0,0
2,run1_initcall.txt,netdev_genl_init,0.055792,0,0
2,run1_initcall.txt,page_pool_user_init,0.055809,0,0
2,run1_initcall.txt,fib_rules_init,0.055828,0,0
2,run1_initcall.txt,init_cgroup_netprio,0.055845,0,0
2,run1_initcall.txt,bpf_lwt_init,0.055861,0,0
2,run1_initcall.txt,pktsched_init,0.055882,0,0
2,run1_initcall.txt,tc_filter_init,0.055913,0,0
2,run1_initcall.txt,tc_action_init,0.05593,0,0
2,run1_initcall.txt,ethnl_init,0.056004,0,0
2,run1_initcall.txt,nexthop_init,0.056026,0,0
2,run1_initcall.txt,devlink_init,0.056112,0,0
2,run1_initcall.txt,wireless_nlevent_init,0.056132,0,0
2,run1_initcall.txt,vsprintf_init_hashval,0.056154,0,0
2,run1_initcall.txt,init_32bit_el0_mask,0.056171,0,0
2,run1_initcall.txt,vga_arb_device_init,0.056345,0,4000
2,run1_initcall.txt,watchdog_init,0.056463,0,0
2,run1_initcall.txt,create_debug_debugfs_entry,0.056573,0,0
2,run1_initcall.txt,iomem_init_inode,0.056627,0,0
2,run1_initcall.txt,clocksource_done_booting,0.056676,0,13
2,run1_initcall.txt,tracer_init_tracefs,0.056705,0,8
2,run1_initcall.txt,init_trace_printk_function_export,0.056777,0,52
2,run1_initcall.txt,init_graph_tracefs,0.056801,0,2
2,run1_initcall.txt,bpf_event_init,0.056819,0,1
2,run1_initcall.txt,init_kprobe_trace,0.442622,0,385781
2,run1_initcall.txt,init_dynamic_event,0.442722,0,10
2,run1_initcall.txt,bpf_init,0.442762,0,21
2,run1_initcall.txt,secretmem_init,0.442839,0,51
2,run1_initcall.txt,init_fs_stat_sysctls,0.442882,0,23
2,run1_initcall.txt,init_fs_exec_sysctls,0.442902,0,1
2,run1_initcall.txt,init_pipe_fs,0.442934,0,14
2,run1_initcall.txt,init_fs_namei_sysctls,0.442956,0,2
2,run1_initcall.txt,init_fs_dcache_sysctls,0.442981,0,7
2,run1_initcall.txt,init_fs_namespace_sysctls,0.443001,0,1
2,run1_initcall.txt,cgroup_writeback_init,0.443028,0,9
2,run1_initcall.txt,inotify_user_setup,0.443065,0,15
2,run1_initcall.txt,eventpoll_init,0.4431,0,16
2,run1_initcall.txt,anon_inode_init,0.443132,0,12
2,run1_initcall.txt,proc_locks_init,0.443156,0,5
2,run1_initcall.txt,backing_aio_init,0.443172,0,2
2,run1_initcall.txt,init_fs_coredump_sysctls,0.443194,0,7
2,run1_initcall.txt,init_vm_drop_caches_sysctls,0.443212,0,2
2,run1_initcall.txt,iomap_dio_init,0.443251,0,25
2,run1_initcall.txt,iomap_ioend_init,0.443295,0,28
2,run1_initcall.txt,dquot_init,0.443509,0,198
2,run1_initcall.txt,proc_cmdline_init,0.443531,0,2
2,run1_initcall.txt,proc_consoles_init,0.443546,0,0
2,run1_initcall.txt,proc_cpuinfo_init,0.443562,0,1
2,run1_initcall.txt,proc_devices_init,0.443577,0,0
2,run1_initcall.txt,proc_interrupts_init,0.443592,0,1
2,run1_initcall.txt,proc_loadavg_init,0.443609,0,1
2,run1_initcall.txt,proc_meminfo_init,0.443624,0,0
2,run1_initcall.txt,proc_stat_init,0.443639,0,1
2,run1_initcall.txt,proc_uptime_init,0.443654,0,1
2,run1_initcall.txt,proc_version_init,0.443669,0,1
2,run1_initcall.txt,proc_softirqs_init,0.443684,0,0
2,run1_initcall.txt,proc_kmsg_init,0.4437,0,1
2,run1_initcall.txt,proc_page_init,0.443716,0,2
2,run1_initcall.txt,init_ramfs_fs,0.443733,0,1
2,run1_initcall.txt,aa_create_aafs,0.443749,0,0
2,run1_initcall.txt,chr_dev_init,0.446904,0,3135
2,run1_initcall.txt,hwrng_modinit,0.446995,0,47
2,run1_initcall.txt,firmware_class_init,0.447017,0,1
2,run1_initcall.txt,sysctl_core_init,0.447073,0,36
2,run1_initcall.txt,eth_offload_init,0.447091,0,0
2,run1_initcall.txt,ipv4_offload_init,0.447116,0,1
2,run1_initcall.txt,inet_init,0.451035,0,3901
2,run1_initcall.txt,af_unix_init,0.451095,0,24
2,run1_initcall.txt,ipv6_offload_init,0.451117,0,2
2,run1_initcall.txt,init_sunrpc,0.451498,0,362
2,run1_initcall.txt,vlan_offload_init,0.451527,0,0
2,run1_initcall.txt,pci_apply_final_quirks,0.451557,0,11
2,run1_initcall.txt,populate_rootfs,0.451583,0,7
2,run1_initcall.txt,register_arm64_panic_block,0.451698,0,1
2,run1_initcall.txt,cpuinfo_regs_init,0.451807,0,90
2,run1_initcall.txt,aarch32_el0_sysfs_init,0.451828,0,0
2,run1_initcall.txt,kvm_arm_init,0.455227,0,3377
2,run1_initcall.txt,proc_execdomains_init,0.455265,0,3
2,run1_initcall.txt,register_warn_debugfs,0.455296,0,6
2,run1_initcall.txt,cpuhp_sysfs_init,0.455339,0,25
2,run1_initcall.txt,ioresources_init,0.455359,0,3
2,run1_initcall.txt,psi_proc_init,0.455376,0,0
2,run1_initcall.txt,irq_gc_init_ops,0.455395,0,0
2,run1_initcall.txt,irq_debugfs_init,0.455489,0,75
2,run1_initcall.txt,proc_modules_init,0.455509,0,1
2,run1_initcall.txt,timer_sysctl_init,0.455534,0,10
2,run1_initcall.txt,timekeeping_init_ops,0.45555,0,0
2,run1_initcall.txt,init_clocksource_sysfs,0.455623,0,58
2,run1_initcall.txt,init_timer_list_procfs,0.455642,0,1
2,run1_initcall.txt,alarmtimer_init,0.455712,0,55
2,run1_initcall.txt,clockevents_init_sysfs,0.455847,0,118
2,run1_initcall.txt,sched_clock_syscore_init,0.455864,0,0
2,run1_initcall.txt,kallsyms_init,0.455881,0,2
2,run1_initcall.txt,pid_namespaces_init,0.455919,0,22
2,run1_initcall.txt,audit_watch_init,0.455938,0,1
2,run1_initcall.txt,audit_fsnotify_init,0.455954,0,0
2,run1_initcall.txt,audit_tree_init,0.455971,0,2
2,run1_initcall.txt,seccomp_sysctl_init,0.455992,0,4
2,run1_initcall.txt,utsname_sysctl_init,0.456015,0,5
2,run1_initcall.txt,init_tracepoints,0.456032,0,1
2,run1_initcall.txt,init_lstats_procfs,0.456051,0,3
2,run1_initcall.txt,stack_trace_init,0.456095,0,25
2,run1_initcall.txt,init_blk_tracer,0.456128,0,14
2,run1_initcall.txt,perf_event_sysfs_init,0.456243,0,95
2,run1_initcall.txt,system_trusted_keyring_init,0.456279,0,16
2,run1_initcall.txt,kswapd_init,0.456483,0,184
2,run1_initcall.txt,extfrag_debug_init,0.456523,0,17
2,run1_initcall.txt,mm_compute_batch_init,0.456541,0,0
2,run1_initcall.txt,slab_proc_init,0.456559,0,2
2,run1_initcall.txt,workingset_init,0.456583,0,8
2,run1_initcall.txt,proc_vmalloc_init,0.456599,0,1
2,run1_initcall.txt,memblock_init_debugfs,0.456622,0,7
2,run1_initcall.txt,slab_debugfs_init,0.456645,0,6
2,run1_initcall.txt,procswaps_init,0.456688,0,26
2,run1_initcall.txt,zs_init,0.456706,0,0
2,run1_initcall.txt,fcntl_init,0.456726,0,3
2,run1_initcall.txt,proc_filesystems_init,0.456747,0,1
2,run1_initcall.txt,start_dirtytime_writeback,0.456771,0,5
2,run1_initcall.txt,dio_init,0.456792,0,1
2,run1_initcall.txt,dnotify_init,0.456825,0,15
2,run1_initcall.txt,fanotify_user_setup,0.456853,0,9
2,run1_initcall.txt,aio_setup,0.456921,0,48
2,run1_initcall.txt,mbcache_init,0.456945,0,5
2,run1_initcall.txt,init_grace,0.456962,0,2
2,run1_initcall.txt,init_devpts_fs,0.456984,0,7
2,run1_initcall.txt,ext4_init_fs,0.457075,0,76
2,run1_initcall.txt,journal_init,0.457107,0,15
2,run1_initcall.txt,init_fat_fs,0.457128,0,5
2,run1_initcall.txt,init_vfat_fs,0.457143,0,0
2,run1_initcall.txt,init_msdos_fs,0.457158,0,0
2,run1_initcall.txt,init_nfs_fs,0.45731,0,136
2,run1_initcall.txt,init_nfs_v2,0.457331,0,0
2,run1_initcall.txt,init_nfs_v3,0.457346,0,0
2,run1_initcall.txt,init_nfs_v4,0.457395,0,34
2,run1_initcall.txt,nfs4filelayout_init,0.457418,0,6
2,run1_initcall.txt,nfs4flexfilelayout_init,0.45744,0,6
2,run1_initcall.txt,init_nlm,0.457484,0,28
2,run1_initcall.txt,init_nls_cp437,0.457501,0,0
2,run1_initcall.txt,init_nls_ascii,0.457516,0,0
2,run1_initcall.txt,init_autofs_fs,0.45763,0,97
2,run1_initcall.txt,init_f2fs_fs,0.457788,0,141
2,run1_initcall.txt,ipc_init,0.45782,0,13
2,run1_initcall.txt,ipc_sysctl_init,0.457855,0,18
2,run1_initcall.txt,init_mqueue_fs,0.457908,0,36
2,run1_initcall.txt,key_proc_init,0.457928,0,2
2,run1_initcall.txt,bpf_crypto_skcipher_init,0.457947,0,1
2,run1_initcall.txt,dh_init,0.457967,0,2
2,run1_initcall.txt,rsa_init,0.457987,0,1
2,run1_initcall.txt,cryptomgr_init,0.458004,0,1
2,run1_initcall.txt,hmac_module_init,0.458021,0,0
2,run1_initcall.txt,crypto_sha256_mod_init,0.458041,0,3
2,run1_initcall.txt,crypto_ecb_module_init,0.458059,0,0
2,run1_initcall.txt,crypto_cbc_module_init,0.458076,0,0
2,run1_initcall.txt,crypto_cts_module_init,0.458092,0,0
2,run1_initcall.txt,xts_module_init,0.458109,0,0
2,run1_initcall.txt,des_generic_mod_init,0.458129,0,1
2,run1_initcall.txt,aes_init,0.458146,0,0
2,run1_initcall.txt,lzo_mod_init,0.458164,0,1
2,run1_initcall.txt,lzorle_mod_init,0.458182,0,1
2,run1_initcall.txt,asymmetric_key_init,0.458204,0,5
2,run1_initcall.txt,x509_key_init,0.458227,0,5
2,run1_initcall.txt,crypto_kdf108_init,0.458244,0,0
2,run1_initcall.txt,blkdev_init,0.458277,0,16
2,run1_initcall.txt,proc_genhd_init,0.458301,0,5
2,run1_initcall.txt,bsg_init,0.458333,0,15
2,run1_initcall.txt,throtl_init,0.458424,0,73
2,run1_initcall.txt,deadline_init,0.458449,0,5
2,run1_initcall.txt,kyber_init,0.458471,0,5
2,run1_initcall.txt,bfq_init,0.458509,0,21
2,run1_initcall.txt,io_uring_init,0.458574,0,47
2,run1_initcall.txt,btree_module_init,0.458597,0,3
2,run1_initcall.txt,percpu_counter_startup,0.458667,0,51
2,run1_initcall.txt,audit_classes_init,0.458696,0,3
2,run1_initcall.txt,gicv5_iwb_platform_driver_init,0.458807,0,91
2,run1_initcall.txt,mip_msi_driver_init,0.458863,0,35
2,run1_initcall.txt,bcm7038_l1_driver_init,0.458918,0,35
2,run1_initcall.txt,bcm7120_l2_driver_init,0.458979,0,40
2,run1_initcall.txt,brcmstb_l2_driver_init,0.459268,0,269
2,run1_initcall.txt,simple_pm_bus_driver_init,0.459785,0,493
2,run1_initcall.txt,phy_core_init,0.459817,0,10
2,run1_initcall.txt,brcm_usb_driver_init,0.459903,0,66
2,run1_initcall.txt,rp1_pinctrl_driver_init,0.459956,0,33
2,run1_initcall.txt,bcm2835_pinctrl_driver_init,0.460938,0,960
2,run1_initcall.txt,bcm2712_pinctrl_driver_init,0.461026,0,59
2,run1_initcall.txt,brcmvirt_gpio_driver_init,0.461086,0,38
2,run1_initcall.txt,brcmstb_gpio_driver_init,0.461144,0,37
2,run1_initcall.txt,rpi_exp_gpio_driver_init,0.461598,0,432
2,run1_initcall.txt,brcmstb_pwm_driver_init,0.461657,0,38
2,run1_initcall.txt,rp1_pwm_driver_init,0.461709,0,36
2,run1_initcall.txt,gpio_led_driver_init,0.463418,0,1688
2,run1_initcall.txt,led_pwm_driver_init,0.463481,0,46
2,run1_initcall.txt,timer_led_trigger_init,0.463501,0,2
2,run1_initcall.txt,oneshot_led_trigger_init,0.463516,0,0
2,run1_initcall.txt,heartbeat_trig_init,0.463533,0,2
2,run1_initcall.txt,bl_led_trigger_init,0.463548,0,0
2,run1_initcall.txt,ledtrig_cpu_init,0.463677,0,114
2,run1_initcall.txt,defon_led_trigger_init,0.463749,0,56
2,run1_initcall.txt,input_trig_init,0.463769,0,1
2,run1_initcall.txt,ledtrig_panic_init,0.463784,0,1
2,run1_initcall.txt,actpwr_trig_init,0.463961,0,162
2,run1_initcall.txt,pcie_portdrv_init,0.464036,0,55
2,run1_initcall.txt,pci_proc_init,0.464061,0,7
2,run1_initcall.txt,brcm_pcie_driver_init,0.577641,0,113564
2,run1_initcall.txt,bcm2708_fb_init,0.577728,0,64
2,run1_initcall.txt,simplefb_driver_init,0.584699,0,6955
2,run1_initcall.txt,of_fixed_factor_clk_driver_init,0.584792,0,40
2,run1_initcall.txt,of_fixed_clk_driver_init,0.584879,0,36
2,run1_initcall.txt,gpio_clk_driver_init,0.584971,0,44
2,run1_initcall.txt,gated_fixed_clk_driver_init,0.585061,0,35
2,run1_initcall.txt,rp1_clk_driver_init,0.585145,0,35
2,run1_initcall.txt,rp1_sdio_clk_driver_init,0.585227,0,35
2,run1_initcall.txt,clk_dvp_driver_init,0.585423,0,149
2,run1_initcall.txt,bcm2835_aux_clk_driver_init,0.585537,0,65
2,run1_initcall.txt,raspberrypi_clk_driver_init,0.60111,0,15523
2,run1_initcall.txt,dw_driver_init,0.601209,0,51
2,run1_initcall.txt,bcm2835_power_driver_init,0.601277,0,22
2,run1_initcall.txt,rpi_power_driver_init,0.62042,0,19092
2,run1_initcall.txt,brcmstb_reset_driver_init,0.622566,0,45
2,run1_initcall.txt,brcm_rescal_reset_driver_init,0.624653,0,38
2,run1_initcall.txt,rpi_reset_driver_init,0.627849,0,1126
2,run1_initcall.txt,reset_simple_driver_init,0.630045,0,88
2,run1_initcall.txt,n_null_init,0.632125,0,0
2,run1_initcall.txt,pty_init,0.634263,0,86
2,run1_initcall.txt,sysrq_init,0.636346,0,13
2,run1_initcall.txt,serial8250_init,0.638421,-19,0
2,run1_initcall.txt,bcm2835aux_serial_driver_init,0.640505,0,45
2,run1_initcall.txt,brcmuart_init,0.642617,0,69
2,run1_initcall.txt,exar_pci_driver_init,0.644725,0,32
2,run1_initcall.txt,of_platform_serial_driver_init,0.646875,0,103
2,run1_initcall.txt,serial_pci_driver_init,0.648965,0,27
2,run1_initcall.txt,pericom8250_pci_driver_init,0.65102,0,22
2,run1_initcall.txt,init_kgdboc,0.65414,0,1063
2,run1_initcall.txt,random_sysctls_init,0.656189,0,13
2,run1_initcall.txt,ttyprintk_init,0.658265,0,81
2,run1_initcall.txt,bcm2835_rng_driver_init,0.660377,0,65
2,run1_initcall.txt,bcm74110_rng_driver_init,0.66251,0,39
2,run1_initcall.txt,iproc_rng200_driver_init,0.667041,0,2392
2,run1_initcall.txt,smccc_trng_driver_init,0.669299,0,27
2,run1_initcall.txt,vc_mem_init,0.672852,0,1278
2,run1_initcall.txt,vcio_driver_init,0.676632,0,1484
2,run1_initcall.txt,bcm2712_iommu_driver_init,0.679117,0,43
2,run1_initcall.txt,bcm2712_iommu_cache_driver_init,0.681648,0,39
2,run1_initcall.txt,topology_sysfs_init,0.684209,0,65
2,run1_initcall.txt,cacheinfo_sysfs_init,0.68699,0,251
2,run1_initcall.txt,devcoredump_init,0.689571,0,9
2,run1_initcall.txt,brd_init,0.697194,0,5148
2,run1_initcall.txt,loop_init,0.703561,0,3841
2,run1_initcall.txt,bcm2835_pm_driver_init,0.707437,0,1350
2,run1_initcall.txt,stmpe_i2c_driver_init,0.709928,0,15
2,run1_initcall.txt,stmpe_spi_driver_init,0.712431,0,16
2,run1_initcall.txt,rp1_driver_init,0.714929,0,26
2,run1_initcall.txt,system_heap_create,0.717518,0,85
2,run1_initcall.txt,add_default_cma_heap,0.720081,0,86
2,run1_initcall.txt,udmabuf_dev_init,0.722614,0,50
2,run1_initcall.txt,iscsi_transport_init,0.726513,0,1449
2,run1_initcall.txt,init_sd,0.729058,0,28
2,run1_initcall.txt,nvme_core_init,0.731792,0,257
2,run1_initcall.txt,nvme_init,0.734327,0,32
2,run1_initcall.txt,blackhole_netdev_init,0.736857,0,17
2,run1_initcall.txt,netkit_init,0.739341,0,5
2,run1_initcall.txt,phylink_init,0.741815,0,0
2,run1_initcall.txt,phy_module_init,0.744452,0,170
2,run1_initcall.txt,phy_module_init,0.747097,0,174
2,run1_initcall.txt,fixed_mdio_bus_init,0.749771,0,164
2,run1_initcall.txt,phy_module_init,0.752428,0,178
2,run1_initcall.txt,phy_module_init,0.754922,0,20
2,run1_initcall.txt,phy_module_init,0.757427,0,67
2,run1_initcall.txt,unimac_mdio_driver_init,0.759992,0,125
2,run1_initcall.txt,macb_driver_init,0.762551,0,123
2,run1_initcall.txt,bcmgenet_driver_init,0.970023,0,205028
2,run1_initcall.txt,bcmasp_driver_init,0.972581,0,82
2,run1_initcall.txt,lan78xx_driver_init,0.976275,0,1275
2,run1_initcall.txt,smsc95xx_driver_init,0.980046,0,1267
2,run1_initcall.txt,usbnet_init,0.982536,0,0
2,run1_initcall.txt,xhci_hcd_init,0.98508,0,15
2,run1_initcall.txt,xhci_pci_init,1.115556,0,127999
2,run1_initcall.txt,xhci_plat_init,1.118108,0,125
2,run1_initcall.txt,dwc_otg_driver_init,1.125313,0,4780
2,run1_initcall.txt,dwc_common_port_init_module,1.12895,0,1307
2,run1_initcall.txt,dwc3_driver_init,1.13132,0,53
2,run1_initcall.txt,dwc3_haps_driver_init,1.13369,0,26
2,run1_initcall.txt,dwc3_of_simple_driver_init,1.136077,0,67
2,run1_initcall.txt,dwc3_generic_driver_init,1.138447,0,40
2,run1_initcall.txt,dwc2_platform_driver_init,1.140895,0,158
2,run1_initcall.txt,uas_init,1.14445,0,1268
2,run1_initcall.txt,usb_storage_driver_init,1.147942,0,1175
2,run1_initcall.txt,brcmstb_usb_pinmap_init,1.150297,-19,72
2,run1_initcall.txt,bdc_driver_init,1.152648,0,46
2,run1_initcall.txt,input_leds_init,1.154937,0,2
2,run1_initcall.txt,mousedev_init,1.15846,0,1249
2,run1_initcall.txt,evdev_init,1.160825,0,0
2,run1_initcall.txt,brcmstb_waketmr_driver_init,1.163179,0,48
2,run1_initcall.txt,rpi_rtc_driver_init,1.165562,0,41
2,run1_initcall.txt,init_rc_map_adstech_dvb_t_pci,1.167872,0,0
2,run1_initcall.txt,init_rc_map_alink_dtu_m,1.170188,0,0
2,run1_initcall.txt,init_rc_map_anysee,1.172515,0,0
2,run1_initcall.txt,init_rc_map_apac_viewcomp,1.1748,0,0
2,run1_initcall.txt,init_rc_map_t2hybrid,1.177156,0,0
2,run1_initcall.txt,init_rc_map_asus_pc39,1.179466,0,0
2,run1_initcall.txt,init_rc_map_asus_ps3_100,1.181796,0,0
2,run1_initcall.txt,init_rc_map_ati_tv_wonder_hd_600,1.184103,0,0
2,run1_initcall.txt,init_rc_map_ati_x10,1.186431,0,0
2,run1_initcall.txt,init_rc_map_avermedia_a16d,1.188821,0,11
2,run1_initcall.txt,init_rc_map_avermedia_cardbus,1.191128,0,0
2,run1_initcall.txt,init_rc_map_avermedia_dvbt,1.193499,0,0
2,run1_initcall.txt,init_rc_map_avermedia_m135a,1.195852,0,0
2,run1_initcall.txt,init_rc_map_avermedia_m733a_rm_k6,1.198223,0,0
2,run1_initcall.txt,init_rc_map_avermedia,1.200618,0,0
2,run1_initcall.txt,init_rc_map_avermedia_rm_ks,1.20299,0,0
2,run1_initcall.txt,init_rc_map_avertv_303,1.205399,0,0
2,run1_initcall.txt,init_rc_map_azurewave_ad_tu700,1.207719,0,0
2,run1_initcall.txt,init_rc_map_beelink_gs1,1.21008,0,0
2,run1_initcall.txt,init_rc_map_beelink_mxiii,1.212458,0,0
2,run1_initcall.txt,init_rc_map_behold_columbus,1.215222,0,0
2,run1_initcall.txt,init_rc_map_behold,1.217598,0,0
2,run1_initcall.txt,init_rc_map_budget_ci_old,1.219928,0,0
2,run1_initcall.txt,init_rc_map_cinergy_1400,1.222253,0,0
2,run1_initcall.txt,init_rc_map_cinergy,1.224546,0,0
2,run1_initcall.txt,init_rc_map_ct_90405,1.227078,0,56
2,run1_initcall.txt,init_rc_map_d680_dmb,1.229483,0,44
2,run1_initcall.txt,init_rc_map_delock_61959,1.231877,0,115
2,run1_initcall.txt,init_rc_map,1.234159,0,0
2,run1_initcall.txt,init_rc_map,1.236461,0,0
2,run1_initcall.txt,init_rc_map_digitalnow_tinytwin,1.23874,0,0
2,run1_initcall.txt,init_rc_map_digittrade,1.241002,0,0
2,run1_initcall.txt,init_rc_map_dm1105_nec,1.243303,0,0
2,run1_initcall.txt,init_rc_map_dntv_live_dvb_t,1.245577,0,0
2,run1_initcall.txt,init_rc_map_dntv_live_dvbt_pro,1.247842,0,0
2,run1_initcall.txt,init_rc_map_dreambox,1.25026,0,0
2,run1_initcall.txt,init_rc_map_dtt200u,1.252557,0,0
2,run1_initcall.txt,init_rc_map_rc5_dvbsky,1.25483,0,0
2,run1_initcall.txt,init_rc_map_dvico_mce,1.257094,0,0
2,run1_initcall.txt,init_rc_map_dvico_portable,1.259346,0,0
2,run1_initcall.txt,init_rc_map_em_terratec,1.261627,0,0
2,run1_initcall.txt,init_rc_map_encore_enltv2,1.263873,0,0
2,run1_initcall.txt,init_rc_map_encore_enltv_fm53,1.266141,0,0
2,run1_initcall.txt,init_rc_map_encore_enltv,1.268431,0,0
2,run1_initcall.txt,init_rc_map_evga_indtube,1.270691,0,0
2,run1_initcall.txt,init_rc_map_eztv,1.272961,0,0
2,run1_initcall.txt,init_rc_map_flydvb,1.275152,0,0
2,run1_initcall.txt,init_rc_map_flyvideo,1.277402,0,0
2,run1_initcall.txt,init_rc_map_fusionhdtv_mce,1.279621,0,0
2,run1_initcall.txt,init_rc_map_gadmei_rm008z,1.281839,0,0
2,run1_initcall.txt,init_rc_map_geekbox,1.284076,0,0
2,run1_initcall.txt,init_rc_map_genius_tvgo_a11mce,1.286295,0,0
2,run1_initcall.txt,init_rc_map_gotview7135,1.288534,0,0
2,run1_initcall.txt,init_rc_map_rc5_hauppauge_new,1.290717,0,0
2,run1_initcall.txt,init_rc_map_hisi_poplar,1.293051,0,82
2,run1_initcall.txt,init_rc_map_hisi_tv_demo,1.295276,0,0
2,run1_initcall.txt,init_rc_map_imon_mce,1.297538,0,0
2,run1_initcall.txt,init_rc_map_imon_pad,1.299775,0,0
2,run1_initcall.txt,init_rc_map_imon_rsc,1.301999,0,0
2,run1_initcall.txt,init_rc_map_iodata_bctv7e,1.304207,0,0
2,run1_initcall.txt,init_rc_it913x_v1_map,1.306405,0,0
2,run1_initcall.txt,init_rc_it913x_v2_map,1.308577,0,0
2,run1_initcall.txt,init_rc_map_kaiomy,1.310771,0,0
2,run1_initcall.txt,init_rc_map_khadas,1.312981,0,0
2,run1_initcall.txt,init_rc_map_khamsin,1.315157,0,0
2,run1_initcall.txt,init_rc_map_kworld_315u,1.317358,0,0
2,run1_initcall.txt,init_rc_map_kworld_pc150u,1.319522,0,0
2,run1_initcall.txt,init_rc_map_kworld_plus_tv_analog,1.321719,0,0
2,run1_initcall.txt,init_rc_map_leadtek_y04g0051,1.323859,0,0
2,run1_initcall.txt,init_rc_lme2510_map,1.326038,0,0
2,run1_initcall.txt,init_rc_map_manli,1.328239,0,0
2,run1_initcall.txt,init_rc_map_mecool_kiii_pro,1.330452,0,0
2,run1_initcall.txt,init_rc_map_mecool_kii_pro,1.332686,0,0
2,run1_initcall.txt,init_rc_map_medion_x10_digitainer,1.33488,0,0
2,run1_initcall.txt,init_rc_map_medion_x10,1.337099,0,0
2,run1_initcall.txt,init_rc_map_medion_x10_or2x,1.339297,0,0
2,run1_initcall.txt,init_rc_map_minix_neo,1.34147,0,0
2,run1_initcall.txt,init_rc_map_msi_digivox_iii,1.343675,0,0
2,run1_initcall.txt,init_rc_map_msi_digivox_ii,1.34589,0,0
2,run1_initcall.txt,init_rc_map_msi_tvanywhere,1.348118,0,0
2,run1_initcall.txt,init_rc_map_msi_tvanywhere_plus,1.351579,0,49
2,run1_initcall.txt,init_rc_map_mygica_utv3,1.353892,0,0
2,run1_initcall.txt,init_rc_map_nebula,1.356135,0,0
2,run1_initcall.txt,init_rc_map_nec_terratec_cinergy_xs,1.358318,0,0
2,run1_initcall.txt,init_rc_map_norwood,1.360547,0,0
2,run1_initcall.txt,init_rc_map_npgtech,1.362754,0,0
2,run1_initcall.txt,init_rc_map_odroid,1.365024,0,0
2,run1_initcall.txt,init_rc_map_pctv_sedna,1.36721,0,0
2,run1_initcall.txt,init_rc_map_pine64,1.369442,0,0
2,run1_initcall.txt,init_rc_map_pinnacle_color,1.371665,0,0
2,run1_initcall.txt,init_rc_map_pinnacle_grey,1.373851,0,0
2,run1_initcall.txt,init_rc_map_pinnacle_pctv_hd,1.376094,0,0
2,run1_initcall.txt,init_rc_map_pixelview,1.37831,0,0
2,run1_initcall.txt,init_rc_map_pixelview,1.380568,0,0
2,run1_initcall.txt,init_rc_map_pixelview_new,1.382801,0,0
2,run1_initcall.txt,init_rc_map_pixelview,1.385072,0,0
2,run1_initcall.txt,init_rc_map_powercolor_real_angel,1.387308,0,0
2,run1_initcall.txt,init_rc_map_proteus_2309,1.389588,0,0
2,run1_initcall.txt,init_rc_map_purpletv,1.391798,0,0
2,run1_initcall.txt,init_rc_map_pv951,1.394093,0,0
2,run1_initcall.txt,init_rc_map_rc6_mce,1.396357,0,0
2,run1_initcall.txt,init_rc_map_real_audio_220_32_keys,1.398601,0,0
2,run1_initcall.txt,init_rc_map_reddo,1.400874,0,0
2,run1_initcall.txt,init_rc_map_siemens_gigaset_rc20,1.403122,0,0
2,run1_initcall.txt,init_rc_map_snapstream_firefly,1.405405,0,0
2,run1_initcall.txt,init_rc_map_streamzap,1.407631,0,0
2,run1_initcall.txt,init_rc_map_su3000,1.40991,0,0
2,run1_initcall.txt,init_rc_map_tanix_tx3mini,1.412186,0,0
2,run1_initcall.txt,init_rc_map_tanix_tx5max,1.414443,0,0
2,run1_initcall.txt,init_rc_map_tbs_nec,1.416811,0,81
2,run1_initcall.txt,init_rc_map,1.419088,0,0
2,run1_initcall.txt,init_rc_map,1.421378,0,0
2,run1_initcall.txt,init_rc_map_terratec_cinergy_c_pci,1.423625,0,0
2,run1_initcall.txt,init_rc_map_terratec_cinergy_s2_hd,1.42587,0,0
2,run1_initcall.txt,init_rc_map_terratec_cinergy_xs,1.428144,0,0
2,run1_initcall.txt,init_rc_map_terratec_slim_2,1.430401,0,0
2,run1_initcall.txt,init_rc_map_terratec_slim,1.432674,0,0
2,run1_initcall.txt,init_rc_map_tevii_nec,1.434938,0,0
2,run1_initcall.txt,init_rc_map_tivo,1.437245,0,0
2,run1_initcall.txt,init_rc_map_total_media_in_hand_02,1.439522,0,0
2,run1_initcall.txt,init_rc_map_total_media_in_hand,1.441806,0,0
2,run1_initcall.txt,init_rc_map_trekstor,1.444101,0,0
2,run1_initcall.txt,init_rc_map_tt_1500,1.446386,0,0
2,run1_initcall.txt,init_rc_map_twinhan_vp1027,1.448709,0,0
2,run1_initcall.txt,init_rc_map_twinhan_dtv_cab_ci,1.451003,0,0
2,run1_initcall.txt,init_rc_map_vega_s9x,1.453545,0,221
2,run1_initcall.txt,init_rc_map_videomate_k100,1.455838,0,0
2,run1_initcall.txt,init_rc_map_videomate_s350,1.458094,0,0
2,run1_initcall.txt,init_rc_map_videomate_tv_pvr,1.460387,0,0
2,run1_initcall.txt,init_rc_map_kii_pro,1.462653,0,0
2,run1_initcall.txt,init_rc_map_wetek_hub,1.464981,0,37
2,run1_initcall.txt,init_rc_map_wetek_play2,1.467243,0,0
2,run1_initcall.txt,init_rc_map_winfast,1.469527,0,0
2,run1_initcall.txt,init_rc_map_winfast_usbii_deluxe,1.471796,0,0
2,run1_initcall.txt,init_rc_map_x96max,1.47416,0,46
2,run1_initcall.txt,init_rc_map,1.476512,0,0
2,run1_initcall.txt,init_rc_map,1.478772,0,0
2,run1_initcall.txt,init_rc_map_zx_irdec,1.481049,0,0
2,run1_initcall.txt,ptp_kvm_init,1.483295,-95,0
2,run1_initcall.txt,gpio_poweroff_driver_init,1.485653,0,72
2,run1_initcall.txt,bcm2711_thermal_driver_init,1.48956,0,1647
2,run1_initcall.txt,bcm2835_thermal_driver_init,1.492065,0,97
2,run1_initcall.txt,bcm2835_wdt_driver_init,1.494546,0,66
2,run1_initcall.txt,dt_cpufreq_platdrv_init,1.497063,0,66
2,run1_initcall.txt,brcm_avs_cpufreq_platdrv_init,1.503044,0,68
2,run1_initcall.txt,raspberrypi_cpufreq_driver_init,1.510411,0,3815
2,run1_initcall.txt,mmc_pwrseq_simple_driver_init,1.512888,0,98
2,run1_initcall.txt,mmc_pwrseq_emmc_driver_init,1.515352,0,67
2,run1_initcall.txt,mmc_blk_init,1.518982,0,42
2,run1_initcall.txt,sdhci_drv_init,1.524823,0,2354
2,run1_initcall.txt,bcm2835_mmc_driver_init,1.528465,0,1257
2,run1_initcall.txt,bcm2835_driver_init,1.530942,0,46
2,run1_initcall.txt,sdhci_pltfm_drv_init,1.534608,0,1195
2,run1_initcall.txt,sdhci_iproc_driver_init,1.537169,0,82
2,run1_initcall.txt,sdhci_brcmstb_driver_init,1.537252,0,63
2,run1_initcall.txt,esrt_sysfs_init,1.537269,-38,1
2,run1_initcall.txt,smccc_devices_init,1.537279,0,0
2,run1_initcall.txt,smccc_soc_init,1.537289,0,1
2,run1_initcall.txt,arch_timer_mmio_drv_init,1.537334,0,37
2,run1_initcall.txt,arch_timer_mmio_acpi_drv_init,1.537368,0,24
2,run1_initcall.txt,hid_init,1.537434,0,58
2,run1_initcall.txt,hid_generic_init,1.53748,0,36
2,run1_initcall.txt,hid_init,1.537529,0,39
2,run1_initcall.txt,vchiq_driver_init,1.571755,0,34215
2,run1_initcall.txt,bcm74110_mbox_driver_init,1.574459,0,80
2,run1_initcall.txt,extcon_class_init,1.577172,0,9
2,run1_initcall.txt,armv8_pmu_driver_init,1.583409,0,3409
2,run1_initcall.txt,binder_init,1.585945,0,84
2,run1_initcall.txt,rpi_otp_driver_init,1.592326,0,3935
2,run1_initcall.txt,sock_diag_init,1.594733,0,37
2,run1_initcall.txt,blackhole_init,1.597095,0,10
2,run1_initcall.txt,cls_bpf_init_mod,1.599419,0,0
2,run1_initcall.txt,gre_offload_init,1.601772,0,1
2,run1_initcall.txt,sysctl_ipv4_init,1.60415,0,74
2,run1_initcall.txt,cubictcp_register,1.606464,0,3
2,run1_initcall.txt,packet_init,1.609891,0,1139
2,run1_initcall.txt,init_rpcsec_gss,1.612224,0,17
2,run1_initcall.txt,init_kerberos_module,1.61453,0,4
2,run1_initcall.txt,dcbnl_init,1.616909,0,55
2,run1_initcall.txt,init_dns_resolver,1.62047,0,1203
2,run1_initcall.txt,handshake_init,1.622954,0,95
2,run1_initcall.txt,check_mmu_enabled_at_boot,1.625379,0,50
2,run1_initcall.txt,finalize_pkvm,1.627756,0,0
2,run1_initcall.txt,kernel_do_mounts_initrd_sysctls_init,1.63136,0,6
2,run1_initcall.txt,kernel_panic_sysctls_init,1.633765,0,18
2,run1_initcall.txt,kernel_panic_sysfs_init,1.636124,0,6
2,run1_initcall.txt,kernel_exit_sysctls_init,1.638488,0,2
2,run1_initcall.txt,kernel_exit_sysfs_init,1.64088,0,2
2,run1_initcall.txt,param_sysfs_builtin_init,1.653181,0,9926
2,run1_initcall.txt,reboot_ksysfs_init,1.6557,0,22
2,run1_initcall.txt,sched_core_sysctl_init,1.658107,0,5
2,run1_initcall.txt,sched_fair_sysctl_init,1.660513,0,2
2,run1_initcall.txt,sched_rt_sysctl_init,1.66295,0,3
2,run1_initcall.txt,sched_dl_sysctl_init,1.665327,0,2
2,run1_initcall.txt,sched_init_debug,1.667709,0,86
2,run1_initcall.txt,cpu_latency_qos_init,1.67014,0,130
2,run1_initcall.txt,printk_late_init,1.672473,0,14
2,run1_initcall.txt,init_srcu_module_notifier,1.675156,0,2
2,run1_initcall.txt,kernel_rcu_stall_sysfs_init,1.67755,0,8
2,run1_initcall.txt,swiotlb_create_default_debugfs,1.679939,0,14
2,run1_initcall.txt,tk_debug_sleep_time_init,1.682383,0,3
2,run1_initcall.txt,bpf_ksym_iter_register,1.685217,0,400
2,run1_initcall.txt,kernel_acct_sysctls_init,1.687639,0,8
2,run1_initcall.txt,bpf_rstat_kfunc_init,1.690054,0,1
2,run1_initcall.txt,debugfs_kprobe_init,1.692456,0,11
2,run1_initcall.txt,kernel_delayacct_sysctls_init,1.695138,0,4
2,run1_initcall.txt,taskstats_init,1.698768,0,1205
2,run1_initcall.txt,ftrace_sysctl_init,1.701194,0,3
2,run1_initcall.txt,bpf_kprobe_multi_kfuncs_init,1.703588,0,1
2,run1_initcall.txt,kdb_ftrace_register,1.705984,0,8
2,run1_initcall.txt,bpf_global_ma_init,1.70843,0,95
2,run1_initcall.txt,bpf_syscall_sysctl_init,1.710834,0,6
2,run1_initcall.txt,unbound_reg_init,1.71325,0,0
2,run1_initcall.txt,kfunc_init,1.715617,0,1
2,run1_initcall.txt,bpf_map_iter_init,1.717995,0,0
2,run1_initcall.txt,init_subsystem,1.720387,0,0
2,run1_initcall.txt,task_iter_init,1.722753,0,0
2,run1_initcall.txt,bpf_prog_iter_init,1.725095,0,0
2,run1_initcall.txt,bpf_link_iter_init,1.727428,0,0
2,run1_initcall.txt,init_trampolines,1.729785,0,8
2,run1_initcall.txt,rqspinlock_register_kfuncs,1.73209,0,0
2,run1_initcall.txt,kfunc_init,1.734399,0,0
2,run1_initcall.txt,bpf_cgroup_iter_init,1.736739,0,0
2,run1_initcall.txt,cpumask_kfunc_init,1.739059,0,7
2,run1_initcall.txt,crypto_kfunc_init,1.741383,0,5
2,run1_initcall.txt,bpf_kmem_cache_iter_init,1.743711,0,0
2,run1_initcall.txt,dmabuf_iter_init,1.746043,0,1
2,run1_initcall.txt,load_system_certificate_list,1.749551,0,1174
2,run1_initcall.txt,init_lru_gen,1.751897,0,19
2,run1_initcall.txt,vmstat_late_init,1.754235,0,3
2,run1_initcall.txt,fault_around_debugfs,1.756552,0,3
2,run1_initcall.txt,slab_sysfs_init,1.762844,0,4016
2,run1_initcall.txt,max_swapfiles_check,1.765202,0,0
2,run1_initcall.txt,zswap_init,1.767489,0,0
2,run1_initcall.txt,mempolicy_sysfs_init,1.769866,0,43
2,run1_initcall.txt,memory_tier_late_init,1.774514,0,2342
2,run1_initcall.txt,check_early_ioremap_leak,1.77684,0,0
2,run1_initcall.txt,mg_debugfs_init,1.779155,0,17
2,run1_initcall.txt,fscrypt_init,1.78384,0,2348
2,run1_initcall.txt,pstore_init,1.786126,0,12
2,run1_initcall.txt,init_root_keyring,1.788453,0,39
2,run1_initcall.txt,init_profile_hash,1.790713,0,0
2,run1_initcall.txt,integrity_fs_init,1.793032,0,9
2,run1_initcall.txt,crypto_algapi_init,1.795326,0,9
2,run1_initcall.txt,blk_timeout_init,1.797655,0,6
2,run1_initcall.txt,depot_debugfs_init,1.799959,0,6
2,run1_initcall.txt,pci_resource_alignment_sysfs_init,1.802277,0,5
2,run1_initcall.txt,pci_sysfs_init,1.80463,0,12
2,run1_initcall.txt,clk_debug_init,1.807384,0,428
2,run1_initcall.txt,genpd_debug_init,1.810115,0,362
2,run1_initcall.txt,sync_state_resume_initcall,1.812465,0,1
2,run1_initcall.txt,deferred_probe_initcall,1.881917,0,67089
2,run1_initcall.txt,efi_shutdown_init,1.884282,-19,0
2,run1_initcall.txt,efi_earlycon_unmap_fb,1.886541,0,3
2,run1_initcall.txt,psci_debugfs_init,1.888763,0,2
2,run1_initcall.txt,of_cfs_init,1.893195,0,2256
2,run1_initcall.txt,of_fdt_raw_init,1.895387,0,30
2,run1_initcall.txt,bpf_kfunc_init,1.897575,0,2
2,run1_initcall.txt,init_subsystem,1.899738,0,0
2,run1_initcall.txt,xdp_metadata_init,1.901896,0,0
2,run1_initcall.txt,bpf_sockmap_iter_init,1.90408,0,1
2,run1_initcall.txt,bpf_sk_storage_map_iter_init,1.906248,0,0
2,run1_initcall.txt,bpf_prog_test_run_init,1.908408,0,1
2,run1_initcall.txt,bpf_dummy_struct_ops_init,1.91058,0,0
2,run1_initcall.txt,tcp_congestion_default,1.912795,0,9
2,run1_initcall.txt,inet_blackhole_dev_init,1.914966,0,7
2,run1_initcall.txt,ip_auto_config,1.917165,0,10
2,run1_initcall.txt,tcp_bpf_v4_build_proto,1.919318,0,1
2,run1_initcall.txt,udp_bpf_v4_build_proto,1.921467,0,0
2,run1_initcall.txt,bpf_tcp_ca_kfunc_init,1.92356,0,0
2,run1_initcall.txt,bpf_mptcp_kfunc_init,1.925685,0,0
2,run1_initcall.txt,latency_fsnotify_init,1.929983,0,19
2,run1_initcall.txt,trace_eval_sync,1.932181,0,10
2,run1_initcall.txt,late_trace_init,1.934378,0,0
2,run1_initcall.txt,fb_logo_late_init,1.936639,0,0
2,run1_initcall.txt,amba_stub_drv_init,1.938953,0,24
2,run1_initcall.txt,clk_disable_unused,1.946141,0,4863
2,run1_initcall.txt,genpd_power_off_unused,1.949719,0,1210
2,run1_initcall.txt,regulator_init_complete,1.952105,0,1
2,run1_initcall.txt,of_platform_sync_state_init,1.954511,0,17
3,run2_initcall.txt,cgwb_init,0.051907,0,0
3,run2_initcall.txt,percpu_enable_async,0.051924,0,0
3,run2_initcall.txt,kcompactd_init,0.05204,0,0
3,run2_initcall.txt,init_mm_sysctl,0.052059,0,0
3,run2_initcall.txt,init_user_reserve,0.052078,0,0
3,run2_initcall.txt,init_admin_reserve,0.052094,0,0
3,run2_initcall.txt,init_reserve_notifier,0.05211,0,0
3,run2_initcall.txt,swap_init,0.052132,0,0
3,run2_initcall.txt,swapfile_init,0.052157,0,0
3,run2_initcall.txt,memory_tier_init,0.052205,0,0
3,run2_initcall.txt,numa_init_sysfs,0.052227,0,0
3,run2_initcall.txt,mem_cgroup_swap_init,0.052244,0,0
3,run2_initcall.txt,init_msg_buckets,0.052263,0,0
3,run2_initcall.txt,init_bio,0.052312,0,0
3,run2_initcall.txt,blk_ioc_init,0.052367,0,0
3,run2_initcall.txt,blk_mq_init,0.052386,0,0
3,run2_initcall.txt,genhd_device_init,0.052488,0,0
3,run2_initcall.txt,blkcg_punt_bio_init,0.052591,0,0
3,run2_initcall.txt,blk_integrity_auto_init,0.052664,0,0
3,run2_initcall.txt,io_wq_init,0.052686,0,0
3,run2_initcall.txt,crc_t10dif_mod_init,0.052713,0,0
3,run2_initcall.txt,sha256_mod_init,0.052734,0,0
3,run2_initcall.txt,sha512_mod_init,0.052752,0,0
3,run2_initcall.txt,sg_pool_init,0.052785,0,0
3,run2_initcall.txt,gpiolib_debugfs_init,0.05281,0,0
3,run2_initcall.txt,stmpe_gpio_init,0.052909,0,0
3,run2_initcall.txt,pwm_init,0.052942,0,0
3,run2_initcall.txt,leds_init,0.052976,0,0
3,run2_initcall.txt,pci_slot_init,0.052997,0,0
3,run2_initcall.txt,fbmem_init,0.053058,0,0
3,run2_initcall.txt,bcm2835_dma_init,0.053861,0,0
3,run2_initcall.txt,regulator_fixed_voltage_init,0.053941,0,0
3,run2_initcall.txt,gpio_regulator_init,0.053996,0,0
3,run2_initcall.txt,init_sysrq_sysctl,0.054021,0,0
3,run2_initcall.txt,misc_init,0.054051,0,0
3,run2_initcall.txt,iommu_subsys_init,0.054086,0,0
3,run2_initcall.txt,register_cpu_capacity_sysctl,0.054715,0,0
3,run2_initcall.txt,dma_buf_init,0.054781,0,0
3,run2_initcall.txt,dma_heap_init,0.054809,0,0
3,run2_initcall.txt,init_scsi,0.054914,0,0
3,run2_initcall.txt,mdio_bus_init,0.05495,0,0
3,run2_initcall.txt,phy_init,0.055,0,0
3,run2_initcall.txt,usb_common_init,0.055023,0,0
3,run2_initcall.txt,usb_init,0.055139,0,0
3,run2_initcall.txt,usb_phy_generic_init,0.055292,0,0
3,run2_initcall.txt,usb_udc_init,0.055325,0,0
3,run2_initcall.txt,usb_roles_init,0.055344,0,0
3,run2_initcall.txt,input_init,0.05537,0,0
3,run2_initcall.txt,rtc_init,0.055389,0,0
3,run2_initcall.txt,rc_core_init,0.055416,0,0
3,run2_initcall.txt,pps_init,0.055451,0,0
3,run2_initcall.txt,ptp_init,0.055477,0,0
3,run2_initcall.txt,power_supply_class_init,0.055512,0,0
3,run2_initcall.txt,hwmon_init,0.055535,0,0
3,run2_initcall.txt,mmc_init,0.055576,0,0
3,run2_initcall.txt,dmi_init,0.055595,0,0
3,run2_initcall.txt,efisubsys_init,0.055615,0,0
3,run2_initcall.txt,arm_pmu_hp_init,0.055635,0,0
3,run2_initcall.txt,ras_init,0.05566,0,0
3,run2_initcall.txt,nvmem_init,0.055702,0,0
3,run2_initcall.txt,init_soundcore,0.055723,0,0
3,run2_initcall.txt,proto_init,0.055743,0,0
3,run2_initcall.txt,net_dev_init,0.055973,0,0
3,run2_initcall.txt,neigh_init,0.055994,0,0
3,run2_initcall.txt,fib_notifier_init,0.056011,0,0
3,run2_initcall.txt,netdev_genl_init,0.056052,0,0
3,run2_initcall.txt,page_pool_user_init,0.05607,0,0
3,run2_initcall.txt,fib_rules_init,0.056088,0,0
3,run2_initcall.txt,init_cgroup_netprio,0.056105,0,0
3,run2_initcall.txt,bpf_lwt_init,0.056122,0,0
3,run2_initcall.txt,pktsched_init,0.056144,0,0
3,run2_initcall.txt,tc_filter_init,0.056175,0,0
3,run2_initcall.txt,tc_action_init,0.056193,0,0
3,run2_initcall.txt,ethnl_init,0.056266,0,0
3,run2_initcall.txt,nexthop_init,0.056288,0,0
3,run2_initcall.txt,devlink_init,0.056397,0,4000
3,run2_initcall.txt,wireless_nlevent_init,0.05642,0,0
3,run2_initcall.txt,vsprintf_init_hashval,0.056441,0,0
3,run2_initcall.txt,init_32bit_el0_mask,0.056458,0,0
3,run2_initcall.txt,vga_arb_device_init,0.056602,0,0
3,run2_initcall.txt,watchdog_init,0.05672,0,0
3,run2_initcall.txt,create_debug_debugfs_entry,0.056831,0,0
3,run2_initcall.txt,iomem_init_inode,0.05688,0,0
3,run2_initcall.txt,clocksource_done_booting,0.056933,0,14
3,run2_initcall.txt,tracer_init_tracefs,0.056965,0,9
3,run2_initcall.txt,init_trace_printk_function_export,0.057017,0,32
3,run2_initcall.txt,init_graph_tracefs,0.057062,0,22
3,run2_initcall.txt,bpf_event_init,0.057082,0,1
3,run2_initcall.txt,init_kprobe_trace,0.439976,0,382873
3,run2_initcall.txt,init_dynamic_event,0.440085,0,15
3,run2_initcall.txt,bpf_init,0.44012,0,15
3,run2_initcall.txt,secretmem_init,0.440196,0,48
3,run2_initcall.txt,init_fs_stat_sysctls,0.440239,0,22
3,run2_initcall.txt,init_fs_exec_sysctls,0.44026,0,1
3,run2_initcall.txt,init_pipe_fs,0.440293,0,14
3,run2_initcall.txt,init_fs_namei_sysctls,0.440314,0,2
3,run2_initcall.txt,init_fs_dcache_sysctls,0.44034,0,7
3,run2_initcall.txt,init_fs_namespace_sysctls,0.44036,0,1
3,run2_initcall.txt,cgroup_writeback_init,0.440389,0,8
3,run2_initcall.txt,inotify_user_setup,0.440426,0,16
3,run2_initcall.txt,eventpoll_init,0.440462,0,16
3,run2_initcall.txt,anon_inode_init,0.440495,0,12
3,run2_initcall.txt,proc_locks_init,0.44052,0,6
3,run2_initcall.txt,backing_aio_init,0.440536,0,2
3,run2_initcall.txt,init_fs_coredump_sysctls,0.440558,0,6
3,run2_initcall.txt,init_vm_drop_caches_sysctls,0.440577,0,3
3,run2_initcall.txt,iomap_dio_init,0.440616,0,24
3,run2_initcall.txt,iomap_ioend_init,0.440659,0,27
3,run2_initcall.txt,dquot_init,0.440849,0,173
3,run2_initcall.txt,proc_cmdline_init,0.440878,0,6
3,run2_initcall.txt,proc_consoles_init,0.440895,0,1
3,run2_initcall.txt,proc_cpuinfo_init,0.440911,0,1
3,run2_initcall.txt,proc_devices_init,0.440954,0,1
3,run2_initcall.txt,proc_interrupts_init,0.44097,0,1
3,run2_initcall.txt,proc_loadavg_init,0.440988,0,0
3,run2_initcall.txt,proc_meminfo_init,0.441003,0,1
3,run2_initcall.txt,proc_stat_init,0.441019,0,1
3,run2_initcall.txt,proc_uptime_init,0.441034,0,0
3,run2_initcall.txt,proc_version_init,0.44105,0,1
3,run2_initcall.txt,proc_softirqs_init,0.441065,0,0
3,run2_initcall.txt,proc_kmsg_init,0.441082,0,1
3,run2_initcall.txt,proc_page_init,0.441099,0,2
3,run2_initcall.txt,init_ramfs_fs,0.441116,0,1
3,run2_initcall.txt,aa_create_aafs,0.441134,0,0
3,run2_initcall.txt,chr_dev_init,0.444245,0,3092
3,run2_initcall.txt,hwrng_modinit,0.444329,0,48
3,run2_initcall.txt,firmware_class_init,0.44435,0,1
3,run2_initcall.txt,sysctl_core_init,0.444401,0,32
3,run2_initcall.txt,eth_offload_init,0.444419,0,0
3,run2_initcall.txt,ipv4_offload_init,0.444438,0,1
3,run2_initcall.txt,inet_init,0.448338,0,3877
3,run2_initcall.txt,af_unix_init,0.448395,0,21
3,run2_initcall.txt,ipv6_offload_init,0.448418,0,2
3,run2_initcall.txt,init_sunrpc,0.448806,0,369
3,run2_initcall.txt,vlan_offload_init,0.448826,0,1
3,run2_initcall.txt,pci_apply_final_quirks,0.448865,0,12
3,run2_initcall.txt,populate_rootfs,0.448891,0,8
3,run2_initcall.txt,register_arm64_panic_block,0.449037,0,1
3,run2_initcall.txt,cpuinfo_regs_init,0.449148,0,91
3,run2_initcall.txt,aarch32_el0_sysfs_init,0.44917,0,0
3,run2_initcall.txt,kvm_arm_init,0.452517,0,3327
3,run2_initcall.txt,proc_execdomains_init,0.452553,0,3
3,run2_initcall.txt,register_warn_debugfs,0.452574,0,3
3,run2_initcall.txt,cpuhp_sysfs_init,0.452629,0,29
3,run2_initcall.txt,ioresources_init,0.452649,0,3
3,run2_initcall.txt,psi_proc_init,0.452667,0,0
3,run2_initcall.txt,irq_gc_init_ops,0.452685,0,0
3,run2_initcall.txt,irq_debugfs_init,0.452778,0,74
3,run2_initcall.txt,proc_modules_init,0.452799,0,1
3,run2_initcall.txt,timer_sysctl_init,0.452823,0,9
3,run2_initcall.txt,timekeeping_init_ops,0.452838,0,0
3,run2_initcall.txt,init_clocksource_sysfs,0.452913,0,58
3,run2_initcall.txt,init_timer_list_procfs,0.452954,0,2
3,run2_initcall.txt,alarmtimer_init,0.453026,0,56
3,run2_initcall.txt,clockevents_init_sysfs,0.453165,0,122
3,run2_initcall.txt,sched_clock_syscore_init,0.453183,0,0
3,run2_initcall.txt,kallsyms_init,0.453201,0,2
3,run2_initcall.txt,pid_namespaces_init,0.45324,0,23
3,run2_initcall.txt,audit_watch_init,0.453258,0,1
3,run2_initcall.txt,audit_fsnotify_init,0.453275,0,0
3,run2_initcall.txt,audit_tree_init,0.453293,0,2
3,run2_initcall.txt,seccomp_sysctl_init,0.453315,0,4
3,run2_initcall.txt,utsname_sysctl_init,0.453338,0,6
3,run2_initcall.txt,init_tracepoints,0.453356,0,1
3,run2_initcall.txt,init_lstats_procfs,0.453376,0,3
3,run2_initcall.txt,stack_trace_init,0.45342,0,26
3,run2_initcall.txt,init_blk_tracer,0.453452,0,14
3,run2_initcall.txt,perf_event_sysfs_init,0.453564,0,91
3,run2_initcall.txt,system_trusted_keyring_init,0.453601,0,16
3,run2_initcall.txt,kswapd_init,0.453803,0,182
3,run2_initcall.txt,extfrag_debug_init,0.453834,0,8
3,run2_initcall.txt,mm_compute_batch_init,0.453852,0,0
3,run2_initcall.txt,slab_proc_init,0.453869,0,2
3,run2_initcall.txt,workingset_init,0.453894,0,9
3,run2_initcall.txt,proc_vmalloc_init,0.453911,0,1
3,run2_initcall.txt,memblock_init_debugfs,0.453933,0,5
3,run2_initcall.txt,slab_debugfs_init,0.453954,0,4
3,run2_initcall.txt,procswaps_init,0.453972,0,1
3,run2_initcall.txt,zs_init,0.453988,0,0
3,run2_initcall.txt,fcntl_init,0.454009,0,3
3,run2_initcall.txt,proc_filesystems_init,0.454029,0,1
3,run2_initcall.txt,start_dirtytime_writeback,0.454055,0,5
3,run2_initcall.txt,dio_init,0.454075,0,1
3,run2_initcall.txt,dnotify_init,0.454108,0,14
3,run2_initcall.txt,fanotify_user_setup,0.454138,0,9
3,run2_initcall.txt,aio_setup,0.454207,0,49
3,run2_initcall.txt,mbcache_init,0.454232,0,5
3,run2_initcall.txt,init_grace,0.454248,0,2
3,run2_initcall.txt,init_devpts_fs,0.454271,0,8
3,run2_initcall.txt,ext4_init_fs,0.454368,0,81
3,run2_initcall.txt,journal_init,0.454402,0,16
3,run2_initcall.txt,init_fat_fs,0.454423,0,5
3,run2_initcall.txt,init_vfat_fs,0.454439,0,0
3,run2_initcall.txt,init_msdos_fs,0.454454,0,0
3,run2_initcall.txt,init_nfs_fs,0.454606,0,137
3,run2_initcall.txt,init_nfs_v2,0.454626,0,0
3,run2_initcall.txt,init_nfs_v3,0.454643,0,0
3,run2_initcall.txt,init_nfs_v4,0.454692,0,34
3,run2_initcall.txt,nfs4filelayout_init,0.454715,0,6
3,run2_initcall.txt,nfs4flexfilelayout_init,0.454738,0,6
3,run2_initcall.txt,init_nlm,0.454783,0,28
3,run2_initcall.txt,init_nls_cp437,0.4548,0,0
3,run2_initcall.txt,init_nls_ascii,0.454815,0,0
3,run2_initcall.txt,init_autofs_fs,0.454924,0,93
3,run2_initcall.txt,init_f2fs_fs,0.455073,0,130
3,run2_initcall.txt,ipc_init,0.455105,0,13
3,run2_initcall.txt,ipc_sysctl_init,0.45514,0,17
3,run2_initcall.txt,init_mqueue_fs,0.455193,0,36
3,run2_initcall.txt,key_proc_init,0.455215,0,3
3,run2_initcall.txt,bpf_crypto_skcipher_init,0.455233,0,0
3,run2_initcall.txt,dh_init,0.455254,0,2
3,run2_initcall.txt,rsa_init,0.455272,0,1
3,run2_initcall.txt,cryptomgr_init,0.45529,0,0
3,run2_initcall.txt,hmac_module_init,0.455308,0,0
3,run2_initcall.txt,crypto_sha256_mod_init,0.455329,0,3
3,run2_initcall.txt,crypto_ecb_module_init,0.455347,0,0
3,run2_initcall.txt,crypto_cbc_module_init,0.455365,0,0
3,run2_initcall.txt,crypto_cts_module_init,0.455382,0,0
3,run2_initcall.txt,xts_module_init,0.4554,0,0
3,run2_initcall.txt,des_generic_mod_init,0.455419,0,1
3,run2_initcall.txt,aes_init,0.455438,0,0
3,run2_initcall.txt,lzo_mod_init,0.455456,0,1
3,run2_initcall.txt,lzorle_mod_init,0.455474,0,1
3,run2_initcall.txt,asymmetric_key_init,0.455497,0,5
3,run2_initcall.txt,x509_key_init,0.45552,0,5
3,run2_initcall.txt,crypto_kdf108_init,0.455538,0,0
3,run2_initcall.txt,blkdev_init,0.455569,0,13
3,run2_initcall.txt,proc_genhd_init,0.45559,0,2
3,run2_initcall.txt,bsg_init,0.455625,0,17
3,run2_initcall.txt,throtl_init,0.455717,0,74
3,run2_initcall.txt,deadline_init,0.455743,0,6
3,run2_initcall.txt,kyber_init,0.455766,0,5
3,run2_initcall.txt,bfq_init,0.455805,0,21
3,run2_initcall.txt,io_uring_init,0.455845,0,21
3,run2_initcall.txt,btree_module_init,0.455868,0,3
3,run2_initcall.txt,percpu_counter_startup,0.455931,0,42
3,run2_initcall.txt,audit_classes_init,0.455955,0,3
3,run2_initcall.txt,gicv5_iwb_platform_driver_init,0.456064,0,89
3,run2_initcall.txt,mip_msi_driver_init,0.456121,0,36
3,run2_initcall.txt,bcm7038_l1_driver_init,0.456176,0,34
3,run2_initcall.txt,bcm7120_l2_driver_init,0.456236,0,39
3,run2_initcall.txt,brcmstb_l2_driver_init,0.456526,0,269
3,run2_initcall.txt,simple_pm_bus_driver_init,0.457222,0,673
3,run2_initcall.txt,phy_core_init,0.457262,0,16
3,run2_initcall.txt,brcm_usb_driver_init,0.457358,0,76
3,run2_initcall.txt,rp1_pinctrl_driver_init,0.457412,0,33
3,run2_initcall.txt,bcm2835_pinctrl_driver_init,0.45827,0,836
3,run2_initcall.txt,bcm2712_pinctrl_driver_init,0.458352,0,56
3,run2_initcall.txt,brcmvirt_gpio_driver_init,0.45842,0,39
3,run2_initcall.txt,brcmstb_gpio_driver_init,0.458476,0,35
3,run2_initcall.txt,rpi_exp_gpio_driver_init,0.458896,0,398
3,run2_initcall.txt,brcmstb_pwm_driver_init,0.458952,0,37
3,run2_initcall.txt,rp1_pwm_driver_init,0.459003,0,34
3,run2_initcall.txt,gpio_led_driver_init,0.460768,0,1749
3,run2_initcall.txt,led_pwm_driver_init,0.460831,0,43
3,run2_initcall.txt,timer_led_trigger_init,0.460848,0,1
3,run2_initcall.txt,oneshot_led_trigger_init,0.460864,0,0
3,run2_initcall.txt,heartbeat_trig_init,0.460883,0,2
3,run2_initcall.txt,bl_led_trigger_init,0.460901,0,0
3,run2_initcall.txt,ledtrig_cpu_init,0.461001,0,85
3,run2_initcall.txt,defon_led_trigger_init,0.461054,0,36
3,run2_initcall.txt,input_trig_init,0.461072,0,1
3,run2_initcall.txt,ledtrig_panic_init,0.461088,0,1
3,run2_initcall.txt,actpwr_trig_init,0.461261,0,158
3,run2_initcall.txt,pcie_portdrv_init,0.461335,0,56
3,run2_initcall.txt,pci_proc_init,0.461361,0,9
3,run2_initcall.txt,brcm_pcie_driver_init,0.573858,0,112482
3,run2_initcall.txt,bcm2708_fb_init,0.573941,0,60
3,run2_initcall.txt,simplefb_driver_init,0.580836,0,6877
3,run2_initcall.txt,of_fixed_factor_clk_driver_init,0.580936,0,48
3,run2_initcall.txt,of_fixed_clk_driver_init,0.58103,0,35
3,run2_initcall.txt,gpio_clk_driver_init,0.581125,0,47
3,run2_initcall.txt,gated_fixed_clk_driver_init,0.581211,0,37
3,run2_initcall.txt,rp1_clk_driver_init,0.581297,0,36
3,run2_initcall.txt,rp1_sdio_clk_driver_init,0.58138,0,36
3,run2_initcall.txt,clk_dvp_driver_init,0.58157,0,143
3,run2_initcall.txt,bcm2835_aux_clk_driver_init,0.581685,0,65
3,run2_initcall.txt,raspberrypi_clk_driver_init,0.597302,0,15566
3,run2_initcall.txt,dw_driver_init,0.597408,0,54
3,run2_initcall.txt,bcm2835_power_driver_init,0.597479,0,24
3,run2_initcall.txt,rpi_power_driver_init,0.615896,0,18369
3,run2_initcall.txt,brcmstb_reset_driver_init,0.617938,0,45
3,run2_initcall.txt,brcm_rescal_reset_driver_init,0.619963,0,39
3,run2_initcall.txt,rpi_reset_driver_init,0.622999,0,1073
3,run2_initcall.txt,reset_simple_driver_init,0.625082,0,90
3,run2_initcall.txt,n_null_init,0.627015,0,0
3,run2_initcall.txt,pty_init,0.629088,0,102
3,run2_initcall.txt,sysrq_init,0.631065,0,12
3,run2_initcall.txt,serial8250_init,0.633032,-19,0
3,run2_initcall.txt,bcm2835aux_serial_driver_init,0.635022,0,47
3,run2_initcall.txt,brcmuart_init,0.637033,0,56
3,run2_initcall.txt,exar_pci_driver_init,0.639024,0,26
3,run2_initcall.txt,of_platform_serial_driver_init,0.641093,0,104
3,run2_initcall.txt,serial_pci_driver_init,0.643045,0,31
3,run2_initcall.txt,pericom8250_pci_driver_init,0.644988,0,20
3,run2_initcall.txt,init_kgdboc,0.647963,0,1038
3,run2_initcall.txt,random_sysctls_init,0.649909,0,13
3,run2_initcall.txt,ttyprintk_init,0.651898,0,58
3,run2_initcall.txt,bcm2835_rng_driver_init,0.653913,0,69
3,run2_initcall.txt,bcm74110_rng_driver_init,0.655956,0,39
3,run2_initcall.txt,iproc_rng200_driver_init,0.660206,0,2225
3,run2_initcall.txt,smccc_trng_driver_init,0.662361,0,29
3,run2_initcall.txt,vc_mem_init,0.665747,0,1228
3,run2_initcall.txt,vcio_driver_init,0.669452,0,1459
3,run2_initcall.txt,bcm2712_iommu_driver_init,0.671809,0,44
3,run2_initcall.txt,bcm2712_iommu_cache_driver_init,0.674231,0,43
3,run2_initcall.txt,topology_sysfs_init,0.676666,0,61
3,run2_initcall.txt,cacheinfo_sysfs_init,0.679368,0,260
3,run2_initcall.txt,devcoredump_init,0.681846,0,9
3,run2_initcall.txt,brd_init,0.68941,0,5123
3,run2_initcall.txt,loop_init,0.695616,0,3791
3,run2_initcall.txt,bcm2835_pm_driver_init,0.699351,0,1324
3,run2_initcall.txt,stmpe_i2c_driver_init,0.701771,0,17
3,run2_initcall.txt,stmpe_spi_driver_init,0.704167,0,12
3,run2_initcall.txt,rp1_driver_init,0.706574,0,27
3,run2_initcall.txt,system_heap_create,0.709043,0,84
3,run2_initcall.txt,add_default_cma_heap,0.711466,0,80
3,run2_initcall.txt,udmabuf_dev_init,0.713902,0,46
3,run2_initcall.txt,iscsi_transport_init,0.717698,0,1415
3,run2_initcall.txt,init_sd,0.720119,0,24
3,run2_initcall.txt,nvme_core_init,0.722788,0,263
3,run2_initcall.txt,nvme_init,0.72524,0,39
3,run2_initcall.txt,blackhole_netdev_init,0.727625,0,15
3,run2_initcall.txt,netkit_init,0.73003,0,4
3,run2_initcall.txt,phylink_init,0.732417,0,0
3,run2_initcall.txt,phy_module_init,0.734984,0,177
3,run2_initcall.txt,phy_module_init,0.737552,0,178
3,run2_initcall.txt,fixed_mdio_bus_init,0.740106,0,161
3,run2_initcall.txt,phy_module_init,0.742685,0,174
3,run2_initcall.txt,phy_module_init,0.745062,0,22
3,run2_initcall.txt,phy_module_init,0.747483,0,63
3,run2_initcall.txt,unimac_mdio_driver_init,0.749958,0,124
3,run2_initcall.txt,macb_driver_init,0.752422,0,123
3,run2_initcall.txt,bcmgenet_driver_init,0.950053,0,195287
3,run2_initcall.txt,bcmasp_driver_init,0.952479,0,81
3,run2_initcall.txt,lan78xx_driver_init,0.956041,0,1203
3,run2_initcall.txt,smsc95xx_driver_init,0.959651,0,1201
3,run2_initcall.txt,usbnet_init,0.962024,0,0
3,run2_initcall.txt,xhci_hcd_init,0.964425,0,14
3,run2_initcall.txt,xhci_pci_init,1.093001,0,126180
3,run2_initcall.txt,xhci_plat_init,1.09539,0,123
3,run2_initcall.txt,dwc_otg_driver_init,1.102289,0,4610
3,run2_initcall.txt,dwc_common_port_init_module,1.105767,0,1242
3,run2_initcall.txt,dwc3_driver_init,1.108066,0,57
3,run2_initcall.txt,dwc3_haps_driver_init,1.110296,0,28
3,run2_initcall.txt,dwc3_of_simple_driver_init,1.112591,0,63
3,run2_initcall.txt,dwc3_generic_driver_init,1.114869,0,41
3,run2_initcall.txt,dwc2_platform_driver_init,1.117249,0,158
3,run2_initcall.txt,uas_init,1.120679,0,1211
3,run2_initcall.txt,usb_storage_driver_init,1.124035,0,1127
3,run2_initcall.txt,brcmstb_usb_pinmap_init,1.126307,-19,69
3,run2_initcall.txt,bdc_driver_init,1.128546,0,47
3,run2_initcall.txt,input_leds_init,1.130773,0,1
3,run2_initcall.txt,mousedev_init,1.134221,0,1233
3,run2_initcall.txt,evdev_init,1.136482,0,0
3,run2_initcall.txt,brcmstb_waketmr_driver_init,1.138791,0,52
3,run2_initcall.txt,rpi_rtc_driver_init,1.141086,0,42
3,run2_initcall.txt,init_rc_map_adstech_dvb_t_pci,1.143305,0,0
3,run2_initcall.txt,init_rc_map_alink_dtu_m,1.145546,0,0
3,run2_initcall.txt,init_rc_map_anysee,1.147779,0,0
3,run2_initcall.txt,init_rc_map_apac_viewcomp,1.150041,0,0
3,run2_initcall.txt,init_rc_map_t2hybrid,1.152305,0,0
3,run2_initcall.txt,init_rc_map_asus_pc39,1.154568,0,0
3,run2_initcall.txt,init_rc_map_asus_ps3_100,1.156812,0,0
3,run2_initcall.txt,init_rc_map_ati_tv_wonder_hd_600,1.159069,0,0
3,run2_initcall.txt,init_rc_map_ati_x10,1.161301,0,0
3,run2_initcall.txt,init_rc_map_avermedia_a16d,1.163588,0,0
3,run2_initcall.txt,init_rc_map_avermedia_cardbus,1.165877,0,0
3,run2_initcall.txt,init_rc_map_avermedia_dvbt,1.168147,0,0
3,run2_initcall.txt,init_rc_map_avermedia_m135a,1.170438,0,0
3,run2_initcall.txt,init_rc_map_avermedia_m733a_rm_k6,1.172733,0,0
3,run2_initcall.txt,init_rc_map_avermedia,1.175043,0,0
3,run2_initcall.txt,init_rc_map_avermedia_rm_ks,1.177298,0,0
3,run2_initcall.txt,init_rc_map_avertv_303,1.179598,0,0
3,run2_initcall.txt,init_rc_map_azurewave_ad_tu700,1.181894,0,0
3,run2_initcall.txt,init_rc_map_beelink_gs1,1.184185,0,0
3,run2_initcall.txt,init_rc_map_beelink_mxiii,1.186501,0,0
3,run2_initcall.txt,init_rc_map_behold_columbus,1.188787,0,1
3,run2_initcall.txt,init_rc_map_behold,1.191084,0,0
3,run2_initcall.txt,init_rc_map_budget_ci_old,1.193704,0,373
3,run2_initcall.txt,init_rc_map_cinergy_1400,1.195973,0,0
3,run2_initcall.txt,init_rc_map_cinergy,1.198218,0,0
3,run2_initcall.txt,init_rc_map_ct_90405,1.200449,0,0
3,run2_initcall.txt,init_rc_map_d680_dmb,1.202692,0,0
3,run2_initcall.txt,init_rc_map_delock_61959,1.204905,0,0
3,run2_initcall.txt,init_rc_map,1.207302,0,53
3,run2_initcall.txt,init_rc_map,1.209606,0,43
3,run2_initcall.txt,init_rc_map_digitalnow_tinytwin,1.211898,0,109
3,run2_initcall.txt,init_rc_map_digittrade,1.214128,0,0
3,run2_initcall.txt,init_rc_map_dm1105_nec,1.216327,0,0
3,run2_initcall.txt,init_rc_map_dntv_live_dvb_t,1.218526,0,0
3,run2_initcall.txt,init_rc_map_dntv_live_dvbt_pro,1.220729,0,0
3,run2_initcall.txt,init_rc_map_dreambox,1.222929,0,0
3,run2_initcall.txt,init_rc_map_dtt200u,1.225128,0,0
3,run2_initcall.txt,init_rc_map_rc5_dvbsky,1.227278,0,0
3,run2_initcall.txt,init_rc_map_dvico_mce,1.229576,0,104
3,run2_initcall.txt,init_rc_map_dvico_portable,1.231761,0,0
3,run2_initcall.txt,init_rc_map_em_terratec,1.233944,0,0
3,run2_initcall.txt,init_rc_map_encore_enltv2,1.23612,0,0
3,run2_initcall.txt,init_rc_map_encore_enltv_fm53,1.238317,0,0
3,run2_initcall.txt,init_rc_map_encore_enltv,1.24051,0,0
3,run2_initcall.txt,init_rc_map_evga_indtube,1.242689,0,0
3,run2_initcall.txt,init_rc_map_eztv,1.244818,0,0
3,run2_initcall.txt,init_rc_map_flydvb,1.24698,0,0
3,run2_initcall.txt,init_rc_map_flyvideo,1.249136,0,0
3,run2_initcall.txt,init_rc_map_fusionhdtv_mce,1.25129,0,0
3,run2_initcall.txt,init_rc_map_gadmei_rm008z,1.253432,0,0
3,run2_initcall.txt,init_rc_map_geekbox,1.255571,0,0
3,run2_initcall.txt,init_rc_map_genius_tvgo_a11mce,1.257707,0,0
3,run2_initcall.txt,init_rc_map_gotview7135,1.259814,0,0
3,run2_initcall.txt,init_rc_map_rc5_hauppauge_new,1.261939,0,0
3,run2_initcall.txt,init_rc_map_hisi_poplar,1.264084,0,0
3,run2_initcall.txt,init_rc_map_hisi_tv_demo,1.266243,0,0
3,run2_initcall.txt,init_rc_map_imon_mce,1.26839,0,0
3,run2_initcall.txt,init_rc_map_imon_pad,1.270541,0,0
3,run2_initcall.txt,init_rc_map_imon_rsc,1.272678,0,0
3,run2_initcall.txt,init_rc_map_iodata_bctv7e,1.274796,0,0
3,run2_initcall.txt,init_rc_it913x_v1_map,1.276875,0,0
3,run2_initcall.txt,init_rc_it913x_v2_map,1.279074,0,0
3,run2_initcall.txt,init_rc_map_kaiomy,1.281184,0,0
3,run2_initcall.txt,init_rc_map_khadas,1.283288,0,0
3,run2_initcall.txt,init_rc_map_khamsin,1.285376,0,0
3,run2_initcall.txt,init_rc_map_kworld_315u,1.287463,0,0
3,run2_initcall.txt,init_rc_map_kworld_pc150u,1.289547,0,0
3,run2_initcall.txt,init_rc_map_kworld_plus_tv_analog,1.291639,0,0
3,run2_initcall.txt,init_rc_map_leadtek_y04g0051,1.293699,0,0
3,run2_initcall.txt,init_rc_lme2510_map,1.295803,0,0
3,run2_initcall.txt,init_rc_map_manli,1.297917,0,0
3,run2_initcall.txt,init_rc_map_mecool_kiii_pro,1.30004,0,0
3,run2_initcall.txt,init_rc_map_mecool_kii_pro,1.302172,0,0
3,run2_initcall.txt,init_rc_map_medion_x10_digitainer,1.304292,0,0
3,run2_initcall.txt,init_rc_map_medion_x10,1.306426,0,0
3,run2_initcall.txt,init_rc_map_medion_x10_or2x,1.30855,0,0
3,run2_initcall.txt,init_rc_map_minix_neo,1.310653,0,0
3,run2_initcall.txt,init_rc_map_msi_digivox_iii,1.312796,0,0
3,run2_initcall.txt,init_rc_map_msi_digivox_ii,1.314954,0,0
3,run2_initcall.txt,init_rc_map_msi_tvanywhere,1.317113,0,0
3,run2_initcall.txt,init_rc_map_msi_tvanywhere_plus,1.319269,0,0
3,run2_initcall.txt,init_rc_map_mygica_utv3,1.321424,0,0
3,run2_initcall.txt,init_rc_map_nebula,1.323573,0,0
3,run2_initcall.txt,init_rc_map_nec_terratec_cinergy_xs,1.325719,0,0
3,run2_initcall.txt,init_rc_map_norwood,1.327819,0,0
3,run2_initcall.txt,init_rc_map_npgtech,1.329961,0,0
3,run2_initcall.txt,init_rc_map_odroid,1.332092,0,0
3,run2_initcall.txt,init_rc_map_pctv_sedna,1.335332,0,0
3,run2_initcall.txt,init_rc_map_pine64,1.337497,0,10
3,run2_initcall.txt,init_rc_map_pinnacle_color,1.339686,0,0
3,run2_initcall.txt,init_rc_map_pinnacle_grey,1.341851,0,0
3,run2_initcall.txt,init_rc_map_pinnacle_pctv_hd,1.343965,0,0
3,run2_initcall.txt,init_rc_map_pixelview,1.346124,0,0
3,run2_initcall.txt,init_rc_map_pixelview,1.34828,0,0
3,run2_initcall.txt,init_rc_map_pixelview_new,1.350461,0,0
3,run2_initcall.txt,init_rc_map_pixelview,1.352634,0,0
3,run2_initcall.txt,init_rc_map_powercolor_real_angel,1.35482,0,0
3,run2_initcall.txt,init_rc_map_proteus_2309,1.357014,0,0
3,run2_initcall.txt,init_rc_map_purpletv,1.359201,0,0
3,run2_initcall.txt,init_rc_map_pv951,1.361336,0,0
3,run2_initcall.txt,init_rc_map_rc6_mce,1.363503,0,0
3,run2_initcall.txt,init_rc_map_real_audio_220_32_keys,1.36567,0,0
3,run2_initcall.txt,init_rc_map_reddo,1.36784,0,0
3,run2_initcall.txt,init_rc_map_siemens_gigaset_rc20,1.37002,0,0
3,run2_initcall.txt,init_rc_map_snapstream_firefly,1.372197,0,0
3,run2_initcall.txt,init_rc_map_streamzap,1.374391,0,0
3,run2_initcall.txt,init_rc_map_su3000,1.376562,0,0
3,run2_initcall.txt,init_rc_map_tanix_tx3mini,1.378742,0,0
3,run2_initcall.txt,init_rc_map_tanix_tx5max,1.38093,0,0
3,run2_initcall.txt,init_rc_map_tbs_nec,1.383116,0,0
3,run2_initcall.txt,init_rc_map,1.385318,0,0
3,run2_initcall.txt,init_rc_map,1.387508,0,0
3,run2_initcall.txt,init_rc_map_terratec_cinergy_c_pci,1.389722,0,8
3,run2_initcall.txt,init_rc_map_terratec_cinergy_s2_hd,1.391917,0,0
3,run2_initcall.txt,init_rc_map_terratec_cinergy_xs,1.3941,0,0
3,run2_initcall.txt,init_rc_map_terratec_slim_2,1.396274,0,0
3,run2_initcall.txt,init_rc_map_terratec_slim,1.398463,0,0
3,run2_initcall.txt,init_rc_map_tevii_nec,1.400655,0,0
3,run2_initcall.txt,init_rc_map_tivo,1.402845,0,0
3,run2_initcall.txt,init_rc_map_total_media_in_hand_02,1.405024,0,0
3,run2_initcall.txt,init_rc_map_total_media_in_hand,1.407204,0,0
3,run2_initcall.txt,init_rc_map_trekstor,1.409399,0,0
3,run2_initcall.txt,init_rc_map_tt_1500,1.411543,0,0
3,run2_initcall.txt,init_rc_map_twinhan_vp1027,1.413727,0,0
3,run2_initcall.txt,init_rc_map_twinhan_dtv_cab_ci,1.415921,0,0
3,run2_initcall.txt,init_rc_map_vega_s9x,1.41811,0,0
3,run2_initcall.txt,init_rc_map_videomate_k100,1.420287,0,0
3,run2_initcall.txt,init_rc_map_videomate_s350,1.422467,0,0
3,run2_initcall.txt,init_rc_map_videomate_tv_pvr,1.424619,0,0
3,run2_initcall.txt,init_rc_map_kii_pro,1.426729,0,0
3,run2_initcall.txt,init_rc_map_wetek_hub,1.428891,0,1
3,run2_initcall.txt,init_rc_map_wetek_play2,1.431047,0,0
3,run2_initcall.txt,init_rc_map_winfast,1.433208,0,0
3,run2_initcall.txt,init_rc_map_winfast_usbii_deluxe,1.435364,0,0
3,run2_initcall.txt,init_rc_map_x96max,1.437776,0,226
3,run2_initcall.txt,init_rc_map,1.439954,0,0
3,run2_initcall.txt,init_rc_map,1.442111,0,0
3,run2_initcall.txt,init_rc_map_zx_irdec,1.444219,0,0
3,run2_initcall.txt,ptp_kvm_init,1.446378,-95,0
3,run2_initcall.txt,gpio_poweroff_driver_init,1.448611,0,87
3,run2_initcall.txt,bcm2711_thermal_driver_init,1.452237,0,1426
3,run2_initcall.txt,bcm2835_thermal_driver_init,1.454489,0,62
3,run2_initcall.txt,bcm2835_wdt_driver_init,1.456689,0,26
3,run2_initcall.txt,dt_cpufreq_platdrv_init,1.458944,0,28
3,run2_initcall.txt,brcm_avs_cpufreq_platdrv_init,1.461171,0,45
3,run2_initcall.txt,raspberrypi_cpufreq_driver_init,1.466509,0,3108
3,run2_initcall.txt,mmc_pwrseq_simple_driver_init,1.468848,0,75
3,run2_initcall.txt,mmc_pwrseq_emmc_driver_init,1.471174,0,42
3,run2_initcall.txt,mmc_blk_init,1.473559,0,37
3,run2_initcall.txt,sdhci_drv_init,1.478265,0,2328
3,run2_initcall.txt,bcm2835_mmc_driver_init,1.483014,0,2360
3,run2_initcall.txt,bcm2835_driver_init,1.487823,0,69
3,run2_initcall.txt,sdhci_pltfm_drv_init,1.49158,0,1248
3,run2_initcall.txt,sdhci_iproc_driver_init,1.494146,0,135
3,run2_initcall.txt,sdhci_brcmstb_driver_init,1.494225,0,64
3,run2_initcall.txt,esrt_sysfs_init,1.494242,-38,2
3,run2_initcall.txt,smccc_devices_init,1.494253,0,1
3,run2_initcall.txt,smccc_soc_init,1.494262,0,1
3,run2_initcall.txt,arch_timer_mmio_drv_init,1.494308,0,37
3,run2_initcall.txt,arch_timer_mmio_acpi_drv_init,1.494351,0,23
3,run2_initcall.txt,hid_init,1.49442,0,60
3,run2_initcall.txt,hid_generic_init,1.494471,0,41
3,run2_initcall.txt,hid_init,1.494515,0,34
3,run2_initcall.txt,vchiq_driver_init,1.516789,0,22264
3,run2_initcall.txt,bcm74110_mbox_driver_init,1.534293,0,95
3,run2_initcall.txt,extcon_class_init,1.536639,0,20
3,run2_initcall.txt,armv8_pmu_driver_init,1.542122,0,3155
3,run2_initcall.txt,binder_init,1.544499,0,64
3,run2_initcall.txt,rpi_otp_driver_init,1.55066,0,3814
3,run2_initcall.txt,sock_diag_init,1.552985,0,38
3,run2_initcall.txt,blackhole_init,1.555253,0,1
3,run2_initcall.txt,cls_bpf_init_mod,1.557533,0,9
3,run2_initcall.txt,gre_offload_init,1.559738,0,0
3,run2_initcall.txt,sysctl_ipv4_init,1.561992,0,76
3,run2_initcall.txt,cubictcp_register,1.564171,0,2
3,run2_initcall.txt,packet_init,1.567472,0,1106
3,run2_initcall.txt,init_rpcsec_gss,1.569706,0,21
3,run2_initcall.txt,init_kerberos_module,1.571917,0,4
3,run2_initcall.txt,dcbnl_init,1.574124,0,2
3,run2_initcall.txt,init_dns_resolver,1.577374,0,1083
3,run2_initcall.txt,handshake_init,1.579622,0,30
3,run2_initcall.txt,check_mmu_enabled_at_boot,1.581853,0,0
3,run2_initcall.txt,finalize_pkvm,1.58408,0,0
3,run2_initcall.txt,kernel_do_mounts_initrd_sysctls_init,1.587511,0,6
3,run2_initcall.txt,kernel_panic_sysctls_init,1.589786,0,21
3,run2_initcall.txt,kernel_panic_sysfs_init,1.592046,0,5
3,run2_initcall.txt,kernel_exit_sysctls_init,1.594307,0,2
3,run2_initcall.txt,kernel_exit_sysfs_init,1.596597,0,2
3,run2_initcall.txt,param_sysfs_builtin_init,1.608741,0,9816
3,run2_initcall.txt,reboot_ksysfs_init,1.61117,0,24
3,run2_initcall.txt,sched_core_sysctl_init,1.613523,0,4
3,run2_initcall.txt,sched_fair_sysctl_init,1.615839,0,2
3,run2_initcall.txt,sched_rt_sysctl_init,1.618453,0,56
3,run2_initcall.txt,sched_dl_sysctl_init,1.620814,0,39
3,run2_initcall.txt,sched_init_debug,1.623163,0,104
3,run2_initcall.txt,cpu_latency_qos_init,1.625552,0,141
3,run2_initcall.txt,printk_late_init,1.627782,0,16
3,run2_initcall.txt,init_srcu_module_notifier,1.63008,0,2
3,run2_initcall.txt,kernel_rcu_stall_sysfs_init,1.632371,0,5
3,run2_initcall.txt,swiotlb_create_default_debugfs,1.63497,0,23
3,run2_initcall.txt,tk_debug_sleep_time_init,1.637316,0,3
3,run2_initcall.txt,bpf_ksym_iter_register,1.639647,0,1
3,run2_initcall.txt,kernel_acct_sysctls_init,1.642081,0,58
3,run2_initcall.txt,bpf_rstat_kfunc_init,1.644415,0,20
3,run2_initcall.txt,debugfs_kprobe_init,1.646785,0,11
3,run2_initcall.txt,kernel_delayacct_sysctls_init,1.649145,0,11
3,run2_initcall.txt,taskstats_init,1.652668,0,1189
3,run2_initcall.txt,ftrace_sysctl_init,1.655018,0,3
3,run2_initcall.txt,bpf_kprobe_multi_kfuncs_init,1.657389,0,6
3,run2_initcall.txt,kdb_ftrace_register,1.659729,0,8
3,run2_initcall.txt,bpf_global_ma_init,1.662151,0,93
3,run2_initcall.txt,bpf_syscall_sysctl_init,1.664511,0,6
3,run2_initcall.txt,unbound_reg_init,1.666868,0,0
3,run2_initcall.txt,kfunc_init,1.669208,0,1
3,run2_initcall.txt,bpf_map_iter_init,1.671541,0,2
3,run2_initcall.txt,init_subsystem,1.673888,0,5
3,run2_initcall.txt,task_iter_init,1.676198,0,1
3,run2_initcall.txt,bpf_prog_iter_init,1.678688,0,0
3,run2_initcall.txt,bpf_link_iter_init,1.680988,0,0
3,run2_initcall.txt,init_trampolines,1.683265,0,2
3,run2_initcall.txt,rqspinlock_register_kfuncs,1.685548,0,5
3,run2_initcall.txt,kfunc_init,1.687819,0,0
3,run2_initcall.txt,bpf_cgroup_iter_init,1.690093,0,0
3,run2_initcall.txt,cpumask_kfunc_init,1.692367,0,10
3,run2_initcall.txt,crypto_kfunc_init,1.694612,0,0
3,run2_initcall.txt,bpf_kmem_cache_iter_init,1.696879,0,0
3,run2_initcall.txt,dmabuf_iter_init,1.69916,0,0
3,run2_initcall.txt,load_system_certificate_list,1.702537,0,1120
3,run2_initcall.txt,init_lru_gen,1.70483,0,21
3,run2_initcall.txt,vmstat_late_init,1.707101,0,2
3,run2_initcall.txt,fault_around_debugfs,1.709378,0,14
3,run2_initcall.txt,slab_sysfs_init,1.715753,0,4160
3,run2_initcall.txt,max_swapfiles_check,1.718083,0,19
3,run2_initcall.txt,zswap_init,1.720339,0,0
3,run2_initcall.txt,mempolicy_sysfs_init,1.722605,0,18
3,run2_initcall.txt,memory_tier_late_init,1.727168,0,2295
3,run2_initcall.txt,check_early_ioremap_leak,1.729423,0,0
3,run2_initcall.txt,mg_debugfs_init,1.731687,0,17
3,run2_initcall.txt,fscrypt_init,1.736232,0,2294
3,run2_initcall.txt,pstore_init,1.73847,0,15
3,run2_initcall.txt,init_root_keyring,1.740702,0,34
3,run2_initcall.txt,init_profile_hash,1.742912,0,0
3,run2_initcall.txt,integrity_fs_init,1.745097,0,8
3,run2_initcall.txt,crypto_algapi_init,1.747314,0,9
3,run2_initcall.txt,blk_timeout_init,1.749539,0,6
3,run2_initcall.txt,depot_debugfs_init,1.75176,0,6
3,run2_initcall.txt,pci_resource_alignment_sysfs_init,1.753978,0,5
3,run2_initcall.txt,pci_sysfs_init,1.756213,0,11
3,run2_initcall.txt,clk_debug_init,1.758871,0,424
3,run2_initcall.txt,genpd_debug_init,1.761437,0,347
3,run2_initcall.txt,sync_state_resume_initcall,1.763701,0,0
3,run2_initcall.txt,deferred_probe_initcall,1.834669,0,68687
3,run2_initcall.txt,efi_shutdown_init,1.84005,-19,2
3,run2_initcall.txt,efi_earlycon_unmap_fb,1.842207,0,0
3,run2_initcall.txt,psci_debugfs_init,1.844283,0,0
3,run2_initcall.txt,of_cfs_init,1.850603,0,2166
3,run2_initcall.txt,of_fdt_raw_init,1.852723,0,28
3,run2_initcall.txt,bpf_kfunc_init,1.854861,0,2
3,run2_initcall.txt,init_subsystem,1.857018,0,0
3,run2_initcall.txt,xdp_metadata_init,1.859131,0,0
3,run2_initcall.txt,bpf_sockmap_iter_init,1.861204,0,1
3,run2_initcall.txt,bpf_sk_storage_map_iter_init,1.863318,0,0
3,run2_initcall.txt,bpf_prog_test_run_init,1.865443,0,1
3,run2_initcall.txt,bpf_dummy_struct_ops_init,1.867546,0,0
3,run2_initcall.txt,tcp_congestion_default,1.869661,0,1
3,run2_initcall.txt,inet_blackhole_dev_init,1.871764,0,10
3,run2_initcall.txt,ip_auto_config,1.873867,0,9
3,run2_initcall.txt,tcp_bpf_v4_build_proto,1.875961,0,1
3,run2_initcall.txt,udp_bpf_v4_build_proto,1.877977,0,0
3,run2_initcall.txt,bpf_tcp_ca_kfunc_init,1.880023,0,0
3,run2_initcall.txt,bpf_mptcp_kfunc_init,1.883175,0,56
3,run2_initcall.txt,latency_fsnotify_init,1.886309,0,23
3,run2_initcall.txt,trace_eval_sync,1.888447,0,10
3,run2_initcall.txt,late_trace_init,1.890624,0,0
3,run2_initcall.txt,fb_logo_late_init,1.892895,0,26
3,run2_initcall.txt,amba_stub_drv_init,1.895218,0,67
3,run2_initcall.txt,clk_disable_unused,1.902392,0,4852
3,run2_initcall.txt,genpd_power_off_unused,1.905898,0,1176
3,run2_initcall.txt,regulator_init_complete,1.908254,0,1
3,run2_initcall.txt,of_platform_sync_state_init,1.910581,0,17
4,run3_initcall.txt,percpu_enable_async,0.051816,0,0
4,run3_initcall.txt,kcompactd_init,0.051933,0,0
4,run3_initcall.txt,init_mm_sysctl,0.051952,0,0
4,run3_initcall.txt,init_user_reserve,0.051972,0,0
4,run3_initcall.txt,init_admin_reserve,0.051988,0,0
4,run3_initcall.txt,init_reserve_notifier,0.052004,0,0
4,run3_initcall.txt,swap_init,0.052025,0,0
4,run3_initcall.txt,swapfile_init,0.052047,0,0
4,run3_initcall.txt,memory_tier_init,0.052096,0,0
4,run3_initcall.txt,numa_init_sysfs,0.052118,0,0
4,run3_initcall.txt,mem_cgroup_swap_init,0.052135,0,0
4,run3_initcall.txt,init_msg_buckets,0.052154,0,0
4,run3_initcall.txt,init_bio,0.052203,0,0
4,run3_initcall.txt,blk_ioc_init,0.052258,0,0
4,run3_initcall.txt,blk_mq_init,0.052277,0,0
4,run3_initcall.txt,genhd_device_init,0.05238,0,0
4,run3_initcall.txt,blkcg_punt_bio_init,0.052481,0,0
4,run3_initcall.txt,blk_integrity_auto_init,0.052557,0,0
4,run3_initcall.txt,io_wq_init,0.052579,0,0
4,run3_initcall.txt,crc_t10dif_mod_init,0.052606,0,0
4,run3_initcall.txt,sha256_mod_init,0.052627,0,0
4,run3_initcall.txt,sha512_mod_init,0.052645,0,0
4,run3_initcall.txt,sg_pool_init,0.05268,0,0
4,run3_initcall.txt,gpiolib_debugfs_init,0.052705,0,0
4,run3_initcall.txt,stmpe_gpio_init,0.052803,0,0
4,run3_initcall.txt,pwm_init,0.052834,0,0
4,run3_initcall.txt,leds_init,0.052868,0,0
4,run3_initcall.txt,pci_slot_init,0.052891,0,0
4,run3_initcall.txt,fbmem_init,0.052949,0,0
4,run3_initcall.txt,bcm2835_dma_init,0.053687,0,0
4,run3_initcall.txt,regulator_fixed_voltage_init,0.053766,0,0
4,run3_initcall.txt,gpio_regulator_init,0.053823,0,0
4,run3_initcall.txt,init_sysrq_sysctl,0.053848,0,0
4,run3_initcall.txt,misc_init,0.053878,0,0
4,run3_initcall.txt,iommu_subsys_init,0.05391,0,0
4,run3_initcall.txt,register_cpu_capacity_sysctl,0.054487,0,0
4,run3_initcall.txt,dma_buf_init,0.054607,0,0
4,run3_initcall.txt,dma_heap_init,0.054645,0,0
4,run3_initcall.txt,init_scsi,0.054754,0,0
4,run3_initcall.txt,mdio_bus_init,0.054787,0,0
4,run3_initcall.txt,phy_init,0.054836,0,0
4,run3_initcall.txt,usb_common_init,0.054859,0,0
4,run3_initcall.txt,usb_init,0.054975,0,0
4,run3_initcall.txt,usb_phy_generic_init,0.055159,0,0
4,run3_initcall.txt,usb_udc_init,0.055193,0,0
4,run3_initcall.txt,usb_roles_init,0.055212,0,0
4,run3_initcall.txt,input_init,0.055241,0,0
4,run3_initcall.txt,rtc_init,0.055261,0,0
4,run3_initcall.txt,rc_core_init,0.055289,0,0
4,run3_initcall.txt,pps_init,0.055327,0,0
4,run3_initcall.txt,ptp_init,0.055353,0,0
4,run3_initcall.txt,power_supply_class_init,0.055385,0,0
4,run3_initcall.txt,hwmon_init,0.055407,0,0
4,run3_initcall.txt,mmc_init,0.055449,0,0
4,run3_initcall.txt,dmi_init,0.055468,0,0
4,run3_initcall.txt,efisubsys_init,0.055488,0,0
4,run3_initcall.txt,arm_pmu_hp_init,0.055508,0,0
4,run3_initcall.txt,ras_init,0.05553,0,0
4,run3_initcall.txt,nvmem_init,0.055571,0,0
4,run3_initcall.txt,init_soundcore,0.055594,0,0
4,run3_initcall.txt,proto_init,0.055614,0,0
4,run3_initcall.txt,net_dev_init,0.05584,0,0
4,run3_initcall.txt,neigh_init,0.055862,0,0
4,run3_initcall.txt,fib_notifier_init,0.055879,0,0
4,run3_initcall.txt,netdev_genl_init,0.05592,0,0
4,run3_initcall.txt,page_pool_user_init,0.055938,0,0
4,run3_initcall.txt,fib_rules_init,0.055956,0,0
4,run3_initcall.txt,init_cgroup_netprio,0.055973,0,0
4,run3_initcall.txt,bpf_lwt_init,0.055991,0,0
4,run3_initcall.txt,pktsched_init,0.056012,0,0
4,run3_initcall.txt,tc_filter_init,0.056045,0,0
4,run3_initcall.txt,tc_action_init,0.056063,0,0
4,run3_initcall.txt,ethnl_init,0.056136,0,0
4,run3_initcall.txt,nexthop_init,0.056159,0,0
4,run3_initcall.txt,devlink_init,0.056245,0,4000
4,run3_initcall.txt,wireless_nlevent_init,0.056266,0,0
4,run3_initcall.txt,vsprintf_init_hashval,0.056286,0,0
4,run3_initcall.txt,init_32bit_el0_mask,0.056304,0,0
4,run3_initcall.txt,vga_arb_device_init,0.056429,0,0
4,run3_initcall.txt,watchdog_init,0.056549,0,0
4,run3_initcall.txt,create_debug_debugfs_entry,0.056661,0,0
4,run3_initcall.txt,iomem_init_inode,0.056706,0,0
4,run3_initcall.txt,clocksource_done_booting,0.056755,0,13
4,run3_initcall.txt,tracer_init_tracefs,0.056785,0,9
4,run3_initcall.txt,init_trace_printk_function_export,0.056862,0,57
4,run3_initcall.txt,init_graph_tracefs,0.056886,0,2
4,run3_initcall.txt,bpf_event_init,0.056905,0,1
4,run3_initcall.txt,init_kprobe_trace,0.442725,0,385798
4,run3_initcall.txt,init_dynamic_event,0.442816,0,10
4,run3_initcall.txt,bpf_init,0.442856,0,15
4,run3_initcall.txt,secretmem_init,0.442941,0,51
4,run3_initcall.txt,init_fs_stat_sysctls,0.442973,0,12
4,run3_initcall.txt,init_fs_exec_sysctls,0.442994,0,1
4,run3_initcall.txt,init_pipe_fs,0.443026,0,13
4,run3_initcall.txt,init_fs_namei_sysctls,0.443057,0,11
4,run3_initcall.txt,init_fs_dcache_sysctls,0.443084,0,7
4,run3_initcall.txt,init_fs_namespace_sysctls,0.443104,0,1
4,run3_initcall.txt,cgroup_writeback_init,0.443135,0,11
4,run3_initcall.txt,inotify_user_setup,0.443171,0,13
4,run3_initcall.txt,eventpoll_init,0.44321,0,20
4,run3_initcall.txt,anon_inode_init,0.443251,0,19
4,run3_initcall.txt,proc_locks_init,0.443275,0,5
4,run3_initcall.txt,backing_aio_init,0.443292,0,2
4,run3_initcall.txt,init_fs_coredump_sysctls,0.443315,0,7
4,run3_initcall.txt,init_vm_drop_caches_sysctls,0.443333,0,3
4,run3_initcall.txt,iomap_dio_init,0.443373,0,24
4,run3_initcall.txt,iomap_ioend_init,0.443413,0,24
4,run3_initcall.txt,dquot_init,0.443607,0,178
4,run3_initcall.txt,proc_cmdline_init,0.443632,0,2
4,run3_initcall.txt,proc_consoles_init,0.443647,0,1
4,run3_initcall.txt,proc_cpuinfo_init,0.443663,0,1
4,run3_initcall.txt,proc_devices_init,0.443678,0,0
4,run3_initcall.txt,proc_interrupts_init,0.443695,0,1
4,run3_initcall.txt,proc_loadavg_init,0.443711,0,0
4,run3_initcall.txt,proc_meminfo_init,0.44373,0,4
4,run3_initcall.txt,proc_stat_init,0.443746,0,1
4,run3_initcall.txt,proc_uptime_init,0.443762,0,1
4,run3_initcall.txt,proc_version_init,0.443777,0,1
4,run3_initcall.txt,proc_softirqs_init,0.443792,0,0
4,run3_initcall.txt,proc_kmsg_init,0.443807,0,1
4,run3_initcall.txt,proc_page_init,0.443824,0,2
4,run3_initcall.txt,init_ramfs_fs,0.443842,0,2
4,run3_initcall.txt,aa_create_aafs,0.443859,0,0
4,run3_initcall.txt,chr_dev_init,0.44704,0,3161
4,run3_initcall.txt,hwrng_modinit,0.447123,0,45
4,run3_initcall.txt,firmware_class_init,0.447144,0,1
4,run3_initcall.txt,sysctl_core_init,0.447193,0,29
4,run3_initcall.txt,eth_offload_init,0.447211,0,1
4,run3_initcall.txt,ipv4_offload_init,0.447236,0,1
4,run3_initcall.txt,inet_init,0.4512,0,3947
4,run3_initcall.txt,af_unix_init,0.451258,0,21
4,run3_initcall.txt,ipv6_offload_init,0.45128,0,2
4,run3_initcall.txt,init_sunrpc,0.451654,0,355
4,run3_initcall.txt,vlan_offload_init,0.451674,0,0
4,run3_initcall.txt,pci_apply_final_quirks,0.451705,0,12
4,run3_initcall.txt,populate_rootfs,0.45173,0,6
4,run3_initcall.txt,register_arm64_panic_block,0.451846,0,1
4,run3_initcall.txt,cpuinfo_regs_init,0.451953,0,88
4,run3_initcall.txt,aarch32_el0_sysfs_init,0.451974,0,0
4,run3_initcall.txt,kvm_arm_init,0.455415,0,3422
4,run3_initcall.txt,proc_execdomains_init,0.45546,0,4
4,run3_initcall.txt,register_warn_debugfs,0.455481,0,4
4,run3_initcall.txt,cpuhp_sysfs_init,0.455529,0,31
4,run3_initcall.txt,ioresources_init,0.455549,0,3
4,run3_initcall.txt,psi_proc_init,0.455567,0,0
4,run3_initcall.txt,irq_gc_init_ops,0.455585,0,0
4,run3_initcall.txt,irq_debugfs_init,0.455683,0,79
4,run3_initcall.txt,proc_modules_init,0.455704,0,2
4,run3_initcall.txt,timer_sysctl_init,0.455729,0,10
4,run3_initcall.txt,timekeeping_init_ops,0.455744,0,0
4,run3_initcall.txt,init_clocksource_sysfs,0.455821,0,61
4,run3_initcall.txt,init_timer_list_procfs,0.455839,0,1
4,run3_initcall.txt,alarmtimer_init,0.45591,0,55
4,run3_initcall.txt,clockevents_init_sysfs,0.456042,0,115
4,run3_initcall.txt,sched_clock_syscore_init,0.456059,0,0
4,run3_initcall.txt,kallsyms_init,0.456077,0,2
4,run3_initcall.txt,pid_namespaces_init,0.456116,0,22
4,run3_initcall.txt,audit_watch_init,0.456133,0,0
4,run3_initcall.txt,audit_fsnotify_init,0.456149,0,0
4,run3_initcall.txt,audit_tree_init,0.45617,0,4
4,run3_initcall.txt,seccomp_sysctl_init,0.45619,0,3
4,run3_initcall.txt,utsname_sysctl_init,0.456212,0,6
4,run3_initcall.txt,init_tracepoints,0.45623,0,1
4,run3_initcall.txt,init_lstats_procfs,0.456249,0,3
4,run3_initcall.txt,stack_trace_init,0.45628,0,12
4,run3_initcall.txt,init_blk_tracer,0.456312,0,14
4,run3_initcall.txt,perf_event_sysfs_init,0.456427,0,95
4,run3_initcall.txt,system_trusted_keyring_init,0.456463,0,15
4,run3_initcall.txt,kswapd_init,0.456664,0,181
4,run3_initcall.txt,extfrag_debug_init,0.456695,0,9
4,run3_initcall.txt,mm_compute_batch_init,0.456714,0,0
4,run3_initcall.txt,slab_proc_init,0.456732,0,2
4,run3_initcall.txt,workingset_init,0.456784,0,9
4,run3_initcall.txt,proc_vmalloc_init,0.456801,0,1
4,run3_initcall.txt,memblock_init_debugfs,0.456823,0,6
4,run3_initcall.txt,slab_debugfs_init,0.456846,0,5
4,run3_initcall.txt,procswaps_init,0.456865,0,2
4,run3_initcall.txt,zs_init,0.456881,0,0
4,run3_initcall.txt,fcntl_init,0.456902,0,2
4,run3_initcall.txt,proc_filesystems_init,0.456921,0,1
4,run3_initcall.txt,start_dirtytime_writeback,0.456946,0,5
4,run3_initcall.txt,dio_init,0.456968,0,2
4,run3_initcall.txt,dnotify_init,0.457001,0,14
4,run3_initcall.txt,fanotify_user_setup,0.457033,0,12
4,run3_initcall.txt,aio_setup,0.457093,0,40
4,run3_initcall.txt,mbcache_init,0.457117,0,5
4,run3_initcall.txt,init_grace,0.457134,0,2
4,run3_initcall.txt,init_devpts_fs,0.457155,0,7
4,run3_initcall.txt,ext4_init_fs,0.45725,0,79
4,run3_initcall.txt,journal_init,0.457283,0,16
4,run3_initcall.txt,init_fat_fs,0.457303,0,5
4,run3_initcall.txt,init_vfat_fs,0.457319,0,0
4,run3_initcall.txt,init_msdos_fs,0.457334,0,0
4,run3_initcall.txt,init_nfs_fs,0.457496,0,147
4,run3_initcall.txt,init_nfs_v2,0.457515,0,0
4,run3_initcall.txt,init_nfs_v3,0.45753,0,0
4,run3_initcall.txt,init_nfs_v4,0.45758,0,34
4,run3_initcall.txt,nfs4filelayout_init,0.457603,0,6
4,run3_initcall.txt,nfs4flexfilelayout_init,0.457626,0,7
4,run3_initcall.txt,init_nlm,0.45767,0,28
4,run3_initcall.txt,init_nls_cp437,0.457687,0,0
4,run3_initcall.txt,init_nls_ascii,0.457703,0,0
4,run3_initcall.txt,init_autofs_fs,0.457813,0,95
4,run3_initcall.txt,init_f2fs_fs,0.457961,0,129
4,run3_initcall.txt,ipc_init,0.457993,0,13
4,run3_initcall.txt,ipc_sysctl_init,0.458028,0,18
4,run3_initcall.txt,init_mqueue_fs,0.458082,0,37
4,run3_initcall.txt,key_proc_init,0.458103,0,3
4,run3_initcall.txt,bpf_crypto_skcipher_init,0.458122,0,0
4,run3_initcall.txt,dh_init,0.458144,0,2
4,run3_initcall.txt,rsa_init,0.458161,0,1
4,run3_initcall.txt,cryptomgr_init,0.458178,0,0
4,run3_initcall.txt,hmac_module_init,0.458196,0,0
4,run3_initcall.txt,crypto_sha256_mod_init,0.458217,0,3
4,run3_initcall.txt,crypto_ecb_module_init,0.458235,0,0
4,run3_initcall.txt,crypto_cbc_module_init,0.458252,0,0
4,run3_initcall.txt,crypto_cts_module_init,0.458269,0,0
4,run3_initcall.txt,xts_module_init,0.458288,0,0
4,run3_initcall.txt,des_generic_mod_init,0.458307,0,2
4,run3_initcall.txt,aes_init,0.458325,0,0
4,run3_initcall.txt,lzo_mod_init,0.458343,0,1
4,run3_initcall.txt,lzorle_mod_init,0.458362,0,1
4,run3_initcall.txt,asymmetric_key_init,0.458385,0,5
4,run3_initcall.txt,x509_key_init,0.458408,0,5
4,run3_initcall.txt,crypto_kdf108_init,0.458425,0,0
4,run3_initcall.txt,blkdev_init,0.458456,0,13
4,run3_initcall.txt,proc_genhd_init,0.458477,0,2
4,run3_initcall.txt,bsg_init,0.458511,0,16
4,run3_initcall.txt,throtl_init,0.458607,0,78
4,run3_initcall.txt,deadline_init,0.458634,0,6
4,run3_initcall.txt,kyber_init,0.458656,0,5
4,run3_initcall.txt,bfq_init,0.458696,0,22
4,run3_initcall.txt,io_uring_init,0.458735,0,19
4,run3_initcall.txt,btree_module_init,0.458758,0,2
4,run3_initcall.txt,percpu_counter_startup,0.458817,0,40
4,run3_initcall.txt,audit_classes_init,0.458841,0,3
4,run3_initcall.txt,gicv5_iwb_platform_driver_init,0.458945,0,84
4,run3_initcall.txt,mip_msi_driver_init,0.459002,0,35
4,run3_initcall.txt,bcm7038_l1_driver_init,0.459056,0,34
4,run3_initcall.txt,bcm7120_l2_driver_init,0.459116,0,39
4,run3_initcall.txt,brcmstb_l2_driver_init,0.459406,0,268
4,run3_initcall.txt,simple_pm_bus_driver_init,0.460081,0,653
4,run3_initcall.txt,phy_core_init,0.46012,0,16
4,run3_initcall.txt,brcm_usb_driver_init,0.46021,0,70
4,run3_initcall.txt,rp1_pinctrl_driver_init,0.460265,0,34
4,run3_initcall.txt,bcm2835_pinctrl_driver_init,0.461142,0,856
4,run3_initcall.txt,bcm2712_pinctrl_driver_init,0.461234,0,58
4,run3_initcall.txt,brcmvirt_gpio_driver_init,0.461293,0,37
4,run3_initcall.txt,brcmstb_gpio_driver_init,0.46135,0,36
4,run3_initcall.txt,rpi_exp_gpio_driver_init,0.461782,0,411
4,run3_initcall.txt,brcmstb_pwm_driver_init,0.461842,0,38
4,run3_initcall.txt,rp1_pwm_driver_init,0.461893,0,35
4,run3_initcall.txt,gpio_led_driver_init,0.463657,0,1748
4,run3_initcall.txt,led_pwm_driver_init,0.463719,0,44
4,run3_initcall.txt,timer_led_trigger_init,0.463736,0,1
4,run3_initcall.txt,oneshot_led_trigger_init,0.463751,0,0
4,run3_initcall.txt,heartbeat_trig_init,0.463771,0,2
4,run3_initcall.txt,bl_led_trigger_init,0.463786,0,0
4,run3_initcall.txt,ledtrig_cpu_init,0.463856,0,55
4,run3_initcall.txt,defon_led_trigger_init,0.463904,0,32
4,run3_initcall.txt,input_trig_init,0.463922,0,1
4,run3_initcall.txt,ledtrig_panic_init,0.463938,0,1
4,run3_initcall.txt,actpwr_trig_init,0.464104,0,151
4,run3_initcall.txt,pcie_portdrv_init,0.46418,0,58
4,run3_initcall.txt,pci_proc_init,0.464206,0,8
4,run3_initcall.txt,brcm_pcie_driver_init,0.577672,0,113450
4,run3_initcall.txt,bcm2708_fb_init,0.577758,0,63
4,run3_initcall.txt,simplefb_driver_init,0.584719,0,6944
4,run3_initcall.txt,of_fixed_factor_clk_driver_init,0.58482,0,40
4,run3_initcall.txt,of_fixed_clk_driver_init,0.584909,0,38
4,run3_initcall.txt,gpio_clk_driver_init,0.585002,0,44
4,run3_initcall.txt,gated_fixed_clk_driver_init,0.585085,0,35
4,run3_initcall.txt,rp1_clk_driver_init,0.585169,0,35
4,run3_initcall.txt,rp1_sdio_clk_driver_init,0.585253,0,36
4,run3_initcall.txt,clk_dvp_driver_init,0.585448,0,146
4,run3_initcall.txt,bcm2835_aux_clk_driver_init,0.585565,0,65
4,run3_initcall.txt,raspberrypi_clk_driver_init,0.60118,0,15563
4,run3_initcall.txt,dw_driver_init,0.601279,0,51
4,run3_initcall.txt,bcm2835_power_driver_init,0.601347,0,23
4,run3_initcall.txt,rpi_power_driver_init,0.61977,0,18375
4,run3_initcall.txt,brcmstb_reset_driver_init,0.621815,0,45
4,run3_initcall.txt,brcm_rescal_reset_driver_init,0.623826,0,38
4,run3_initcall.txt,rpi_reset_driver_init,0.626868,0,1076
4,run3_initcall.txt,reset_simple_driver_init,0.628958,0,90
4,run3_initcall.txt,n_null_init,0.630918,0,1
4,run3_initcall.txt,pty_init,0.632971,0,88
4,run3_initcall.txt,sysrq_init,0.63491,0,13
4,run3_initcall.txt,serial8250_init,0.636882,-19,0
4,run3_initcall.txt,bcm2835aux_serial_driver_init,0.638888,0,44
4,run3_initcall.txt,brcmuart_init,0.640898,0,57
4,run3_initcall.txt,exar_pci_driver_init,0.642897,0,26
4,run3_initcall.txt,of_platform_serial_driver_init,0.644982,0,103
4,run3_initcall.txt,serial_pci_driver_init,0.646969,0,32
4,run3_initcall.txt,pericom8250_pci_driver_init,0.648944,0,23
4,run3_initcall.txt,init_kgdboc,0.651916,0,1035
4,run3_initcall.txt,random_sysctls_init,0.653882,0,13
4,run3_initcall.txt,ttyprintk_init,0.655891,0,59
4,run3_initcall.txt,bcm2835_rng_driver_init,0.657921,0,65
4,run3_initcall.txt,bcm74110_rng_driver_init,0.659964,0,39
4,run3_initcall.txt,iproc_rng200_driver_init,0.664296,0,2285
4,run3_initcall.txt,smccc_trng_driver_init,0.66646,0,30
4,run3_initcall.txt,vc_mem_init,0.669823,0,1234
4,run3_initcall.txt,vcio_driver_init,0.673522,0,1450
4,run3_initcall.txt,bcm2712_iommu_driver_init,0.675883,0,46
4,run3_initcall.txt,bcm2712_iommu_cache_driver_init,0.678294,0,40
4,run3_initcall.txt,topology_sysfs_init,0.680779,0,74
4,run3_initcall.txt,cacheinfo_sysfs_init,0.683467,0,254
4,run3_initcall.txt,devcoredump_init,0.685889,0,9
4,run3_initcall.txt,brd_init,0.693395,0,5086
4,run3_initcall.txt,loop_init,0.699649,0,3836
4,run3_initcall.txt,bcm2835_pm_driver_init,0.703353,0,1330
4,run3_initcall.txt,stmpe_i2c_driver_init,0.705769,0,16
4,run3_initcall.txt,stmpe_spi_driver_init,0.708179,0,13
4,run3_initcall.txt,rp1_driver_init,0.710602,0,26
4,run3_initcall.txt,system_heap_create,0.713093,0,91
4,run3_initcall.txt,add_default_cma_heap,0.715606,0,102
4,run3_initcall.txt,udmabuf_dev_init,0.718037,0,45
4,run3_initcall.txt,iscsi_transport_init,0.721863,0,1435
4,run3_initcall.txt,init_sd,0.724293,0,24
4,run3_initcall.txt,nvme_core_init,0.726981,0,264
4,run3_initcall.txt,nvme_init,0.729439,0,29
4,run3_initcall.txt,blackhole_netdev_init,0.731873,0,18
4,run3_initcall.txt,netkit_init,0.734277,0,3
4,run3_initcall.txt,phylink_init,0.736631,0,0
4,run3_initcall.txt,phy_module_init,0.739207,0,177
4,run3_initcall.txt,phy_module_init,0.741765,0,179
4,run3_initcall.txt,fixed_mdio_bus_init,0.744321,0,159
4,run3_initcall.txt,phy_module_init,0.746898,0,172
4,run3_initcall.txt,phy_module_init,0.749308,0,22
4,run3_initcall.txt,phy_module_init,0.751691,0,62
4,run3_initcall.txt,unimac_mdio_driver_init,0.754169,0,125
4,run3_initcall.txt,macb_driver_init,0.756641,0,123
4,run3_initcall.txt,bcmgenet_driver_init,0.957867,0,198879
4,run3_initcall.txt,bcmasp_driver_init,0.96031,0,81
4,run3_initcall.txt,lan78xx_driver_init,0.96389,0,1214
4,run3_initcall.txt,smsc95xx_driver_init,0.967507,0,1210
4,run3_initcall.txt,usbnet_init,0.969871,0,0
4,run3_initcall.txt,xhci_hcd_init,0.972267,0,13
4,run3_initcall.txt,xhci_pci_init,1.099103,0,124456
4,run3_initcall.txt,xhci_plat_init,1.101481,0,120
4,run3_initcall.txt,dwc_otg_driver_init,1.10832,0,4564
4,run3_initcall.txt,dwc_common_port_init_module,1.111876,0,1235
4,run3_initcall.txt,dwc3_driver_init,1.114188,0,55
4,run3_initcall.txt,dwc3_haps_driver_init,1.116458,0,24
4,run3_initcall.txt,dwc3_of_simple_driver_init,1.118756,0,67
4,run3_initcall.txt,dwc3_generic_driver_init,1.121043,0,40
4,run3_initcall.txt,dwc2_platform_driver_init,1.123438,0,156
4,run3_initcall.txt,uas_init,1.126893,0,1213
4,run3_initcall.txt,usb_storage_driver_init,1.13026,0,1137
4,run3_initcall.txt,brcmstb_usb_pinmap_init,1.13254,-19,69
4,run3_initcall.txt,bdc_driver_init,1.134789,0,47
4,run3_initcall.txt,input_leds_init,1.137013,0,2
4,run3_initcall.txt,mousedev_init,1.140459,0,1225
4,run3_initcall.txt,evdev_init,1.142734,0,0
4,run3_initcall.txt,brcmstb_waketmr_driver_init,1.145076,0,51
4,run3_initcall.txt,rpi_rtc_driver_init,1.147374,0,40
4,run3_initcall.txt,init_rc_map_adstech_dvb_t_pci,1.149631,0,0
4,run3_initcall.txt,init_rc_map_alink_dtu_m,1.151838,0,0
4,run3_initcall.txt,init_rc_map_anysee,1.154083,0,0
4,run3_initcall.txt,init_rc_map_apac_viewcomp,1.156353,0,0
4,run3_initcall.txt,init_rc_map_t2hybrid,1.158637,0,0
4,run3_initcall.txt,init_rc_map_asus_pc39,1.16091,0,0
4,run3_initcall.txt,init_rc_map_asus_ps3_100,1.163165,0,0
4,run3_initcall.txt,init_rc_map_ati_tv_wonder_hd_600,1.165439,0,0
4,run3_initcall.txt,init_rc_map_ati_x10,1.167712,0,0
4,run3_initcall.txt,init_rc_map_avermedia_a16d,1.169983,0,0
4,run3_initcall.txt,init_rc_map_avermedia_cardbus,1.172274,0,0
4,run3_initcall.txt,init_rc_map_avermedia_dvbt,1.174571,0,0
4,run3_initcall.txt,init_rc_map_avermedia_m135a,1.176876,0,0
4,run3_initcall.txt,init_rc_map_avermedia_m733a_rm_k6,1.179194,0,0
4,run3_initcall.txt,init_rc_map_avermedia,1.18152,0,0
4,run3_initcall.txt,init_rc_map_avermedia_rm_ks,1.18383,0,0
4,run3_initcall.txt,init_rc_map_avertv_303,1.186106,0,0
4,run3_initcall.txt,init_rc_map_azurewave_ad_tu700,1.188409,0,0
4,run3_initcall.txt,init_rc_map_beelink_gs1,1.190731,0,0
4,run3_initcall.txt,init_rc_map_beelink_mxiii,1.193043,0,0
4,run3_initcall.txt,init_rc_map_behold_columbus,1.195339,0,0
4,run3_initcall.txt,init_rc_map_behold,1.197865,0,229
4,run3_initcall.txt,init_rc_map_budget_ci_old,1.200147,0,0
4,run3_initcall.txt,init_rc_map_cinergy_1400,1.202388,0,0
4,run3_initcall.txt,init_rc_map_cinergy,1.204641,0,0
4,run3_initcall.txt,init_rc_map_ct_90405,1.20689,0,0
4,run3_initcall.txt,init_rc_map_d680_dmb,1.209174,0,38
4,run3_initcall.txt,init_rc_map_delock_61959,1.211388,0,0
4,run3_initcall.txt,init_rc_map,1.213604,0,0
4,run3_initcall.txt,init_rc_map,1.215821,0,0
4,run3_initcall.txt,init_rc_map_digitalnow_tinytwin,1.218123,0,94
4,run3_initcall.txt,init_rc_map_digittrade,1.220426,0,3
4,run3_initcall.txt,init_rc_map_dm1105_nec,1.222706,0,2
4,run3_initcall.txt,init_rc_map_dntv_live_dvb_t,1.225032,0,9
4,run3_initcall.txt,init_rc_map_dntv_live_dvbt_pro,1.227229,0,0
4,run3_initcall.txt,init_rc_map_dreambox,1.229424,0,0
4,run3_initcall.txt,init_rc_map_dtt200u,1.231609,0,0
4,run3_initcall.txt,init_rc_map_rc5_dvbsky,1.233801,0,0
4,run3_initcall.txt,init_rc_map_dvico_mce,1.235942,0,0
4,run3_initcall.txt,init_rc_map_dvico_portable,1.238122,0,0
4,run3_initcall.txt,init_rc_map_em_terratec,1.240285,0,0
4,run3_initcall.txt,init_rc_map_encore_enltv2,1.242462,0,0
4,run3_initcall.txt,init_rc_map_encore_enltv_fm53,1.244638,0,0
4,run3_initcall.txt,init_rc_map_encore_enltv,1.246827,0,0
4,run3_initcall.txt,init_rc_map_evga_indtube,1.248998,0,0
4,run3_initcall.txt,init_rc_map_eztv,1.251145,0,0
4,run3_initcall.txt,init_rc_map_flydvb,1.253265,0,0
4,run3_initcall.txt,init_rc_map_flyvideo,1.2554,0,0
4,run3_initcall.txt,init_rc_map_fusionhdtv_mce,1.257538,0,0
4,run3_initcall.txt,init_rc_map_gadmei_rm008z,1.259664,0,0
4,run3_initcall.txt,init_rc_map_geekbox,1.261783,0,0
4,run3_initcall.txt,init_rc_map_genius_tvgo_a11mce,1.263892,0,0
4,run3_initcall.txt,init_rc_map_gotview7135,1.266002,0,0
4,run3_initcall.txt,init_rc_map_rc5_hauppauge_new,1.268086,0,0
4,run3_initcall.txt,init_rc_map_hisi_poplar,1.270204,0,0
4,run3_initcall.txt,init_rc_map_hisi_tv_demo,1.272329,0,0
4,run3_initcall.txt,init_rc_map_imon_mce,1.274442,0,0
4,run3_initcall.txt,init_rc_map_imon_pad,1.276559,0,0
4,run3_initcall.txt,init_rc_map_imon_rsc,1.278677,0,0
4,run3_initcall.txt,init_rc_map_iodata_bctv7e,1.280762,0,0
4,run3_initcall.txt,init_rc_it913x_v1_map,1.282852,0,0
4,run3_initcall.txt,init_rc_it913x_v2_map,1.284922,0,0
4,run3_initcall.txt,init_rc_map_kaiomy,1.287008,0,0
4,run3_initcall.txt,init_rc_map_khadas,1.289108,0,0
4,run3_initcall.txt,init_rc_map_khamsin,1.291196,0,0
4,run3_initcall.txt,init_rc_map_kworld_315u,1.29328,0,0
4,run3_initcall.txt,init_rc_map_kworld_pc150u,1.295354,0,0
4,run3_initcall.txt,init_rc_map_kworld_plus_tv_analog,1.297444,0,0
4,run3_initcall.txt,init_rc_map_leadtek_y04g0051,1.299543,0,0
4,run3_initcall.txt,init_rc_lme2510_map,1.301604,0,0
4,run3_initcall.txt,init_rc_map_manli,1.303719,0,0
4,run3_initcall.txt,init_rc_map_mecool_kiii_pro,1.305852,0,0
4,run3_initcall.txt,init_rc_map_mecool_kii_pro,1.307973,0,0
4,run3_initcall.txt,init_rc_map_medion_x10_digitainer,1.310096,0,0
4,run3_initcall.txt,init_rc_map_medion_x10,1.312216,0,0
4,run3_initcall.txt,init_rc_map_medion_x10_or2x,1.314348,0,0
4,run3_initcall.txt,init_rc_map_minix_neo,1.316459,0,0
4,run3_initcall.txt,init_rc_map_msi_digivox_iii,1.318557,0,0
4,run3_initcall.txt,init_rc_map_msi_digivox_ii,1.320689,0,0
4,run3_initcall.txt,init_rc_map_msi_tvanywhere,1.32283,0,0
4,run3_initcall.txt,init_rc_map_msi_tvanywhere_plus,1.324965,0,0
4,run3_initcall.txt,init_rc_map_mygica_utv3,1.327093,0,0
4,run3_initcall.txt,init_rc_map_nebula,1.329243,0,0
4,run3_initcall.txt,init_rc_map_nec_terratec_cinergy_xs,1.33137,0,0
4,run3_initcall.txt,init_rc_map_norwood,1.333509,0,0
4,run3_initcall.txt,init_rc_map_npgtech,1.335605,0,0
4,run3_initcall.txt,init_rc_map_odroid,1.337727,0,0
4,run3_initcall.txt,init_rc_map_pctv_sedna,1.339846,0,0
4,run3_initcall.txt,init_rc_map_pine64,1.341982,0,0
4,run3_initcall.txt,init_rc_map_pinnacle_color,1.345217,0,0
4,run3_initcall.txt,init_rc_map_pinnacle_grey,1.347363,0,0
4,run3_initcall.txt,init_rc_map_pinnacle_pctv_hd,1.34951,0,0
4,run3_initcall.txt,init_rc_map_pixelview,1.351622,0,0
4,run3_initcall.txt,init_rc_map_pixelview,1.35378,0,0
4,run3_initcall.txt,init_rc_map_pixelview_new,1.355943,0,0
4,run3_initcall.txt,init_rc_map_pixelview,1.358113,0,0
4,run3_initcall.txt,init_rc_map_powercolor_real_angel,1.360285,0,0
4,run3_initcall.txt,init_rc_map_proteus_2309,1.362464,0,0
4,run3_initcall.txt,init_rc_map_purpletv,1.364637,0,0
4,run3_initcall.txt,init_rc_map_pv951,1.36681,0,0
4,run3_initcall.txt,init_rc_map_rc6_mce,1.368931,0,0
4,run3_initcall.txt,init_rc_map_real_audio_220_32_keys,1.371093,0,0
4,run3_initcall.txt,init_rc_map_reddo,1.37325,0,0
4,run3_initcall.txt,init_rc_map_siemens_gigaset_rc20,1.375416,0,0
4,run3_initcall.txt,init_rc_map_snapstream_firefly,1.377593,0,0
4,run3_initcall.txt,init_rc_map_streamzap,1.379763,0,0
4,run3_initcall.txt,init_rc_map_su3000,1.381944,0,0
4,run3_initcall.txt,init_rc_map_tanix_tx3mini,1.384114,0,0
4,run3_initcall.txt,init_rc_map_tanix_tx5max,1.386247,0,0
4,run3_initcall.txt,init_rc_map_tbs_nec,1.388423,0,0
4,run3_initcall.txt,init_rc_map,1.390616,0,0
4,run3_initcall.txt,init_rc_map,1.392848,0,7
4,run3_initcall.txt,init_rc_map_terratec_cinergy_c_pci,1.39504,0,0
4,run3_initcall.txt,init_rc_map_terratec_cinergy_s2_hd,1.397238,0,2
4,run3_initcall.txt,init_rc_map_terratec_cinergy_xs,1.399411,0,0
4,run3_initcall.txt,init_rc_map_terratec_slim_2,1.401548,0,0
4,run3_initcall.txt,init_rc_map_terratec_slim,1.403721,0,0
4,run3_initcall.txt,init_rc_map_tevii_nec,1.40592,0,0
4,run3_initcall.txt,init_rc_map_tivo,1.408117,0,0
4,run3_initcall.txt,init_rc_map_total_media_in_hand_02,1.41032,0,0
4,run3_initcall.txt,init_rc_map_total_media_in_hand,1.412503,0,0
4,run3_initcall.txt,init_rc_map_trekstor,1.414706,0,0
4,run3_initcall.txt,init_rc_map_tt_1500,1.416898,0,0
4,run3_initcall.txt,init_rc_map_twinhan_vp1027,1.419054,0,0
4,run3_initcall.txt,init_rc_map_twinhan_dtv_cab_ci,1.421249,0,0
4,run3_initcall.txt,init_rc_map_vega_s9x,1.423439,0,0
4,run3_initcall.txt,init_rc_map_videomate_k100,1.425622,0,0
4,run3_initcall.txt,init_rc_map_videomate_s350,1.427792,0,0
4,run3_initcall.txt,init_rc_map_videomate_tv_pvr,1.429937,0,0
4,run3_initcall.txt,init_rc_map_kii_pro,1.432071,0,0
4,run3_initcall.txt,init_rc_map_wetek_hub,1.434209,0,0
4,run3_initcall.txt,init_rc_map_wetek_play2,1.436313,0,0
4,run3_initcall.txt,init_rc_map_winfast,1.438466,0,0
4,run3_initcall.txt,init_rc_map_winfast_usbii_deluxe,1.440608,0,0
4,run3_initcall.txt,init_rc_map_x96max,1.44277,0,0
4,run3_initcall.txt,init_rc_map,1.444924,0,0
4,run3_initcall.txt,init_rc_map,1.447061,0,0
4,run3_initcall.txt,init_rc_map_zx_irdec,1.449193,0,0
4,run3_initcall.txt,ptp_kvm_init,1.451294,-95,0
4,run3_initcall.txt,gpio_poweroff_driver_init,1.453501,0,85
4,run3_initcall.txt,bcm2711_thermal_driver_init,1.457034,0,1394
4,run3_initcall.txt,bcm2835_thermal_driver_init,1.45925,0,59
4,run3_initcall.txt,bcm2835_wdt_driver_init,1.461446,0,27
4,run3_initcall.txt,dt_cpufreq_platdrv_init,1.463657,0,26
4,run3_initcall.txt,brcm_avs_cpufreq_platdrv_init,1.465919,0,43
4,run3_initcall.txt,raspberrypi_cpufreq_driver_init,1.471079,0,2981
4,run3_initcall.txt,mmc_pwrseq_simple_driver_init,1.473401,0,63
4,run3_initcall.txt,mmc_pwrseq_emmc_driver_init,1.475701,0,39
4,run3_initcall.txt,mmc_blk_init,1.478003,0,31
4,run3_initcall.txt,sdhci_drv_init,1.48255,0,2274
4,run3_initcall.txt,bcm2835_mmc_driver_init,1.486023,0,1212
4,run3_initcall.txt,bcm2835_driver_init,1.488388,0,44
4,run3_initcall.txt,sdhci_pltfm_drv_init,1.495532,0,2452
4,run3_initcall.txt,sdhci_iproc_driver_init,1.498169,0,143
4,run3_initcall.txt,sdhci_brcmstb_driver_init,1.49825,0,63
4,run3_initcall.txt,esrt_sysfs_init,1.498267,-38,1
4,run3_initcall.txt,smccc_devices_init,1.498277,0,0
4,run3_initcall.txt,smccc_soc_init,1.498287,0,2
4,run3_initcall.txt,arch_timer_mmio_drv_init,1.498334,0,39
4,run3_initcall.txt,arch_timer_mmio_acpi_drv_init,1.498375,0,26
4,run3_initcall.txt,hid_init,1.498432,0,47
4,run3_initcall.txt,hid_generic_init,1.498482,0,39
4,run3_initcall.txt,hid_init,1.498524,0,33
4,run3_initcall.txt,vchiq_driver_init,1.51339,0,14854
4,run3_initcall.txt,bcm74110_mbox_driver_init,1.538779,0,93
4,run3_initcall.txt,extcon_class_init,1.541167,0,10
4,run3_initcall.txt,armv8_pmu_driver_init,1.546657,0,3133
4,run3_initcall.txt,binder_init,1.549138,0,82
4,run3_initcall.txt,rpi_otp_driver_init,1.555273,0,3816
4,run3_initcall.txt,sock_diag_init,1.557635,0,45
4,run3_initcall.txt,blackhole_init,1.559926,0,1
4,run3_initcall.txt,cls_bpf_init_mod,1.562197,0,0
4,run3_initcall.txt,gre_offload_init,1.564454,0,0
4,run3_initcall.txt,sysctl_ipv4_init,1.566756,0,77
4,run3_initcall.txt,cubictcp_register,1.568914,0,9
4,run3_initcall.txt,packet_init,1.572181,0,1095
4,run3_initcall.txt,init_rpcsec_gss,1.574403,0,16
4,run3_initcall.txt,init_kerberos_module,1.576615,0,5
4,run3_initcall.txt,dcbnl_init,1.578825,0,2
4,run3_initcall.txt,init_dns_resolver,1.5821,0,1099
4,run3_initcall.txt,handshake_init,1.58433,0,29
4,run3_initcall.txt,check_mmu_enabled_at_boot,1.586534,0,0
4,run3_initcall.txt,finalize_pkvm,1.588763,0,5
4,run3_initcall.txt,kernel_do_mounts_initrd_sysctls_init,1.592178,0,4
4,run3_initcall.txt,kernel_panic_sysctls_init,1.594423,0,12
4,run3_initcall.txt,kernel_panic_sysfs_init,1.596679,0,4
4,run3_initcall.txt,kernel_exit_sysctls_init,1.598974,0,2
4,run3_initcall.txt,kernel_exit_sysfs_init,1.601241,0,2
4,run3_initcall.txt,param_sysfs_builtin_init,1.613335,0,9811
4,run3_initcall.txt,reboot_ksysfs_init,1.61573,0,28
4,run3_initcall.txt,sched_core_sysctl_init,1.61827,0,45
4,run3_initcall.txt,sched_fair_sysctl_init,1.620655,0,40
4,run3_initcall.txt,sched_rt_sysctl_init,1.62308,0,44
4,run3_initcall.txt,sched_dl_sysctl_init,1.626133,0,721
4,run3_initcall.txt,sched_init_debug,1.628478,0,88
4,run3_initcall.txt,cpu_latency_qos_init,1.630856,0,141
4,run3_initcall.txt,printk_late_init,1.633186,0,36
4,run3_initcall.txt,init_srcu_module_notifier,1.635415,0,2
4,run3_initcall.txt,kernel_rcu_stall_sysfs_init,1.637699,0,4
4,run3_initcall.txt,swiotlb_create_default_debugfs,1.640004,0,10
4,run3_initcall.txt,tk_debug_sleep_time_init,1.642483,0,18
4,run3_initcall.txt,bpf_ksym_iter_register,1.644841,0,6
4,run3_initcall.txt,kernel_acct_sysctls_init,1.647208,0,5
4,run3_initcall.txt,bpf_rstat_kfunc_init,1.649574,0,1
4,run3_initcall.txt,debugfs_kprobe_init,1.651886,0,11
4,run3_initcall.txt,kernel_delayacct_sysctls_init,1.654264,0,8
4,run3_initcall.txt,taskstats_init,1.657836,0,1230
4,run3_initcall.txt,ftrace_sysctl_init,1.660176,0,3
4,run3_initcall.txt,bpf_kprobe_multi_kfuncs_init,1.662554,0,7
4,run3_initcall.txt,kdb_ftrace_register,1.664899,0,8
4,run3_initcall.txt,bpf_global_ma_init,1.667321,0,83
4,run3_initcall.txt,bpf_syscall_sysctl_init,1.669652,0,12
4,run3_initcall.txt,unbound_reg_init,1.671993,0,0
4,run3_initcall.txt,kfunc_init,1.674327,0,1
4,run3_initcall.txt,bpf_map_iter_init,1.67665,0,1
4,run3_initcall.txt,init_subsystem,1.678989,0,0
4,run3_initcall.txt,task_iter_init,1.681537,0,234
4,run3_initcall.txt,bpf_prog_iter_init,1.683841,0,0
4,run3_initcall.txt,bpf_link_iter_init,1.686105,0,0
4,run3_initcall.txt,init_trampolines,1.688388,0,2
4,run3_initcall.txt,rqspinlock_register_kfuncs,1.690665,0,0
4,run3_initcall.txt,kfunc_init,1.692932,0,0
4,run3_initcall.txt,bpf_cgroup_iter_init,1.695193,0,0
4,run3_initcall.txt,cpumask_kfunc_init,1.697473,0,8
4,run3_initcall.txt,crypto_kfunc_init,1.699748,0,0
4,run3_initcall.txt,bpf_kmem_cache_iter_init,1.701997,0,5
4,run3_initcall.txt,dmabuf_iter_init,1.704272,0,0
4,run3_initcall.txt,load_system_certificate_list,1.707667,0,1123
4,run3_initcall.txt,init_lru_gen,1.709985,0,35
4,run3_initcall.txt,vmstat_late_init,1.712255,0,2
4,run3_initcall.txt,fault_around_debugfs,1.714525,0,3
4,run3_initcall.txt,slab_sysfs_init,1.72086,0,4093
4,run3_initcall.txt,max_swapfiles_check,1.723136,0,0
4,run3_initcall.txt,zswap_init,1.72542,0,21
4,run3_initcall.txt,mempolicy_sysfs_init,1.727697,0,27
4,run3_initcall.txt,memory_tier_late_init,1.732269,0,2306
4,run3_initcall.txt,check_early_ioremap_leak,1.734511,0,0
4,run3_initcall.txt,mg_debugfs_init,1.736748,0,21
4,run3_initcall.txt,fscrypt_init,1.741282,0,2292
4,run3_initcall.txt,pstore_init,1.743487,0,11
4,run3_initcall.txt,init_root_keyring,1.745729,0,40
4,run3_initcall.txt,init_profile_hash,1.747928,0,0
4,run3_initcall.txt,integrity_fs_init,1.750182,0,24
4,run3_initcall.txt,crypto_algapi_init,1.752367,0,11
4,run3_initcall.txt,blk_timeout_init,1.754589,0,0
4,run3_initcall.txt,depot_debugfs_init,1.756835,0,13
4,run3_initcall.txt,pci_resource_alignment_sysfs_init,1.759074,0,5
4,run3_initcall.txt,pci_sysfs_init,1.76134,0,12
4,run3_initcall.txt,clk_debug_init,1.764018,0,440
4,run3_initcall.txt,genpd_debug_init,1.766669,0,365
4,run3_initcall.txt,sync_state_resume_initcall,1.768914,0,1
4,run3_initcall.txt,deferred_probe_initcall,1.839034,0,67825
4,run3_initcall.txt,efi_shutdown_init,1.84119,-19,0
4,run3_initcall.txt,efi_earlycon_unmap_fb,1.843467,0,2
4,run3_initcall.txt,psci_debugfs_init,1.845638,0,1
4,run3_initcall.txt,of_cfs_init,1.849909,0,2138
4,run3_initcall.txt,of_fdt_raw_init,1.851971,0,27
4,run3_initcall.txt,bpf_kfunc_init,1.854073,0,2
4,run3_initcall.txt,init_subsystem,1.856163,0,0
4,run3_initcall.txt,xdp_metadata_init,1.858248,0,0
4,run3_initcall.txt,bpf_sockmap_iter_init,1.860328,0,1
4,run3_initcall.txt,bpf_sk_storage_map_iter_init,1.86244,0,0
4,run3_initcall.txt,bpf_prog_test_run_init,1.864533,0,1
4,run3_initcall.txt,bpf_dummy_struct_ops_init,1.866622,0,0
4,run3_initcall.txt,tcp_congestion_default,1.868669,0,1
4,run3_initcall.txt,inet_blackhole_dev_init,1.870758,0,6
4,run3_initcall.txt,ip_auto_config,1.872845,0,8
4,run3_initcall.txt,tcp_bpf_v4_build_proto,1.87491,0,1
4,run3_initcall.txt,udp_bpf_v4_build_proto,1.876941,0,0
4,run3_initcall.txt,bpf_tcp_ca_kfunc_init,1.878978,0,0
4,run3_initcall.txt,bpf_mptcp_kfunc_init,1.881021,0,0
4,run3_initcall.txt,latency_fsnotify_init,1.884092,0,23
4,run3_initcall.txt,trace_eval_sync,1.887161,0,11
4,run3_initcall.txt,late_trace_init,1.889265,0,1
4,run3_initcall.txt,fb_logo_late_init,1.891407,0,0
4,run3_initcall.txt,amba_stub_drv_init,1.893618,0,24
4,run3_initcall.txt,clk_disable_unused,1.9007,0,4854
4,run3_initcall.txt,genpd_power_off_unused,1.904071,0,1148
4,run3_initcall.txt,regulator_init_complete,1.906381,0,1
4,run3_initcall.txt,of_platform_sync_state_init,1.908682,0,16
5,run4_initcall.txt,percpu_enable_async,0.05181,0,0
5,run4_initcall.txt,kcompactd_init,0.051923,0,0
5,run4_initcall.txt,init_mm_sysctl,0.051941,0,0
5,run4_initcall.txt,init_user_reserve,0.05196,0,0
5,run4_initcall.txt,init_admin_reserve,0.051975,0,0
5,run4_initcall.txt,init_reserve_notifier,0.05199,0,0
5,run4_initcall.txt,swap_init,0.052012,0,0
5,run4_initcall.txt,swapfile_init,0.052034,0,0
5,run4_initcall.txt,memory_tier_init,0.052082,0,0
5,run4_initcall.txt,numa_init_sysfs,0.052103,0,0
5,run4_initcall.txt,mem_cgroup_swap_init,0.05212,0,0
5,run4_initcall.txt,init_msg_buckets,0.052138,0,0
5,run4_initcall.txt,init_bio,0.052186,0,0
5,run4_initcall.txt,blk_ioc_init,0.052207,0,0
5,run4_initcall.txt,blk_mq_init,0.052225,0,0
5,run4_initcall.txt,genhd_device_init,0.052358,0,0
5,run4_initcall.txt,blkcg_punt_bio_init,0.052463,0,0
5,run4_initcall.txt,blk_integrity_auto_init,0.052538,0,0
5,run4_initcall.txt,io_wq_init,0.05256,0,0
5,run4_initcall.txt,crc_t10dif_mod_init,0.052586,0,0
5,run4_initcall.txt,sha256_mod_init,0.052607,0,0
5,run4_initcall.txt,sha512_mod_init,0.052624,0,0
5,run4_initcall.txt,sg_pool_init,0.052657,0,0
5,run4_initcall.txt,gpiolib_debugfs_init,0.052682,0,0
5,run4_initcall.txt,stmpe_gpio_init,0.052782,0,0
5,run4_initcall.txt,pwm_init,0.052813,0,0
5,run4_initcall.txt,leds_init,0.052848,0,0
5,run4_initcall.txt,pci_slot_init,0.052869,0,0
5,run4_initcall.txt,fbmem_init,0.052926,0,0
5,run4_initcall.txt,bcm2835_dma_init,0.053656,0,0
5,run4_initcall.txt,regulator_fixed_voltage_init,0.053737,0,0
5,run4_initcall.txt,gpio_regulator_init,0.053792,0,0
5,run4_initcall.txt,init_sysrq_sysctl,0.053825,0,0
5,run4_initcall.txt,misc_init,0.053852,0,0
5,run4_initcall.txt,iommu_subsys_init,0.053885,0,0
5,run4_initcall.txt,register_cpu_capacity_sysctl,0.054284,0,0
5,run4_initcall.txt,dma_buf_init,0.054348,0,0
5,run4_initcall.txt,dma_heap_init,0.054376,0,0
5,run4_initcall.txt,init_scsi,0.05448,0,0
5,run4_initcall.txt,mdio_bus_init,0.054517,0,0
5,run4_initcall.txt,phy_init,0.054563,0,0
5,run4_initcall.txt,usb_common_init,0.054586,0,0
5,run4_initcall.txt,usb_init,0.054706,0,0
5,run4_initcall.txt,usb_phy_generic_init,0.054854,0,0
5,run4_initcall.txt,usb_udc_init,0.054887,0,0
5,run4_initcall.txt,usb_roles_init,0.054906,0,0
5,run4_initcall.txt,input_init,0.054933,0,0
5,run4_initcall.txt,rtc_init,0.054952,0,0
5,run4_initcall.txt,rc_core_init,0.054978,0,0
5,run4_initcall.txt,pps_init,0.055012,0,0
5,run4_initcall.txt,ptp_init,0.055038,0,0
5,run4_initcall.txt,power_supply_class_init,0.055072,0,0
5,run4_initcall.txt,hwmon_init,0.055095,0,0
5,run4_initcall.txt,mmc_init,0.055136,0,0
5,run4_initcall.txt,dmi_init,0.055155,0,0
5,run4_initcall.txt,efisubsys_init,0.055174,0,0
5,run4_initcall.txt,arm_pmu_hp_init,0.055194,0,0
5,run4_initcall.txt,ras_init,0.055218,0,0
5,run4_initcall.txt,nvmem_init,0.055257,0,0
5,run4_initcall.txt,init_soundcore,0.055278,0,0
5,run4_initcall.txt,proto_init,0.055297,0,0
5,run4_initcall.txt,net_dev_init,0.055529,0,0
5,run4_initcall.txt,neigh_init,0.05555,0,0
5,run4_initcall.txt,fib_notifier_init,0.055567,0,0
5,run4_initcall.txt,netdev_genl_init,0.055608,0,0
5,run4_initcall.txt,page_pool_user_init,0.055626,0,0
5,run4_initcall.txt,fib_rules_init,0.055644,0,0
5,run4_initcall.txt,init_cgroup_netprio,0.055661,0,0
5,run4_initcall.txt,bpf_lwt_init,0.055678,0,0
5,run4_initcall.txt,pktsched_init,0.055699,0,0
5,run4_initcall.txt,tc_filter_init,0.055731,0,0
5,run4_initcall.txt,tc_action_init,0.055749,0,0
5,run4_initcall.txt,ethnl_init,0.055822,0,0
5,run4_initcall.txt,nexthop_init,0.055844,0,0
5,run4_initcall.txt,devlink_init,0.055929,0,0
5,run4_initcall.txt,wireless_nlevent_init,0.05595,0,0
5,run4_initcall.txt,vsprintf_init_hashval,0.05597,0,0
5,run4_initcall.txt,init_32bit_el0_mask,0.055987,0,0
5,run4_initcall.txt,vga_arb_device_init,0.05613,0,0
5,run4_initcall.txt,watchdog_init,0.056255,0,0
5,run4_initcall.txt,create_debug_debugfs_entry,0.056383,0,0
5,run4_initcall.txt,iomem_init_inode,0.056429,0,0
5,run4_initcall.txt,clocksource_done_booting,0.056479,0,13
5,run4_initcall.txt,tracer_init_tracefs,0.056508,0,8
5,run4_initcall.txt,init_trace_printk_function_export,0.056583,0,55
5,run4_initcall.txt,init_graph_tracefs,0.056608,0,2
5,run4_initcall.txt,bpf_event_init,0.056626,0,1
5,run4_initcall.txt,init_kprobe_trace,0.433079,0,376430
5,run4_initcall.txt,init_dynamic_event,0.433156,0,12
5,run4_initcall.txt,bpf_init,0.433198,0,21
5,run4_initcall.txt,secretmem_init,0.433287,0,59
5,run4_initcall.txt,init_fs_stat_sysctls,0.433322,0,14
5,run4_initcall.txt,init_fs_exec_sysctls,0.433342,0,1
5,run4_initcall.txt,init_pipe_fs,0.433373,0,13
5,run4_initcall.txt,init_fs_namei_sysctls,0.433396,0,3
5,run4_initcall.txt,init_fs_dcache_sysctls,0.433421,0,7
5,run4_initcall.txt,init_fs_namespace_sysctls,0.433441,0,1
5,run4_initcall.txt,cgroup_writeback_init,0.43347,0,10
5,run4_initcall.txt,inotify_user_setup,0.433505,0,14
5,run4_initcall.txt,eventpoll_init,0.43354,0,15
5,run4_initcall.txt,anon_inode_init,0.43357,0,11
5,run4_initcall.txt,proc_locks_init,0.433594,0,5
5,run4_initcall.txt,backing_aio_init,0.433611,0,2
5,run4_initcall.txt,init_fs_coredump_sysctls,0.433632,0,7
5,run4_initcall.txt,init_vm_drop_caches_sysctls,0.43365,0,2
5,run4_initcall.txt,iomap_dio_init,0.43369,0,25
5,run4_initcall.txt,iomap_ioend_init,0.433732,0,27
5,run4_initcall.txt,dquot_init,0.433924,0,176
5,run4_initcall.txt,proc_cmdline_init,0.433953,0,5
5,run4_initcall.txt,proc_consoles_init,0.43397,0,1
5,run4_initcall.txt,proc_cpuinfo_init,0.433986,0,1
5,run4_initcall.txt,proc_devices_init,0.434002,0,0
5,run4_initcall.txt,proc_interrupts_init,0.434018,0,1
5,run4_initcall.txt,proc_loadavg_init,0.434035,0,1
5,run4_initcall.txt,proc_meminfo_init,0.43405,0,0
5,run4_initcall.txt,proc_stat_init,0.434066,0,1
5,run4_initcall.txt,proc_uptime_init,0.434081,0,0
5,run4_initcall.txt,proc_version_init,0.434096,0,1
5,run4_initcall.txt,proc_softirqs_init,0.434112,0,0
5,run4_initcall.txt,proc_kmsg_init,0.434128,0,1
5,run4_initcall.txt,proc_page_init,0.434144,0,2
5,run4_initcall.txt,init_ramfs_fs,0.434161,0,2
5,run4_initcall.txt,aa_create_aafs,0.43418,0,2
5,run4_initcall.txt,chr_dev_init,0.43723,0,3031
5,run4_initcall.txt,hwrng_modinit,0.437316,0,48
5,run4_initcall.txt,firmware_class_init,0.437338,0,1
5,run4_initcall.txt,sysctl_core_init,0.437387,0,31
5,run4_initcall.txt,eth_offload_init,0.437405,0,0
5,run4_initcall.txt,ipv4_offload_init,0.437423,0,1
5,run4_initcall.txt,inet_init,0.441405,0,3960
5,run4_initcall.txt,af_unix_init,0.441465,0,23
5,run4_initcall.txt,ipv6_offload_init,0.441486,0,2
5,run4_initcall.txt,init_sunrpc,0.441868,0,364
5,run4_initcall.txt,vlan_offload_init,0.441889,0,0
5,run4_initcall.txt,pci_apply_final_quirks,0.441929,0,12
5,run4_initcall.txt,populate_rootfs,0.441956,0,9
5,run4_initcall.txt,register_arm64_panic_block,0.442071,0,1
5,run4_initcall.txt,cpuinfo_regs_init,0.442201,0,111
5,run4_initcall.txt,aarch32_el0_sysfs_init,0.442223,0,0
5,run4_initcall.txt,kvm_arm_init,0.445726,0,3484
5,run4_initcall.txt,proc_execdomains_init,0.445765,0,4
5,run4_initcall.txt,register_warn_debugfs,0.445786,0,3
5,run4_initcall.txt,cpuhp_sysfs_init,0.44584,0,29
5,run4_initcall.txt,ioresources_init,0.445859,0,2
5,run4_initcall.txt,psi_proc_init,0.445877,0,0
5,run4_initcall.txt,irq_gc_init_ops,0.445895,0,0
5,run4_initcall.txt,irq_debugfs_init,0.445989,0,75
5,run4_initcall.txt,proc_modules_init,0.44601,0,1
5,run4_initcall.txt,timer_sysctl_init,0.446034,0,10
5,run4_initcall.txt,timekeeping_init_ops,0.446049,0,0
5,run4_initcall.txt,init_clocksource_sysfs,0.446125,0,60
5,run4_initcall.txt,init_timer_list_procfs,0.446144,0,1
5,run4_initcall.txt,alarmtimer_init,0.446214,0,55
5,run4_initcall.txt,clockevents_init_sysfs,0.446344,0,113
5,run4_initcall.txt,sched_clock_syscore_init,0.446362,0,0
5,run4_initcall.txt,kallsyms_init,0.446382,0,5
5,run4_initcall.txt,pid_namespaces_init,0.44642,0,22
5,run4_initcall.txt,audit_watch_init,0.446439,0,0
5,run4_initcall.txt,audit_fsnotify_init,0.446456,0,0
5,run4_initcall.txt,audit_tree_init,0.446474,0,2
5,run4_initcall.txt,seccomp_sysctl_init,0.446495,0,4
5,run4_initcall.txt,utsname_sysctl_init,0.446519,0,7
5,run4_initcall.txt,init_tracepoints,0.446536,0,1
5,run4_initcall.txt,init_lstats_procfs,0.446556,0,3
5,run4_initcall.txt,stack_trace_init,0.446585,0,11
5,run4_initcall.txt,init_blk_tracer,0.44662,0,17
5,run4_initcall.txt,perf_event_sysfs_init,0.446735,0,94
5,run4_initcall.txt,system_trusted_keyring_init,0.44677,0,15
5,run4_initcall.txt,kswapd_init,0.446984,0,193
5,run4_initcall.txt,extfrag_debug_init,0.447015,0,8
5,run4_initcall.txt,mm_compute_batch_init,0.447033,0,1
5,run4_initcall.txt,slab_proc_init,0.44705,0,2
5,run4_initcall.txt,workingset_init,0.447075,0,9
5,run4_initcall.txt,proc_vmalloc_init,0.447092,0,1
5,run4_initcall.txt,memblock_init_debugfs,0.447114,0,6
5,run4_initcall.txt,slab_debugfs_init,0.447135,0,4
5,run4_initcall.txt,procswaps_init,0.447154,0,1
5,run4_initcall.txt,zs_init,0.44717,0,0
5,run4_initcall.txt,fcntl_init,0.44719,0,2
5,run4_initcall.txt,proc_filesystems_init,0.447209,0,1
5,run4_initcall.txt,start_dirtytime_writeback,0.447234,0,5
5,run4_initcall.txt,dio_init,0.447254,0,1
5,run4_initcall.txt,dnotify_init,0.447287,0,15
5,run4_initcall.txt,fanotify_user_setup,0.447316,0,9
5,run4_initcall.txt,aio_setup,0.447372,0,37
5,run4_initcall.txt,mbcache_init,0.447396,0,5
5,run4_initcall.txt,init_grace,0.447412,0,2
5,run4_initcall.txt,init_devpts_fs,0.447435,0,9
5,run4_initcall.txt,ext4_init_fs,0.447527,0,76
5,run4_initcall.txt,journal_init,0.44756,0,15
5,run4_initcall.txt,init_fat_fs,0.447584,0,8
5,run4_initcall.txt,init_vfat_fs,0.4476,0,0
5,run4_initcall.txt,init_msdos_fs,0.447615,0,0
5,run4_initcall.txt,init_nfs_fs,0.447769,0,139
5,run4_initcall.txt,init_nfs_v2,0.447789,0,1
5,run4_initcall.txt,init_nfs_v3,0.447805,0,0
5,run4_initcall.txt,init_nfs_v4,0.447851,0,31
5,run4_initcall.txt,nfs4filelayout_init,0.447874,0,6
5,run4_initcall.txt,nfs4flexfilelayout_init,0.447897,0,6
5,run4_initcall.txt,init_nlm,0.447942,0,29
5,run4_initcall.txt,init_nls_cp437,0.447959,0,0
5,run4_initcall.txt,init_nls_ascii,0.447974,0,0
5,run4_initcall.txt,init_autofs_fs,0.448087,0,98
5,run4_initcall.txt,init_f2fs_fs,0.448231,0,125
5,run4_initcall.txt,ipc_init,0.448264,0,14
5,run4_initcall.txt,ipc_sysctl_init,0.448299,0,17
5,run4_initcall.txt,init_mqueue_fs,0.448356,0,40
5,run4_initcall.txt,key_proc_init,0.448377,0,3
5,run4_initcall.txt,bpf_crypto_skcipher_init,0.448396,0,1
5,run4_initcall.txt,dh_init,0.448416,0,3
5,run4_initcall.txt,rsa_init,0.448434,0,1
5,run4_initcall.txt,cryptomgr_init,0.448452,0,0
5,run4_initcall.txt,hmac_module_init,0.448496,0,0
5,run4_initcall.txt,crypto_sha256_mod_init,0.448518,0,4
5,run4_initcall.txt,crypto_ecb_module_init,0.448536,0,0
5,run4_initcall.txt,crypto_cbc_module_init,0.448553,0,0
5,run4_initcall.txt,crypto_cts_module_init,0.44857,0,0
5,run4_initcall.txt,xts_module_init,0.448587,0,0
5,run4_initcall.txt,des_generic_mod_init,0.448606,0,1
5,run4_initcall.txt,aes_init,0.448624,0,0
5,run4_initcall.txt,lzo_mod_init,0.448642,0,1
5,run4_initcall.txt,lzorle_mod_init,0.448659,0,0
5,run4_initcall.txt,asymmetric_key_init,0.448683,0,5
5,run4_initcall.txt,x509_key_init,0.448705,0,5
5,run4_initcall.txt,crypto_kdf108_init,0.448722,0,0
5,run4_initcall.txt,blkdev_init,0.448752,0,13
5,run4_initcall.txt,proc_genhd_init,0.448773,0,2
5,run4_initcall.txt,bsg_init,0.448808,0,17
5,run4_initcall.txt,throtl_init,0.448908,0,82
5,run4_initcall.txt,deadline_init,0.448935,0,6
5,run4_initcall.txt,kyber_init,0.448957,0,5
5,run4_initcall.txt,bfq_init,0.448995,0,21
5,run4_initcall.txt,io_uring_init,0.449037,0,24
5,run4_initcall.txt,btree_module_init,0.449059,0,2
5,run4_initcall.txt,percpu_counter_startup,0.449126,0,46
5,run4_initcall.txt,audit_classes_init,0.449149,0,3
5,run4_initcall.txt,gicv5_iwb_platform_driver_init,0.449253,0,85
5,run4_initcall.txt,mip_msi_driver_init,0.449308,0,35
5,run4_initcall.txt,bcm7038_l1_driver_init,0.449362,0,34
5,run4_initcall.txt,bcm7120_l2_driver_init,0.449422,0,39
5,run4_initcall.txt,brcmstb_l2_driver_init,0.449708,0,265
5,run4_initcall.txt,simple_pm_bus_driver_init,0.450348,0,618
5,run4_initcall.txt,phy_core_init,0.450384,0,13
5,run4_initcall.txt,brcm_usb_driver_init,0.450473,0,69
5,run4_initcall.txt,rp1_pinctrl_driver_init,0.450527,0,34
5,run4_initcall.txt,bcm2835_pinctrl_driver_init,0.451367,0,818
5,run4_initcall.txt,bcm2712_pinctrl_driver_init,0.45145,0,59
5,run4_initcall.txt,brcmvirt_gpio_driver_init,0.451509,0,37
5,run4_initcall.txt,brcmstb_gpio_driver_init,0.451572,0,35
5,run4_initcall.txt,rpi_exp_gpio_driver_init,0.451976,0,382
5,run4_initcall.txt,brcmstb_pwm_driver_init,0.452035,0,39
5,run4_initcall.txt,rp1_pwm_driver_init,0.452087,0,36
5,run4_initcall.txt,gpio_led_driver_init,0.453904,0,1802
5,run4_initcall.txt,led_pwm_driver_init,0.453972,0,49
5,run4_initcall.txt,timer_led_trigger_init,0.45399,0,1
5,run4_initcall.txt,oneshot_led_trigger_init,0.454005,0,0
5,run4_initcall.txt,heartbeat_trig_init,0.454023,0,2
5,run4_initcall.txt,bl_led_trigger_init,0.454038,0,0
5,run4_initcall.txt,ledtrig_cpu_init,0.454112,0,59
5,run4_initcall.txt,defon_led_trigger_init,0.45416,0,33
5,run4_initcall.txt,input_trig_init,0.454178,0,1
5,run4_initcall.txt,ledtrig_panic_init,0.454194,0,1
5,run4_initcall.txt,actpwr_trig_init,0.454376,0,167
5,run4_initcall.txt,pcie_portdrv_init,0.454456,0,60
5,run4_initcall.txt,pci_proc_init,0.454484,0,12
5,run4_initcall.txt,brcm_pcie_driver_init,0.569409,0,114910
5,run4_initcall.txt,bcm2708_fb_init,0.569493,0,62
5,run4_initcall.txt,simplefb_driver_init,0.576435,0,6926
5,run4_initcall.txt,of_fixed_factor_clk_driver_init,0.576538,0,40
5,run4_initcall.txt,of_fixed_clk_driver_init,0.57663,0,34
5,run4_initcall.txt,gpio_clk_driver_init,0.576726,0,48
5,run4_initcall.txt,gated_fixed_clk_driver_init,0.576808,0,34
5,run4_initcall.txt,rp1_clk_driver_init,0.576891,0,35
5,run4_initcall.txt,rp1_sdio_clk_driver_init,0.576972,0,34
5,run4_initcall.txt,clk_dvp_driver_init,0.577163,0,144
5,run4_initcall.txt,bcm2835_aux_clk_driver_init,0.577276,0,63
5,run4_initcall.txt,raspberrypi_clk_driver_init,0.592845,0,15518
5,run4_initcall.txt,dw_driver_init,0.592945,0,50
5,run4_initcall.txt,bcm2835_power_driver_init,0.593015,0,23
5,run4_initcall.txt,rpi_power_driver_init,0.61142,0,18355
5,run4_initcall.txt,brcmstb_reset_driver_init,0.613457,0,43
5,run4_initcall.txt,brcm_rescal_reset_driver_init,0.615479,0,38
5,run4_initcall.txt,rpi_reset_driver_init,0.61848,0,1034
5,run4_initcall.txt,reset_simple_driver_init,0.620562,0,89
5,run4_initcall.txt,n_null_init,0.62253,0,0
5,run4_initcall.txt,pty_init,0.624589,0,91
5,run4_initcall.txt,sysrq_init,0.62657,0,13
5,run4_initcall.txt,serial8250_init,0.628536,-19,0
5,run4_initcall.txt,bcm2835aux_serial_driver_init,0.630552,0,46
5,run4_initcall.txt,brcmuart_init,0.632569,0,56
5,run4_initcall.txt,exar_pci_driver_init,0.634546,0,27
5,run4_initcall.txt,of_platform_serial_driver_init,0.636609,0,104
5,run4_initcall.txt,serial_pci_driver_init,0.638591,0,29
5,run4_initcall.txt,pericom8250_pci_driver_init,0.640565,0,19
5,run4_initcall.txt,init_kgdboc,0.643544,0,1036
5,run4_initcall.txt,random_sysctls_init,0.645513,0,13
5,run4_initcall.txt,ttyprintk_init,0.64752,0,59
5,run4_initcall.txt,bcm2835_rng_driver_init,0.649554,0,63
5,run4_initcall.txt,bcm74110_rng_driver_init,0.651559,0,39
5,run4_initcall.txt,iproc_rng200_driver_init,0.655886,0,2285
5,run4_initcall.txt,smccc_trng_driver_init,0.658054,0,27
5,run4_initcall.txt,vc_mem_init,0.661449,0,1232
5,run4_initcall.txt,vcio_driver_init,0.665152,0,1449
5,run4_initcall.txt,bcm2712_iommu_driver_init,0.667506,0,42
5,run4_initcall.txt,bcm2712_iommu_cache_driver_init,0.669883,0,44
5,run4_initcall.txt,topology_sysfs_init,0.672354,0,63
5,run4_initcall.txt,cacheinfo_sysfs_init,0.675058,0,263
5,run4_initcall.txt,devcoredump_init,0.677532,0,8
5,run4_initcall.txt,brd_init,0.685021,0,5052
5,run4_initcall.txt,loop_init,0.691259,0,3826
5,run4_initcall.txt,bcm2835_pm_driver_init,0.694991,0,1332
5,run4_initcall.txt,stmpe_i2c_driver_init,0.697392,0,15
5,run4_initcall.txt,stmpe_spi_driver_init,0.699782,0,12
5,run4_initcall.txt,rp1_driver_init,0.702172,0,27
5,run4_initcall.txt,system_heap_create,0.70466,0,85
5,run4_initcall.txt,add_default_cma_heap,0.707144,0,78
5,run4_initcall.txt,udmabuf_dev_init,0.709611,0,48
5,run4_initcall.txt,iscsi_transport_init,0.71345,0,1440
5,run4_initcall.txt,init_sd,0.715879,0,23
5,run4_initcall.txt,nvme_core_init,0.718513,0,258
5,run4_initcall.txt,nvme_init,0.720965,0,29
5,run4_initcall.txt,blackhole_netdev_init,0.723386,0,17
5,run4_initcall.txt,netkit_init,0.725805,0,8
5,run4_initcall.txt,phylink_init,0.728196,0,0
5,run4_initcall.txt,phy_module_init,0.730765,0,169
5,run4_initcall.txt,phy_module_init,0.733322,0,171
5,run4_initcall.txt,fixed_mdio_bus_init,0.735832,0,158
5,run4_initcall.txt,phy_module_init,0.738411,0,168
5,run4_initcall.txt,phy_module_init,0.740825,0,22
5,run4_initcall.txt,phy_module_init,0.743246,0,61
5,run4_initcall.txt,unimac_mdio_driver_init,0.745715,0,125
5,run4_initcall.txt,macb_driver_init,0.748179,0,124
5,run4_initcall.txt,bcmgenet_driver_init,0.945606,0,195078
5,run4_initcall.txt,bcmasp_driver_init,0.948059,0,84
5,run4_initcall.txt,lan78xx_driver_init,0.951588,0,1167
5,run4_initcall.txt,smsc95xx_driver_init,0.955224,0,1220
5,run4_initcall.txt,usbnet_init,0.95764,0,0
5,run4_initcall.txt,xhci_hcd_init,0.960058,0,14
5,run4_initcall.txt,xhci_pci_init,1.08858,0,126121
5,run4_initcall.txt,xhci_plat_init,1.090981,0,119
5,run4_initcall.txt,dwc_otg_driver_init,1.097803,0,4541
5,run4_initcall.txt,dwc_common_port_init_module,1.101313,0,1267
5,run4_initcall.txt,dwc3_driver_init,1.103637,0,64
5,run4_initcall.txt,dwc3_haps_driver_init,1.10592,0,25
5,run4_initcall.txt,dwc3_of_simple_driver_init,1.108242,0,62
5,run4_initcall.txt,dwc3_generic_driver_init,1.110553,0,44
5,run4_initcall.txt,dwc2_platform_driver_init,1.112953,0,157
5,run4_initcall.txt,uas_init,1.116406,0,1222
5,run4_initcall.txt,usb_storage_driver_init,1.119742,0,1134
5,run4_initcall.txt,brcmstb_usb_pinmap_init,1.122029,-19,69
5,run4_initcall.txt,bdc_driver_init,1.124293,0,50
5,run4_initcall.txt,input_leds_init,1.126523,0,1
5,run4_initcall.txt,mousedev_init,1.129979,0,1226
5,run4_initcall.txt,evdev_init,1.132241,0,0
5,run4_initcall.txt,brcmstb_waketmr_driver_init,1.134522,0,45
5,run4_initcall.txt,rpi_rtc_driver_init,1.136818,0,40
5,run4_initcall.txt,init_rc_map_adstech_dvb_t_pci,1.139072,0,0
5,run4_initcall.txt,init_rc_map_alink_dtu_m,1.141323,0,0
5,run4_initcall.txt,init_rc_map_anysee,1.143565,0,0
5,run4_initcall.txt,init_rc_map_apac_viewcomp,1.145868,0,0
5,run4_initcall.txt,init_rc_map_t2hybrid,1.148148,0,0
5,run4_initcall.txt,init_rc_map_asus_pc39,1.150411,0,0
5,run4_initcall.txt,init_rc_map_asus_ps3_100,1.15262,0,0
5,run4_initcall.txt,init_rc_map_ati_tv_wonder_hd_600,1.154867,0,0
5,run4_initcall.txt,init_rc_map_ati_x10,1.157146,0,0
5,run4_initcall.txt,init_rc_map_avermedia_a16d,1.159445,0,0
5,run4_initcall.txt,init_rc_map_avermedia_cardbus,1.161756,0,0
5,run4_initcall.txt,init_rc_map_avermedia_dvbt,1.164043,0,0
5,run4_initcall.txt,init_rc_map_avermedia_m135a,1.166343,0,0
5,run4_initcall.txt,init_rc_map_avermedia_m733a_rm_k6,1.168619,0,0
5,run4_initcall.txt,init_rc_map_avermedia,1.170931,0,0
5,run4_initcall.txt,init_rc_map_avermedia_rm_ks,1.173235,0,0
5,run4_initcall.txt,init_rc_map_avertv_303,1.175541,0,0
5,run4_initcall.txt,init_rc_map_azurewave_ad_tu700,1.177842,0,0
5,run4_initcall.txt,init_rc_map_beelink_gs1,1.180133,0,0
5,run4_initcall.txt,init_rc_map_beelink_mxiii,1.182455,0,0
5,run4_initcall.txt,init_rc_map_behold_columbus,1.184717,0,2
5,run4_initcall.txt,init_rc_map_behold,1.186997,0,0
5,run4_initcall.txt,init_rc_map_budget_ci_old,1.189297,0,0
5,run4_initcall.txt,init_rc_map_cinergy_1400,1.191561,0,0
5,run4_initcall.txt,init_rc_map_cinergy,1.193809,0,0
5,run4_initcall.txt,init_rc_map_ct_90405,1.196046,0,0
5,run4_initcall.txt,init_rc_map_d680_dmb,1.198281,0,0
5,run4_initcall.txt,init_rc_map_delock_61959,1.200504,0,0
5,run4_initcall.txt,init_rc_map,1.202672,0,0
5,run4_initcall.txt,init_rc_map,1.204885,0,0
5,run4_initcall.txt,init_rc_map_digitalnow_tinytwin,1.207085,0,0
5,run4_initcall.txt,init_rc_map_digittrade,1.209325,0,2
5,run4_initcall.txt,init_rc_map_dm1105_nec,1.211537,0,0
5,run4_initcall.txt,init_rc_map_dntv_live_dvb_t,1.213711,0,0
5,run4_initcall.txt,init_rc_map_dntv_live_dvbt_pro,1.215885,0,0
5,run4_initcall.txt,init_rc_map_dreambox,1.218039,0,0
5,run4_initcall.txt,init_rc_map_dtt200u,1.220207,0,0
5,run4_initcall.txt,init_rc_map_rc5_dvbsky,1.222393,0,0
5,run4_initcall.txt,init_rc_map_dvico_mce,1.224567,0,0
5,run4_initcall.txt,init_rc_map_dvico_portable,1.226739,0,0
5,run4_initcall.txt,init_rc_map_em_terratec,1.2289,0,0
5,run4_initcall.txt,init_rc_map_encore_enltv2,1.231071,0,0
5,run4_initcall.txt,init_rc_map_encore_enltv_fm53,1.233242,0,0
5,run4_initcall.txt,init_rc_map_encore_enltv,1.23539,0,0
5,run4_initcall.txt,init_rc_map_evga_indtube,1.237569,0,0
5,run4_initcall.txt,init_rc_map_eztv,1.239733,0,0
5,run4_initcall.txt,init_rc_map_flydvb,1.241882,0,0
5,run4_initcall.txt,init_rc_map_flyvideo,1.244008,0,0
5,run4_initcall.txt,init_rc_map_fusionhdtv_mce,1.246146,0,0
5,run4_initcall.txt,init_rc_map_gadmei_rm008z,1.248267,0,0
5,run4_initcall.txt,init_rc_map_geekbox,1.250385,0,0
5,run4_initcall.txt,init_rc_map_genius_tvgo_a11mce,1.25246,0,0
5,run4_initcall.txt,init_rc_map_gotview7135,1.254574,0,0
5,run4_initcall.txt,init_rc_map_rc5_hauppauge_new,1.256695,0,0
5,run4_initcall.txt,init_rc_map_hisi_poplar,1.258818,0,0
5,run4_initcall.txt,init_rc_map_hisi_tv_demo,1.260952,0,0
5,run4_initcall.txt,init_rc_map_imon_mce,1.263079,0,0
5,run4_initcall.txt,init_rc_map_imon_pad,1.265213,0,0
5,run4_initcall.txt,init_rc_map_imon_rsc,1.267331,0,0
5,run4_initcall.txt,init_rc_map_iodata_bctv7e,1.26939,0,0
5,run4_initcall.txt,init_rc_it913x_v1_map,1.27149,0,0
5,run4_initcall.txt,init_rc_it913x_v2_map,1.273604,0,0
5,run4_initcall.txt,init_rc_map_kaiomy,1.275702,0,0
5,run4_initcall.txt,init_rc_map_khadas,1.277813,0,0
5,run4_initcall.txt,init_rc_map_khamsin,1.27991,0,0
5,run4_initcall.txt,init_rc_map_kworld_315u,1.282003,0,0
5,run4_initcall.txt,init_rc_map_kworld_pc150u,1.284086,0,0
5,run4_initcall.txt,init_rc_map_kworld_plus_tv_analog,1.286151,0,0
5,run4_initcall.txt,init_rc_map_leadtek_y04g0051,1.288246,0,0
5,run4_initcall.txt,init_rc_lme2510_map,1.290359,0,0
5,run4_initcall.txt,init_rc_map_manli,1.292477,0,0
5,run4_initcall.txt,init_rc_map_mecool_kiii_pro,1.294607,0,0
5,run4_initcall.txt,init_rc_map_mecool_kii_pro,1.296731,0,0
5,run4_initcall.txt,init_rc_map_medion_x10_digitainer,1.29886,0,0
5,run4_initcall.txt,init_rc_map_medion_x10,1.30098,0,0
5,run4_initcall.txt,init_rc_map_medion_x10_or2x,1.303081,0,0
5,run4_initcall.txt,init_rc_map_minix_neo,1.305212,0,0
5,run4_initcall.txt,init_rc_map_msi_digivox_iii,1.307354,0,0
5,run4_initcall.txt,init_rc_map_msi_digivox_ii,1.309509,0,0
5,run4_initcall.txt,init_rc_map_msi_tvanywhere,1.311659,0,0
5,run4_initcall.txt,init_rc_map_msi_tvanywhere_plus,1.313808,0,0
5,run4_initcall.txt,init_rc_map_mygica_utv3,1.315956,0,0
5,run4_initcall.txt,init_rc_map_nebula,1.318084,0,0
5,run4_initcall.txt,init_rc_map_nec_terratec_cinergy_xs,1.320213,0,0
5,run4_initcall.txt,init_rc_map_norwood,1.322363,0,0
5,run4_initcall.txt,init_rc_map_npgtech,1.324502,0,0
5,run4_initcall.txt,init_rc_map_odroid,1.32663,0,0
5,run4_initcall.txt,init_rc_map_pctv_sedna,1.328755,0,0
5,run4_initcall.txt,init_rc_map_pine64,1.331952,0,0
5,run4_initcall.txt,init_rc_map_pinnacle_color,1.33411,0,0
5,run4_initcall.txt,init_rc_map_pinnacle_grey,1.336209,0,0
5,run4_initcall.txt,init_rc_map_pinnacle_pctv_hd,1.338356,0,0
5,run4_initcall.txt,init_rc_map_pixelview,1.340506,0,0
5,run4_initcall.txt,init_rc_map_pixelview,1.342651,0,0
5,run4_initcall.txt,init_rc_map_pixelview_new,1.344819,0,0
5,run4_initcall.txt,init_rc_map_pixelview,1.346983,0,0
5,run4_initcall.txt,init_rc_map_powercolor_real_angel,1.34916,0,0
5,run4_initcall.txt,init_rc_map_proteus_2309,1.351305,0,0
5,run4_initcall.txt,init_rc_map_purpletv,1.353461,0,0
5,run4_initcall.txt,init_rc_map_pv951,1.35562,0,0
5,run4_initcall.txt,init_rc_map_rc6_mce,1.357782,0,0
5,run4_initcall.txt,init_rc_map_real_audio_220_32_keys,1.359938,0,0
5,run4_initcall.txt,init_rc_map_reddo,1.362097,0,0
5,run4_initcall.txt,init_rc_map_siemens_gigaset_rc20,1.364251,0,0
5,run4_initcall.txt,init_rc_map_snapstream_firefly,1.366418,0,0
5,run4_initcall.txt,init_rc_map_streamzap,1.368552,0,0
5,run4_initcall.txt,init_rc_map_su3000,1.370731,0,0
5,run4_initcall.txt,init_rc_map_tanix_tx3mini,1.372904,0,0
5,run4_initcall.txt,init_rc_map_tanix_tx5max,1.375058,0,0
5,run4_initcall.txt,init_rc_map_tbs_nec,1.377231,0,0
5,run4_initcall.txt,init_rc_map,1.379413,0,0
5,run4_initcall.txt,init_rc_map,1.381592,0,0
5,run4_initcall.txt,init_rc_map_terratec_cinergy_c_pci,1.383771,0,0
5,run4_initcall.txt,init_rc_map_terratec_cinergy_s2_hd,1.385919,0,0
5,run4_initcall.txt,init_rc_map_terratec_cinergy_xs,1.388081,0,0
5,run4_initcall.txt,init_rc_map_terratec_slim_2,1.390259,0,0
5,run4_initcall.txt,init_rc_map_terratec_slim,1.392426,0,0
5,run4_initcall.txt,init_rc_map_tevii_nec,1.39461,0,0
5,run4_initcall.txt,init_rc_map_tivo,1.396802,0,0
5,run4_initcall.txt,init_rc_map_total_media_in_hand_02,1.398985,0,0
5,run4_initcall.txt,init_rc_map_total_media_in_hand,1.401158,0,0
5,run4_initcall.txt,init_rc_map_trekstor,1.403335,0,0
5,run4_initcall.txt,init_rc_map_tt_1500,1.40553,0,0
5,run4_initcall.txt,init_rc_map_twinhan_vp1027,1.407731,0,0
5,run4_initcall.txt,init_rc_map_twinhan_dtv_cab_ci,1.40994,0,0
5,run4_initcall.txt,init_rc_map_vega_s9x,1.412135,0,0
5,run4_initcall.txt,init_rc_map_videomate_k100,1.414329,0,0
5,run4_initcall.txt,init_rc_map_videomate_s350,1.416517,0,0
5,run4_initcall.txt,init_rc_map_videomate_tv_pvr,1.418646,0,0
5,run4_initcall.txt,init_rc_map_kii_pro,1.420806,0,0
5,run4_initcall.txt,init_rc_map_wetek_hub,1.422967,0,0
5,run4_initcall.txt,init_rc_map_wetek_play2,1.425136,0,0
5,run4_initcall.txt,init_rc_map_winfast,1.427303,0,0
5,run4_initcall.txt,init_rc_map_winfast_usbii_deluxe,1.429478,0,0
5,run4_initcall.txt,init_rc_map_x96max,1.431658,0,0
5,run4_initcall.txt,init_rc_map,1.433837,0,0
5,run4_initcall.txt,init_rc_map,1.435952,0,0
5,run4_initcall.txt,init_rc_map_zx_irdec,1.438104,0,0
5,run4_initcall.txt,ptp_kvm_init,1.440246,-95,0
5,run4_initcall.txt,gpio_poweroff_driver_init,1.442475,0,71
5,run4_initcall.txt,bcm2711_thermal_driver_init,1.446046,0,1410
5,run4_initcall.txt,bcm2835_thermal_driver_init,1.448278,0,55
5,run4_initcall.txt,bcm2835_wdt_driver_init,1.45052,0,28
5,run4_initcall.txt,dt_cpufreq_platdrv_init,1.452708,0,27
5,run4_initcall.txt,brcm_avs_cpufreq_platdrv_init,1.454961,0,41
5,run4_initcall.txt,raspberrypi_cpufreq_driver_init,1.460184,0,2997
5,run4_initcall.txt,mmc_pwrseq_simple_driver_init,1.462531,0,62
5,run4_initcall.txt,mmc_pwrseq_emmc_driver_init,1.464883,0,44
5,run4_initcall.txt,mmc_blk_init,1.467237,0,47
5,run4_initcall.txt,sdhci_drv_init,1.475316,0,3535
5,run4_initcall.txt,bcm2835_mmc_driver_init,1.481277,0,2385
5,run4_initcall.txt,bcm2835_driver_init,1.483684,0,43
5,run4_initcall.txt,sdhci_pltfm_drv_init,1.487221,0,1188
5,run4_initcall.txt,sdhci_iproc_driver_init,1.490908,0,93
5,run4_initcall.txt,sdhci_brcmstb_driver_init,1.490995,0,64
5,run4_initcall.txt,esrt_sysfs_init,1.491012,-38,1
5,run4_initcall.txt,smccc_devices_init,1.491023,0,0
5,run4_initcall.txt,smccc_soc_init,1.491034,0,2
5,run4_initcall.txt,arch_timer_mmio_drv_init,1.49108,0,37
5,run4_initcall.txt,arch_timer_mmio_acpi_drv_init,1.491112,0,23
5,run4_initcall.txt,hid_init,1.49118,0,59
5,run4_initcall.txt,hid_generic_init,1.49122,0,30
5,run4_initcall.txt,hid_init,1.491261,0,32
5,run4_initcall.txt,vchiq_driver_init,1.524632,0,33360
5,run4_initcall.txt,bcm74110_mbox_driver_init,1.527328,0,81
5,run4_initcall.txt,extcon_class_init,1.530151,0,10
5,run4_initcall.txt,armv8_pmu_driver_init,1.535863,0,3077
5,run4_initcall.txt,binder_init,1.53829,0,65
5,run4_initcall.txt,rpi_otp_driver_init,1.544483,0,3854
5,run4_initcall.txt,sock_diag_init,1.546771,0,38
5,run4_initcall.txt,blackhole_init,1.549032,0,9
5,run4_initcall.txt,cls_bpf_init_mod,1.551242,0,0
5,run4_initcall.txt,gre_offload_init,1.553452,0,0
5,run4_initcall.txt,sysctl_ipv4_init,1.555748,0,77
5,run4_initcall.txt,cubictcp_register,1.557962,0,2
5,run4_initcall.txt,packet_init,1.561276,0,1123
5,run4_initcall.txt,init_rpcsec_gss,1.563497,0,16
5,run4_initcall.txt,init_kerberos_module,1.565713,0,4
5,run4_initcall.txt,dcbnl_init,1.567895,0,2
5,run4_initcall.txt,init_dns_resolver,1.571209,0,1110
5,run4_initcall.txt,handshake_init,1.573488,0,40
5,run4_initcall.txt,check_mmu_enabled_at_boot,1.575728,0,0
5,run4_initcall.txt,finalize_pkvm,1.577999,0,0
5,run4_initcall.txt,kernel_do_mounts_initrd_sysctls_init,1.581478,0,10
5,run4_initcall.txt,kernel_panic_sysctls_init,1.583768,0,12
5,run4_initcall.txt,kernel_panic_sysfs_init,1.586018,0,3
5,run4_initcall.txt,kernel_exit_sysctls_init,1.588322,0,2
5,run4_initcall.txt,kernel_exit_sysfs_init,1.590744,0,41
5,run4_initcall.txt,param_sysfs_builtin_init,1.603141,0,10031
5,run4_initcall.txt,reboot_ksysfs_init,1.605592,0,23
5,run4_initcall.txt,sched_core_sysctl_init,1.607931,0,4
5,run4_initcall.txt,sched_fair_sysctl_init,1.610347,0,2
5,run4_initcall.txt,sched_rt_sysctl_init,1.612671,0,3
5,run4_initcall.txt,sched_dl_sysctl_init,1.614953,0,2
5,run4_initcall.txt,sched_init_debug,1.617562,0,354
5,run4_initcall.txt,cpu_latency_qos_init,1.619878,0,124
5,run4_initcall.txt,printk_late_init,1.622138,0,17
5,run4_initcall.txt,init_srcu_module_notifier,1.624415,0,2
5,run4_initcall.txt,kernel_rcu_stall_sysfs_init,1.62747,0,9
5,run4_initcall.txt,swiotlb_create_default_debugfs,1.629813,0,23
5,run4_initcall.txt,tk_debug_sleep_time_init,1.632146,0,3
5,run4_initcall.txt,bpf_ksym_iter_register,1.634473,0,1
5,run4_initcall.txt,kernel_acct_sysctls_init,1.636833,0,16
5,run4_initcall.txt,bpf_rstat_kfunc_init,1.639192,0,1
5,run4_initcall.txt,debugfs_kprobe_init,1.641604,0,24
5,run4_initcall.txt,kernel_delayacct_sysctls_init,1.643953,0,5
5,run4_initcall.txt,taskstats_init,1.647495,0,1183
5,run4_initcall.txt,ftrace_sysctl_init,1.649847,0,2
5,run4_initcall.txt,bpf_kprobe_multi_kfuncs_init,1.652156,0,0
5,run4_initcall.txt,kdb_ftrace_register,1.654517,0,8
5,run4_initcall.txt,bpf_global_ma_init,1.656934,0,76
5,run4_initcall.txt,bpf_syscall_sysctl_init,1.659281,0,4
5,run4_initcall.txt,unbound_reg_init,1.661635,0,6
5,run4_initcall.txt,kfunc_init,1.663967,0,2
5,run4_initcall.txt,bpf_map_iter_init,1.666307,0,3
5,run4_initcall.txt,init_subsystem,1.66881,0,213
5,run4_initcall.txt,task_iter_init,1.671112,0,1
5,run4_initcall.txt,bpf_prog_iter_init,1.673425,0,5
5,run4_initcall.txt,bpf_link_iter_init,1.675697,0,0
5,run4_initcall.txt,init_trampolines,1.677956,0,3
5,run4_initcall.txt,rqspinlock_register_kfuncs,1.6802,0,0
5,run4_initcall.txt,kfunc_init,1.68245,0,0
5,run4_initcall.txt,bpf_cgroup_iter_init,1.684686,0,5
5,run4_initcall.txt,cpumask_kfunc_init,1.686943,0,6
5,run4_initcall.txt,crypto_kfunc_init,1.689222,0,0
5,run4_initcall.txt,bpf_kmem_cache_iter_init,1.691483,0,0
5,run4_initcall.txt,dmabuf_iter_init,1.69374,0,0
5,run4_initcall.txt,load_system_certificate_list,1.697115,0,1126
5,run4_initcall.txt,init_lru_gen,1.69941,0,16
5,run4_initcall.txt,vmstat_late_init,1.701642,0,3
5,run4_initcall.txt,fault_around_debugfs,1.703884,0,3
5,run4_initcall.txt,slab_sysfs_init,1.710101,0,3966
5,run4_initcall.txt,max_swapfiles_check,1.712385,0,0
5,run4_initcall.txt,zswap_init,1.714635,0,0
5,run4_initcall.txt,mempolicy_sysfs_init,1.716905,0,23
5,run4_initcall.txt,memory_tier_late_init,1.721443,0,2326
5,run4_initcall.txt,check_early_ioremap_leak,1.723685,0,0
5,run4_initcall.txt,mg_debugfs_init,1.725958,0,17
5,run4_initcall.txt,fscrypt_init,1.730504,0,2308
5,run4_initcall.txt,pstore_init,1.732714,0,15
5,run4_initcall.txt,init_root_keyring,1.734899,0,33
5,run4_initcall.txt,init_profile_hash,1.73711,0,0
5,run4_initcall.txt,integrity_fs_init,1.739335,0,21
5,run4_initcall.txt,crypto_algapi_init,1.741565,0,8
5,run4_initcall.txt,blk_timeout_init,1.743771,0,0
5,run4_initcall.txt,depot_debugfs_init,1.746004,0,6
5,run4_initcall.txt,pci_resource_alignment_sysfs_init,1.748228,0,5
5,run4_initcall.txt,pci_sysfs_init,1.750484,0,10
5,run4_initcall.txt,clk_debug_init,1.7531,0,413
5,run4_initcall.txt,genpd_debug_init,1.755713,0,363
5,run4_initcall.txt,sync_state_resume_initcall,1.758,0,0
5,run4_initcall.txt,deferred_probe_initcall,1.829266,0,68989
5,run4_initcall.txt,efi_shutdown_init,1.83155,-19,2
5,run4_initcall.txt,efi_earlycon_unmap_fb,1.833702,0,2
5,run4_initcall.txt,psci_debugfs_init,1.835785,0,0
5,run4_initcall.txt,of_cfs_init,1.840012,0,2123
5,run4_initcall.txt,of_fdt_raw_init,1.842101,0,29
5,run4_initcall.txt,bpf_kfunc_init,1.844168,0,2
5,run4_initcall.txt,init_subsystem,1.846261,0,0
5,run4_initcall.txt,xdp_metadata_init,1.848321,0,0
5,run4_initcall.txt,bpf_sockmap_iter_init,1.850393,0,1
5,run4_initcall.txt,bpf_sk_storage_map_iter_init,1.852431,0,0
5,run4_initcall.txt,bpf_prog_test_run_init,1.854512,0,1
5,run4_initcall.txt,bpf_dummy_struct_ops_init,1.85657,0,0
5,run4_initcall.txt,tcp_congestion_default,1.85863,0,1
5,run4_initcall.txt,inet_blackhole_dev_init,1.860686,0,6
5,run4_initcall.txt,ip_auto_config,1.862749,0,9
5,run4_initcall.txt,tcp_bpf_v4_build_proto,1.864794,0,1
5,run4_initcall.txt,udp_bpf_v4_build_proto,1.866797,0,1
5,run4_initcall.txt,bpf_tcp_ca_kfunc_init,1.868774,0,0
5,run4_initcall.txt,bpf_mptcp_kfunc_init,1.872823,0,0
5,run4_initcall.txt,latency_fsnotify_init,1.874921,0,26
5,run4_initcall.txt,trace_eval_sync,1.877028,0,10
5,run4_initcall.txt,late_trace_init,1.879163,0,0
5,run4_initcall.txt,fb_logo_late_init,1.881341,0,0
5,run4_initcall.txt,amba_stub_drv_init,1.883603,0,27
5,run4_initcall.txt,clk_disable_unused,1.890696,0,4859
5,run4_initcall.txt,genpd_power_off_unused,1.894123,0,1146
5,run4_initcall.txt,regulator_init_complete,1.896391,0,1
5,run4_initcall.txt,of_platform_sync_state_init,1.898714,0,16
6,run5_initcall.txt,cgwb_init,0.051795,0,0
6,run5_initcall.txt,percpu_enable_async,0.051811,0,0
6,run5_initcall.txt,kcompactd_init,0.051926,0,0
6,run5_initcall.txt,init_mm_sysctl,0.051944,0,0
6,run5_initcall.txt,init_user_reserve,0.051963,0,0
6,run5_initcall.txt,init_admin_reserve,0.051978,0,0
6,run5_initcall.txt,init_reserve_notifier,0.051993,0,0
6,run5_initcall.txt,swap_init,0.052014,0,0
6,run5_initcall.txt,swapfile_init,0.052036,0,0
6,run5_initcall.txt,memory_tier_init,0.052085,0,0
6,run5_initcall.txt,numa_init_sysfs,0.052106,0,0
6,run5_initcall.txt,mem_cgroup_swap_init,0.052123,0,0
6,run5_initcall.txt,init_msg_buckets,0.052141,0,0
6,run5_initcall.txt,init_bio,0.052189,0,0
6,run5_initcall.txt,blk_ioc_init,0.05221,0,0
6,run5_initcall.txt,blk_mq_init,0.052262,0,0
6,run5_initcall.txt,genhd_device_init,0.052364,0,0
6,run5_initcall.txt,blkcg_punt_bio_init,0.052464,0,0
6,run5_initcall.txt,blk_integrity_auto_init,0.052538,0,0
6,run5_initcall.txt,io_wq_init,0.052559,0,0
6,run5_initcall.txt,crc_t10dif_mod_init,0.052586,0,0
6,run5_initcall.txt,sha256_mod_init,0.052607,0,0
6,run5_initcall.txt,sha512_mod_init,0.052624,0,0
6,run5_initcall.txt,sg_pool_init,0.052658,0,0
6,run5_initcall.txt,gpiolib_debugfs_init,0.052682,0,0
6,run5_initcall.txt,stmpe_gpio_init,0.052782,0,0
6,run5_initcall.txt,pwm_init,0.052813,0,0
6,run5_initcall.txt,leds_init,0.052846,0,0
6,run5_initcall.txt,pci_slot_init,0.052869,0,0
6,run5_initcall.txt,fbmem_init,0.052927,0,0
6,run5_initcall.txt,bcm2835_dma_init,0.053662,0,0
6,run5_initcall.txt,regulator_fixed_voltage_init,0.053742,0,0
6,run5_initcall.txt,gpio_regulator_init,0.053798,0,0
6,run5_initcall.txt,init_sysrq_sysctl,0.053822,0,0
6,run5_initcall.txt,misc_init,0.053847,0,0
6,run5_initcall.txt,iommu_subsys_init,0.053882,0,0
6,run5_initcall.txt,register_cpu_capacity_sysctl,0.054457,0,0
6,run5_initcall.txt,dma_buf_init,0.05455,0,0
6,run5_initcall.txt,dma_heap_init,0.05458,0,0
6,run5_initcall.txt,init_scsi,0.054683,0,0
6,run5_initcall.txt,mdio_bus_init,0.054718,0,0
6,run5_initcall.txt,phy_init,0.054766,0,0
6,run5_initcall.txt,usb_common_init,0.054789,0,0
6,run5_initcall.txt,usb_init,0.054913,0,0
6,run5_initcall.txt,usb_phy_generic_init,0.055075,0,0
6,run5_initcall.txt,usb_udc_init,0.05511,0,0
6,run5_initcall.txt,usb_roles_init,0.055129,0,0
6,run5_initcall.txt,input_init,0.055158,0,0
6,run5_initcall.txt,rtc_init,0.055178,0,0
6,run5_initcall.txt,rc_core_init,0.055204,0,0
6,run5_initcall.txt,pps_init,0.055241,0,0
6,run5_initcall.txt,ptp_init,0.055267,0,0
6,run5_initcall.txt,power_supply_class_init,0.055298,0,0
6,run5_initcall.txt,hwmon_init,0.055324,0,0
6,run5_initcall.txt,mmc_init,0.055365,0,0
6,run5_initcall.txt,dmi_init,0.055383,0,0
6,run5_initcall.txt,efisubsys_init,0.055402,0,0
6,run5_initcall.txt,arm_pmu_hp_init,0.055422,0,0
6,run5_initcall.txt,ras_init,0.055444,0,0
6,run5_initcall.txt,nvmem_init,0.055479,0,0
6,run5_initcall.txt,init_soundcore,0.0555,0,0
6,run5_initcall.txt,proto_init,0.055519,0,0
6,run5_initcall.txt,net_dev_init,0.055752,0,0
6,run5_initcall.txt,neigh_init,0.055773,0,0
6,run5_initcall.txt,fib_notifier_init,0.05579,0,0
6,run5_initcall.txt,netdev_genl_init,0.055831,0,0
6,run5_initcall.txt,page_pool_user_init,0.055848,0,0
6,run5_initcall.txt,fib_rules_init,0.055867,0,0
6,run5_initcall.txt,init_cgroup_netprio,0.055883,0,0
6,run5_initcall.txt,bpf_lwt_init,0.0559,0,0
6,run5_initcall.txt,pktsched_init,0.055924,0,0
6,run5_initcall.txt,tc_filter_init,0.055955,0,0
6,run5_initcall.txt,tc_action_init,0.055973,0,0
6,run5_initcall.txt,ethnl_init,0.056045,0,0
6,run5_initcall.txt,nexthop_init,0.056067,0,0
6,run5_initcall.txt,devlink_init,0.056151,0,0
6,run5_initcall.txt,wireless_nlevent_init,0.056172,0,0
6,run5_initcall.txt,vsprintf_init_hashval,0.056191,0,0
6,run5_initcall.txt,init_32bit_el0_mask,0.056208,0,0
6,run5_initcall.txt,vga_arb_device_init,0.056366,0,4000
6,run5_initcall.txt,watchdog_init,0.056512,0,0
6,run5_initcall.txt,create_debug_debugfs_entry,0.056622,0,0
6,run5_initcall.txt,iomem_init_inode,0.056669,0,0
6,run5_initcall.txt,clocksource_done_booting,0.056719,0,14
6,run5_initcall.txt,tracer_init_tracefs,0.056768,0,26
6,run5_initcall.txt,init_trace_printk_function_export,0.056852,0,64
6,run5_initcall.txt,init_graph_tracefs,0.056877,0,2
6,run5_initcall.txt,bpf_event_init,0.056895,0,1
6,run5_initcall.txt,init_kprobe_trace,0.432848,0,375931
6,run5_initcall.txt,init_dynamic_event,0.432942,0,7
6,run5_initcall.txt,bpf_init,0.432979,0,18
6,run5_initcall.txt,secretmem_init,0.433061,0,50
6,run5_initcall.txt,init_fs_stat_sysctls,0.433092,0,12
6,run5_initcall.txt,init_fs_exec_sysctls,0.433112,0,2
6,run5_initcall.txt,init_pipe_fs,0.433145,0,13
6,run5_initcall.txt,init_fs_namei_sysctls,0.433175,0,10
6,run5_initcall.txt,init_fs_dcache_sysctls,0.433201,0,7
6,run5_initcall.txt,init_fs_namespace_sysctls,0.433221,0,1
6,run5_initcall.txt,cgroup_writeback_init,0.433251,0,11
6,run5_initcall.txt,inotify_user_setup,0.433288,0,16
6,run5_initcall.txt,eventpoll_init,0.433326,0,19
6,run5_initcall.txt,anon_inode_init,0.433358,0,11
6,run5_initcall.txt,proc_locks_init,0.433382,0,6
6,run5_initcall.txt,backing_aio_init,0.433398,0,2
6,run5_initcall.txt,init_fs_coredump_sysctls,0.433421,0,8
6,run5_initcall.txt,init_vm_drop_caches_sysctls,0.433439,0,3
6,run5_initcall.txt,iomap_dio_init,0.433477,0,23
6,run5_initcall.txt,iomap_ioend_init,0.43352,0,27
6,run5_initcall.txt,dquot_init,0.433714,0,178
6,run5_initcall.txt,proc_cmdline_init,0.433736,0,2
6,run5_initcall.txt,proc_consoles_init,0.43375,0,0
6,run5_initcall.txt,proc_cpuinfo_init,0.433765,0,1
6,run5_initcall.txt,proc_devices_init,0.43378,0,0
6,run5_initcall.txt,proc_interrupts_init,0.433795,0,1
6,run5_initcall.txt,proc_loadavg_init,0.433812,0,0
6,run5_initcall.txt,proc_meminfo_init,0.433827,0,0
6,run5_initcall.txt,proc_stat_init,0.433842,0,1
6,run5_initcall.txt,proc_uptime_init,0.433857,0,0
6,run5_initcall.txt,proc_version_init,0.433872,0,1
6,run5_initcall.txt,proc_softirqs_init,0.433889,0,3
6,run5_initcall.txt,proc_kmsg_init,0.433904,0,1
6,run5_initcall.txt,proc_page_init,0.433921,0,2
6,run5_initcall.txt,init_ramfs_fs,0.433937,0,1
6,run5_initcall.txt,aa_create_aafs,0.433955,0,1
6,run5_initcall.txt,chr_dev_init,0.437186,0,3213
6,run5_initcall.txt,hwrng_modinit,0.437286,0,56
6,run5_initcall.txt,firmware_class_init,0.437308,0,1
6,run5_initcall.txt,sysctl_core_init,0.437357,0,30
6,run5_initcall.txt,eth_offload_init,0.437381,0,0
6,run5_initcall.txt,ipv4_offload_init,0.437399,0,1
6,run5_initcall.txt,inet_init,0.441429,0,4012
6,run5_initcall.txt,af_unix_init,0.441484,0,21
6,run5_initcall.txt,ipv6_offload_init,0.441505,0,2
6,run5_initcall.txt,init_sunrpc,0.441866,0,342
6,run5_initcall.txt,vlan_offload_init,0.441896,0,1
6,run5_initcall.txt,pci_apply_final_quirks,0.441926,0,12
6,run5_initcall.txt,populate_rootfs,0.441953,0,7
6,run5_initcall.txt,register_arm64_panic_block,0.442067,0,1
6,run5_initcall.txt,cpuinfo_regs_init,0.442177,0,91
6,run5_initcall.txt,aarch32_el0_sysfs_init,0.442198,0,0
6,run5_initcall.txt,kvm_arm_init,0.445618,0,3402
6,run5_initcall.txt,proc_execdomains_init,0.445655,0,3
6,run5_initcall.txt,register_warn_debugfs,0.445683,0,4
6,run5_initcall.txt,cpuhp_sysfs_init,0.445724,0,24
6,run5_initcall.txt,ioresources_init,0.445744,0,2
6,run5_initcall.txt,psi_proc_init,0.445761,0,0
6,run5_initcall.txt,irq_gc_init_ops,0.445779,0,0
6,run5_initcall.txt,irq_debugfs_init,0.445887,0,91
6,run5_initcall.txt,proc_modules_init,0.445908,0,2
6,run5_initcall.txt,timer_sysctl_init,0.445932,0,10
6,run5_initcall.txt,timekeeping_init_ops,0.445948,0,0
6,run5_initcall.txt,init_clocksource_sysfs,0.446022,0,60
6,run5_initcall.txt,init_timer_list_procfs,0.446041,0,1
6,run5_initcall.txt,alarmtimer_init,0.446114,0,57
6,run5_initcall.txt,clockevents_init_sysfs,0.446246,0,116
6,run5_initcall.txt,sched_clock_syscore_init,0.446263,0,0
6,run5_initcall.txt,kallsyms_init,0.446281,0,2
6,run5_initcall.txt,pid_namespaces_init,0.446321,0,24
6,run5_initcall.txt,audit_watch_init,0.44634,0,1
6,run5_initcall.txt,audit_fsnotify_init,0.446356,0,0
6,run5_initcall.txt,audit_tree_init,0.446374,0,2
6,run5_initcall.txt,seccomp_sysctl_init,0.446394,0,4
6,run5_initcall.txt,utsname_sysctl_init,0.446416,0,6
6,run5_initcall.txt,init_tracepoints,0.446433,0,1
6,run5_initcall.txt,init_lstats_procfs,0.446452,0,3
6,run5_initcall.txt,stack_trace_init,0.446493,0,25
6,run5_initcall.txt,init_blk_tracer,0.446527,0,14
6,run5_initcall.txt,perf_event_sysfs_init,0.446637,0,91
6,run5_initcall.txt,system_trusted_keyring_init,0.446672,0,15
6,run5_initcall.txt,kswapd_init,0.446879,0,187
6,run5_initcall.txt,extfrag_debug_init,0.44691,0,9
6,run5_initcall.txt,mm_compute_batch_init,0.446928,0,0
6,run5_initcall.txt,slab_proc_init,0.446946,0,2
6,run5_initcall.txt,workingset_init,0.446969,0,9
6,run5_initcall.txt,proc_vmalloc_init,0.446985,0,1
6,run5_initcall.txt,memblock_init_debugfs,0.447006,0,6
6,run5_initcall.txt,slab_debugfs_init,0.447029,0,5
6,run5_initcall.txt,procswaps_init,0.447046,0,1
6,run5_initcall.txt,zs_init,0.447063,0,0
6,run5_initcall.txt,fcntl_init,0.447083,0,2
6,run5_initcall.txt,proc_filesystems_init,0.447102,0,1
6,run5_initcall.txt,start_dirtytime_writeback,0.447126,0,5
6,run5_initcall.txt,dio_init,0.447147,0,1
6,run5_initcall.txt,dnotify_init,0.44718,0,15
6,run5_initcall.txt,fanotify_user_setup,0.447208,0,9
6,run5_initcall.txt,aio_setup,0.447263,0,35
6,run5_initcall.txt,mbcache_init,0.447287,0,5
6,run5_initcall.txt,init_grace,0.447304,0,3
6,run5_initcall.txt,init_devpts_fs,0.447326,0,7
6,run5_initcall.txt,ext4_init_fs,0.447416,0,75
6,run5_initcall.txt,journal_init,0.44745,0,16
6,run5_initcall.txt,init_fat_fs,0.44747,0,5
6,run5_initcall.txt,init_vfat_fs,0.447485,0,0
6,run5_initcall.txt,init_msdos_fs,0.4475,0,0
6,run5_initcall.txt,init_nfs_fs,0.447656,0,141
6,run5_initcall.txt,init_nfs_v2,0.447676,0,0
6,run5_initcall.txt,init_nfs_v3,0.447691,0,0
6,run5_initcall.txt,init_nfs_v4,0.447739,0,33
6,run5_initcall.txt,nfs4filelayout_init,0.447761,0,6
6,run5_initcall.txt,nfs4flexfilelayout_init,0.447783,0,6
6,run5_initcall.txt,init_nlm,0.447826,0,27
6,run5_initcall.txt,init_nls_cp437,0.447842,0,0
6,run5_initcall.txt,init_nls_ascii,0.447857,0,0
6,run5_initcall.txt,init_autofs_fs,0.447957,0,83
6,run5_initcall.txt,init_f2fs_fs,0.44811,0,135
6,run5_initcall.txt,ipc_init,0.448144,0,15
6,run5_initcall.txt,ipc_sysctl_init,0.448179,0,18
6,run5_initcall.txt,init_mqueue_fs,0.448233,0,37
6,run5_initcall.txt,key_proc_init,0.448253,0,2
6,run5_initcall.txt,bpf_crypto_skcipher_init,0.448272,0,0
6,run5_initcall.txt,dh_init,0.448291,0,2
6,run5_initcall.txt,rsa_init,0.44831,0,2
6,run5_initcall.txt,cryptomgr_init,0.448327,0,0
6,run5_initcall.txt,hmac_module_init,0.448343,0,0
6,run5_initcall.txt,crypto_sha256_mod_init,0.448364,0,3
6,run5_initcall.txt,crypto_ecb_module_init,0.448381,0,0
6,run5_initcall.txt,crypto_cbc_module_init,0.448399,0,0
6,run5_initcall.txt,crypto_cts_module_init,0.448416,0,0
6,run5_initcall.txt,xts_module_init,0.448432,0,0
6,run5_initcall.txt,des_generic_mod_init,0.448452,0,1
6,run5_initcall.txt,aes_init,0.448469,0,0
6,run5_initcall.txt,lzo_mod_init,0.448486,0,1
6,run5_initcall.txt,lzorle_mod_init,0.448503,0,1
6,run5_initcall.txt,asymmetric_key_init,0.448525,0,5
6,run5_initcall.txt,x509_key_init,0.448547,0,5
6,run5_initcall.txt,crypto_kdf108_init,0.448564,0,0
6,run5_initcall.txt,blkdev_init,0.448593,0,12
6,run5_initcall.txt,proc_genhd_init,0.448614,0,2
6,run5_initcall.txt,bsg_init,0.448646,0,15
6,run5_initcall.txt,throtl_init,0.448769,0,105
6,run5_initcall.txt,deadline_init,0.448795,0,6
6,run5_initcall.txt,kyber_init,0.448817,0,5
6,run5_initcall.txt,bfq_init,0.448857,0,22
6,run5_initcall.txt,io_uring_init,0.448894,0,20
6,run5_initcall.txt,btree_module_init,0.448917,0,2
6,run5_initcall.txt,percpu_counter_startup,0.448982,0,46
6,run5_initcall.txt,audit_classes_init,0.449008,0,6
6,run5_initcall.txt,gicv5_iwb_platform_driver_init,0.449115,0,87
6,run5_initcall.txt,mip_msi_driver_init,0.449173,0,37
6,run5_initcall.txt,bcm7038_l1_driver_init,0.449227,0,34
6,run5_initcall.txt,bcm7120_l2_driver_init,0.449286,0,39
6,run5_initcall.txt,brcmstb_l2_driver_init,0.44958,0,274
6,run5_initcall.txt,simple_pm_bus_driver_init,0.450223,0,619
6,run5_initcall.txt,phy_core_init,0.450261,0,16
6,run5_initcall.txt,brcm_usb_driver_init,0.450355,0,73
6,run5_initcall.txt,rp1_pinctrl_driver_init,0.450409,0,34
6,run5_initcall.txt,bcm2835_pinctrl_driver_init,0.451248,0,818
6,run5_initcall.txt,bcm2712_pinctrl_driver_init,0.451331,0,57
6,run5_initcall.txt,brcmvirt_gpio_driver_init,0.451395,0,37
6,run5_initcall.txt,brcmstb_gpio_driver_init,0.451451,0,34
6,run5_initcall.txt,rpi_exp_gpio_driver_init,0.451861,0,389
6,run5_initcall.txt,brcmstb_pwm_driver_init,0.451917,0,37
6,run5_initcall.txt,rp1_pwm_driver_init,0.451967,0,34
6,run5_initcall.txt,gpio_led_driver_init,0.453748,0,1765
6,run5_initcall.txt,led_pwm_driver_init,0.453817,0,51
6,run5_initcall.txt,timer_led_trigger_init,0.453834,0,1
6,run5_initcall.txt,oneshot_led_trigger_init,0.453849,0,0
6,run5_initcall.txt,heartbeat_trig_init,0.45387,0,2
6,run5_initcall.txt,bl_led_trigger_init,0.453885,0,0
6,run5_initcall.txt,ledtrig_cpu_init,0.453959,0,60
6,run5_initcall.txt,defon_led_trigger_init,0.454008,0,33
6,run5_initcall.txt,input_trig_init,0.454025,0,1
6,run5_initcall.txt,ledtrig_panic_init,0.45404,0,1
6,run5_initcall.txt,actpwr_trig_init,0.454205,0,150
6,run5_initcall.txt,pcie_portdrv_init,0.454282,0,59
6,run5_initcall.txt,pci_proc_init,0.454306,0,8
6,run5_initcall.txt,brcm_pcie_driver_init,0.569623,0,115302
6,run5_initcall.txt,bcm2708_fb_init,0.569706,0,62
6,run5_initcall.txt,simplefb_driver_init,0.576872,0,7149
6,run5_initcall.txt,of_fixed_factor_clk_driver_init,0.576967,0,40
6,run5_initcall.txt,of_fixed_clk_driver_init,0.577053,0,35
6,run5_initcall.txt,gpio_clk_driver_init,0.577147,0,47
6,run5_initcall.txt,gated_fixed_clk_driver_init,0.577231,0,35
6,run5_initcall.txt,rp1_clk_driver_init,0.577317,0,37
6,run5_initcall.txt,rp1_sdio_clk_driver_init,0.577399,0,35
6,run5_initcall.txt,clk_dvp_driver_init,0.57759,0,143
6,run5_initcall.txt,bcm2835_aux_clk_driver_init,0.577707,0,66
6,run5_initcall.txt,raspberrypi_clk_driver_init,0.593288,0,15530
6,run5_initcall.txt,dw_driver_init,0.593388,0,50
6,run5_initcall.txt,bcm2835_power_driver_init,0.59346,0,25
6,run5_initcall.txt,rpi_power_driver_init,0.612313,0,18805
6,run5_initcall.txt,brcmstb_reset_driver_init,0.61439,0,44
6,run5_initcall.txt,brcm_rescal_reset_driver_init,0.616439,0,39
6,run5_initcall.txt,rpi_reset_driver_init,0.619543,0,1095
6,run5_initcall.txt,reset_simple_driver_init,0.621674,0,89
6,run5_initcall.txt,n_null_init,0.623701,0,0
6,run5_initcall.txt,pty_init,0.625812,0,93
6,run5_initcall.txt,sysrq_init,0.627828,0,15
6,run5_initcall.txt,serial8250_init,0.629845,-19,0
6,run5_initcall.txt,bcm2835aux_serial_driver_init,0.631851,0,43
6,run5_initcall.txt,brcmuart_init,0.633919,0,56
6,run5_initcall.txt,exar_pci_driver_init,0.635961,0,26
6,run5_initcall.txt,of_platform_serial_driver_init,0.638089,0,105
6,run5_initcall.txt,serial_pci_driver_init,0.640126,0,34
6,run5_initcall.txt,pericom8250_pci_driver_init,0.642147,0,19
6,run5_initcall.txt,init_kgdboc,0.645232,0,1083
6,run5_initcall.txt,random_sysctls_init,0.647237,0,13
6,run5_initcall.txt,ttyprintk_init,0.649273,0,62
6,run5_initcall.txt,bcm2835_rng_driver_init,0.651345,0,63
6,run5_initcall.txt,bcm74110_rng_driver_init,0.65347,0,43
6,run5_initcall.txt,iproc_rng200_driver_init,0.657925,0,2354
6,run5_initcall.txt,smccc_trng_driver_init,0.660138,0,31
6,run5_initcall.txt,vc_mem_init,0.663635,0,1253
6,run5_initcall.txt,vcio_driver_init,0.667396,0,1475
6,run5_initcall.txt,bcm2712_iommu_driver_init,0.669841,0,46
6,run5_initcall.txt,bcm2712_iommu_cache_driver_init,0.672308,0,39
6,run5_initcall.txt,topology_sysfs_init,0.674865,0,62
6,run5_initcall.txt,cacheinfo_sysfs_init,0.677638,0,262
6,run5_initcall.txt,devcoredump_init,0.680181,0,9
6,run5_initcall.txt,brd_init,0.687826,0,5175
6,run5_initcall.txt,loop_init,0.694213,0,3878
6,run5_initcall.txt,bcm2835_pm_driver_init,0.698018,0,1347
6,run5_initcall.txt,stmpe_i2c_driver_init,0.700485,0,16
6,run5_initcall.txt,stmpe_spi_driver_init,0.702966,0,13
6,run5_initcall.txt,rp1_driver_init,0.705466,0,26
6,run5_initcall.txt,system_heap_create,0.708038,0,91
6,run5_initcall.txt,add_default_cma_heap,0.710616,0,81
6,run5_initcall.txt,udmabuf_dev_init,0.713145,0,48
6,run5_initcall.txt,iscsi_transport_init,0.717081,0,1497
6,run5_initcall.txt,init_sd,0.719593,0,23
6,run5_initcall.txt,nvme_core_init,0.722338,0,259
6,run5_initcall.txt,nvme_init,0.724866,0,29
6,run5_initcall.txt,blackhole_netdev_init,0.727372,0,16
6,run5_initcall.txt,netkit_init,0.729858,0,8
6,run5_initcall.txt,phylink_init,0.732285,0,0
6,run5_initcall.txt,phy_module_init,0.734924,0,174
6,run5_initcall.txt,phy_module_init,0.73756,0,177
6,run5_initcall.txt,fixed_mdio_bus_init,0.740182,0,154
6,run5_initcall.txt,phy_module_init,0.742812,0,163
6,run5_initcall.txt,phy_module_init,0.745285,0,22
6,run5_initcall.txt,phy_module_init,0.747753,0,60
6,run5_initcall.txt,unimac_mdio_driver_init,0.750272,0,128
6,run5_initcall.txt,macb_driver_init,0.752805,0,128
6,run5_initcall.txt,bcmgenet_driver_init,0.957856,0,202645
6,run5_initcall.txt,bcmasp_driver_init,0.960307,0,82
6,run5_initcall.txt,lan78xx_driver_init,0.96389,0,1212
6,run5_initcall.txt,smsc95xx_driver_init,0.967476,0,1217
6,run5_initcall.txt,usbnet_init,0.969891,0,0
6,run5_initcall.txt,xhci_hcd_init,0.972297,0,14
6,run5_initcall.txt,xhci_pci_init,1.100726,0,126040
6,run5_initcall.txt,xhci_plat_init,1.103136,0,122
6,run5_initcall.txt,dwc_otg_driver_init,1.110012,0,4582
6,run5_initcall.txt,dwc_common_port_init_module,1.113579,0,1315
6,run5_initcall.txt,dwc3_driver_init,1.115866,0,58
6,run5_initcall.txt,dwc3_haps_driver_init,1.118167,0,29
6,run5_initcall.txt,dwc3_of_simple_driver_init,1.120492,0,63
6,run5_initcall.txt,dwc3_generic_driver_init,1.122793,0,40
6,run5_initcall.txt,dwc2_platform_driver_init,1.125202,0,159
6,run5_initcall.txt,uas_init,1.128667,0,1225
6,run5_initcall.txt,usb_storage_driver_init,1.132007,0,1103
6,run5_initcall.txt,brcmstb_usb_pinmap_init,1.134303,-19,72
6,run5_initcall.txt,bdc_driver_init,1.136559,0,47
6,run5_initcall.txt,input_leds_init,1.138785,0,1
6,run5_initcall.txt,mousedev_init,1.142234,0,1220
6,run5_initcall.txt,evdev_init,1.144485,0,0
6,run5_initcall.txt,brcmstb_waketmr_driver_init,1.146811,0,50
6,run5_initcall.txt,rpi_rtc_driver_init,1.149077,0,41
6,run5_initcall.txt,init_rc_map_adstech_dvb_t_pci,1.151318,0,1
6,run5_initcall.txt,init_rc_map_alink_dtu_m,1.153568,0,0
6,run5_initcall.txt,init_rc_map_anysee,1.155803,0,0
6,run5_initcall.txt,init_rc_map_apac_viewcomp,1.15807,0,0
6,run5_initcall.txt,init_rc_map_t2hybrid,1.160343,0,0
6,run5_initcall.txt,init_rc_map_asus_pc39,1.1626,0,0
6,run5_initcall.txt,init_rc_map_asus_ps3_100,1.164807,0,0
6,run5_initcall.txt,init_rc_map_ati_tv_wonder_hd_600,1.167064,0,0
6,run5_initcall.txt,init_rc_map_ati_x10,1.169337,0,0
6,run5_initcall.txt,init_rc_map_avermedia_a16d,1.171633,0,0
6,run5_initcall.txt,init_rc_map_avermedia_cardbus,1.173934,0,0
6,run5_initcall.txt,init_rc_map_avermedia_dvbt,1.176219,0,0
6,run5_initcall.txt,init_rc_map_avermedia_m135a,1.178519,0,0
6,run5_initcall.txt,init_rc_map_avermedia_m733a_rm_k6,1.18085,0,9
6,run5_initcall.txt,init_rc_map_avermedia,1.183132,0,0
6,run5_initcall.txt,init_rc_map_avermedia_rm_ks,1.185443,0,0
6,run5_initcall.txt,init_rc_map_avertv_303,1.187751,0,0
6,run5_initcall.txt,init_rc_map_azurewave_ad_tu700,1.190058,0,0
6,run5_initcall.txt,init_rc_map_beelink_gs1,1.192351,0,0
6,run5_initcall.txt,init_rc_map_beelink_mxiii,1.194649,0,0
6,run5_initcall.txt,init_rc_map_behold_columbus,1.196947,0,0
6,run5_initcall.txt,init_rc_map_behold,1.199191,0,0
6,run5_initcall.txt,init_rc_map_budget_ci_old,1.201704,0,232
6,run5_initcall.txt,init_rc_map_cinergy_1400,1.203972,0,0
6,run5_initcall.txt,init_rc_map_cinergy,1.206226,0,0
6,run5_initcall.txt,init_rc_map_ct_90405,1.208467,0,0
6,run5_initcall.txt,init_rc_map_d680_dmb,1.210702,0,0
6,run5_initcall.txt,init_rc_map_delock_61959,1.21296,0,38
6,run5_initcall.txt,init_rc_map,1.215132,0,0
6,run5_initcall.txt,init_rc_map,1.217436,0,83
6,run5_initcall.txt,init_rc_map_digitalnow_tinytwin,1.219749,0,4
6,run5_initcall.txt,init_rc_map_digittrade,1.222043,0,2
6,run5_initcall.txt,init_rc_map_dm1105_nec,1.224358,0,0
6,run5_initcall.txt,init_rc_map_dntv_live_dvb_t,1.226547,0,1
6,run5_initcall.txt,init_rc_map_dntv_live_dvbt_pro,1.228743,0,0
6,run5_initcall.txt,init_rc_map_dreambox,1.230927,0,0
6,run5_initcall.txt,init_rc_map_dtt200u,1.233105,0,0
6,run5_initcall.txt,init_rc_map_rc5_dvbsky,1.235329,0,0
6,run5_initcall.txt,init_rc_map_dvico_mce,1.237627,0,103
6,run5_initcall.txt,init_rc_map_dvico_portable,1.239813,0,0
6,run5_initcall.txt,init_rc_map_em_terratec,1.241994,0,0
6,run5_initcall.txt,init_rc_map_encore_enltv2,1.244162,0,1
6,run5_initcall.txt,init_rc_map_encore_enltv_fm53,1.246353,0,0
6,run5_initcall.txt,init_rc_map_encore_enltv,1.248501,0,0
6,run5_initcall.txt,init_rc_map_evga_indtube,1.250677,0,0
6,run5_initcall.txt,init_rc_map_eztv,1.252835,0,0
6,run5_initcall.txt,init_rc_map_flydvb,1.254985,0,0
6,run5_initcall.txt,init_rc_map_flyvideo,1.257123,0,0
6,run5_initcall.txt,init_rc_map_fusionhdtv_mce,1.259254,0,0
6,run5_initcall.txt,init_rc_map_gadmei_rm008z,1.261383,0,0
6,run5_initcall.txt,init_rc_map_geekbox,1.2635,0,0
6,run5_initcall.txt,init_rc_map_genius_tvgo_a11mce,1.265577,0,0
6,run5_initcall.txt,init_rc_map_gotview7135,1.267694,0,0
6,run5_initcall.txt,init_rc_map_rc5_hauppauge_new,1.269821,0,0
6,run5_initcall.txt,init_rc_map_hisi_poplar,1.271943,0,0
6,run5_initcall.txt,init_rc_map_hisi_tv_demo,1.274082,0,0
6,run5_initcall.txt,init_rc_map_imon_mce,1.276208,0,0
6,run5_initcall.txt,init_rc_map_imon_pad,1.278345,0,0
6,run5_initcall.txt,init_rc_map_imon_rsc,1.280472,0,0
6,run5_initcall.txt,init_rc_map_iodata_bctv7e,1.282532,0,0
6,run5_initcall.txt,init_rc_it913x_v1_map,1.284645,0,0
6,run5_initcall.txt,init_rc_it913x_v2_map,1.286842,0,0
6,run5_initcall.txt,init_rc_map_kaiomy,1.288942,0,0
6,run5_initcall.txt,init_rc_map_khadas,1.291044,0,0
6,run5_initcall.txt,init_rc_map_khamsin,1.293142,0,0
6,run5_initcall.txt,init_rc_map_kworld_315u,1.295225,0,0
6,run5_initcall.txt,init_rc_map_kworld_pc150u,1.29731,0,0
6,run5_initcall.txt,init_rc_map_kworld_plus_tv_analog,1.299352,0,0
6,run5_initcall.txt,init_rc_map_leadtek_y04g0051,1.301446,0,0
6,run5_initcall.txt,init_rc_lme2510_map,1.303543,0,0
6,run5_initcall.txt,init_rc_map_manli,1.305655,0,0
6,run5_initcall.txt,init_rc_map_mecool_kiii_pro,1.307779,0,0
6,run5_initcall.txt,init_rc_map_mecool_kii_pro,1.309906,0,0
6,run5_initcall.txt,init_rc_map_medion_x10_digitainer,1.312026,0,0
6,run5_initcall.txt,init_rc_map_medion_x10,1.314132,0,0
6,run5_initcall.txt,init_rc_map_medion_x10_or2x,1.316214,0,0
6,run5_initcall.txt,init_rc_map_minix_neo,1.318331,0,0
6,run5_initcall.txt,init_rc_map_msi_digivox_iii,1.320456,0,0
6,run5_initcall.txt,init_rc_map_msi_digivox_ii,1.322603,0,0
6,run5_initcall.txt,init_rc_map_msi_tvanywhere,1.324749,0,0
6,run5_initcall.txt,init_rc_map_msi_tvanywhere_plus,1.326883,0,0
6,run5_initcall.txt,init_rc_map_mygica_utv3,1.32902,0,0
6,run5_initcall.txt,init_rc_map_nebula,1.331142,0,0
6,run5_initcall.txt,init_rc_map_nec_terratec_cinergy_xs,1.333264,0,0
6,run5_initcall.txt,init_rc_map_norwood,1.33541,0,0
6,run5_initcall.txt,init_rc_map_npgtech,1.337554,0,0
6,run5_initcall.txt,init_rc_map_odroid,1.339684,0,0
6,run5_initcall.txt,init_rc_map_pctv_sedna,1.343011,0,49
6,run5_initcall.txt,init_rc_map_pine64,1.345261,0,0
6,run5_initcall.txt,init_rc_map_pinnacle_color,1.34742,0,0
6,run5_initcall.txt,init_rc_map_pinnacle_grey,1.349544,0,0
6,run5_initcall.txt,init_rc_map_pinnacle_pctv_hd,1.351699,0,0
6,run5_initcall.txt,init_rc_map_pixelview,1.353864,0,0
6,run5_initcall.txt,init_rc_map_pixelview,1.35606,0,0
6,run5_initcall.txt,init_rc_map_pixelview_new,1.35824,0,0
6,run5_initcall.txt,init_rc_map_pixelview,1.360416,0,0
6,run5_initcall.txt,init_rc_map_powercolor_real_angel,1.362601,0,0
6,run5_initcall.txt,init_rc_map_proteus_2309,1.36475,0,0
6,run5_initcall.txt,init_rc_map_purpletv,1.366941,0,0
6,run5_initcall.txt,init_rc_map_pv951,1.369125,0,0
6,run5_initcall.txt,init_rc_map_rc6_mce,1.371295,0,0
6,run5_initcall.txt,init_rc_map_real_audio_220_32_keys,1.373472,0,0
6,run5_initcall.txt,init_rc_map_reddo,1.37564,0,0
6,run5_initcall.txt,init_rc_map_siemens_gigaset_rc20,1.377826,0,0
6,run5_initcall.txt,init_rc_map_snapstream_firefly,1.38,0,0
6,run5_initcall.txt,init_rc_map_streamzap,1.38215,0,0
6,run5_initcall.txt,init_rc_map_su3000,1.384344,0,0
6,run5_initcall.txt,init_rc_map_tanix_tx3mini,1.386535,0,0
6,run5_initcall.txt,init_rc_map_tanix_tx5max,1.388722,0,0
6,run5_initcall.txt,init_rc_map_tbs_nec,1.390907,0,0
6,run5_initcall.txt,init_rc_map,1.393142,0,0
6,run5_initcall.txt,init_rc_map,1.395337,0,0
6,run5_initcall.txt,init_rc_map_terratec_cinergy_c_pci,1.397526,0,0
6,run5_initcall.txt,init_rc_map_terratec_cinergy_s2_hd,1.399685,0,0
6,run5_initcall.txt,init_rc_map_terratec_cinergy_xs,1.401873,0,0
6,run5_initcall.txt,init_rc_map_terratec_slim_2,1.40405,0,0
6,run5_initcall.txt,init_rc_map_terratec_slim,1.406336,0,0
6,run5_initcall.txt,init_rc_map_tevii_nec,1.408534,0,0
6,run5_initcall.txt,init_rc_map_tivo,1.41072,0,0
6,run5_initcall.txt,init_rc_map_total_media_in_hand_02,1.412901,0,0
6,run5_initcall.txt,init_rc_map_total_media_in_hand,1.415046,0,0
6,run5_initcall.txt,init_rc_map_trekstor,1.417238,0,0
6,run5_initcall.txt,init_rc_map_tt_1500,1.41942,0,0
6,run5_initcall.txt,init_rc_map_twinhan_vp1027,1.421599,0,0
6,run5_initcall.txt,init_rc_map_twinhan_dtv_cab_ci,1.423787,0,0
6,run5_initcall.txt,init_rc_map_vega_s9x,1.425965,0,0
6,run5_initcall.txt,init_rc_map_videomate_k100,1.428129,0,0
6,run5_initcall.txt,init_rc_map_videomate_s350,1.430298,0,0
6,run5_initcall.txt,init_rc_map_videomate_tv_pvr,1.432407,0,0
6,run5_initcall.txt,init_rc_map_kii_pro,1.434545,0,0
6,run5_initcall.txt,init_rc_map_wetek_hub,1.436691,0,0
6,run5_initcall.txt,init_rc_map_wetek_play2,1.438835,0,0
6,run5_initcall.txt,init_rc_map_winfast,1.441144,0,149
6,run5_initcall.txt,init_rc_map_winfast_usbii_deluxe,1.443297,0,0
6,run5_initcall.txt,init_rc_map_x96max,1.445459,0,0
6,run5_initcall.txt,init_rc_map,1.447609,0,0
6,run5_initcall.txt,init_rc_map,1.449724,0,0
6,run5_initcall.txt,init_rc_map_zx_irdec,1.451859,0,0
6,run5_initcall.txt,ptp_kvm_init,1.454049,-95,1
6,run5_initcall.txt,gpio_poweroff_driver_init,1.456266,0,72
6,run5_initcall.txt,bcm2711_thermal_driver_init,1.459785,0,1363
6,run5_initcall.txt,bcm2835_thermal_driver_init,1.462091,0,69
6,run5_initcall.txt,bcm2835_wdt_driver_init,1.464288,0,27
6,run5_initcall.txt,dt_cpufreq_platdrv_init,1.466499,0,28
6,run5_initcall.txt,brcm_avs_cpufreq_platdrv_init,1.468763,0,41
6,run5_initcall.txt,raspberrypi_cpufreq_driver_init,1.474013,0,3026
6,run5_initcall.txt,mmc_pwrseq_simple_driver_init,1.476337,0,62
6,run5_initcall.txt,mmc_pwrseq_emmc_driver_init,1.478698,0,43
6,run5_initcall.txt,mmc_blk_init,1.482141,0,46
6,run5_initcall.txt,sdhci_drv_init,1.489176,0,2420
6,run5_initcall.txt,bcm2835_mmc_driver_init,1.495122,0,1258
6,run5_initcall.txt,bcm2835_driver_init,1.497556,0,51
6,run5_initcall.txt,sdhci_pltfm_drv_init,1.501115,0,1199
6,run5_initcall.txt,sdhci_iproc_driver_init,1.505983,0,88
6,run5_initcall.txt,sdhci_brcmstb_driver_init,1.506075,0,65
6,run5_initcall.txt,esrt_sysfs_init,1.506091,-38,1
6,run5_initcall.txt,smccc_devices_init,1.506101,0,0
6,run5_initcall.txt,smccc_soc_init,1.506111,0,0
6,run5_initcall.txt,arch_timer_mmio_drv_init,1.506158,0,38
6,run5_initcall.txt,arch_timer_mmio_acpi_drv_init,1.506193,0,25
6,run5_initcall.txt,hid_init,1.506272,0,69
6,run5_initcall.txt,hid_generic_init,1.506311,0,30
6,run5_initcall.txt,hid_init,1.506359,0,38
6,run5_initcall.txt,vchiq_driver_init,1.538944,0,32573
6,run5_initcall.txt,bcm74110_mbox_driver_init,1.541682,0,84
6,run5_initcall.txt,extcon_class_init,1.544527,0,11
6,run5_initcall.txt,armv8_pmu_driver_init,1.550403,0,3240
6,run5_initcall.txt,binder_init,1.552845,0,62
6,run5_initcall.txt,rpi_otp_driver_init,1.559001,0,3820
6,run5_initcall.txt,sock_diag_init,1.561305,0,35
6,run5_initcall.txt,blackhole_init,1.563558,0,1
6,run5_initcall.txt,cls_bpf_init_mod,1.565781,0,0
6,run5_initcall.txt,gre_offload_init,1.568021,0,0
6,run5_initcall.txt,sysctl_ipv4_init,1.570319,0,71
6,run5_initcall.txt,cubictcp_register,1.572538,0,2
6,run5_initcall.txt,packet_init,1.575858,0,1111
6,run5_initcall.txt,init_rpcsec_gss,1.578105,0,17
6,run5_initcall.txt,init_kerberos_module,1.580323,0,4
6,run5_initcall.txt,dcbnl_init,1.582512,0,2
6,run5_initcall.txt,init_dns_resolver,1.585833,0,1108
6,run5_initcall.txt,handshake_init,1.588084,0,29
6,run5_initcall.txt,check_mmu_enabled_at_boot,1.590346,0,0
6,run5_initcall.txt,finalize_pkvm,1.592594,0,0
6,run5_initcall.txt,kernel_do_mounts_initrd_sysctls_init,1.59605,0,6
6,run5_initcall.txt,kernel_panic_sysctls_init,1.598297,0,12
6,run5_initcall.txt,kernel_panic_sysfs_init,1.600563,0,5
6,run5_initcall.txt,kernel_exit_sysctls_init,1.602846,0,2
6,run5_initcall.txt,kernel_exit_sysfs_init,1.605151,0,2
6,run5_initcall.txt,param_sysfs_builtin_init,1.617145,0,9689
6,run5_initcall.txt,reboot_ksysfs_init,1.619537,0,21
6,run5_initcall.txt,sched_core_sysctl_init,1.621885,0,6
6,run5_initcall.txt,sched_fair_sysctl_init,1.624174,0,2
6,run5_initcall.txt,sched_rt_sysctl_init,1.62646,0,4
6,run5_initcall.txt,sched_dl_sysctl_init,1.628724,0,2
6,run5_initcall.txt,sched_init_debug,1.631006,0,80
6,run5_initcall.txt,cpu_latency_qos_init,1.633314,0,123
6,run5_initcall.txt,printk_late_init,1.635536,0,13
6,run5_initcall.txt,init_srcu_module_notifier,1.63793,0,103
6,run5_initcall.txt,kernel_rcu_stall_sysfs_init,1.6402,0,4
6,run5_initcall.txt,swiotlb_create_default_debugfs,1.642505,0,11
6,run5_initcall.txt,tk_debug_sleep_time_init,1.644819,0,2
6,run5_initcall.txt,bpf_ksym_iter_register,1.647138,0,1
6,run5_initcall.txt,kernel_acct_sysctls_init,1.649444,0,12
6,run5_initcall.txt,bpf_rstat_kfunc_init,1.651783,0,1
6,run5_initcall.txt,debugfs_kprobe_init,1.654155,0,8
6,run5_initcall.txt,kernel_delayacct_sysctls_init,1.656463,0,3
6,run5_initcall.txt,taskstats_init,1.660317,0,1169
6,run5_initcall.txt,ftrace_sysctl_init,1.663102,0,7
6,run5_initcall.txt,bpf_kprobe_multi_kfuncs_init,1.665398,0,0
6,run5_initcall.txt,kdb_ftrace_register,1.667718,0,9
6,run5_initcall.txt,bpf_global_ma_init,1.67013,0,78
6,run5_initcall.txt,bpf_syscall_sysctl_init,1.672455,0,6
6,run5_initcall.txt,unbound_reg_init,1.674774,0,0
6,run5_initcall.txt,kfunc_init,1.677093,0,7
6,run5_initcall.txt,bpf_map_iter_init,1.679405,0,1
6,run5_initcall.txt,init_subsystem,1.681933,0,255
6,run5_initcall.txt,task_iter_init,1.684226,0,1
6,run5_initcall.txt,bpf_prog_iter_init,1.68652,0,0
6,run5_initcall.txt,bpf_link_iter_init,1.688794,0,0
6,run5_initcall.txt,init_trampolines,1.691047,0,2
6,run5_initcall.txt,rqspinlock_register_kfuncs,1.6933,0,0
6,run5_initcall.txt,kfunc_init,1.695549,0,0
6,run5_initcall.txt,bpf_cgroup_iter_init,1.697791,0,5
6,run5_initcall.txt,cpumask_kfunc_init,1.700036,0,9
6,run5_initcall.txt,crypto_kfunc_init,1.702306,0,0
6,run5_initcall.txt,bpf_kmem_cache_iter_init,1.704571,0,0
6,run5_initcall.txt,dmabuf_iter_init,1.706841,0,0
6,run5_initcall.txt,load_system_certificate_list,1.710222,0,1124
6,run5_initcall.txt,init_lru_gen,1.712513,0,32
6,run5_initcall.txt,vmstat_late_init,1.714736,0,2
6,run5_initcall.txt,fault_around_debugfs,1.716978,0,4
6,run5_initcall.txt,slab_sysfs_init,1.723183,0,3974
6,run5_initcall.txt,max_swapfiles_check,1.725455,0,0
6,run5_initcall.txt,zswap_init,1.72768,0,0
6,run5_initcall.txt,mempolicy_sysfs_init,1.729944,0,17
6,run5_initcall.txt,memory_tier_late_init,1.734478,0,2341
6,run5_initcall.txt,check_early_ioremap_leak,1.736701,0,0
6,run5_initcall.txt,mg_debugfs_init,1.738959,0,16
6,run5_initcall.txt,fscrypt_init,1.743489,0,2290
6,run5_initcall.txt,pstore_init,1.745698,0,11
6,run5_initcall.txt,init_root_keyring,1.747903,0,35
6,run5_initcall.txt,init_profile_hash,1.750096,0,0
6,run5_initcall.txt,integrity_fs_init,1.752305,0,8
6,run5_initcall.txt,crypto_algapi_init,1.754518,0,9
6,run5_initcall.txt,blk_timeout_init,1.75672,0,0
6,run5_initcall.txt,depot_debugfs_init,1.758935,0,10
6,run5_initcall.txt,pci_resource_alignment_sysfs_init,1.761174,0,5
6,run5_initcall.txt,pci_sysfs_init,1.76342,0,11
6,run5_initcall.txt,clk_debug_init,1.766049,0,422
6,run5_initcall.txt,genpd_debug_init,1.768648,0,346
6,run5_initcall.txt,sync_state_resume_initcall,1.77093,0,1
6,run5_initcall.txt,deferred_probe_initcall,1.842302,0,69097
6,run5_initcall.txt,efi_shutdown_init,1.844571,-19,0
6,run5_initcall.txt,efi_earlycon_unmap_fb,1.846736,0,1
6,run5_initcall.txt,psci_debugfs_init,1.848827,0,0
6,run5_initcall.txt,of_cfs_init,1.853035,0,2108
6,run5_initcall.txt,of_fdt_raw_init,1.855117,0,28
6,run5_initcall.txt,bpf_kfunc_init,1.857197,0,2
6,run5_initcall.txt,init_subsystem,1.859268,0,0
6,run5_initcall.txt,xdp_metadata_init,1.861341,0,0
6,run5_initcall.txt,bpf_sockmap_iter_init,1.863408,0,1
6,run5_initcall.txt,bpf_sk_storage_map_iter_init,1.865452,0,0
6,run5_initcall.txt,bpf_prog_test_run_init,1.867533,0,1
6,run5_initcall.txt,bpf_dummy_struct_ops_init,1.869601,0,0
6,run5_initcall.txt,tcp_congestion_default,1.871668,0,1
6,run5_initcall.txt,inet_blackhole_dev_init,1.873733,0,7
6,run5_initcall.txt,ip_auto_config,1.875792,0,9
6,run5_initcall.txt,tcp_bpf_v4_build_proto,1.87785,0,1
6,run5_initcall.txt,udp_bpf_v4_build_proto,1.879863,0,0
6,run5_initcall.txt,bpf_tcp_ca_kfunc_init,1.881845,0,0
6,run5_initcall.txt,bpf_mptcp_kfunc_init,1.883861,0,0
6,run5_initcall.txt,latency_fsnotify_init,1.886924,0,22
6,run5_initcall.txt,trace_eval_sync,1.890003,0,11
6,run5_initcall.txt,late_trace_init,1.892092,0,0
6,run5_initcall.txt,fb_logo_late_init,1.894225,0,0
6,run5_initcall.txt,amba_stub_drv_init,1.896425,0,24
6,run5_initcall.txt,clk_disable_unused,1.903455,0,4844
6,run5_initcall.txt,genpd_power_off_unused,1.906887,0,1175
6,run5_initcall.txt,regulator_init_complete,1.909242,0,19
6,run5_initcall.txt,of_platform_sync_state_init,1.911607,0,40
7,run6_initcall.txt,cgwb_init,0.051878,0,0
7,run6_initcall.txt,percpu_enable_async,0.051893,0,0
7,run6_initcall.txt,kcompactd_init,0.052009,0,0
7,run6_initcall.txt,init_mm_sysctl,0.052027,0,0
7,run6_initcall.txt,init_user_reserve,0.052046,0,0
7,run6_initcall.txt,init_admin_reserve,0.052061,0,0
7,run6_initcall.txt,init_reserve_notifier,0.052076,0,0
7,run6_initcall.txt,swap_init,0.052097,0,0
7,run6_initcall.txt,swapfile_init,0.05212,0,0
7,run6_initcall.txt,memory_tier_init,0.052169,0,0
7,run6_initcall.txt,numa_init_sysfs,0.052189,0,0
7,run6_initcall.txt,mem_cgroup_swap_init,0.05224,0,0
7,run6_initcall.txt,init_msg_buckets,0.052258,0,0
7,run6_initcall.txt,init_bio,0.052307,0,0
7,run6_initcall.txt,blk_ioc_init,0.052327,0,0
7,run6_initcall.txt,blk_mq_init,0.052345,0,0
7,run6_initcall.txt,genhd_device_init,0.05245,0,0
7,run6_initcall.txt,blkcg_punt_bio_init,0.052552,0,0
7,run6_initcall.txt,blk_integrity_auto_init,0.052625,0,0
7,run6_initcall.txt,io_wq_init,0.052646,0,0
7,run6_initcall.txt,crc_t10dif_mod_init,0.052673,0,0
7,run6_initcall.txt,sha256_mod_init,0.052694,0,0
7,run6_initcall.txt,sha512_mod_init,0.052711,0,0
7,run6_initcall.txt,sg_pool_init,0.052743,0,0
7,run6_initcall.txt,gpiolib_debugfs_init,0.052767,0,0
7,run6_initcall.txt,stmpe_gpio_init,0.052871,0,0
7,run6_initcall.txt,pwm_init,0.052903,0,0
7,run6_initcall.txt,leds_init,0.052935,0,0
7,run6_initcall.txt,pci_slot_init,0.052958,0,0
7,run6_initcall.txt,fbmem_init,0.053017,0,0
7,run6_initcall.txt,bcm2835_dma_init,0.053745,0,0
7,run6_initcall.txt,regulator_fixed_voltage_init,0.053824,0,0
7,run6_initcall.txt,gpio_regulator_init,0.053881,0,0
7,run6_initcall.txt,init_sysrq_sysctl,0.053905,0,0
7,run6_initcall.txt,misc_init,0.053931,0,0
7,run6_initcall.txt,iommu_subsys_init,0.053964,0,0
7,run6_initcall.txt,register_cpu_capacity_sysctl,0.054556,0,0
7,run6_initcall.txt,dma_buf_init,0.054642,0,0
7,run6_initcall.txt,dma_heap_init,0.054674,0,0
7,run6_initcall.txt,init_scsi,0.054794,0,0
7,run6_initcall.txt,mdio_bus_init,0.054831,0,0
7,run6_initcall.txt,phy_init,0.054879,0,0
7,run6_initcall.txt,usb_common_init,0.054902,0,0
7,run6_initcall.txt,usb_init,0.055019,0,0
7,run6_initcall.txt,usb_phy_generic_init,0.055181,0,0
7,run6_initcall.txt,usb_udc_init,0.055217,0,0
7,run6_initcall.txt,usb_roles_init,0.055237,0,0
7,run6_initcall.txt,input_init,0.055266,0,0
7,run6_initcall.txt,rtc_init,0.055285,0,0
7,run6_initcall.txt,rc_core_init,0.055312,0,0
7,run6_initcall.txt,pps_init,0.055346,0,0
7,run6_initcall.txt,ptp_init,0.05537,0,0
7,run6_initcall.txt,power_supply_class_init,0.055402,0,0
7,run6_initcall.txt,hwmon_init,0.055426,0,0
7,run6_initcall.txt,mmc_init,0.055467,0,0
7,run6_initcall.txt,dmi_init,0.055486,0,0
7,run6_initcall.txt,efisubsys_init,0.055505,0,0
7,run6_initcall.txt,arm_pmu_hp_init,0.055524,0,0
7,run6_initcall.txt,ras_init,0.055546,0,0
7,run6_initcall.txt,nvmem_init,0.055582,0,0
7,run6_initcall.txt,init_soundcore,0.055603,0,0
7,run6_initcall.txt,proto_init,0.055623,0,0
7,run6_initcall.txt,net_dev_init,0.055861,0,0
7,run6_initcall.txt,neigh_init,0.055882,0,0
7,run6_initcall.txt,fib_notifier_init,0.055898,0,0
7,run6_initcall.txt,netdev_genl_init,0.055939,0,0
7,run6_initcall.txt,page_pool_user_init,0.055956,0,0
7,run6_initcall.txt,fib_rules_init,0.055974,0,0
7,run6_initcall.txt,init_cgroup_netprio,0.055992,0,0
7,run6_initcall.txt,bpf_lwt_init,0.056008,0,0
7,run6_initcall.txt,pktsched_init,0.056029,0,0
7,run6_initcall.txt,tc_filter_init,0.056061,0,0
7,run6_initcall.txt,tc_action_init,0.056079,0,0
7,run6_initcall.txt,ethnl_init,0.056152,0,0
7,run6_initcall.txt,nexthop_init,0.056174,0,0
7,run6_initcall.txt,devlink_init,0.056257,0,4000
7,run6_initcall.txt,wireless_nlevent_init,0.056278,0,0
7,run6_initcall.txt,vsprintf_init_hashval,0.056297,0,0
7,run6_initcall.txt,init_32bit_el0_mask,0.056314,0,0
7,run6_initcall.txt,vga_arb_device_init,0.056438,0,0
7,run6_initcall.txt,watchdog_init,0.056588,0,0
7,run6_initcall.txt,create_debug_debugfs_entry,0.056695,0,0
7,run6_initcall.txt,iomem_init_inode,0.056744,0,0
7,run6_initcall.txt,clocksource_done_booting,0.056793,0,13
7,run6_initcall.txt,tracer_init_tracefs,0.056827,0,13
7,run6_initcall.txt,init_trace_printk_function_export,0.05692,0,73
7,run6_initcall.txt,init_graph_tracefs,0.056944,0,3
7,run6_initcall.txt,bpf_event_init,0.056963,0,1
7,run6_initcall.txt,init_kprobe_trace,0.433245,0,376261
7,run6_initcall.txt,init_dynamic_event,0.433365,0,13
7,run6_initcall.txt,bpf_init,0.433404,0,20
7,run6_initcall.txt,secretmem_init,0.433486,0,53
7,run6_initcall.txt,init_fs_stat_sysctls,0.433524,0,18
7,run6_initcall.txt,init_fs_exec_sysctls,0.433544,0,1
7,run6_initcall.txt,init_pipe_fs,0.433576,0,14
7,run6_initcall.txt,init_fs_namei_sysctls,0.433604,0,8
7,run6_initcall.txt,init_fs_dcache_sysctls,0.433629,0,7
7,run6_initcall.txt,init_fs_namespace_sysctls,0.433649,0,1
7,run6_initcall.txt,cgroup_writeback_init,0.433678,0,9
7,run6_initcall.txt,inotify_user_setup,0.433715,0,16
7,run6_initcall.txt,eventpoll_init,0.433752,0,18
7,run6_initcall.txt,anon_inode_init,0.433784,0,11
7,run6_initcall.txt,proc_locks_init,0.433807,0,5
7,run6_initcall.txt,backing_aio_init,0.433824,0,2
7,run6_initcall.txt,init_fs_coredump_sysctls,0.433846,0,8
7,run6_initcall.txt,init_vm_drop_caches_sysctls,0.433864,0,2
7,run6_initcall.txt,iomap_dio_init,0.433904,0,25
7,run6_initcall.txt,iomap_ioend_init,0.433948,0,29
7,run6_initcall.txt,dquot_init,0.43414,0,175
7,run6_initcall.txt,proc_cmdline_init,0.434161,0,1
7,run6_initcall.txt,proc_consoles_init,0.434176,0,0
7,run6_initcall.txt,proc_cpuinfo_init,0.434191,0,1
7,run6_initcall.txt,proc_devices_init,0.434206,0,0
7,run6_initcall.txt,proc_interrupts_init,0.434221,0,1
7,run6_initcall.txt,proc_loadavg_init,0.434237,0,0
7,run6_initcall.txt,proc_meminfo_init,0.434252,0,0
7,run6_initcall.txt,proc_stat_init,0.434267,0,1
7,run6_initcall.txt,proc_uptime_init,0.434282,0,0
7,run6_initcall.txt,proc_version_init,0.434297,0,0
7,run6_initcall.txt,proc_softirqs_init,0.434314,0,3
7,run6_initcall.txt,proc_kmsg_init,0.43433,0,1
7,run6_initcall.txt,proc_page_init,0.434347,0,2
7,run6_initcall.txt,init_ramfs_fs,0.434363,0,1
7,run6_initcall.txt,aa_create_aafs,0.43438,0,0
7,run6_initcall.txt,chr_dev_init,0.437461,0,3062
7,run6_initcall.txt,hwrng_modinit,0.43755,0,54
7,run6_initcall.txt,firmware_class_init,0.437572,0,1
7,run6_initcall.txt,sysctl_core_init,0.437621,0,31
7,run6_initcall.txt,eth_offload_init,0.437638,0,0
7,run6_initcall.txt,ipv4_offload_init,0.437656,0,1
7,run6_initcall.txt,inet_init,0.44168,0,3999
7,run6_initcall.txt,af_unix_init,0.441734,0,21
7,run6_initcall.txt,ipv6_offload_init,0.441756,0,2
7,run6_initcall.txt,init_sunrpc,0.442141,0,367
7,run6_initcall.txt,vlan_offload_init,0.442172,0,0
7,run6_initcall.txt,pci_apply_final_quirks,0.442203,0,12
7,run6_initcall.txt,populate_rootfs,0.442227,0,5
7,run6_initcall.txt,register_arm64_panic_block,0.442344,0,1
7,run6_initcall.txt,cpuinfo_regs_init,0.442468,0,106
7,run6_initcall.txt,aarch32_el0_sysfs_init,0.44249,0,0
7,run6_initcall.txt,kvm_arm_init,0.445908,0,3400
7,run6_initcall.txt,proc_execdomains_init,0.445948,0,4
7,run6_initcall.txt,register_warn_debugfs,0.445977,0,4
7,run6_initcall.txt,cpuhp_sysfs_init,0.446019,0,24
7,run6_initcall.txt,ioresources_init,0.446039,0,3
7,run6_initcall.txt,psi_proc_init,0.446057,0,0
7,run6_initcall.txt,irq_gc_init_ops,0.446075,0,0
7,run6_initcall.txt,irq_debugfs_init,0.446182,0,88
7,run6_initcall.txt,proc_modules_init,0.446202,0,2
7,run6_initcall.txt,timer_sysctl_init,0.446225,0,9
7,run6_initcall.txt,timekeeping_init_ops,0.446241,0,0
7,run6_initcall.txt,init_clocksource_sysfs,0.446319,0,62
7,run6_initcall.txt,init_timer_list_procfs,0.446337,0,1
7,run6_initcall.txt,alarmtimer_init,0.44641,0,58
7,run6_initcall.txt,clockevents_init_sysfs,0.446541,0,115
7,run6_initcall.txt,sched_clock_syscore_init,0.446559,0,0
7,run6_initcall.txt,kallsyms_init,0.446576,0,2
7,run6_initcall.txt,pid_namespaces_init,0.446616,0,24
7,run6_initcall.txt,audit_watch_init,0.446636,0,1
7,run6_initcall.txt,audit_fsnotify_init,0.446652,0,0
7,run6_initcall.txt,audit_tree_init,0.44667,0,2
7,run6_initcall.txt,seccomp_sysctl_init,0.446691,0,5
7,run6_initcall.txt,utsname_sysctl_init,0.446713,0,5
7,run6_initcall.txt,init_tracepoints,0.44673,0,1
7,run6_initcall.txt,init_lstats_procfs,0.44675,0,3
7,run6_initcall.txt,stack_trace_init,0.446793,0,27
7,run6_initcall.txt,init_blk_tracer,0.446827,0,15
7,run6_initcall.txt,perf_event_sysfs_init,0.446943,0,97
7,run6_initcall.txt,system_trusted_keyring_init,0.446977,0,13
7,run6_initcall.txt,kswapd_init,0.447182,0,185
7,run6_initcall.txt,extfrag_debug_init,0.447211,0,8
7,run6_initcall.txt,mm_compute_batch_init,0.447229,0,0
7,run6_initcall.txt,slab_proc_init,0.447246,0,2
7,run6_initcall.txt,workingset_init,0.44727,0,8
7,run6_initcall.txt,proc_vmalloc_init,0.447286,0,1
7,run6_initcall.txt,memblock_init_debugfs,0.447306,0,5
7,run6_initcall.txt,slab_debugfs_init,0.447328,0,6
7,run6_initcall.txt,procswaps_init,0.447346,0,1
7,run6_initcall.txt,zs_init,0.447362,0,0
7,run6_initcall.txt,fcntl_init,0.447382,0,2
7,run6_initcall.txt,proc_filesystems_init,0.447401,0,1
7,run6_initcall.txt,start_dirtytime_writeback,0.447425,0,5
7,run6_initcall.txt,dio_init,0.447445,0,1
7,run6_initcall.txt,dnotify_init,0.447484,0,20
7,run6_initcall.txt,fanotify_user_setup,0.447513,0,9
7,run6_initcall.txt,aio_setup,0.447569,0,37
7,run6_initcall.txt,mbcache_init,0.447593,0,5
7,run6_initcall.txt,init_grace,0.447609,0,2
7,run6_initcall.txt,init_devpts_fs,0.447632,0,8
7,run6_initcall.txt,ext4_init_fs,0.447722,0,75
7,run6_initcall.txt,journal_init,0.447754,0,14
7,run6_initcall.txt,init_fat_fs,0.447775,0,5
7,run6_initcall.txt,init_vfat_fs,0.44779,0,1
7,run6_initcall.txt,init_msdos_fs,0.447805,0,0
7,run6_initcall.txt,init_nfs_fs,0.447958,0,137
7,run6_initcall.txt,init_nfs_v2,0.447978,0,0
7,run6_initcall.txt,init_nfs_v3,0.447993,0,0
7,run6_initcall.txt,init_nfs_v4,0.448041,0,33
7,run6_initcall.txt,nfs4filelayout_init,0.448064,0,6
7,run6_initcall.txt,nfs4flexfilelayout_init,0.448086,0,7
7,run6_initcall.txt,init_nlm,0.448134,0,31
7,run6_initcall.txt,init_nls_cp437,0.448151,0,0
7,run6_initcall.txt,init_nls_ascii,0.448166,0,0
7,run6_initcall.txt,init_autofs_fs,0.448322,0,138
7,run6_initcall.txt,init_f2fs_fs,0.448479,0,138
7,run6_initcall.txt,ipc_init,0.448512,0,13
7,run6_initcall.txt,ipc_sysctl_init,0.448546,0,17
7,run6_initcall.txt,init_mqueue_fs,0.448602,0,39
7,run6_initcall.txt,key_proc_init,0.448622,0,2
7,run6_initcall.txt,bpf_crypto_skcipher_init,0.448641,0,1
7,run6_initcall.txt,dh_init,0.448663,0,2
7,run6_initcall.txt,rsa_init,0.44868,0,1
7,run6_initcall.txt,cryptomgr_init,0.448697,0,0
7,run6_initcall.txt,hmac_module_init,0.448714,0,0
7,run6_initcall.txt,crypto_sha256_mod_init,0.448734,0,4
7,run6_initcall.txt,crypto_ecb_module_init,0.448752,0,0
7,run6_initcall.txt,crypto_cbc_module_init,0.448769,0,0
7,run6_initcall.txt,crypto_cts_module_init,0.448806,0,0
7,run6_initcall.txt,xts_module_init,0.448824,0,0
7,run6_initcall.txt,des_generic_mod_init,0.448843,0,2
7,run6_initcall.txt,aes_init,0.448861,0,0
7,run6_initcall.txt,lzo_mod_init,0.448878,0,1
7,run6_initcall.txt,lzorle_mod_init,0.448896,0,1
7,run6_initcall.txt,asymmetric_key_init,0.448918,0,5
7,run6_initcall.txt,x509_key_init,0.44894,0,5
7,run6_initcall.txt,crypto_kdf108_init,0.448957,0,0
7,run6_initcall.txt,blkdev_init,0.448987,0,13
7,run6_initcall.txt,proc_genhd_init,0.449008,0,2
7,run6_initcall.txt,bsg_init,0.449042,0,17
7,run6_initcall.txt,throtl_init,0.449139,0,80
7,run6_initcall.txt,deadline_init,0.449164,0,6
7,run6_initcall.txt,kyber_init,0.449186,0,4
7,run6_initcall.txt,bfq_init,0.449225,0,22
7,run6_initcall.txt,io_uring_init,0.449269,0,23
7,run6_initcall.txt,btree_module_init,0.449291,0,3
7,run6_initcall.txt,percpu_counter_startup,0.449351,0,41
7,run6_initcall.txt,audit_classes_init,0.449376,0,4
7,run6_initcall.txt,gicv5_iwb_platform_driver_init,0.449486,0,91
7,run6_initcall.txt,mip_msi_driver_init,0.449541,0,34
7,run6_initcall.txt,bcm7038_l1_driver_init,0.449595,0,34
7,run6_initcall.txt,bcm7120_l2_driver_init,0.449655,0,39
7,run6_initcall.txt,brcmstb_l2_driver_init,0.449952,0,275
7,run6_initcall.txt,simple_pm_bus_driver_init,0.450589,0,616
7,run6_initcall.txt,phy_core_init,0.450631,0,19
7,run6_initcall.txt,brcm_usb_driver_init,0.45072,0,69
7,run6_initcall.txt,rp1_pinctrl_driver_init,0.450774,0,34
7,run6_initcall.txt,bcm2835_pinctrl_driver_init,0.451628,0,833
7,run6_initcall.txt,bcm2712_pinctrl_driver_init,0.451716,0,57
7,run6_initcall.txt,brcmvirt_gpio_driver_init,0.451774,0,37
7,run6_initcall.txt,brcmstb_gpio_driver_init,0.45183,0,35
7,run6_initcall.txt,rpi_exp_gpio_driver_init,0.452243,0,391
7,run6_initcall.txt,brcmstb_pwm_driver_init,0.452298,0,36
7,run6_initcall.txt,rp1_pwm_driver_init,0.452349,0,35
7,run6_initcall.txt,gpio_led_driver_init,0.454105,0,1741
7,run6_initcall.txt,led_pwm_driver_init,0.454172,0,48
7,run6_initcall.txt,timer_led_trigger_init,0.454189,0,1
7,run6_initcall.txt,oneshot_led_trigger_init,0.454204,0,0
7,run6_initcall.txt,heartbeat_trig_init,0.454224,0,2
7,run6_initcall.txt,bl_led_trigger_init,0.454238,0,0
7,run6_initcall.txt,ledtrig_cpu_init,0.45431,0,58
7,run6_initcall.txt,defon_led_trigger_init,0.454358,0,33
7,run6_initcall.txt,input_trig_init,0.454376,0,1
7,run6_initcall.txt,ledtrig_panic_init,0.454391,0,1
7,run6_initcall.txt,actpwr_trig_init,0.454552,0,146
7,run6_initcall.txt,pcie_portdrv_init,0.454625,0,55
7,run6_initcall.txt,pci_proc_init,0.454649,0,8
7,run6_initcall.txt,brcm_pcie_driver_init,0.569728,0,115063
7,run6_initcall.txt,bcm2708_fb_init,0.569812,0,62
7,run6_initcall.txt,simplefb_driver_init,0.577026,0,7197
7,run6_initcall.txt,of_fixed_factor_clk_driver_init,0.577119,0,38
7,run6_initcall.txt,of_fixed_clk_driver_init,0.577205,0,33
7,run6_initcall.txt,gpio_clk_driver_init,0.577296,0,43
7,run6_initcall.txt,gated_fixed_clk_driver_init,0.57738,0,34
7,run6_initcall.txt,rp1_clk_driver_init,0.577463,0,35
7,run6_initcall.txt,rp1_sdio_clk_driver_init,0.577545,0,34
7,run6_initcall.txt,clk_dvp_driver_init,0.577741,0,148
7,run6_initcall.txt,bcm2835_aux_clk_driver_init,0.577858,0,64
7,run6_initcall.txt,raspberrypi_clk_driver_init,0.593436,0,15527
7,run6_initcall.txt,dw_driver_init,0.593535,0,50
7,run6_initcall.txt,bcm2835_power_driver_init,0.593605,0,23
7,run6_initcall.txt,rpi_power_driver_init,0.612305,0,18650
7,run6_initcall.txt,brcmstb_reset_driver_init,0.614378,0,43
7,run6_initcall.txt,brcm_rescal_reset_driver_init,0.616444,0,39
7,run6_initcall.txt,rpi_reset_driver_init,0.619563,0,1101
7,run6_initcall.txt,reset_simple_driver_init,0.621713,0,92
7,run6_initcall.txt,n_null_init,0.62374,0,1
7,run6_initcall.txt,pty_init,0.625848,0,87
7,run6_initcall.txt,sysrq_init,0.627887,0,12
7,run6_initcall.txt,serial8250_init,0.629868,-19,0
7,run6_initcall.txt,bcm2835aux_serial_driver_init,0.631931,0,43
7,run6_initcall.txt,brcmuart_init,0.634011,0,55
7,run6_initcall.txt,exar_pci_driver_init,0.636063,0,30
7,run6_initcall.txt,of_platform_serial_driver_init,0.6382,0,103
7,run6_initcall.txt,serial_pci_driver_init,0.640232,0,27
7,run6_initcall.txt,pericom8250_pci_driver_init,0.642259,0,21
7,run6_initcall.txt,init_kgdboc,0.645337,0,1075
7,run6_initcall.txt,random_sysctls_init,0.647316,0,13
7,run6_initcall.txt,ttyprintk_init,0.649383,0,60
7,run6_initcall.txt,bcm2835_rng_driver_init,0.651461,0,65
7,run6_initcall.txt,bcm74110_rng_driver_init,0.653576,0,40
7,run6_initcall.txt,iproc_rng200_driver_init,0.658024,0,2345
7,run6_initcall.txt,smccc_trng_driver_init,0.660238,0,26
7,run6_initcall.txt,vc_mem_init,0.663713,0,1262
7,run6_initcall.txt,vcio_driver_init,0.667527,0,1481
7,run6_initcall.txt,bcm2712_iommu_driver_init,0.669978,0,44
7,run6_initcall.txt,bcm2712_iommu_cache_driver_init,0.672454,0,40
7,run6_initcall.txt,topology_sysfs_init,0.675009,0,66
7,run6_initcall.txt,cacheinfo_sysfs_init,0.677785,0,246
7,run6_initcall.txt,devcoredump_init,0.680287,0,8
7,run6_initcall.txt,brd_init,0.687955,0,5151
7,run6_initcall.txt,loop_init,0.694402,0,3929
7,run6_initcall.txt,bcm2835_pm_driver_init,0.698196,0,1361
7,run6_initcall.txt,stmpe_i2c_driver_init,0.700671,0,15
7,run6_initcall.txt,stmpe_spi_driver_init,0.703143,0,13
7,run6_initcall.txt,rp1_driver_init,0.705643,0,32
7,run6_initcall.txt,system_heap_create,0.708196,0,78
7,run6_initcall.txt,add_default_cma_heap,0.710778,0,95
7,run6_initcall.txt,udmabuf_dev_init,0.713256,0,43
7,run6_initcall.txt,iscsi_transport_init,0.717204,0,1478
7,run6_initcall.txt,init_sd,0.71971,0,23
7,run6_initcall.txt,nvme_core_init,0.722449,0,253
7,run6_initcall.txt,nvme_init,0.724974,0,27
7,run6_initcall.txt,blackhole_netdev_init,0.727482,0,20
7,run6_initcall.txt,netkit_init,0.729921,0,5
7,run6_initcall.txt,phylink_init,0.732398,0,0
7,run6_initcall.txt,phy_module_init,0.735065,0,176
7,run6_initcall.txt,phy_module_init,0.737714,0,172
7,run6_initcall.txt,fixed_mdio_bus_init,0.740348,0,158
7,run6_initcall.txt,phy_module_init,0.743009,0,169
7,run6_initcall.txt,phy_module_init,0.745497,0,19
7,run6_initcall.txt,phy_module_init,0.74797,0,60
7,run6_initcall.txt,unimac_mdio_driver_init,0.750535,0,129
7,run6_initcall.txt,macb_driver_init,0.75309,0,124
7,run6_initcall.txt,bcmgenet_driver_init,0.958053,0,202549
7,run6_initcall.txt,bcmasp_driver_init,0.960575,0,86
7,run6_initcall.txt,lan78xx_driver_init,0.964223,0,1249
7,run6_initcall.txt,smsc95xx_driver_init,0.967965,0,1252
7,run6_initcall.txt,usbnet_init,0.970448,0,0
7,run6_initcall.txt,xhci_hcd_init,0.972951,0,16
7,run6_initcall.txt,xhci_pci_init,1.102441,0,127030
7,run6_initcall.txt,xhci_plat_init,1.104919,0,128
7,run6_initcall.txt,dwc_otg_driver_init,1.111921,0,4674
7,run6_initcall.txt,dwc_common_port_init_module,1.115521,0,1269
7,run6_initcall.txt,dwc3_driver_init,1.117885,0,57
7,run6_initcall.txt,dwc3_haps_driver_init,1.120205,0,23
7,run6_initcall.txt,dwc3_of_simple_driver_init,1.122579,0,63
7,run6_initcall.txt,dwc3_generic_driver_init,1.124932,0,41
7,run6_initcall.txt,dwc2_platform_driver_init,1.127376,0,161
7,run6_initcall.txt,uas_init,1.130849,0,1238
7,run6_initcall.txt,usb_storage_driver_init,1.134282,0,1155
7,run6_initcall.txt,brcmstb_usb_pinmap_init,1.136614,-19,67
7,run6_initcall.txt,bdc_driver_init,1.138929,0,48
7,run6_initcall.txt,input_leds_init,1.141202,0,1
7,run6_initcall.txt,mousedev_init,1.14473,0,1259
7,run6_initcall.txt,evdev_init,1.147042,0,0
7,run6_initcall.txt,brcmstb_waketmr_driver_init,1.149388,0,47
7,run6_initcall.txt,rpi_rtc_driver_init,1.151738,0,40
7,run6_initcall.txt,init_rc_map_adstech_dvb_t_pci,1.154054,0,0
7,run6_initcall.txt,init_rc_map_alink_dtu_m,1.156345,0,0
7,run6_initcall.txt,init_rc_map_anysee,1.158649,0,0
7,run6_initcall.txt,init_rc_map_apac_viewcomp,1.160962,0,0
7,run6_initcall.txt,init_rc_map_t2hybrid,1.163238,0,0
7,run6_initcall.txt,init_rc_map_asus_pc39,1.165546,0,0
7,run6_initcall.txt,init_rc_map_asus_ps3_100,1.167843,0,0
7,run6_initcall.txt,init_rc_map_ati_tv_wonder_hd_600,1.170147,0,0
7,run6_initcall.txt,init_rc_map_ati_x10,1.172464,0,0
7,run6_initcall.txt,init_rc_map_avermedia_a16d,1.174789,0,0
7,run6_initcall.txt,init_rc_map_avermedia_cardbus,1.177135,0,0
7,run6_initcall.txt,init_rc_map_avermedia_dvbt,1.179418,0,0
7,run6_initcall.txt,init_rc_map_avermedia_m135a,1.181779,0,9
7,run6_initcall.txt,init_rc_map_avermedia_m733a_rm_k6,1.184133,0,0
7,run6_initcall.txt,init_rc_map_avermedia,1.186503,0,0
7,run6_initcall.txt,init_rc_map_avermedia_rm_ks,1.188859,0,0
7,run6_initcall.txt,init_rc_map_avertv_303,1.191213,0,0
7,run6_initcall.txt,init_rc_map_azurewave_ad_tu700,1.193558,0,0
7,run6_initcall.txt,init_rc_map_beelink_gs1,1.195853,0,0
7,run6_initcall.txt,init_rc_map_beelink_mxiii,1.198198,0,0
7,run6_initcall.txt,init_rc_map_behold_columbus,1.200531,0,0
7,run6_initcall.txt,init_rc_map_behold,1.203114,0,0
7,run6_initcall.txt,init_rc_map_budget_ci_old,1.205446,0,0
7,run6_initcall.txt,init_rc_map_cinergy_1400,1.207771,0,0
7,run6_initcall.txt,init_rc_map_cinergy,1.210059,0,0
7,run6_initcall.txt,init_rc_map_ct_90405,1.212315,0,0
7,run6_initcall.txt,init_rc_map_d680_dmb,1.214612,0,0
7,run6_initcall.txt,init_rc_map_delock_61959,1.216944,0,84
7,run6_initcall.txt,init_rc_map,1.219299,0,3
7,run6_initcall.txt,init_rc_map,1.221645,0,3
7,run6_initcall.txt,init_rc_map_digitalnow_tinytwin,1.223888,0,0
7,run6_initcall.txt,init_rc_map_digittrade,1.226176,0,0
7,run6_initcall.txt,init_rc_map_dm1105_nec,1.228415,0,0
7,run6_initcall.txt,init_rc_map_dntv_live_dvb_t,1.2306,0,0
7,run6_initcall.txt,init_rc_map_dntv_live_dvbt_pro,1.232847,0,0
7,run6_initcall.txt,init_rc_map_dreambox,1.235092,0,0
7,run6_initcall.txt,init_rc_map_dtt200u,1.237337,0,0
7,run6_initcall.txt,init_rc_map_rc5_dvbsky,1.239574,0,0
7,run6_initcall.txt,init_rc_map_dvico_mce,1.241811,0,0
7,run6_initcall.txt,init_rc_map_dvico_portable,1.244042,0,0
7,run6_initcall.txt,init_rc_map_em_terratec,1.246222,0,0
7,run6_initcall.txt,init_rc_map_encore_enltv2,1.248446,0,0
7,run6_initcall.txt,init_rc_map_encore_enltv_fm53,1.25069,0,0
7,run6_initcall.txt,init_rc_map_encore_enltv,1.252942,0,0
7,run6_initcall.txt,init_rc_map_evga_indtube,1.255172,0,0
7,run6_initcall.txt,init_rc_map_eztv,1.2574,0,0
7,run6_initcall.txt,init_rc_map_flydvb,1.259612,0,0
7,run6_initcall.txt,init_rc_map_flyvideo,1.261814,0,0
7,run6_initcall.txt,init_rc_map_fusionhdtv_mce,1.263976,0,0
7,run6_initcall.txt,init_rc_map_gadmei_rm008z,1.266171,0,0
7,run6_initcall.txt,init_rc_map_geekbox,1.268355,0,0
7,run6_initcall.txt,init_rc_map_genius_tvgo_a11mce,1.270537,0,0
7,run6_initcall.txt,init_rc_map_gotview7135,1.272712,0,0
7,run6_initcall.txt,init_rc_map_rc5_hauppauge_new,1.274901,0,0
7,run6_initcall.txt,init_rc_map_hisi_poplar,1.277095,0,0
7,run6_initcall.txt,init_rc_map_hisi_tv_demo,1.279247,0,0
7,run6_initcall.txt,init_rc_map_imon_mce,1.281439,0,0
7,run6_initcall.txt,init_rc_map_imon_pad,1.283638,0,0
7,run6_initcall.txt,init_rc_map_imon_rsc,1.285821,0,0
7,run6_initcall.txt,init_rc_map_iodata_bctv7e,1.287967,0,0
7,run6_initcall.txt,init_rc_it913x_v1_map,1.29013,0,0
7,run6_initcall.txt,init_rc_it913x_v2_map,1.29228,0,0
7,run6_initcall.txt,init_rc_map_kaiomy,1.294429,0,0
7,run6_initcall.txt,init_rc_map_khadas,1.296534,0,0
7,run6_initcall.txt,init_rc_map_khamsin,1.298677,0,0
7,run6_initcall.txt,init_rc_map_kworld_315u,1.300812,0,0
7,run6_initcall.txt,init_rc_map_kworld_pc150u,1.302945,0,0
7,run6_initcall.txt,init_rc_map_kworld_plus_tv_analog,1.305088,0,0
7,run6_initcall.txt,init_rc_map_leadtek_y04g0051,1.307237,0,0
7,run6_initcall.txt,init_rc_lme2510_map,1.309393,0,0
7,run6_initcall.txt,init_rc_map_manli,1.311547,0,0
7,run6_initcall.txt,init_rc_map_mecool_kiii_pro,1.313678,0,0
7,run6_initcall.txt,init_rc_map_mecool_kii_pro,1.315848,0,0
7,run6_initcall.txt,init_rc_map_medion_x10_digitainer,1.31801,0,0
7,run6_initcall.txt,init_rc_map_medion_x10,1.320168,0,0
7,run6_initcall.txt,init_rc_map_medion_x10_or2x,1.322342,0,0
7,run6_initcall.txt,init_rc_map_minix_neo,1.324502,0,0
7,run6_initcall.txt,init_rc_map_msi_digivox_iii,1.326679,0,0
7,run6_initcall.txt,init_rc_map_msi_digivox_ii,1.328852,0,0
7,run6_initcall.txt,init_rc_map_msi_tvanywhere,1.33101,0,0
7,run6_initcall.txt,init_rc_map_msi_tvanywhere_plus,1.333187,0,0
7,run6_initcall.txt,init_rc_map_mygica_utv3,1.335351,0,0
7,run6_initcall.txt,init_rc_map_nebula,1.337528,0,0
7,run6_initcall.txt,init_rc_map_nec_terratec_cinergy_xs,1.339694,0,0
7,run6_initcall.txt,init_rc_map_norwood,1.341863,0,0
7,run6_initcall.txt,init_rc_map_npgtech,1.344033,0,0
7,run6_initcall.txt,init_rc_map_odroid,1.346158,0,0
7,run6_initcall.txt,init_rc_map_pctv_sedna,1.349417,0,0
7,run6_initcall.txt,init_rc_map_pine64,1.351593,0,0
7,run6_initcall.txt,init_rc_map_pinnacle_color,1.353793,0,0
7,run6_initcall.txt,init_rc_map_pinnacle_grey,1.355974,0,0
7,run6_initcall.txt,init_rc_map_pinnacle_pctv_hd,1.358164,0,0
7,run6_initcall.txt,init_rc_map_pixelview,1.360347,0,0
7,run6_initcall.txt,init_rc_map_pixelview,1.362499,0,0
7,run6_initcall.txt,init_rc_map_pixelview_new,1.364696,0,0
7,run6_initcall.txt,init_rc_map_pixelview,1.3669,0,0
7,run6_initcall.txt,init_rc_map_powercolor_real_angel,1.369105,0,0
7,run6_initcall.txt,init_rc_map_proteus_2309,1.37131,0,0
7,run6_initcall.txt,init_rc_map_purpletv,1.373512,0,0
7,run6_initcall.txt,init_rc_map_pv951,1.375695,0,0
7,run6_initcall.txt,init_rc_map_rc6_mce,1.377873,0,0
7,run6_initcall.txt,init_rc_map_real_audio_220_32_keys,1.380012,0,0
7,run6_initcall.txt,init_rc_map_reddo,1.382192,0,0
7,run6_initcall.txt,init_rc_map_siemens_gigaset_rc20,1.384381,0,0
7,run6_initcall.txt,init_rc_map_snapstream_firefly,1.386571,0,0
7,run6_initcall.txt,init_rc_map_streamzap,1.388766,0,0
7,run6_initcall.txt,init_rc_map_su3000,1.390991,0,0
7,run6_initcall.txt,init_rc_map_tanix_tx3mini,1.393186,0,0
7,run6_initcall.txt,init_rc_map_tanix_tx5max,1.395364,0,0
7,run6_initcall.txt,init_rc_map_tbs_nec,1.397531,0,0
7,run6_initcall.txt,init_rc_map,1.399745,0,0
7,run6_initcall.txt,init_rc_map,1.401963,0,0
7,run6_initcall.txt,init_rc_map_terratec_cinergy_c_pci,1.404161,0,0
7,run6_initcall.txt,init_rc_map_terratec_cinergy_s2_hd,1.406373,0,0
7,run6_initcall.txt,init_rc_map_terratec_cinergy_xs,1.408553,0,0
7,run6_initcall.txt,init_rc_map_terratec_slim_2,1.410745,0,0
7,run6_initcall.txt,init_rc_map_terratec_slim,1.412901,0,0
7,run6_initcall.txt,init_rc_map_tevii_nec,1.415083,0,0
7,run6_initcall.txt,init_rc_map_tivo,1.417275,0,0
7,run6_initcall.txt,init_rc_map_total_media_in_hand_02,1.419469,0,0
7,run6_initcall.txt,init_rc_map_total_media_in_hand,1.421675,0,0
7,run6_initcall.txt,init_rc_map_trekstor,1.423882,0,0
7,run6_initcall.txt,init_rc_map_tt_1500,1.426084,0,0
7,run6_initcall.txt,init_rc_map_twinhan_vp1027,1.428277,0,0
7,run6_initcall.txt,init_rc_map_twinhan_dtv_cab_ci,1.430453,0,0
7,run6_initcall.txt,init_rc_map_vega_s9x,1.432668,0,0
7,run6_initcall.txt,init_rc_map_videomate_k100,1.434875,0,0
7,run6_initcall.txt,init_rc_map_videomate_s350,1.437072,0,0
7,run6_initcall.txt,init_rc_map_videomate_tv_pvr,1.43926,0,0
7,run6_initcall.txt,init_rc_map_kii_pro,1.441441,0,0
7,run6_initcall.txt,init_rc_map_wetek_hub,1.443628,0,0
7,run6_initcall.txt,init_rc_map_wetek_play2,1.44601,0,231
7,run6_initcall.txt,init_rc_map_winfast,1.448186,0,0
7,run6_initcall.txt,init_rc_map_winfast_usbii_deluxe,1.450389,0,0
7,run6_initcall.txt,init_rc_map_x96max,1.452583,0,0
7,run6_initcall.txt,init_rc_map,1.454773,0,0
7,run6_initcall.txt,init_rc_map,1.456988,0,37
7,run6_initcall.txt,init_rc_map_zx_irdec,1.459165,0,0
7,run6_initcall.txt,ptp_kvm_init,1.461344,-95,0
7,run6_initcall.txt,gpio_poweroff_driver_init,1.463557,0,79
7,run6_initcall.txt,bcm2711_thermal_driver_init,1.46715,0,1403
7,run6_initcall.txt,bcm2835_thermal_driver_init,1.469418,0,57
7,run6_initcall.txt,bcm2835_wdt_driver_init,1.471647,0,26
7,run6_initcall.txt,dt_cpufreq_platdrv_init,1.473906,0,27
7,run6_initcall.txt,brcm_avs_cpufreq_platdrv_init,1.476193,0,41
7,run6_initcall.txt,raspberrypi_cpufreq_driver_init,1.481746,0,3288
7,run6_initcall.txt,mmc_pwrseq_simple_driver_init,1.484191,0,120
7,run6_initcall.txt,mmc_pwrseq_emmc_driver_init,1.490016,0,74
7,run6_initcall.txt,mmc_blk_init,1.493647,0,52
7,run6_initcall.txt,sdhci_drv_init,1.499385,0,2317
7,run6_initcall.txt,bcm2835_mmc_driver_init,1.502982,0,1247
7,run6_initcall.txt,bcm2835_driver_init,1.507694,0,44
7,run6_initcall.txt,sdhci_pltfm_drv_init,1.511262,0,1184
7,run6_initcall.txt,sdhci_iproc_driver_init,1.513701,0,79
7,run6_initcall.txt,sdhci_brcmstb_driver_init,1.51378,0,64
7,run6_initcall.txt,esrt_sysfs_init,1.513796,-38,1
7,run6_initcall.txt,smccc_devices_init,1.513807,0,1
7,run6_initcall.txt,smccc_soc_init,1.513818,0,1
7,run6_initcall.txt,arch_timer_mmio_drv_init,1.513863,0,37
7,run6_initcall.txt,arch_timer_mmio_acpi_drv_init,1.513896,0,24
7,run6_initcall.txt,hid_init,1.513975,0,69
7,run6_initcall.txt,hid_generic_init,1.514016,0,30
7,run6_initcall.txt,hid_init,1.514063,0,38
7,run6_initcall.txt,vchiq_driver_init,1.547549,0,33476
7,run6_initcall.txt,bcm74110_mbox_driver_init,1.550253,0,89
7,run6_initcall.txt,extcon_class_init,1.55289,0,9
7,run6_initcall.txt,armv8_pmu_driver_init,1.559022,0,3299
7,run6_initcall.txt,binder_init,1.561489,0,57
7,run6_initcall.txt,rpi_otp_driver_init,1.56754,0,3776
7,run6_initcall.txt,sock_diag_init,1.56984,0,28
7,run6_initcall.txt,blackhole_init,1.572126,0,2
7,run6_initcall.txt,cls_bpf_init_mod,1.57441,0,0
7,run6_initcall.txt,gre_offload_init,1.576689,0,0
7,run6_initcall.txt,sysctl_ipv4_init,1.578994,0,70
7,run6_initcall.txt,cubictcp_register,1.581259,0,11
7,run6_initcall.txt,packet_init,1.584626,0,1125
7,run6_initcall.txt,init_rpcsec_gss,1.586918,0,16
7,run6_initcall.txt,init_kerberos_module,1.589216,0,5
7,run6_initcall.txt,dcbnl_init,1.591489,0,2
7,run6_initcall.txt,init_dns_resolver,1.594917,0,1146
7,run6_initcall.txt,handshake_init,1.597214,0,30
7,run6_initcall.txt,check_mmu_enabled_at_boot,1.59951,0,0
7,run6_initcall.txt,finalize_pkvm,1.601853,0,6
7,run6_initcall.txt,kernel_do_mounts_initrd_sysctls_init,1.60548,0,56
7,run6_initcall.txt,kernel_panic_sysctls_init,1.607891,0,12
7,run6_initcall.txt,kernel_panic_sysfs_init,1.610337,0,52
7,run6_initcall.txt,kernel_exit_sysctls_init,1.612768,0,43
7,run6_initcall.txt,kernel_exit_sysfs_init,1.615144,0,3
7,run6_initcall.txt,param_sysfs_builtin_init,1.627506,0,9988
7,run6_initcall.txt,reboot_ksysfs_init,1.630003,0,57
7,run6_initcall.txt,sched_core_sysctl_init,1.632438,0,33
7,run6_initcall.txt,sched_fair_sysctl_init,1.635118,0,3
7,run6_initcall.txt,sched_rt_sysctl_init,1.63749,0,6
7,run6_initcall.txt,sched_dl_sysctl_init,1.639828,0,2
7,run6_initcall.txt,sched_init_debug,1.642209,0,83
7,run6_initcall.txt,cpu_latency_qos_init,1.644631,0,137
7,run6_initcall.txt,printk_late_init,1.646964,0,19
7,run6_initcall.txt,init_srcu_module_notifier,1.649907,0,585
7,run6_initcall.txt,kernel_rcu_stall_sysfs_init,1.6523,0,8
7,run6_initcall.txt,swiotlb_create_default_debugfs,1.654722,0,40
7,run6_initcall.txt,tk_debug_sleep_time_init,1.657124,0,3
7,run6_initcall.txt,bpf_ksym_iter_register,1.659537,0,1
7,run6_initcall.txt,kernel_acct_sysctls_init,1.661984,0,19
7,run6_initcall.txt,bpf_rstat_kfunc_init,1.664368,0,1
7,run6_initcall.txt,debugfs_kprobe_init,1.666796,0,12
7,run6_initcall.txt,kernel_delayacct_sysctls_init,1.66921,0,5
7,run6_initcall.txt,taskstats_init,1.672846,0,1233
7,run6_initcall.txt,ftrace_sysctl_init,1.675246,0,2
7,run6_initcall.txt,bpf_kprobe_multi_kfuncs_init,1.677657,0,0
7,run6_initcall.txt,kdb_ftrace_register,1.680016,0,8
7,run6_initcall.txt,bpf_global_ma_init,1.682497,0,92
7,run6_initcall.txt,bpf_syscall_sysctl_init,1.685129,0,226
7,run6_initcall.txt,unbound_reg_init,1.687514,0,0
7,run6_initcall.txt,kfunc_init,1.689892,0,6
7,run6_initcall.txt,bpf_map_iter_init,1.692249,0,0
7,run6_initcall.txt,init_subsystem,1.694608,0,0
7,run6_initcall.txt,task_iter_init,1.696912,0,1
7,run6_initcall.txt,bpf_prog_iter_init,1.699247,0,2
7,run6_initcall.txt,bpf_link_iter_init,1.701574,0,5
7,run6_initcall.txt,init_trampolines,1.703883,0,2
7,run6_initcall.txt,rqspinlock_register_kfuncs,1.70619,0,0
7,run6_initcall.txt,kfunc_init,1.708488,0,0
7,run6_initcall.txt,bpf_cgroup_iter_init,1.710799,0,0
7,run6_initcall.txt,cpumask_kfunc_init,1.713067,0,7
7,run6_initcall.txt,crypto_kfunc_init,1.715385,0,0
7,run6_initcall.txt,bpf_kmem_cache_iter_init,1.717719,0,5
7,run6_initcall.txt,dmabuf_iter_init,1.72004,0,0
7,run6_initcall.txt,load_system_certificate_list,1.723486,0,1140
7,run6_initcall.txt,init_lru_gen,1.725824,0,21
7,run6_initcall.txt,vmstat_late_init,1.728128,0,2
7,run6_initcall.txt,fault_around_debugfs,1.730379,0,3
7,run6_initcall.txt,slab_sysfs_init,1.736602,0,3946
7,run6_initcall.txt,max_swapfiles_check,1.738984,0,0
7,run6_initcall.txt,zswap_init,1.741266,0,0
7,run6_initcall.txt,mempolicy_sysfs_init,1.743568,0,18
7,run6_initcall.txt,memory_tier_late_init,1.748175,0,2360
7,run6_initcall.txt,check_early_ioremap_leak,1.750469,0,0
7,run6_initcall.txt,mg_debugfs_init,1.752758,0,16
7,run6_initcall.txt,fscrypt_init,1.757399,0,2335
7,run6_initcall.txt,pstore_init,1.759653,0,12
7,run6_initcall.txt,init_root_keyring,1.761935,0,40
7,run6_initcall.txt,init_profile_hash,1.764145,0,0
7,run6_initcall.txt,integrity_fs_init,1.766456,0,24
7,run6_initcall.txt,crypto_algapi_init,1.768733,0,11
7,run6_initcall.txt,blk_timeout_init,1.771012,0,0
7,run6_initcall.txt,depot_debugfs_init,1.773317,0,12
7,run6_initcall.txt,pci_resource_alignment_sysfs_init,1.775611,0,5
7,run6_initcall.txt,pci_sysfs_init,1.777934,0,12
7,run6_initcall.txt,clk_debug_init,1.780628,0,425
7,run6_initcall.txt,genpd_debug_init,1.783344,0,374
7,run6_initcall.txt,sync_state_resume_initcall,1.785687,0,1
7,run6_initcall.txt,deferred_probe_initcall,1.858578,0,70541
7,run6_initcall.txt,efi_shutdown_init,1.860802,-19,0
7,run6_initcall.txt,efi_earlycon_unmap_fb,1.863044,0,2
7,run6_initcall.txt,psci_debugfs_init,1.865231,0,1
7,run6_initcall.txt,of_cfs_init,1.869548,0,2168
7,run6_initcall.txt,of_fdt_raw_init,1.871686,0,29
7,run6_initcall.txt,bpf_kfunc_init,1.87381,0,2
7,run6_initcall.txt,init_subsystem,1.875927,0,0
7,run6_initcall.txt,xdp_metadata_init,1.878049,0,0
7,run6_initcall.txt,bpf_sockmap_iter_init,1.880111,0,2
7,run6_initcall.txt,bpf_sk_storage_map_iter_init,1.882237,0,0
7,run6_initcall.txt,bpf_prog_test_run_init,1.884363,0,1
7,run6_initcall.txt,bpf_dummy_struct_ops_init,1.886478,0,0
7,run6_initcall.txt,tcp_congestion_default,1.888585,0,1
7,run6_initcall.txt,inet_blackhole_dev_init,1.89069,0,7
7,run6_initcall.txt,ip_auto_config,1.892797,0,10
7,run6_initcall.txt,tcp_bpf_v4_build_proto,1.894892,0,1
7,run6_initcall.txt,udp_bpf_v4_build_proto,1.896914,0,0
7,run6_initcall.txt,bpf_tcp_ca_kfunc_init,1.898972,0,0
7,run6_initcall.txt,bpf_mptcp_kfunc_init,1.901058,0,1
7,run6_initcall.txt,latency_fsnotify_init,1.904202,0,30
7,run6_initcall.txt,trace_eval_sync,1.907359,0,11
7,run6_initcall.txt,late_trace_init,1.909522,0,0
7,run6_initcall.txt,fb_logo_late_init,1.911719,0,0
7,run6_initcall.txt,amba_stub_drv_init,1.913965,0,26
7,run6_initcall.txt,clk_disable_unused,1.921129,0,4880
7,run6_initcall.txt,genpd_power_off_unused,1.924618,0,1177
7,run6_initcall.txt,regulator_init_complete,1.926992,0,1
7,run6_initcall.txt,of_platform_sync_state_init,1.929323,0,17
8,run7_initcall.txt,cgwb_init,0.051801,0,0
8,run7_initcall.txt,percpu_enable_async,0.051815,0,0
8,run7_initcall.txt,kcompactd_init,0.051927,0,0
8,run7_initcall.txt,init_mm_sysctl,0.051946,0,0
8,run7_initcall.txt,init_user_reserve,0.051964,0,0
8,run7_initcall.txt,init_admin_reserve,0.05198,0,0
8,run7_initcall.txt,init_reserve_notifier,0.051995,0,0
8,run7_initcall.txt,swap_init,0.052016,0,0
8,run7_initcall.txt,swapfile_init,0.052039,0,0
8,run7_initcall.txt,memory_tier_init,0.052087,0,0
8,run7_initcall.txt,numa_init_sysfs,0.052108,0,0
8,run7_initcall.txt,mem_cgroup_swap_init,0.052124,0,0
8,run7_initcall.txt,init_msg_buckets,0.052142,0,0
8,run7_initcall.txt,init_bio,0.05219,0,0
8,run7_initcall.txt,blk_ioc_init,0.052247,0,0
8,run7_initcall.txt,blk_mq_init,0.052265,0,0
8,run7_initcall.txt,genhd_device_init,0.052368,0,0
8,run7_initcall.txt,blkcg_punt_bio_init,0.052468,0,0
8,run7_initcall.txt,blk_integrity_auto_init,0.052543,0,0
8,run7_initcall.txt,io_wq_init,0.052564,0,0
8,run7_initcall.txt,crc_t10dif_mod_init,0.052591,0,0
8,run7_initcall.txt,sha256_mod_init,0.052611,0,0
8,run7_initcall.txt,sha512_mod_init,0.052628,0,0
8,run7_initcall.txt,sg_pool_init,0.052659,0,0
8,run7_initcall.txt,gpiolib_debugfs_init,0.052682,0,0
8,run7_initcall.txt,stmpe_gpio_init,0.052779,0,0
8,run7_initcall.txt,pwm_init,0.05281,0,0
8,run7_initcall.txt,leds_init,0.052844,0,0
8,run7_initcall.txt,pci_slot_init,0.052865,0,0
8,run7_initcall.txt,fbmem_init,0.052921,0,0
8,run7_initcall.txt,bcm2835_dma_init,0.053659,0,0
8,run7_initcall.txt,regulator_fixed_voltage_init,0.053738,0,0
8,run7_initcall.txt,gpio_regulator_init,0.053792,0,0
8,run7_initcall.txt,init_sysrq_sysctl,0.053816,0,0
8,run7_initcall.txt,misc_init,0.053842,0,0
8,run7_initcall.txt,iommu_subsys_init,0.053878,0,0
8,run7_initcall.txt,register_cpu_capacity_sysctl,0.054465,0,0
8,run7_initcall.txt,dma_buf_init,0.054532,0,0
8,run7_initcall.txt,dma_heap_init,0.054561,0,0
8,run7_initcall.txt,init_scsi,0.054664,0,0
8,run7_initcall.txt,mdio_bus_init,0.054699,0,0
8,run7_initcall.txt,phy_init,0.054746,0,0
8,run7_initcall.txt,usb_common_init,0.054768,0,0
8,run7_initcall.txt,usb_init,0.054882,0,0
8,run7_initcall.txt,usb_phy_generic_init,0.055033,0,0
8,run7_initcall.txt,usb_udc_init,0.055065,0,0
8,run7_initcall.txt,usb_roles_init,0.055084,0,0
8,run7_initcall.txt,input_init,0.05511,0,0
8,run7_initcall.txt,rtc_init,0.055128,0,0
8,run7_initcall.txt,rc_core_init,0.055155,0,0
8,run7_initcall.txt,pps_init,0.055189,0,0
8,run7_initcall.txt,ptp_init,0.055214,0,0
8,run7_initcall.txt,power_supply_class_init,0.055249,0,0
8,run7_initcall.txt,hwmon_init,0.055271,0,0
8,run7_initcall.txt,mmc_init,0.055312,0,0
8,run7_initcall.txt,dmi_init,0.05533,0,0
8,run7_initcall.txt,efisubsys_init,0.055349,0,0
8,run7_initcall.txt,arm_pmu_hp_init,0.055369,0,0
8,run7_initcall.txt,ras_init,0.055393,0,0
8,run7_initcall.txt,nvmem_init,0.055433,0,0
8,run7_initcall.txt,init_soundcore,0.055455,0,0
8,run7_initcall.txt,proto_init,0.055475,0,0
8,run7_initcall.txt,net_dev_init,0.055714,0,0
8,run7_initcall.txt,neigh_init,0.055735,0,0
8,run7_initcall.txt,fib_notifier_init,0.055752,0,0
8,run7_initcall.txt,netdev_genl_init,0.055793,0,0
8,run7_initcall.txt,page_pool_user_init,0.05581,0,0
8,run7_initcall.txt,fib_rules_init,0.055829,0,0
8,run7_initcall.txt,init_cgroup_netprio,0.055845,0,0
8,run7_initcall.txt,bpf_lwt_init,0.055862,0,0
8,run7_initcall.txt,pktsched_init,0.055884,0,0
8,run7_initcall.txt,tc_filter_init,0.055917,0,0
8,run7_initcall.txt,tc_action_init,0.055934,0,0
8,run7_initcall.txt,ethnl_init,0.056007,0,0
8,run7_initcall.txt,nexthop_init,0.056029,0,0
8,run7_initcall.txt,devlink_init,0.056113,0,0
8,run7_initcall.txt,wireless_nlevent_init,0.056133,0,0
8,run7_initcall.txt,vsprintf_init_hashval,0.056155,0,0
8,run7_initcall.txt,init_32bit_el0_mask,0.056172,0,0
8,run7_initcall.txt,vga_arb_device_init,0.056318,0,4000
8,run7_initcall.txt,watchdog_init,0.056447,0,0
8,run7_initcall.txt,create_debug_debugfs_entry,0.056557,0,0
8,run7_initcall.txt,iomem_init_inode,0.056603,0,0
8,run7_initcall.txt,clocksource_done_booting,0.056653,0,14
8,run7_initcall.txt,tracer_init_tracefs,0.056684,0,10
8,run7_initcall.txt,init_trace_printk_function_export,0.05674,0,36
8,run7_initcall.txt,init_graph_tracefs,0.056786,0,25
8,run7_initcall.txt,bpf_event_init,0.056805,0,2
8,run7_initcall.txt,init_kprobe_trace,0.433191,0,376364
8,run7_initcall.txt,init_dynamic_event,0.433303,0,7
8,run7_initcall.txt,bpf_init,0.433346,0,24
8,run7_initcall.txt,secretmem_init,0.433425,0,52
8,run7_initcall.txt,init_fs_stat_sysctls,0.433469,0,25
8,run7_initcall.txt,init_fs_exec_sysctls,0.433489,0,1
8,run7_initcall.txt,init_pipe_fs,0.433523,0,15
8,run7_initcall.txt,init_fs_namei_sysctls,0.433544,0,2
8,run7_initcall.txt,init_fs_dcache_sysctls,0.433569,0,7
8,run7_initcall.txt,init_fs_namespace_sysctls,0.433589,0,1
8,run7_initcall.txt,cgroup_writeback_init,0.433617,0,9
8,run7_initcall.txt,inotify_user_setup,0.433654,0,16
8,run7_initcall.txt,eventpoll_init,0.433689,0,16
8,run7_initcall.txt,anon_inode_init,0.43372,0,11
8,run7_initcall.txt,proc_locks_init,0.433743,0,5
8,run7_initcall.txt,backing_aio_init,0.43376,0,2
8,run7_initcall.txt,init_fs_coredump_sysctls,0.433781,0,7
8,run7_initcall.txt,init_vm_drop_caches_sysctls,0.433799,0,3
8,run7_initcall.txt,iomap_dio_init,0.433839,0,24
8,run7_initcall.txt,iomap_ioend_init,0.433879,0,25
8,run7_initcall.txt,dquot_init,0.43408,0,184
8,run7_initcall.txt,proc_cmdline_init,0.434109,0,6
8,run7_initcall.txt,proc_consoles_init,0.434126,0,1
8,run7_initcall.txt,proc_cpuinfo_init,0.434142,0,1
8,run7_initcall.txt,proc_devices_init,0.434157,0,0
8,run7_initcall.txt,proc_interrupts_init,0.434174,0,1
8,run7_initcall.txt,proc_loadavg_init,0.434191,0,0
8,run7_initcall.txt,proc_meminfo_init,0.434206,0,0
8,run7_initcall.txt,proc_stat_init,0.434222,0,1
8,run7_initcall.txt,proc_uptime_init,0.434237,0,1
8,run7_initcall.txt,proc_version_init,0.434252,0,1
8,run7_initcall.txt,proc_softirqs_init,0.434267,0,0
8,run7_initcall.txt,proc_kmsg_init,0.434282,0,1
8,run7_initcall.txt,proc_page_init,0.434298,0,2
8,run7_initcall.txt,init_ramfs_fs,0.434316,0,2
8,run7_initcall.txt,aa_create_aafs,0.434332,0,0
8,run7_initcall.txt,chr_dev_init,0.437457,0,3105
8,run7_initcall.txt,hwrng_modinit,0.437544,0,47
8,run7_initcall.txt,firmware_class_init,0.437566,0,1
8,run7_initcall.txt,sysctl_core_init,0.437616,0,32
8,run7_initcall.txt,eth_offload_init,0.437635,0,1
8,run7_initcall.txt,ipv4_offload_init,0.43766,0,1
8,run7_initcall.txt,inet_init,0.441623,0,3945
8,run7_initcall.txt,af_unix_init,0.441683,0,22
8,run7_initcall.txt,ipv6_offload_init,0.441703,0,2
8,run7_initcall.txt,init_sunrpc,0.442086,0,365
8,run7_initcall.txt,vlan_offload_init,0.442115,0,0
8,run7_initcall.txt,pci_apply_final_quirks,0.442145,0,12
8,run7_initcall.txt,populate_rootfs,0.442171,0,8
8,run7_initcall.txt,register_arm64_panic_block,0.442291,0,1
8,run7_initcall.txt,cpuinfo_regs_init,0.442407,0,97
8,run7_initcall.txt,aarch32_el0_sysfs_init,0.442429,0,0
8,run7_initcall.txt,kvm_arm_init,0.445932,0,3484
8,run7_initcall.txt,proc_execdomains_init,0.445969,0,3
8,run7_initcall.txt,register_warn_debugfs,0.446001,0,7
8,run7_initcall.txt,cpuhp_sysfs_init,0.446047,0,29
8,run7_initcall.txt,ioresources_init,0.446068,0,4
8,run7_initcall.txt,psi_proc_init,0.446087,0,0
8,run7_initcall.txt,irq_gc_init_ops,0.446105,0,0
8,run7_initcall.txt,irq_debugfs_init,0.446201,0,78
8,run7_initcall.txt,proc_modules_init,0.446221,0,2
8,run7_initcall.txt,timer_sysctl_init,0.446245,0,10
8,run7_initcall.txt,timekeeping_init_ops,0.446261,0,0
8,run7_initcall.txt,init_clocksource_sysfs,0.446335,0,58
8,run7_initcall.txt,init_timer_list_procfs,0.446353,0,1
8,run7_initcall.txt,alarmtimer_init,0.446428,0,60
8,run7_initcall.txt,clockevents_init_sysfs,0.446556,0,111
8,run7_initcall.txt,sched_clock_syscore_init,0.446573,0,0
8,run7_initcall.txt,kallsyms_init,0.446591,0,2
8,run7_initcall.txt,pid_namespaces_init,0.446628,0,22
8,run7_initcall.txt,audit_watch_init,0.446647,0,0
8,run7_initcall.txt,audit_fsnotify_init,0.446663,0,0
8,run7_initcall.txt,audit_tree_init,0.446681,0,2
8,run7_initcall.txt,seccomp_sysctl_init,0.446702,0,5
8,run7_initcall.txt,utsname_sysctl_init,0.446723,0,5
8,run7_initcall.txt,init_tracepoints,0.446741,0,1
8,run7_initcall.txt,init_lstats_procfs,0.446759,0,2
8,run7_initcall.txt,stack_trace_init,0.446802,0,25
8,run7_initcall.txt,init_blk_tracer,0.446835,0,14
8,run7_initcall.txt,perf_event_sysfs_init,0.446956,0,101
8,run7_initcall.txt,system_trusted_keyring_init,0.446995,0,18
8,run7_initcall.txt,kswapd_init,0.447203,0,188
8,run7_initcall.txt,extfrag_debug_init,0.447245,0,21
8,run7_initcall.txt,mm_compute_batch_init,0.447264,0,1
8,run7_initcall.txt,slab_proc_init,0.447282,0,2
8,run7_initcall.txt,workingset_init,0.447305,0,8
8,run7_initcall.txt,proc_vmalloc_init,0.447321,0,1
8,run7_initcall.txt,memblock_init_debugfs,0.447343,0,6
8,run7_initcall.txt,slab_debugfs_init,0.447364,0,4
8,run7_initcall.txt,procswaps_init,0.447383,0,2
8,run7_initcall.txt,zs_init,0.447399,0,0
8,run7_initcall.txt,fcntl_init,0.447419,0,3
8,run7_initcall.txt,proc_filesystems_init,0.447438,0,1
8,run7_initcall.txt,start_dirtytime_writeback,0.447463,0,5
8,run7_initcall.txt,dio_init,0.447483,0,1
8,run7_initcall.txt,dnotify_init,0.447518,0,16
8,run7_initcall.txt,fanotify_user_setup,0.447547,0,9
8,run7_initcall.txt,aio_setup,0.447617,0,50
8,run7_initcall.txt,mbcache_init,0.447641,0,5
8,run7_initcall.txt,init_grace,0.447657,0,2
8,run7_initcall.txt,init_devpts_fs,0.44768,0,8
8,run7_initcall.txt,ext4_init_fs,0.447787,0,92
8,run7_initcall.txt,journal_init,0.44782,0,16
8,run7_initcall.txt,init_fat_fs,0.44784,0,5
8,run7_initcall.txt,init_vfat_fs,0.447856,0,0
8,run7_initcall.txt,init_msdos_fs,0.447871,0,0
8,run7_initcall.txt,init_nfs_fs,0.448049,0,163
8,run7_initcall.txt,init_nfs_v2,0.44807,0,0
8,run7_initcall.txt,init_nfs_v3,0.448084,0,0
8,run7_initcall.txt,init_nfs_v4,0.448134,0,35
8,run7_initcall.txt,nfs4filelayout_init,0.448157,0,6
8,run7_initcall.txt,nfs4flexfilelayout_init,0.44818,0,6
8,run7_initcall.txt,init_nlm,0.448225,0,29
8,run7_initcall.txt,init_nls_cp437,0.448242,0,1
8,run7_initcall.txt,init_nls_ascii,0.448257,0,0
8,run7_initcall.txt,init_autofs_fs,0.448367,0,94
8,run7_initcall.txt,init_f2fs_fs,0.448517,0,132
8,run7_initcall.txt,ipc_init,0.448549,0,13
8,run7_initcall.txt,ipc_sysctl_init,0.448584,0,18
8,run7_initcall.txt,init_mqueue_fs,0.448638,0,36
8,run7_initcall.txt,key_proc_init,0.448682,0,2
8,run7_initcall.txt,bpf_crypto_skcipher_init,0.4487,0,0
8,run7_initcall.txt,dh_init,0.44872,0,2
8,run7_initcall.txt,rsa_init,0.448739,0,1
8,run7_initcall.txt,cryptomgr_init,0.448756,0,1
8,run7_initcall.txt,hmac_module_init,0.448773,0,0
8,run7_initcall.txt,crypto_sha256_mod_init,0.448793,0,3
8,run7_initcall.txt,crypto_ecb_module_init,0.448811,0,0
8,run7_initcall.txt,crypto_cbc_module_init,0.448828,0,0
8,run7_initcall.txt,crypto_cts_module_init,0.448844,0,0
8,run7_initcall.txt,xts_module_init,0.448862,0,0
8,run7_initcall.txt,des_generic_mod_init,0.448881,0,1
8,run7_initcall.txt,aes_init,0.448898,0,0
8,run7_initcall.txt,lzo_mod_init,0.448915,0,1
8,run7_initcall.txt,lzorle_mod_init,0.448933,0,0
8,run7_initcall.txt,asymmetric_key_init,0.448955,0,5
8,run7_initcall.txt,x509_key_init,0.448977,0,5
8,run7_initcall.txt,crypto_kdf108_init,0.448994,0,0
8,run7_initcall.txt,blkdev_init,0.449028,0,17
8,run7_initcall.txt,proc_genhd_init,0.44905,0,2
8,run7_initcall.txt,bsg_init,0.449083,0,16
8,run7_initcall.txt,throtl_init,0.449185,0,84
8,run7_initcall.txt,deadline_init,0.44921,0,6
8,run7_initcall.txt,kyber_init,0.449232,0,4
8,run7_initcall.txt,bfq_init,0.449271,0,22
8,run7_initcall.txt,io_uring_init,0.449311,0,22
8,run7_initcall.txt,btree_module_init,0.449334,0,2
8,run7_initcall.txt,percpu_counter_startup,0.449403,0,49
8,run7_initcall.txt,audit_classes_init,0.449431,0,3
8,run7_initcall.txt,gicv5_iwb_platform_driver_init,0.449552,0,102
8,run7_initcall.txt,mip_msi_driver_init,0.449609,0,35
8,run7_initcall.txt,bcm7038_l1_driver_init,0.449665,0,36
8,run7_initcall.txt,bcm7120_l2_driver_init,0.449728,0,43
8,run7_initcall.txt,brcmstb_l2_driver_init,0.450019,0,270
8,run7_initcall.txt,simple_pm_bus_driver_init,0.450531,0,490
8,run7_initcall.txt,phy_core_init,0.450563,0,10
8,run7_initcall.txt,brcm_usb_driver_init,0.450648,0,66
8,run7_initcall.txt,rp1_pinctrl_driver_init,0.450702,0,33
8,run7_initcall.txt,bcm2835_pinctrl_driver_init,0.451626,0,904
8,run7_initcall.txt,bcm2712_pinctrl_driver_init,0.451711,0,59
8,run7_initcall.txt,brcmvirt_gpio_driver_init,0.451773,0,40
8,run7_initcall.txt,brcmstb_gpio_driver_init,0.45183,0,36
8,run7_initcall.txt,rpi_exp_gpio_driver_init,0.452322,0,471
8,run7_initcall.txt,brcmstb_pwm_driver_init,0.452386,0,42
8,run7_initcall.txt,rp1_pwm_driver_init,0.45244,0,38
8,run7_initcall.txt,gpio_led_driver_init,0.454202,0,1741
8,run7_initcall.txt,led_pwm_driver_init,0.454267,0,47
8,run7_initcall.txt,timer_led_trigger_init,0.454287,0,1
8,run7_initcall.txt,oneshot_led_trigger_init,0.454302,0,0
8,run7_initcall.txt,heartbeat_trig_init,0.45432,0,3
8,run7_initcall.txt,bl_led_trigger_init,0.454334,0,0
8,run7_initcall.txt,ledtrig_cpu_init,0.454454,0,106
8,run7_initcall.txt,defon_led_trigger_init,0.454522,0,52
8,run7_initcall.txt,input_trig_init,0.454541,0,1
8,run7_initcall.txt,ledtrig_panic_init,0.454556,0,1
8,run7_initcall.txt,actpwr_trig_init,0.454723,0,152
8,run7_initcall.txt,pcie_portdrv_init,0.454799,0,59
8,run7_initcall.txt,pci_proc_init,0.454823,0,8
8,run7_initcall.txt,brcm_pcie_driver_init,0.569506,0,114666
8,run7_initcall.txt,bcm2708_fb_init,0.56959,0,61
8,run7_initcall.txt,simplefb_driver_init,0.57685,0,7244
8,run7_initcall.txt,of_fixed_factor_clk_driver_init,0.576942,0,38
8,run7_initcall.txt,of_fixed_clk_driver_init,0.577029,0,35
8,run7_initcall.txt,gpio_clk_driver_init,0.577121,0,44
8,run7_initcall.txt,gated_fixed_clk_driver_init,0.577212,0,35
8,run7_initcall.txt,rp1_clk_driver_init,0.577297,0,36
8,run7_initcall.txt,rp1_sdio_clk_driver_init,0.577379,0,35
8,run7_initcall.txt,clk_dvp_driver_init,0.577573,0,146
8,run7_initcall.txt,bcm2835_aux_clk_driver_init,0.577692,0,69
8,run7_initcall.txt,raspberrypi_clk_driver_init,0.593271,0,15526
8,run7_initcall.txt,dw_driver_init,0.593373,0,54
8,run7_initcall.txt,bcm2835_power_driver_init,0.593441,0,22
8,run7_initcall.txt,rpi_power_driver_init,0.612166,0,18674
8,run7_initcall.txt,brcmstb_reset_driver_init,0.61424,0,43
8,run7_initcall.txt,brcm_rescal_reset_driver_init,0.616304,0,38
8,run7_initcall.txt,rpi_reset_driver_init,0.6194,0,1086
8,run7_initcall.txt,reset_simple_driver_init,0.621513,0,89
8,run7_initcall.txt,n_null_init,0.623539,0,0
8,run7_initcall.txt,pty_init,0.625651,0,86
8,run7_initcall.txt,sysrq_init,0.627681,0,13
8,run7_initcall.txt,serial8250_init,0.629719,-19,0
8,run7_initcall.txt,bcm2835aux_serial_driver_init,0.631777,0,43
8,run7_initcall.txt,brcmuart_init,0.63387,0,72
8,run7_initcall.txt,exar_pci_driver_init,0.635922,0,26
8,run7_initcall.txt,of_platform_serial_driver_init,0.638025,0,105
8,run7_initcall.txt,serial_pci_driver_init,0.640061,0,31
8,run7_initcall.txt,pericom8250_pci_driver_init,0.642098,0,19
8,run7_initcall.txt,init_kgdboc,0.645186,0,1081
8,run7_initcall.txt,random_sysctls_init,0.647206,0,13
8,run7_initcall.txt,ttyprintk_init,0.649297,0,73
8,run7_initcall.txt,bcm2835_rng_driver_init,0.651377,0,62
8,run7_initcall.txt,bcm74110_rng_driver_init,0.653458,0,40
8,run7_initcall.txt,iproc_rng200_driver_init,0.65792,0,2360
8,run7_initcall.txt,smccc_trng_driver_init,0.660136,0,25
8,run7_initcall.txt,vc_mem_init,0.663628,0,1250
8,run7_initcall.txt,vcio_driver_init,0.667434,0,1483
8,run7_initcall.txt,bcm2712_iommu_driver_init,0.669836,0,42
8,run7_initcall.txt,bcm2712_iommu_cache_driver_init,0.672317,0,38
8,run7_initcall.txt,topology_sysfs_init,0.674879,0,64
8,run7_initcall.txt,cacheinfo_sysfs_init,0.677662,0,257
8,run7_initcall.txt,devcoredump_init,0.680216,0,9
8,run7_initcall.txt,brd_init,0.687926,0,5186
8,run7_initcall.txt,loop_init,0.694335,0,3886
8,run7_initcall.txt,bcm2835_pm_driver_init,0.698201,0,1372
8,run7_initcall.txt,stmpe_i2c_driver_init,0.700686,0,16
8,run7_initcall.txt,stmpe_spi_driver_init,0.703127,0,12
8,run7_initcall.txt,rp1_driver_init,0.705632,0,28
8,run7_initcall.txt,system_heap_create,0.708198,0,93
8,run7_initcall.txt,add_default_cma_heap,0.710789,0,85
8,run7_initcall.txt,udmabuf_dev_init,0.713315,0,42
8,run7_initcall.txt,iscsi_transport_init,0.717271,0,1486
8,run7_initcall.txt,init_sd,0.719739,0,22
8,run7_initcall.txt,nvme_core_init,0.722475,0,253
8,run7_initcall.txt,nvme_init,0.724999,0,29
8,run7_initcall.txt,blackhole_netdev_init,0.727505,0,19
8,run7_initcall.txt,netkit_init,0.729988,0,5
8,run7_initcall.txt,phylink_init,0.73246,0,0
8,run7_initcall.txt,phy_module_init,0.735107,0,171
8,run7_initcall.txt,phy_module_init,0.737696,0,173
8,run7_initcall.txt,fixed_mdio_bus_init,0.740334,0,163
8,run7_initcall.txt,phy_module_init,0.742979,0,170
8,run7_initcall.txt,phy_module_init,0.745473,0,20
8,run7_initcall.txt,phy_module_init,0.747974,0,61
8,run7_initcall.txt,unimac_mdio_driver_init,0.750534,0,126
8,run7_initcall.txt,macb_driver_init,0.753071,0,132
8,run7_initcall.txt,bcmgenet_driver_init,0.957897,0,202405
8,run7_initcall.txt,bcmasp_driver_init,0.9604,0,86
8,run7_initcall.txt,lan78xx_driver_init,0.964084,0,1246
8,run7_initcall.txt,smsc95xx_driver_init,0.967816,0,1252
8,run7_initcall.txt,usbnet_init,0.97024,0,0
8,run7_initcall.txt,xhci_hcd_init,0.972731,0,14
8,run7_initcall.txt,xhci_pci_init,1.102482,0,127289
8,run7_initcall.txt,xhci_plat_init,1.10493,0,129
8,run7_initcall.txt,dwc_otg_driver_init,1.111939,0,4671
8,run7_initcall.txt,dwc_common_port_init_module,1.115554,0,1274
8,run7_initcall.txt,dwc3_driver_init,1.11792,0,65
8,run7_initcall.txt,dwc3_haps_driver_init,1.120195,0,31
8,run7_initcall.txt,dwc3_of_simple_driver_init,1.122549,0,63
8,run7_initcall.txt,dwc3_generic_driver_init,1.124888,0,41
8,run7_initcall.txt,dwc2_platform_driver_init,1.127315,0,156
8,run7_initcall.txt,uas_init,1.130816,0,1237
8,run7_initcall.txt,usb_storage_driver_init,1.134214,0,1141
8,run7_initcall.txt,brcmstb_usb_pinmap_init,1.136488,-19,66
8,run7_initcall.txt,bdc_driver_init,1.138782,0,47
8,run7_initcall.txt,input_leds_init,1.141047,0,1
8,run7_initcall.txt,mousedev_init,1.144559,0,1265
8,run7_initcall.txt,evdev_init,1.146888,0,0
8,run7_initcall.txt,brcmstb_waketmr_driver_init,1.149225,0,49
8,run7_initcall.txt,rpi_rtc_driver_init,1.151563,0,40
8,run7_initcall.txt,init_rc_map_adstech_dvb_t_pci,1.153812,0,0
8,run7_initcall.txt,init_rc_map_alink_dtu_m,1.156097,0,0
8,run7_initcall.txt,init_rc_map_anysee,1.15838,0,0
8,run7_initcall.txt,init_rc_map_apac_viewcomp,1.160689,0,0
8,run7_initcall.txt,init_rc_map_t2hybrid,1.162993,0,0
8,run7_initcall.txt,init_rc_map_asus_pc39,1.165292,0,0
8,run7_initcall.txt,init_rc_map_asus_ps3_100,1.167581,0,0
8,run7_initcall.txt,init_rc_map_ati_tv_wonder_hd_600,1.169841,0,0
8,run7_initcall.txt,init_rc_map_ati_x10,1.17215,0,0
8,run7_initcall.txt,init_rc_map_avermedia_a16d,1.174479,0,0
8,run7_initcall.txt,init_rc_map_avermedia_cardbus,1.17681,0,0
8,run7_initcall.txt,init_rc_map_avermedia_dvbt,1.179122,0,0
8,run7_initcall.txt,init_rc_map_avermedia_m135a,1.181464,0,0
8,run7_initcall.txt,init_rc_map_avermedia_m733a_rm_k6,1.183807,0,0
8,run7_initcall.txt,init_rc_map_avermedia,1.186148,0,0
8,run7_initcall.txt,init_rc_map_avermedia_rm_ks,1.188461,0,0
8,run7_initcall.txt,init_rc_map_avertv_303,1.190812,0,0
8,run7_initcall.txt,init_rc_map_azurewave_ad_tu700,1.193153,0,0
8,run7_initcall.txt,init_rc_map_beelink_gs1,1.195489,0,0
8,run7_initcall.txt,init_rc_map_beelink_mxiii,1.197823,0,0
8,run7_initcall.txt,init_rc_map_behold_columbus,1.200144,0,0
8,run7_initcall.txt,init_rc_map_behold,1.202835,0,0
8,run7_initcall.txt,init_rc_map_budget_ci_old,1.205135,0,0
8,run7_initcall.txt,init_rc_map_cinergy_1400,1.207446,0,0
8,run7_initcall.txt,init_rc_map_cinergy,1.209748,0,0
8,run7_initcall.txt,init_rc_map_ct_90405,1.212032,0,0
8,run7_initcall.txt,init_rc_map_d680_dmb,1.214354,0,0
8,run7_initcall.txt,init_rc_map_delock_61959,1.216596,0,0
8,run7_initcall.txt,init_rc_map,1.21901,0,58
8,run7_initcall.txt,init_rc_map,1.221312,0,46
8,run7_initcall.txt,init_rc_map_digitalnow_tinytwin,1.223674,0,100
8,run7_initcall.txt,init_rc_map_digittrade,1.22596,0,0
8,run7_initcall.txt,init_rc_map_dm1105_nec,1.228205,0,0
8,run7_initcall.txt,init_rc_map_dntv_live_dvb_t,1.23044,0,0
8,run7_initcall.txt,init_rc_map_dntv_live_dvbt_pro,1.232682,0,0
8,run7_initcall.txt,init_rc_map_dreambox,1.234968,0,0
8,run7_initcall.txt,init_rc_map_dtt200u,1.237182,0,0
8,run7_initcall.txt,init_rc_map_rc5_dvbsky,1.239423,0,0
8,run7_initcall.txt,init_rc_map_dvico_mce,1.241657,0,0
8,run7_initcall.txt,init_rc_map_dvico_portable,1.243886,0,0
8,run7_initcall.txt,init_rc_map_em_terratec,1.24611,0,0
8,run7_initcall.txt,init_rc_map_encore_enltv2,1.248337,0,0
8,run7_initcall.txt,init_rc_map_encore_enltv_fm53,1.250577,0,0
8,run7_initcall.txt,init_rc_map_encore_enltv,1.25281,0,0
8,run7_initcall.txt,init_rc_map_evga_indtube,1.255018,0,0
8,run7_initcall.txt,init_rc_map_eztv,1.257239,0,0
8,run7_initcall.txt,init_rc_map_flydvb,1.25945,0,0
8,run7_initcall.txt,init_rc_map_flyvideo,1.261654,0,0
8,run7_initcall.txt,init_rc_map_fusionhdtv_mce,1.263849,0,0
8,run7_initcall.txt,init_rc_map_gadmei_rm008z,1.266042,0,0
8,run7_initcall.txt,init_rc_map_geekbox,1.268223,0,0
8,run7_initcall.txt,init_rc_map_genius_tvgo_a11mce,1.270368,0,0
8,run7_initcall.txt,init_rc_map_gotview7135,1.272547,0,0
8,run7_initcall.txt,init_rc_map_rc5_hauppauge_new,1.274743,0,0
8,run7_initcall.txt,init_rc_map_hisi_poplar,1.276943,0,0
8,run7_initcall.txt,init_rc_map_hisi_tv_demo,1.279138,0,0
8,run7_initcall.txt,init_rc_map_imon_mce,1.281334,0,0
8,run7_initcall.txt,init_rc_map_imon_pad,1.283533,0,0
8,run7_initcall.txt,init_rc_map_imon_rsc,1.285715,0,0
8,run7_initcall.txt,init_rc_map_iodata_bctv7e,1.287815,0,0
8,run7_initcall.txt,init_rc_it913x_v1_map,1.289987,0,0
8,run7_initcall.txt,init_rc_it913x_v2_map,1.29214,0,0
8,run7_initcall.txt,init_rc_map_kaiomy,1.294284,0,0
8,run7_initcall.txt,init_rc_map_khadas,1.29643,0,0
8,run7_initcall.txt,init_rc_map_khamsin,1.298579,0,0
8,run7_initcall.txt,init_rc_map_kworld_315u,1.300705,0,0
8,run7_initcall.txt,init_rc_map_kworld_pc150u,1.302791,0,0
8,run7_initcall.txt,init_rc_map_kworld_plus_tv_analog,1.304886,0,0
8,run7_initcall.txt,init_rc_map_leadtek_y04g0051,1.307017,0,0
8,run7_initcall.txt,init_rc_lme2510_map,1.309158,0,0
8,run7_initcall.txt,init_rc_map_manli,1.311303,0,0
8,run7_initcall.txt,init_rc_map_mecool_kiii_pro,1.313458,0,0
8,run7_initcall.txt,init_rc_map_mecool_kii_pro,1.315607,0,0
8,run7_initcall.txt,init_rc_map_medion_x10_digitainer,1.317762,0,0
8,run7_initcall.txt,init_rc_map_medion_x10,1.319874,0,0
8,run7_initcall.txt,init_rc_map_medion_x10_or2x,1.32204,0,0
8,run7_initcall.txt,init_rc_map_minix_neo,1.324199,0,0
8,run7_initcall.txt,init_rc_map_msi_digivox_iii,1.326373,0,0
8,run7_initcall.txt,init_rc_map_msi_digivox_ii,1.328554,0,0
8,run7_initcall.txt,init_rc_map_msi_tvanywhere,1.330741,0,0
8,run7_initcall.txt,init_rc_map_msi_tvanywhere_plus,1.332918,0,0
8,run7_initcall.txt,init_rc_map_mygica_utv3,1.335096,0,0
8,run7_initcall.txt,init_rc_map_nebula,1.337241,0,0
8,run7_initcall.txt,init_rc_map_nec_terratec_cinergy_xs,1.339411,0,0
8,run7_initcall.txt,init_rc_map_norwood,1.34159,0,0
8,run7_initcall.txt,init_rc_map_npgtech,1.343757,0,0
8,run7_initcall.txt,init_rc_map_odroid,1.345926,0,0
8,run7_initcall.txt,init_rc_map_pctv_sedna,1.349264,0,0
8,run7_initcall.txt,init_rc_map_pine64,1.351453,0,0
8,run7_initcall.txt,init_rc_map_pinnacle_color,1.353606,0,0
8,run7_initcall.txt,init_rc_map_pinnacle_grey,1.355794,0,0
8,run7_initcall.txt,init_rc_map_pinnacle_pctv_hd,1.357985,0,0
8,run7_initcall.txt,init_rc_map_pixelview,1.360203,0,0
8,run7_initcall.txt,init_rc_map_pixelview,1.362387,0,0
8,run7_initcall.txt,init_rc_map_pixelview_new,1.36457,0,0
8,run7_initcall.txt,init_rc_map_pixelview,1.36677,0,0
8,run7_initcall.txt,init_rc_map_powercolor_real_angel,1.36896,0,0
8,run7_initcall.txt,init_rc_map_proteus_2309,1.371119,0,0
8,run7_initcall.txt,init_rc_map_purpletv,1.373314,0,0
8,run7_initcall.txt,init_rc_map_pv951,1.375496,0,0
8,run7_initcall.txt,init_rc_map_rc6_mce,1.377674,0,0
8,run7_initcall.txt,init_rc_map_real_audio_220_32_keys,1.379865,0,0
8,run7_initcall.txt,init_rc_map_reddo,1.382055,0,0
8,run7_initcall.txt,init_rc_map_siemens_gigaset_rc20,1.384238,0,0
8,run7_initcall.txt,init_rc_map_snapstream_firefly,1.386393,0,0
8,run7_initcall.txt,init_rc_map_streamzap,1.388585,0,0
8,run7_initcall.txt,init_rc_map_su3000,1.390795,0,0
8,run7_initcall.txt,init_rc_map_tanix_tx3mini,1.393037,0,12
8,run7_initcall.txt,init_rc_map_tanix_tx5max,1.395246,0,0
8,run7_initcall.txt,init_rc_map_tbs_nec,1.397457,0,0
8,run7_initcall.txt,init_rc_map,1.399667,0,0
8,run7_initcall.txt,init_rc_map,1.401878,0,0
8,run7_initcall.txt,init_rc_map_terratec_cinergy_c_pci,1.404054,0,0
8,run7_initcall.txt,init_rc_map_terratec_cinergy_s2_hd,1.406275,0,0
8,run7_initcall.txt,init_rc_map_terratec_cinergy_xs,1.408479,0,0
8,run7_initcall.txt,init_rc_map_terratec_slim_2,1.410674,0,0
8,run7_initcall.txt,init_rc_map_terratec_slim,1.412885,0,0
8,run7_initcall.txt,init_rc_map_tevii_nec,1.415084,0,0
8,run7_initcall.txt,init_rc_map_tivo,1.417285,0,0
8,run7_initcall.txt,init_rc_map_total_media_in_hand_02,1.419461,0,0
8,run7_initcall.txt,init_rc_map_total_media_in_hand,1.421658,0,0
8,run7_initcall.txt,init_rc_map_trekstor,1.423884,0,0
8,run7_initcall.txt,init_rc_map_tt_1500,1.426106,0,0
8,run7_initcall.txt,init_rc_map_twinhan_vp1027,1.428333,0,0
8,run7_initcall.txt,init_rc_map_twinhan_dtv_cab_ci,1.430572,0,0
8,run7_initcall.txt,init_rc_map_vega_s9x,1.432802,0,0
8,run7_initcall.txt,init_rc_map_videomate_k100,1.435034,0,0
8,run7_initcall.txt,init_rc_map_videomate_s350,1.43722,0,0
8,run7_initcall.txt,init_rc_map_videomate_tv_pvr,1.439426,0,0
8,run7_initcall.txt,init_rc_map_kii_pro,1.441688,0,49
8,run7_initcall.txt,init_rc_map_wetek_hub,1.443901,0,0
8,run7_initcall.txt,init_rc_map_wetek_play2,1.446161,0,0
8,run7_initcall.txt,init_rc_map_winfast,1.448378,0,0
8,run7_initcall.txt,init_rc_map_winfast_usbii_deluxe,1.450604,0,0
8,run7_initcall.txt,init_rc_map_x96max,1.452814,0,0
8,run7_initcall.txt,init_rc_map,1.455017,0,0
8,run7_initcall.txt,init_rc_map,1.45722,0,0
8,run7_initcall.txt,init_rc_map_zx_irdec,1.459418,0,0
8,run7_initcall.txt,ptp_kvm_init,1.46162,-95,1
8,run7_initcall.txt,gpio_poweroff_driver_init,1.463892,0,81
8,run7_initcall.txt,bcm2711_thermal_driver_init,1.467505,0,1414
8,run7_initcall.txt,bcm2835_thermal_driver_init,1.469775,0,59
8,run7_initcall.txt,bcm2835_wdt_driver_init,1.472052,0,26
8,run7_initcall.txt,dt_cpufreq_platdrv_init,1.474328,0,27
8,run7_initcall.txt,brcm_avs_cpufreq_platdrv_init,1.476628,0,40
8,run7_initcall.txt,raspberrypi_cpufreq_driver_init,1.482012,0,3107
8,run7_initcall.txt,mmc_pwrseq_simple_driver_init,1.484388,0,74
8,run7_initcall.txt,mmc_pwrseq_emmc_driver_init,1.486776,0,46
8,run7_initcall.txt,mmc_blk_init,1.489156,0,37
8,run7_initcall.txt,sdhci_drv_init,1.497487,0,3652
8,run7_initcall.txt,bcm2835_mmc_driver_init,1.503529,0,2403
8,run7_initcall.txt,bcm2835_driver_init,1.506014,0,45
8,run7_initcall.txt,sdhci_pltfm_drv_init,1.509673,0,1224
8,run7_initcall.txt,sdhci_iproc_driver_init,1.513443,0,97
8,run7_initcall.txt,sdhci_brcmstb_driver_init,1.513524,0,65
8,run7_initcall.txt,esrt_sysfs_init,1.51354,-38,1
8,run7_initcall.txt,smccc_devices_init,1.513552,0,1
8,run7_initcall.txt,smccc_soc_init,1.513561,0,1
8,run7_initcall.txt,arch_timer_mmio_drv_init,1.513609,0,39
8,run7_initcall.txt,arch_timer_mmio_acpi_drv_init,1.513642,0,24
8,run7_initcall.txt,hid_init,1.51371,0,58
8,run7_initcall.txt,hid_generic_init,1.513761,0,39
8,run7_initcall.txt,hid_init,1.513808,0,38
8,run7_initcall.txt,vchiq_driver_init,1.547919,0,34099
8,run7_initcall.txt,bcm74110_mbox_driver_init,1.55071,0,92
8,run7_initcall.txt,extcon_class_init,1.553578,0,10
8,run7_initcall.txt,armv8_pmu_driver_init,1.559548,0,3250
8,run7_initcall.txt,binder_init,1.562029,0,56
8,run7_initcall.txt,rpi_otp_driver_init,1.568281,0,3881
8,run7_initcall.txt,sock_diag_init,1.570573,0,26
8,run7_initcall.txt,blackhole_init,1.572862,0,1
8,run7_initcall.txt,cls_bpf_init_mod,1.575144,0,0
8,run7_initcall.txt,gre_offload_init,1.577419,0,0
8,run7_initcall.txt,sysctl_ipv4_init,1.579751,0,69
8,run7_initcall.txt,cubictcp_register,1.582036,0,2
8,run7_initcall.txt,packet_init,1.585393,0,1126
8,run7_initcall.txt,init_rpcsec_gss,1.587618,0,19
8,run7_initcall.txt,init_kerberos_module,1.589872,0,5
8,run7_initcall.txt,dcbnl_init,1.592134,0,2
8,run7_initcall.txt,init_dns_resolver,1.595551,0,1133
8,run7_initcall.txt,handshake_init,1.59788,0,32
8,run7_initcall.txt,check_mmu_enabled_at_boot,1.600168,0,0
8,run7_initcall.txt,finalize_pkvm,1.6025,0,0
8,run7_initcall.txt,kernel_do_mounts_initrd_sysctls_init,1.606014,0,6
8,run7_initcall.txt,kernel_panic_sysctls_init,1.608362,0,12
8,run7_initcall.txt,kernel_panic_sysfs_init,1.610712,0,4
8,run7_initcall.txt,kernel_exit_sysctls_init,1.613115,0,53
8,run7_initcall.txt,kernel_exit_sysfs_init,1.615563,0,41
8,run7_initcall.txt,param_sysfs_builtin_init,1.627831,0,9886
8,run7_initcall.txt,reboot_ksysfs_init,1.63036,0,30
8,run7_initcall.txt,sched_core_sysctl_init,1.632801,0,21
8,run7_initcall.txt,sched_fair_sysctl_init,1.635193,0,2
8,run7_initcall.txt,sched_rt_sysctl_init,1.637544,0,9
8,run7_initcall.txt,sched_dl_sysctl_init,1.639884,0,2
8,run7_initcall.txt,sched_init_debug,1.642308,0,89
8,run7_initcall.txt,cpu_latency_qos_init,1.644777,0,173
8,run7_initcall.txt,printk_late_init,1.647132,0,16
8,run7_initcall.txt,init_srcu_module_notifier,1.649884,0,371
8,run7_initcall.txt,kernel_rcu_stall_sysfs_init,1.652255,0,7
8,run7_initcall.txt,swiotlb_create_default_debugfs,1.654617,0,21
8,run7_initcall.txt,tk_debug_sleep_time_init,1.657366,0,349
8,run7_initcall.txt,bpf_ksym_iter_register,1.659772,0,2
8,run7_initcall.txt,kernel_acct_sysctls_init,1.66219,0,9
8,run7_initcall.txt,bpf_rstat_kfunc_init,1.664598,0,1
8,run7_initcall.txt,debugfs_kprobe_init,1.667032,0,10
8,run7_initcall.txt,kernel_delayacct_sysctls_init,1.669425,0,4
8,run7_initcall.txt,taskstats_init,1.672999,0,1209
8,run7_initcall.txt,ftrace_sysctl_init,1.67539,0,2
8,run7_initcall.txt,bpf_kprobe_multi_kfuncs_init,1.677789,0,6
8,run7_initcall.txt,kdb_ftrace_register,1.680185,0,9
8,run7_initcall.txt,bpf_global_ma_init,1.682653,0,84
8,run7_initcall.txt,bpf_syscall_sysctl_init,1.685258,0,218
8,run7_initcall.txt,unbound_reg_init,1.687598,0,0
8,run7_initcall.txt,kfunc_init,1.689979,0,1
8,run7_initcall.txt,bpf_map_iter_init,1.692336,0,0
8,run7_initcall.txt,init_subsystem,1.694697,0,0
8,run7_initcall.txt,task_iter_init,1.697036,0,6
8,run7_initcall.txt,bpf_prog_iter_init,1.699365,0,0
8,run7_initcall.txt,bpf_link_iter_init,1.701683,0,0
8,run7_initcall.txt,init_trampolines,1.703918,0,3
8,run7_initcall.txt,rqspinlock_register_kfuncs,1.7062,0,0
8,run7_initcall.txt,kfunc_init,1.708481,0,0
8,run7_initcall.txt,bpf_cgroup_iter_init,1.710764,0,0
8,run7_initcall.txt,cpumask_kfunc_init,1.713064,0,7
8,run7_initcall.txt,crypto_kfunc_init,1.715348,0,0
8,run7_initcall.txt,bpf_kmem_cache_iter_init,1.717655,0,5
8,run7_initcall.txt,dmabuf_iter_init,1.719896,0,0
8,run7_initcall.txt,load_system_certificate_list,1.723304,0,1125
8,run7_initcall.txt,init_lru_gen,1.725627,0,17
8,run7_initcall.txt,vmstat_late_init,1.727921,0,2
8,run7_initcall.txt,fault_around_debugfs,1.73021,0,3
8,run7_initcall.txt,slab_sysfs_init,1.736406,0,3935
8,run7_initcall.txt,max_swapfiles_check,1.738767,0,0
8,run7_initcall.txt,zswap_init,1.74105,0,0
8,run7_initcall.txt,mempolicy_sysfs_init,1.743354,0,28
8,run7_initcall.txt,memory_tier_late_init,1.748022,0,2374
8,run7_initcall.txt,check_early_ioremap_leak,1.750312,0,0
8,run7_initcall.txt,mg_debugfs_init,1.752602,0,15
8,run7_initcall.txt,fscrypt_init,1.757222,0,2341
8,run7_initcall.txt,pstore_init,1.759487,0,11
8,run7_initcall.txt,init_root_keyring,1.761771,0,38
8,run7_initcall.txt,init_profile_hash,1.764013,0,0
8,run7_initcall.txt,integrity_fs_init,1.766292,0,8
8,run7_initcall.txt,crypto_algapi_init,1.768566,0,9
8,run7_initcall.txt,blk_timeout_init,1.770796,0,0
8,run7_initcall.txt,depot_debugfs_init,1.773085,0,13
8,run7_initcall.txt,pci_resource_alignment_sysfs_init,1.775365,0,4
8,run7_initcall.txt,pci_sysfs_init,1.777671,0,12
8,run7_initcall.txt,clk_debug_init,1.780411,0,456
8,run7_initcall.txt,genpd_debug_init,1.783111,0,366
8,run7_initcall.txt,sync_state_resume_initcall,1.785443,0,1
8,run7_initcall.txt,deferred_probe_initcall,1.853819,0,66085
8,run7_initcall.txt,efi_shutdown_init,1.86032,-19,14
8,run7_initcall.txt,efi_earlycon_unmap_fb,1.862507,0,0
8,run7_initcall.txt,psci_debugfs_init,1.864671,0,0
8,run7_initcall.txt,of_cfs_init,1.869015,0,2186
8,run7_initcall.txt,of_fdt_raw_init,1.871141,0,50
8,run7_initcall.txt,bpf_kfunc_init,1.873275,0,2
8,run7_initcall.txt,init_subsystem,1.875409,0,0
8,run7_initcall.txt,xdp_metadata_init,1.877551,0,0
8,run7_initcall.txt,bpf_sockmap_iter_init,1.879673,0,1
8,run7_initcall.txt,bpf_sk_storage_map_iter_init,1.881806,0,0
8,run7_initcall.txt,bpf_prog_test_run_init,1.883934,0,1
8,run7_initcall.txt,bpf_dummy_struct_ops_init,1.886039,0,0
8,run7_initcall.txt,tcp_congestion_default,1.888131,0,1
8,run7_initcall.txt,inet_blackhole_dev_init,1.890244,0,7
8,run7_initcall.txt,ip_auto_config,1.892358,0,10
8,run7_initcall.txt,tcp_bpf_v4_build_proto,1.894473,0,1
8,run7_initcall.txt,udp_bpf_v4_build_proto,1.896551,0,0
8,run7_initcall.txt,bpf_tcp_ca_kfunc_init,1.89964,0,0
8,run7_initcall.txt,bpf_mptcp_kfunc_init,1.902745,0,0
8,run7_initcall.txt,latency_fsnotify_init,1.904844,0,26
8,run7_initcall.txt,trace_eval_sync,1.906961,0,12
8,run7_initcall.txt,late_trace_init,1.909112,0,0
8,run7_initcall.txt,fb_logo_late_init,1.911303,0,0
8,run7_initcall.txt,amba_stub_drv_init,1.913574,0,25
8,run7_initcall.txt,clk_disable_unused,1.920751,0,4894
8,run7_initcall.txt,genpd_power_off_unused,1.924243,0,1180
8,run7_initcall.txt,regulator_init_complete,1.926618,0,1
8,run7_initcall.txt,of_platform_sync_state_init,1.928989,0,17
9,run8_initcall.txt,cgwb_init,0.050931,0,0
9,run8_initcall.txt,percpu_enable_async,0.050947,0,0
9,run8_initcall.txt,kcompactd_init,0.051064,0,0
9,run8_initcall.txt,init_mm_sysctl,0.051084,0,0
9,run8_initcall.txt,init_user_reserve,0.051101,0,0
9,run8_initcall.txt,init_admin_reserve,0.051116,0,0
9,run8_initcall.txt,init_reserve_notifier,0.051131,0,0
9,run8_initcall.txt,swap_init,0.051152,0,0
9,run8_initcall.txt,swapfile_init,0.051175,0,0
9,run8_initcall.txt,memory_tier_init,0.051221,0,0
9,run8_initcall.txt,numa_init_sysfs,0.051244,0,0
9,run8_initcall.txt,mem_cgroup_swap_init,0.051263,0,0
9,run8_initcall.txt,init_msg_buckets,0.051279,0,0
9,run8_initcall.txt,init_bio,0.051349,0,0
9,run8_initcall.txt,blk_ioc_init,0.051372,0,0
9,run8_initcall.txt,blk_mq_init,0.051391,0,0
9,run8_initcall.txt,genhd_device_init,0.051492,0,0
9,run8_initcall.txt,blkcg_punt_bio_init,0.051589,0,0
9,run8_initcall.txt,blk_integrity_auto_init,0.051662,0,0
9,run8_initcall.txt,io_wq_init,0.051683,0,0
9,run8_initcall.txt,crc_t10dif_mod_init,0.051709,0,0
9,run8_initcall.txt,sha256_mod_init,0.05173,0,0
9,run8_initcall.txt,sha512_mod_init,0.051747,0,0
9,run8_initcall.txt,sg_pool_init,0.051782,0,0
9,run8_initcall.txt,gpiolib_debugfs_init,0.051807,0,0
9,run8_initcall.txt,stmpe_gpio_init,0.051904,0,0
9,run8_initcall.txt,pwm_init,0.051934,0,0
9,run8_initcall.txt,leds_init,0.051965,0,0
9,run8_initcall.txt,pci_slot_init,0.051986,0,0
9,run8_initcall.txt,fbmem_init,0.052044,0,0
9,run8_initcall.txt,bcm2835_dma_init,0.052799,0,4000
9,run8_initcall.txt,regulator_fixed_voltage_init,0.05288,0,0
9,run8_initcall.txt,gpio_regulator_init,0.052939,0,0
9,run8_initcall.txt,init_sysrq_sysctl,0.052965,0,0
9,run8_initcall.txt,misc_init,0.052991,0,0
9,run8_initcall.txt,iommu_subsys_init,0.053024,0,0
9,run8_initcall.txt,register_cpu_capacity_sysctl,0.053631,0,0
9,run8_initcall.txt,dma_buf_init,0.053719,0,0
9,run8_initcall.txt,dma_heap_init,0.053754,0,0
9,run8_initcall.txt,init_scsi,0.05386,0,0
9,run8_initcall.txt,mdio_bus_init,0.053894,0,0
9,run8_initcall.txt,phy_init,0.053942,0,0
9,run8_initcall.txt,usb_common_init,0.053965,0,0
9,run8_initcall.txt,usb_init,0.054075,0,0
9,run8_initcall.txt,usb_phy_generic_init,0.054233,0,0
9,run8_initcall.txt,usb_udc_init,0.054268,0,0
9,run8_initcall.txt,usb_roles_init,0.05429,0,0
9,run8_initcall.txt,input_init,0.05432,0,0
9,run8_initcall.txt,rtc_init,0.054339,0,0
9,run8_initcall.txt,rc_core_init,0.054365,0,0
9,run8_initcall.txt,pps_init,0.054399,0,0
9,run8_initcall.txt,ptp_init,0.054424,0,0
9,run8_initcall.txt,power_supply_class_init,0.054482,0,0
9,run8_initcall.txt,hwmon_init,0.054507,0,0
9,run8_initcall.txt,mmc_init,0.054549,0,0
9,run8_initcall.txt,dmi_init,0.054567,0,0
9,run8_initcall.txt,efisubsys_init,0.054586,0,0
9,run8_initcall.txt,arm_pmu_hp_init,0.054606,0,0
9,run8_initcall.txt,ras_init,0.054627,0,0
9,run8_initcall.txt,nvmem_init,0.054662,0,0
9,run8_initcall.txt,init_soundcore,0.054683,0,0
9,run8_initcall.txt,proto_init,0.054702,0,0
9,run8_initcall.txt,net_dev_init,0.05494,0,0
9,run8_initcall.txt,neigh_init,0.054963,0,0
9,run8_initcall.txt,fib_notifier_init,0.054979,0,0
9,run8_initcall.txt,netdev_genl_init,0.055021,0,0
9,run8_initcall.txt,page_pool_user_init,0.055038,0,0
9,run8_initcall.txt,fib_rules_init,0.055056,0,0
9,run8_initcall.txt,init_cgroup_netprio,0.055073,0,0
9,run8_initcall.txt,bpf_lwt_init,0.055089,0,0
9,run8_initcall.txt,pktsched_init,0.055111,0,0
9,run8_initcall.txt,tc_filter_init,0.055144,0,0
9,run8_initcall.txt,tc_action_init,0.055162,0,0
9,run8_initcall.txt,ethnl_init,0.055234,0,0
9,run8_initcall.txt,nexthop_init,0.055257,0,0
9,run8_initcall.txt,devlink_init,0.055344,0,0
9,run8_initcall.txt,wireless_nlevent_init,0.055366,0,0
9,run8_initcall.txt,vsprintf_init_hashval,0.055384,0,0
9,run8_initcall.txt,init_32bit_el0_mask,0.055402,0,0
9,run8_initcall.txt,vga_arb_device_init,0.05554,0,0
9,run8_initcall.txt,watchdog_init,0.055694,0,0
9,run8_initcall.txt,create_debug_debugfs_entry,0.055806,0,0
9,run8_initcall.txt,iomem_init_inode,0.055854,0,0
9,run8_initcall.txt,clocksource_done_booting,0.055909,0,14
9,run8_initcall.txt,tracer_init_tracefs,0.055941,0,14
9,run8_initcall.txt,init_trace_printk_function_export,0.056047,0,87
9,run8_initcall.txt,init_graph_tracefs,0.056072,0,3
9,run8_initcall.txt,bpf_event_init,0.05609,0,1
9,run8_initcall.txt,init_kprobe_trace,0.432601,0,376489
9,run8_initcall.txt,init_dynamic_event,0.432712,0,10
9,run8_initcall.txt,bpf_init,0.432748,0,17
9,run8_initcall.txt,secretmem_init,0.432833,0,53
9,run8_initcall.txt,init_fs_stat_sysctls,0.432866,0,13
9,run8_initcall.txt,init_fs_exec_sysctls,0.432886,0,2
9,run8_initcall.txt,init_pipe_fs,0.432925,0,21
9,run8_initcall.txt,init_fs_namei_sysctls,0.43295,0,5
9,run8_initcall.txt,init_fs_dcache_sysctls,0.432977,0,7
9,run8_initcall.txt,init_fs_namespace_sysctls,0.432996,0,1
9,run8_initcall.txt,cgroup_writeback_init,0.433026,0,10
9,run8_initcall.txt,inotify_user_setup,0.433064,0,16
9,run8_initcall.txt,eventpoll_init,0.433105,0,21
9,run8_initcall.txt,anon_inode_init,0.433136,0,11
9,run8_initcall.txt,proc_locks_init,0.433159,0,5
9,run8_initcall.txt,backing_aio_init,0.433175,0,2
9,run8_initcall.txt,init_fs_coredump_sysctls,0.433197,0,8
9,run8_initcall.txt,init_vm_drop_caches_sysctls,0.433216,0,3
9,run8_initcall.txt,iomap_dio_init,0.433255,0,23
9,run8_initcall.txt,iomap_ioend_init,0.433298,0,28
9,run8_initcall.txt,dquot_init,0.433489,0,175
9,run8_initcall.txt,proc_cmdline_init,0.43351,0,2
9,run8_initcall.txt,proc_consoles_init,0.433525,0,0
9,run8_initcall.txt,proc_cpuinfo_init,0.43354,0,1
9,run8_initcall.txt,proc_devices_init,0.433555,0,0
9,run8_initcall.txt,proc_interrupts_init,0.43357,0,1
9,run8_initcall.txt,proc_loadavg_init,0.433586,0,0
9,run8_initcall.txt,proc_meminfo_init,0.433601,0,0
9,run8_initcall.txt,proc_stat_init,0.433615,0,1
9,run8_initcall.txt,proc_uptime_init,0.433631,0,0
9,run8_initcall.txt,proc_version_init,0.433646,0,1
9,run8_initcall.txt,proc_softirqs_init,0.433664,0,3
9,run8_initcall.txt,proc_kmsg_init,0.433679,0,1
9,run8_initcall.txt,proc_page_init,0.433696,0,2
9,run8_initcall.txt,init_ramfs_fs,0.433712,0,1
9,run8_initcall.txt,aa_create_aafs,0.43373,0,1
9,run8_initcall.txt,chr_dev_init,0.436799,0,3049
9,run8_initcall.txt,hwrng_modinit,0.436889,0,54
9,run8_initcall.txt,firmware_class_init,0.436911,0,1
9,run8_initcall.txt,sysctl_core_init,0.436959,0,29
9,run8_initcall.txt,eth_offload_init,0.436976,0,0
9,run8_initcall.txt,ipv4_offload_init,0.436994,0,1
9,run8_initcall.txt,inet_init,0.441025,0,4008
9,run8_initcall.txt,af_unix_init,0.441082,0,22
9,run8_initcall.txt,ipv6_offload_init,0.441103,0,1
9,run8_initcall.txt,init_sunrpc,0.441491,0,370
9,run8_initcall.txt,vlan_offload_init,0.441522,0,1
9,run8_initcall.txt,pci_apply_final_quirks,0.441552,0,11
9,run8_initcall.txt,populate_rootfs,0.441577,0,6
9,run8_initcall.txt,register_arm64_panic_block,0.441694,0,1
9,run8_initcall.txt,cpuinfo_regs_init,0.441811,0,98
9,run8_initcall.txt,aarch32_el0_sysfs_init,0.441833,0,0
9,run8_initcall.txt,kvm_arm_init,0.445321,0,3470
9,run8_initcall.txt,proc_execdomains_init,0.44536,0,4
9,run8_initcall.txt,register_warn_debugfs,0.445391,0,4
9,run8_initcall.txt,cpuhp_sysfs_init,0.445439,0,30
9,run8_initcall.txt,ioresources_init,0.44546,0,3
9,run8_initcall.txt,psi_proc_init,0.445478,0,0
9,run8_initcall.txt,irq_gc_init_ops,0.445496,0,0
9,run8_initcall.txt,irq_debugfs_init,0.445601,0,86
9,run8_initcall.txt,proc_modules_init,0.445621,0,1
9,run8_initcall.txt,timer_sysctl_init,0.445644,0,10
9,run8_initcall.txt,timekeeping_init_ops,0.445661,0,0
9,run8_initcall.txt,init_clocksource_sysfs,0.445733,0,57
9,run8_initcall.txt,init_timer_list_procfs,0.445752,0,1
9,run8_initcall.txt,alarmtimer_init,0.445824,0,57
9,run8_initcall.txt,clockevents_init_sysfs,0.445952,0,112
9,run8_initcall.txt,sched_clock_syscore_init,0.44597,0,0
9,run8_initcall.txt,kallsyms_init,0.445987,0,2
9,run8_initcall.txt,pid_namespaces_init,0.446028,0,25
9,run8_initcall.txt,audit_watch_init,0.446047,0,0
9,run8_initcall.txt,audit_fsnotify_init,0.446062,0,0
9,run8_initcall.txt,audit_tree_init,0.44608,0,3
9,run8_initcall.txt,seccomp_sysctl_init,0.446102,0,5
9,run8_initcall.txt,utsname_sysctl_init,0.446125,0,6
9,run8_initcall.txt,init_tracepoints,0.446142,0,1
9,run8_initcall.txt,init_lstats_procfs,0.446161,0,3
9,run8_initcall.txt,stack_trace_init,0.446204,0,24
9,run8_initcall.txt,init_blk_tracer,0.446237,0,14
9,run8_initcall.txt,perf_event_sysfs_init,0.446352,0,96
9,run8_initcall.txt,system_trusted_keyring_init,0.446388,0,15
9,run8_initcall.txt,kswapd_init,0.446605,0,197
9,run8_initcall.txt,extfrag_debug_init,0.446637,0,10
9,run8_initcall.txt,mm_compute_batch_init,0.446654,0,0
9,run8_initcall.txt,slab_proc_init,0.446673,0,1
9,run8_initcall.txt,workingset_init,0.446697,0,9
9,run8_initcall.txt,proc_vmalloc_init,0.446712,0,1
9,run8_initcall.txt,memblock_init_debugfs,0.446734,0,6
9,run8_initcall.txt,slab_debugfs_init,0.446756,0,5
9,run8_initcall.txt,procswaps_init,0.446774,0,1
9,run8_initcall.txt,zs_init,0.44679,0,0
9,run8_initcall.txt,fcntl_init,0.446811,0,3
9,run8_initcall.txt,proc_filesystems_init,0.44683,0,1
9,run8_initcall.txt,start_dirtytime_writeback,0.446855,0,5
9,run8_initcall.txt,dio_init,0.446875,0,1
9,run8_initcall.txt,dnotify_init,0.446908,0,15
9,run8_initcall.txt,fanotify_user_setup,0.446937,0,10
9,run8_initcall.txt,aio_setup,0.446994,0,38
9,run8_initcall.txt,mbcache_init,0.447017,0,5
9,run8_initcall.txt,init_grace,0.447034,0,3
9,run8_initcall.txt,init_devpts_fs,0.447057,0,8
9,run8_initcall.txt,ext4_init_fs,0.447148,0,76
9,run8_initcall.txt,journal_init,0.447181,0,16
9,run8_initcall.txt,init_fat_fs,0.447205,0,9
9,run8_initcall.txt,init_vfat_fs,0.447221,0,1
9,run8_initcall.txt,init_msdos_fs,0.447236,0,0
9,run8_initcall.txt,init_nfs_fs,0.447392,0,141
9,run8_initcall.txt,init_nfs_v2,0.447412,0,0
9,run8_initcall.txt,init_nfs_v3,0.447427,0,0
9,run8_initcall.txt,init_nfs_v4,0.447475,0,33
9,run8_initcall.txt,nfs4filelayout_init,0.447498,0,7
9,run8_initcall.txt,nfs4flexfilelayout_init,0.44752,0,6
9,run8_initcall.txt,init_nlm,0.447569,0,33
9,run8_initcall.txt,init_nls_cp437,0.447586,0,0
9,run8_initcall.txt,init_nls_ascii,0.447601,0,0
9,run8_initcall.txt,init_autofs_fs,0.447718,0,101
9,run8_initcall.txt,init_f2fs_fs,0.447864,0,128
9,run8_initcall.txt,ipc_init,0.447921,0,38
9,run8_initcall.txt,ipc_sysctl_init,0.447958,0,18
9,run8_initcall.txt,init_mqueue_fs,0.448015,0,41
9,run8_initcall.txt,key_proc_init,0.448036,0,2
9,run8_initcall.txt,bpf_crypto_skcipher_init,0.448054,0,0
9,run8_initcall.txt,dh_init,0.448073,0,2
9,run8_initcall.txt,rsa_init,0.448093,0,1
9,run8_initcall.txt,cryptomgr_init,0.44811,0,0
9,run8_initcall.txt,hmac_module_init,0.448126,0,0
9,run8_initcall.txt,crypto_sha256_mod_init,0.448148,0,4
9,run8_initcall.txt,crypto_ecb_module_init,0.448165,0,0
9,run8_initcall.txt,crypto_cbc_module_init,0.448182,0,0
9,run8_initcall.txt,crypto_cts_module_init,0.448199,0,0
9,run8_initcall.txt,xts_module_init,0.448215,0,0
9,run8_initcall.txt,des_generic_mod_init,0.448235,0,1
9,run8_initcall.txt,aes_init,0.448252,0,0
9,run8_initcall.txt,lzo_mod_init,0.448269,0,1
9,run8_initcall.txt,lzorle_mod_init,0.448287,0,0
9,run8_initcall.txt,asymmetric_key_init,0.448309,0,5
9,run8_initcall.txt,x509_key_init,0.448331,0,5
9,run8_initcall.txt,crypto_kdf108_init,0.448348,0,0
9,run8_initcall.txt,blkdev_init,0.448377,0,12
9,run8_initcall.txt,proc_genhd_init,0.4484,0,2
9,run8_initcall.txt,bsg_init,0.448434,0,17
9,run8_initcall.txt,throtl_init,0.448542,0,91
9,run8_initcall.txt,deadline_init,0.448567,0,5
9,run8_initcall.txt,kyber_init,0.448589,0,5
9,run8_initcall.txt,bfq_init,0.448627,0,21
9,run8_initcall.txt,io_uring_init,0.448669,0,24
9,run8_initcall.txt,btree_module_init,0.448692,0,2
9,run8_initcall.txt,percpu_counter_startup,0.448751,0,41
9,run8_initcall.txt,audit_classes_init,0.448775,0,3
9,run8_initcall.txt,gicv5_iwb_platform_driver_init,0.448884,0,90
9,run8_initcall.txt,mip_msi_driver_init,0.448938,0,35
9,run8_initcall.txt,bcm7038_l1_driver_init,0.448993,0,34
9,run8_initcall.txt,bcm7120_l2_driver_init,0.449052,0,39
9,run8_initcall.txt,brcmstb_l2_driver_init,0.449342,0,270
9,run8_initcall.txt,simple_pm_bus_driver_init,0.449993,0,627
9,run8_initcall.txt,phy_core_init,0.45003,0,13
9,run8_initcall.txt,brcm_usb_driver_init,0.450119,0,69
9,run8_initcall.txt,rp1_pinctrl_driver_init,0.450174,0,34
9,run8_initcall.txt,bcm2835_pinctrl_driver_init,0.45102,0,826
9,run8_initcall.txt,bcm2712_pinctrl_driver_init,0.451103,0,58
9,run8_initcall.txt,brcmvirt_gpio_driver_init,0.451171,0,40
9,run8_initcall.txt,brcmstb_gpio_driver_init,0.451228,0,36
9,run8_initcall.txt,rpi_exp_gpio_driver_init,0.451627,0,379
9,run8_initcall.txt,brcmstb_pwm_driver_init,0.451687,0,40
9,run8_initcall.txt,rp1_pwm_driver_init,0.451739,0,35
9,run8_initcall.txt,gpio_led_driver_init,0.453527,0,1773
9,run8_initcall.txt,led_pwm_driver_init,0.453591,0,46
9,run8_initcall.txt,timer_led_trigger_init,0.453607,0,1
9,run8_initcall.txt,oneshot_led_trigger_init,0.453622,0,0
9,run8_initcall.txt,heartbeat_trig_init,0.453641,0,3
9,run8_initcall.txt,bl_led_trigger_init,0.453657,0,0
9,run8_initcall.txt,ledtrig_cpu_init,0.453725,0,54
9,run8_initcall.txt,defon_led_trigger_init,0.453772,0,32
9,run8_initcall.txt,input_trig_init,0.45379,0,1
9,run8_initcall.txt,ledtrig_panic_init,0.453805,0,1
9,run8_initcall.txt,actpwr_trig_init,0.453968,0,148
9,run8_initcall.txt,pcie_portdrv_init,0.454043,0,56
9,run8_initcall.txt,pci_proc_init,0.454067,0,8
9,run8_initcall.txt,brcm_pcie_driver_init,0.56878,0,114697
9,run8_initcall.txt,bcm2708_fb_init,0.568866,0,63
9,run8_initcall.txt,simplefb_driver_init,0.576168,0,7286
9,run8_initcall.txt,of_fixed_factor_clk_driver_init,0.576268,0,39
9,run8_initcall.txt,of_fixed_clk_driver_init,0.576354,0,34
9,run8_initcall.txt,gpio_clk_driver_init,0.576446,0,44
9,run8_initcall.txt,gated_fixed_clk_driver_init,0.576528,0,34
9,run8_initcall.txt,rp1_clk_driver_init,0.576616,0,39
9,run8_initcall.txt,rp1_sdio_clk_driver_init,0.576699,0,35
9,run8_initcall.txt,clk_dvp_driver_init,0.576892,0,146
9,run8_initcall.txt,bcm2835_aux_clk_driver_init,0.577007,0,65
9,run8_initcall.txt,raspberrypi_clk_driver_init,0.592639,0,15581
9,run8_initcall.txt,dw_driver_init,0.59274,0,52
9,run8_initcall.txt,bcm2835_power_driver_init,0.59281,0,22
9,run8_initcall.txt,rpi_power_driver_init,0.611589,0,18730
9,run8_initcall.txt,brcmstb_reset_driver_init,0.613675,0,47
9,run8_initcall.txt,brcm_rescal_reset_driver_init,0.615734,0,39
9,run8_initcall.txt,rpi_reset_driver_init,0.618807,0,1060
9,run8_initcall.txt,reset_simple_driver_init,0.620953,0,88
9,run8_initcall.txt,n_null_init,0.622991,0,0
9,run8_initcall.txt,pty_init,0.625108,0,93
9,run8_initcall.txt,sysrq_init,0.627147,0,14
9,run8_initcall.txt,serial8250_init,0.629174,-19,0
9,run8_initcall.txt,bcm2835aux_serial_driver_init,0.631237,0,46
9,run8_initcall.txt,brcmuart_init,0.633313,0,58
9,run8_initcall.txt,exar_pci_driver_init,0.635333,0,26
9,run8_initcall.txt,of_platform_serial_driver_init,0.637471,0,103
9,run8_initcall.txt,serial_pci_driver_init,0.639504,0,28
9,run8_initcall.txt,pericom8250_pci_driver_init,0.641545,0,24
9,run8_initcall.txt,init_kgdboc,0.644634,0,1080
9,run8_initcall.txt,random_sysctls_init,0.646643,0,13
9,run8_initcall.txt,ttyprintk_init,0.648718,0,62
9,run8_initcall.txt,bcm2835_rng_driver_init,0.650784,0,63
9,run8_initcall.txt,bcm74110_rng_driver_init,0.652864,0,40
9,run8_initcall.txt,iproc_rng200_driver_init,0.657338,0,2375
9,run8_initcall.txt,smccc_trng_driver_init,0.659546,0,26
9,run8_initcall.txt,vc_mem_init,0.66305,0,1274
9,run8_initcall.txt,vcio_driver_init,0.666849,0,1483
9,run8_initcall.txt,bcm2712_iommu_driver_init,0.669256,0,42
9,run8_initcall.txt,bcm2712_iommu_cache_driver_init,0.671731,0,39
9,run8_initcall.txt,topology_sysfs_init,0.674308,0,75
9,run8_initcall.txt,cacheinfo_sysfs_init,0.677084,0,251
9,run8_initcall.txt,devcoredump_init,0.679643,0,9
9,run8_initcall.txt,brd_init,0.68733,0,5164
9,run8_initcall.txt,loop_init,0.693767,0,3911
9,run8_initcall.txt,bcm2835_pm_driver_init,0.697616,0,1369
9,run8_initcall.txt,stmpe_i2c_driver_init,0.7001,0,16
9,run8_initcall.txt,stmpe_spi_driver_init,0.702533,0,18
9,run8_initcall.txt,rp1_driver_init,0.705029,0,27
9,run8_initcall.txt,system_heap_create,0.707579,0,80
9,run8_initcall.txt,add_default_cma_heap,0.71016,0,88
9,run8_initcall.txt,udmabuf_dev_init,0.712695,0,64
9,run8_initcall.txt,iscsi_transport_init,0.716656,0,1490
9,run8_initcall.txt,init_sd,0.719112,0,24
9,run8_initcall.txt,nvme_core_init,0.721843,0,252
9,run8_initcall.txt,nvme_init,0.72436,0,32
9,run8_initcall.txt,blackhole_netdev_init,0.726866,0,20
9,run8_initcall.txt,netkit_init,0.729343,0,5
9,run8_initcall.txt,phylink_init,0.731807,0,0
9,run8_initcall.txt,phy_module_init,0.734451,0,170
9,run8_initcall.txt,phy_module_init,0.737049,0,175
9,run8_initcall.txt,fixed_mdio_bus_init,0.739681,0,159
9,run8_initcall.txt,phy_module_init,0.742333,0,172
9,run8_initcall.txt,phy_module_init,0.744819,0,19
9,run8_initcall.txt,phy_module_init,0.747319,0,61
9,run8_initcall.txt,unimac_mdio_driver_init,0.749876,0,132
9,run8_initcall.txt,macb_driver_init,0.752399,0,128
9,run8_initcall.txt,bcmgenet_driver_init,0.953132,0,198316
9,run8_initcall.txt,bcmasp_driver_init,0.955631,0,83
9,run8_initcall.txt,lan78xx_driver_init,0.95931,0,1250
9,run8_initcall.txt,smsc95xx_driver_init,0.963039,0,1250
9,run8_initcall.txt,usbnet_init,0.965513,0,0
9,run8_initcall.txt,xhci_hcd_init,0.968009,0,14
9,run8_initcall.txt,xhci_pci_init,1.097563,0,127120
9,run8_initcall.txt,xhci_plat_init,1.100041,0,127
9,run8_initcall.txt,dwc_otg_driver_init,1.106999,0,4666
9,run8_initcall.txt,dwc_common_port_init_module,1.110626,0,1268
9,run8_initcall.txt,dwc3_driver_init,1.113,0,60
9,run8_initcall.txt,dwc3_haps_driver_init,1.115311,0,24
9,run8_initcall.txt,dwc3_of_simple_driver_init,1.117682,0,66
9,run8_initcall.txt,dwc3_generic_driver_init,1.119962,0,41
9,run8_initcall.txt,dwc2_platform_driver_init,1.122397,0,157
9,run8_initcall.txt,uas_init,1.125905,0,1234
9,run8_initcall.txt,usb_storage_driver_init,1.129336,0,1156
9,run8_initcall.txt,brcmstb_usb_pinmap_init,1.131656,-19,69
9,run8_initcall.txt,bdc_driver_init,1.133971,0,49
9,run8_initcall.txt,input_leds_init,1.136199,0,1
9,run8_initcall.txt,mousedev_init,1.139705,0,1250
9,run8_initcall.txt,evdev_init,1.142011,0,0
9,run8_initcall.txt,brcmstb_waketmr_driver_init,1.144349,0,48
9,run8_initcall.txt,rpi_rtc_driver_init,1.146685,0,40
9,run8_initcall.txt,init_rc_map_adstech_dvb_t_pci,1.148991,0,0
9,run8_initcall.txt,init_rc_map_alink_dtu_m,1.151276,0,0
9,run8_initcall.txt,init_rc_map_anysee,1.153527,0,0
9,run8_initcall.txt,init_rc_map_apac_viewcomp,1.155824,0,0
9,run8_initcall.txt,init_rc_map_t2hybrid,1.158138,0,0
9,run8_initcall.txt,init_rc_map_asus_pc39,1.160447,0,0
9,run8_initcall.txt,init_rc_map_asus_ps3_100,1.162739,0,0
9,run8_initcall.txt,init_rc_map_ati_tv_wonder_hd_600,1.16504,0,0
9,run8_initcall.txt,init_rc_map_ati_x10,1.167353,0,0
9,run8_initcall.txt,init_rc_map_avermedia_a16d,1.169654,0,0
9,run8_initcall.txt,init_rc_map_avermedia_cardbus,1.171991,0,0
9,run8_initcall.txt,init_rc_map_avermedia_dvbt,1.174315,0,0
9,run8_initcall.txt,init_rc_map_avermedia_m135a,1.176652,0,0
9,run8_initcall.txt,init_rc_map_avermedia_m733a_rm_k6,1.179,0,0
9,run8_initcall.txt,init_rc_map_avermedia,1.181363,0,0
9,run8_initcall.txt,init_rc_map_avermedia_rm_ks,1.183704,0,0
9,run8_initcall.txt,init_rc_map_avertv_303,1.186018,0,0
9,run8_initcall.txt,init_rc_map_azurewave_ad_tu700,1.188366,0,0
9,run8_initcall.txt,init_rc_map_beelink_gs1,1.190694,0,0
9,run8_initcall.txt,init_rc_map_beelink_mxiii,1.193034,0,0
9,run8_initcall.txt,init_rc_map_behold_columbus,1.195357,0,0
9,run8_initcall.txt,init_rc_map_behold,1.198063,0,0
9,run8_initcall.txt,init_rc_map_budget_ci_old,1.200382,0,0
9,run8_initcall.txt,init_rc_map_cinergy_1400,1.202651,0,0
9,run8_initcall.txt,init_rc_map_cinergy,1.204939,0,0
9,run8_initcall.txt,init_rc_map_ct_90405,1.207215,0,0
9,run8_initcall.txt,init_rc_map_d680_dmb,1.209521,0,0
9,run8_initcall.txt,init_rc_map_delock_61959,1.211767,0,0
9,run8_initcall.txt,init_rc_map,1.214156,0,51
9,run8_initcall.txt,init_rc_map,1.216505,0,48
9,run8_initcall.txt,init_rc_map_digitalnow_tinytwin,1.218813,0,103
9,run8_initcall.txt,init_rc_map_digittrade,1.221085,0,0
9,run8_initcall.txt,init_rc_map_dm1105_nec,1.223318,0,0
9,run8_initcall.txt,init_rc_map_dntv_live_dvb_t,1.225551,0,0
9,run8_initcall.txt,init_rc_map_dntv_live_dvbt_pro,1.227782,0,0
9,run8_initcall.txt,init_rc_map_dreambox,1.23002,0,0
9,run8_initcall.txt,init_rc_map_dtt200u,1.232254,0,0
9,run8_initcall.txt,init_rc_map_rc5_dvbsky,1.234484,0,0
9,run8_initcall.txt,init_rc_map_dvico_mce,1.236672,0,0
9,run8_initcall.txt,init_rc_map_dvico_portable,1.238895,0,0
9,run8_initcall.txt,init_rc_map_em_terratec,1.241109,0,0
9,run8_initcall.txt,init_rc_map_encore_enltv2,1.243329,0,0
9,run8_initcall.txt,init_rc_map_encore_enltv_fm53,1.24555,0,0
9,run8_initcall.txt,init_rc_map_encore_enltv,1.24777,0,0
9,run8_initcall.txt,init_rc_map_evga_indtube,1.24998,0,0
9,run8_initcall.txt,init_rc_map_eztv,1.252139,0,0
9,run8_initcall.txt,init_rc_map_flydvb,1.254324,0,0
9,run8_initcall.txt,init_rc_map_flyvideo,1.256512,0,0
9,run8_initcall.txt,init_rc_map_fusionhdtv_mce,1.25869,0,0
9,run8_initcall.txt,init_rc_map_gadmei_rm008z,1.260865,0,0
9,run8_initcall.txt,init_rc_map_geekbox,1.263023,0,0
9,run8_initcall.txt,init_rc_map_genius_tvgo_a11mce,1.265188,0,0
9,run8_initcall.txt,init_rc_map_gotview7135,1.267344,0,0
9,run8_initcall.txt,init_rc_map_rc5_hauppauge_new,1.269486,0,0
9,run8_initcall.txt,init_rc_map_hisi_poplar,1.271661,0,0
9,run8_initcall.txt,init_rc_map_hisi_tv_demo,1.27385,0,0
9,run8_initcall.txt,init_rc_map_imon_mce,1.276037,0,0
9,run8_initcall.txt,init_rc_map_imon_pad,1.278223,0,0
9,run8_initcall.txt,init_rc_map_imon_rsc,1.280396,0,0
9,run8_initcall.txt,init_rc_map_iodata_bctv7e,1.282542,0,0
9,run8_initcall.txt,init_rc_it913x_v1_map,1.284689,0,0
9,run8_initcall.txt,init_rc_it913x_v2_map,1.286797,0,0
9,run8_initcall.txt,init_rc_map_kaiomy,1.288936,0,0
9,run8_initcall.txt,init_rc_map_khadas,1.291068,0,0
9,run8_initcall.txt,init_rc_map_khamsin,1.293196,0,0
9,run8_initcall.txt,init_rc_map_kworld_315u,1.295317,0,0
9,run8_initcall.txt,init_rc_map_kworld_pc150u,1.29744,0,0
9,run8_initcall.txt,init_rc_map_kworld_plus_tv_analog,1.299562,0,0
9,run8_initcall.txt,init_rc_map_leadtek_y04g0051,1.301683,0,0
9,run8_initcall.txt,init_rc_lme2510_map,1.303795,0,0
9,run8_initcall.txt,init_rc_map_manli,1.305946,0,0
9,run8_initcall.txt,init_rc_map_mecool_kiii_pro,1.308114,0,0
9,run8_initcall.txt,init_rc_map_mecool_kii_pro,1.31028,0,0
9,run8_initcall.txt,init_rc_map_medion_x10_digitainer,1.312445,0,0
9,run8_initcall.txt,init_rc_map_medion_x10,1.314607,0,0
9,run8_initcall.txt,init_rc_map_medion_x10_or2x,1.316781,0,0
9,run8_initcall.txt,init_rc_map_minix_neo,1.318895,0,0
9,run8_initcall.txt,init_rc_map_msi_digivox_iii,1.321078,0,0
9,run8_initcall.txt,init_rc_map_msi_digivox_ii,1.323266,0,0
9,run8_initcall.txt,init_rc_map_msi_tvanywhere,1.325454,0,0
9,run8_initcall.txt,init_rc_map_msi_tvanywhere_plus,1.327634,0,0
9,run8_initcall.txt,init_rc_map_mygica_utv3,1.329821,0,0
9,run8_initcall.txt,init_rc_map_nebula,1.332021,0,0
9,run8_initcall.txt,init_rc_map_nec_terratec_cinergy_xs,1.334194,0,0
9,run8_initcall.txt,init_rc_map_norwood,1.336338,0,0
9,run8_initcall.txt,init_rc_map_npgtech,1.338511,0,0
9,run8_initcall.txt,init_rc_map_odroid,1.340684,0,0
9,run8_initcall.txt,init_rc_map_pctv_sedna,1.34392,0,0
9,run8_initcall.txt,init_rc_map_pine64,1.346104,0,0
9,run8_initcall.txt,init_rc_map_pinnacle_color,1.348295,0,0
9,run8_initcall.txt,init_rc_map_pinnacle_grey,1.350466,0,0
9,run8_initcall.txt,init_rc_map_pinnacle_pctv_hd,1.352606,0,0
9,run8_initcall.txt,init_rc_map_pixelview,1.354779,0,0
9,run8_initcall.txt,init_rc_map_pixelview,1.356968,0,0
9,run8_initcall.txt,init_rc_map_pixelview_new,1.359163,0,0
9,run8_initcall.txt,init_rc_map_pixelview,1.361363,0,0
9,run8_initcall.txt,init_rc_map_powercolor_real_angel,1.363568,0,0
9,run8_initcall.txt,init_rc_map_proteus_2309,1.36577,0,0
9,run8_initcall.txt,init_rc_map_purpletv,1.367958,0,0
9,run8_initcall.txt,init_rc_map_pv951,1.370106,0,0
9,run8_initcall.txt,init_rc_map_rc6_mce,1.372292,0,0
9,run8_initcall.txt,init_rc_map_real_audio_220_32_keys,1.374473,0,0
9,run8_initcall.txt,init_rc_map_reddo,1.376651,0,0
9,run8_initcall.txt,init_rc_map_siemens_gigaset_rc20,1.37885,0,0
9,run8_initcall.txt,init_rc_map_snapstream_firefly,1.381047,0,0
9,run8_initcall.txt,init_rc_map_streamzap,1.383245,0,0
9,run8_initcall.txt,init_rc_map_su3000,1.385435,0,0
9,run8_initcall.txt,init_rc_map_tanix_tx3mini,1.387631,0,0
9,run8_initcall.txt,init_rc_map_tanix_tx5max,1.389829,0,0
9,run8_initcall.txt,init_rc_map_tbs_nec,1.392038,0,0
9,run8_initcall.txt,init_rc_map,1.394263,0,0
9,run8_initcall.txt,init_rc_map,1.396481,0,0
9,run8_initcall.txt,init_rc_map_terratec_cinergy_c_pci,1.3987,0,0
9,run8_initcall.txt,init_rc_map_terratec_cinergy_s2_hd,1.400952,0,0
9,run8_initcall.txt,init_rc_map_terratec_cinergy_xs,1.403111,0,0
9,run8_initcall.txt,init_rc_map_terratec_slim_2,1.405323,0,0
9,run8_initcall.txt,init_rc_map_terratec_slim,1.407528,0,0
9,run8_initcall.txt,init_rc_map_tevii_nec,1.409746,0,0
9,run8_initcall.txt,init_rc_map_tivo,1.411953,0,0
9,run8_initcall.txt,init_rc_map_total_media_in_hand_02,1.41416,0,0
9,run8_initcall.txt,init_rc_map_total_media_in_hand,1.416374,0,0
9,run8_initcall.txt,init_rc_map_trekstor,1.418569,0,0
9,run8_initcall.txt,init_rc_map_tt_1500,1.420767,0,0
9,run8_initcall.txt,init_rc_map_twinhan_vp1027,1.422991,0,0
9,run8_initcall.txt,init_rc_map_twinhan_dtv_cab_ci,1.425225,0,0
9,run8_initcall.txt,init_rc_map_vega_s9x,1.427449,0,0
9,run8_initcall.txt,init_rc_map_videomate_k100,1.429675,0,0
9,run8_initcall.txt,init_rc_map_videomate_s350,1.4319,0,0
9,run8_initcall.txt,init_rc_map_videomate_tv_pvr,1.434098,0,0
9,run8_initcall.txt,init_rc_map_kii_pro,1.436246,0,0
9,run8_initcall.txt,init_rc_map_wetek_hub,1.438443,0,0
9,run8_initcall.txt,init_rc_map_wetek_play2,1.440657,0,8
9,run8_initcall.txt,init_rc_map_winfast,1.442862,0,0
9,run8_initcall.txt,init_rc_map_winfast_usbii_deluxe,1.445084,0,0
9,run8_initcall.txt,init_rc_map_x96max,1.447296,0,0
9,run8_initcall.txt,init_rc_map,1.449501,0,0
9,run8_initcall.txt,init_rc_map,1.451676,0,0
9,run8_initcall.txt,init_rc_map_zx_irdec,1.453835,0,0
9,run8_initcall.txt,ptp_kvm_init,1.456019,-95,0
9,run8_initcall.txt,gpio_poweroff_driver_init,1.458292,0,82
9,run8_initcall.txt,bcm2711_thermal_driver_init,1.461902,0,1414
9,run8_initcall.txt,bcm2835_thermal_driver_init,1.464187,0,56
9,run8_initcall.txt,bcm2835_wdt_driver_init,1.466424,0,26
9,run8_initcall.txt,dt_cpufreq_platdrv_init,1.468653,0,27
9,run8_initcall.txt,brcm_avs_cpufreq_platdrv_init,1.470941,0,41
9,run8_initcall.txt,raspberrypi_cpufreq_driver_init,1.476353,0,3139
9,run8_initcall.txt,mmc_pwrseq_simple_driver_init,1.478814,0,128
9,run8_initcall.txt,mmc_pwrseq_emmc_driver_init,1.483385,0,42
9,run8_initcall.txt,mmc_blk_init,1.486931,0,39
9,run8_initcall.txt,sdhci_drv_init,1.494109,0,3581
9,run8_initcall.txt,bcm2835_mmc_driver_init,1.497796,0,1281
9,run8_initcall.txt,bcm2835_driver_init,1.500285,0,48
9,run8_initcall.txt,sdhci_pltfm_drv_init,1.506283,0,1224
9,run8_initcall.txt,sdhci_iproc_driver_init,1.508827,0,81
9,run8_initcall.txt,sdhci_brcmstb_driver_init,1.508906,0,66
9,run8_initcall.txt,esrt_sysfs_init,1.508924,-38,2
9,run8_initcall.txt,smccc_devices_init,1.508935,0,0
9,run8_initcall.txt,smccc_soc_init,1.508946,0,1
9,run8_initcall.txt,arch_timer_mmio_drv_init,1.508993,0,38
9,run8_initcall.txt,arch_timer_mmio_acpi_drv_init,1.509025,0,24
9,run8_initcall.txt,hid_init,1.509114,0,77
9,run8_initcall.txt,hid_generic_init,1.509158,0,33
9,run8_initcall.txt,hid_init,1.509206,0,41
9,run8_initcall.txt,vchiq_driver_init,1.543573,0,34354
9,run8_initcall.txt,bcm74110_mbox_driver_init,1.546342,0,86
9,run8_initcall.txt,extcon_class_init,1.549091,0,10
9,run8_initcall.txt,armv8_pmu_driver_init,1.55538,0,3400
9,run8_initcall.txt,binder_init,1.557933,0,72
9,run8_initcall.txt,rpi_otp_driver_init,1.56425,0,3914
9,run8_initcall.txt,sock_diag_init,1.566597,0,25
9,run8_initcall.txt,blackhole_init,1.568913,0,30
9,run8_initcall.txt,cls_bpf_init_mod,1.571271,0,16
9,run8_initcall.txt,gre_offload_init,1.573602,0,8
9,run8_initcall.txt,sysctl_ipv4_init,1.575971,0,83
9,run8_initcall.txt,cubictcp_register,1.578253,0,2
9,run8_initcall.txt,packet_init,1.581661,0,1144
9,run8_initcall.txt,init_rpcsec_gss,1.583964,0,23
9,run8_initcall.txt,init_kerberos_module,1.586212,0,4
9,run8_initcall.txt,dcbnl_init,1.588499,0,12
9,run8_initcall.txt,init_dns_resolver,1.591933,0,1147
9,run8_initcall.txt,handshake_init,1.594272,0,39
9,run8_initcall.txt,check_mmu_enabled_at_boot,1.596587,0,6
9,run8_initcall.txt,finalize_pkvm,1.598918,0,0
9,run8_initcall.txt,kernel_do_mounts_initrd_sysctls_init,1.602601,0,43
9,run8_initcall.txt,kernel_panic_sysctls_init,1.605027,0,15
9,run8_initcall.txt,kernel_panic_sysfs_init,1.607386,0,5
9,run8_initcall.txt,kernel_exit_sysctls_init,1.609799,0,3
9,run8_initcall.txt,kernel_exit_sysfs_init,1.612181,0,3
9,run8_initcall.txt,param_sysfs_builtin_init,1.62434,0,9779
9,run8_initcall.txt,reboot_ksysfs_init,1.626833,0,23
9,run8_initcall.txt,sched_core_sysctl_init,1.629264,0,4
9,run8_initcall.txt,sched_fair_sysctl_init,1.631661,0,2
9,run8_initcall.txt,sched_rt_sysctl_init,1.634043,0,4
9,run8_initcall.txt,sched_dl_sysctl_init,1.63649,0,109
9,run8_initcall.txt,sched_init_debug,1.638884,0,88
9,run8_initcall.txt,cpu_latency_qos_init,1.641316,0,120
9,run8_initcall.txt,printk_late_init,1.643633,0,14
9,run8_initcall.txt,init_srcu_module_notifier,1.645981,0,2
9,run8_initcall.txt,kernel_rcu_stall_sysfs_init,1.648363,0,3
9,run8_initcall.txt,swiotlb_create_default_debugfs,1.650746,0,9
9,run8_initcall.txt,tk_debug_sleep_time_init,1.653095,0,3
9,run8_initcall.txt,bpf_ksym_iter_register,1.655486,0,1
9,run8_initcall.txt,kernel_acct_sysctls_init,1.657946,0,4
9,run8_initcall.txt,bpf_rstat_kfunc_init,1.661051,0,696
9,run8_initcall.txt,debugfs_kprobe_init,1.663515,0,31
9,run8_initcall.txt,kernel_delayacct_sysctls_init,1.665938,0,9
9,run8_initcall.txt,taskstats_init,1.669517,0,1187
9,run8_initcall.txt,ftrace_sysctl_init,1.671919,0,4
9,run8_initcall.txt,bpf_kprobe_multi_kfuncs_init,1.674303,0,0
9,run8_initcall.txt,kdb_ftrace_register,1.67669,0,8
9,run8_initcall.txt,bpf_global_ma_init,1.679133,0,82
9,run8_initcall.txt,bpf_syscall_sysctl_init,1.681801,0,6
9,run8_initcall.txt,unbound_reg_init,1.684181,0,0
9,run8_initcall.txt,kfunc_init,1.6865,0,2
9,run8_initcall.txt,bpf_map_iter_init,1.688876,0,6
9,run8_initcall.txt,init_subsystem,1.691223,0,0
9,run8_initcall.txt,task_iter_init,1.693558,0,1
9,run8_initcall.txt,bpf_prog_iter_init,1.695875,0,0
9,run8_initcall.txt,bpf_link_iter_init,1.698211,0,0
9,run8_initcall.txt,init_trampolines,1.700502,0,3
9,run8_initcall.txt,rqspinlock_register_kfuncs,1.702754,0,0
9,run8_initcall.txt,kfunc_init,1.705041,0,0
9,run8_initcall.txt,bpf_cgroup_iter_init,1.707331,0,0
9,run8_initcall.txt,cpumask_kfunc_init,1.709648,0,9
9,run8_initcall.txt,crypto_kfunc_init,1.711954,0,0
9,run8_initcall.txt,bpf_kmem_cache_iter_init,1.714245,0,0
9,run8_initcall.txt,dmabuf_iter_init,1.716554,0,5
9,run8_initcall.txt,load_system_certificate_list,1.719912,0,1130
9,run8_initcall.txt,init_lru_gen,1.722219,0,19
9,run8_initcall.txt,vmstat_late_init,1.724513,0,2
9,run8_initcall.txt,fault_around_debugfs,1.726787,0,3
9,run8_initcall.txt,slab_sysfs_init,1.733029,0,3956
9,run8_initcall.txt,max_swapfiles_check,1.735315,0,0
9,run8_initcall.txt,zswap_init,1.737623,0,0
9,run8_initcall.txt,mempolicy_sysfs_init,1.739914,0,23
9,run8_initcall.txt,memory_tier_late_init,1.744571,0,2384
9,run8_initcall.txt,check_early_ioremap_leak,1.746856,0,0
9,run8_initcall.txt,mg_debugfs_init,1.749153,0,17
9,run8_initcall.txt,fscrypt_init,1.753736,0,2311
9,run8_initcall.txt,pstore_init,1.755988,0,12
9,run8_initcall.txt,init_root_keyring,1.758252,0,37
9,run8_initcall.txt,init_profile_hash,1.760496,0,0
9,run8_initcall.txt,integrity_fs_init,1.762744,0,9
9,run8_initcall.txt,crypto_algapi_init,1.765013,0,12
9,run8_initcall.txt,blk_timeout_init,1.767273,0,0
9,run8_initcall.txt,depot_debugfs_init,1.76951,0,8
9,run8_initcall.txt,pci_resource_alignment_sysfs_init,1.771782,0,4
9,run8_initcall.txt,pci_sysfs_init,1.774071,0,12
9,run8_initcall.txt,clk_debug_init,1.776794,0,433
9,run8_initcall.txt,genpd_debug_init,1.779436,0,348
9,run8_initcall.txt,sync_state_resume_initcall,1.78177,0,0
9,run8_initcall.txt,deferred_probe_initcall,1.853094,0,68990
9,run8_initcall.txt,efi_shutdown_init,1.855516,-19,1
9,run8_initcall.txt,efi_earlycon_unmap_fb,1.857739,0,0
9,run8_initcall.txt,psci_debugfs_init,1.859922,0,0
9,run8_initcall.txt,of_cfs_init,1.864282,0,2195
9,run8_initcall.txt,of_fdt_raw_init,1.866429,0,31
9,run8_initcall.txt,bpf_kfunc_init,1.868559,0,23
9,run8_initcall.txt,init_subsystem,1.870689,0,0
9,run8_initcall.txt,xdp_metadata_init,1.872845,0,16
9,run8_initcall.txt,bpf_sockmap_iter_init,1.874986,0,1
9,run8_initcall.txt,bpf_sk_storage_map_iter_init,1.87713,0,0
9,run8_initcall.txt,bpf_prog_test_run_init,1.879269,0,1
9,run8_initcall.txt,bpf_dummy_struct_ops_init,1.881393,0,0
9,run8_initcall.txt,tcp_congestion_default,1.883511,0,1
9,run8_initcall.txt,inet_blackhole_dev_init,1.885583,0,7
9,run8_initcall.txt,ip_auto_config,1.887705,0,10
9,run8_initcall.txt,tcp_bpf_v4_build_proto,1.889828,0,1
9,run8_initcall.txt,udp_bpf_v4_build_proto,1.891908,0,0
9,run8_initcall.txt,bpf_tcp_ca_kfunc_init,1.895032,0,0
9,run8_initcall.txt,bpf_mptcp_kfunc_init,1.898159,0,0
9,run8_initcall.txt,latency_fsnotify_init,1.900278,0,21
9,run8_initcall.txt,trace_eval_sync,1.902379,0,10
9,run8_initcall.txt,late_trace_init,1.904543,0,0
9,run8_initcall.txt,fb_logo_late_init,1.906737,0,0
9,run8_initcall.txt,amba_stub_drv_init,1.90902,0,25
9,run8_initcall.txt,clk_disable_unused,1.916187,0,4878
9,run8_initcall.txt,genpd_power_off_unused,1.919646,0,1170
9,run8_initcall.txt,regulator_init_complete,1.922019,0,1
9,run8_initcall.txt,of_platform_sync_state_init,1.924402,0,17
10,run9_initcall.txt,percpu_enable_async,0.047861,0,0
10,run9_initcall.txt,kcompactd_init,0.04798,0,0
10,run9_initcall.txt,init_mm_sysctl,0.048,0,0
10,run9_initcall.txt,init_user_reserve,0.048017,0,0
10,run9_initcall.txt,init_admin_reserve,0.048033,0,0
10,run9_initcall.txt,init_reserve_notifier,0.048049,0,0
10,run9_initcall.txt,swap_init,0.048071,0,0
10,run9_initcall.txt,swapfile_init,0.048094,0,0
10,run9_initcall.txt,memory_tier_init,0.048146,0,0
10,run9_initcall.txt,numa_init_sysfs,0.048168,0,0
10,run9_initcall.txt,mem_cgroup_swap_init,0.048221,0,0
10,run9_initcall.txt,init_msg_buckets,0.04824,0,0
10,run9_initcall.txt,init_bio,0.048291,0,0
10,run9_initcall.txt,blk_ioc_init,0.048312,0,0
10,run9_initcall.txt,blk_mq_init,0.048332,0,0
10,run9_initcall.txt,genhd_device_init,0.048434,0,0
10,run9_initcall.txt,blkcg_punt_bio_init,0.048536,0,0
10,run9_initcall.txt,blk_integrity_auto_init,0.048612,0,0
10,run9_initcall.txt,io_wq_init,0.048634,0,0
10,run9_initcall.txt,crc_t10dif_mod_init,0.048662,0,0
10,run9_initcall.txt,sha256_mod_init,0.048682,0,0
10,run9_initcall.txt,sha512_mod_init,0.048701,0,0
10,run9_initcall.txt,sg_pool_init,0.048733,0,0
10,run9_initcall.txt,gpiolib_debugfs_init,0.048759,0,0
10,run9_initcall.txt,stmpe_gpio_init,0.048865,0,0
10,run9_initcall.txt,pwm_init,0.048894,0,0
10,run9_initcall.txt,leds_init,0.04893,0,0
10,run9_initcall.txt,pci_slot_init,0.048953,0,0
10,run9_initcall.txt,fbmem_init,0.049008,0,0
10,run9_initcall.txt,bcm2835_dma_init,0.049756,0,0
10,run9_initcall.txt,regulator_fixed_voltage_init,0.049837,0,0
10,run9_initcall.txt,gpio_regulator_init,0.049976,0,0
10,run9_initcall.txt,init_sysrq_sysctl,0.050003,0,0
10,run9_initcall.txt,misc_init,0.050031,0,0
10,run9_initcall.txt,iommu_subsys_init,0.050066,0,0
10,run9_initcall.txt,register_cpu_capacity_sysctl,0.050565,0,0
10,run9_initcall.txt,dma_buf_init,0.050648,0,0
10,run9_initcall.txt,dma_heap_init,0.050683,0,0
10,run9_initcall.txt,init_scsi,0.050786,0,0
10,run9_initcall.txt,mdio_bus_init,0.050819,0,0
10,run9_initcall.txt,phy_init,0.050866,0,0
10,run9_initcall.txt,usb_common_init,0.050889,0,0
10,run9_initcall.txt,usb_init,0.051,0,0
10,run9_initcall.txt,usb_phy_generic_init,0.051155,0,0
10,run9_initcall.txt,usb_udc_init,0.051189,0,0
10,run9_initcall.txt,usb_roles_init,0.05121,0,0
10,run9_initcall.txt,input_init,0.051235,0,0
10,run9_initcall.txt,rtc_init,0.051257,0,0
10,run9_initcall.txt,rc_core_init,0.051285,0,0
10,run9_initcall.txt,pps_init,0.051321,0,0
10,run9_initcall.txt,ptp_init,0.051348,0,0
10,run9_initcall.txt,power_supply_class_init,0.05138,0,0
10,run9_initcall.txt,hwmon_init,0.051402,0,0
10,run9_initcall.txt,mmc_init,0.051448,0,0
10,run9_initcall.txt,dmi_init,0.051466,0,0
10,run9_initcall.txt,efisubsys_init,0.051487,0,0
10,run9_initcall.txt,arm_pmu_hp_init,0.051507,0,0
10,run9_initcall.txt,ras_init,0.051529,0,0
10,run9_initcall.txt,nvmem_init,0.051565,0,0
10,run9_initcall.txt,init_soundcore,0.051587,0,0
10,run9_initcall.txt,proto_init,0.051607,0,0
10,run9_initcall.txt,net_dev_init,0.051834,0,0
10,run9_initcall.txt,neigh_init,0.051856,0,0
10,run9_initcall.txt,fib_notifier_init,0.051874,0,0
10,run9_initcall.txt,netdev_genl_init,0.051914,0,0
10,run9_initcall.txt,page_pool_user_init,0.051931,0,0
10,run9_initcall.txt,fib_rules_init,0.05195,0,0
10,run9_initcall.txt,init_cgroup_netprio,0.051968,0,0
10,run9_initcall.txt,bpf_lwt_init,0.051984,0,0
10,run9_initcall.txt,pktsched_init,0.052006,0,0
10,run9_initcall.txt,tc_filter_init,0.052039,0,0
10,run9_initcall.txt,tc_action_init,0.052057,0,0
10,run9_initcall.txt,ethnl_init,0.05213,0,0
10,run9_initcall.txt,nexthop_init,0.052152,0,0
10,run9_initcall.txt,devlink_init,0.05229,0,4000
10,run9_initcall.txt,wireless_nlevent_init,0.052315,0,0
10,run9_initcall.txt,vsprintf_init_hashval,0.052336,0,0
10,run9_initcall.txt,init_32bit_el0_mask,0.052381,0,0
10,run9_initcall.txt,vga_arb_device_init,0.052516,0,0
10,run9_initcall.txt,watchdog_init,0.052596,0,0
10,run9_initcall.txt,create_debug_debugfs_entry,0.052712,0,0
10,run9_initcall.txt,iomem_init_inode,0.052764,0,0
10,run9_initcall.txt,clocksource_done_booting,0.052816,0,14
10,run9_initcall.txt,tracer_init_tracefs,0.052844,0,9
10,run9_initcall.txt,init_trace_printk_function_export,0.05295,0,87
10,run9_initcall.txt,init_graph_tracefs,0.052977,0,2
10,run9_initcall.txt,bpf_event_init,0.052995,0,1
10,run9_initcall.txt,init_kprobe_trace,0.438763,0,385745
10,run9_initcall.txt,init_dynamic_event,0.438889,0,10
10,run9_initcall.txt,bpf_init,0.438928,0,20
10,run9_initcall.txt,secretmem_init,0.439004,0,56
10,run9_initcall.txt,init_fs_stat_sysctls,0.439043,0,19
10,run9_initcall.txt,init_fs_exec_sysctls,0.439063,0,1
10,run9_initcall.txt,init_pipe_fs,0.439095,0,13
10,run9_initcall.txt,init_fs_namei_sysctls,0.439118,0,3
10,run9_initcall.txt,init_fs_dcache_sysctls,0.439144,0,6
10,run9_initcall.txt,init_fs_namespace_sysctls,0.439166,0,1
10,run9_initcall.txt,cgroup_writeback_init,0.439206,0,20
10,run9_initcall.txt,inotify_user_setup,0.439242,0,15
10,run9_initcall.txt,eventpoll_init,0.439278,0,16
10,run9_initcall.txt,anon_inode_init,0.43931,0,11
10,run9_initcall.txt,proc_locks_init,0.439335,0,6
10,run9_initcall.txt,backing_aio_init,0.439352,0,2
10,run9_initcall.txt,init_fs_coredump_sysctls,0.439375,0,8
10,run9_initcall.txt,init_vm_drop_caches_sysctls,0.439394,0,3
10,run9_initcall.txt,iomap_dio_init,0.439435,0,24
10,run9_initcall.txt,iomap_ioend_init,0.439476,0,27
10,run9_initcall.txt,dquot_init,0.439674,0,181
10,run9_initcall.txt,proc_cmdline_init,0.439703,0,5
10,run9_initcall.txt,proc_consoles_init,0.43972,0,1
10,run9_initcall.txt,proc_cpuinfo_init,0.439737,0,1
10,run9_initcall.txt,proc_devices_init,0.439754,0,1
10,run9_initcall.txt,proc_interrupts_init,0.43977,0,1
10,run9_initcall.txt,proc_loadavg_init,0.439785,0,0
10,run9_initcall.txt,proc_meminfo_init,0.4398,0,0
10,run9_initcall.txt,proc_stat_init,0.439816,0,1
10,run9_initcall.txt,proc_uptime_init,0.439832,0,1
10,run9_initcall.txt,proc_version_init,0.439848,0,1
10,run9_initcall.txt,proc_softirqs_init,0.439863,0,0
10,run9_initcall.txt,proc_kmsg_init,0.439879,0,1
10,run9_initcall.txt,proc_page_init,0.439896,0,2
10,run9_initcall.txt,init_ramfs_fs,0.439912,0,1
10,run9_initcall.txt,aa_create_aafs,0.43993,0,0
10,run9_initcall.txt,chr_dev_init,0.443025,0,3076
10,run9_initcall.txt,hwrng_modinit,0.443113,0,50
10,run9_initcall.txt,firmware_class_init,0.443135,0,1
10,run9_initcall.txt,sysctl_core_init,0.443187,0,32
10,run9_initcall.txt,eth_offload_init,0.44321,0,0
10,run9_initcall.txt,ipv4_offload_init,0.443229,0,1
10,run9_initcall.txt,inet_init,0.447242,0,3995
10,run9_initcall.txt,af_unix_init,0.447301,0,23
10,run9_initcall.txt,ipv6_offload_init,0.447324,0,3
10,run9_initcall.txt,init_sunrpc,0.447757,0,415
10,run9_initcall.txt,vlan_offload_init,0.447778,0,0
10,run9_initcall.txt,pci_apply_final_quirks,0.447809,0,12
10,run9_initcall.txt,populate_rootfs,0.447835,0,6
10,run9_initcall.txt,register_arm64_panic_block,0.447954,0,1
10,run9_initcall.txt,cpuinfo_regs_init,0.448065,0,92
10,run9_initcall.txt,aarch32_el0_sysfs_init,0.448087,0,0
10,run9_initcall.txt,kvm_arm_init,0.45163,0,3524
10,run9_initcall.txt,proc_execdomains_init,0.451675,0,3
10,run9_initcall.txt,register_warn_debugfs,0.451715,0,22
10,run9_initcall.txt,cpuhp_sysfs_init,0.451763,0,30
10,run9_initcall.txt,ioresources_init,0.451785,0,4
10,run9_initcall.txt,psi_proc_init,0.451802,0,0
10,run9_initcall.txt,irq_gc_init_ops,0.451821,0,0
10,run9_initcall.txt,irq_debugfs_init,0.45192,0,81
10,run9_initcall.txt,proc_modules_init,0.451941,0,2
10,run9_initcall.txt,timer_sysctl_init,0.451966,0,10
10,run9_initcall.txt,timekeeping_init_ops,0.451981,0,0
10,run9_initcall.txt,init_clocksource_sysfs,0.452055,0,59
10,run9_initcall.txt,init_timer_list_procfs,0.452074,0,1
10,run9_initcall.txt,alarmtimer_init,0.45215,0,60
10,run9_initcall.txt,clockevents_init_sysfs,0.45228,0,113
10,run9_initcall.txt,sched_clock_syscore_init,0.452298,0,0
10,run9_initcall.txt,kallsyms_init,0.452316,0,2
10,run9_initcall.txt,pid_namespaces_init,0.452354,0,22
10,run9_initcall.txt,audit_watch_init,0.452372,0,1
10,run9_initcall.txt,audit_fsnotify_init,0.452389,0,0
10,run9_initcall.txt,audit_tree_init,0.452407,0,3
10,run9_initcall.txt,seccomp_sysctl_init,0.452428,0,4
10,run9_initcall.txt,utsname_sysctl_init,0.452451,0,6
10,run9_initcall.txt,init_tracepoints,0.452469,0,1
10,run9_initcall.txt,init_lstats_procfs,0.452488,0,3
10,run9_initcall.txt,stack_trace_init,0.452532,0,25
10,run9_initcall.txt,init_blk_tracer,0.452565,0,15
10,run9_initcall.txt,perf_event_sysfs_init,0.45269,0,106
10,run9_initcall.txt,system_trusted_keyring_init,0.452726,0,15
10,run9_initcall.txt,kswapd_init,0.452963,0,217
10,run9_initcall.txt,extfrag_debug_init,0.453009,0,21
10,run9_initcall.txt,mm_compute_batch_init,0.453029,0,0
10,run9_initcall.txt,slab_proc_init,0.453046,0,2
10,run9_initcall.txt,workingset_init,0.45307,0,9
10,run9_initcall.txt,proc_vmalloc_init,0.453087,0,2
10,run9_initcall.txt,memblock_init_debugfs,0.453109,0,6
10,run9_initcall.txt,slab_debugfs_init,0.453134,0,6
10,run9_initcall.txt,procswaps_init,0.453153,0,1
10,run9_initcall.txt,zs_init,0.453169,0,0
10,run9_initcall.txt,fcntl_init,0.45319,0,3
10,run9_initcall.txt,proc_filesystems_init,0.45321,0,1
10,run9_initcall.txt,start_dirtytime_writeback,0.453235,0,6
10,run9_initcall.txt,dio_init,0.453256,0,1
10,run9_initcall.txt,dnotify_init,0.45329,0,16
10,run9_initcall.txt,fanotify_user_setup,0.453319,0,9
10,run9_initcall.txt,aio_setup,0.45339,0,51
10,run9_initcall.txt,mbcache_init,0.453414,0,5
10,run9_initcall.txt,init_grace,0.453432,0,2
10,run9_initcall.txt,init_devpts_fs,0.453454,0,8
10,run9_initcall.txt,ext4_init_fs,0.45355,0,80
10,run9_initcall.txt,journal_init,0.453583,0,16
10,run9_initcall.txt,init_fat_fs,0.453603,0,5
10,run9_initcall.txt,init_vfat_fs,0.45362,0,1
10,run9_initcall.txt,init_msdos_fs,0.453635,0,0
10,run9_initcall.txt,init_nfs_fs,0.453797,0,146
10,run9_initcall.txt,init_nfs_v2,0.453817,0,0
10,run9_initcall.txt,init_nfs_v3,0.453831,0,0
10,run9_initcall.txt,init_nfs_v4,0.453883,0,36
10,run9_initcall.txt,nfs4filelayout_init,0.453907,0,7
10,run9_initcall.txt,nfs4flexfilelayout_init,0.45393,0,7
10,run9_initcall.txt,init_nlm,0.453973,0,27
10,run9_initcall.txt,init_nls_cp437,0.45399,0,1
10,run9_initcall.txt,init_nls_ascii,0.454007,0,0
10,run9_initcall.txt,init_autofs_fs,0.454122,0,100
10,run9_initcall.txt,init_f2fs_fs,0.454271,0,131
10,run9_initcall.txt,ipc_init,0.454302,0,12
10,run9_initcall.txt,ipc_sysctl_init,0.454339,0,19
10,run9_initcall.txt,init_mqueue_fs,0.454392,0,36
10,run9_initcall.txt,key_proc_init,0.454413,0,2
10,run9_initcall.txt,bpf_crypto_skcipher_init,0.454433,0,0
10,run9_initcall.txt,dh_init,0.454455,0,2
10,run9_initcall.txt,rsa_init,0.454473,0,1
10,run9_initcall.txt,cryptomgr_init,0.45449,0,0
10,run9_initcall.txt,hmac_module_init,0.454507,0,0
10,run9_initcall.txt,crypto_sha256_mod_init,0.454529,0,4
10,run9_initcall.txt,crypto_ecb_module_init,0.454547,0,0
10,run9_initcall.txt,crypto_cbc_module_init,0.454564,0,0
10,run9_initcall.txt,crypto_cts_module_init,0.454581,0,0
10,run9_initcall.txt,xts_module_init,0.4546,0,0
10,run9_initcall.txt,des_generic_mod_init,0.454619,0,2
10,run9_initcall.txt,aes_init,0.454637,0,1
10,run9_initcall.txt,lzo_mod_init,0.454655,0,1
10,run9_initcall.txt,lzorle_mod_init,0.454674,0,1
10,run9_initcall.txt,asymmetric_key_init,0.454697,0,5
10,run9_initcall.txt,x509_key_init,0.45472,0,6
10,run9_initcall.txt,crypto_kdf108_init,0.454738,0,0
10,run9_initcall.txt,blkdev_init,0.45477,0,14
10,run9_initcall.txt,proc_genhd_init,0.454792,0,2
10,run9_initcall.txt,bsg_init,0.454826,0,17
10,run9_initcall.txt,throtl_init,0.454955,0,111
10,run9_initcall.txt,deadline_init,0.454982,0,6
10,run9_initcall.txt,kyber_init,0.455004,0,5
10,run9_initcall.txt,bfq_init,0.455043,0,22
10,run9_initcall.txt,io_uring_init,0.455087,0,23
10,run9_initcall.txt,btree_module_init,0.45511,0,2
10,run9_initcall.txt,percpu_counter_startup,0.455176,0,47
10,run9_initcall.txt,audit_classes_init,0.455203,0,5
10,run9_initcall.txt,gicv5_iwb_platform_driver_init,0.455311,0,88
10,run9_initcall.txt,mip_msi_driver_init,0.455368,0,35
10,run9_initcall.txt,bcm7038_l1_driver_init,0.455424,0,36
10,run9_initcall.txt,bcm7120_l2_driver_init,0.455486,0,40
10,run9_initcall.txt,brcmstb_l2_driver_init,0.455786,0,278
10,run9_initcall.txt,simple_pm_bus_driver_init,0.456323,0,513
10,run9_initcall.txt,phy_core_init,0.456356,0,11
10,run9_initcall.txt,brcm_usb_driver_init,0.456442,0,65
10,run9_initcall.txt,rp1_pinctrl_driver_init,0.456497,0,34
10,run9_initcall.txt,bcm2835_pinctrl_driver_init,0.457549,0,1030
10,run9_initcall.txt,bcm2712_pinctrl_driver_init,0.457639,0,60
10,run9_initcall.txt,brcmvirt_gpio_driver_init,0.457702,0,42
10,run9_initcall.txt,brcmstb_gpio_driver_init,0.457758,0,35
10,run9_initcall.txt,rpi_exp_gpio_driver_init,0.458204,0,424
10,run9_initcall.txt,brcmstb_pwm_driver_init,0.458264,0,39
10,run9_initcall.txt,rp1_pwm_driver_init,0.45832,0,35
10,run9_initcall.txt,gpio_led_driver_init,0.460069,0,1733
10,run9_initcall.txt,led_pwm_driver_init,0.460132,0,41
10,run9_initcall.txt,timer_led_trigger_init,0.460149,0,1
10,run9_initcall.txt,oneshot_led_trigger_init,0.460164,0,0
10,run9_initcall.txt,heartbeat_trig_init,0.460185,0,3
10,run9_initcall.txt,bl_led_trigger_init,0.460199,0,0
10,run9_initcall.txt,ledtrig_cpu_init,0.46027,0,56
10,run9_initcall.txt,defon_led_trigger_init,0.460321,0,35
10,run9_initcall.txt,input_trig_init,0.460339,0,1
10,run9_initcall.txt,ledtrig_panic_init,0.460356,0,1
10,run9_initcall.txt,actpwr_trig_init,0.460521,0,150
10,run9_initcall.txt,pcie_portdrv_init,0.460597,0,57
10,run9_initcall.txt,pci_proc_init,0.460622,0,8
10,run9_initcall.txt,brcm_pcie_driver_init,0.573756,0,113118
10,run9_initcall.txt,bcm2708_fb_init,0.573839,0,60
10,run9_initcall.txt,simplefb_driver_init,0.581091,0,7235
10,run9_initcall.txt,of_fixed_factor_clk_driver_init,0.581184,0,39
10,run9_initcall.txt,of_fixed_clk_driver_init,0.58127,0,34
10,run9_initcall.txt,gpio_clk_driver_init,0.581363,0,44
10,run9_initcall.txt,gated_fixed_clk_driver_init,0.581446,0,34
10,run9_initcall.txt,rp1_clk_driver_init,0.58153,0,35
10,run9_initcall.txt,rp1_sdio_clk_driver_init,0.581619,0,34
10,run9_initcall.txt,clk_dvp_driver_init,0.581816,0,148
10,run9_initcall.txt,bcm2835_aux_clk_driver_init,0.581931,0,64
10,run9_initcall.txt,raspberrypi_clk_driver_init,0.597518,0,15535
10,run9_initcall.txt,dw_driver_init,0.597619,0,50
10,run9_initcall.txt,bcm2835_power_driver_init,0.597691,0,25
10,run9_initcall.txt,rpi_power_driver_init,0.616375,0,18633
10,run9_initcall.txt,brcmstb_reset_driver_init,0.618453,0,46
10,run9_initcall.txt,brcm_rescal_reset_driver_init,0.62052,0,38
10,run9_initcall.txt,rpi_reset_driver_init,0.623616,0,1094
10,run9_initcall.txt,reset_simple_driver_init,0.625709,0,89
10,run9_initcall.txt,n_null_init,0.62773,0,0
10,run9_initcall.txt,pty_init,0.629846,0,97
10,run9_initcall.txt,sysrq_init,0.631879,0,13
10,run9_initcall.txt,serial8250_init,0.633911,-19,0
10,run9_initcall.txt,bcm2835aux_serial_driver_init,0.635977,0,50
10,run9_initcall.txt,brcmuart_init,0.638057,0,56
10,run9_initcall.txt,exar_pci_driver_init,0.640105,0,27
10,run9_initcall.txt,of_platform_serial_driver_init,0.642199,0,103
10,run9_initcall.txt,serial_pci_driver_init,0.644238,0,31
10,run9_initcall.txt,pericom8250_pci_driver_init,0.646271,0,20
10,run9_initcall.txt,init_kgdboc,0.649356,0,1080
10,run9_initcall.txt,random_sysctls_init,0.651364,0,13
10,run9_initcall.txt,ttyprintk_init,0.653459,0,78
10,run9_initcall.txt,bcm2835_rng_driver_init,0.655545,0,63
10,run9_initcall.txt,bcm74110_rng_driver_init,0.65763,0,39
10,run9_initcall.txt,iproc_rng200_driver_init,0.662077,0,2358
10,run9_initcall.txt,smccc_trng_driver_init,0.664284,0,27
10,run9_initcall.txt,vc_mem_init,0.667765,0,1257
10,run9_initcall.txt,vcio_driver_init,0.671561,0,1476
10,run9_initcall.txt,bcm2712_iommu_driver_init,0.673985,0,42
10,run9_initcall.txt,bcm2712_iommu_cache_driver_init,0.676442,0,42
10,run9_initcall.txt,topology_sysfs_init,0.679004,0,63
10,run9_initcall.txt,cacheinfo_sysfs_init,0.681762,0,242
10,run9_initcall.txt,devcoredump_init,0.684308,0,11
10,run9_initcall.txt,brd_init,0.691964,0,5136
10,run9_initcall.txt,loop_init,0.69839,0,3898
10,run9_initcall.txt,bcm2835_pm_driver_init,0.702264,0,1387
10,run9_initcall.txt,stmpe_i2c_driver_init,0.704761,0,19
10,run9_initcall.txt,stmpe_spi_driver_init,0.707258,0,13
10,run9_initcall.txt,rp1_driver_init,0.709731,0,26
10,run9_initcall.txt,system_heap_create,0.712296,0,90
10,run9_initcall.txt,add_default_cma_heap,0.714877,0,88
10,run9_initcall.txt,udmabuf_dev_init,0.71741,0,48
10,run9_initcall.txt,iscsi_transport_init,0.721346,0,1468
10,run9_initcall.txt,init_sd,0.723842,0,24
10,run9_initcall.txt,nvme_core_init,0.72655,0,257
10,run9_initcall.txt,nvme_init,0.729079,0,30
10,run9_initcall.txt,blackhole_netdev_init,0.731577,0,18
10,run9_initcall.txt,netkit_init,0.734053,0,5
10,run9_initcall.txt,phylink_init,0.736515,0,0
10,run9_initcall.txt,phy_module_init,0.739157,0,172
10,run9_initcall.txt,phy_module_init,0.741751,0,174
10,run9_initcall.txt,fixed_mdio_bus_init,0.744385,0,160
10,run9_initcall.txt,phy_module_init,0.747049,0,177
10,run9_initcall.txt,phy_module_init,0.749542,0,22
10,run9_initcall.txt,phy_module_init,0.752047,0,64
10,run9_initcall.txt,unimac_mdio_driver_init,0.754614,0,132
10,run9_initcall.txt,macb_driver_init,0.757163,0,124
10,run9_initcall.txt,bcmgenet_driver_init,0.96202,0,202461
10,run9_initcall.txt,bcmasp_driver_init,0.964528,0,85
10,run9_initcall.txt,lan78xx_driver_init,0.968202,0,1243
10,run9_initcall.txt,smsc95xx_driver_init,0.971911,0,1241
10,run9_initcall.txt,usbnet_init,0.974342,0,0
10,run9_initcall.txt,xhci_hcd_init,0.976834,0,34
10,run9_initcall.txt,xhci_pci_init,1.105298,0,126005
10,run9_initcall.txt,xhci_plat_init,1.107728,0,119
10,run9_initcall.txt,dwc_otg_driver_init,1.11475,0,4672
10,run9_initcall.txt,dwc_common_port_init_module,1.118365,0,1302
10,run9_initcall.txt,dwc3_driver_init,1.120723,0,58
10,run9_initcall.txt,dwc3_haps_driver_init,1.123037,0,29
10,run9_initcall.txt,dwc3_of_simple_driver_init,1.125351,0,63
10,run9_initcall.txt,dwc3_generic_driver_init,1.127679,0,39
10,run9_initcall.txt,dwc2_platform_driver_init,1.130112,0,157
10,run9_initcall.txt,uas_init,1.133623,0,1256
10,run9_initcall.txt,usb_storage_driver_init,1.137033,0,1153
10,run9_initcall.txt,brcmstb_usb_pinmap_init,1.13934,-19,70
10,run9_initcall.txt,bdc_driver_init,1.141608,0,48
10,run9_initcall.txt,input_leds_init,1.143866,0,1
10,run9_initcall.txt,mousedev_init,1.14742,0,1264
10,run9_initcall.txt,evdev_init,1.149729,0,0
10,run9_initcall.txt,brcmstb_waketmr_driver_init,1.152074,0,52
10,run9_initcall.txt,rpi_rtc_driver_init,1.154428,0,40
10,run9_initcall.txt,init_rc_map_adstech_dvb_t_pci,1.156719,0,0
10,run9_initcall.txt,init_rc_map_alink_dtu_m,1.158977,0,0
10,run9_initcall.txt,init_rc_map_anysee,1.161268,0,0
10,run9_initcall.txt,init_rc_map_apac_viewcomp,1.163572,0,0
10,run9_initcall.txt,init_rc_map_t2hybrid,1.165898,0,0
10,run9_initcall.txt,init_rc_map_asus_pc39,1.168203,0,0
10,run9_initcall.txt,init_rc_map_asus_ps3_100,1.170507,0,0
10,run9_initcall.txt,init_rc_map_ati_tv_wonder_hd_600,1.17282,0,0
10,run9_initcall.txt,init_rc_map_ati_x10,1.175102,0,0
10,run9_initcall.txt,init_rc_map_avermedia_a16d,1.177443,0,0
10,run9_initcall.txt,init_rc_map_avermedia_cardbus,1.179778,0,0
10,run9_initcall.txt,init_rc_map_avermedia_dvbt,1.182116,0,0
10,run9_initcall.txt,init_rc_map_avermedia_m135a,1.184454,0,0
10,run9_initcall.txt,init_rc_map_avermedia_m733a_rm_k6,1.186816,0,0
10,run9_initcall.txt,init_rc_map_avermedia,1.189165,0,0
10,run9_initcall.txt,init_rc_map_avermedia_rm_ks,1.19146,0,0
10,run9_initcall.txt,init_rc_map_avertv_303,1.193804,0,0
10,run9_initcall.txt,init_rc_map_azurewave_ad_tu700,1.196126,0,0
10,run9_initcall.txt,init_rc_map_beelink_gs1,1.198454,0,0
10,run9_initcall.txt,init_rc_map_beelink_mxiii,1.200772,0,0
10,run9_initcall.txt,init_rc_map_behold_columbus,1.203098,0,0
10,run9_initcall.txt,init_rc_map_behold,1.205834,0,407
10,run9_initcall.txt,init_rc_map_budget_ci_old,1.208117,0,0
10,run9_initcall.txt,init_rc_map_cinergy_1400,1.21043,0,0
10,run9_initcall.txt,init_rc_map_cinergy,1.212719,0,0
10,run9_initcall.txt,init_rc_map_ct_90405,1.215009,0,0
10,run9_initcall.txt,init_rc_map_d680_dmb,1.217315,0,39
10,run9_initcall.txt,init_rc_map_delock_61959,1.219557,0,0
10,run9_initcall.txt,init_rc_map,1.221812,0,0
10,run9_initcall.txt,init_rc_map,1.224046,0,0
10,run9_initcall.txt,init_rc_map_digitalnow_tinytwin,1.226393,0,97
10,run9_initcall.txt,init_rc_map_digittrade,1.228741,0,3
10,run9_initcall.txt,init_rc_map_dm1105_nec,1.231052,0,2
10,run9_initcall.txt,init_rc_map_dntv_live_dvb_t,1.233418,0,10
10,run9_initcall.txt,init_rc_map_dntv_live_dvbt_pro,1.235657,0,0
10,run9_initcall.txt,init_rc_map_dreambox,1.237898,0,0
10,run9_initcall.txt,init_rc_map_dtt200u,1.240133,0,0
10,run9_initcall.txt,init_rc_map_rc5_dvbsky,1.242331,0,0
10,run9_initcall.txt,init_rc_map_dvico_mce,1.244561,0,0
10,run9_initcall.txt,init_rc_map_dvico_portable,1.246794,0,0
10,run9_initcall.txt,init_rc_map_em_terratec,1.249006,0,0
10,run9_initcall.txt,init_rc_map_encore_enltv2,1.251224,0,0
10,run9_initcall.txt,init_rc_map_encore_enltv_fm53,1.253463,0,0
10,run9_initcall.txt,init_rc_map_encore_enltv,1.255696,0,0
10,run9_initcall.txt,init_rc_map_evga_indtube,1.25788,0,0
10,run9_initcall.txt,init_rc_map_eztv,1.260094,0,0
10,run9_initcall.txt,init_rc_map_flydvb,1.26229,0,0
10,run9_initcall.txt,init_rc_map_flyvideo,1.264479,0,0
10,run9_initcall.txt,init_rc_map_fusionhdtv_mce,1.266675,0,0
10,run9_initcall.txt,init_rc_map_gadmei_rm008z,1.26886,0,0
10,run9_initcall.txt,init_rc_map_geekbox,1.271041,0,0
10,run9_initcall.txt,init_rc_map_genius_tvgo_a11mce,1.273218,0,0
10,run9_initcall.txt,init_rc_map_gotview7135,1.275341,0,0
10,run9_initcall.txt,init_rc_map_rc5_hauppauge_new,1.27752,0,0
10,run9_initcall.txt,init_rc_map_hisi_poplar,1.279713,0,0
10,run9_initcall.txt,init_rc_map_hisi_tv_demo,1.281908,0,0
10,run9_initcall.txt,init_rc_map_imon_mce,1.284095,0,0
10,run9_initcall.txt,init_rc_map_imon_pad,1.286291,0,0
10,run9_initcall.txt,init_rc_map_imon_rsc,1.288459,0,0
10,run9_initcall.txt,init_rc_map_iodata_bctv7e,1.290593,0,0
10,run9_initcall.txt,init_rc_it913x_v1_map,1.292716,0,0
10,run9_initcall.txt,init_rc_it913x_v2_map,1.294885,0,0
10,run9_initcall.txt,init_rc_map_kaiomy,1.297035,0,0
10,run9_initcall.txt,init_rc_map_khadas,1.299175,0,0
10,run9_initcall.txt,init_rc_map_khamsin,1.301323,0,0
10,run9_initcall.txt,init_rc_map_kworld_315u,1.303451,0,0
10,run9_initcall.txt,init_rc_map_kworld_pc150u,1.305573,0,0
10,run9_initcall.txt,init_rc_map_kworld_plus_tv_analog,1.307665,0,0
10,run9_initcall.txt,init_rc_map_leadtek_y04g0051,1.309805,0,0
10,run9_initcall.txt,init_rc_lme2510_map,1.311943,0,0
10,run9_initcall.txt,init_rc_map_manli,1.314097,0,0
10,run9_initcall.txt,init_rc_map_mecool_kiii_pro,1.316261,0,0
10,run9_initcall.txt,init_rc_map_mecool_kii_pro,1.318437,0,0
10,run9_initcall.txt,init_rc_map_medion_x10_digitainer,1.320594,0,0
10,run9_initcall.txt,init_rc_map_medion_x10,1.32276,0,0
10,run9_initcall.txt,init_rc_map_medion_x10_or2x,1.32489,0,0
10,run9_initcall.txt,init_rc_map_minix_neo,1.327055,0,0
10,run9_initcall.txt,init_rc_map_msi_digivox_iii,1.329253,0,0
10,run9_initcall.txt,init_rc_map_msi_digivox_ii,1.331458,0,0
10,run9_initcall.txt,init_rc_map_msi_tvanywhere,1.333662,0,0
10,run9_initcall.txt,init_rc_map_msi_tvanywhere_plus,1.335851,0,0
10,run9_initcall.txt,init_rc_map_mygica_utv3,1.338046,0,0
10,run9_initcall.txt,init_rc_map_nebula,1.340239,0,0
10,run9_initcall.txt,init_rc_map_nec_terratec_cinergy_xs,1.342386,0,0
10,run9_initcall.txt,init_rc_map_norwood,1.344567,0,0
10,run9_initcall.txt,init_rc_map_npgtech,1.346748,0,0
10,run9_initcall.txt,init_rc_map_odroid,1.348928,0,0
10,run9_initcall.txt,init_rc_map_pctv_sedna,1.352186,0,0
10,run9_initcall.txt,init_rc_map_pine64,1.354393,0,0
10,run9_initcall.txt,init_rc_map_pinnacle_color,1.356592,0,0
10,run9_initcall.txt,init_rc_map_pinnacle_grey,1.358749,0,0
10,run9_initcall.txt,init_rc_map_pinnacle_pctv_hd,1.360941,0,0
10,run9_initcall.txt,init_rc_map_pixelview,1.363126,0,0
10,run9_initcall.txt,init_rc_map_pixelview,1.365327,0,0
10,run9_initcall.txt,init_rc_map_pixelview_new,1.367517,0,0
10,run9_initcall.txt,init_rc_map_pixelview,1.369723,0,0
10,run9_initcall.txt,init_rc_map_powercolor_real_angel,1.371925,0,0
10,run9_initcall.txt,init_rc_map_proteus_2309,1.37411,0,0
10,run9_initcall.txt,init_rc_map_purpletv,1.37629,0,0
10,run9_initcall.txt,init_rc_map_pv951,1.378481,0,0
10,run9_initcall.txt,init_rc_map_rc6_mce,1.380667,0,0
10,run9_initcall.txt,init_rc_map_real_audio_220_32_keys,1.382856,0,0
10,run9_initcall.txt,init_rc_map_reddo,1.38505,0,0
10,run9_initcall.txt,init_rc_map_siemens_gigaset_rc20,1.387239,0,0
10,run9_initcall.txt,init_rc_map_snapstream_firefly,1.389438,0,0
10,run9_initcall.txt,init_rc_map_streamzap,1.391595,0,0
10,run9_initcall.txt,init_rc_map_su3000,1.39381,0,0
10,run9_initcall.txt,init_rc_map_tanix_tx3mini,1.396011,0,0
10,run9_initcall.txt,init_rc_map_tanix_tx5max,1.398194,0,0
10,run9_initcall.txt,init_rc_map_tbs_nec,1.400384,0,0
10,run9_initcall.txt,init_rc_map,1.402608,0,0
10,run9_initcall.txt,init_rc_map,1.404823,0,0
10,run9_initcall.txt,init_rc_map_terratec_cinergy_c_pci,1.407034,0,0
10,run9_initcall.txt,init_rc_map_terratec_cinergy_s2_hd,1.409226,0,0
10,run9_initcall.txt,init_rc_map_terratec_cinergy_xs,1.411436,0,0
10,run9_initcall.txt,init_rc_map_terratec_slim_2,1.413645,0,0
10,run9_initcall.txt,init_rc_map_terratec_slim,1.415854,0,0
10,run9_initcall.txt,init_rc_map_tevii_nec,1.418083,0,0
10,run9_initcall.txt,init_rc_map_tivo,1.42028,0,0
10,run9_initcall.txt,init_rc_map_total_media_in_hand_02,1.422484,0,0
10,run9_initcall.txt,init_rc_map_total_media_in_hand,1.424654,0,0
10,run9_initcall.txt,init_rc_map_trekstor,1.426876,0,0
10,run9_initcall.txt,init_rc_map_tt_1500,1.429092,0,0
10,run9_initcall.txt,init_rc_map_twinhan_vp1027,1.431306,0,0
10,run9_initcall.txt,init_rc_map_twinhan_dtv_cab_ci,1.433538,0,0
10,run9_initcall.txt,init_rc_map_vega_s9x,1.435757,0,0
10,run9_initcall.txt,init_rc_map_videomate_k100,1.437976,0,0
10,run9_initcall.txt,init_rc_map_videomate_s350,1.440189,0,0
10,run9_initcall.txt,init_rc_map_videomate_tv_pvr,1.442349,0,0
10,run9_initcall.txt,init_rc_map_kii_pro,1.444534,0,0
10,run9_initcall.txt,init_rc_map_wetek_hub,1.446742,0,0
10,run9_initcall.txt,init_rc_map_wetek_play2,1.44917,0,231
10,run9_initcall.txt,init_rc_map_winfast,1.451367,0,0
10,run9_initcall.txt,init_rc_map_winfast_usbii_deluxe,1.453577,0,0
10,run9_initcall.txt,init_rc_map_x96max,1.455795,0,0
10,run9_initcall.txt,init_rc_map,1.457962,0,0
10,run9_initcall.txt,init_rc_map,1.460161,0,0
10,run9_initcall.txt,init_rc_map_zx_irdec,1.462393,0,0
10,run9_initcall.txt,ptp_kvm_init,1.464585,-95,0
10,run9_initcall.txt,gpio_poweroff_driver_init,1.466871,0,94
10,run9_initcall.txt,bcm2711_thermal_driver_init,1.470475,0,1409
10,run9_initcall.txt,bcm2835_thermal_driver_init,1.472728,0,54
10,run9_initcall.txt,bcm2835_wdt_driver_init,1.474934,0,27
10,run9_initcall.txt,dt_cpufreq_platdrv_init,1.477196,0,30
10,run9_initcall.txt,brcm_avs_cpufreq_platdrv_init,1.47948,0,42
10,run9_initcall.txt,raspberrypi_cpufreq_driver_init,1.485102,0,3356
10,run9_initcall.txt,mmc_pwrseq_simple_driver_init,1.487483,0,82
10,run9_initcall.txt,mmc_pwrseq_emmc_driver_init,1.489867,0,43
10,run9_initcall.txt,mmc_blk_init,1.492197,0,39
10,run9_initcall.txt,sdhci_drv_init,1.500473,0,3611
10,run9_initcall.txt,bcm2835_mmc_driver_init,1.506544,0,2441
10,run9_initcall.txt,bcm2835_driver_init,1.508985,0,47
10,run9_initcall.txt,sdhci_pltfm_drv_init,1.51263,0,1211
10,run9_initcall.txt,sdhci_iproc_driver_init,1.516383,0,98
10,run9_initcall.txt,sdhci_brcmstb_driver_init,1.516468,0,69
10,run9_initcall.txt,esrt_sysfs_init,1.516487,-38,2
10,run9_initcall.txt,smccc_devices_init,1.516498,0,1
10,run9_initcall.txt,smccc_soc_init,1.516508,0,1
10,run9_initcall.txt,arch_timer_mmio_drv_init,1.516555,0,38
10,run9_initcall.txt,arch_timer_mmio_acpi_drv_init,1.516591,0,25
10,run9_initcall.txt,hid_init,1.516655,0,55
10,run9_initcall.txt,hid_generic_init,1.516699,0,34
10,run9_initcall.txt,hid_init,1.516743,0,35
10,run9_initcall.txt,vchiq_driver_init,1.550826,0,34071
10,run9_initcall.txt,bcm74110_mbox_driver_init,1.553616,0,97
10,run9_initcall.txt,extcon_class_init,1.556538,0,9
10,run9_initcall.txt,armv8_pmu_driver_init,1.562461,0,3292
10,run9_initcall.txt,binder_init,1.564937,0,63
10,run9_initcall.txt,rpi_otp_driver_init,1.571203,0,3884
10,run9_initcall.txt,sock_diag_init,1.573548,0,37
10,run9_initcall.txt,blackhole_init,1.575801,0,1
10,run9_initcall.txt,cls_bpf_init_mod,1.578099,0,0
10,run9_initcall.txt,gre_offload_init,1.580383,0,1
10,run9_initcall.txt,sysctl_ipv4_init,1.582736,0,75
10,run9_initcall.txt,cubictcp_register,1.585015,0,11
10,run9_initcall.txt,packet_init,1.588401,0,1132
10,run9_initcall.txt,init_rpcsec_gss,1.590678,0,16
10,run9_initcall.txt,init_kerberos_module,1.59294,0,14
10,run9_initcall.txt,dcbnl_init,1.595211,0,2
10,run9_initcall.txt,init_dns_resolver,1.598662,0,1153
10,run9_initcall.txt,handshake_init,1.600995,0,31
10,run9_initcall.txt,check_mmu_enabled_at_boot,1.603307,0,0
10,run9_initcall.txt,finalize_pkvm,1.605644,0,6
10,run9_initcall.txt,kernel_do_mounts_initrd_sysctls_init,1.609169,0,5
10,run9_initcall.txt,kernel_panic_sysctls_init,1.611526,0,12
10,run9_initcall.txt,kernel_panic_sysfs_init,1.613876,0,9
10,run9_initcall.txt,kernel_exit_sysctls_init,1.616239,0,2
10,run9_initcall.txt,kernel_exit_sysfs_init,1.618722,0,43
10,run9_initcall.txt,param_sysfs_builtin_init,1.631132,0,9968
10,run9_initcall.txt,reboot_ksysfs_init,1.633668,0,41
10,run9_initcall.txt,sched_core_sysctl_init,1.636096,0,5
10,run9_initcall.txt,sched_fair_sysctl_init,1.638517,0,2
10,run9_initcall.txt,sched_rt_sysctl_init,1.640895,0,5
10,run9_initcall.txt,sched_dl_sysctl_init,1.643346,0,2
10,run9_initcall.txt,sched_init_debug,1.646167,0,465
10,run9_initcall.txt,cpu_latency_qos_init,1.64863,0,142
10,run9_initcall.txt,printk_late_init,1.650984,0,22
10,run9_initcall.txt,init_srcu_module_notifier,1.653608,0,243
10,run9_initcall.txt,kernel_rcu_stall_sysfs_init,1.655972,0,5
10,run9_initcall.txt,swiotlb_create_default_debugfs,1.658344,0,13
10,run9_initcall.txt,tk_debug_sleep_time_init,1.660744,0,2
10,run9_initcall.txt,bpf_ksym_iter_register,1.663166,0,1
10,run9_initcall.txt,kernel_acct_sysctls_init,1.665598,0,4
10,run9_initcall.txt,bpf_rstat_kfunc_init,1.668018,0,1
10,run9_initcall.txt,debugfs_kprobe_init,1.670459,0,28
10,run9_initcall.txt,kernel_delayacct_sysctls_init,1.672873,0,10
10,run9_initcall.txt,taskstats_init,1.676442,0,1213
10,run9_initcall.txt,ftrace_sysctl_init,1.678856,0,2
10,run9_initcall.txt,bpf_kprobe_multi_kfuncs_init,1.681262,0,0
10,run9_initcall.txt,kdb_ftrace_register,1.68366,0,8
10,run9_initcall.txt,bpf_global_ma_init,1.686141,0,90
10,run9_initcall.txt,bpf_syscall_sysctl_init,1.688537,0,6
10,run9_initcall.txt,unbound_reg_init,1.691135,0,0
10,run9_initcall.txt,kfunc_init,1.693507,0,1
10,run9_initcall.txt,bpf_map_iter_init,1.695865,0,1
10,run9_initcall.txt,init_subsystem,1.69824,0,0
10,run9_initcall.txt,task_iter_init,1.700582,0,2
10,run9_initcall.txt,bpf_prog_iter_init,1.702923,0,0
10,run9_initcall.txt,bpf_link_iter_init,1.705245,0,0
10,run9_initcall.txt,init_trampolines,1.707513,0,2
10,run9_initcall.txt,rqspinlock_register_kfuncs,1.709794,0,5
10,run9_initcall.txt,kfunc_init,1.712083,0,0
10,run9_initcall.txt,bpf_cgroup_iter_init,1.714369,0,0
10,run9_initcall.txt,cpumask_kfunc_init,1.716662,0,7
10,run9_initcall.txt,crypto_kfunc_init,1.718976,0,0
10,run9_initcall.txt,bpf_kmem_cache_iter_init,1.721275,0,0
10,run9_initcall.txt,dmabuf_iter_init,1.723573,0,0
10,run9_initcall.txt,load_system_certificate_list,1.726942,0,1128
10,run9_initcall.txt,init_lru_gen,1.729265,0,19
10,run9_initcall.txt,vmstat_late_init,1.731557,0,2
10,run9_initcall.txt,fault_around_debugfs,1.733836,0,3
10,run9_initcall.txt,slab_sysfs_init,1.740109,0,3999
10,run9_initcall.txt,max_swapfiles_check,1.742433,0,0
10,run9_initcall.txt,zswap_init,1.744708,0,0
10,run9_initcall.txt,mempolicy_sysfs_init,1.747016,0,19
10,run9_initcall.txt,memory_tier_late_init,1.751672,0,2366
10,run9_initcall.txt,check_early_ioremap_leak,1.753964,0,0
10,run9_initcall.txt,mg_debugfs_init,1.756259,0,18
10,run9_initcall.txt,fscrypt_init,1.760837,0,2333
10,run9_initcall.txt,pstore_init,1.763086,0,12
10,run9_initcall.txt,init_root_keyring,1.765357,0,35
10,run9_initcall.txt,init_profile_hash,1.767609,0,0
10,run9_initcall.txt,integrity_fs_init,1.769888,0,17
10,run9_initcall.txt,crypto_algapi_init,1.772151,0,9
10,run9_initcall.txt,blk_timeout_init,1.774385,0,0
10,run9_initcall.txt,depot_debugfs_init,1.776659,0,8
10,run9_initcall.txt,pci_resource_alignment_sysfs_init,1.778952,0,4
10,run9_initcall.txt,pci_sysfs_init,1.781258,0,13
10,run9_initcall.txt,clk_debug_init,1.78397,0,426
10,run9_initcall.txt,genpd_debug_init,1.786661,0,369
10,run9_initcall.txt,sync_state_resume_initcall,1.788997,0,1
10,run9_initcall.txt,deferred_probe_initcall,1.860043,0,68745
10,run9_initcall.txt,efi_shutdown_init,1.862473,-19,44
10,run9_initcall.txt,efi_earlycon_unmap_fb,1.864707,0,19
10,run9_initcall.txt,psci_debugfs_init,1.866924,0,8
10,run9_initcall.txt,of_cfs_init,1.871304,0,2199
10,run9_initcall.txt,of_fdt_raw_init,1.873455,0,28
10,run9_initcall.txt,bpf_kfunc_init,1.875551,0,2
10,run9_initcall.txt,init_subsystem,1.87769,0,0
10,run9_initcall.txt,xdp_metadata_init,1.879834,0,0
10,run9_initcall.txt,bpf_sockmap_iter_init,1.881962,0,1
10,run9_initcall.txt,bpf_sk_storage_map_iter_init,1.8841,0,0
10,run9_initcall.txt,bpf_prog_test_run_init,1.886237,0,1
10,run9_initcall.txt,bpf_dummy_struct_ops_init,1.888358,0,0
10,run9_initcall.txt,tcp_congestion_default,1.890477,0,1
10,run9_initcall.txt,inet_blackhole_dev_init,1.892556,0,8
10,run9_initcall.txt,ip_auto_config,1.894683,0,13
10,run9_initcall.txt,tcp_bpf_v4_build_proto,1.896786,0,1
10,run9_initcall.txt,udp_bpf_v4_build_proto,1.898856,0,0
10,run9_initcall.txt,bpf_tcp_ca_kfunc_init,1.900924,0,1
10,run9_initcall.txt,bpf_mptcp_kfunc_init,1.902997,0,0
10,run9_initcall.txt,latency_fsnotify_init,1.903032,0,22
10,run9_initcall.txt,trace_eval_sync,1.909274,0,12
10,run9_initcall.txt,late_trace_init,1.911428,0,0
10,run9_initcall.txt,fb_logo_late_init,1.913621,0,0
10,run9_initcall.txt,amba_stub_drv_init,1.915887,0,24
10,run9_initcall.txt,clk_disable_unused,1.923046,0,4866
10,run9_initcall.txt,genpd_power_off_unused,1.926513,0,1180
10,run9_initcall.txt,regulator_init_complete,1.928889,0,1
10,run9_initcall.txt,of_platform_sync_state_init,1.931269,0,17
