run_id,source_file,name,timestamp_s,return_code,duration_us
1,run10_initcall.txt,kcompactd_init,0.052053,0,0
1,run10_initcall.txt,init_mm_sysctl,0.052072,0,0
1,run10_initcall.txt,init_user_reserve,0.052088,0,0
1,run10_initcall.txt,init_admin_reserve,0.052103,0,0
1,run10_initcall.txt,init_reserve_notifier,0.052118,0,0
1,run10_initcall.txt,swap_init,0.052137,0,0
1,run10_initcall.txt,swapfile_init,0.05216,0,0
1,run10_initcall.txt,memory_tier_init,0.052208,0,0
1,run10_initcall.txt,numa_init_sysfs,0.052229,0,0
1,run10_initcall.txt,mem_cgroup_swap_init,0.052247,0,0
1,run10_initcall.txt,init_msg_buckets,0.052264,0,0
1,run10_initcall.txt,init_bio,0.052344,0,4000
1,run10_initcall.txt,blk_ioc_init,0.052365,0,0
1,run10_initcall.txt,blk_mq_init,0.052383,0,0
1,run10_initcall.txt,genhd_device_init,0.052484,0,0
1,run10_initcall.txt,blkcg_punt_bio_init,0.052586,0,0
1,run10_initcall.txt,blk_integrity_auto_init,0.052656,0,0
1,run10_initcall.txt,io_wq_init,0.052676,0,0
1,run10_initcall.txt,crc_t10dif_mod_init,0.052703,0,0
1,run10_initcall.txt,sha256_mod_init,0.052723,0,0
1,run10_initcall.txt,sha512_mod_init,0.05274,0,0
1,run10_initcall.txt,sg_pool_init,0.052772,0,0
1,run10_initcall.txt,gpiolib_debugfs_init,0.052798,0,0
1,run10_initcall.txt,stmpe_gpio_init,0.052899,0,0
1,run10_initcall.txt,pwm_init,0.05293,0,0
1,run10_initcall.txt,leds_init,0.052965,0,0
1,run10_initcall.txt,pci_slot_init,0.052989,0,0
1,run10_initcall.txt,fbmem_init,0.053048,0,0
1,run10_initcall.txt,bcm2835_dma_init,0.053781,0,0
1,run10_initcall.txt,regulator_fixed_voltage_init,0.053859,0,0
1,run10_initcall.txt,gpio_regulator_init,0.053917,0,0
1,run10_initcall.txt,init_sysrq_sysctl,0.053943,0,0
1,run10_initcall.txt,misc_init,0.05397,0,0
1,run10_initcall.txt,iommu_subsys_init,0.054005,0,0
1,run10_initcall.txt,register_cpu_capacity_sysctl,0.054588,0,0
1,run10_initcall.txt,dma_buf_init,0.054655,0,0
1,run10_initcall.txt,dma_heap_init,0.054687,0,0
1,run10_initcall.txt,init_scsi,0.054792,0,0
1,run10_initcall.txt,mdio_bus_init,0.054827,0,0
1,run10_initcall.txt,phy_init,0.054878,0,0
1,run10_initcall.txt,usb_common_init,0.0549,0,0
1,run10_initcall.txt,usb_init,0.055011,0,0
1,run10_initcall.txt,usb_phy_generic_init,0.05517,0,0
1,run10_initcall.txt,usb_udc_init,0.055206,0,0
1,run10_initcall.txt,usb_roles_init,0.055231,0,0
1,run10_initcall.txt,input_init,0.055261,0,0
1,run10_initcall.txt,rtc_init,0.055285,0,0
1,run10_initcall.txt,rc_core_init,0.055314,0,0
1,run10_initcall.txt,pps_init,0.055351,0,0
1,run10_initcall.txt,ptp_init,0.055377,0,0
1,run10_initcall.txt,power_supply_class_init,0.055406,0,0
1,run10_initcall.txt,hwmon_init,0.055428,0,0
1,run10_initcall.txt,mmc_init,0.055471,0,0
1,run10_initcall.txt,dmi_init,0.055488,0,0
1,run10_initcall.txt,efisubsys_init,0.055506,0,0
1,run10_initcall.txt,arm_pmu_hp_init,0.055526,0,0
1,run10_initcall.txt,ras_init,0.05555,0,0
1,run10_initcall.txt,nvmem_init,0.05559,0,0
1,run10_initcall.txt,init_soundcore,0.055611,0,0
1,run10_initcall.txt,proto_init,0.055631,0,0
1,run10_initcall.txt,net_dev_init,0.055869,0,0
1,run10_initcall.txt,neigh_init,0.055889,0,0
1,run10_initcall.txt,fib_notifier_init,0.055905,0,0
1,run10_initcall.txt,netdev_genl_init,0.055945,0,0
1,run10_initcall.txt,page_pool_user_init,0.055962,0,0
1,run10_initcall.txt,fib_rules_init,0.055979,0,0
1,run10_initcall.txt,init_cgroup_netprio,0.055997,0,0
1,run10_initcall.txt,bpf_lwt_init,0.056013,0,0
1,run10_initcall.txt,pktsched_init,0.056033,0,0
1,run10_initcall.txt,tc_filter_init,0.056067,0,0
1,run10_initcall.txt,tc_action_init,0.056083,0,0
1,run10_initcall.txt,ethnl_init,0.056156,0,0
1,run10_initcall.txt,nexthop_init,0.05618,0,0
1,run10_initcall.txt,devlink_init,0.056261,0,0
1,run10_initcall.txt,wireless_nlevent_init,0.056282,0,0
1,run10_initcall.txt,vsprintf_init_hashval,0.056305,0,0
1,run10_initcall.txt,init_32bit_el0_mask,0.056346,0,0
1,run10_initcall.txt,vga_arb_device_init,0.05651,0,0
1,run10_initcall.txt,watchdog_init,0.056628,0,0
1,run10_initcall.txt,create_debug_debugfs_entry,0.056745,0,0
1,run10_initcall.txt,iomem_init_inode,0.056793,0,0
1,run10_initcall.txt,clocksource_done_booting,0.056845,0,14
1,run10_initcall.txt,tracer_init_tracefs,0.056877,0,13
1,run10_initcall.txt,init_trace_printk_function_export,0.056969,0,72
1,run10_initcall.txt,init_graph_tracefs,0.056992,0,2
1,run10_initcall.txt,bpf_event_init,0.05701,0,1
1,run10_initcall.txt,init_kprobe_trace,0.431683,0,374652
1,run10_initcall.txt,init_dynamic_event,0.431818,0,22
1,run10_initcall.txt,bpf_init,0.431866,0,19
1,run10_initcall.txt,secretmem_init,0.431942,0,58
1,run10_initcall.txt,init_fs_stat_sysctls,0.431989,0,29
1,run10_initcall.txt,init_fs_exec_sysctls,0.432008,0,1
1,run10_initcall.txt,init_pipe_fs,0.432046,0,20
1,run10_initcall.txt,init_fs_namei_sysctls,0.432068,0,3
1,run10_initcall.txt,init_fs_dcache_sysctls,0.432094,0,7
1,run10_initcall.txt,init_fs_namespace_sysctls,0.432114,0,2
1,run10_initcall.txt,cgroup_writeback_init,0.432143,0,9
1,run10_initcall.txt,inotify_user_setup,0.432178,0,16
1,run10_initcall.txt,eventpoll_init,0.432213,0,16
1,run10_initcall.txt,anon_inode_init,0.432244,0,12
1,run10_initcall.txt,proc_locks_init,0.43227,0,6
1,run10_initcall.txt,backing_aio_init,0.43229,0,2
1,run10_initcall.txt,init_fs_coredump_sysctls,0.432317,0,8
1,run10_initcall.txt,init_vm_drop_caches_sysctls,0.43234,0,3
1,run10_initcall.txt,iomap_dio_init,0.432384,0,24
1,run10_initcall.txt,iomap_ioend_init,0.432431,0,28
1,run10_initcall.txt,dquot_init,0.432639,0,187
1,run10_initcall.txt,proc_cmdline_init,0.432673,0,6
1,run10_initcall.txt,proc_consoles_init,0.432695,0,1
1,run10_initcall.txt,proc_cpuinfo_init,0.432716,0,1
1,run10_initcall.txt,proc_devices_init,0.432736,0,1
1,run10_initcall.txt,proc_interrupts_init,0.432757,0,1
1,run10_initcall.txt,proc_loadavg_init,0.432777,0,1
1,run10_initcall.txt,proc_meminfo_init,0.432797,0,1
1,run10_initcall.txt,proc_stat_init,0.432817,0,1
1,run10_initcall.txt,proc_uptime_init,0.432859,0,1
1,run10_initcall.txt,proc_version_init,0.43288,0,1
1,run10_initcall.txt,proc_softirqs_init,0.4329,0,1
1,run10_initcall.txt,proc_kmsg_init,0.432917,0,1
1,run10_initcall.txt,proc_page_init,0.432935,0,2
1,run10_initcall.txt,init_ramfs_fs,0.432951,0,2
1,run10_initcall.txt,aa_create_aafs,0.432968,0,0
1,run10_initcall.txt,chr_dev_init,0.436112,0,3126
1,run10_initcall.txt,hwrng_modinit,0.4362,0,49
1,run10_initcall.txt,firmware_class_init,0.436221,0,1
1,run10_initcall.txt,sysctl_core_init,0.436276,0,37
1,run10_initcall.txt,eth_offload_init,0.436298,0,0
1,run10_initcall.txt,ipv4_offload_init,0.436315,0,1
1,run10_initcall.txt,inet_init,0.440365,0,4033
1,run10_initcall.txt,af_unix_init,0.440423,0,22
1,run10_initcall.txt,ipv6_offload_init,0.440444,0,2
1,run10_initcall.txt,init_sunrpc,0.440883,0,422
1,run10_initcall.txt,vlan_offload_init,0.440905,0,0
1,run10_initcall.txt,pci_apply_final_quirks,0.440936,0,13
1,run10_initcall.txt,populate_rootfs,0.440961,0,7
1,run10_initcall.txt,register_arm64_panic_block,0.441084,0,1
1,run10_initcall.txt,cpuinfo_regs_init,0.444948,0,3840
1,run10_initcall.txt,aarch32_el0_sysfs_init,0.445013,0,0
1,run10_initcall.txt,kvm_arm_init,0.453179,0,8144
1,run10_initcall.txt,proc_execdomains_init,0.453248,0,8
1,run10_initcall.txt,register_warn_debugfs,0.453278,0,14
1,run10_initcall.txt,cpuhp_sysfs_init,0.453339,0,44
1,run10_initcall.txt,ioresources_init,0.453364,0,6
1,run10_initcall.txt,psi_proc_init,0.453383,0,0
1,run10_initcall.txt,irq_gc_init_ops,0.4534,0,0
1,run10_initcall.txt,irq_debugfs_init,0.453515,0,96
1,run10_initcall.txt,proc_modules_init,0.453551,0,3
1,run10_initcall.txt,timer_sysctl_init,0.453583,0,13
1,run10_initcall.txt,timekeeping_init_ops,0.4536,0,0
1,run10_initcall.txt,init_clocksource_sysfs,0.45369,0,75
1,run10_initcall.txt,init_timer_list_procfs,0.453712,0,1
1,run10_initcall.txt,alarmtimer_init,0.453798,0,70
1,run10_initcall.txt,clockevents_init_sysfs,0.45393,0,116
1,run10_initcall.txt,sched_clock_syscore_init,0.453948,0,0
1,run10_initcall.txt,kallsyms_init,0.453971,0,4
1,run10_initcall.txt,pid_namespaces_init,0.454046,0,60
1,run10_initcall.txt,audit_watch_init,0.454065,0,1
1,run10_initcall.txt,audit_fsnotify_init,0.45408,0,0
1,run10_initcall.txt,audit_tree_init,0.454097,0,3
1,run10_initcall.txt,seccomp_sysctl_init,0.454119,0,6
1,run10_initcall.txt,utsname_sysctl_init,0.454142,0,7
1,run10_initcall.txt,init_tracepoints,0.454161,0,3
1,run10_initcall.txt,init_lstats_procfs,0.454182,0,3
1,run10_initcall.txt,stack_trace_init,0.454223,0,25
1,run10_initcall.txt,init_blk_tracer,0.454259,0,18
1,run10_initcall.txt,perf_event_sysfs_init,0.454391,0,110
1,run10_initcall.txt,system_trusted_keyring_init,0.454432,0,19
1,run10_initcall.txt,kswapd_init,0.454701,0,247
1,run10_initcall.txt,extfrag_debug_init,0.45476,0,25
1,run10_initcall.txt,mm_compute_batch_init,0.454779,0,0
1,run10_initcall.txt,slab_proc_init,0.454804,0,7
1,run10_initcall.txt,workingset_init,0.454828,0,10
1,run10_initcall.txt,proc_vmalloc_init,0.454844,0,1
1,run10_initcall.txt,memblock_init_debugfs,0.454866,0,7
1,run10_initcall.txt,slab_debugfs_init,0.454903,0,21
1,run10_initcall.txt,procswaps_init,0.454923,0,3
1,run10_initcall.txt,zs_init,0.454942,0,0
1,run10_initcall.txt,fcntl_init,0.454967,0,7
1,run10_initcall.txt,proc_filesystems_init,0.454986,0,1
1,run10_initcall.txt,start_dirtytime_writeback,0.455012,0,8
1,run10_initcall.txt,dio_init,0.455032,0,1
1,run10_initcall.txt,dnotify_init,0.455083,0,32
1,run10_initcall.txt,fanotify_user_setup,0.455116,0,13
1,run10_initcall.txt,aio_setup,0.455179,0,43
1,run10_initcall.txt,mbcache_init,0.455209,0,5
1,run10_initcall.txt,init_grace,0.45523,0,2
1,run10_initcall.txt,init_devpts_fs,0.45526,0,13
1,run10_initcall.txt,ext4_init_fs,0.455371,0,95
1,run10_initcall.txt,journal_init,0.455407,0,16
1,run10_initcall.txt,init_fat_fs,0.455427,0,5
1,run10_initcall.txt,init_vfat_fs,0.455441,0,0
1,run10_initcall.txt,init_msdos_fs,0.455455,0,0
1,run10_initcall.txt,init_nfs_fs,0.455736,0,263
1,run10_initcall.txt,init_nfs_v2,0.455769,0,1
1,run10_initcall.txt,init_nfs_v3,0.455783,0,0
1,run10_initcall.txt,init_nfs_v4,0.455839,0,42
1,run10_initcall.txt,nfs4filelayout_init,0.455862,0,6
1,run10_initcall.txt,nfs4flexfilelayout_init,0.455885,0,7
1,run10_initcall.txt,init_nlm,0.455943,0,43
1,run10_initcall.txt,init_nls_cp437,0.455965,0,0
1,run10_initcall.txt,init_nls_ascii,0.45598,0,0
1,run10_initcall.txt,init_autofs_fs,0.456135,0,139
1,run10_initcall.txt,init_f2fs_fs,0.456321,0,166
1,run10_initcall.txt,ipc_init,0.456358,0,18
1,run10_initcall.txt,ipc_sysctl_init,0.4564,0,25
1,run10_initcall.txt,init_mqueue_fs,0.456474,0,58
1,run10_initcall.txt,key_proc_init,0.456495,0,3
1,run10_initcall.txt,bpf_crypto_skcipher_init,0.456519,0,1
1,run10_initcall.txt,dh_init,0.456538,0,3
1,run10_initcall.txt,rsa_init,0.456555,0,1
1,run10_initcall.txt,cryptomgr_init,0.456572,0,1
1,run10_initcall.txt,hmac_module_init,0.456591,0,2
1,run10_initcall.txt,crypto_sha256_mod_init,0.456611,0,4
1,run10_initcall.txt,crypto_ecb_module_init,0.456627,0,0
1,run10_initcall.txt,crypto_cbc_module_init,0.456644,0,0
1,run10_initcall.txt,crypto_cts_module_init,0.456661,0,0
1,run10_initcall.txt,xts_module_init,0.456678,0,0
1,run10_initcall.txt,des_generic_mod_init,0.456696,0,1
1,run10_initcall.txt,aes_init,0.456713,0,0
1,run10_initcall.txt,lzo_mod_init,0.45673,0,1
1,run10_initcall.txt,lzorle_mod_init,0.456747,0,1
1,run10_initcall.txt,asymmetric_key_init,0.456771,0,7
1,run10_initcall.txt,x509_key_init,0.456793,0,5
1,run10_initcall.txt,crypto_kdf108_init,0.456811,0,0
1,run10_initcall.txt,blkdev_init,0.456892,0,64
1,run10_initcall.txt,proc_genhd_init,0.456919,0,4
1,run10_initcall.txt,bsg_init,0.456971,0,35
1,run10_initcall.txt,throtl_init,0.457141,0,152
1,run10_initcall.txt,deadline_init,0.457177,0,7
1,run10_initcall.txt,kyber_init,0.457209,0,6
1,run10_initcall.txt,bfq_init,0.457265,0,38
1,run10_initcall.txt,io_uring_init,0.457317,0,34
1,run10_initcall.txt,btree_module_init,0.457339,0,2
1,run10_initcall.txt,percpu_counter_startup,0.460951,0,3591
1,run10_initcall.txt,audit_classes_init,0.461015,0,7
1,run10_initcall.txt,gicv5_iwb_platform_driver_init,0.461168,0,134
1,run10_initcall.txt,mip_msi_driver_init,0.461226,0,36
1,run10_initcall.txt,bcm7038_l1_driver_init,0.46129,0,35
1,run10_initcall.txt,bcm7120_l2_driver_init,0.461349,0,40
1,run10_initcall.txt,brcmstb_l2_driver_init,0.461736,0,366
1,run10_initcall.txt,simple_pm_bus_driver_init,0.462367,0,607
1,run10_initcall.txt,phy_core_init,0.462419,0,25
1,run10_initcall.txt,brcm_usb_driver_init,0.462525,0,87
1,run10_initcall.txt,rp1_pinctrl_driver_init,0.462581,0,34
1,run10_initcall.txt,bcm2835_pinctrl_driver_init,0.463928,0,1326
1,run10_initcall.txt,bcm2712_pinctrl_driver_init,0.46403,0,67
1,run10_initcall.txt,brcmvirt_gpio_driver_init,0.464095,0,44
1,run10_initcall.txt,brcmstb_gpio_driver_init,0.464152,0,35
1,run10_initcall.txt,rpi_exp_gpio_driver_init,0.464978,0,797
1,run10_initcall.txt,brcmstb_pwm_driver_init,0.465081,0,72
1,run10_initcall.txt,rp1_pwm_driver_init,0.465141,0,39
1,run10_initcall.txt,gpio_led_driver_init,0.675336,0,210174
1,run10_initcall.txt,led_pwm_driver_init,0.675499,0,119
1,run10_initcall.txt,timer_led_trigger_init,0.675537,0,4
1,run10_initcall.txt,oneshot_led_trigger_init,0.675556,0,0
1,run10_initcall.txt,heartbeat_trig_init,0.675578,0,3
1,run10_initcall.txt,bl_led_trigger_init,0.675598,0,1
1,run10_initcall.txt,ledtrig_cpu_init,0.679918,0,4301
1,run10_initcall.txt,defon_led_trigger_init,0.680014,0,65
1,run10_initcall.txt,input_trig_init,0.680038,0,1
1,run10_initcall.txt,ledtrig_panic_init,0.680063,0,7
1,run10_initcall.txt,actpwr_trig_init,0.680541,0,458
1,run10_initcall.txt,pcie_portdrv_init,0.680645,0,76
1,run10_initcall.txt,pci_proc_init,0.680674,0,10
1,run10_initcall.txt,brcm_pcie_driver_init,0.793829,0,113134
1,run10_initcall.txt,bcm2708_fb_init,0.793921,0,70
1,run10_initcall.txt,simplefb_driver_init,0.820073,0,26136
1,run10_initcall.txt,of_fixed_factor_clk_driver_init,0.82017,0,42
1,run10_initcall.txt,of_fixed_clk_driver_init,0.820254,0,36
1,run10_initcall.txt,gpio_clk_driver_init,0.820353,0,43
1,run10_initcall.txt,gated_fixed_clk_driver_init,0.820442,0,41
1,run10_initcall.txt,rp1_clk_driver_init,0.820527,0,36
1,run10_initcall.txt,rp1_sdio_clk_driver_init,0.820608,0,36
1,run10_initcall.txt,clk_dvp_driver_init,0.820809,0,154
1,run10_initcall.txt,bcm2835_aux_clk_driver_init,0.820955,0,80
1,run10_initcall.txt,raspberrypi_clk_driver_init,0.836435,0,15432
1,run10_initcall.txt,dw_driver_init,0.836534,0,50
1,run10_initcall.txt,bcm2835_power_driver_init,0.836608,0,23
1,run10_initcall.txt,rpi_power_driver_init,0.838049,0,1392
1,run10_initcall.txt,brcmstb_reset_driver_init,0.83814,0,42
1,run10_initcall.txt,brcm_rescal_reset_driver_init,0.838228,0,36
1,run10_initcall.txt,rpi_reset_driver_init,0.83839,0,113
1,run10_initcall.txt,reset_simple_driver_init,0.838525,0,86
1,run10_initcall.txt,n_null_init,0.83857,0,0
1,run10_initcall.txt,pty_init,0.838706,0,94
1,run10_initcall.txt,sysrq_init,0.838769,0,15
1,run10_initcall.txt,serial8250_init,0.838814,-19,0
1,run10_initcall.txt,bcm2835aux_serial_driver_init,0.838905,0,42
1,run10_initcall.txt,brcmuart_init,0.839009,0,55
1,run10_initcall.txt,exar_pci_driver_init,0.839085,0,31
1,run10_initcall.txt,of_platform_serial_driver_init,0.839229,0,94
1,run10_initcall.txt,serial_pci_driver_init,0.83931,0,30
1,run10_initcall.txt,pericom8250_pci_driver_init,0.839382,0,20
1,run10_initcall.txt,init_kgdboc,0.839529,0,100
1,run10_initcall.txt,random_sysctls_init,0.83959,0,14
1,run10_initcall.txt,ttyprintk_init,0.839691,0,53
1,run10_initcall.txt,bcm2835_rng_driver_init,0.8398,0,59
1,run10_initcall.txt,bcm74110_rng_driver_init,0.839889,0,36
1,run10_initcall.txt,iproc_rng200_driver_init,0.84024,0,300
1,run10_initcall.txt,smccc_trng_driver_init,0.840315,0,25
1,run10_initcall.txt,vc_mem_init,0.840507,0,144
1,run10_initcall.txt,vcio_driver_init,0.843517,0,2961
1,run10_initcall.txt,bcm2712_iommu_driver_init,0.848714,0,53
1,run10_initcall.txt,bcm2712_iommu_cache_driver_init,0.853793,0,42
1,run10_initcall.txt,topology_sysfs_init,0.859067,0,67
1,run10_initcall.txt,cacheinfo_sysfs_init,0.864552,0,260
1,run10_initcall.txt,devcoredump_init,0.869828,0,11
1,run10_initcall.txt,brd_init,0.881782,0,6716
1,run10_initcall.txt,loop_init,0.892356,0,5467
1,run10_initcall.txt,bcm2835_pm_driver_init,0.900422,0,2781
1,run10_initcall.txt,stmpe_i2c_driver_init,0.905694,0,17
1,run10_initcall.txt,stmpe_spi_driver_init,0.910956,0,14
1,run10_initcall.txt,rp1_driver_init,0.916203,0,32
1,run10_initcall.txt,system_heap_create,0.921397,0,96
1,run10_initcall.txt,add_default_cma_heap,0.926742,0,112
1,run10_initcall.txt,udmabuf_dev_init,0.93203,0,46
1,run10_initcall.txt,iscsi_transport_init,0.940165,0,2874
1,run10_initcall.txt,init_sd,0.945428,0,28
1,run10_initcall.txt,nvme_core_init,0.950775,0,263
1,run10_initcall.txt,nvme_init,0.956051,0,34
1,run10_initcall.txt,blackhole_netdev_init,0.961321,0,17
1,run10_initcall.txt,netkit_init,0.966556,0,6
1,run10_initcall.txt,phylink_init,0.971796,0,0
1,run10_initcall.txt,phy_module_init,0.97721,0,177
1,run10_initcall.txt,phy_module_init,0.982598,0,183
1,run10_initcall.txt,fixed_mdio_bus_init,0.987822,0,163
1,run10_initcall.txt,phy_module_init,0.993235,0,177
1,run10_initcall.txt,phy_module_init,0.998549,0,20
1,run10_initcall.txt,phy_module_init,1.003941,0,68
1,run10_initcall.txt,unimac_mdio_driver_init,1.009423,0,134
1,run10_initcall.txt,macb_driver_init,1.014941,0,117
1,run10_initcall.txt,bcmgenet_driver_init,1.232533,0,212270
1,run10_initcall.txt,bcmasp_driver_init,1.238297,0,97
1,run10_initcall.txt,lan78xx_driver_init,1.246898,0,2892
1,run10_initcall.txt,smsc95xx_driver_init,1.255411,0,2911
1,run10_initcall.txt,usbnet_init,1.261209,0,0
1,run10_initcall.txt,xhci_hcd_init,1.266993,0,18
1,run10_initcall.txt,xhci_pci_init,1.444354,0,171596
1,run10_initcall.txt,xhci_plat_init,1.450068,0,122
1,run10_initcall.txt,dwc_otg_driver_init,1.46677,0,11163
1,run10_initcall.txt,dwc_common_port_init_module,1.475311,0,2937
1,run10_initcall.txt,dwc3_driver_init,1.480997,0,69
1,run10_initcall.txt,dwc3_haps_driver_init,1.486454,0,29
1,run10_initcall.txt,dwc3_of_simple_driver_init,1.492074,0,62
1,run10_initcall.txt,dwc3_generic_driver_init,1.497684,0,46
1,run10_initcall.txt,dwc2_platform_driver_init,1.5034,0,145
1,run10_initcall.txt,uas_init,1.511858,0,2903
1,run10_initcall.txt,usb_storage_driver_init,1.520034,0,2770
1,run10_initcall.txt,brcmstb_usb_pinmap_init,1.525681,-19,88
1,run10_initcall.txt,bdc_driver_init,1.531309,0,50
1,run10_initcall.txt,input_leds_init,1.537036,0,99
1,run10_initcall.txt,mousedev_init,1.545651,0,3049
1,run10_initcall.txt,evdev_init,1.551168,0,1
1,run10_initcall.txt,brcmstb_waketmr_driver_init,1.55686,0,103
1,run10_initcall.txt,rpi_rtc_driver_init,1.562484,0,44
1,run10_initcall.txt,init_rc_map_adstech_dvb_t_pci,1.568071,0,1
1,run10_initcall.txt,init_rc_map_alink_dtu_m,1.57366,0,0
1,run10_initcall.txt,init_rc_map_anysee,1.579248,0,0
1,run10_initcall.txt,init_rc_map_apac_viewcomp,1.584669,0,0
1,run10_initcall.txt,init_rc_map_t2hybrid,1.590229,0,0
1,run10_initcall.txt,init_rc_map_asus_pc39,1.595801,0,0
1,run10_initcall.txt,init_rc_map_asus_ps3_100,1.601357,0,0
1,run10_initcall.txt,init_rc_map_ati_tv_wonder_hd_600,1.606888,0,0
1,run10_initcall.txt,init_rc_map_ati_x10,1.612402,0,0
1,run10_initcall.txt,init_rc_map_avermedia_a16d,1.617757,0,0
1,run10_initcall.txt,init_rc_map_avermedia_cardbus,1.623278,0,0
1,run10_initcall.txt,init_rc_map_avermedia_dvbt,1.62878,0,0
1,run10_initcall.txt,init_rc_map_avermedia_m135a,1.634271,0,0
1,run10_initcall.txt,init_rc_map_avermedia_m733a_rm_k6,1.639753,0,0
1,run10_initcall.txt,init_rc_map_avermedia,1.645263,0,0
1,run10_initcall.txt,init_rc_map_avermedia_rm_ks,1.650628,0,0
1,run10_initcall.txt,init_rc_map_avertv_303,1.656103,0,0
1,run10_initcall.txt,init_rc_map_azurewave_ad_tu700,1.661597,0,0
1,run10_initcall.txt,init_rc_map_beelink_gs1,1.667061,0,0
1,run10_initcall.txt,init_rc_map_beelink_mxiii,1.675274,0,0
1,run10_initcall.txt,init_rc_map_behold_columbus,1.680761,0,0
1,run10_initcall.txt,init_rc_map_behold,1.686067,0,0
1,run10_initcall.txt,init_rc_map_budget_ci_old,1.691509,0,0
1,run10_initcall.txt,init_rc_map_cinergy_1400,1.696942,0,0
1,run10_initcall.txt,init_rc_map_cinergy,1.702341,0,0
1,run10_initcall.txt,init_rc_map_ct_90405,1.707749,0,0
1,run10_initcall.txt,init_rc_map_d680_dmb,1.713136,0,0
1,run10_initcall.txt,init_rc_map_delock_61959,1.71836,0,0
1,run10_initcall.txt,init_rc_map,1.723718,0,0
1,run10_initcall.txt,init_rc_map,1.729091,0,0
1,run10_initcall.txt,init_rc_map_digitalnow_tinytwin,1.734465,0,0
1,run10_initcall.txt,init_rc_map_digittrade,1.739866,0,0
1,run10_initcall.txt,init_rc_map_dm1105_nec,1.745223,0,0
1,run10_initcall.txt,init_rc_map_dntv_live_dvb_t,1.750477,0,0
1,run10_initcall.txt,init_rc_map_dntv_live_dvbt_pro,1.755803,0,0
1,run10_initcall.txt,init_rc_map_dreambox,1.761173,0,0
1,run10_initcall.txt,init_rc_map_dtt200u,1.766526,0,0
1,run10_initcall.txt,init_rc_map_rc5_dvbsky,1.771925,0,0
1,run10_initcall.txt,init_rc_map_dvico_mce,1.777307,0,0
1,run10_initcall.txt,init_rc_map_dvico_portable,1.782671,0,0
1,run10_initcall.txt,init_rc_map_em_terratec,1.788103,0,0
1,run10_initcall.txt,init_rc_map_encore_enltv2,1.793485,0,0
1,run10_initcall.txt,init_rc_map_encore_enltv_fm53,1.798938,0,37
1,run10_initcall.txt,init_rc_map_encore_enltv,1.804356,0,0
1,run10_initcall.txt,init_rc_map_evga_indtube,1.80976,0,0
1,run10_initcall.txt,init_rc_map_eztv,1.817771,0,13
1,run10_initcall.txt,init_rc_map_flydvb,1.828745,0,3
1,run10_initcall.txt,init_rc_map_flyvideo,1.834279,0,2
1,run10_initcall.txt,init_rc_map_fusionhdtv_mce,1.84523,0,0
1,run10_initcall.txt,init_rc_map_gadmei_rm008z,1.850559,0,0
1,run10_initcall.txt,init_rc_map_geekbox,1.861393,0,0
1,run10_initcall.txt,init_rc_map_genius_tvgo_a11mce,1.866828,0,0
1,run10_initcall.txt,init_rc_map_gotview7135,1.872276,0,0
1,run10_initcall.txt,init_rc_map_rc5_hauppauge_new,1.877693,0,0
1,run10_initcall.txt,init_rc_map_hisi_poplar,1.883064,0,0
1,run10_initcall.txt,init_rc_map_hisi_tv_demo,1.888342,0,0
1,run10_initcall.txt,init_rc_map_imon_mce,1.893784,0,0
1,run10_initcall.txt,init_rc_map_imon_pad,1.899158,0,0
1,run10_initcall.txt,init_rc_map_imon_rsc,1.904513,0,0
1,run10_initcall.txt,init_rc_map_iodata_bctv7e,1.909887,0,0
1,run10_initcall.txt,init_rc_it913x_v1_map,1.915234,0,0
1,run10_initcall.txt,init_rc_it913x_v2_map,1.920438,0,0
1,run10_initcall.txt,init_rc_map_kaiomy,1.925789,0,0
1,run10_initcall.txt,init_rc_map_khadas,1.931103,0,0
1,run10_initcall.txt,init_rc_map_khamsin,1.936426,0,0
1,run10_initcall.txt,init_rc_map_kworld_315u,1.941753,0,0
1,run10_initcall.txt,init_rc_map_kworld_pc150u,1.947085,0,0
1,run10_initcall.txt,init_rc_map_kworld_plus_tv_analog,1.952245,0,0
1,run10_initcall.txt,init_rc_map_leadtek_y04g0051,1.957684,0,39
1,run10_initcall.txt,init_rc_lme2510_map,1.9631,0,37
1,run10_initcall.txt,init_rc_map_manli,1.968465,0,0
1,run10_initcall.txt,init_rc_map_mecool_kiii_pro,1.973832,0,0
1,run10_initcall.txt,init_rc_map_mecool_kii_pro,1.9792,0,0
1,run10_initcall.txt,init_rc_map_medion_x10_digitainer,1.984416,0,0
1,run10_initcall.txt,init_rc_map_medion_x10,1.989766,0,0
1,run10_initcall.txt,init_rc_map_medion_x10_or2x,1.995114,0,0
1,run10_initcall.txt,init_rc_map_minix_neo,2.000449,0,0
1,run10_initcall.txt,init_rc_map_msi_digivox_iii,2.005807,0,0
1,run10_initcall.txt,init_rc_map_msi_digivox_ii,2.01117,0,0
1,run10_initcall.txt,init_rc_map_msi_tvanywhere,2.016482,0,0
1,run10_initcall.txt,init_rc_map_msi_tvanywhere_plus,2.021701,0,0
1,run10_initcall.txt,init_rc_map_mygica_utv3,2.027026,0,0
1,run10_initcall.txt,init_rc_map_nebula,2.032583,0,0
1,run10_initcall.txt,init_rc_map_nec_terratec_cinergy_xs,2.037885,0,0
1,run10_initcall.txt,init_rc_map_norwood,2.04321,0,0
1,run10_initcall.txt,init_rc_map_npgtech,2.048533,0,0
1,run10_initcall.txt,init_rc_map_odroid,2.053713,0,0
1,run10_initcall.txt,init_rc_map_pctv_sedna,2.05903,0,0
1,run10_initcall.txt,init_rc_map_pine64,2.064347,0,0
1,run10_initcall.txt,init_rc_map_pinnacle_color,2.069709,0,47
1,run10_initcall.txt,init_rc_map_pinnacle_grey,2.075093,0,38
1,run10_initcall.txt,init_rc_map_pinnacle_pctv_hd,2.080449,0,3
1,run10_initcall.txt,init_rc_map_pixelview,2.085641,0,0
1,run10_initcall.txt,init_rc_map_pixelview,2.090952,0,0
1,run10_initcall.txt,init_rc_map_pixelview_new,2.096277,0,0
1,run10_initcall.txt,init_rc_map_pixelview,2.101592,0,0
1,run10_initcall.txt,init_rc_map_powercolor_real_angel,2.106903,0,0
1,run10_initcall.txt,init_rc_map_proteus_2309,2.112218,0,0
1,run10_initcall.txt,init_rc_map_purpletv,2.117397,0,0
1,run10_initcall.txt,init_rc_map_pv951,2.122716,0,0
1,run10_initcall.txt,init_rc_map_rc6_mce,2.128036,0,0
1,run10_initcall.txt,init_rc_map_real_audio_220_32_keys,2.133387,0,0
1,run10_initcall.txt,init_rc_map_reddo,2.138738,0,0
1,run10_initcall.txt,init_rc_map_siemens_gigaset_rc20,2.144093,0,0
1,run10_initcall.txt,init_rc_map_snapstream_firefly,2.149436,0,0
1,run10_initcall.txt,init_rc_map_streamzap,2.154649,0,0
1,run10_initcall.txt,init_rc_map_su3000,2.162707,0,0
1,run10_initcall.txt,init_rc_map_tanix_tx3mini,2.168059,0,0
1,run10_initcall.txt,init_rc_map_tanix_tx5max,2.173411,0,0
1,run10_initcall.txt,init_rc_map_tbs_nec,2.178748,0,0
1,run10_initcall.txt,init_rc_map,2.183982,0,0
1,run10_initcall.txt,init_rc_map,2.189313,0,0
1,run10_initcall.txt,init_rc_map_terratec_cinergy_c_pci,2.19466,0,0
1,run10_initcall.txt,init_rc_map_terratec_cinergy_s2_hd,2.200016,0,0
1,run10_initcall.txt,init_rc_map_terratec_cinergy_xs,2.20536,0,0
1,run10_initcall.txt,init_rc_map_terratec_slim_2,2.210702,0,0
1,run10_initcall.txt,init_rc_map_terratec_slim,2.216041,0,0
1,run10_initcall.txt,init_rc_map_tevii_nec,2.22123,0,0
1,run10_initcall.txt,init_rc_map_tivo,2.22659,0,0
1,run10_initcall.txt,init_rc_map_total_media_in_hand_02,2.231912,0,0
1,run10_initcall.txt,init_rc_map_total_media_in_hand,2.237297,0,9
1,run10_initcall.txt,init_rc_map_trekstor,2.242617,0,0
1,run10_initcall.txt,init_rc_map_tt_1500,2.24797,0,0
1,run10_initcall.txt,init_rc_map_twinhan_vp1027,2.253196,0,0
1,run10_initcall.txt,init_rc_map_twinhan_dtv_cab_ci,2.258558,0,0
1,run10_initcall.txt,init_rc_map_vega_s9x,2.269283,0,0
1,run10_initcall.txt,init_rc_map_videomate_k100,2.280088,0,2
1,run10_initcall.txt,init_rc_map_videomate_s350,2.285377,0,2
1,run10_initcall.txt,init_rc_map_videomate_tv_pvr,2.290796,0,2
1,run10_initcall.txt,init_rc_map_kii_pro,2.296221,0,1
1,run10_initcall.txt,init_rc_map_wetek_hub,2.301692,0,0
1,run10_initcall.txt,init_rc_map_wetek_play2,2.309787,0,0
1,run10_initcall.txt,init_rc_map_winfast,2.315164,0,0
1,run10_initcall.txt,init_rc_map_winfast_usbii_deluxe,2.32037,0,0
1,run10_initcall.txt,init_rc_map_x96max,2.325754,0,0
1,run10_initcall.txt,init_rc_map,2.331154,0,0
1,run10_initcall.txt,init_rc_map,2.336522,0,0
1,run10_initcall.txt,init_rc_map_zx_irdec,2.341912,0,0
1,run10_initcall.txt,ptp_kvm_init,2.347275,-95,1
1,run10_initcall.txt,gpio_poweroff_driver_init,2.35258,0,110
1,run10_initcall.txt,bcm2711_thermal_driver_init,2.361005,0,3044
1,run10_initcall.txt,bcm2835_thermal_driver_init,2.366489,0,69
1,run10_initcall.txt,bcm2835_wdt_driver_init,2.371946,0,29
1,run10_initcall.txt,dt_cpufreq_platdrv_init,2.377389,0,29
1,run10_initcall.txt,brcm_avs_cpufreq_platdrv_init,2.382863,0,44
1,run10_initcall.txt,raspberrypi_cpufreq_driver_init,2.394565,0,6412
1,run10_initcall.txt,mmc_pwrseq_simple_driver_init,2.400156,0,92
1,run10_initcall.txt,mmc_pwrseq_emmc_driver_init,2.405767,0,76
1,run10_initcall.txt,mmc_blk_init,2.411356,0,37
1,run10_initcall.txt,sdhci_drv_init,2.422355,0,5506
1,run10_initcall.txt,bcm2835_mmc_driver_init,2.430741,0,2834
1,run10_initcall.txt,bcm2835_driver_init,2.436357,0,44
1,run10_initcall.txt,sdhci_pltfm_drv_init,2.444773,0,2801
1,run10_initcall.txt,sdhci_iproc_driver_init,2.450362,0,80
1,run10_initcall.txt,sdhci_brcmstb_driver_init,2.450437,0,61
1,run10_initcall.txt,esrt_sysfs_init,2.450453,-38,2
1,run10_initcall.txt,smccc_devices_init,2.450465,0,0
1,run10_initcall.txt,smccc_soc_init,2.450481,0,1
1,run10_initcall.txt,arch_timer_mmio_drv_init,2.450538,0,44
1,run10_initcall.txt,arch_timer_mmio_acpi_drv_init,2.450576,0,24
1,run10_initcall.txt,hid_init,2.450643,0,53
1,run10_initcall.txt,hid_generic_init,2.450694,0,37
1,run10_initcall.txt,hid_init,2.673146,0,222441
1,run10_initcall.txt,vchiq_driver_init,2.685705,0,6445
1,run10_initcall.txt,bcm74110_mbox_driver_init,2.692756,0,106
1,run10_initcall.txt,extcon_class_init,2.699208,0,36
1,run10_initcall.txt,armv8_pmu_driver_init,2.71234,0,6941
1,run10_initcall.txt,binder_init,2.718445,0,65
1,run10_initcall.txt,rpi_otp_driver_init,2.734354,0,9690
1,run10_initcall.txt,sock_diag_init,2.740538,0,32
1,run10_initcall.txt,blackhole_init,2.746709,0,3
1,run10_initcall.txt,cls_bpf_init_mod,2.752679,0,1
1,run10_initcall.txt,gre_offload_init,2.758793,0,0
1,run10_initcall.txt,sysctl_ipv4_init,2.764995,0,80
1,run10_initcall.txt,cubictcp_register,2.771067,0,2
1,run10_initcall.txt,packet_init,2.780247,0,3062
1,run10_initcall.txt,init_rpcsec_gss,2.786257,0,20
1,run10_initcall.txt,init_kerberos_module,2.792384,0,6
1,run10_initcall.txt,dcbnl_init,2.798528,0,3
1,run10_initcall.txt,init_dns_resolver,2.807719,0,3075
1,run10_initcall.txt,handshake_init,2.813906,0,37
1,run10_initcall.txt,check_mmu_enabled_at_boot,2.819914,0,0
1,run10_initcall.txt,finalize_pkvm,2.826072,0,5
1,run10_initcall.txt,kernel_do_mounts_initrd_sysctls_init,2.835406,0,16
1,run10_initcall.txt,kernel_panic_sysctls_init,2.841592,0,13
1,run10_initcall.txt,kernel_panic_sysfs_init,2.847809,0,24
1,run10_initcall.txt,kernel_exit_sysctls_init,2.853904,0,2
1,run10_initcall.txt,kernel_exit_sysfs_init,2.860136,0,3
1,run10_initcall.txt,param_sysfs_builtin_init,2.876145,0,9796
1,run10_initcall.txt,reboot_ksysfs_init,2.8826,0,28
1,run10_initcall.txt,sched_core_sysctl_init,2.888651,0,5
1,run10_initcall.txt,sched_fair_sysctl_init,2.895079,0,6
1,run10_initcall.txt,sched_rt_sysctl_init,2.90206,0,12
1,run10_initcall.txt,sched_dl_sysctl_init,2.908183,0,2
1,run10_initcall.txt,sched_init_debug,2.914448,0,98
1,run10_initcall.txt,cpu_latency_qos_init,2.920555,0,171
1,run10_initcall.txt,printk_late_init,2.926677,0,20
1,run10_initcall.txt,init_srcu_module_notifier,2.932762,0,2
1,run10_initcall.txt,kernel_rcu_stall_sysfs_init,2.938874,0,11
1,run10_initcall.txt,swiotlb_create_default_debugfs,2.945025,0,37
1,run10_initcall.txt,tk_debug_sleep_time_init,2.950981,0,12
1,run10_initcall.txt,bpf_ksym_iter_register,2.957072,0,1
1,run10_initcall.txt,kernel_acct_sysctls_init,2.963186,0,12
1,run10_initcall.txt,bpf_rstat_kfunc_init,2.96929,0,1
1,run10_initcall.txt,debugfs_kprobe_init,2.975387,0,14
1,run10_initcall.txt,kernel_delayacct_sysctls_init,2.981496,0,4
1,run10_initcall.txt,taskstats_init,2.990525,0,3079
1,run10_initcall.txt,ftrace_sysctl_init,2.99662,0,3
1,run10_initcall.txt,bpf_kprobe_multi_kfuncs_init,3.002735,0,0
1,run10_initcall.txt,kdb_ftrace_register,3.008869,0,12
1,run10_initcall.txt,bpf_global_ma_init,3.015134,0,117
1,run10_initcall.txt,bpf_syscall_sysctl_init,3.021149,0,7
1,run10_initcall.txt,unbound_reg_init,3.027301,0,5
1,run10_initcall.txt,kfunc_init,3.033454,0,1
1,run10_initcall.txt,bpf_map_iter_init,3.039575,0,5
1,run10_initcall.txt,init_subsystem,3.04559,0,0
1,run10_initcall.txt,task_iter_init,3.051422,0,6
1,run10_initcall.txt,bpf_prog_iter_init,3.05729,0,0
1,run10_initcall.txt,bpf_link_iter_init,3.06301,0,5
1,run10_initcall.txt,init_trampolines,3.06865,0,4
1,run10_initcall.txt,rqspinlock_register_kfuncs,3.074238,0,0
1,run10_initcall.txt,kfunc_init,3.079787,0,0
1,run10_initcall.txt,bpf_cgroup_iter_init,3.0852,0,0
1,run10_initcall.txt,cpumask_kfunc_init,3.090762,0,13
1,run10_initcall.txt,crypto_kfunc_init,3.096318,0,0
1,run10_initcall.txt,bpf_kmem_cache_iter_init,3.101872,0,0
1,run10_initcall.txt,dmabuf_iter_init,3.107413,0,5
1,run10_initcall.txt,load_system_certificate_list,3.115635,0,2731
1,run10_initcall.txt,init_lru_gen,3.121024,0,25
1,run10_initcall.txt,vmstat_late_init,3.12655,0,7
1,run10_initcall.txt,fault_around_debugfs,3.132098,0,3
1,run10_initcall.txt,slab_sysfs_init,3.141764,0,4100
1,run10_initcall.txt,max_swapfiles_check,3.14746,0,24
1,run10_initcall.txt,zswap_init,3.152865,0,0
1,run10_initcall.txt,mempolicy_sysfs_init,3.158447,0,34
1,run10_initcall.txt,memory_tier_late_init,3.169724,0,5699
1,run10_initcall.txt,check_early_ioremap_leak,3.175297,0,5
1,run10_initcall.txt,mg_debugfs_init,3.180904,0,22
1,run10_initcall.txt,fscrypt_init,3.191932,0,5626
1,run10_initcall.txt,pstore_init,3.197517,0,12
1,run10_initcall.txt,init_root_keyring,3.203104,0,38
1,run10_initcall.txt,init_profile_hash,3.208627,0,0
1,run10_initcall.txt,integrity_fs_init,3.214199,0,13
1,run10_initcall.txt,crypto_algapi_init,3.219579,0,8
1,run10_initcall.txt,blk_timeout_init,3.22512,0,0
1,run10_initcall.txt,depot_debugfs_init,3.230657,0,14
1,run10_initcall.txt,pci_resource_alignment_sysfs_init,3.236172,0,6
1,run10_initcall.txt,pci_sysfs_init,3.241694,0,13
1,run10_initcall.txt,clk_debug_init,3.247607,0,447
1,run10_initcall.txt,genpd_debug_init,3.253346,0,383
1,run10_initcall.txt,sync_state_resume_initcall,3.25889,0,21
1,run10_initcall.txt,deferred_probe_initcall,3.384093,0,119713
1,run10_initcall.txt,efi_shutdown_init,3.391645,-19,6
1,run10_initcall.txt,efi_earlycon_unmap_fb,3.398104,0,1
1,run10_initcall.txt,psci_debugfs_init,3.403401,0,0
1,run10_initcall.txt,of_cfs_init,3.413998,0,5306
1,run10_initcall.txt,of_fdt_raw_init,3.419103,0,36
1,run10_initcall.txt,bpf_kfunc_init,3.42434,0,2
1,run10_initcall.txt,init_subsystem,3.429575,0,0
1,run10_initcall.txt,xdp_metadata_init,3.434875,0,58
1,run10_initcall.txt,bpf_sockmap_iter_init,3.445248,0,1
1,run10_initcall.txt,bpf_sk_storage_map_iter_init,3.450463,0,1
1,run10_initcall.txt,bpf_prog_test_run_init,3.455821,0,27
1,run10_initcall.txt,bpf_dummy_struct_ops_init,3.46122,0,43
1,run10_initcall.txt,tcp_congestion_default,3.466588,0,6
1,run10_initcall.txt,inet_blackhole_dev_init,3.471943,0,9
1,run10_initcall.txt,ip_auto_config,3.477353,0,13
1,run10_initcall.txt,tcp_bpf_v4_build_proto,3.48273,0,6
1,run10_initcall.txt,udp_bpf_v4_build_proto,3.487906,0,0
1,run10_initcall.txt,bpf_tcp_ca_kfunc_init,3.493237,0,5
1,run10_initcall.txt,bpf_mptcp_kfunc_init,3.49858,0,0
1,run10_initcall.txt,latency_fsnotify_init,3.503978,0,32
1,run10_initcall.txt,trace_eval_sync,3.509289,0,18
1,run10_initcall.txt,late_trace_init,3.514595,0,0
1,run10_initcall.txt,fb_logo_late_init,3.519748,0,0
1,run10_initcall.txt,amba_stub_drv_init,3.525095,0,34
1,run10_initcall.txt,clk_disable_unused,3.536839,0,6368
1,run10_initcall.txt,genpd_power_off_unused,3.544946,0,2727
1,run10_initcall.txt,regulator_init_complete,3.550254,0,2
1,run10_initcall.txt,of_platform_sync_state_init,3.555544,0,17
2,run1_initcall.txt,init_admin_reserve,0.052317,0,0
2,run1_initcall.txt,init_reserve_notifier,0.052332,0,0
2,run1_initcall.txt,swap_init,0.052352,0,0
2,run1_initcall.txt,swapfile_init,0.052378,0,0
2,run1_initcall.txt,memory_tier_init,0.052427,0,0
2,run1_initcall.txt,numa_init_sysfs,0.052448,0,0
2,run1_initcall.txt,mem_cgroup_swap_init,0.052466,0,0
2,run1_initcall.txt,init_msg_buckets,0.052484,0,0
2,run1_initcall.txt,init_bio,0.05253,0,0
2,run1_initcall.txt,blk_ioc_init,0.052549,0,0
2,run1_initcall.txt,blk_mq_init,0.052568,0,0
2,run1_initcall.txt,genhd_device_init,0.052699,0,0
2,run1_initcall.txt,blkcg_punt_bio_init,0.0528,0,0
2,run1_initcall.txt,blk_integrity_auto_init,0.052872,0,0
2,run1_initcall.txt,io_wq_init,0.052895,0,0
2,run1_initcall.txt,crc_t10dif_mod_init,0.05292,0,0
2,run1_initcall.txt,sha256_mod_init,0.052941,0,0
2,run1_initcall.txt,sha512_mod_init,0.052958,0,0
2,run1_initcall.txt,sg_pool_init,0.052991,0,0
2,run1_initcall.txt,gpiolib_debugfs_init,0.053017,0,0
2,run1_initcall.txt,stmpe_gpio_init,0.053121,0,0
2,run1_initcall.txt,pwm_init,0.05315,0,0
2,run1_initcall.txt,leds_init,0.053183,0,0
2,run1_initcall.txt,pci_slot_init,0.053208,0,0
2,run1_initcall.txt,fbmem_init,0.053269,0,0
2,run1_initcall.txt,bcm2835_dma_init,0.054001,0,0
2,run1_initcall.txt,regulator_fixed_voltage_init,0.054083,0,0
2,run1_initcall.txt,gpio_regulator_init,0.054143,0,0
2,run1_initcall.txt,init_sysrq_sysctl,0.054169,0,0
2,run1_initcall.txt,misc_init,0.054195,0,0
2,run1_initcall.txt,iommu_subsys_init,0.05423,0,0
2,run1_initcall.txt,register_cpu_capacity_sysctl,0.054622,0,0
2,run1_initcall.txt,dma_buf_init,0.054717,0,0
2,run1_initcall.txt,dma_heap_init,0.054749,0,0
2,run1_initcall.txt,init_scsi,0.054858,0,0
2,run1_initcall.txt,mdio_bus_init,0.054892,0,0
2,run1_initcall.txt,phy_init,0.054941,0,0
2,run1_initcall.txt,usb_common_init,0.054963,0,0
2,run1_initcall.txt,usb_init,0.055075,0,0
2,run1_initcall.txt,usb_phy_generic_init,0.055238,0,0
2,run1_initcall.txt,usb_udc_init,0.055278,0,0
2,run1_initcall.txt,usb_roles_init,0.055301,0,0
2,run1_initcall.txt,input_init,0.055331,0,0
2,run1_initcall.txt,rtc_init,0.055355,0,0
2,run1_initcall.txt,rc_core_init,0.055386,0,0
2,run1_initcall.txt,pps_init,0.055419,0,0
2,run1_initcall.txt,ptp_init,0.055447,0,0
2,run1_initcall.txt,power_supply_class_init,0.055476,0,0
2,run1_initcall.txt,hwmon_init,0.055499,0,0
2,run1_initcall.txt,mmc_init,0.05554,0,0
2,run1_initcall.txt,dmi_init,0.055557,0,0
2,run1_initcall.txt,efisubsys_init,0.055576,0,0
2,run1_initcall.txt,arm_pmu_hp_init,0.055595,0,0
2,run1_initcall.txt,ras_init,0.055617,0,0
2,run1_initcall.txt,nvmem_init,0.055655,0,0
2,run1_initcall.txt,init_soundcore,0.055676,0,0
2,run1_initcall.txt,proto_init,0.055697,0,0
2,run1_initcall.txt,net_dev_init,0.055928,0,0
2,run1_initcall.txt,neigh_init,0.055952,0,0
2,run1_initcall.txt,fib_notifier_init,0.055968,0,0
2,run1_initcall.txt,netdev_genl_init,0.05601,0,0
2,run1_initcall.txt,page_pool_user_init,0.056027,0,0
2,run1_initcall.txt,fib_rules_init,0.056045,0,0
2,run1_initcall.txt,init_cgroup_netprio,0.056061,0,0
2,run1_initcall.txt,bpf_lwt_init,0.056077,0,0
2,run1_initcall.txt,pktsched_init,0.056098,0,0
2,run1_initcall.txt,tc_filter_init,0.056133,0,0
2,run1_initcall.txt,tc_action_init,0.056149,0,0
2,run1_initcall.txt,ethnl_init,0.056222,0,0
2,run1_initcall.txt,nexthop_init,0.056245,0,0
2,run1_initcall.txt,devlink_init,0.056329,0,0
2,run1_initcall.txt,wireless_nlevent_init,0.056349,0,0
2,run1_initcall.txt,vsprintf_init_hashval,0.05637,0,0
2,run1_initcall.txt,init_32bit_el0_mask,0.056389,0,0
2,run1_initcall.txt,vga_arb_device_init,0.05654,0,4000
2,run1_initcall.txt,watchdog_init,0.056667,0,0
2,run1_initcall.txt,create_debug_debugfs_entry,0.056783,0,0
2,run1_initcall.txt,iomem_init_inode,0.056833,0,0
2,run1_initcall.txt,clocksource_done_booting,0.056882,0,14
2,run1_initcall.txt,tracer_init_tracefs,0.056912,0,10
2,run1_initcall.txt,init_trace_printk_function_export,0.056986,0,55
2,run1_initcall.txt,init_graph_tracefs,0.05701,0,3
2,run1_initcall.txt,bpf_event_init,0.057028,0,2
2,run1_initcall.txt,init_kprobe_trace,0.433031,0,375980
2,run1_initcall.txt,init_dynamic_event,0.433153,0,11
2,run1_initcall.txt,bpf_init,0.43319,0,20
2,run1_initcall.txt,secretmem_init,0.43326,0,51
2,run1_initcall.txt,init_fs_stat_sysctls,0.433291,0,12
2,run1_initcall.txt,init_fs_exec_sysctls,0.433311,0,1
2,run1_initcall.txt,init_pipe_fs,0.433349,0,20
2,run1_initcall.txt,init_fs_namei_sysctls,0.433372,0,3
2,run1_initcall.txt,init_fs_dcache_sysctls,0.433401,0,11
2,run1_initcall.txt,init_fs_namespace_sysctls,0.433424,0,1
2,run1_initcall.txt,cgroup_writeback_init,0.433451,0,8
2,run1_initcall.txt,inotify_user_setup,0.433488,0,17
2,run1_initcall.txt,eventpoll_init,0.433524,0,18
2,run1_initcall.txt,anon_inode_init,0.433558,0,15
2,run1_initcall.txt,proc_locks_init,0.433583,0,5
2,run1_initcall.txt,backing_aio_init,0.433604,0,2
2,run1_initcall.txt,init_fs_coredump_sysctls,0.433631,0,8
2,run1_initcall.txt,init_vm_drop_caches_sysctls,0.433655,0,2
2,run1_initcall.txt,iomap_dio_init,0.433697,0,23
2,run1_initcall.txt,iomap_ioend_init,0.433744,0,28
2,run1_initcall.txt,dquot_init,0.43395,0,186
2,run1_initcall.txt,proc_cmdline_init,0.433979,0,3
2,run1_initcall.txt,proc_consoles_init,0.434,0,1
2,run1_initcall.txt,proc_cpuinfo_init,0.434021,0,2
2,run1_initcall.txt,proc_devices_init,0.434043,0,1
2,run1_initcall.txt,proc_interrupts_init,0.434063,0,1
2,run1_initcall.txt,proc_loadavg_init,0.434083,0,1
2,run1_initcall.txt,proc_meminfo_init,0.434102,0,1
2,run1_initcall.txt,proc_stat_init,0.434123,0,2
2,run1_initcall.txt,proc_uptime_init,0.434208,0,67
2,run1_initcall.txt,proc_version_init,0.434229,0,1
2,run1_initcall.txt,proc_softirqs_init,0.434249,0,1
2,run1_initcall.txt,proc_kmsg_init,0.434268,0,1
2,run1_initcall.txt,proc_page_init,0.434284,0,2
2,run1_initcall.txt,init_ramfs_fs,0.434301,0,3
2,run1_initcall.txt,aa_create_aafs,0.434317,0,0
2,run1_initcall.txt,chr_dev_init,0.437479,0,3144
2,run1_initcall.txt,hwrng_modinit,0.437568,0,51
2,run1_initcall.txt,firmware_class_init,0.437589,0,1
2,run1_initcall.txt,sysctl_core_init,0.437643,0,29
2,run1_initcall.txt,eth_offload_init,0.43766,0,0
2,run1_initcall.txt,ipv4_offload_init,0.437677,0,1
2,run1_initcall.txt,inet_init,0.441671,0,3977
2,run1_initcall.txt,af_unix_init,0.441729,0,23
2,run1_initcall.txt,ipv6_offload_init,0.44175,0,2
2,run1_initcall.txt,init_sunrpc,0.442125,0,358
2,run1_initcall.txt,vlan_offload_init,0.442144,0,0
2,run1_initcall.txt,pci_apply_final_quirks,0.442175,0,13
2,run1_initcall.txt,populate_rootfs,0.4422,0,7
2,run1_initcall.txt,register_arm64_panic_block,0.442318,0,1
2,run1_initcall.txt,cpuinfo_regs_init,0.442433,0,96
2,run1_initcall.txt,aarch32_el0_sysfs_init,0.442454,0,0
2,run1_initcall.txt,kvm_arm_init,0.446756,0,4281
2,run1_initcall.txt,proc_execdomains_init,0.446827,0,7
2,run1_initcall.txt,register_warn_debugfs,0.446856,0,13
2,run1_initcall.txt,cpuhp_sysfs_init,0.446905,0,31
2,run1_initcall.txt,ioresources_init,0.446929,0,7
2,run1_initcall.txt,psi_proc_init,0.446947,0,0
2,run1_initcall.txt,irq_gc_init_ops,0.446966,0,0
2,run1_initcall.txt,irq_debugfs_init,0.447082,0,98
2,run1_initcall.txt,proc_modules_init,0.447105,0,2
2,run1_initcall.txt,timer_sysctl_init,0.447138,0,11
2,run1_initcall.txt,timekeeping_init_ops,0.447155,0,0
2,run1_initcall.txt,init_clocksource_sysfs,0.447254,0,83
2,run1_initcall.txt,init_timer_list_procfs,0.447275,0,2
2,run1_initcall.txt,alarmtimer_init,0.447355,0,66
2,run1_initcall.txt,clockevents_init_sysfs,0.447493,0,121
2,run1_initcall.txt,sched_clock_syscore_init,0.447511,0,0
2,run1_initcall.txt,kallsyms_init,0.447529,0,3
2,run1_initcall.txt,pid_namespaces_init,0.447599,0,50
2,run1_initcall.txt,audit_watch_init,0.44762,0,2
2,run1_initcall.txt,audit_fsnotify_init,0.447635,0,0
2,run1_initcall.txt,audit_tree_init,0.447657,0,7
2,run1_initcall.txt,seccomp_sysctl_init,0.447678,0,5
2,run1_initcall.txt,utsname_sysctl_init,0.447701,0,8
2,run1_initcall.txt,init_tracepoints,0.447718,0,2
2,run1_initcall.txt,init_lstats_procfs,0.447739,0,5
2,run1_initcall.txt,stack_trace_init,0.447791,0,34
2,run1_initcall.txt,init_blk_tracer,0.44783,0,20
2,run1_initcall.txt,perf_event_sysfs_init,0.447969,0,117
2,run1_initcall.txt,system_trusted_keyring_init,0.448014,0,22
2,run1_initcall.txt,kswapd_init,0.448307,0,272
2,run1_initcall.txt,extfrag_debug_init,0.448362,0,23
2,run1_initcall.txt,mm_compute_batch_init,0.448391,0,1
2,run1_initcall.txt,slab_proc_init,0.448415,0,8
2,run1_initcall.txt,workingset_init,0.448442,0,12
2,run1_initcall.txt,proc_vmalloc_init,0.448462,0,5
2,run1_initcall.txt,memblock_init_debugfs,0.448503,0,24
2,run1_initcall.txt,slab_debugfs_init,0.448534,0,13
2,run1_initcall.txt,procswaps_init,0.448554,0,4
2,run1_initcall.txt,zs_init,0.44857,0,0
2,run1_initcall.txt,fcntl_init,0.448595,0,5
2,run1_initcall.txt,proc_filesystems_init,0.448614,0,1
2,run1_initcall.txt,start_dirtytime_writeback,0.448643,0,11
2,run1_initcall.txt,dio_init,0.448664,0,1
2,run1_initcall.txt,dnotify_init,0.44872,0,38
2,run1_initcall.txt,fanotify_user_setup,0.448755,0,14
2,run1_initcall.txt,aio_setup,0.448825,0,46
2,run1_initcall.txt,mbcache_init,0.448854,0,5
2,run1_initcall.txt,init_grace,0.448912,0,5
2,run1_initcall.txt,init_devpts_fs,0.448942,0,14
2,run1_initcall.txt,ext4_init_fs,0.449085,0,128
2,run1_initcall.txt,journal_init,0.449125,0,18
2,run1_initcall.txt,init_fat_fs,0.449146,0,6
2,run1_initcall.txt,init_vfat_fs,0.449161,0,1
2,run1_initcall.txt,init_msdos_fs,0.449175,0,0
2,run1_initcall.txt,init_nfs_fs,0.449395,0,199
2,run1_initcall.txt,init_nfs_v2,0.449422,0,2
2,run1_initcall.txt,init_nfs_v3,0.449436,0,0
2,run1_initcall.txt,init_nfs_v4,0.449491,0,39
2,run1_initcall.txt,nfs4filelayout_init,0.449514,0,6
2,run1_initcall.txt,nfs4flexfilelayout_init,0.449538,0,9
2,run1_initcall.txt,init_nlm,0.449593,0,40
2,run1_initcall.txt,init_nls_cp437,0.449616,0,0
2,run1_initcall.txt,init_nls_ascii,0.44963,0,0
2,run1_initcall.txt,init_autofs_fs,0.449804,0,159
2,run1_initcall.txt,init_f2fs_fs,0.449981,0,157
2,run1_initcall.txt,ipc_init,0.450019,0,18
2,run1_initcall.txt,ipc_sysctl_init,0.450063,0,28
2,run1_initcall.txt,init_mqueue_fs,0.450137,0,56
2,run1_initcall.txt,key_proc_init,0.450163,0,4
2,run1_initcall.txt,bpf_crypto_skcipher_init,0.45019,0,1
2,run1_initcall.txt,dh_init,0.45021,0,3
2,run1_initcall.txt,rsa_init,0.450228,0,2
2,run1_initcall.txt,cryptomgr_init,0.450245,0,0
2,run1_initcall.txt,hmac_module_init,0.450261,0,0
2,run1_initcall.txt,crypto_sha256_mod_init,0.450282,0,3
2,run1_initcall.txt,crypto_ecb_module_init,0.450299,0,0
2,run1_initcall.txt,crypto_cbc_module_init,0.450316,0,0
2,run1_initcall.txt,crypto_cts_module_init,0.450334,0,0
2,run1_initcall.txt,xts_module_init,0.45035,0,0
2,run1_initcall.txt,des_generic_mod_init,0.450368,0,1
2,run1_initcall.txt,aes_init,0.450384,0,0
2,run1_initcall.txt,lzo_mod_init,0.450401,0,1
2,run1_initcall.txt,lzorle_mod_init,0.450418,0,1
2,run1_initcall.txt,asymmetric_key_init,0.450441,0,6
2,run1_initcall.txt,x509_key_init,0.450463,0,5
2,run1_initcall.txt,crypto_kdf108_init,0.45048,0,0
2,run1_initcall.txt,blkdev_init,0.45052,0,24
2,run1_initcall.txt,proc_genhd_init,0.450544,0,4
2,run1_initcall.txt,bsg_init,0.450591,0,30
2,run1_initcall.txt,throtl_init,0.450801,0,193
2,run1_initcall.txt,deadline_init,0.450835,0,5
2,run1_initcall.txt,kyber_init,0.450857,0,5
2,run1_initcall.txt,bfq_init,0.450918,0,42
2,run1_initcall.txt,io_uring_init,0.450976,0,40
2,run1_initcall.txt,btree_module_init,0.451,0,3
2,run1_initcall.txt,percpu_counter_startup,0.452957,0,1933
2,run1_initcall.txt,audit_classes_init,0.453021,0,4
2,run1_initcall.txt,gicv5_iwb_platform_driver_init,0.453179,0,137
2,run1_initcall.txt,mip_msi_driver_init,0.453238,0,37
2,run1_initcall.txt,bcm7038_l1_driver_init,0.453293,0,34
2,run1_initcall.txt,bcm7120_l2_driver_init,0.453363,0,39
2,run1_initcall.txt,brcmstb_l2_driver_init,0.453742,0,359
2,run1_initcall.txt,simple_pm_bus_driver_init,0.454546,0,780
2,run1_initcall.txt,phy_core_init,0.454698,0,68
2,run1_initcall.txt,brcm_usb_driver_init,0.454839,0,109
2,run1_initcall.txt,rp1_pinctrl_driver_init,0.454897,0,37
2,run1_initcall.txt,bcm2835_pinctrl_driver_init,0.456291,0,1373
2,run1_initcall.txt,bcm2712_pinctrl_driver_init,0.456389,0,66
2,run1_initcall.txt,brcmvirt_gpio_driver_init,0.456449,0,37
2,run1_initcall.txt,brcmstb_gpio_driver_init,0.456514,0,44
2,run1_initcall.txt,rpi_exp_gpio_driver_init,0.457198,0,655
2,run1_initcall.txt,brcmstb_pwm_driver_init,0.457284,0,57
2,run1_initcall.txt,rp1_pwm_driver_init,0.457346,0,40
2,run1_initcall.txt,gpio_led_driver_init,0.675872,0,218505
2,run1_initcall.txt,led_pwm_driver_init,0.676007,0,94
2,run1_initcall.txt,timer_led_trigger_init,0.676037,0,5
2,run1_initcall.txt,oneshot_led_trigger_init,0.676066,0,0
2,run1_initcall.txt,heartbeat_trig_init,0.676088,0,3
2,run1_initcall.txt,bl_led_trigger_init,0.676108,0,0
2,run1_initcall.txt,ledtrig_cpu_init,0.680284,0,4157
2,run1_initcall.txt,defon_led_trigger_init,0.680398,0,74
2,run1_initcall.txt,input_trig_init,0.680422,0,1
2,run1_initcall.txt,ledtrig_panic_init,0.680443,0,2
2,run1_initcall.txt,actpwr_trig_init,0.681058,0,592
2,run1_initcall.txt,pcie_portdrv_init,0.681164,0,74
2,run1_initcall.txt,pci_proc_init,0.681195,0,13
2,run1_initcall.txt,brcm_pcie_driver_init,0.793938,0,112727
2,run1_initcall.txt,bcm2708_fb_init,0.794028,0,68
2,run1_initcall.txt,simplefb_driver_init,0.820066,0,26021
2,run1_initcall.txt,of_fixed_factor_clk_driver_init,0.820159,0,40
2,run1_initcall.txt,of_fixed_clk_driver_init,0.820244,0,36
2,run1_initcall.txt,gpio_clk_driver_init,0.820341,0,43
2,run1_initcall.txt,gated_fixed_clk_driver_init,0.820422,0,35
2,run1_initcall.txt,rp1_clk_driver_init,0.820506,0,35
2,run1_initcall.txt,rp1_sdio_clk_driver_init,0.820587,0,35
2,run1_initcall.txt,clk_dvp_driver_init,0.820783,0,148
2,run1_initcall.txt,bcm2835_aux_clk_driver_init,0.820912,0,80
2,run1_initcall.txt,raspberrypi_clk_driver_init,0.836408,0,15445
2,run1_initcall.txt,dw_driver_init,0.836507,0,50
2,run1_initcall.txt,bcm2835_power_driver_init,0.83658,0,23
2,run1_initcall.txt,rpi_power_driver_init,0.838014,0,1387
2,run1_initcall.txt,brcmstb_reset_driver_init,0.838104,0,41
2,run1_initcall.txt,brcm_rescal_reset_driver_init,0.838192,0,36
2,run1_initcall.txt,rpi_reset_driver_init,0.838356,0,115
2,run1_initcall.txt,reset_simple_driver_init,0.838486,0,82
2,run1_initcall.txt,n_null_init,0.838533,0,0
2,run1_initcall.txt,pty_init,0.838666,0,90
2,run1_initcall.txt,sysrq_init,0.838724,0,14
2,run1_initcall.txt,serial8250_init,0.838766,-19,0
2,run1_initcall.txt,bcm2835aux_serial_driver_init,0.838851,0,40
2,run1_initcall.txt,brcmuart_init,0.838951,0,54
2,run1_initcall.txt,exar_pci_driver_init,0.839023,0,28
2,run1_initcall.txt,of_platform_serial_driver_init,0.839165,0,94
2,run1_initcall.txt,serial_pci_driver_init,0.839239,0,26
2,run1_initcall.txt,pericom8250_pci_driver_init,0.839307,0,20
2,run1_initcall.txt,init_kgdboc,0.839448,0,96
2,run1_initcall.txt,random_sysctls_init,0.839512,0,20
2,run1_initcall.txt,ttyprintk_init,0.839611,0,54
2,run1_initcall.txt,bcm2835_rng_driver_init,0.839717,0,59
2,run1_initcall.txt,bcm74110_rng_driver_init,0.839802,0,37
2,run1_initcall.txt,iproc_rng200_driver_init,0.840136,0,286
2,run1_initcall.txt,smccc_trng_driver_init,0.840212,0,24
2,run1_initcall.txt,vc_mem_init,0.840398,0,136
2,run1_initcall.txt,vcio_driver_init,0.843414,0,2968
2,run1_initcall.txt,bcm2712_iommu_driver_init,0.848574,0,53
2,run1_initcall.txt,bcm2712_iommu_cache_driver_init,0.85378,0,42
2,run1_initcall.txt,topology_sysfs_init,0.859049,0,68
2,run1_initcall.txt,cacheinfo_sysfs_init,0.864514,0,251
2,run1_initcall.txt,devcoredump_init,0.86976,0,10
2,run1_initcall.txt,brd_init,0.881569,0,6688
2,run1_initcall.txt,loop_init,0.892243,0,5404
2,run1_initcall.txt,bcm2835_pm_driver_init,0.900275,0,2747
2,run1_initcall.txt,stmpe_i2c_driver_init,0.905528,0,16
2,run1_initcall.txt,stmpe_spi_driver_init,0.910666,0,15
2,run1_initcall.txt,rp1_driver_init,0.915908,0,34
2,run1_initcall.txt,system_heap_create,0.921253,0,99
2,run1_initcall.txt,add_default_cma_heap,0.92659,0,88
2,run1_initcall.txt,udmabuf_dev_init,0.931877,0,46
2,run1_initcall.txt,iscsi_transport_init,0.939858,0,2727
2,run1_initcall.txt,init_sd,0.94511,0,30
2,run1_initcall.txt,nvme_core_init,0.950577,0,266
2,run1_initcall.txt,nvme_init,0.95585,0,35
2,run1_initcall.txt,blackhole_netdev_init,0.961123,0,21
2,run1_initcall.txt,netkit_init,0.966349,0,8
2,run1_initcall.txt,phylink_init,0.971595,0,0
2,run1_initcall.txt,phy_module_init,0.97684,0,184
2,run1_initcall.txt,phy_module_init,0.982234,0,186
2,run1_initcall.txt,fixed_mdio_bus_init,0.987626,0,170
2,run1_initcall.txt,phy_module_init,0.993054,0,185
2,run1_initcall.txt,phy_module_init,0.998378,0,39
2,run1_initcall.txt,phy_module_init,1.003734,0,67
2,run1_initcall.txt,unimac_mdio_driver_init,1.009057,0,136
2,run1_initcall.txt,macb_driver_init,1.014588,0,119
2,run1_initcall.txt,bcmgenet_driver_init,1.228586,0,208517
2,run1_initcall.txt,bcmasp_driver_init,1.234341,0,96
2,run1_initcall.txt,lan78xx_driver_init,1.242786,0,2886
2,run1_initcall.txt,smsc95xx_driver_init,1.251472,0,2905
2,run1_initcall.txt,usbnet_init,1.257275,0,0
2,run1_initcall.txt,xhci_hcd_init,1.263099,0,17
2,run1_initcall.txt,xhci_pci_init,1.440629,0,171701
2,run1_initcall.txt,xhci_plat_init,1.446405,0,130
2,run1_initcall.txt,dwc_otg_driver_init,1.463198,0,11156
2,run1_initcall.txt,dwc_common_port_init_module,1.471713,0,2914
2,run1_initcall.txt,dwc3_driver_init,1.477223,0,68
2,run1_initcall.txt,dwc3_haps_driver_init,1.482836,0,28
2,run1_initcall.txt,dwc3_of_simple_driver_init,1.488463,0,63
2,run1_initcall.txt,dwc3_generic_driver_init,1.494074,0,47
2,run1_initcall.txt,dwc2_platform_driver_init,1.499779,0,145
2,run1_initcall.txt,uas_init,1.508074,0,2747
2,run1_initcall.txt,usb_storage_driver_init,1.516398,0,2774
2,run1_initcall.txt,brcmstb_usb_pinmap_init,1.522018,-19,83
2,run1_initcall.txt,bdc_driver_init,1.527635,0,56
2,run1_initcall.txt,input_leds_init,1.533884,0,641
2,run1_initcall.txt,mousedev_init,1.542328,0,2870
2,run1_initcall.txt,evdev_init,1.547994,0,0
2,run1_initcall.txt,brcmstb_waketmr_driver_init,1.55367,0,83
2,run1_initcall.txt,rpi_rtc_driver_init,1.559308,0,45
2,run1_initcall.txt,init_rc_map_adstech_dvb_t_pci,1.564891,0,1
2,run1_initcall.txt,init_rc_map_alink_dtu_m,1.570636,0,151
2,run1_initcall.txt,init_rc_map_anysee,1.576068,0,0
2,run1_initcall.txt,init_rc_map_apac_viewcomp,1.581646,0,0
2,run1_initcall.txt,init_rc_map_t2hybrid,1.58723,0,0
2,run1_initcall.txt,init_rc_map_asus_pc39,1.5928,0,0
2,run1_initcall.txt,init_rc_map_asus_ps3_100,1.598452,0,85
2,run1_initcall.txt,init_rc_map_ati_tv_wonder_hd_600,1.603993,0,0
2,run1_initcall.txt,init_rc_map_ati_x10,1.609381,0,7
2,run1_initcall.txt,init_rc_map_avermedia_a16d,1.614914,0,0
2,run1_initcall.txt,init_rc_map_avermedia_cardbus,1.620432,0,0
2,run1_initcall.txt,init_rc_map_avermedia_dvbt,1.625927,0,0
2,run1_initcall.txt,init_rc_map_avermedia_m135a,1.631411,0,0
2,run1_initcall.txt,init_rc_map_avermedia_m733a_rm_k6,1.63691,0,0
2,run1_initcall.txt,init_rc_map_avermedia,1.642288,0,0
2,run1_initcall.txt,init_rc_map_avermedia_rm_ks,1.647788,0,0
2,run1_initcall.txt,init_rc_map_avertv_303,1.656098,0,2788
2,run1_initcall.txt,init_rc_map_azurewave_ad_tu700,1.66177,0,46
2,run1_initcall.txt,init_rc_map_beelink_gs1,1.667298,0,0
2,run1_initcall.txt,init_rc_map_beelink_mxiii,1.672715,0,0
2,run1_initcall.txt,init_rc_map_behold_columbus,1.67818,0,0
2,run1_initcall.txt,init_rc_map_behold,1.683683,0,0
2,run1_initcall.txt,init_rc_map_budget_ci_old,1.689168,0,0
2,run1_initcall.txt,init_rc_map_cinergy_1400,1.69465,0,0
2,run1_initcall.txt,init_rc_map_cinergy,1.700126,0,0
2,run1_initcall.txt,init_rc_map_ct_90405,1.705559,0,0
2,run1_initcall.txt,init_rc_map_d680_dmb,1.71091,0,0
2,run1_initcall.txt,init_rc_map_delock_61959,1.716322,0,0
2,run1_initcall.txt,init_rc_map,1.72176,0,0
2,run1_initcall.txt,init_rc_map,1.72723,0,83
2,run1_initcall.txt,init_rc_map_digitalnow_tinytwin,1.732679,0,0
2,run1_initcall.txt,init_rc_map_digittrade,1.738139,0,0
2,run1_initcall.txt,init_rc_map_dm1105_nec,1.743407,0,0
2,run1_initcall.txt,init_rc_map_dntv_live_dvb_t,1.748833,0,0
2,run1_initcall.txt,init_rc_map_dntv_live_dvbt_pro,1.75427,0,0
2,run1_initcall.txt,init_rc_map_dreambox,1.759678,0,0
2,run1_initcall.txt,init_rc_map_dtt200u,1.765125,0,0
2,run1_initcall.txt,init_rc_map_rc5_dvbsky,1.770572,0,0
2,run1_initcall.txt,init_rc_map_dvico_mce,1.776099,0,0
2,run1_initcall.txt,init_rc_map_dvico_portable,1.781541,0,35
2,run1_initcall.txt,init_rc_map_em_terratec,1.787009,0,11
2,run1_initcall.txt,init_rc_map_encore_enltv2,1.792469,0,0
2,run1_initcall.txt,init_rc_map_encore_enltv_fm53,1.797948,0,0
2,run1_initcall.txt,init_rc_map_encore_enltv,1.803416,0,0
2,run1_initcall.txt,init_rc_map_evga_indtube,1.811511,0,0
2,run1_initcall.txt,init_rc_map_eztv,1.822587,0,2
2,run1_initcall.txt,init_rc_map_flydvb,1.828191,0,2
2,run1_initcall.txt,init_rc_map_flyvideo,1.83918,0,0
2,run1_initcall.txt,init_rc_map_fusionhdtv_mce,1.844605,0,0
2,run1_initcall.txt,init_rc_map_gadmei_rm008z,1.855578,0,0
2,run1_initcall.txt,init_rc_map_geekbox,1.861054,0,0
2,run1_initcall.txt,init_rc_map_genius_tvgo_a11mce,1.866526,0,0
2,run1_initcall.txt,init_rc_map_gotview7135,1.87197,0,0
2,run1_initcall.txt,init_rc_map_rc5_hauppauge_new,1.877291,0,0
2,run1_initcall.txt,init_rc_map_hisi_poplar,1.882728,0,0
2,run1_initcall.txt,init_rc_map_hisi_tv_demo,1.888177,0,0
2,run1_initcall.txt,init_rc_map_imon_mce,1.89366,0,0
2,run1_initcall.txt,init_rc_map_imon_pad,1.899067,0,0
2,run1_initcall.txt,init_rc_map_imon_rsc,1.904457,0,0
2,run1_initcall.txt,init_rc_map_iodata_bctv7e,1.909707,0,0
2,run1_initcall.txt,init_rc_it913x_v1_map,1.915102,0,0
2,run1_initcall.txt,init_rc_it913x_v2_map,1.920471,0,0
2,run1_initcall.txt,init_rc_map_kaiomy,1.925845,0,0
2,run1_initcall.txt,init_rc_map_khadas,1.931218,0,0
2,run1_initcall.txt,init_rc_map_khamsin,1.936547,0,0
2,run1_initcall.txt,init_rc_map_kworld_315u,1.941746,0,0
2,run1_initcall.txt,init_rc_map_kworld_pc150u,1.947145,0,44
2,run1_initcall.txt,init_rc_map_kworld_plus_tv_analog,1.952604,0,38
2,run1_initcall.txt,init_rc_map_leadtek_y04g0051,1.95803,0,11
2,run1_initcall.txt,init_rc_lme2510_map,1.963419,0,0
2,run1_initcall.txt,init_rc_map_manli,1.968808,0,0
2,run1_initcall.txt,init_rc_map_mecool_kiii_pro,1.974027,0,0
2,run1_initcall.txt,init_rc_map_mecool_kii_pro,1.979409,0,0
2,run1_initcall.txt,init_rc_map_medion_x10_digitainer,1.984817,0,0
2,run1_initcall.txt,init_rc_map_medion_x10,1.990195,0,0
2,run1_initcall.txt,init_rc_map_medion_x10_or2x,1.995558,0,0
2,run1_initcall.txt,init_rc_map_minix_neo,2.000925,0,0
2,run1_initcall.txt,init_rc_map_msi_digivox_iii,2.006194,0,0
2,run1_initcall.txt,init_rc_map_msi_digivox_ii,2.011469,0,0
2,run1_initcall.txt,init_rc_map_msi_tvanywhere,2.016797,0,0
2,run1_initcall.txt,init_rc_map_msi_tvanywhere_plus,2.022336,0,8
2,run1_initcall.txt,init_rc_map_mygica_utv3,2.027606,0,0
2,run1_initcall.txt,init_rc_map_nebula,2.032896,0,0
2,run1_initcall.txt,init_rc_map_nec_terratec_cinergy_xs,2.038209,0,0
2,run1_initcall.txt,init_rc_map_norwood,2.043368,0,0
2,run1_initcall.txt,init_rc_map_npgtech,2.048689,0,0
2,run1_initcall.txt,init_rc_map_odroid,2.053988,0,0
2,run1_initcall.txt,init_rc_map_pctv_sedna,2.05928,0,0
2,run1_initcall.txt,init_rc_map_pine64,2.064671,0,39
2,run1_initcall.txt,init_rc_map_pinnacle_color,2.070031,0,10
2,run1_initcall.txt,init_rc_map_pinnacle_grey,2.07521,0,2
2,run1_initcall.txt,init_rc_map_pinnacle_pctv_hd,2.080633,0,0
2,run1_initcall.txt,init_rc_map_pixelview,2.085904,0,0
2,run1_initcall.txt,init_rc_map_pixelview,2.091189,0,0
2,run1_initcall.txt,init_rc_map_pixelview_new,2.09653,0,0
2,run1_initcall.txt,init_rc_map_pixelview,2.101868,0,0
2,run1_initcall.txt,init_rc_map_powercolor_real_angel,2.107011,0,0
2,run1_initcall.txt,init_rc_map_proteus_2309,2.112309,0,0
2,run1_initcall.txt,init_rc_map_purpletv,2.1176,0,0
2,run1_initcall.txt,init_rc_map_pv951,2.122894,0,0
2,run1_initcall.txt,init_rc_map_rc6_mce,2.1282,0,0
2,run1_initcall.txt,init_rc_map_real_audio_220_32_keys,2.13354,0,0
2,run1_initcall.txt,init_rc_map_reddo,2.138833,0,0
2,run1_initcall.txt,init_rc_map_siemens_gigaset_rc20,2.144041,0,0
2,run1_initcall.txt,init_rc_map_snapstream_firefly,2.149361,0,0
2,run1_initcall.txt,init_rc_map_streamzap,2.154683,0,0
2,run1_initcall.txt,init_rc_map_su3000,2.162671,0,0
2,run1_initcall.txt,init_rc_map_tanix_tx3mini,2.168065,0,0
2,run1_initcall.txt,init_rc_map_tanix_tx5max,2.173247,0,0
2,run1_initcall.txt,init_rc_map_tbs_nec,2.178561,0,0
2,run1_initcall.txt,init_rc_map,2.18391,0,0
2,run1_initcall.txt,init_rc_map,2.189262,0,0
2,run1_initcall.txt,init_rc_map_terratec_cinergy_c_pci,2.194609,0,0
2,run1_initcall.txt,init_rc_map_terratec_cinergy_s2_hd,2.199938,0,0
2,run1_initcall.txt,init_rc_map_terratec_cinergy_xs,2.205262,0,0
2,run1_initcall.txt,init_rc_map_terratec_slim_2,2.210438,0,0
2,run1_initcall.txt,init_rc_map_terratec_slim,2.21578,0,0
2,run1_initcall.txt,init_rc_map_tevii_nec,2.22113,0,0
2,run1_initcall.txt,init_rc_map_tivo,2.22647,0,0
2,run1_initcall.txt,init_rc_map_total_media_in_hand_02,2.231819,0,0
2,run1_initcall.txt,init_rc_map_total_media_in_hand,2.237137,0,0
2,run1_initcall.txt,init_rc_map_trekstor,2.242336,0,0
2,run1_initcall.txt,init_rc_map_tt_1500,2.247742,0,0
2,run1_initcall.txt,init_rc_map_twinhan_vp1027,2.253106,0,0
2,run1_initcall.txt,init_rc_map_twinhan_dtv_cab_ci,2.258458,0,0
2,run1_initcall.txt,init_rc_map_vega_s9x,2.263842,0,0
2,run1_initcall.txt,init_rc_map_videomate_k100,2.269257,0,0
2,run1_initcall.txt,init_rc_map_videomate_s350,2.27453,0,0
2,run1_initcall.txt,init_rc_map_videomate_tv_pvr,2.279937,0,0
2,run1_initcall.txt,init_rc_map_kii_pro,2.285368,0,0
2,run1_initcall.txt,init_rc_map_wetek_hub,2.290773,0,0
2,run1_initcall.txt,init_rc_map_wetek_play2,2.296191,0,0
2,run1_initcall.txt,init_rc_map_winfast,2.301631,0,0
2,run1_initcall.txt,init_rc_map_winfast_usbii_deluxe,2.309489,0,0
2,run1_initcall.txt,init_rc_map_x96max,2.320268,0,0
2,run1_initcall.txt,init_rc_map,2.328468,0,3
2,run1_initcall.txt,init_rc_map,2.333932,0,1
2,run1_initcall.txt,init_rc_map_zx_irdec,2.339319,0,1
2,run1_initcall.txt,ptp_kvm_init,2.344702,-95,3
2,run1_initcall.txt,gpio_poweroff_driver_init,2.350363,0,112
2,run1_initcall.txt,bcm2711_thermal_driver_init,2.359006,0,3133
2,run1_initcall.txt,bcm2835_thermal_driver_init,2.364636,0,64
2,run1_initcall.txt,bcm2835_wdt_driver_init,2.370271,0,36
2,run1_initcall.txt,dt_cpufreq_platdrv_init,2.378382,0,35
2,run1_initcall.txt,brcm_avs_cpufreq_platdrv_init,2.383948,0,60
2,run1_initcall.txt,raspberrypi_cpufreq_driver_init,2.395834,0,6386
2,run1_initcall.txt,mmc_pwrseq_simple_driver_init,2.401517,0,88
2,run1_initcall.txt,mmc_pwrseq_emmc_driver_init,2.406966,0,48
2,run1_initcall.txt,mmc_blk_init,2.412609,0,33
2,run1_initcall.txt,sdhci_drv_init,2.423795,0,5588
2,run1_initcall.txt,bcm2835_mmc_driver_init,2.432257,0,2841
2,run1_initcall.txt,bcm2835_driver_init,2.437956,0,46
2,run1_initcall.txt,sdhci_pltfm_drv_init,2.446261,0,2812
2,run1_initcall.txt,sdhci_iproc_driver_init,2.451964,0,75
2,run1_initcall.txt,sdhci_brcmstb_driver_init,2.45204,0,63
2,run1_initcall.txt,esrt_sysfs_init,2.452058,-38,1
2,run1_initcall.txt,smccc_devices_init,2.452076,0,0
2,run1_initcall.txt,smccc_soc_init,2.452089,0,0
2,run1_initcall.txt,arch_timer_mmio_drv_init,2.452141,0,39
2,run1_initcall.txt,arch_timer_mmio_acpi_drv_init,2.452188,0,33
2,run1_initcall.txt,hid_init,2.452268,0,65
2,run1_initcall.txt,hid_generic_init,2.452318,0,37
2,run1_initcall.txt,hid_init,2.678008,0,225678
2,run1_initcall.txt,vchiq_driver_init,2.691125,0,6964
2,run1_initcall.txt,bcm74110_mbox_driver_init,2.698107,0,100
2,run1_initcall.txt,extcon_class_init,2.704886,0,11
2,run1_initcall.txt,armv8_pmu_driver_init,2.717849,0,6949
2,run1_initcall.txt,binder_init,2.724176,0,74
2,run1_initcall.txt,rpi_otp_driver_init,2.740008,0,9564
2,run1_initcall.txt,sock_diag_init,2.746288,0,41
2,run1_initcall.txt,blackhole_init,2.752498,0,1
2,run1_initcall.txt,cls_bpf_init_mod,2.758736,0,1
2,run1_initcall.txt,gre_offload_init,2.764957,0,6
2,run1_initcall.txt,sysctl_ipv4_init,2.771237,0,74
2,run1_initcall.txt,cubictcp_register,2.777308,0,3
2,run1_initcall.txt,packet_init,2.786653,0,3126
2,run1_initcall.txt,init_rpcsec_gss,2.792943,0,22
2,run1_initcall.txt,init_kerberos_module,2.799177,0,9
2,run1_initcall.txt,dcbnl_init,2.805397,0,3
2,run1_initcall.txt,init_dns_resolver,2.814557,0,3101
2,run1_initcall.txt,handshake_init,2.820749,0,39
2,run1_initcall.txt,check_mmu_enabled_at_boot,2.826921,0,0
2,run1_initcall.txt,finalize_pkvm,2.833088,0,5
2,run1_initcall.txt,kernel_do_mounts_initrd_sysctls_init,2.842274,0,16
2,run1_initcall.txt,kernel_panic_sysctls_init,2.848513,0,13
2,run1_initcall.txt,kernel_panic_sysfs_init,2.854735,0,7
2,run1_initcall.txt,kernel_exit_sysctls_init,2.860958,0,8
2,run1_initcall.txt,kernel_exit_sysfs_init,2.867126,0,3
2,run1_initcall.txt,param_sysfs_builtin_init,2.883058,0,9870
2,run1_initcall.txt,reboot_ksysfs_init,2.889435,0,26
2,run1_initcall.txt,sched_core_sysctl_init,2.895631,0,5
2,run1_initcall.txt,sched_fair_sysctl_init,2.90185,0,8
2,run1_initcall.txt,sched_rt_sysctl_init,2.908222,0,7
2,run1_initcall.txt,sched_dl_sysctl_init,2.914448,0,3
2,run1_initcall.txt,sched_init_debug,2.921302,0,116
2,run1_initcall.txt,cpu_latency_qos_init,2.927562,0,156
2,run1_initcall.txt,printk_late_init,2.933698,0,27
2,run1_initcall.txt,init_srcu_module_notifier,2.939673,0,8
2,run1_initcall.txt,kernel_rcu_stall_sysfs_init,2.945742,0,7
2,run1_initcall.txt,swiotlb_create_default_debugfs,2.951863,0,19
2,run1_initcall.txt,tk_debug_sleep_time_init,2.957986,0,2
2,run1_initcall.txt,bpf_ksym_iter_register,2.964101,0,1
2,run1_initcall.txt,kernel_acct_sysctls_init,2.97021,0,10
2,run1_initcall.txt,bpf_rstat_kfunc_init,2.976147,0,1
2,run1_initcall.txt,debugfs_kprobe_init,2.982254,0,9
2,run1_initcall.txt,kernel_delayacct_sysctls_init,2.988358,0,4
2,run1_initcall.txt,taskstats_init,2.997542,0,3064
2,run1_initcall.txt,ftrace_sysctl_init,3.003638,0,7
2,run1_initcall.txt,bpf_kprobe_multi_kfuncs_init,3.009576,0,0
2,run1_initcall.txt,kdb_ftrace_register,3.015679,0,14
2,run1_initcall.txt,bpf_global_ma_init,3.021926,0,114
2,run1_initcall.txt,bpf_syscall_sysctl_init,3.028066,0,8
2,run1_initcall.txt,unbound_reg_init,3.034219,0,5
2,run1_initcall.txt,kfunc_init,3.040184,0,2
2,run1_initcall.txt,bpf_map_iter_init,3.046298,0,9
2,run1_initcall.txt,init_subsystem,3.052279,0,0
2,run1_initcall.txt,task_iter_init,3.058258,0,2
2,run1_initcall.txt,bpf_prog_iter_init,3.064076,0,0
2,run1_initcall.txt,bpf_link_iter_init,3.069806,0,0
2,run1_initcall.txt,init_trampolines,3.075282,0,8
2,run1_initcall.txt,rqspinlock_register_kfuncs,3.080826,0,0
2,run1_initcall.txt,kfunc_init,3.086365,0,0
2,run1_initcall.txt,bpf_cgroup_iter_init,3.091895,0,0
2,run1_initcall.txt,cpumask_kfunc_init,3.097447,0,10
2,run1_initcall.txt,crypto_kfunc_init,3.102998,0,6
2,run1_initcall.txt,bpf_kmem_cache_iter_init,3.108366,0,0
2,run1_initcall.txt,dmabuf_iter_init,3.113885,0,0
2,run1_initcall.txt,load_system_certificate_list,3.122077,0,2730
2,run1_initcall.txt,init_lru_gen,3.127587,0,28
2,run1_initcall.txt,vmstat_late_init,3.133081,0,2
2,run1_initcall.txt,fault_around_debugfs,3.138611,0,8
2,run1_initcall.txt,slab_sysfs_init,3.148081,0,4098
2,run1_initcall.txt,max_swapfiles_check,3.153757,0,20
2,run1_initcall.txt,zswap_init,3.159288,0,0
2,run1_initcall.txt,mempolicy_sysfs_init,3.164833,0,23
2,run1_initcall.txt,memory_tier_late_init,3.175909,0,5516
2,run1_initcall.txt,check_early_ioremap_leak,3.181469,0,0
2,run1_initcall.txt,mg_debugfs_init,3.187015,0,26
2,run1_initcall.txt,fscrypt_init,3.198156,0,5620
2,run1_initcall.txt,pstore_init,3.20368,0,12
2,run1_initcall.txt,init_root_keyring,3.209079,0,32
2,run1_initcall.txt,init_profile_hash,3.214595,0,6
2,run1_initcall.txt,integrity_fs_init,3.220108,0,10
2,run1_initcall.txt,crypto_algapi_init,3.225635,0,9
2,run1_initcall.txt,blk_timeout_init,3.231129,0,6
2,run1_initcall.txt,depot_debugfs_init,3.236624,0,8
2,run1_initcall.txt,pci_resource_alignment_sysfs_init,3.241985,0,6
2,run1_initcall.txt,pci_sysfs_init,3.247484,0,19
2,run1_initcall.txt,clk_debug_init,3.253403,0,437
2,run1_initcall.txt,genpd_debug_init,3.25926,0,359
2,run1_initcall.txt,sync_state_resume_initcall,3.26475,0,0
2,run1_initcall.txt,deferred_probe_initcall,3.390963,0,120727
2,run1_initcall.txt,efi_shutdown_init,3.397662,-19,6
2,run1_initcall.txt,efi_earlycon_unmap_fb,3.403484,0,2
2,run1_initcall.txt,psci_debugfs_init,3.408675,0,0
2,run1_initcall.txt,of_cfs_init,3.419203,0,5266
2,run1_initcall.txt,of_fdt_raw_init,3.424444,0,35
2,run1_initcall.txt,bpf_kfunc_init,3.429651,0,3
2,run1_initcall.txt,init_subsystem,3.434869,0,10
2,run1_initcall.txt,xdp_metadata_init,3.439939,0,0
2,run1_initcall.txt,bpf_sockmap_iter_init,3.4478,0,0
2,run1_initcall.txt,bpf_sk_storage_map_iter_init,3.455689,0,0
2,run1_initcall.txt,bpf_prog_test_run_init,3.460995,0,1
2,run1_initcall.txt,bpf_dummy_struct_ops_init,3.466299,0,0
2,run1_initcall.txt,tcp_congestion_default,3.474134,0,1
2,run1_initcall.txt,inet_blackhole_dev_init,3.48216,0,11
2,run1_initcall.txt,ip_auto_config,3.487534,0,17
2,run1_initcall.txt,tcp_bpf_v4_build_proto,3.492896,0,1
2,run1_initcall.txt,udp_bpf_v4_build_proto,3.498264,0,7
2,run1_initcall.txt,bpf_tcp_ca_kfunc_init,3.50361,0,0
2,run1_initcall.txt,bpf_mptcp_kfunc_init,3.508822,0,0
2,run1_initcall.txt,latency_fsnotify_init,3.514183,0,32
2,run1_initcall.txt,trace_eval_sync,3.519487,0,11
2,run1_initcall.txt,late_trace_init,3.524809,0,0
2,run1_initcall.txt,fb_logo_late_init,3.530148,0,0
2,run1_initcall.txt,amba_stub_drv_init,3.535507,0,28
2,run1_initcall.txt,clk_disable_unused,3.547053,0,6369
2,run1_initcall.txt,genpd_power_off_unused,3.557996,0,5588
2,run1_initcall.txt,regulator_init_complete,3.569327,0,3
2,run1_initcall.txt,of_platform_sync_state_init,3.579921,0,26
3,run2_initcall.txt,init_reserve_notifier,0.052081,0,0
3,run2_initcall.txt,swap_init,0.052104,0,0
3,run2_initcall.txt,swapfile_init,0.05213,0,0
3,run2_initcall.txt,memory_tier_init,0.052181,0,0
3,run2_initcall.txt,numa_init_sysfs,0.052202,0,0
3,run2_initcall.txt,mem_cgroup_swap_init,0.052221,0,0
3,run2_initcall.txt,init_msg_buckets,0.052238,0,0
3,run2_initcall.txt,init_bio,0.052285,0,0
3,run2_initcall.txt,blk_ioc_init,0.052304,0,0
3,run2_initcall.txt,blk_mq_init,0.052322,0,0
3,run2_initcall.txt,genhd_device_init,0.052453,0,0
3,run2_initcall.txt,blkcg_punt_bio_init,0.052558,0,0
3,run2_initcall.txt,blk_integrity_auto_init,0.052631,0,0
3,run2_initcall.txt,io_wq_init,0.052652,0,0
3,run2_initcall.txt,crc_t10dif_mod_init,0.052677,0,0
3,run2_initcall.txt,sha256_mod_init,0.052697,0,0
3,run2_initcall.txt,sha512_mod_init,0.052715,0,0
3,run2_initcall.txt,sg_pool_init,0.052746,0,0
3,run2_initcall.txt,gpiolib_debugfs_init,0.052772,0,0
3,run2_initcall.txt,stmpe_gpio_init,0.052877,0,0
3,run2_initcall.txt,pwm_init,0.052906,0,0
3,run2_initcall.txt,leds_init,0.05294,0,0
3,run2_initcall.txt,pci_slot_init,0.052964,0,0
3,run2_initcall.txt,fbmem_init,0.053025,0,0
3,run2_initcall.txt,bcm2835_dma_init,0.05377,0,0
3,run2_initcall.txt,regulator_fixed_voltage_init,0.053851,0,0
3,run2_initcall.txt,gpio_regulator_init,0.053916,0,0
3,run2_initcall.txt,init_sysrq_sysctl,0.053945,0,0
3,run2_initcall.txt,misc_init,0.053973,0,0
3,run2_initcall.txt,iommu_subsys_init,0.054007,0,0
3,run2_initcall.txt,register_cpu_capacity_sysctl,0.05448,0,0
3,run2_initcall.txt,dma_buf_init,0.054578,0,0
3,run2_initcall.txt,dma_heap_init,0.05461,0,0
3,run2_initcall.txt,init_scsi,0.054721,0,0
3,run2_initcall.txt,mdio_bus_init,0.054753,0,0
3,run2_initcall.txt,phy_init,0.054815,0,0
3,run2_initcall.txt,usb_common_init,0.054837,0,0
3,run2_initcall.txt,usb_init,0.054956,0,0
3,run2_initcall.txt,usb_phy_generic_init,0.055128,0,0
3,run2_initcall.txt,usb_udc_init,0.055167,0,0
3,run2_initcall.txt,usb_roles_init,0.055189,0,0
3,run2_initcall.txt,input_init,0.055223,0,0
3,run2_initcall.txt,rtc_init,0.055247,0,0
3,run2_initcall.txt,rc_core_init,0.055281,0,0
3,run2_initcall.txt,pps_init,0.055317,0,0
3,run2_initcall.txt,ptp_init,0.055342,0,0
3,run2_initcall.txt,power_supply_class_init,0.055373,0,0
3,run2_initcall.txt,hwmon_init,0.055395,0,0
3,run2_initcall.txt,mmc_init,0.055435,0,0
3,run2_initcall.txt,dmi_init,0.055453,0,0
3,run2_initcall.txt,efisubsys_init,0.055472,0,0
3,run2_initcall.txt,arm_pmu_hp_init,0.055491,0,0
3,run2_initcall.txt,ras_init,0.055514,0,0
3,run2_initcall.txt,nvmem_init,0.055553,0,0
3,run2_initcall.txt,init_soundcore,0.055574,0,0
3,run2_initcall.txt,proto_init,0.055594,0,0
3,run2_initcall.txt,net_dev_init,0.055825,0,0
3,run2_initcall.txt,neigh_init,0.055845,0,0
3,run2_initcall.txt,fib_notifier_init,0.055861,0,0
3,run2_initcall.txt,netdev_genl_init,0.055903,0,0
3,run2_initcall.txt,page_pool_user_init,0.055922,0,0
3,run2_initcall.txt,fib_rules_init,0.05594,0,0
3,run2_initcall.txt,init_cgroup_netprio,0.055956,0,0
3,run2_initcall.txt,bpf_lwt_init,0.055972,0,0
3,run2_initcall.txt,pktsched_init,0.055993,0,0
3,run2_initcall.txt,tc_filter_init,0.056026,0,0
3,run2_initcall.txt,tc_action_init,0.056043,0,0
3,run2_initcall.txt,ethnl_init,0.056114,0,0
3,run2_initcall.txt,nexthop_init,0.056138,0,0
3,run2_initcall.txt,devlink_init,0.056222,0,4000
3,run2_initcall.txt,wireless_nlevent_init,0.056242,0,0
3,run2_initcall.txt,vsprintf_init_hashval,0.056263,0,0
3,run2_initcall.txt,init_32bit_el0_mask,0.056282,0,0
3,run2_initcall.txt,vga_arb_device_init,0.056426,0,0
3,run2_initcall.txt,watchdog_init,0.05655,0,0
3,run2_initcall.txt,create_debug_debugfs_entry,0.056671,0,0
3,run2_initcall.txt,iomem_init_inode,0.056718,0,0
3,run2_initcall.txt,clocksource_done_booting,0.056769,0,13
3,run2_initcall.txt,tracer_init_tracefs,0.056795,0,8
3,run2_initcall.txt,init_trace_printk_function_export,0.056882,0,68
3,run2_initcall.txt,init_graph_tracefs,0.056906,0,2
3,run2_initcall.txt,bpf_event_init,0.056925,0,1
3,run2_initcall.txt,init_kprobe_trace,0.435526,0,378578
3,run2_initcall.txt,init_dynamic_event,0.435644,0,6
3,run2_initcall.txt,bpf_init,0.435679,0,16
3,run2_initcall.txt,secretmem_init,0.435765,0,67
3,run2_initcall.txt,init_fs_stat_sysctls,0.435802,0,17
3,run2_initcall.txt,init_fs_exec_sysctls,0.435822,0,1
3,run2_initcall.txt,init_pipe_fs,0.43586,0,20
3,run2_initcall.txt,init_fs_namei_sysctls,0.435885,0,5
3,run2_initcall.txt,init_fs_dcache_sysctls,0.435918,0,7
3,run2_initcall.txt,init_fs_namespace_sysctls,0.435937,0,1
3,run2_initcall.txt,cgroup_writeback_init,0.435963,0,7
3,run2_initcall.txt,inotify_user_setup,0.435999,0,16
3,run2_initcall.txt,eventpoll_init,0.436037,0,19
3,run2_initcall.txt,anon_inode_init,0.43607,0,14
3,run2_initcall.txt,proc_locks_init,0.436096,0,6
3,run2_initcall.txt,backing_aio_init,0.436117,0,2
3,run2_initcall.txt,init_fs_coredump_sysctls,0.436144,0,7
3,run2_initcall.txt,init_vm_drop_caches_sysctls,0.436166,0,2
3,run2_initcall.txt,iomap_dio_init,0.436209,0,23
3,run2_initcall.txt,iomap_ioend_init,0.436254,0,27
3,run2_initcall.txt,dquot_init,0.436456,0,181
3,run2_initcall.txt,proc_cmdline_init,0.436482,0,2
3,run2_initcall.txt,proc_consoles_init,0.436502,0,1
3,run2_initcall.txt,proc_cpuinfo_init,0.436525,0,1
3,run2_initcall.txt,proc_devices_init,0.436544,0,0
3,run2_initcall.txt,proc_interrupts_init,0.436564,0,1
3,run2_initcall.txt,proc_loadavg_init,0.436584,0,1
3,run2_initcall.txt,proc_meminfo_init,0.436603,0,1
3,run2_initcall.txt,proc_stat_init,0.436623,0,1
3,run2_initcall.txt,proc_uptime_init,0.436643,0,1
3,run2_initcall.txt,proc_version_init,0.436662,0,1
3,run2_initcall.txt,proc_softirqs_init,0.436686,0,3
3,run2_initcall.txt,proc_kmsg_init,0.436704,0,1
3,run2_initcall.txt,proc_page_init,0.43672,0,2
3,run2_initcall.txt,init_ramfs_fs,0.436735,0,1
3,run2_initcall.txt,aa_create_aafs,0.436751,0,0
3,run2_initcall.txt,chr_dev_init,0.439867,0,3067
3,run2_initcall.txt,hwrng_modinit,0.43995,0,48
3,run2_initcall.txt,firmware_class_init,0.439971,0,1
3,run2_initcall.txt,sysctl_core_init,0.440028,0,31
3,run2_initcall.txt,eth_offload_init,0.440045,0,0
3,run2_initcall.txt,ipv4_offload_init,0.440063,0,1
3,run2_initcall.txt,inet_init,0.444251,0,4171
3,run2_initcall.txt,af_unix_init,0.444312,0,24
3,run2_initcall.txt,ipv6_offload_init,0.444332,0,1
3,run2_initcall.txt,init_sunrpc,0.444802,0,443
3,run2_initcall.txt,vlan_offload_init,0.444823,0,0
3,run2_initcall.txt,pci_apply_final_quirks,0.444853,0,13
3,run2_initcall.txt,populate_rootfs,0.444878,0,7
3,run2_initcall.txt,register_arm64_panic_block,0.445004,0,1
3,run2_initcall.txt,cpuinfo_regs_init,0.445122,0,100
3,run2_initcall.txt,aarch32_el0_sysfs_init,0.445149,0,0
3,run2_initcall.txt,kvm_arm_init,0.453106,0,7937
3,run2_initcall.txt,proc_execdomains_init,0.453175,0,9
3,run2_initcall.txt,register_warn_debugfs,0.453205,0,12
3,run2_initcall.txt,cpuhp_sysfs_init,0.45326,0,37
3,run2_initcall.txt,ioresources_init,0.453282,0,3
3,run2_initcall.txt,psi_proc_init,0.4533,0,0
3,run2_initcall.txt,irq_gc_init_ops,0.453318,0,0
3,run2_initcall.txt,irq_debugfs_init,0.453433,0,85
3,run2_initcall.txt,proc_modules_init,0.453456,0,2
3,run2_initcall.txt,timer_sysctl_init,0.453486,0,10
3,run2_initcall.txt,timekeeping_init_ops,0.453504,0,0
3,run2_initcall.txt,init_clocksource_sysfs,0.453596,0,77
3,run2_initcall.txt,init_timer_list_procfs,0.45362,0,4
3,run2_initcall.txt,alarmtimer_init,0.453718,0,82
3,run2_initcall.txt,clockevents_init_sysfs,0.453855,0,120
3,run2_initcall.txt,sched_clock_syscore_init,0.453882,0,1
3,run2_initcall.txt,kallsyms_init,0.453903,0,5
3,run2_initcall.txt,pid_namespaces_init,0.453988,0,69
3,run2_initcall.txt,audit_watch_init,0.454008,0,1
3,run2_initcall.txt,audit_fsnotify_init,0.454023,0,0
3,run2_initcall.txt,audit_tree_init,0.45404,0,2
3,run2_initcall.txt,seccomp_sysctl_init,0.454063,0,7
3,run2_initcall.txt,utsname_sysctl_init,0.454085,0,6
3,run2_initcall.txt,init_tracepoints,0.454104,0,2
3,run2_initcall.txt,init_lstats_procfs,0.454124,0,4
3,run2_initcall.txt,stack_trace_init,0.45416,0,17
3,run2_initcall.txt,init_blk_tracer,0.454194,0,17
3,run2_initcall.txt,perf_event_sysfs_init,0.454333,0,119
3,run2_initcall.txt,system_trusted_keyring_init,0.454377,0,21
3,run2_initcall.txt,kswapd_init,0.45468,0,279
3,run2_initcall.txt,extfrag_debug_init,0.45474,0,24
3,run2_initcall.txt,mm_compute_batch_init,0.454761,0,0
3,run2_initcall.txt,slab_proc_init,0.454792,0,13
3,run2_initcall.txt,workingset_init,0.454816,0,9
3,run2_initcall.txt,proc_vmalloc_init,0.454834,0,2
3,run2_initcall.txt,memblock_init_debugfs,0.454858,0,8
3,run2_initcall.txt,slab_debugfs_init,0.454887,0,13
3,run2_initcall.txt,procswaps_init,0.454909,0,2
3,run2_initcall.txt,zs_init,0.454926,0,0
3,run2_initcall.txt,fcntl_init,0.454948,0,5
3,run2_initcall.txt,proc_filesystems_init,0.454966,0,1
3,run2_initcall.txt,start_dirtytime_writeback,0.454993,0,9
3,run2_initcall.txt,dio_init,0.455015,0,1
3,run2_initcall.txt,dnotify_init,0.455068,0,35
3,run2_initcall.txt,fanotify_user_setup,0.455103,0,14
3,run2_initcall.txt,aio_setup,0.455225,0,100
3,run2_initcall.txt,mbcache_init,0.455258,0,5
3,run2_initcall.txt,init_grace,0.455279,0,3
3,run2_initcall.txt,init_devpts_fs,0.455308,0,12
3,run2_initcall.txt,ext4_init_fs,0.455428,0,105
3,run2_initcall.txt,journal_init,0.455466,0,18
3,run2_initcall.txt,init_fat_fs,0.455487,0,5
3,run2_initcall.txt,init_vfat_fs,0.455502,0,0
3,run2_initcall.txt,init_msdos_fs,0.455521,0,0
3,run2_initcall.txt,init_nfs_fs,0.455807,0,268
3,run2_initcall.txt,init_nfs_v2,0.455837,0,1
3,run2_initcall.txt,init_nfs_v3,0.455851,0,0
3,run2_initcall.txt,init_nfs_v4,0.455904,0,40
3,run2_initcall.txt,nfs4filelayout_init,0.455927,0,6
3,run2_initcall.txt,nfs4flexfilelayout_init,0.455949,0,7
3,run2_initcall.txt,init_nlm,0.456011,0,42
3,run2_initcall.txt,init_nls_cp437,0.456029,0,0
3,run2_initcall.txt,init_nls_ascii,0.456043,0,0
3,run2_initcall.txt,init_autofs_fs,0.456232,0,174
3,run2_initcall.txt,init_f2fs_fs,0.456457,0,192
3,run2_initcall.txt,ipc_init,0.456498,0,19
3,run2_initcall.txt,ipc_sysctl_init,0.456546,0,31
3,run2_initcall.txt,init_mqueue_fs,0.45662,0,56
3,run2_initcall.txt,key_proc_init,0.456652,0,6
3,run2_initcall.txt,bpf_crypto_skcipher_init,0.456671,0,1
3,run2_initcall.txt,dh_init,0.45669,0,2
3,run2_initcall.txt,rsa_init,0.456707,0,1
3,run2_initcall.txt,cryptomgr_init,0.456725,0,1
3,run2_initcall.txt,hmac_module_init,0.456743,0,1
3,run2_initcall.txt,crypto_sha256_mod_init,0.456811,0,7
3,run2_initcall.txt,crypto_ecb_module_init,0.456831,0,0
3,run2_initcall.txt,crypto_cbc_module_init,0.45685,0,0
3,run2_initcall.txt,crypto_cts_module_init,0.456867,0,0
3,run2_initcall.txt,xts_module_init,0.456883,0,0
3,run2_initcall.txt,des_generic_mod_init,0.456903,0,2
3,run2_initcall.txt,aes_init,0.45692,0,0
3,run2_initcall.txt,lzo_mod_init,0.456937,0,1
3,run2_initcall.txt,lzorle_mod_init,0.456954,0,1
3,run2_initcall.txt,asymmetric_key_init,0.456978,0,7
3,run2_initcall.txt,x509_key_init,0.457002,0,5
3,run2_initcall.txt,crypto_kdf108_init,0.457019,0,0
3,run2_initcall.txt,blkdev_init,0.45707,0,33
3,run2_initcall.txt,proc_genhd_init,0.457095,0,6
3,run2_initcall.txt,bsg_init,0.457149,0,37
3,run2_initcall.txt,throtl_init,0.457366,0,199
3,run2_initcall.txt,deadline_init,0.457401,0,7
3,run2_initcall.txt,kyber_init,0.45743,0,5
3,run2_initcall.txt,bfq_init,0.457483,0,36
3,run2_initcall.txt,io_uring_init,0.457543,0,42
3,run2_initcall.txt,btree_module_init,0.457568,0,3
3,run2_initcall.txt,percpu_counter_startup,0.457657,0,69
3,run2_initcall.txt,audit_classes_init,0.457696,0,16
3,run2_initcall.txt,gicv5_iwb_platform_driver_init,0.457839,0,123
3,run2_initcall.txt,mip_msi_driver_init,0.4579,0,37
3,run2_initcall.txt,bcm7038_l1_driver_init,0.45796,0,35
3,run2_initcall.txt,bcm7120_l2_driver_init,0.458025,0,45
3,run2_initcall.txt,brcmstb_l2_driver_init,0.458581,0,533
3,run2_initcall.txt,simple_pm_bus_driver_init,0.459437,0,828
3,run2_initcall.txt,phy_core_init,0.459503,0,28
3,run2_initcall.txt,brcm_usb_driver_init,0.459629,0,105
3,run2_initcall.txt,rp1_pinctrl_driver_init,0.459685,0,34
3,run2_initcall.txt,bcm2835_pinctrl_driver_init,0.461005,0,1299
3,run2_initcall.txt,bcm2712_pinctrl_driver_init,0.461106,0,66
3,run2_initcall.txt,brcmvirt_gpio_driver_init,0.461166,0,38
3,run2_initcall.txt,brcmstb_gpio_driver_init,0.461225,0,36
3,run2_initcall.txt,rpi_exp_gpio_driver_init,0.46191,0,654
3,run2_initcall.txt,brcmstb_pwm_driver_init,0.461996,0,55
3,run2_initcall.txt,rp1_pwm_driver_init,0.462053,0,35
3,run2_initcall.txt,gpio_led_driver_init,0.678821,0,216747
3,run2_initcall.txt,led_pwm_driver_init,0.67903,0,119
3,run2_initcall.txt,timer_led_trigger_init,0.679058,0,4
3,run2_initcall.txt,oneshot_led_trigger_init,0.679078,0,0
3,run2_initcall.txt,heartbeat_trig_init,0.679102,0,4
3,run2_initcall.txt,bl_led_trigger_init,0.679121,0,0
3,run2_initcall.txt,ledtrig_cpu_init,0.680914,0,1773
3,run2_initcall.txt,defon_led_trigger_init,0.681063,0,114
3,run2_initcall.txt,input_trig_init,0.681105,0,2
3,run2_initcall.txt,ledtrig_panic_init,0.681151,0,3
3,run2_initcall.txt,actpwr_trig_init,0.681934,0,751
3,run2_initcall.txt,pcie_portdrv_init,0.682098,0,106
3,run2_initcall.txt,pci_proc_init,0.682132,0,11
3,run2_initcall.txt,brcm_pcie_driver_init,0.79773,0,115582
3,run2_initcall.txt,bcm2708_fb_init,0.797822,0,69
3,run2_initcall.txt,simplefb_driver_init,0.823984,0,26146
3,run2_initcall.txt,of_fixed_factor_clk_driver_init,0.824086,0,47
3,run2_initcall.txt,of_fixed_clk_driver_init,0.824179,0,36
3,run2_initcall.txt,gpio_clk_driver_init,0.824269,0,43
3,run2_initcall.txt,gated_fixed_clk_driver_init,0.82435,0,34
3,run2_initcall.txt,rp1_clk_driver_init,0.824432,0,37
3,run2_initcall.txt,rp1_sdio_clk_driver_init,0.824512,0,35
3,run2_initcall.txt,clk_dvp_driver_init,0.824717,0,159
3,run2_initcall.txt,bcm2835_aux_clk_driver_init,0.824852,0,73
3,run2_initcall.txt,raspberrypi_clk_driver_init,0.840328,0,15428
3,run2_initcall.txt,dw_driver_init,0.840428,0,49
3,run2_initcall.txt,bcm2835_power_driver_init,0.840498,0,23
3,run2_initcall.txt,rpi_power_driver_init,0.841932,0,1386
3,run2_initcall.txt,brcmstb_reset_driver_init,0.842026,0,46
3,run2_initcall.txt,brcm_rescal_reset_driver_init,0.842114,0,36
3,run2_initcall.txt,rpi_reset_driver_init,0.842282,0,118
3,run2_initcall.txt,reset_simple_driver_init,0.842415,0,83
3,run2_initcall.txt,n_null_init,0.842464,0,0
3,run2_initcall.txt,pty_init,0.842598,0,90
3,run2_initcall.txt,sysrq_init,0.842658,0,15
3,run2_initcall.txt,serial8250_init,0.842702,-19,0
3,run2_initcall.txt,bcm2835aux_serial_driver_init,0.842795,0,44
3,run2_initcall.txt,brcmuart_init,0.842898,0,53
3,run2_initcall.txt,exar_pci_driver_init,0.842971,0,27
3,run2_initcall.txt,of_platform_serial_driver_init,0.843116,0,94
3,run2_initcall.txt,serial_pci_driver_init,0.843196,0,29
3,run2_initcall.txt,pericom8250_pci_driver_init,0.843265,0,18
3,run2_initcall.txt,init_kgdboc,0.84341,0,99
3,run2_initcall.txt,random_sysctls_init,0.843471,0,17
3,run2_initcall.txt,ttyprintk_init,0.843578,0,59
3,run2_initcall.txt,bcm2835_rng_driver_init,0.843688,0,61
3,run2_initcall.txt,bcm74110_rng_driver_init,0.843777,0,37
3,run2_initcall.txt,iproc_rng200_driver_init,0.844123,0,295
3,run2_initcall.txt,smccc_trng_driver_init,0.844199,0,25
3,run2_initcall.txt,vc_mem_init,0.844375,0,129
3,run2_initcall.txt,vcio_driver_init,0.847402,0,2978
3,run2_initcall.txt,bcm2712_iommu_driver_init,0.852583,0,53
3,run2_initcall.txt,bcm2712_iommu_cache_driver_init,0.857816,0,47
3,run2_initcall.txt,topology_sysfs_init,0.862984,0,60
3,run2_initcall.txt,cacheinfo_sysfs_init,0.868402,0,265
3,run2_initcall.txt,devcoredump_init,0.873648,0,12
3,run2_initcall.txt,brd_init,0.88565,0,6755
3,run2_initcall.txt,loop_init,0.896208,0,5299
3,run2_initcall.txt,bcm2835_pm_driver_init,0.904171,0,2766
3,run2_initcall.txt,stmpe_i2c_driver_init,0.909456,0,23
3,run2_initcall.txt,stmpe_spi_driver_init,0.914708,0,14
3,run2_initcall.txt,rp1_driver_init,0.919976,0,34
3,run2_initcall.txt,system_heap_create,0.925309,0,98
3,run2_initcall.txt,add_default_cma_heap,0.930494,0,94
3,run2_initcall.txt,udmabuf_dev_init,0.935785,0,50
3,run2_initcall.txt,iscsi_transport_init,0.943876,0,2851
3,run2_initcall.txt,init_sd,0.949132,0,27
3,run2_initcall.txt,nvme_core_init,0.954611,0,269
3,run2_initcall.txt,nvme_init,0.959922,0,35
3,run2_initcall.txt,blackhole_netdev_init,0.965052,0,24
3,run2_initcall.txt,netkit_init,0.970276,0,7
3,run2_initcall.txt,phylink_init,0.975515,0,0
3,run2_initcall.txt,phy_module_init,0.980939,0,188
3,run2_initcall.txt,phy_module_init,0.986341,0,193
3,run2_initcall.txt,fixed_mdio_bus_init,0.991736,0,160
3,run2_initcall.txt,phy_module_init,0.996988,0,175
3,run2_initcall.txt,phy_module_init,1.002316,0,40
3,run2_initcall.txt,phy_module_init,1.007689,0,70
3,run2_initcall.txt,unimac_mdio_driver_init,1.013191,0,143
3,run2_initcall.txt,macb_driver_init,1.018721,0,119
3,run2_initcall.txt,bcmgenet_driver_init,1.24031,0,216111
3,run2_initcall.txt,bcmasp_driver_init,1.2461,0,104
3,run2_initcall.txt,lan78xx_driver_init,1.254674,0,2881
3,run2_initcall.txt,smsc95xx_driver_init,1.263222,0,2795
3,run2_initcall.txt,usbnet_init,1.268978,0,0
3,run2_initcall.txt,xhci_hcd_init,1.274772,0,17
3,run2_initcall.txt,xhci_pci_init,1.45206,0,171478
3,run2_initcall.txt,xhci_plat_init,1.457851,0,135
3,run2_initcall.txt,dwc_otg_driver_init,1.474533,0,11161
3,run2_initcall.txt,dwc_common_port_init_module,1.48307,0,2915
3,run2_initcall.txt,dwc3_driver_init,1.488794,0,82
3,run2_initcall.txt,dwc3_haps_driver_init,1.494444,0,33
3,run2_initcall.txt,dwc3_of_simple_driver_init,1.499939,0,65
3,run2_initcall.txt,dwc3_generic_driver_init,1.505546,0,40
3,run2_initcall.txt,dwc2_platform_driver_init,1.511263,0,147
3,run2_initcall.txt,uas_init,1.519738,0,2897
3,run2_initcall.txt,usb_storage_driver_init,1.52808,0,2798
3,run2_initcall.txt,brcmstb_usb_pinmap_init,1.533572,-19,82
3,run2_initcall.txt,bdc_driver_init,1.539221,0,51
3,run2_initcall.txt,input_leds_init,1.545134,0,295
3,run2_initcall.txt,mousedev_init,1.554276,0,3107
3,run2_initcall.txt,evdev_init,1.559919,0,0
3,run2_initcall.txt,brcmstb_waketmr_driver_init,1.565468,0,96
3,run2_initcall.txt,rpi_rtc_driver_init,1.571105,0,41
3,run2_initcall.txt,init_rc_map_adstech_dvb_t_pci,1.5767,0,0
3,run2_initcall.txt,init_rc_map_alink_dtu_m,1.582464,0,157
3,run2_initcall.txt,init_rc_map_anysee,1.588047,0,0
3,run2_initcall.txt,init_rc_map_apac_viewcomp,1.593623,0,0
3,run2_initcall.txt,init_rc_map_t2hybrid,1.599056,0,0
3,run2_initcall.txt,init_rc_map_asus_pc39,1.604661,0,0
3,run2_initcall.txt,init_rc_map_asus_ps3_100,1.610233,0,0
3,run2_initcall.txt,init_rc_map_ati_tv_wonder_hd_600,1.615888,0,0
3,run2_initcall.txt,init_rc_map_ati_x10,1.621427,0,0
3,run2_initcall.txt,init_rc_map_avermedia_a16d,1.626965,0,0
3,run2_initcall.txt,init_rc_map_avermedia_cardbus,1.632342,0,0
3,run2_initcall.txt,init_rc_map_avermedia_dvbt,1.637871,0,0
3,run2_initcall.txt,init_rc_map_avermedia_m135a,1.643401,0,0
3,run2_initcall.txt,init_rc_map_avermedia_m733a_rm_k6,1.648912,0,0
3,run2_initcall.txt,init_rc_map_avermedia,1.654404,0,0
3,run2_initcall.txt,init_rc_map_avermedia_rm_ks,1.659915,0,0
3,run2_initcall.txt,init_rc_map_avertv_303,1.665281,0,0
3,run2_initcall.txt,init_rc_map_azurewave_ad_tu700,1.673553,0,2764
3,run2_initcall.txt,init_rc_map_beelink_gs1,1.679113,0,44
3,run2_initcall.txt,init_rc_map_beelink_mxiii,1.684677,0,0
3,run2_initcall.txt,init_rc_map_behold_columbus,1.690224,0,0
3,run2_initcall.txt,init_rc_map_behold,1.695722,0,0
3,run2_initcall.txt,init_rc_map_budget_ci_old,1.701095,0,0
3,run2_initcall.txt,init_rc_map_cinergy_1400,1.706571,0,0
3,run2_initcall.txt,init_rc_map_cinergy,1.712045,0,1
3,run2_initcall.txt,init_rc_map_ct_90405,1.717517,0,0
3,run2_initcall.txt,init_rc_map_d680_dmb,1.722959,0,0
3,run2_initcall.txt,init_rc_map_delock_61959,1.728385,0,0
3,run2_initcall.txt,init_rc_map,1.733663,0,0
3,run2_initcall.txt,init_rc_map,1.739077,0,0
3,run2_initcall.txt,init_rc_map_digitalnow_tinytwin,1.744519,0,1
3,run2_initcall.txt,init_rc_map_digittrade,1.749994,0,0
3,run2_initcall.txt,init_rc_map_dm1105_nec,1.755434,0,0
3,run2_initcall.txt,init_rc_map_dntv_live_dvb_t,1.760874,0,0
3,run2_initcall.txt,init_rc_map_dntv_live_dvbt_pro,1.766134,0,0
3,run2_initcall.txt,init_rc_map_dreambox,1.771553,0,0
3,run2_initcall.txt,init_rc_map_dtt200u,1.776969,0,0
3,run2_initcall.txt,init_rc_map_rc5_dvbsky,1.78241,0,0
3,run2_initcall.txt,init_rc_map_dvico_mce,1.787839,0,0
3,run2_initcall.txt,init_rc_map_dvico_portable,1.79348,0,0
3,run2_initcall.txt,init_rc_map_em_terratec,1.798726,0,0
3,run2_initcall.txt,init_rc_map_encore_enltv2,1.804215,0,0
3,run2_initcall.txt,init_rc_map_encore_enltv_fm53,1.809664,0,0
3,run2_initcall.txt,init_rc_map_encore_enltv,1.815127,0,0
3,run2_initcall.txt,init_rc_map_evga_indtube,1.820663,0,16
3,run2_initcall.txt,init_rc_map_eztv,1.831461,0,0
3,run2_initcall.txt,init_rc_map_flydvb,1.83977,0,2
3,run2_initcall.txt,init_rc_map_flyvideo,1.848081,0,0
3,run2_initcall.txt,init_rc_map_fusionhdtv_mce,1.856344,0,0
3,run2_initcall.txt,init_rc_map_gadmei_rm008z,1.864358,0,0
3,run2_initcall.txt,init_rc_map_geekbox,1.872559,0,0
3,run2_initcall.txt,init_rc_map_genius_tvgo_a11mce,1.878016,0,0
3,run2_initcall.txt,init_rc_map_gotview7135,1.883482,0,0
3,run2_initcall.txt,init_rc_map_rc5_hauppauge_new,1.888982,0,0
3,run2_initcall.txt,init_rc_map_hisi_poplar,1.894406,0,0
3,run2_initcall.txt,init_rc_map_hisi_tv_demo,1.89968,0,0
3,run2_initcall.txt,init_rc_map_imon_mce,1.905119,0,0
3,run2_initcall.txt,init_rc_map_imon_pad,1.910545,0,0
3,run2_initcall.txt,init_rc_map_imon_rsc,1.915933,0,0
3,run2_initcall.txt,init_rc_map_iodata_bctv7e,1.921304,0,0
3,run2_initcall.txt,init_rc_it913x_v1_map,1.926681,0,0
3,run2_initcall.txt,init_rc_it913x_v2_map,1.9319,0,0
3,run2_initcall.txt,init_rc_map_kaiomy,1.93726,0,0
3,run2_initcall.txt,init_rc_map_khadas,1.942615,0,0
3,run2_initcall.txt,init_rc_map_khamsin,1.947962,0,0
3,run2_initcall.txt,init_rc_map_kworld_315u,1.953309,0,0
3,run2_initcall.txt,init_rc_map_kworld_pc150u,1.95863,0,0
3,run2_initcall.txt,init_rc_map_kworld_plus_tv_analog,1.963903,0,40
3,run2_initcall.txt,init_rc_map_leadtek_y04g0051,1.969323,0,37
3,run2_initcall.txt,init_rc_lme2510_map,1.974733,0,12
3,run2_initcall.txt,init_rc_map_manli,1.980108,0,0
3,run2_initcall.txt,init_rc_map_mecool_kiii_pro,1.985476,0,0
3,run2_initcall.txt,init_rc_map_mecool_kii_pro,1.990859,0,0
3,run2_initcall.txt,init_rc_map_medion_x10_digitainer,1.996157,0,0
3,run2_initcall.txt,init_rc_map_medion_x10,2.001458,0,0
3,run2_initcall.txt,init_rc_map_medion_x10_or2x,2.006813,0,0
3,run2_initcall.txt,init_rc_map_minix_neo,2.012184,0,0
3,run2_initcall.txt,init_rc_map_msi_digivox_iii,2.017551,0,0
3,run2_initcall.txt,init_rc_map_msi_digivox_ii,2.022892,0,0
3,run2_initcall.txt,init_rc_map_msi_tvanywhere,2.028239,0,0
3,run2_initcall.txt,init_rc_map_msi_tvanywhere_plus,2.033629,0,0
3,run2_initcall.txt,init_rc_map_mygica_utv3,2.038914,0,0
3,run2_initcall.txt,init_rc_map_nebula,2.044226,0,0
3,run2_initcall.txt,init_rc_map_nec_terratec_cinergy_xs,2.049555,0,0
3,run2_initcall.txt,init_rc_map_norwood,2.054873,0,0
3,run2_initcall.txt,init_rc_map_npgtech,2.060185,0,0
3,run2_initcall.txt,init_rc_map_odroid,2.065342,0,0
3,run2_initcall.txt,init_rc_map_pctv_sedna,2.070615,0,0
3,run2_initcall.txt,init_rc_map_pine64,2.075911,0,0
3,run2_initcall.txt,init_rc_map_pinnacle_color,2.081297,0,37
3,run2_initcall.txt,init_rc_map_pinnacle_grey,2.086651,0,12
3,run2_initcall.txt,init_rc_map_pinnacle_pctv_hd,2.091974,0,2
3,run2_initcall.txt,init_rc_map_pixelview,2.097151,0,0
3,run2_initcall.txt,init_rc_map_pixelview,2.102451,0,0
3,run2_initcall.txt,init_rc_map_pixelview_new,2.107774,0,0
3,run2_initcall.txt,init_rc_map_pixelview,2.113078,0,0
3,run2_initcall.txt,init_rc_map_powercolor_real_angel,2.118376,0,0
3,run2_initcall.txt,init_rc_map_proteus_2309,2.12368,0,0
3,run2_initcall.txt,init_rc_map_purpletv,2.128988,0,0
3,run2_initcall.txt,init_rc_map_pv951,2.134143,0,0
3,run2_initcall.txt,init_rc_map_rc6_mce,2.139458,0,0
3,run2_initcall.txt,init_rc_map_real_audio_220_32_keys,2.144811,0,0
3,run2_initcall.txt,init_rc_map_reddo,2.150148,0,0
3,run2_initcall.txt,init_rc_map_siemens_gigaset_rc20,2.155487,0,0
3,run2_initcall.txt,init_rc_map_snapstream_firefly,2.160844,0,0
3,run2_initcall.txt,init_rc_map_streamzap,2.168723,0,0
3,run2_initcall.txt,init_rc_map_su3000,2.174046,0,0
3,run2_initcall.txt,init_rc_map_tanix_tx3mini,2.179361,0,0
3,run2_initcall.txt,init_rc_map_tanix_tx5max,2.184698,0,0
3,run2_initcall.txt,init_rc_map_tbs_nec,2.190035,0,0
3,run2_initcall.txt,init_rc_map,2.195365,0,0
3,run2_initcall.txt,init_rc_map,2.20054,0,0
3,run2_initcall.txt,init_rc_map_terratec_cinergy_c_pci,2.205889,0,0
3,run2_initcall.txt,init_rc_map_terratec_cinergy_s2_hd,2.211228,0,0
3,run2_initcall.txt,init_rc_map_terratec_cinergy_xs,2.216529,0,0
3,run2_initcall.txt,init_rc_map_terratec_slim_2,2.221842,0,0
3,run2_initcall.txt,init_rc_map_terratec_slim,2.22717,0,0
3,run2_initcall.txt,init_rc_map_tevii_nec,2.232351,0,0
3,run2_initcall.txt,init_rc_map_tivo,2.23769,0,0
3,run2_initcall.txt,init_rc_map_total_media_in_hand_02,2.243013,0,0
3,run2_initcall.txt,init_rc_map_total_media_in_hand,2.248336,0,0
3,run2_initcall.txt,init_rc_map_trekstor,2.253646,0,0
3,run2_initcall.txt,init_rc_map_tt_1500,2.258997,0,0
3,run2_initcall.txt,init_rc_map_twinhan_vp1027,2.266844,0,0
3,run2_initcall.txt,init_rc_map_twinhan_dtv_cab_ci,2.277504,0,0
3,run2_initcall.txt,init_rc_map_vega_s9x,2.285554,0,2
3,run2_initcall.txt,init_rc_map_videomate_k100,2.290931,0,2
3,run2_initcall.txt,init_rc_map_videomate_s350,2.296248,0,2
3,run2_initcall.txt,init_rc_map_videomate_tv_pvr,2.301539,0,1
3,run2_initcall.txt,init_rc_map_kii_pro,2.30697,0,0
3,run2_initcall.txt,init_rc_map_wetek_hub,2.314991,0,0
3,run2_initcall.txt,init_rc_map_wetek_play2,2.320321,0,0
3,run2_initcall.txt,init_rc_map_winfast,2.325672,0,0
3,run2_initcall.txt,init_rc_map_winfast_usbii_deluxe,2.330848,0,0
3,run2_initcall.txt,init_rc_map_x96max,2.33619,0,0
3,run2_initcall.txt,init_rc_map,2.34154,0,0
3,run2_initcall.txt,init_rc_map,2.346885,0,0
3,run2_initcall.txt,init_rc_map_zx_irdec,2.352235,0,0
3,run2_initcall.txt,ptp_kvm_init,2.357558,-95,1
3,run2_initcall.txt,gpio_poweroff_driver_init,2.362901,0,95
3,run2_initcall.txt,bcm2711_thermal_driver_init,2.371201,0,3030
3,run2_initcall.txt,bcm2835_thermal_driver_init,2.376651,0,66
3,run2_initcall.txt,bcm2835_wdt_driver_init,2.382076,0,35
3,run2_initcall.txt,dt_cpufreq_platdrv_init,2.38749,0,28
3,run2_initcall.txt,brcm_avs_cpufreq_platdrv_init,2.392942,0,52
3,run2_initcall.txt,raspberrypi_cpufreq_driver_init,2.404455,0,6264
3,run2_initcall.txt,mmc_pwrseq_simple_driver_init,2.410008,0,93
3,run2_initcall.txt,mmc_pwrseq_emmc_driver_init,2.415528,0,47
3,run2_initcall.txt,mmc_blk_init,2.421055,0,34
3,run2_initcall.txt,sdhci_drv_init,2.431906,0,5372
3,run2_initcall.txt,bcm2835_mmc_driver_init,2.440236,0,2818
3,run2_initcall.txt,bcm2835_driver_init,2.445823,0,45
3,run2_initcall.txt,sdhci_pltfm_drv_init,2.454124,0,2758
3,run2_initcall.txt,sdhci_iproc_driver_init,2.459736,0,77
3,run2_initcall.txt,sdhci_brcmstb_driver_init,2.459811,0,62
3,run2_initcall.txt,esrt_sysfs_init,2.459833,-38,1
3,run2_initcall.txt,smccc_devices_init,2.459846,0,0
3,run2_initcall.txt,smccc_soc_init,2.459861,0,1
3,run2_initcall.txt,arch_timer_mmio_drv_init,2.459919,0,45
3,run2_initcall.txt,arch_timer_mmio_acpi_drv_init,2.459959,0,25
3,run2_initcall.txt,hid_init,2.460036,0,64
3,run2_initcall.txt,hid_generic_init,2.460089,0,39
3,run2_initcall.txt,hid_init,2.686312,0,226211
3,run2_initcall.txt,vchiq_driver_init,2.698092,0,5671
3,run2_initcall.txt,bcm74110_mbox_driver_init,2.705029,0,126
3,run2_initcall.txt,extcon_class_init,2.711669,0,17
3,run2_initcall.txt,armv8_pmu_driver_init,2.724686,0,6884
3,run2_initcall.txt,binder_init,2.73076,0,64
3,run2_initcall.txt,rpi_otp_driver_init,2.7465,0,9583
3,run2_initcall.txt,sock_diag_init,2.752616,0,28
3,run2_initcall.txt,blackhole_init,2.758726,0,2
3,run2_initcall.txt,cls_bpf_init_mod,2.764678,0,0
3,run2_initcall.txt,gre_offload_init,2.770784,0,1
3,run2_initcall.txt,sysctl_ipv4_init,2.776964,0,86
3,run2_initcall.txt,cubictcp_register,2.783052,0,3
3,run2_initcall.txt,packet_init,2.792234,0,3068
3,run2_initcall.txt,init_rpcsec_gss,2.798229,0,20
3,run2_initcall.txt,init_kerberos_module,2.804421,0,4
3,run2_initcall.txt,dcbnl_init,2.810557,0,3
3,run2_initcall.txt,init_dns_resolver,2.819728,0,3072
3,run2_initcall.txt,handshake_init,2.825903,0,36
3,run2_initcall.txt,check_mmu_enabled_at_boot,2.831894,0,1
3,run2_initcall.txt,finalize_pkvm,2.838032,0,5
3,run2_initcall.txt,kernel_do_mounts_initrd_sysctls_init,2.847356,0,29
3,run2_initcall.txt,kernel_panic_sysctls_init,2.853535,0,13
3,run2_initcall.txt,kernel_panic_sysfs_init,2.859736,0,11
3,run2_initcall.txt,kernel_exit_sysctls_init,2.865778,0,2
3,run2_initcall.txt,kernel_exit_sysfs_init,2.871964,0,2
3,run2_initcall.txt,param_sysfs_builtin_init,2.888012,0,9828
3,run2_initcall.txt,reboot_ksysfs_init,2.894411,0,29
3,run2_initcall.txt,sched_core_sysctl_init,2.900691,0,5
3,run2_initcall.txt,sched_fair_sysctl_init,2.906944,0,3
3,run2_initcall.txt,sched_rt_sysctl_init,2.913865,0,25
3,run2_initcall.txt,sched_dl_sysctl_init,2.919992,0,2
3,run2_initcall.txt,sched_init_debug,2.926215,0,99
3,run2_initcall.txt,cpu_latency_qos_init,2.932301,0,176
3,run2_initcall.txt,printk_late_init,2.938402,0,21
3,run2_initcall.txt,init_srcu_module_notifier,2.944473,0,3
3,run2_initcall.txt,kernel_rcu_stall_sysfs_init,2.950564,0,11
3,run2_initcall.txt,swiotlb_create_default_debugfs,2.956672,0,13
3,run2_initcall.txt,tk_debug_sleep_time_init,2.962733,0,3
3,run2_initcall.txt,bpf_ksym_iter_register,2.968699,0,1
3,run2_initcall.txt,kernel_acct_sysctls_init,2.974781,0,4
3,run2_initcall.txt,bpf_rstat_kfunc_init,2.980881,0,5
3,run2_initcall.txt,debugfs_kprobe_init,2.986952,0,9
3,run2_initcall.txt,kernel_delayacct_sysctls_init,2.993048,0,3
3,run2_initcall.txt,taskstats_init,3.002029,0,3041
3,run2_initcall.txt,ftrace_sysctl_init,3.008104,0,3
3,run2_initcall.txt,bpf_kprobe_multi_kfuncs_init,3.014187,0,0
3,run2_initcall.txt,kdb_ftrace_register,3.020265,0,7
3,run2_initcall.txt,bpf_global_ma_init,3.026503,0,132
3,run2_initcall.txt,bpf_syscall_sysctl_init,3.032465,0,7
3,run2_initcall.txt,unbound_reg_init,3.038591,0,0
3,run2_initcall.txt,kfunc_init,3.044675,0,1
3,run2_initcall.txt,bpf_map_iter_init,3.0508,0,10
3,run2_initcall.txt,init_subsystem,3.056821,0,5
3,run2_initcall.txt,task_iter_init,3.062716,0,1
3,run2_initcall.txt,bpf_prog_iter_init,3.068433,0,0
3,run2_initcall.txt,bpf_link_iter_init,3.074153,0,5
3,run2_initcall.txt,init_trampolines,3.079762,0,3
3,run2_initcall.txt,rqspinlock_register_kfuncs,3.085298,0,0
3,run2_initcall.txt,kfunc_init,3.090813,0,5
3,run2_initcall.txt,bpf_cgroup_iter_init,3.096251,0,0
3,run2_initcall.txt,cpumask_kfunc_init,3.101706,0,10
3,run2_initcall.txt,crypto_kfunc_init,3.107225,0,5
3,run2_initcall.txt,bpf_kmem_cache_iter_init,3.112745,0,0
3,run2_initcall.txt,dmabuf_iter_init,3.118279,0,0
3,run2_initcall.txt,load_system_certificate_list,3.126479,0,2735
3,run2_initcall.txt,init_lru_gen,3.131831,0,28
3,run2_initcall.txt,vmstat_late_init,3.137371,0,1
3,run2_initcall.txt,fault_around_debugfs,3.142918,0,10
3,run2_initcall.txt,slab_sysfs_init,3.152509,0,4056
3,run2_initcall.txt,max_swapfiles_check,3.158201,0,0
3,run2_initcall.txt,zswap_init,3.163591,0,0
3,run2_initcall.txt,mempolicy_sysfs_init,3.169164,0,24
3,run2_initcall.txt,memory_tier_late_init,3.180402,0,5670
3,run2_initcall.txt,check_early_ioremap_leak,3.185972,0,0
3,run2_initcall.txt,mg_debugfs_init,3.191532,0,23
3,run2_initcall.txt,fscrypt_init,3.202523,0,5622
3,run2_initcall.txt,pstore_init,3.208075,0,11
3,run2_initcall.txt,init_root_keyring,3.213652,0,37
3,run2_initcall.txt,init_profile_hash,3.219181,0,7
3,run2_initcall.txt,integrity_fs_init,3.224692,0,9
3,run2_initcall.txt,crypto_algapi_init,3.230116,0,12
3,run2_initcall.txt,blk_timeout_init,3.235602,0,0
3,run2_initcall.txt,depot_debugfs_init,3.241133,0,9
3,run2_initcall.txt,pci_resource_alignment_sysfs_init,3.246634,0,12
3,run2_initcall.txt,pci_sysfs_init,3.252132,0,12
3,run2_initcall.txt,clk_debug_init,3.258049,0,434
3,run2_initcall.txt,genpd_debug_init,3.263749,0,338
3,run2_initcall.txt,sync_state_resume_initcall,3.269291,0,0
3,run2_initcall.txt,deferred_probe_initcall,3.392091,0,117315
3,run2_initcall.txt,efi_shutdown_init,3.399535,-19,5
3,run2_initcall.txt,efi_earlycon_unmap_fb,3.404955,0,0
3,run2_initcall.txt,psci_debugfs_init,3.411246,0,0
3,run2_initcall.txt,of_cfs_init,3.421811,0,5301
3,run2_initcall.txt,of_fdt_raw_init,3.427055,0,36
3,run2_initcall.txt,bpf_kfunc_init,3.432143,0,2
3,run2_initcall.txt,init_subsystem,3.437381,0,0
3,run2_initcall.txt,xdp_metadata_init,3.442684,0,60
3,run2_initcall.txt,bpf_sockmap_iter_init,3.453077,0,1
3,run2_initcall.txt,bpf_sk_storage_map_iter_init,3.458445,0,9
3,run2_initcall.txt,bpf_prog_test_run_init,3.463679,0,31
3,run2_initcall.txt,bpf_dummy_struct_ops_init,3.469078,0,36
3,run2_initcall.txt,tcp_congestion_default,3.474429,0,1
3,run2_initcall.txt,inet_blackhole_dev_init,3.479765,0,7
3,run2_initcall.txt,ip_auto_config,3.485147,0,13
3,run2_initcall.txt,tcp_bpf_v4_build_proto,3.4905,0,1
3,run2_initcall.txt,udp_bpf_v4_build_proto,3.495796,0,0
3,run2_initcall.txt,bpf_tcp_ca_kfunc_init,3.500983,0,1
3,run2_initcall.txt,bpf_mptcp_kfunc_init,3.506357,0,0
3,run2_initcall.txt,latency_fsnotify_init,3.511739,0,26
3,run2_initcall.txt,trace_eval_sync,3.517054,0,12
3,run2_initcall.txt,late_trace_init,3.522362,0,0
3,run2_initcall.txt,fb_logo_late_init,3.527672,0,0
3,run2_initcall.txt,amba_stub_drv_init,3.532897,0,40
3,run2_initcall.txt,clk_disable_unused,3.544628,0,6368
3,run2_initcall.txt,genpd_power_off_unused,3.552785,0,2731
3,run2_initcall.txt,regulator_init_complete,3.558201,0,24
3,run2_initcall.txt,of_platform_sync_state_init,3.563425,0,17
4,run3_initcall.txt,kcompactd_init,0.052165,0,0
4,run3_initcall.txt,init_mm_sysctl,0.052188,0,0
4,run3_initcall.txt,init_user_reserve,0.052205,0,0
4,run3_initcall.txt,init_admin_reserve,0.05222,0,0
4,run3_initcall.txt,init_reserve_notifier,0.052235,0,0
4,run3_initcall.txt,swap_init,0.052256,0,0
4,run3_initcall.txt,swapfile_init,0.052283,0,0
4,run3_initcall.txt,memory_tier_init,0.052335,0,0
4,run3_initcall.txt,numa_init_sysfs,0.052358,0,4000
4,run3_initcall.txt,mem_cgroup_swap_init,0.052377,0,0
4,run3_initcall.txt,init_msg_buckets,0.052393,0,0
4,run3_initcall.txt,init_bio,0.052443,0,0
4,run3_initcall.txt,blk_ioc_init,0.052462,0,0
4,run3_initcall.txt,blk_mq_init,0.05248,0,0
4,run3_initcall.txt,genhd_device_init,0.05261,0,0
4,run3_initcall.txt,blkcg_punt_bio_init,0.052713,0,0
4,run3_initcall.txt,blk_integrity_auto_init,0.052786,0,0
4,run3_initcall.txt,io_wq_init,0.052807,0,0
4,run3_initcall.txt,crc_t10dif_mod_init,0.052834,0,0
4,run3_initcall.txt,sha256_mod_init,0.052854,0,0
4,run3_initcall.txt,sha512_mod_init,0.052871,0,0
4,run3_initcall.txt,sg_pool_init,0.052902,0,0
4,run3_initcall.txt,gpiolib_debugfs_init,0.052927,0,0
4,run3_initcall.txt,stmpe_gpio_init,0.053031,0,0
4,run3_initcall.txt,pwm_init,0.05306,0,0
4,run3_initcall.txt,leds_init,0.053094,0,0
4,run3_initcall.txt,pci_slot_init,0.053117,0,0
4,run3_initcall.txt,fbmem_init,0.053179,0,0
4,run3_initcall.txt,bcm2835_dma_init,0.053917,0,0
4,run3_initcall.txt,regulator_fixed_voltage_init,0.053995,0,0
4,run3_initcall.txt,gpio_regulator_init,0.054053,0,0
4,run3_initcall.txt,init_sysrq_sysctl,0.054081,0,0
4,run3_initcall.txt,misc_init,0.054111,0,0
4,run3_initcall.txt,iommu_subsys_init,0.054143,0,0
4,run3_initcall.txt,register_cpu_capacity_sysctl,0.054516,0,0
4,run3_initcall.txt,dma_buf_init,0.054604,0,0
4,run3_initcall.txt,dma_heap_init,0.054636,0,0
4,run3_initcall.txt,init_scsi,0.054743,0,0
4,run3_initcall.txt,mdio_bus_init,0.054774,0,0
4,run3_initcall.txt,phy_init,0.054821,0,0
4,run3_initcall.txt,usb_common_init,0.054843,0,0
4,run3_initcall.txt,usb_init,0.054952,0,0
4,run3_initcall.txt,usb_phy_generic_init,0.055119,0,0
4,run3_initcall.txt,usb_udc_init,0.055161,0,0
4,run3_initcall.txt,usb_roles_init,0.055184,0,0
4,run3_initcall.txt,input_init,0.055215,0,0
4,run3_initcall.txt,rtc_init,0.055239,0,0
4,run3_initcall.txt,rc_core_init,0.055269,0,0
4,run3_initcall.txt,pps_init,0.055302,0,0
4,run3_initcall.txt,ptp_init,0.055329,0,0
4,run3_initcall.txt,power_supply_class_init,0.055358,0,0
4,run3_initcall.txt,hwmon_init,0.05538,0,0
4,run3_initcall.txt,mmc_init,0.055422,0,0
4,run3_initcall.txt,dmi_init,0.05544,0,0
4,run3_initcall.txt,efisubsys_init,0.055458,0,0
4,run3_initcall.txt,arm_pmu_hp_init,0.055479,0,0
4,run3_initcall.txt,ras_init,0.055501,0,0
4,run3_initcall.txt,nvmem_init,0.055542,0,0
4,run3_initcall.txt,init_soundcore,0.055562,0,0
4,run3_initcall.txt,proto_init,0.055583,0,0
4,run3_initcall.txt,net_dev_init,0.055822,0,0
4,run3_initcall.txt,neigh_init,0.055842,0,0
4,run3_initcall.txt,fib_notifier_init,0.055858,0,0
4,run3_initcall.txt,netdev_genl_init,0.0559,0,0
4,run3_initcall.txt,page_pool_user_init,0.055917,0,0
4,run3_initcall.txt,fib_rules_init,0.055936,0,0
4,run3_initcall.txt,init_cgroup_netprio,0.055952,0,0
4,run3_initcall.txt,bpf_lwt_init,0.055968,0,0
4,run3_initcall.txt,pktsched_init,0.055992,0,0
4,run3_initcall.txt,tc_filter_init,0.056025,0,0
4,run3_initcall.txt,tc_action_init,0.056043,0,0
4,run3_initcall.txt,ethnl_init,0.056117,0,0
4,run3_initcall.txt,nexthop_init,0.056139,0,0
4,run3_initcall.txt,devlink_init,0.056223,0,0
4,run3_initcall.txt,wireless_nlevent_init,0.056243,0,0
4,run3_initcall.txt,vsprintf_init_hashval,0.056263,0,0
4,run3_initcall.txt,init_32bit_el0_mask,0.056282,0,0
4,run3_initcall.txt,vga_arb_device_init,0.056439,0,4000
4,run3_initcall.txt,watchdog_init,0.056554,0,0
4,run3_initcall.txt,create_debug_debugfs_entry,0.056668,0,0
4,run3_initcall.txt,iomem_init_inode,0.056718,0,0
4,run3_initcall.txt,clocksource_done_booting,0.056768,0,13
4,run3_initcall.txt,tracer_init_tracefs,0.056795,0,9
4,run3_initcall.txt,init_trace_printk_function_export,0.056876,0,62
4,run3_initcall.txt,init_graph_tracefs,0.056899,0,3
4,run3_initcall.txt,bpf_event_init,0.056918,0,1
4,run3_initcall.txt,init_kprobe_trace,0.432677,0,375738
4,run3_initcall.txt,init_dynamic_event,0.432836,0,6
4,run3_initcall.txt,bpf_init,0.432872,0,18
4,run3_initcall.txt,secretmem_init,0.432947,0,56
4,run3_initcall.txt,init_fs_stat_sysctls,0.43298,0,15
4,run3_initcall.txt,init_fs_exec_sysctls,0.433,0,1
4,run3_initcall.txt,init_pipe_fs,0.433052,0,34
4,run3_initcall.txt,init_fs_namei_sysctls,0.433074,0,2
4,run3_initcall.txt,init_fs_dcache_sysctls,0.4331,0,8
4,run3_initcall.txt,init_fs_namespace_sysctls,0.433121,0,1
4,run3_initcall.txt,cgroup_writeback_init,0.433151,0,11
4,run3_initcall.txt,inotify_user_setup,0.433184,0,15
4,run3_initcall.txt,eventpoll_init,0.43322,0,17
4,run3_initcall.txt,anon_inode_init,0.433255,0,15
4,run3_initcall.txt,proc_locks_init,0.433279,0,5
4,run3_initcall.txt,backing_aio_init,0.4333,0,2
4,run3_initcall.txt,init_fs_coredump_sysctls,0.433326,0,8
4,run3_initcall.txt,init_vm_drop_caches_sysctls,0.43335,0,2
4,run3_initcall.txt,iomap_dio_init,0.433392,0,23
4,run3_initcall.txt,iomap_ioend_init,0.433436,0,25
4,run3_initcall.txt,dquot_init,0.433633,0,176
4,run3_initcall.txt,proc_cmdline_init,0.433661,0,3
4,run3_initcall.txt,proc_consoles_init,0.433681,0,1
4,run3_initcall.txt,proc_cpuinfo_init,0.433703,0,2
4,run3_initcall.txt,proc_devices_init,0.433724,0,1
4,run3_initcall.txt,proc_interrupts_init,0.433744,0,1
4,run3_initcall.txt,proc_loadavg_init,0.433763,0,1
4,run3_initcall.txt,proc_meminfo_init,0.433783,0,0
4,run3_initcall.txt,proc_stat_init,0.433803,0,1
4,run3_initcall.txt,proc_uptime_init,0.433826,0,4
4,run3_initcall.txt,proc_version_init,0.433845,0,1
4,run3_initcall.txt,proc_softirqs_init,0.433865,0,1
4,run3_initcall.txt,proc_kmsg_init,0.433884,0,1
4,run3_initcall.txt,proc_page_init,0.4339,0,2
4,run3_initcall.txt,init_ramfs_fs,0.433915,0,1
4,run3_initcall.txt,aa_create_aafs,0.433931,0,0
4,run3_initcall.txt,chr_dev_init,0.437084,0,3135
4,run3_initcall.txt,hwrng_modinit,0.437173,0,51
4,run3_initcall.txt,firmware_class_init,0.437194,0,1
4,run3_initcall.txt,sysctl_core_init,0.437249,0,30
4,run3_initcall.txt,eth_offload_init,0.437265,0,0
4,run3_initcall.txt,ipv4_offload_init,0.437283,0,1
4,run3_initcall.txt,inet_init,0.441309,0,4010
4,run3_initcall.txt,af_unix_init,0.441367,0,23
4,run3_initcall.txt,ipv6_offload_init,0.441387,0,1
4,run3_initcall.txt,init_sunrpc,0.441766,0,361
4,run3_initcall.txt,vlan_offload_init,0.441785,0,0
4,run3_initcall.txt,pci_apply_final_quirks,0.441816,0,13
4,run3_initcall.txt,populate_rootfs,0.44184,0,7
4,run3_initcall.txt,register_arm64_panic_block,0.441964,0,1
4,run3_initcall.txt,cpuinfo_regs_init,0.444869,0,2883
4,run3_initcall.txt,aarch32_el0_sysfs_init,0.444935,0,0
4,run3_initcall.txt,kvm_arm_init,0.449221,0,4265
4,run3_initcall.txt,proc_execdomains_init,0.449278,0,5
4,run3_initcall.txt,register_warn_debugfs,0.449303,0,8
4,run3_initcall.txt,cpuhp_sysfs_init,0.449349,0,28
4,run3_initcall.txt,ioresources_init,0.449372,0,5
4,run3_initcall.txt,psi_proc_init,0.44939,0,0
4,run3_initcall.txt,irq_gc_init_ops,0.449407,0,0
4,run3_initcall.txt,irq_debugfs_init,0.449513,0,87
4,run3_initcall.txt,proc_modules_init,0.449542,0,3
4,run3_initcall.txt,timer_sysctl_init,0.449572,0,11
4,run3_initcall.txt,timekeeping_init_ops,0.449589,0,0
4,run3_initcall.txt,init_clocksource_sysfs,0.449688,0,82
4,run3_initcall.txt,init_timer_list_procfs,0.449713,0,2
4,run3_initcall.txt,alarmtimer_init,0.449795,0,67
4,run3_initcall.txt,clockevents_init_sysfs,0.449943,0,132
4,run3_initcall.txt,sched_clock_syscore_init,0.449962,0,0
4,run3_initcall.txt,kallsyms_init,0.449986,0,5
4,run3_initcall.txt,pid_namespaces_init,0.450052,0,51
4,run3_initcall.txt,audit_watch_init,0.45007,0,1
4,run3_initcall.txt,audit_fsnotify_init,0.450085,0,0
4,run3_initcall.txt,audit_tree_init,0.450108,0,7
4,run3_initcall.txt,seccomp_sysctl_init,0.450127,0,4
4,run3_initcall.txt,utsname_sysctl_init,0.450153,0,9
4,run3_initcall.txt,init_tracepoints,0.450172,0,3
4,run3_initcall.txt,init_lstats_procfs,0.450196,0,4
4,run3_initcall.txt,stack_trace_init,0.450244,0,31
4,run3_initcall.txt,init_blk_tracer,0.450287,0,24
4,run3_initcall.txt,perf_event_sysfs_init,0.450425,0,117
4,run3_initcall.txt,system_trusted_keyring_init,0.450469,0,20
4,run3_initcall.txt,kswapd_init,0.450737,0,246
4,run3_initcall.txt,extfrag_debug_init,0.45079,0,20
4,run3_initcall.txt,mm_compute_batch_init,0.45081,0,0
4,run3_initcall.txt,slab_proc_init,0.450834,0,7
4,run3_initcall.txt,workingset_init,0.450858,0,10
4,run3_initcall.txt,proc_vmalloc_init,0.450874,0,2
4,run3_initcall.txt,memblock_init_debugfs,0.450912,0,21
4,run3_initcall.txt,slab_debugfs_init,0.450941,0,13
4,run3_initcall.txt,procswaps_init,0.450958,0,2
4,run3_initcall.txt,zs_init,0.450977,0,0
4,run3_initcall.txt,fcntl_init,0.450998,0,4
4,run3_initcall.txt,proc_filesystems_init,0.451016,0,1
4,run3_initcall.txt,start_dirtytime_writeback,0.451046,0,11
4,run3_initcall.txt,dio_init,0.451067,0,2
4,run3_initcall.txt,dnotify_init,0.451115,0,29
4,run3_initcall.txt,fanotify_user_setup,0.451146,0,11
4,run3_initcall.txt,aio_setup,0.45121,0,45
4,run3_initcall.txt,mbcache_init,0.451244,0,7
4,run3_initcall.txt,init_grace,0.451267,0,3
4,run3_initcall.txt,init_devpts_fs,0.451296,0,13
4,run3_initcall.txt,ext4_init_fs,0.451423,0,112
4,run3_initcall.txt,journal_init,0.451458,0,16
4,run3_initcall.txt,init_fat_fs,0.451478,0,5
4,run3_initcall.txt,init_vfat_fs,0.451493,0,0
4,run3_initcall.txt,init_msdos_fs,0.451507,0,0
4,run3_initcall.txt,init_nfs_fs,0.451779,0,253
4,run3_initcall.txt,init_nfs_v2,0.451807,0,3
4,run3_initcall.txt,init_nfs_v3,0.451822,0,0
4,run3_initcall.txt,init_nfs_v4,0.451875,0,39
4,run3_initcall.txt,nfs4filelayout_init,0.451898,0,6
4,run3_initcall.txt,nfs4flexfilelayout_init,0.45192,0,6
4,run3_initcall.txt,init_nlm,0.451975,0,40
4,run3_initcall.txt,init_nls_cp437,0.451995,0,0
4,run3_initcall.txt,init_nls_ascii,0.45201,0,0
4,run3_initcall.txt,init_autofs_fs,0.452192,0,167
4,run3_initcall.txt,init_f2fs_fs,0.452374,0,162
4,run3_initcall.txt,ipc_init,0.45241,0,17
4,run3_initcall.txt,ipc_sysctl_init,0.452454,0,28
4,run3_initcall.txt,init_mqueue_fs,0.452539,0,66
4,run3_initcall.txt,key_proc_init,0.452569,0,6
4,run3_initcall.txt,bpf_crypto_skcipher_init,0.452599,0,0
4,run3_initcall.txt,dh_init,0.452622,0,6
4,run3_initcall.txt,rsa_init,0.45264,0,1
4,run3_initcall.txt,cryptomgr_init,0.452657,0,1
4,run3_initcall.txt,hmac_module_init,0.452673,0,0
4,run3_initcall.txt,crypto_sha256_mod_init,0.452694,0,4
4,run3_initcall.txt,crypto_ecb_module_init,0.45271,0,0
4,run3_initcall.txt,crypto_cbc_module_init,0.452727,0,0
4,run3_initcall.txt,crypto_cts_module_init,0.452744,0,0
4,run3_initcall.txt,xts_module_init,0.452793,0,0
4,run3_initcall.txt,des_generic_mod_init,0.452813,0,3
4,run3_initcall.txt,aes_init,0.452831,0,0
4,run3_initcall.txt,lzo_mod_init,0.452848,0,1
4,run3_initcall.txt,lzorle_mod_init,0.452865,0,1
4,run3_initcall.txt,asymmetric_key_init,0.452888,0,6
4,run3_initcall.txt,x509_key_init,0.45291,0,5
4,run3_initcall.txt,crypto_kdf108_init,0.452927,0,0
4,run3_initcall.txt,blkdev_init,0.45298,0,37
4,run3_initcall.txt,proc_genhd_init,0.453005,0,5
4,run3_initcall.txt,bsg_init,0.453052,0,30
4,run3_initcall.txt,throtl_init,0.453221,0,151
4,run3_initcall.txt,deadline_init,0.45325,0,6
4,run3_initcall.txt,kyber_init,0.453271,0,5
4,run3_initcall.txt,bfq_init,0.453332,0,39
4,run3_initcall.txt,io_uring_init,0.453387,0,38
4,run3_initcall.txt,btree_module_init,0.453411,0,2
4,run3_initcall.txt,percpu_counter_startup,0.453491,0,61
4,run3_initcall.txt,audit_classes_init,0.453525,0,5
4,run3_initcall.txt,gicv5_iwb_platform_driver_init,0.453662,0,117
4,run3_initcall.txt,mip_msi_driver_init,0.453722,0,37
4,run3_initcall.txt,bcm7038_l1_driver_init,0.453778,0,36
4,run3_initcall.txt,bcm7120_l2_driver_init,0.45385,0,42
4,run3_initcall.txt,brcmstb_l2_driver_init,0.454192,0,321
4,run3_initcall.txt,simple_pm_bus_driver_init,0.455017,0,800
4,run3_initcall.txt,phy_core_init,0.455128,0,66
4,run3_initcall.txt,brcm_usb_driver_init,0.45528,0,118
4,run3_initcall.txt,rp1_pinctrl_driver_init,0.455337,0,35
4,run3_initcall.txt,bcm2835_pinctrl_driver_init,0.456635,0,1277
4,run3_initcall.txt,bcm2712_pinctrl_driver_init,0.456733,0,65
4,run3_initcall.txt,brcmvirt_gpio_driver_init,0.456833,0,78
4,run3_initcall.txt,brcmstb_gpio_driver_init,0.456893,0,35
4,run3_initcall.txt,rpi_exp_gpio_driver_init,0.457526,0,613
4,run3_initcall.txt,brcmstb_pwm_driver_init,0.457642,0,72
4,run3_initcall.txt,rp1_pwm_driver_init,0.4577,0,37
4,run3_initcall.txt,gpio_led_driver_init,0.675947,0,218227
4,run3_initcall.txt,led_pwm_driver_init,0.676083,0,99
4,run3_initcall.txt,timer_led_trigger_init,0.676114,0,5
4,run3_initcall.txt,oneshot_led_trigger_init,0.676133,0,0
4,run3_initcall.txt,heartbeat_trig_init,0.676166,0,2
4,run3_initcall.txt,bl_led_trigger_init,0.676186,0,0
4,run3_initcall.txt,ledtrig_cpu_init,0.676357,0,151
4,run3_initcall.txt,defon_led_trigger_init,0.676454,0,72
4,run3_initcall.txt,input_trig_init,0.676479,0,1
4,run3_initcall.txt,ledtrig_panic_init,0.676499,0,2
4,run3_initcall.txt,actpwr_trig_init,0.677912,0,1383
4,run3_initcall.txt,pcie_portdrv_init,0.678104,0,103
4,run3_initcall.txt,pci_proc_init,0.678155,0,23
4,run3_initcall.txt,brcm_pcie_driver_init,0.793758,0,115579
4,run3_initcall.txt,bcm2708_fb_init,0.793853,0,71
4,run3_initcall.txt,simplefb_driver_init,0.820106,0,26237
4,run3_initcall.txt,of_fixed_factor_clk_driver_init,0.820203,0,43
4,run3_initcall.txt,of_fixed_clk_driver_init,0.820288,0,35
4,run3_initcall.txt,gpio_clk_driver_init,0.820379,0,42
4,run3_initcall.txt,gated_fixed_clk_driver_init,0.820458,0,34
4,run3_initcall.txt,rp1_clk_driver_init,0.820538,0,36
4,run3_initcall.txt,rp1_sdio_clk_driver_init,0.820616,0,35
4,run3_initcall.txt,clk_dvp_driver_init,0.820822,0,162
4,run3_initcall.txt,bcm2835_aux_clk_driver_init,0.820936,0,65
4,run3_initcall.txt,raspberrypi_clk_driver_init,0.83642,0,15436
4,run3_initcall.txt,dw_driver_init,0.836519,0,51
4,run3_initcall.txt,bcm2835_power_driver_init,0.83659,0,23
4,run3_initcall.txt,rpi_power_driver_init,0.838017,0,1380
4,run3_initcall.txt,brcmstb_reset_driver_init,0.838109,0,40
4,run3_initcall.txt,brcm_rescal_reset_driver_init,0.838195,0,36
4,run3_initcall.txt,rpi_reset_driver_init,0.838356,0,112
4,run3_initcall.txt,reset_simple_driver_init,0.838494,0,85
4,run3_initcall.txt,n_null_init,0.838542,0,0
4,run3_initcall.txt,pty_init,0.838682,0,99
4,run3_initcall.txt,sysrq_init,0.83874,0,15
4,run3_initcall.txt,serial8250_init,0.838786,-19,0
4,run3_initcall.txt,bcm2835aux_serial_driver_init,0.838877,0,41
4,run3_initcall.txt,brcmuart_init,0.838981,0,55
4,run3_initcall.txt,exar_pci_driver_init,0.839066,0,37
4,run3_initcall.txt,of_platform_serial_driver_init,0.839211,0,92
4,run3_initcall.txt,serial_pci_driver_init,0.839294,0,32
4,run3_initcall.txt,pericom8250_pci_driver_init,0.839363,0,19
4,run3_initcall.txt,init_kgdboc,0.83951,0,99
4,run3_initcall.txt,random_sysctls_init,0.839571,0,13
4,run3_initcall.txt,ttyprintk_init,0.839673,0,54
4,run3_initcall.txt,bcm2835_rng_driver_init,0.839794,0,70
4,run3_initcall.txt,bcm74110_rng_driver_init,0.839882,0,37
4,run3_initcall.txt,iproc_rng200_driver_init,0.840219,0,284
4,run3_initcall.txt,smccc_trng_driver_init,0.840296,0,25
4,run3_initcall.txt,vc_mem_init,0.840471,0,126
4,run3_initcall.txt,vcio_driver_init,0.843459,0,2939
4,run3_initcall.txt,bcm2712_iommu_driver_init,0.848638,0,50
4,run3_initcall.txt,bcm2712_iommu_cache_driver_init,0.853843,0,41
4,run3_initcall.txt,topology_sysfs_init,0.858991,0,68
4,run3_initcall.txt,cacheinfo_sysfs_init,0.864452,0,256
4,run3_initcall.txt,devcoredump_init,0.869707,0,10
4,run3_initcall.txt,brd_init,0.881664,0,6705
4,run3_initcall.txt,loop_init,0.89225,0,5322
4,run3_initcall.txt,bcm2835_pm_driver_init,0.900259,0,2748
4,run3_initcall.txt,stmpe_i2c_driver_init,0.905528,0,17
4,run3_initcall.txt,stmpe_spi_driver_init,0.910763,0,14
4,run3_initcall.txt,rp1_driver_init,0.916034,0,34
4,run3_initcall.txt,system_heap_create,0.92127,0,90
4,run3_initcall.txt,add_default_cma_heap,0.926575,0,108
4,run3_initcall.txt,udmabuf_dev_init,0.931856,0,45
4,run3_initcall.txt,iscsi_transport_init,0.939948,0,2863
4,run3_initcall.txt,init_sd,0.945218,0,26
4,run3_initcall.txt,nvme_core_init,0.950677,0,267
4,run3_initcall.txt,nvme_init,0.955802,0,33
4,run3_initcall.txt,blackhole_netdev_init,0.961045,0,18
4,run3_initcall.txt,netkit_init,0.966269,0,7
4,run3_initcall.txt,phylink_init,0.971489,0,0
4,run3_initcall.txt,phy_module_init,0.976892,0,191
4,run3_initcall.txt,phy_module_init,0.982269,0,184
4,run3_initcall.txt,fixed_mdio_bus_init,0.987592,0,158
4,run3_initcall.txt,phy_module_init,0.992912,0,185
4,run3_initcall.txt,phy_module_init,0.998232,0,22
4,run3_initcall.txt,phy_module_init,1.003619,0,66
4,run3_initcall.txt,unimac_mdio_driver_init,1.009112,0,135
4,run3_initcall.txt,macb_driver_init,1.014643,0,118
4,run3_initcall.txt,bcmgenet_driver_init,1.232341,0,212257
4,run3_initcall.txt,bcmasp_driver_init,1.2381,0,98
4,run3_initcall.txt,lan78xx_driver_init,1.246673,0,2883
4,run3_initcall.txt,smsc95xx_driver_init,1.255177,0,2745
4,run3_initcall.txt,usbnet_init,1.260953,0,0
4,run3_initcall.txt,xhci_hcd_init,1.266736,0,17
4,run3_initcall.txt,xhci_pci_init,1.443781,0,171276
4,run3_initcall.txt,xhci_plat_init,1.449557,0,131
4,run3_initcall.txt,dwc_otg_driver_init,1.466172,0,11147
4,run3_initcall.txt,dwc_common_port_init_module,1.474711,0,2941
4,run3_initcall.txt,dwc3_driver_init,1.480399,0,70
4,run3_initcall.txt,dwc3_haps_driver_init,1.486026,0,29
4,run3_initcall.txt,dwc3_of_simple_driver_init,1.491507,0,64
4,run3_initcall.txt,dwc3_generic_driver_init,1.497138,0,40
4,run3_initcall.txt,dwc2_platform_driver_init,1.502843,0,150
4,run3_initcall.txt,uas_init,1.511303,0,2913
4,run3_initcall.txt,usb_storage_driver_init,1.519648,0,2791
4,run3_initcall.txt,brcmstb_usb_pinmap_init,1.52512,-19,83
4,run3_initcall.txt,bdc_driver_init,1.530747,0,50
4,run3_initcall.txt,input_leds_init,1.536331,0,1
4,run3_initcall.txt,mousedev_init,1.545663,0,2959
4,run3_initcall.txt,evdev_init,1.551318,0,41
4,run3_initcall.txt,brcmstb_waketmr_driver_init,1.556846,0,99
4,run3_initcall.txt,rpi_rtc_driver_init,1.562501,0,42
4,run3_initcall.txt,init_rc_map_adstech_dvb_t_pci,1.56811,0,0
4,run3_initcall.txt,init_rc_map_alink_dtu_m,1.573886,0,188
4,run3_initcall.txt,init_rc_map_anysee,1.579487,0,0
4,run3_initcall.txt,init_rc_map_apac_viewcomp,1.585059,0,0
4,run3_initcall.txt,init_rc_map_t2hybrid,1.590469,0,0
4,run3_initcall.txt,init_rc_map_asus_pc39,1.596066,0,0
4,run3_initcall.txt,init_rc_map_asus_ps3_100,1.601727,0,85
4,run3_initcall.txt,init_rc_map_ati_tv_wonder_hd_600,1.607295,0,0
4,run3_initcall.txt,init_rc_map_ati_x10,1.612855,0,6
4,run3_initcall.txt,init_rc_map_avermedia_a16d,1.61842,0,0
4,run3_initcall.txt,init_rc_map_avermedia_cardbus,1.623802,0,0
4,run3_initcall.txt,init_rc_map_avermedia_dvbt,1.629328,0,0
4,run3_initcall.txt,init_rc_map_avermedia_m135a,1.634851,0,0
4,run3_initcall.txt,init_rc_map_avermedia_m733a_rm_k6,1.640374,0,0
4,run3_initcall.txt,init_rc_map_avermedia,1.645931,0,0
4,run3_initcall.txt,init_rc_map_avermedia_rm_ks,1.651429,0,0
4,run3_initcall.txt,init_rc_map_avertv_303,1.659587,0,2795
4,run3_initcall.txt,init_rc_map_azurewave_ad_tu700,1.665286,0,47
4,run3_initcall.txt,init_rc_map_beelink_gs1,1.67084,0,0
4,run3_initcall.txt,init_rc_map_beelink_mxiii,1.676385,0,0
4,run3_initcall.txt,init_rc_map_behold_columbus,1.681915,0,0
4,run3_initcall.txt,init_rc_map_behold,1.687403,0,0
4,run3_initcall.txt,init_rc_map_budget_ci_old,1.692823,0,0
4,run3_initcall.txt,init_rc_map_cinergy_1400,1.698297,0,0
4,run3_initcall.txt,init_rc_map_cinergy,1.703792,0,0
4,run3_initcall.txt,init_rc_map_ct_90405,1.70926,0,0
4,run3_initcall.txt,init_rc_map_d680_dmb,1.714733,0,0
4,run3_initcall.txt,init_rc_map_delock_61959,1.720164,0,0
4,run3_initcall.txt,init_rc_map,1.725481,0,0
4,run3_initcall.txt,init_rc_map,1.731013,0,83
4,run3_initcall.txt,init_rc_map_digitalnow_tinytwin,1.736476,0,0
4,run3_initcall.txt,init_rc_map_digittrade,1.741957,0,0
4,run3_initcall.txt,init_rc_map_dm1105_nec,1.74742,0,0
4,run3_initcall.txt,init_rc_map_dntv_live_dvb_t,1.752884,0,0
4,run3_initcall.txt,init_rc_map_dntv_live_dvbt_pro,1.758183,0,0
4,run3_initcall.txt,init_rc_map_dreambox,1.763636,0,0
4,run3_initcall.txt,init_rc_map_dtt200u,1.769079,0,0
4,run3_initcall.txt,init_rc_map_rc5_dvbsky,1.774557,0,0
4,run3_initcall.txt,init_rc_map_dvico_mce,1.780247,0,0
4,run3_initcall.txt,init_rc_map_dvico_portable,1.785742,0,35
4,run3_initcall.txt,init_rc_map_em_terratec,1.791186,0,87
4,run3_initcall.txt,init_rc_map_encore_enltv2,1.796659,0,0
4,run3_initcall.txt,init_rc_map_encore_enltv_fm53,1.802182,0,0
4,run3_initcall.txt,init_rc_map_encore_enltv,1.807783,0,43
4,run3_initcall.txt,init_rc_map_evga_indtube,1.813334,0,0
4,run3_initcall.txt,init_rc_map_eztv,1.824251,0,0
4,run3_initcall.txt,init_rc_map_flydvb,1.83267,0,1
4,run3_initcall.txt,init_rc_map_flyvideo,1.841059,0,0
4,run3_initcall.txt,init_rc_map_fusionhdtv_mce,1.8494,0,0
4,run3_initcall.txt,init_rc_map_gadmei_rm008z,1.857551,0,0
4,run3_initcall.txt,init_rc_map_geekbox,1.865839,0,0
4,run3_initcall.txt,init_rc_map_genius_tvgo_a11mce,1.871371,0,0
4,run3_initcall.txt,init_rc_map_gotview7135,1.876895,0,0
4,run3_initcall.txt,init_rc_map_rc5_hauppauge_new,1.882429,0,0
4,run3_initcall.txt,init_rc_map_hisi_poplar,1.887857,0,0
4,run3_initcall.txt,init_rc_map_hisi_tv_demo,1.893339,0,0
4,run3_initcall.txt,init_rc_map_imon_mce,1.89885,0,0
4,run3_initcall.txt,init_rc_map_imon_pad,1.904357,0,0
4,run3_initcall.txt,init_rc_map_imon_rsc,1.909845,0,0
4,run3_initcall.txt,init_rc_map_iodata_bctv7e,1.915302,0,0
4,run3_initcall.txt,init_rc_it913x_v1_map,1.920692,0,0
4,run3_initcall.txt,init_rc_it913x_v2_map,1.926023,0,0
4,run3_initcall.txt,init_rc_map_kaiomy,1.931447,0,0
4,run3_initcall.txt,init_rc_map_khadas,1.936878,0,0
4,run3_initcall.txt,init_rc_map_khamsin,1.942309,0,0
4,run3_initcall.txt,init_rc_map_kworld_315u,1.947704,0,0
4,run3_initcall.txt,init_rc_map_kworld_pc150u,1.953179,0,44
4,run3_initcall.txt,init_rc_map_kworld_plus_tv_analog,1.958525,0,38
4,run3_initcall.txt,init_rc_map_leadtek_y04g0051,1.964034,0,38
4,run3_initcall.txt,init_rc_lme2510_map,1.969477,0,0
4,run3_initcall.txt,init_rc_map_manli,1.974919,0,0
4,run3_initcall.txt,init_rc_map_mecool_kiii_pro,1.980353,0,0
4,run3_initcall.txt,init_rc_map_mecool_kii_pro,1.985815,0,0
4,run3_initcall.txt,init_rc_map_medion_x10_digitainer,1.991097,0,0
4,run3_initcall.txt,init_rc_map_medion_x10,1.996529,0,0
4,run3_initcall.txt,init_rc_map_medion_x10_or2x,2.001976,0,0
4,run3_initcall.txt,init_rc_map_minix_neo,2.007384,0,0
4,run3_initcall.txt,init_rc_map_msi_digivox_iii,2.012807,0,0
4,run3_initcall.txt,init_rc_map_msi_digivox_ii,2.018189,0,0
4,run3_initcall.txt,init_rc_map_msi_tvanywhere,2.023418,0,0
4,run3_initcall.txt,init_rc_map_msi_tvanywhere_plus,2.029045,0,239
4,run3_initcall.txt,init_rc_map_mygica_utv3,2.034419,0,7
4,run3_initcall.txt,init_rc_map_nebula,2.039764,0,0
4,run3_initcall.txt,init_rc_map_nec_terratec_cinergy_xs,2.045144,0,0
4,run3_initcall.txt,init_rc_map_norwood,2.050515,0,0
4,run3_initcall.txt,init_rc_map_npgtech,2.055735,0,0
4,run3_initcall.txt,init_rc_map_odroid,2.061106,0,0
4,run3_initcall.txt,init_rc_map_pctv_sedna,2.066465,0,0
4,run3_initcall.txt,init_rc_map_pine64,2.07193,0,40
4,run3_initcall.txt,init_rc_map_pinnacle_color,2.077352,0,9
4,run3_initcall.txt,init_rc_map_pinnacle_grey,2.082708,0,2
4,run3_initcall.txt,init_rc_map_pinnacle_pctv_hd,2.087978,0,0
4,run3_initcall.txt,init_rc_map_pixelview,2.093265,0,0
4,run3_initcall.txt,init_rc_map_pixelview,2.098608,0,0
4,run3_initcall.txt,init_rc_map_pixelview_new,2.103961,0,0
4,run3_initcall.txt,init_rc_map_pixelview,2.109314,0,0
4,run3_initcall.txt,init_rc_map_powercolor_real_angel,2.11466,0,0
4,run3_initcall.txt,init_rc_map_proteus_2309,2.120005,0,0
4,run3_initcall.txt,init_rc_map_purpletv,2.125162,0,0
4,run3_initcall.txt,init_rc_map_pv951,2.130519,0,0
4,run3_initcall.txt,init_rc_map_rc6_mce,2.135873,0,0
4,run3_initcall.txt,init_rc_map_real_audio_220_32_keys,2.141279,0,0
4,run3_initcall.txt,init_rc_map_reddo,2.146647,0,0
4,run3_initcall.txt,init_rc_map_siemens_gigaset_rc20,2.152016,0,0
4,run3_initcall.txt,init_rc_map_snapstream_firefly,2.15722,0,0
4,run3_initcall.txt,init_rc_map_streamzap,2.165296,0,0
4,run3_initcall.txt,init_rc_map_su3000,2.170646,0,0
4,run3_initcall.txt,init_rc_map_tanix_tx3mini,2.175994,0,0
4,run3_initcall.txt,init_rc_map_tanix_tx5max,2.18137,0,0
4,run3_initcall.txt,init_rc_map_tbs_nec,2.186731,0,0
4,run3_initcall.txt,init_rc_map,2.191941,0,0
4,run3_initcall.txt,init_rc_map,2.197285,0,0
4,run3_initcall.txt,init_rc_map_terratec_cinergy_c_pci,2.202647,0,0
4,run3_initcall.txt,init_rc_map_terratec_cinergy_s2_hd,2.208024,0,0
4,run3_initcall.txt,init_rc_map_terratec_cinergy_xs,2.213377,0,0
4,run3_initcall.txt,init_rc_map_terratec_slim_2,2.218696,0,0
4,run3_initcall.txt,init_rc_map_terratec_slim,2.223902,0,0
4,run3_initcall.txt,init_rc_map_tevii_nec,2.22923,0,0
4,run3_initcall.txt,init_rc_map_tivo,2.234581,0,0
4,run3_initcall.txt,init_rc_map_total_media_in_hand_02,2.23994,0,0
4,run3_initcall.txt,init_rc_map_total_media_in_hand,2.245283,0,0
4,run3_initcall.txt,init_rc_map_trekstor,2.250618,0,0
4,run3_initcall.txt,init_rc_map_tt_1500,2.255828,0,0
4,run3_initcall.txt,init_rc_map_twinhan_vp1027,2.263827,0,0
4,run3_initcall.txt,init_rc_map_twinhan_dtv_cab_ci,2.274502,0,0
4,run3_initcall.txt,init_rc_map_vega_s9x,2.282605,0,2
4,run3_initcall.txt,init_rc_map_videomate_k100,2.287904,0,2
4,run3_initcall.txt,init_rc_map_videomate_s350,2.293238,0,1
4,run3_initcall.txt,init_rc_map_videomate_tv_pvr,2.298623,0,1
4,run3_initcall.txt,init_rc_map_kii_pro,2.304094,0,0
4,run3_initcall.txt,init_rc_map_wetek_hub,2.312078,0,0
4,run3_initcall.txt,init_rc_map_wetek_play2,2.317432,0,0
4,run3_initcall.txt,init_rc_map_winfast,2.322609,0,0
4,run3_initcall.txt,init_rc_map_winfast_usbii_deluxe,2.327942,0,0
4,run3_initcall.txt,init_rc_map_x96max,2.333311,0,0
4,run3_initcall.txt,init_rc_map,2.338663,0,0
4,run3_initcall.txt,init_rc_map,2.344021,0,0
4,run3_initcall.txt,init_rc_map_zx_irdec,2.349367,0,0
4,run3_initcall.txt,ptp_kvm_init,2.354598,-95,1
4,run3_initcall.txt,gpio_poweroff_driver_init,2.359996,0,102
4,run3_initcall.txt,bcm2711_thermal_driver_init,2.36838,0,2995
4,run3_initcall.txt,bcm2835_thermal_driver_init,2.373872,0,68
4,run3_initcall.txt,bcm2835_wdt_driver_init,2.379306,0,30
4,run3_initcall.txt,dt_cpufreq_platdrv_init,2.384736,0,28
4,run3_initcall.txt,brcm_avs_cpufreq_platdrv_init,2.390069,0,45
4,run3_initcall.txt,raspberrypi_cpufreq_driver_init,2.401805,0,6318
4,run3_initcall.txt,mmc_pwrseq_simple_driver_init,2.407368,0,79
4,run3_initcall.txt,mmc_pwrseq_emmc_driver_init,2.412946,0,46
4,run3_initcall.txt,mmc_blk_init,2.418504,0,41
4,run3_initcall.txt,sdhci_drv_init,2.429415,0,5543
4,run3_initcall.txt,bcm2835_mmc_driver_init,2.43778,0,2828
4,run3_initcall.txt,bcm2835_driver_init,2.443411,0,59
4,run3_initcall.txt,sdhci_pltfm_drv_init,2.451768,0,2779
4,run3_initcall.txt,sdhci_iproc_driver_init,2.457284,0,78
4,run3_initcall.txt,sdhci_brcmstb_driver_init,2.45736,0,63
4,run3_initcall.txt,esrt_sysfs_init,2.457379,-38,1
4,run3_initcall.txt,smccc_devices_init,2.457393,0,0
4,run3_initcall.txt,smccc_soc_init,2.457406,0,1
4,run3_initcall.txt,arch_timer_mmio_drv_init,2.457456,0,37
4,run3_initcall.txt,arch_timer_mmio_acpi_drv_init,2.457493,0,23
4,run3_initcall.txt,hid_init,2.457568,0,61
4,run3_initcall.txt,hid_generic_init,2.457622,0,42
4,run3_initcall.txt,hid_init,2.681268,0,223633
4,run3_initcall.txt,vchiq_driver_init,2.693051,0,5706
4,run3_initcall.txt,bcm74110_mbox_driver_init,2.699955,0,93
4,run3_initcall.txt,extcon_class_init,2.706673,0,10
4,run3_initcall.txt,armv8_pmu_driver_init,2.719644,0,6866
4,run3_initcall.txt,binder_init,2.725772,0,71
4,run3_initcall.txt,rpi_otp_driver_init,2.741632,0,9659
4,run3_initcall.txt,sock_diag_init,2.747828,0,42
4,run3_initcall.txt,blackhole_init,2.753925,0,1
4,run3_initcall.txt,cls_bpf_init_mod,2.759931,0,0
4,run3_initcall.txt,gre_offload_init,2.766058,0,1
4,run3_initcall.txt,sysctl_ipv4_init,2.772238,0,79
4,run3_initcall.txt,cubictcp_register,2.778381,0,10
4,run3_initcall.txt,packet_init,2.787583,0,3042
4,run3_initcall.txt,init_rpcsec_gss,2.793708,0,20
4,run3_initcall.txt,init_kerberos_module,2.799891,0,5
4,run3_initcall.txt,dcbnl_init,2.806075,0,9
4,run3_initcall.txt,init_dns_resolver,2.815333,0,3115
4,run3_initcall.txt,handshake_init,2.821425,0,33
4,run3_initcall.txt,check_mmu_enabled_at_boot,2.827579,0,6
4,run3_initcall.txt,finalize_pkvm,2.833764,0,0
4,run3_initcall.txt,kernel_do_mounts_initrd_sysctls_init,2.8431,0,6
4,run3_initcall.txt,kernel_panic_sysctls_init,2.849333,0,22
4,run3_initcall.txt,kernel_panic_sysfs_init,2.855388,0,10
4,run3_initcall.txt,kernel_exit_sysctls_init,2.861598,0,3
4,run3_initcall.txt,kernel_exit_sysfs_init,2.867811,0,7
4,run3_initcall.txt,param_sysfs_builtin_init,2.883897,0,9861
4,run3_initcall.txt,reboot_ksysfs_init,2.890158,0,27
4,run3_initcall.txt,sched_core_sysctl_init,2.896626,0,7
4,run3_initcall.txt,sched_fair_sysctl_init,2.903549,0,654
4,run3_initcall.txt,sched_rt_sysctl_init,2.909865,0,21
4,run3_initcall.txt,sched_dl_sysctl_init,2.916039,0,2
4,run3_initcall.txt,sched_init_debug,2.92212,0,100
4,run3_initcall.txt,cpu_latency_qos_init,2.928381,0,158
4,run3_initcall.txt,printk_late_init,2.934521,0,21
4,run3_initcall.txt,init_srcu_module_notifier,2.940621,0,3
4,run3_initcall.txt,kernel_rcu_stall_sysfs_init,2.946746,0,9
4,run3_initcall.txt,swiotlb_create_default_debugfs,2.952915,0,31
4,run3_initcall.txt,tk_debug_sleep_time_init,2.9589,0,9
4,run3_initcall.txt,bpf_ksym_iter_register,2.964999,0,1
4,run3_initcall.txt,kernel_acct_sysctls_init,2.971116,0,9
4,run3_initcall.txt,bpf_rstat_kfunc_init,2.977203,0,1
4,run3_initcall.txt,debugfs_kprobe_init,2.983313,0,18
4,run3_initcall.txt,kernel_delayacct_sysctls_init,2.989284,0,3
4,run3_initcall.txt,taskstats_init,2.998471,0,3081
4,run3_initcall.txt,ftrace_sysctl_init,3.004568,0,2
4,run3_initcall.txt,bpf_kprobe_multi_kfuncs_init,3.010683,0,0
4,run3_initcall.txt,kdb_ftrace_register,3.016811,0,13
4,run3_initcall.txt,bpf_global_ma_init,3.022889,0,113
4,run3_initcall.txt,bpf_syscall_sysctl_init,3.029046,0,6
4,run3_initcall.txt,unbound_reg_init,3.035193,0,5
4,run3_initcall.txt,kfunc_init,3.041343,0,1
4,run3_initcall.txt,bpf_map_iter_init,3.047473,0,6
4,run3_initcall.txt,init_subsystem,3.053539,0,9
4,run3_initcall.txt,task_iter_init,3.059358,0,6
4,run3_initcall.txt,bpf_prog_iter_init,3.065228,0,0
4,run3_initcall.txt,bpf_link_iter_init,3.070966,0,5
4,run3_initcall.txt,init_trampolines,3.07661,0,3
4,run3_initcall.txt,rqspinlock_register_kfuncs,3.082192,0,0
4,run3_initcall.txt,kfunc_init,3.087653,0,0
4,run3_initcall.txt,bpf_cgroup_iter_init,3.093115,0,0
4,run3_initcall.txt,cpumask_kfunc_init,3.098677,0,17
4,run3_initcall.txt,crypto_kfunc_init,3.104205,0,1
4,run3_initcall.txt,bpf_kmem_cache_iter_init,3.109759,0,0
4,run3_initcall.txt,dmabuf_iter_init,3.115295,0,5
4,run3_initcall.txt,load_system_certificate_list,3.123358,0,2625
4,run3_initcall.txt,init_lru_gen,3.128896,0,23
4,run3_initcall.txt,vmstat_late_init,3.134446,0,8
4,run3_initcall.txt,fault_around_debugfs,3.139994,0,3
4,run3_initcall.txt,slab_sysfs_init,3.149636,0,4103
4,run3_initcall.txt,max_swapfiles_check,3.155172,0,26
4,run3_initcall.txt,zswap_init,3.160745,0,0
4,run3_initcall.txt,mempolicy_sysfs_init,3.166333,0,21
4,run3_initcall.txt,memory_tier_late_init,3.1776,0,5686
4,run3_initcall.txt,check_early_ioremap_leak,3.183167,0,6
4,run3_initcall.txt,mg_debugfs_init,3.188594,0,21
4,run3_initcall.txt,fscrypt_init,3.199763,0,5597
4,run3_initcall.txt,pstore_init,3.205365,0,13
4,run3_initcall.txt,init_root_keyring,3.210956,0,43
4,run3_initcall.txt,init_profile_hash,3.216477,0,0
4,run3_initcall.txt,integrity_fs_init,3.221883,0,13
4,run3_initcall.txt,crypto_algapi_init,3.227421,0,16
4,run3_initcall.txt,blk_timeout_init,3.232948,0,0
4,run3_initcall.txt,depot_debugfs_init,3.238485,0,12
4,run3_initcall.txt,pci_resource_alignment_sysfs_init,3.244004,0,8
4,run3_initcall.txt,pci_sysfs_init,3.249545,0,13
4,run3_initcall.txt,clk_debug_init,3.255309,0,424
4,run3_initcall.txt,genpd_debug_init,3.261198,0,358
4,run3_initcall.txt,sync_state_resume_initcall,3.26671,0,10
4,run3_initcall.txt,deferred_probe_initcall,3.391593,0,119369
4,run3_initcall.txt,efi_shutdown_init,3.400114,-19,46
4,run3_initcall.txt,efi_earlycon_unmap_fb,3.406542,0,28
4,run3_initcall.txt,psci_debugfs_init,3.411902,0,29
4,run3_initcall.txt,of_cfs_init,3.422406,0,5161
4,run3_initcall.txt,of_fdt_raw_init,3.427741,0,58
4,run3_initcall.txt,bpf_kfunc_init,3.43302,0,25
4,run3_initcall.txt,init_subsystem,3.438388,0,69
4,run3_initcall.txt,xdp_metadata_init,3.448853,0,0
4,run3_initcall.txt,bpf_sockmap_iter_init,3.454111,0,7
4,run3_initcall.txt,bpf_sk_storage_map_iter_init,3.459418,0,26
4,run3_initcall.txt,bpf_prog_test_run_init,3.464833,0,37
4,run3_initcall.txt,bpf_dummy_struct_ops_init,3.470216,0,6
4,run3_initcall.txt,tcp_congestion_default,3.475603,0,1
4,run3_initcall.txt,inet_blackhole_dev_init,3.481014,0,11
4,run3_initcall.txt,ip_auto_config,3.486423,0,19
4,run3_initcall.txt,tcp_bpf_v4_build_proto,3.491632,0,0
4,run3_initcall.txt,udp_bpf_v4_build_proto,3.496986,0,6
4,run3_initcall.txt,bpf_tcp_ca_kfunc_init,3.502323,0,1
4,run3_initcall.txt,bpf_mptcp_kfunc_init,3.507732,0,0
4,run3_initcall.txt,latency_fsnotify_init,3.513158,0,38
4,run3_initcall.txt,trace_eval_sync,3.518492,0,12
4,run3_initcall.txt,late_trace_init,3.52367,0,0
4,run3_initcall.txt,fb_logo_late_init,3.529016,0,0
4,run3_initcall.txt,amba_stub_drv_init,3.534413,0,34
4,run3_initcall.txt,clk_disable_unused,3.546198,0,6391
4,run3_initcall.txt,genpd_power_off_unused,3.554336,0,2671
4,run3_initcall.txt,regulator_init_complete,3.559706,0,24
4,run3_initcall.txt,of_platform_sync_state_init,3.565104,0,23
5,run4_initcall.txt,init_admin_reserve,0.048043,0,0
5,run4_initcall.txt,init_reserve_notifier,0.048058,0,0
5,run4_initcall.txt,swap_init,0.048078,0,0
5,run4_initcall.txt,swapfile_init,0.0481,0,0
5,run4_initcall.txt,memory_tier_init,0.048148,0,0
5,run4_initcall.txt,numa_init_sysfs,0.04817,0,0
5,run4_initcall.txt,mem_cgroup_swap_init,0.048219,0,0
5,run4_initcall.txt,init_msg_buckets,0.048236,0,0
5,run4_initcall.txt,init_bio,0.048281,0,0
5,run4_initcall.txt,blk_ioc_init,0.048301,0,0
5,run4_initcall.txt,blk_mq_init,0.048318,0,0
5,run4_initcall.txt,genhd_device_init,0.048416,0,0
5,run4_initcall.txt,blkcg_punt_bio_init,0.048519,0,0
5,run4_initcall.txt,blk_integrity_auto_init,0.048589,0,0
5,run4_initcall.txt,io_wq_init,0.04861,0,0
5,run4_initcall.txt,crc_t10dif_mod_init,0.048636,0,0
5,run4_initcall.txt,sha256_mod_init,0.048656,0,0
5,run4_initcall.txt,sha512_mod_init,0.048673,0,0
5,run4_initcall.txt,sg_pool_init,0.048706,0,0
5,run4_initcall.txt,gpiolib_debugfs_init,0.04873,0,0
5,run4_initcall.txt,stmpe_gpio_init,0.048825,0,0
5,run4_initcall.txt,pwm_init,0.048854,0,0
5,run4_initcall.txt,leds_init,0.048889,0,0
5,run4_initcall.txt,pci_slot_init,0.048913,0,0
5,run4_initcall.txt,fbmem_init,0.048967,0,0
5,run4_initcall.txt,bcm2835_dma_init,0.049708,0,0
5,run4_initcall.txt,regulator_fixed_voltage_init,0.049789,0,0
5,run4_initcall.txt,gpio_regulator_init,0.049846,0,0
5,run4_initcall.txt,init_sysrq_sysctl,0.049872,0,0
5,run4_initcall.txt,misc_init,0.049898,0,0
5,run4_initcall.txt,iommu_subsys_init,0.049929,0,0
5,run4_initcall.txt,register_cpu_capacity_sysctl,0.05046,0,0
5,run4_initcall.txt,dma_buf_init,0.050573,0,0
5,run4_initcall.txt,dma_heap_init,0.050613,0,0
5,run4_initcall.txt,init_scsi,0.050731,0,0
5,run4_initcall.txt,mdio_bus_init,0.050764,0,0
5,run4_initcall.txt,phy_init,0.050812,0,0
5,run4_initcall.txt,usb_common_init,0.050834,0,0
5,run4_initcall.txt,usb_init,0.050951,0,0
5,run4_initcall.txt,usb_phy_generic_init,0.051121,0,0
5,run4_initcall.txt,usb_udc_init,0.05116,0,0
5,run4_initcall.txt,usb_roles_init,0.051184,0,0
5,run4_initcall.txt,input_init,0.051228,0,0
5,run4_initcall.txt,rtc_init,0.051252,0,0
5,run4_initcall.txt,rc_core_init,0.051281,0,0
5,run4_initcall.txt,pps_init,0.051319,0,0
5,run4_initcall.txt,ptp_init,0.051345,0,0
5,run4_initcall.txt,power_supply_class_init,0.051373,0,0
5,run4_initcall.txt,hwmon_init,0.051396,0,0
5,run4_initcall.txt,mmc_init,0.051439,0,0
5,run4_initcall.txt,dmi_init,0.051456,0,0
5,run4_initcall.txt,efisubsys_init,0.051474,0,0
5,run4_initcall.txt,arm_pmu_hp_init,0.051496,0,0
5,run4_initcall.txt,ras_init,0.051518,0,0
5,run4_initcall.txt,nvmem_init,0.051559,0,0
5,run4_initcall.txt,init_soundcore,0.05158,0,0
5,run4_initcall.txt,proto_init,0.051601,0,0
5,run4_initcall.txt,net_dev_init,0.05184,0,0
5,run4_initcall.txt,neigh_init,0.05186,0,0
5,run4_initcall.txt,fib_notifier_init,0.051877,0,0
5,run4_initcall.txt,netdev_genl_init,0.051919,0,0
5,run4_initcall.txt,page_pool_user_init,0.051936,0,0
5,run4_initcall.txt,fib_rules_init,0.051955,0,0
5,run4_initcall.txt,init_cgroup_netprio,0.051972,0,0
5,run4_initcall.txt,bpf_lwt_init,0.051987,0,0
5,run4_initcall.txt,pktsched_init,0.052008,0,0
5,run4_initcall.txt,tc_filter_init,0.05204,0,0
5,run4_initcall.txt,tc_action_init,0.052057,0,0
5,run4_initcall.txt,ethnl_init,0.052129,0,0
5,run4_initcall.txt,nexthop_init,0.052151,0,0
5,run4_initcall.txt,devlink_init,0.052238,0,4000
5,run4_initcall.txt,wireless_nlevent_init,0.052259,0,0
5,run4_initcall.txt,vsprintf_init_hashval,0.052281,0,0
5,run4_initcall.txt,init_32bit_el0_mask,0.052302,0,0
5,run4_initcall.txt,vga_arb_device_init,0.052452,0,0
5,run4_initcall.txt,watchdog_init,0.052532,0,0
5,run4_initcall.txt,create_debug_debugfs_entry,0.052647,0,0
5,run4_initcall.txt,iomem_init_inode,0.052696,0,0
5,run4_initcall.txt,clocksource_done_booting,0.052746,0,15
5,run4_initcall.txt,tracer_init_tracefs,0.052773,0,9
5,run4_initcall.txt,init_trace_printk_function_export,0.05284,0,48
5,run4_initcall.txt,init_graph_tracefs,0.052864,0,3
5,run4_initcall.txt,bpf_event_init,0.052882,0,1
5,run4_initcall.txt,init_kprobe_trace,0.43592,0,383018
5,run4_initcall.txt,init_dynamic_event,0.436025,0,9
5,run4_initcall.txt,bpf_init,0.43606,0,17
5,run4_initcall.txt,secretmem_init,0.436137,0,56
5,run4_initcall.txt,init_fs_stat_sysctls,0.436175,0,19
5,run4_initcall.txt,init_fs_exec_sysctls,0.436194,0,1
5,run4_initcall.txt,init_pipe_fs,0.436227,0,15
5,run4_initcall.txt,init_fs_namei_sysctls,0.436249,0,3
5,run4_initcall.txt,init_fs_dcache_sysctls,0.436286,0,9
5,run4_initcall.txt,init_fs_namespace_sysctls,0.436306,0,1
5,run4_initcall.txt,cgroup_writeback_init,0.436333,0,9
5,run4_initcall.txt,inotify_user_setup,0.436369,0,17
5,run4_initcall.txt,eventpoll_init,0.436413,0,25
5,run4_initcall.txt,anon_inode_init,0.436449,0,15
5,run4_initcall.txt,proc_locks_init,0.436476,0,7
5,run4_initcall.txt,backing_aio_init,0.436496,0,2
5,run4_initcall.txt,init_fs_coredump_sysctls,0.436524,0,8
5,run4_initcall.txt,init_vm_drop_caches_sysctls,0.436548,0,4
5,run4_initcall.txt,iomap_dio_init,0.436591,0,24
5,run4_initcall.txt,iomap_ioend_init,0.436635,0,25
5,run4_initcall.txt,dquot_init,0.436863,0,207
5,run4_initcall.txt,proc_cmdline_init,0.436889,0,3
5,run4_initcall.txt,proc_consoles_init,0.436909,0,1
5,run4_initcall.txt,proc_cpuinfo_init,0.436932,0,2
5,run4_initcall.txt,proc_devices_init,0.436951,0,1
5,run4_initcall.txt,proc_interrupts_init,0.436971,0,1
5,run4_initcall.txt,proc_loadavg_init,0.436991,0,1
5,run4_initcall.txt,proc_meminfo_init,0.437011,0,1
5,run4_initcall.txt,proc_stat_init,0.437031,0,1
5,run4_initcall.txt,proc_uptime_init,0.437051,0,1
5,run4_initcall.txt,proc_version_init,0.437071,0,1
5,run4_initcall.txt,proc_softirqs_init,0.437095,0,5
5,run4_initcall.txt,proc_kmsg_init,0.437113,0,1
5,run4_initcall.txt,proc_page_init,0.437129,0,2
5,run4_initcall.txt,init_ramfs_fs,0.437145,0,1
5,run4_initcall.txt,aa_create_aafs,0.437162,0,0
5,run4_initcall.txt,chr_dev_init,0.44029,0,3110
5,run4_initcall.txt,hwrng_modinit,0.440379,0,49
5,run4_initcall.txt,firmware_class_init,0.4404,0,1
5,run4_initcall.txt,sysctl_core_init,0.440457,0,31
5,run4_initcall.txt,eth_offload_init,0.440476,0,1
5,run4_initcall.txt,ipv4_offload_init,0.440493,0,1
5,run4_initcall.txt,inet_init,0.444642,0,4131
5,run4_initcall.txt,af_unix_init,0.444703,0,25
5,run4_initcall.txt,ipv6_offload_init,0.444725,0,3
5,run4_initcall.txt,init_sunrpc,0.445174,0,377
5,run4_initcall.txt,vlan_offload_init,0.445195,0,0
5,run4_initcall.txt,pci_apply_final_quirks,0.445225,0,12
5,run4_initcall.txt,populate_rootfs,0.445248,0,7
5,run4_initcall.txt,register_arm64_panic_block,0.445368,0,1
5,run4_initcall.txt,cpuinfo_regs_init,0.4455,0,114
5,run4_initcall.txt,aarch32_el0_sysfs_init,0.445526,0,0
5,run4_initcall.txt,kvm_arm_init,0.44956,0,4015
5,run4_initcall.txt,proc_execdomains_init,0.449606,0,5
5,run4_initcall.txt,register_warn_debugfs,0.449629,0,6
5,run4_initcall.txt,cpuhp_sysfs_init,0.44968,0,34
5,run4_initcall.txt,ioresources_init,0.449704,0,5
5,run4_initcall.txt,psi_proc_init,0.449721,0,0
5,run4_initcall.txt,irq_gc_init_ops,0.449739,0,0
5,run4_initcall.txt,irq_debugfs_init,0.449856,0,90
5,run4_initcall.txt,proc_modules_init,0.449878,0,2
5,run4_initcall.txt,timer_sysctl_init,0.449907,0,9
5,run4_initcall.txt,timekeeping_init_ops,0.449925,0,1
5,run4_initcall.txt,init_clocksource_sysfs,0.450024,0,84
5,run4_initcall.txt,init_timer_list_procfs,0.450049,0,5
5,run4_initcall.txt,alarmtimer_init,0.450134,0,69
5,run4_initcall.txt,clockevents_init_sysfs,0.45028,0,130
5,run4_initcall.txt,sched_clock_syscore_init,0.450304,0,0
5,run4_initcall.txt,kallsyms_init,0.450326,0,5
5,run4_initcall.txt,pid_namespaces_init,0.450389,0,48
5,run4_initcall.txt,audit_watch_init,0.450407,0,1
5,run4_initcall.txt,audit_fsnotify_init,0.450422,0,0
5,run4_initcall.txt,audit_tree_init,0.45044,0,3
5,run4_initcall.txt,seccomp_sysctl_init,0.450463,0,7
5,run4_initcall.txt,utsname_sysctl_init,0.450485,0,7
5,run4_initcall.txt,init_tracepoints,0.450506,0,2
5,run4_initcall.txt,init_lstats_procfs,0.450526,0,4
5,run4_initcall.txt,stack_trace_init,0.450583,0,40
5,run4_initcall.txt,init_blk_tracer,0.450623,0,21
5,run4_initcall.txt,perf_event_sysfs_init,0.450758,0,114
5,run4_initcall.txt,system_trusted_keyring_init,0.450796,0,16
5,run4_initcall.txt,kswapd_init,0.451157,0,340
5,run4_initcall.txt,extfrag_debug_init,0.451224,0,33
5,run4_initcall.txt,mm_compute_batch_init,0.451244,0,0
5,run4_initcall.txt,slab_proc_init,0.451267,0,6
5,run4_initcall.txt,workingset_init,0.451292,0,10
5,run4_initcall.txt,proc_vmalloc_init,0.451309,0,2
5,run4_initcall.txt,memblock_init_debugfs,0.451333,0,8
5,run4_initcall.txt,slab_debugfs_init,0.451363,0,14
5,run4_initcall.txt,procswaps_init,0.451383,0,2
5,run4_initcall.txt,zs_init,0.451399,0,0
5,run4_initcall.txt,fcntl_init,0.451426,0,11
5,run4_initcall.txt,proc_filesystems_init,0.451447,0,1
5,run4_initcall.txt,start_dirtytime_writeback,0.451473,0,7
5,run4_initcall.txt,dio_init,0.451493,0,1
5,run4_initcall.txt,dnotify_init,0.451547,0,34
5,run4_initcall.txt,fanotify_user_setup,0.451581,0,13
5,run4_initcall.txt,aio_setup,0.451654,0,52
5,run4_initcall.txt,mbcache_init,0.451688,0,10
5,run4_initcall.txt,init_grace,0.451713,0,5
5,run4_initcall.txt,init_devpts_fs,0.451755,0,25
5,run4_initcall.txt,ext4_init_fs,0.451867,0,97
5,run4_initcall.txt,journal_init,0.451903,0,17
5,run4_initcall.txt,init_fat_fs,0.451924,0,6
5,run4_initcall.txt,init_vfat_fs,0.45194,0,1
5,run4_initcall.txt,init_msdos_fs,0.451957,0,0
5,run4_initcall.txt,init_nfs_fs,0.452284,0,310
5,run4_initcall.txt,init_nfs_v2,0.452321,0,0
5,run4_initcall.txt,init_nfs_v3,0.452336,0,0
5,run4_initcall.txt,init_nfs_v4,0.452395,0,43
5,run4_initcall.txt,nfs4filelayout_init,0.45242,0,8
5,run4_initcall.txt,nfs4flexfilelayout_init,0.452442,0,7
5,run4_initcall.txt,init_nlm,0.45251,0,44
5,run4_initcall.txt,init_nls_cp437,0.452528,0,0
5,run4_initcall.txt,init_nls_ascii,0.452542,0,0
5,run4_initcall.txt,init_autofs_fs,0.452717,0,159
5,run4_initcall.txt,init_f2fs_fs,0.45295,0,174
5,run4_initcall.txt,ipc_init,0.453003,0,30
5,run4_initcall.txt,ipc_sysctl_init,0.45306,0,40
5,run4_initcall.txt,init_mqueue_fs,0.453134,0,56
5,run4_initcall.txt,key_proc_init,0.453169,0,6
5,run4_initcall.txt,bpf_crypto_skcipher_init,0.453187,0,1
5,run4_initcall.txt,dh_init,0.453209,0,5
5,run4_initcall.txt,rsa_init,0.453228,0,3
5,run4_initcall.txt,cryptomgr_init,0.453246,0,0
5,run4_initcall.txt,hmac_module_init,0.453263,0,0
5,run4_initcall.txt,crypto_sha256_mod_init,0.453283,0,3
5,run4_initcall.txt,crypto_ecb_module_init,0.4533,0,0
5,run4_initcall.txt,crypto_cbc_module_init,0.453318,0,0
5,run4_initcall.txt,crypto_cts_module_init,0.453334,0,0
5,run4_initcall.txt,xts_module_init,0.453351,0,0
5,run4_initcall.txt,des_generic_mod_init,0.453369,0,1
5,run4_initcall.txt,aes_init,0.453385,0,0
5,run4_initcall.txt,lzo_mod_init,0.453403,0,1
5,run4_initcall.txt,lzorle_mod_init,0.453421,0,2
5,run4_initcall.txt,asymmetric_key_init,0.453445,0,6
5,run4_initcall.txt,x509_key_init,0.45347,0,6
5,run4_initcall.txt,crypto_kdf108_init,0.453486,0,0
5,run4_initcall.txt,blkdev_init,0.453522,0,20
5,run4_initcall.txt,proc_genhd_init,0.453546,0,5
5,run4_initcall.txt,bsg_init,0.453595,0,32
5,run4_initcall.txt,throtl_init,0.453822,0,206
5,run4_initcall.txt,deadline_init,0.453859,0,7
5,run4_initcall.txt,kyber_init,0.453886,0,5
5,run4_initcall.txt,bfq_init,0.453942,0,39
5,run4_initcall.txt,io_uring_init,0.453996,0,35
5,run4_initcall.txt,btree_module_init,0.454019,0,2
5,run4_initcall.txt,percpu_counter_startup,0.454136,0,99
5,run4_initcall.txt,audit_classes_init,0.454166,0,8
5,run4_initcall.txt,gicv5_iwb_platform_driver_init,0.454298,0,112
5,run4_initcall.txt,mip_msi_driver_init,0.454357,0,39
5,run4_initcall.txt,bcm7038_l1_driver_init,0.454418,0,35
5,run4_initcall.txt,bcm7120_l2_driver_init,0.45448,0,41
5,run4_initcall.txt,brcmstb_l2_driver_init,0.454864,0,363
5,run4_initcall.txt,simple_pm_bus_driver_init,0.455693,0,806
5,run4_initcall.txt,phy_core_init,0.455753,0,28
5,run4_initcall.txt,brcm_usb_driver_init,0.455868,0,95
5,run4_initcall.txt,rp1_pinctrl_driver_init,0.455933,0,35
5,run4_initcall.txt,bcm2835_pinctrl_driver_init,0.457319,0,1365
5,run4_initcall.txt,bcm2712_pinctrl_driver_init,0.457421,0,70
5,run4_initcall.txt,brcmvirt_gpio_driver_init,0.457482,0,38
5,run4_initcall.txt,brcmstb_gpio_driver_init,0.45754,0,36
5,run4_initcall.txt,rpi_exp_gpio_driver_init,0.458229,0,668
5,run4_initcall.txt,brcmstb_pwm_driver_init,0.458322,0,59
5,run4_initcall.txt,rp1_pwm_driver_init,0.458392,0,41
5,run4_initcall.txt,gpio_led_driver_init,0.679424,0,221010
5,run4_initcall.txt,led_pwm_driver_init,0.679559,0,97
5,run4_initcall.txt,timer_led_trigger_init,0.679587,0,3
5,run4_initcall.txt,oneshot_led_trigger_init,0.679606,0,0
5,run4_initcall.txt,heartbeat_trig_init,0.67963,0,4
5,run4_initcall.txt,bl_led_trigger_init,0.679658,0,0
5,run4_initcall.txt,ledtrig_cpu_init,0.67986,0,182
5,run4_initcall.txt,defon_led_trigger_init,0.680005,0,117
5,run4_initcall.txt,input_trig_init,0.680044,0,2
5,run4_initcall.txt,ledtrig_panic_init,0.680067,0,2
5,run4_initcall.txt,actpwr_trig_init,0.681251,0,1155
5,run4_initcall.txt,pcie_portdrv_init,0.681464,0,122
5,run4_initcall.txt,pci_proc_init,0.681506,0,11
5,run4_initcall.txt,brcm_pcie_driver_init,0.79772,0,116197
5,run4_initcall.txt,bcm2708_fb_init,0.79781,0,69
5,run4_initcall.txt,simplefb_driver_init,0.823906,0,26080
5,run4_initcall.txt,of_fixed_factor_clk_driver_init,0.824007,0,42
5,run4_initcall.txt,of_fixed_clk_driver_init,0.824093,0,36
5,run4_initcall.txt,gpio_clk_driver_init,0.82419,0,49
5,run4_initcall.txt,gated_fixed_clk_driver_init,0.824273,0,35
5,run4_initcall.txt,rp1_clk_driver_init,0.824364,0,36
5,run4_initcall.txt,rp1_sdio_clk_driver_init,0.824445,0,35
5,run4_initcall.txt,clk_dvp_driver_init,0.824649,0,157
5,run4_initcall.txt,bcm2835_aux_clk_driver_init,0.824781,0,82
5,run4_initcall.txt,raspberrypi_clk_driver_init,0.840289,0,15457
5,run4_initcall.txt,dw_driver_init,0.840389,0,52
5,run4_initcall.txt,bcm2835_power_driver_init,0.840465,0,27
5,run4_initcall.txt,rpi_power_driver_init,0.841912,0,1399
5,run4_initcall.txt,brcmstb_reset_driver_init,0.842009,0,43
5,run4_initcall.txt,brcm_rescal_reset_driver_init,0.842097,0,37
5,run4_initcall.txt,rpi_reset_driver_init,0.842262,0,116
5,run4_initcall.txt,reset_simple_driver_init,0.842394,0,81
5,run4_initcall.txt,n_null_init,0.84244,0,0
5,run4_initcall.txt,pty_init,0.842584,0,102
5,run4_initcall.txt,sysrq_init,0.842645,0,15
5,run4_initcall.txt,serial8250_init,0.84269,-19,0
5,run4_initcall.txt,bcm2835aux_serial_driver_init,0.842781,0,41
5,run4_initcall.txt,brcmuart_init,0.842884,0,53
5,run4_initcall.txt,exar_pci_driver_init,0.842958,0,27
5,run4_initcall.txt,of_platform_serial_driver_init,0.843101,0,92
5,run4_initcall.txt,serial_pci_driver_init,0.843185,0,34
5,run4_initcall.txt,pericom8250_pci_driver_init,0.843256,0,19
5,run4_initcall.txt,init_kgdboc,0.843409,0,105
5,run4_initcall.txt,random_sysctls_init,0.843469,0,14
5,run4_initcall.txt,ttyprintk_init,0.843571,0,54
5,run4_initcall.txt,bcm2835_rng_driver_init,0.843676,0,57
5,run4_initcall.txt,bcm74110_rng_driver_init,0.843763,0,37
5,run4_initcall.txt,iproc_rng200_driver_init,0.844107,0,292
5,run4_initcall.txt,smccc_trng_driver_init,0.844187,0,29
5,run4_initcall.txt,vc_mem_init,0.844361,0,127
5,run4_initcall.txt,vcio_driver_init,0.847568,0,3158
5,run4_initcall.txt,bcm2712_iommu_driver_init,0.853075,0,57
5,run4_initcall.txt,bcm2712_iommu_cache_driver_init,0.858706,0,41
5,run4_initcall.txt,topology_sysfs_init,0.864388,0,66
5,run4_initcall.txt,cacheinfo_sysfs_init,0.870283,0,257
5,run4_initcall.txt,devcoredump_init,0.875957,0,11
5,run4_initcall.txt,brd_init,0.888455,0,6887
5,run4_initcall.txt,loop_init,0.899819,0,5654
5,run4_initcall.txt,bcm2835_pm_driver_init,0.908509,0,2982
5,run4_initcall.txt,stmpe_i2c_driver_init,0.914209,0,16
5,run4_initcall.txt,stmpe_spi_driver_init,0.919741,0,15
5,run4_initcall.txt,rp1_driver_init,0.925458,0,31
5,run4_initcall.txt,system_heap_create,0.931196,0,99
5,run4_initcall.txt,add_default_cma_heap,0.936958,0,88
5,run4_initcall.txt,udmabuf_dev_init,0.942642,0,49
5,run4_initcall.txt,iscsi_transport_init,0.951231,0,3012
5,run4_initcall.txt,init_sd,0.956934,0,27
5,run4_initcall.txt,nvme_core_init,0.962815,0,269
5,run4_initcall.txt,nvme_init,0.968509,0,32
5,run4_initcall.txt,blackhole_netdev_init,0.974194,0,20
5,run4_initcall.txt,netkit_init,0.979817,0,6
5,run4_initcall.txt,phylink_init,0.985317,0,1
5,run4_initcall.txt,phy_module_init,0.991135,0,182
5,run4_initcall.txt,phy_module_init,0.996952,0,185
5,run4_initcall.txt,fixed_mdio_bus_init,1.002778,0,180
5,run4_initcall.txt,phy_module_init,1.0086,0,180
5,run4_initcall.txt,phy_module_init,1.014313,0,23
5,run4_initcall.txt,phy_module_init,1.019986,0,66
5,run4_initcall.txt,unimac_mdio_driver_init,1.02589,0,138
5,run4_initcall.txt,macb_driver_init,1.031856,0,119
5,run4_initcall.txt,bcmgenet_driver_init,1.257117,0,219387
5,run4_initcall.txt,bcmasp_driver_init,1.263261,0,97
5,run4_initcall.txt,lan78xx_driver_init,1.272475,0,3092
5,run4_initcall.txt,smsc95xx_driver_init,1.281701,0,3029
5,run4_initcall.txt,usbnet_init,1.287859,0,0
5,run4_initcall.txt,xhci_hcd_init,1.294097,0,29
5,run4_initcall.txt,xhci_pci_init,1.477244,0,176940
5,run4_initcall.txt,xhci_plat_init,1.483267,0,128
5,run4_initcall.txt,dwc_otg_driver_init,1.501258,0,11964
5,run4_initcall.txt,dwc_common_port_init_module,1.51034,0,3113
5,run4_initcall.txt,dwc3_driver_init,1.516248,0,67
5,run4_initcall.txt,dwc3_haps_driver_init,1.522245,0,33
5,run4_initcall.txt,dwc3_of_simple_driver_init,1.528275,0,64
5,run4_initcall.txt,dwc3_generic_driver_init,1.534271,0,42
5,run4_initcall.txt,dwc2_platform_driver_init,1.540337,0,143
5,run4_initcall.txt,uas_init,1.549234,0,2955
5,run4_initcall.txt,usb_storage_driver_init,1.558127,0,2969
5,run4_initcall.txt,brcmstb_usb_pinmap_init,1.564111,-19,85
5,run4_initcall.txt,bdc_driver_init,1.570982,0,755
5,run4_initcall.txt,input_leds_init,1.577028,0,1
5,run4_initcall.txt,mousedev_init,1.586038,0,3168
5,run4_initcall.txt,evdev_init,1.592022,0,0
5,run4_initcall.txt,brcmstb_waketmr_driver_init,1.598088,0,70
5,run4_initcall.txt,rpi_rtc_driver_init,1.604129,0,44
5,run4_initcall.txt,init_rc_map_adstech_dvb_t_pci,1.610327,0,1
5,run4_initcall.txt,init_rc_map_alink_dtu_m,1.616134,0,1
5,run4_initcall.txt,init_rc_map_anysee,1.622109,0,0
5,run4_initcall.txt,init_rc_map_apac_viewcomp,1.628042,0,0
5,run4_initcall.txt,init_rc_map_t2hybrid,1.634101,0,85
5,run4_initcall.txt,init_rc_map_asus_pc39,1.640074,0,0
5,run4_initcall.txt,init_rc_map_asus_ps3_100,1.646008,0,0
5,run4_initcall.txt,init_rc_map_ati_tv_wonder_hd_600,1.651801,0,0
5,run4_initcall.txt,init_rc_map_ati_x10,1.657699,0,0
5,run4_initcall.txt,init_rc_map_avermedia_a16d,1.663609,0,0
5,run4_initcall.txt,init_rc_map_avermedia_cardbus,1.669533,0,0
5,run4_initcall.txt,init_rc_map_avermedia_dvbt,1.6754,0,0
5,run4_initcall.txt,init_rc_map_avermedia_m135a,1.681224,0,0
5,run4_initcall.txt,init_rc_map_avermedia_m733a_rm_k6,1.686999,0,0
5,run4_initcall.txt,init_rc_map_avermedia,1.69586,0,0
5,run4_initcall.txt,init_rc_map_avermedia_rm_ks,1.701754,0,0
5,run4_initcall.txt,init_rc_map_avertv_303,1.707649,0,0
5,run4_initcall.txt,init_rc_map_azurewave_ad_tu700,1.71356,0,0
5,run4_initcall.txt,init_rc_map_beelink_gs1,1.719312,0,0
5,run4_initcall.txt,init_rc_map_beelink_mxiii,1.725189,0,0
5,run4_initcall.txt,init_rc_map_behold_columbus,1.731073,0,0
5,run4_initcall.txt,init_rc_map_behold,1.73693,0,0
5,run4_initcall.txt,init_rc_map_budget_ci_old,1.742767,0,0
5,run4_initcall.txt,init_rc_map_cinergy_1400,1.7485,0,0
5,run4_initcall.txt,init_rc_map_cinergy,1.754294,0,0
5,run4_initcall.txt,init_rc_map_ct_90405,1.760085,0,0
5,run4_initcall.txt,init_rc_map_d680_dmb,1.765862,0,0
5,run4_initcall.txt,init_rc_map_delock_61959,1.771604,0,0
5,run4_initcall.txt,init_rc_map,1.777352,0,0
5,run4_initcall.txt,init_rc_map,1.782955,0,0
5,run4_initcall.txt,init_rc_map_digitalnow_tinytwin,1.788736,0,0
5,run4_initcall.txt,init_rc_map_digittrade,1.794524,0,0
5,run4_initcall.txt,init_rc_map_dm1105_nec,1.800277,0,0
5,run4_initcall.txt,init_rc_map_dntv_live_dvb_t,1.806022,0,0
5,run4_initcall.txt,init_rc_map_dntv_live_dvbt_pro,1.811788,0,0
5,run4_initcall.txt,init_rc_map_dreambox,1.817538,0,0
5,run4_initcall.txt,init_rc_map_dtt200u,1.823294,0,13
5,run4_initcall.txt,init_rc_map_rc5_dvbsky,1.829171,0,0
5,run4_initcall.txt,init_rc_map_dvico_mce,1.834983,0,0
5,run4_initcall.txt,init_rc_map_dvico_portable,1.843678,0,0
5,run4_initcall.txt,init_rc_map_em_terratec,1.855236,0,2
5,run4_initcall.txt,init_rc_map_encore_enltv2,1.861169,0,2
5,run4_initcall.txt,init_rc_map_encore_enltv_fm53,1.872851,0,0
5,run4_initcall.txt,init_rc_map_encore_enltv,1.878762,0,0
5,run4_initcall.txt,init_rc_map_evga_indtube,1.89042,0,0
5,run4_initcall.txt,init_rc_map_eztv,1.896303,0,0
5,run4_initcall.txt,init_rc_map_flydvb,1.902179,0,0
5,run4_initcall.txt,init_rc_map_flyvideo,1.908067,0,0
5,run4_initcall.txt,init_rc_map_fusionhdtv_mce,1.913927,0,0
5,run4_initcall.txt,init_rc_map_gadmei_rm008z,1.919657,0,0
5,run4_initcall.txt,init_rc_map_geekbox,1.925506,0,0
5,run4_initcall.txt,init_rc_map_genius_tvgo_a11mce,1.931333,0,0
5,run4_initcall.txt,init_rc_map_gotview7135,1.93719,0,0
5,run4_initcall.txt,init_rc_map_rc5_hauppauge_new,1.94303,0,0
5,run4_initcall.txt,init_rc_map_hisi_poplar,1.948723,0,0
5,run4_initcall.txt,init_rc_map_hisi_tv_demo,1.954527,0,0
5,run4_initcall.txt,init_rc_map_imon_mce,1.960346,0,0
5,run4_initcall.txt,init_rc_map_imon_pad,1.966117,0,0
5,run4_initcall.txt,init_rc_map_imon_rsc,1.971881,0,0
5,run4_initcall.txt,init_rc_map_iodata_bctv7e,1.977641,0,0
5,run4_initcall.txt,init_rc_it913x_v1_map,1.983293,0,44
5,run4_initcall.txt,init_rc_it913x_v2_map,1.989122,0,38
5,run4_initcall.txt,init_rc_map_kaiomy,1.994927,0,11
5,run4_initcall.txt,init_rc_map_khadas,2.000682,0,0
5,run4_initcall.txt,init_rc_map_khamsin,2.006427,0,0
5,run4_initcall.txt,init_rc_map_kworld_315u,2.012155,0,0
5,run4_initcall.txt,init_rc_map_kworld_pc150u,2.017756,0,0
5,run4_initcall.txt,init_rc_map_kworld_plus_tv_analog,2.023504,0,0
5,run4_initcall.txt,init_rc_map_leadtek_y04g0051,2.029299,0,9
5,run4_initcall.txt,init_rc_lme2510_map,2.035035,0,0
5,run4_initcall.txt,init_rc_map_manli,2.04078,0,0
5,run4_initcall.txt,init_rc_map_mecool_kiii_pro,2.046547,0,0
5,run4_initcall.txt,init_rc_map_mecool_kii_pro,2.05221,0,0
5,run4_initcall.txt,init_rc_map_medion_x10_digitainer,2.058227,0,0
5,run4_initcall.txt,init_rc_map_medion_x10,2.064008,0,0
5,run4_initcall.txt,init_rc_map_medion_x10_or2x,2.069744,0,0
5,run4_initcall.txt,init_rc_map_minix_neo,2.075487,0,0
5,run4_initcall.txt,init_rc_map_msi_digivox_iii,2.081172,0,0
5,run4_initcall.txt,init_rc_map_msi_digivox_ii,2.086818,0,0
5,run4_initcall.txt,init_rc_map_msi_tvanywhere,2.092541,0,0
5,run4_initcall.txt,init_rc_map_msi_tvanywhere_plus,2.098295,0,54
5,run4_initcall.txt,init_rc_map_mygica_utv3,2.104093,0,40
5,run4_initcall.txt,init_rc_map_nebula,2.109719,0,3
5,run4_initcall.txt,init_rc_map_nec_terratec_cinergy_xs,2.115387,0,0
5,run4_initcall.txt,init_rc_map_norwood,2.121105,0,0
5,run4_initcall.txt,init_rc_map_npgtech,2.126816,0,0
5,run4_initcall.txt,init_rc_map_odroid,2.132562,0,0
5,run4_initcall.txt,init_rc_map_pctv_sedna,2.138291,0,0
5,run4_initcall.txt,init_rc_map_pine64,2.144009,0,0
5,run4_initcall.txt,init_rc_map_pinnacle_color,2.149586,0,0
5,run4_initcall.txt,init_rc_map_pinnacle_grey,2.155276,0,0
5,run4_initcall.txt,init_rc_map_pinnacle_pctv_hd,2.160988,0,0
5,run4_initcall.txt,init_rc_map_pixelview,2.166688,0,0
5,run4_initcall.txt,init_rc_map_pixelview,2.172397,0,0
5,run4_initcall.txt,init_rc_map_pixelview_new,2.178116,0,1
5,run4_initcall.txt,init_rc_map_pixelview,2.18368,0,0
5,run4_initcall.txt,init_rc_map_powercolor_real_angel,2.189373,0,0
5,run4_initcall.txt,init_rc_map_proteus_2309,2.197917,0,0
5,run4_initcall.txt,init_rc_map_purpletv,2.203647,0,0
5,run4_initcall.txt,init_rc_map_pv951,2.20937,0,0
5,run4_initcall.txt,init_rc_map_rc6_mce,2.214976,0,0
5,run4_initcall.txt,init_rc_map_real_audio_220_32_keys,2.220624,0,0
5,run4_initcall.txt,init_rc_map_reddo,2.226328,0,0
5,run4_initcall.txt,init_rc_map_siemens_gigaset_rc20,2.232011,0,0
5,run4_initcall.txt,init_rc_map_snapstream_firefly,2.237721,0,10
5,run4_initcall.txt,init_rc_map_streamzap,2.243419,0,0
5,run4_initcall.txt,init_rc_map_su3000,2.248991,0,0
5,run4_initcall.txt,init_rc_map_tanix_tx3mini,2.254721,0,0
5,run4_initcall.txt,init_rc_map_tanix_tx5max,2.26044,0,0
5,run4_initcall.txt,init_rc_map_tbs_nec,2.266147,0,0
5,run4_initcall.txt,init_rc_map,2.271913,0,0
5,run4_initcall.txt,init_rc_map,2.277634,0,0
5,run4_initcall.txt,init_rc_map_terratec_cinergy_c_pci,2.283234,0,0
5,run4_initcall.txt,init_rc_map_terratec_cinergy_s2_hd,2.28902,0,0
5,run4_initcall.txt,init_rc_map_terratec_cinergy_xs,2.297537,0,0
5,run4_initcall.txt,init_rc_map_terratec_slim_2,2.308997,0,0
5,run4_initcall.txt,init_rc_map_terratec_slim,2.317552,0,2
5,run4_initcall.txt,init_rc_map_tevii_nec,2.323332,0,2
5,run4_initcall.txt,init_rc_map_tivo,2.329109,0,2
5,run4_initcall.txt,init_rc_map_total_media_in_hand_02,2.334887,0,2
5,run4_initcall.txt,init_rc_map_total_media_in_hand,2.340757,0,0
5,run4_initcall.txt,init_rc_map_trekstor,2.349293,0,0
5,run4_initcall.txt,init_rc_map_tt_1500,2.355062,0,0
5,run4_initcall.txt,init_rc_map_twinhan_vp1027,2.36086,0,0
5,run4_initcall.txt,init_rc_map_twinhan_dtv_cab_ci,2.366646,0,0
5,run4_initcall.txt,init_rc_map_vega_s9x,2.372422,0,0
5,run4_initcall.txt,init_rc_map_videomate_k100,2.378223,0,0
5,run4_initcall.txt,init_rc_map_videomate_s350,2.383872,0,0
5,run4_initcall.txt,init_rc_map_videomate_tv_pvr,2.389646,0,0
5,run4_initcall.txt,init_rc_map_kii_pro,2.395418,0,0
5,run4_initcall.txt,init_rc_map_wetek_hub,2.401196,0,0
5,run4_initcall.txt,init_rc_map_wetek_play2,2.406959,0,0
5,run4_initcall.txt,init_rc_map_winfast,2.412718,0,0
5,run4_initcall.txt,init_rc_map_winfast_usbii_deluxe,2.418339,0,0
5,run4_initcall.txt,init_rc_map_x96max,2.424108,0,0
5,run4_initcall.txt,init_rc_map,2.429893,0,0
5,run4_initcall.txt,init_rc_map,2.435656,0,0
5,run4_initcall.txt,init_rc_map_zx_irdec,2.441437,0,9
5,run4_initcall.txt,ptp_kvm_init,2.447205,-95,1
5,run4_initcall.txt,gpio_poweroff_driver_init,2.45293,0,114
5,run4_initcall.txt,bcm2711_thermal_driver_init,2.461941,0,3249
5,run4_initcall.txt,bcm2835_thermal_driver_init,2.467817,0,66
5,run4_initcall.txt,bcm2835_wdt_driver_init,2.473662,0,30
5,run4_initcall.txt,dt_cpufreq_platdrv_init,2.479512,0,29
5,run4_initcall.txt,brcm_avs_cpufreq_platdrv_init,2.485263,0,48
5,run4_initcall.txt,raspberrypi_cpufreq_driver_init,2.497869,0,6755
5,run4_initcall.txt,mmc_pwrseq_simple_driver_init,2.503846,0,84
5,run4_initcall.txt,mmc_pwrseq_emmc_driver_init,2.509815,0,49
5,run4_initcall.txt,mmc_blk_init,2.515617,0,34
5,run4_initcall.txt,sdhci_drv_init,2.52753,0,5964
5,run4_initcall.txt,bcm2835_mmc_driver_init,2.536536,0,3033
5,run4_initcall.txt,bcm2835_driver_init,2.542598,0,54
5,run4_initcall.txt,sdhci_pltfm_drv_init,2.551459,0,2971
5,run4_initcall.txt,sdhci_iproc_driver_init,2.557533,0,83
5,run4_initcall.txt,sdhci_brcmstb_driver_init,2.557609,0,62
5,run4_initcall.txt,esrt_sysfs_init,2.557624,-38,1
5,run4_initcall.txt,smccc_devices_init,2.557636,0,0
5,run4_initcall.txt,smccc_soc_init,2.557649,0,0
5,run4_initcall.txt,arch_timer_mmio_drv_init,2.55771,0,44
5,run4_initcall.txt,arch_timer_mmio_acpi_drv_init,2.557749,0,25
5,run4_initcall.txt,hid_init,2.55783,0,68
5,run4_initcall.txt,hid_generic_init,2.557886,0,42
5,run4_initcall.txt,hid_init,2.786599,0,228701
5,run4_initcall.txt,vchiq_driver_init,2.799147,0,6029
5,run4_initcall.txt,bcm74110_mbox_driver_init,2.806859,0,91
5,run4_initcall.txt,extcon_class_init,2.813425,0,10
5,run4_initcall.txt,armv8_pmu_driver_init,2.827089,0,7334
5,run4_initcall.txt,binder_init,2.833742,0,77
5,run4_initcall.txt,rpi_otp_driver_init,2.850363,0,10109
5,run4_initcall.txt,sock_diag_init,2.856934,0,47
5,run4_initcall.txt,blackhole_init,2.863452,0,9
5,run4_initcall.txt,cls_bpf_init_mod,2.869959,0,0
5,run4_initcall.txt,gre_offload_init,2.876437,0,1
5,run4_initcall.txt,sysctl_ipv4_init,2.882848,0,84
5,run4_initcall.txt,cubictcp_register,2.889337,0,2
5,run4_initcall.txt,packet_init,2.899094,0,3284
5,run4_initcall.txt,init_rpcsec_gss,2.905651,0,23
5,run4_initcall.txt,init_kerberos_module,2.912198,0,5
5,run4_initcall.txt,dcbnl_init,2.918609,0,3
5,run4_initcall.txt,init_dns_resolver,2.928421,0,3282
5,run4_initcall.txt,handshake_init,2.935014,0,43
5,run4_initcall.txt,check_mmu_enabled_at_boot,2.941573,0,0
5,run4_initcall.txt,finalize_pkvm,2.948066,0,0
5,run4_initcall.txt,kernel_do_mounts_initrd_sysctls_init,2.957915,0,6
5,run4_initcall.txt,kernel_panic_sysctls_init,2.964477,0,13
5,run4_initcall.txt,kernel_panic_sysfs_init,2.971076,0,6
5,run4_initcall.txt,kernel_exit_sysctls_init,2.97768,0,7
5,run4_initcall.txt,kernel_exit_sysfs_init,2.984158,0,3
5,run4_initcall.txt,param_sysfs_builtin_init,3.000669,0,9916
5,run4_initcall.txt,reboot_ksysfs_init,3.007662,0,202
5,run4_initcall.txt,sched_core_sysctl_init,3.014982,0,714
5,run4_initcall.txt,sched_fair_sysctl_init,3.021598,0,3
5,run4_initcall.txt,sched_rt_sysctl_init,3.028187,0,4
5,run4_initcall.txt,sched_dl_sysctl_init,3.034719,0,8
5,run4_initcall.txt,sched_init_debug,3.041327,0,102
5,run4_initcall.txt,cpu_latency_qos_init,3.047958,0,150
5,run4_initcall.txt,printk_late_init,3.054395,0,27
5,run4_initcall.txt,init_srcu_module_notifier,3.060877,0,2
5,run4_initcall.txt,kernel_rcu_stall_sysfs_init,3.067367,0,10
5,run4_initcall.txt,swiotlb_create_default_debugfs,3.073914,0,35
5,run4_initcall.txt,tk_debug_sleep_time_init,3.08043,0,3
5,run4_initcall.txt,bpf_ksym_iter_register,3.086804,0,6
5,run4_initcall.txt,kernel_acct_sysctls_init,3.093304,0,5
5,run4_initcall.txt,bpf_rstat_kfunc_init,3.099779,0,6
5,run4_initcall.txt,debugfs_kprobe_init,3.106254,0,11
5,run4_initcall.txt,kernel_delayacct_sysctls_init,3.112764,0,3
5,run4_initcall.txt,taskstats_init,3.12241,0,3302
5,run4_initcall.txt,ftrace_sysctl_init,3.128922,0,7
5,run4_initcall.txt,bpf_kprobe_multi_kfuncs_init,3.135421,0,0
5,run4_initcall.txt,kdb_ftrace_register,3.141958,0,7
5,run4_initcall.txt,bpf_global_ma_init,3.148504,0,113
5,run4_initcall.txt,bpf_syscall_sysctl_init,3.155024,0,6
5,run4_initcall.txt,unbound_reg_init,3.161573,0,0
5,run4_initcall.txt,kfunc_init,3.168112,0,1
5,run4_initcall.txt,bpf_map_iter_init,3.174649,0,1
5,run4_initcall.txt,init_subsystem,3.181061,0,5
5,run4_initcall.txt,task_iter_init,3.187295,0,1
5,run4_initcall.txt,bpf_prog_iter_init,3.193535,0,0
5,run4_initcall.txt,bpf_link_iter_init,3.199675,0,5
5,run4_initcall.txt,init_trampolines,3.205692,0,2
5,run4_initcall.txt,rqspinlock_register_kfuncs,3.211636,0,5
5,run4_initcall.txt,kfunc_init,3.217432,0,0
5,run4_initcall.txt,bpf_cgroup_iter_init,3.223382,0,5
5,run4_initcall.txt,cpumask_kfunc_init,3.229321,0,10
5,run4_initcall.txt,crypto_kfunc_init,3.235234,0,5
5,run4_initcall.txt,bpf_kmem_cache_iter_init,3.241156,0,0
5,run4_initcall.txt,dmabuf_iter_init,3.247064,0,5
5,run4_initcall.txt,load_system_certificate_list,3.255703,0,2920
5,run4_initcall.txt,init_lru_gen,3.261624,0,22
5,run4_initcall.txt,vmstat_late_init,3.267536,0,8
5,run4_initcall.txt,fault_around_debugfs,3.273438,0,4
5,run4_initcall.txt,slab_sysfs_init,3.283394,0,4051
5,run4_initcall.txt,max_swapfiles_check,3.28944,0,24
5,run4_initcall.txt,zswap_init,3.295363,0,0
5,run4_initcall.txt,mempolicy_sysfs_init,3.301331,0,25
5,run4_initcall.txt,memory_tier_late_init,3.313357,0,6070
5,run4_initcall.txt,check_early_ioremap_leak,3.319173,0,6
5,run4_initcall.txt,mg_debugfs_init,3.325131,0,19
5,run4_initcall.txt,fscrypt_init,3.33703,0,5999
5,run4_initcall.txt,pstore_init,3.342977,0,23
5,run4_initcall.txt,init_root_keyring,3.348797,0,36
5,run4_initcall.txt,init_profile_hash,3.354833,0,9
5,run4_initcall.txt,integrity_fs_init,3.36075,0,43
5,run4_initcall.txt,crypto_algapi_init,3.366646,0,8
5,run4_initcall.txt,blk_timeout_init,3.372515,0,0
5,run4_initcall.txt,depot_debugfs_init,3.378422,0,12
5,run4_initcall.txt,pci_resource_alignment_sysfs_init,3.384164,0,8
5,run4_initcall.txt,pci_sysfs_init,3.390075,0,14
5,run4_initcall.txt,clk_debug_init,3.39637,0,417
5,run4_initcall.txt,genpd_debug_init,3.402653,0,380
5,run4_initcall.txt,sync_state_resume_initcall,3.40851,0,1
5,run4_initcall.txt,deferred_probe_initcall,3.542351,0,127869
5,run4_initcall.txt,efi_shutdown_init,3.549441,-19,3
5,run4_initcall.txt,efi_earlycon_unmap_fb,3.55535,0,1
5,run4_initcall.txt,psci_debugfs_init,3.561033,0,0
5,run4_initcall.txt,of_cfs_init,3.572288,0,5633
5,run4_initcall.txt,of_fdt_raw_init,3.577915,0,36
5,run4_initcall.txt,bpf_kfunc_init,3.583364,0,2
5,run4_initcall.txt,init_subsystem,3.588973,0,0
5,run4_initcall.txt,xdp_metadata_init,3.594597,0,0
5,run4_initcall.txt,bpf_sockmap_iter_init,3.594608,0,0
5,run4_initcall.txt,bpf_sk_storage_map_iter_init,3.611403,0,0
5,run4_initcall.txt,bpf_prog_test_run_init,3.616902,0,1
5,run4_initcall.txt,bpf_dummy_struct_ops_init,3.622545,0,0
5,run4_initcall.txt,tcp_congestion_default,3.628191,0,2
5,run4_initcall.txt,inet_blackhole_dev_init,3.639604,0,10
5,run4_initcall.txt,ip_auto_config,3.645365,0,23
5,run4_initcall.txt,tcp_bpf_v4_build_proto,3.651205,0,6
5,run4_initcall.txt,udp_bpf_v4_build_proto,3.657127,0,0
5,run4_initcall.txt,bpf_tcp_ca_kfunc_init,3.662813,0,2
5,run4_initcall.txt,bpf_mptcp_kfunc_init,3.668525,0,0
5,run4_initcall.txt,latency_fsnotify_init,3.674229,0,31
5,run4_initcall.txt,trace_eval_sync,3.679809,0,12
5,run4_initcall.txt,late_trace_init,3.685345,0,1
5,run4_initcall.txt,fb_logo_late_init,3.691024,0,0
5,run4_initcall.txt,amba_stub_drv_init,3.696762,0,40
5,run4_initcall.txt,clk_disable_unused,3.708989,0,6529
5,run4_initcall.txt,genpd_power_off_unused,3.717687,0,32
5,run4_initcall.txt,regulator_init_complete,3.729857,0,3
5,run4_initcall.txt,of_platform_sync_state_init,3.74446,0,33
6,run5_initcall.txt,default_bdi_init,0.047843,0,0
6,run5_initcall.txt,cgwb_init,0.047868,0,0
6,run5_initcall.txt,percpu_enable_async,0.047885,0,0
6,run5_initcall.txt,kcompactd_init,0.048007,0,0
6,run5_initcall.txt,init_mm_sysctl,0.048025,0,0
6,run5_initcall.txt,init_user_reserve,0.048042,0,0
6,run5_initcall.txt,init_admin_reserve,0.048056,0,0
6,run5_initcall.txt,init_reserve_notifier,0.048071,0,0
6,run5_initcall.txt,swap_init,0.048091,0,0
6,run5_initcall.txt,swapfile_init,0.048114,0,0
6,run5_initcall.txt,memory_tier_init,0.048162,0,0
6,run5_initcall.txt,numa_init_sysfs,0.04822,0,0
6,run5_initcall.txt,mem_cgroup_swap_init,0.048237,0,0
6,run5_initcall.txt,init_msg_buckets,0.048256,0,0
6,run5_initcall.txt,init_bio,0.048303,0,0
6,run5_initcall.txt,blk_ioc_init,0.048322,0,0
6,run5_initcall.txt,blk_mq_init,0.04834,0,0
6,run5_initcall.txt,genhd_device_init,0.048442,0,0
6,run5_initcall.txt,blkcg_punt_bio_init,0.048551,0,0
6,run5_initcall.txt,blk_integrity_auto_init,0.048624,0,0
6,run5_initcall.txt,io_wq_init,0.048644,0,0
6,run5_initcall.txt,crc_t10dif_mod_init,0.048672,0,0
6,run5_initcall.txt,sha256_mod_init,0.048691,0,0
6,run5_initcall.txt,sha512_mod_init,0.048708,0,0
6,run5_initcall.txt,sg_pool_init,0.048741,0,0
6,run5_initcall.txt,gpiolib_debugfs_init,0.048764,0,0
6,run5_initcall.txt,stmpe_gpio_init,0.048866,0,0
6,run5_initcall.txt,pwm_init,0.048895,0,0
6,run5_initcall.txt,leds_init,0.048932,0,0
6,run5_initcall.txt,pci_slot_init,0.048956,0,0
6,run5_initcall.txt,fbmem_init,0.049011,0,0
6,run5_initcall.txt,bcm2835_dma_init,0.049741,0,0
6,run5_initcall.txt,regulator_fixed_voltage_init,0.049826,0,0
6,run5_initcall.txt,gpio_regulator_init,0.049882,0,0
6,run5_initcall.txt,init_sysrq_sysctl,0.049906,0,0
6,run5_initcall.txt,misc_init,0.049932,0,0
6,run5_initcall.txt,iommu_subsys_init,0.049964,0,0
6,run5_initcall.txt,register_cpu_capacity_sysctl,0.050508,0,0
6,run5_initcall.txt,dma_buf_init,0.050588,0,0
6,run5_initcall.txt,dma_heap_init,0.050616,0,0
6,run5_initcall.txt,init_scsi,0.050717,0,0
6,run5_initcall.txt,mdio_bus_init,0.050749,0,0
6,run5_initcall.txt,phy_init,0.050798,0,0
6,run5_initcall.txt,usb_common_init,0.05082,0,0
6,run5_initcall.txt,usb_init,0.050936,0,0
6,run5_initcall.txt,usb_phy_generic_init,0.051097,0,0
6,run5_initcall.txt,usb_udc_init,0.051135,0,0
6,run5_initcall.txt,usb_roles_init,0.051158,0,0
6,run5_initcall.txt,input_init,0.051187,0,0
6,run5_initcall.txt,rtc_init,0.051216,0,0
6,run5_initcall.txt,rc_core_init,0.051245,0,0
6,run5_initcall.txt,pps_init,0.051281,0,0
6,run5_initcall.txt,ptp_init,0.051307,0,0
6,run5_initcall.txt,power_supply_class_init,0.051335,0,0
6,run5_initcall.txt,hwmon_init,0.051358,0,0
6,run5_initcall.txt,mmc_init,0.051401,0,0
6,run5_initcall.txt,dmi_init,0.051419,0,0
6,run5_initcall.txt,efisubsys_init,0.051436,0,0
6,run5_initcall.txt,arm_pmu_hp_init,0.051457,0,0
6,run5_initcall.txt,ras_init,0.05148,0,0
6,run5_initcall.txt,nvmem_init,0.051514,0,0
6,run5_initcall.txt,init_soundcore,0.051534,0,0
6,run5_initcall.txt,proto_init,0.051555,0,0
6,run5_initcall.txt,net_dev_init,0.051784,0,0
6,run5_initcall.txt,neigh_init,0.051805,0,0
6,run5_initcall.txt,fib_notifier_init,0.051821,0,0
6,run5_initcall.txt,netdev_genl_init,0.051861,0,0
6,run5_initcall.txt,page_pool_user_init,0.051879,0,0
6,run5_initcall.txt,fib_rules_init,0.051897,0,0
6,run5_initcall.txt,init_cgroup_netprio,0.051913,0,0
6,run5_initcall.txt,bpf_lwt_init,0.051928,0,0
6,run5_initcall.txt,pktsched_init,0.051949,0,0
6,run5_initcall.txt,tc_filter_init,0.051979,0,0
6,run5_initcall.txt,tc_action_init,0.051997,0,0
6,run5_initcall.txt,ethnl_init,0.052067,0,0
6,run5_initcall.txt,nexthop_init,0.05209,0,0
6,run5_initcall.txt,devlink_init,0.052174,0,0
6,run5_initcall.txt,wireless_nlevent_init,0.05225,0,0
6,run5_initcall.txt,vsprintf_init_hashval,0.052274,0,0
6,run5_initcall.txt,init_32bit_el0_mask,0.052295,0,0
6,run5_initcall.txt,vga_arb_device_init,0.052436,0,0
6,run5_initcall.txt,watchdog_init,0.052543,0,0
6,run5_initcall.txt,create_debug_debugfs_entry,0.052662,0,0
6,run5_initcall.txt,iomem_init_inode,0.052711,0,0
6,run5_initcall.txt,clocksource_done_booting,0.052764,0,15
6,run5_initcall.txt,tracer_init_tracefs,0.052789,0,8
6,run5_initcall.txt,init_trace_printk_function_export,0.052878,0,70
6,run5_initcall.txt,init_graph_tracefs,0.052901,0,3
6,run5_initcall.txt,bpf_event_init,0.052919,0,1
6,run5_initcall.txt,init_kprobe_trace,0.428218,0,375278
6,run5_initcall.txt,init_dynamic_event,0.428329,0,7
6,run5_initcall.txt,bpf_init,0.428365,0,19
6,run5_initcall.txt,secretmem_init,0.428436,0,53
6,run5_initcall.txt,init_fs_stat_sysctls,0.428468,0,12
6,run5_initcall.txt,init_fs_exec_sysctls,0.428487,0,1
6,run5_initcall.txt,init_pipe_fs,0.428517,0,12
6,run5_initcall.txt,init_fs_namei_sysctls,0.42854,0,4
6,run5_initcall.txt,init_fs_dcache_sysctls,0.428572,0,8
6,run5_initcall.txt,init_fs_namespace_sysctls,0.428591,0,1
6,run5_initcall.txt,cgroup_writeback_init,0.428633,0,23
6,run5_initcall.txt,inotify_user_setup,0.428668,0,16
6,run5_initcall.txt,eventpoll_init,0.428703,0,17
6,run5_initcall.txt,anon_inode_init,0.428734,0,11
6,run5_initcall.txt,proc_locks_init,0.428788,0,6
6,run5_initcall.txt,backing_aio_init,0.428809,0,2
6,run5_initcall.txt,init_fs_coredump_sysctls,0.428836,0,7
6,run5_initcall.txt,init_vm_drop_caches_sysctls,0.428858,0,3
6,run5_initcall.txt,iomap_dio_init,0.428901,0,24
6,run5_initcall.txt,iomap_ioend_init,0.428948,0,28
6,run5_initcall.txt,dquot_init,0.429143,0,174
6,run5_initcall.txt,proc_cmdline_init,0.429175,0,5
6,run5_initcall.txt,proc_consoles_init,0.429197,0,1
6,run5_initcall.txt,proc_cpuinfo_init,0.42922,0,1
6,run5_initcall.txt,proc_devices_init,0.42924,0,1
6,run5_initcall.txt,proc_interrupts_init,0.42926,0,1
6,run5_initcall.txt,proc_loadavg_init,0.42928,0,1
6,run5_initcall.txt,proc_meminfo_init,0.4293,0,1
6,run5_initcall.txt,proc_stat_init,0.42932,0,1
6,run5_initcall.txt,proc_uptime_init,0.429339,0,1
6,run5_initcall.txt,proc_version_init,0.429359,0,1
6,run5_initcall.txt,proc_softirqs_init,0.42938,0,1
6,run5_initcall.txt,proc_kmsg_init,0.429397,0,1
6,run5_initcall.txt,proc_page_init,0.429414,0,2
6,run5_initcall.txt,init_ramfs_fs,0.429429,0,1
6,run5_initcall.txt,aa_create_aafs,0.429445,0,0
6,run5_initcall.txt,chr_dev_init,0.432507,0,3043
6,run5_initcall.txt,hwrng_modinit,0.432591,0,46
6,run5_initcall.txt,firmware_class_init,0.432611,0,1
6,run5_initcall.txt,sysctl_core_init,0.432664,0,31
6,run5_initcall.txt,eth_offload_init,0.432681,0,0
6,run5_initcall.txt,ipv4_offload_init,0.432699,0,1
6,run5_initcall.txt,inet_init,0.436814,0,4098
6,run5_initcall.txt,af_unix_init,0.436877,0,25
6,run5_initcall.txt,ipv6_offload_init,0.436897,0,1
6,run5_initcall.txt,init_sunrpc,0.437309,0,394
6,run5_initcall.txt,vlan_offload_init,0.437328,0,0
6,run5_initcall.txt,pci_apply_final_quirks,0.437357,0,11
6,run5_initcall.txt,populate_rootfs,0.437381,0,6
6,run5_initcall.txt,register_arm64_panic_block,0.437501,0,1
6,run5_initcall.txt,cpuinfo_regs_init,0.440868,0,3344
6,run5_initcall.txt,aarch32_el0_sysfs_init,0.440946,0,0
6,run5_initcall.txt,kvm_arm_init,0.445144,0,4169
6,run5_initcall.txt,proc_execdomains_init,0.445208,0,10
6,run5_initcall.txt,register_warn_debugfs,0.445238,0,12
6,run5_initcall.txt,cpuhp_sysfs_init,0.445285,0,31
6,run5_initcall.txt,ioresources_init,0.445307,0,3
6,run5_initcall.txt,psi_proc_init,0.445324,0,0
6,run5_initcall.txt,irq_gc_init_ops,0.445342,0,0
6,run5_initcall.txt,irq_debugfs_init,0.445447,0,78
6,run5_initcall.txt,proc_modules_init,0.445469,0,2
6,run5_initcall.txt,timer_sysctl_init,0.445498,0,11
6,run5_initcall.txt,timekeeping_init_ops,0.445515,0,0
6,run5_initcall.txt,init_clocksource_sysfs,0.445614,0,84
6,run5_initcall.txt,init_timer_list_procfs,0.445634,0,1
6,run5_initcall.txt,alarmtimer_init,0.445725,0,77
6,run5_initcall.txt,clockevents_init_sysfs,0.44587,0,127
6,run5_initcall.txt,sched_clock_syscore_init,0.445896,0,0
6,run5_initcall.txt,kallsyms_init,0.445915,0,3
6,run5_initcall.txt,pid_namespaces_init,0.445987,0,56
6,run5_initcall.txt,audit_watch_init,0.446006,0,1
6,run5_initcall.txt,audit_fsnotify_init,0.446021,0,0
6,run5_initcall.txt,audit_tree_init,0.446039,0,2
6,run5_initcall.txt,seccomp_sysctl_init,0.44606,0,6
6,run5_initcall.txt,utsname_sysctl_init,0.446082,0,6
6,run5_initcall.txt,init_tracepoints,0.446103,0,3
6,run5_initcall.txt,init_lstats_procfs,0.446121,0,3
6,run5_initcall.txt,stack_trace_init,0.446179,0,40
6,run5_initcall.txt,init_blk_tracer,0.446215,0,17
6,run5_initcall.txt,perf_event_sysfs_init,0.446353,0,116
6,run5_initcall.txt,system_trusted_keyring_init,0.446393,0,19
6,run5_initcall.txt,kswapd_init,0.446695,0,281
6,run5_initcall.txt,extfrag_debug_init,0.446764,0,38
6,run5_initcall.txt,mm_compute_batch_init,0.446787,0,0
6,run5_initcall.txt,slab_proc_init,0.446814,0,10
6,run5_initcall.txt,workingset_init,0.446837,0,8
6,run5_initcall.txt,proc_vmalloc_init,0.446854,0,1
6,run5_initcall.txt,memblock_init_debugfs,0.446876,0,7
6,run5_initcall.txt,slab_debugfs_init,0.446906,0,13
6,run5_initcall.txt,procswaps_init,0.446927,0,2
6,run5_initcall.txt,zs_init,0.446944,0,0
6,run5_initcall.txt,fcntl_init,0.446965,0,4
6,run5_initcall.txt,proc_filesystems_init,0.446983,0,1
6,run5_initcall.txt,start_dirtytime_writeback,0.447009,0,8
6,run5_initcall.txt,dio_init,0.447029,0,1
6,run5_initcall.txt,dnotify_init,0.447077,0,29
6,run5_initcall.txt,fanotify_user_setup,0.447108,0,10
6,run5_initcall.txt,aio_setup,0.447198,0,68
6,run5_initcall.txt,mbcache_init,0.44723,0,6
6,run5_initcall.txt,init_grace,0.447251,0,3
6,run5_initcall.txt,init_devpts_fs,0.447279,0,13
6,run5_initcall.txt,ext4_init_fs,0.447391,0,97
6,run5_initcall.txt,journal_init,0.447426,0,17
6,run5_initcall.txt,init_fat_fs,0.447446,0,5
6,run5_initcall.txt,init_vfat_fs,0.447461,0,0
6,run5_initcall.txt,init_msdos_fs,0.447478,0,0
6,run5_initcall.txt,init_nfs_fs,0.447755,0,261
6,run5_initcall.txt,init_nfs_v2,0.447785,0,0
6,run5_initcall.txt,init_nfs_v3,0.447799,0,0
6,run5_initcall.txt,init_nfs_v4,0.447852,0,40
6,run5_initcall.txt,nfs4filelayout_init,0.447875,0,6
6,run5_initcall.txt,nfs4flexfilelayout_init,0.447898,0,7
6,run5_initcall.txt,init_nlm,0.447956,0,36
6,run5_initcall.txt,init_nls_cp437,0.447975,0,1
6,run5_initcall.txt,init_nls_ascii,0.447989,0,0
6,run5_initcall.txt,init_autofs_fs,0.448164,0,160
6,run5_initcall.txt,init_f2fs_fs,0.448355,0,167
6,run5_initcall.txt,ipc_init,0.44839,0,15
6,run5_initcall.txt,ipc_sysctl_init,0.448432,0,26
6,run5_initcall.txt,init_mqueue_fs,0.448505,0,57
6,run5_initcall.txt,key_proc_init,0.448535,0,4
6,run5_initcall.txt,bpf_crypto_skcipher_init,0.448552,0,1
6,run5_initcall.txt,dh_init,0.448571,0,2
6,run5_initcall.txt,rsa_init,0.44859,0,2
6,run5_initcall.txt,cryptomgr_init,0.448607,0,0
6,run5_initcall.txt,hmac_module_init,0.448623,0,0
6,run5_initcall.txt,crypto_sha256_mod_init,0.448644,0,4
6,run5_initcall.txt,crypto_ecb_module_init,0.448661,0,0
6,run5_initcall.txt,crypto_cbc_module_init,0.448678,0,0
6,run5_initcall.txt,crypto_cts_module_init,0.448695,0,0
6,run5_initcall.txt,xts_module_init,0.448711,0,0
6,run5_initcall.txt,des_generic_mod_init,0.448729,0,1
6,run5_initcall.txt,aes_init,0.448745,0,0
6,run5_initcall.txt,lzo_mod_init,0.448805,0,2
6,run5_initcall.txt,lzorle_mod_init,0.448822,0,0
6,run5_initcall.txt,asymmetric_key_init,0.448846,0,7
6,run5_initcall.txt,x509_key_init,0.448868,0,5
6,run5_initcall.txt,crypto_kdf108_init,0.448885,0,0
6,run5_initcall.txt,blkdev_init,0.448933,0,31
6,run5_initcall.txt,proc_genhd_init,0.448955,0,4
6,run5_initcall.txt,bsg_init,0.449002,0,29
6,run5_initcall.txt,throtl_init,0.449221,0,199
6,run5_initcall.txt,deadline_init,0.449263,0,6
6,run5_initcall.txt,kyber_init,0.44929,0,6
6,run5_initcall.txt,bfq_init,0.449346,0,39
6,run5_initcall.txt,io_uring_init,0.449398,0,34
6,run5_initcall.txt,btree_module_init,0.449422,0,3
6,run5_initcall.txt,percpu_counter_startup,0.44951,0,69
6,run5_initcall.txt,audit_classes_init,0.449547,0,8
6,run5_initcall.txt,gicv5_iwb_platform_driver_init,0.449701,0,135
6,run5_initcall.txt,mip_msi_driver_init,0.449764,0,42
6,run5_initcall.txt,bcm7038_l1_driver_init,0.449826,0,36
6,run5_initcall.txt,bcm7120_l2_driver_init,0.449887,0,41
6,run5_initcall.txt,brcmstb_l2_driver_init,0.45029,0,383
6,run5_initcall.txt,simple_pm_bus_driver_init,0.450928,0,614
6,run5_initcall.txt,phy_core_init,0.450998,0,43
6,run5_initcall.txt,brcm_usb_driver_init,0.451109,0,90
6,run5_initcall.txt,rp1_pinctrl_driver_init,0.451163,0,34
6,run5_initcall.txt,bcm2835_pinctrl_driver_init,0.452497,0,1313
6,run5_initcall.txt,bcm2712_pinctrl_driver_init,0.452599,0,67
6,run5_initcall.txt,brcmvirt_gpio_driver_init,0.452662,0,41
6,run5_initcall.txt,brcmstb_gpio_driver_init,0.452722,0,38
6,run5_initcall.txt,rpi_exp_gpio_driver_init,0.453359,0,569
6,run5_initcall.txt,brcmstb_pwm_driver_init,0.453442,0,53
6,run5_initcall.txt,rp1_pwm_driver_init,0.453502,0,39
6,run5_initcall.txt,gpio_led_driver_init,0.671304,0,217782
6,run5_initcall.txt,led_pwm_driver_init,0.671442,0,101
6,run5_initcall.txt,timer_led_trigger_init,0.671468,0,3
6,run5_initcall.txt,oneshot_led_trigger_init,0.671497,0,0
6,run5_initcall.txt,heartbeat_trig_init,0.67152,0,4
6,run5_initcall.txt,bl_led_trigger_init,0.67154,0,1
6,run5_initcall.txt,ledtrig_cpu_init,0.671737,0,177
6,run5_initcall.txt,defon_led_trigger_init,0.67191,0,146
6,run5_initcall.txt,input_trig_init,0.671953,0,4
6,run5_initcall.txt,ledtrig_panic_init,0.671989,0,6
6,run5_initcall.txt,actpwr_trig_init,0.67322,0,1201
6,run5_initcall.txt,pcie_portdrv_init,0.673456,0,142
6,run5_initcall.txt,pci_proc_init,0.673509,0,19
6,run5_initcall.txt,brcm_pcie_driver_init,0.789736,0,116204
6,run5_initcall.txt,bcm2708_fb_init,0.789831,0,74
6,run5_initcall.txt,simplefb_driver_init,0.816036,0,26189
6,run5_initcall.txt,of_fixed_factor_clk_driver_init,0.81614,0,42
6,run5_initcall.txt,of_fixed_clk_driver_init,0.816224,0,35
6,run5_initcall.txt,gpio_clk_driver_init,0.816314,0,42
6,run5_initcall.txt,gated_fixed_clk_driver_init,0.816396,0,35
6,run5_initcall.txt,rp1_clk_driver_init,0.816478,0,35
6,run5_initcall.txt,rp1_sdio_clk_driver_init,0.816562,0,36
6,run5_initcall.txt,clk_dvp_driver_init,0.81677,0,161
6,run5_initcall.txt,bcm2835_aux_clk_driver_init,0.816891,0,71
6,run5_initcall.txt,raspberrypi_clk_driver_init,0.832358,0,15416
6,run5_initcall.txt,dw_driver_init,0.832456,0,50
6,run5_initcall.txt,bcm2835_power_driver_init,0.832525,0,23
6,run5_initcall.txt,rpi_power_driver_init,0.83395,0,1378
6,run5_initcall.txt,brcmstb_reset_driver_init,0.834046,0,44
6,run5_initcall.txt,brcm_rescal_reset_driver_init,0.834135,0,37
6,run5_initcall.txt,rpi_reset_driver_init,0.834296,0,112
6,run5_initcall.txt,reset_simple_driver_init,0.834431,0,85
6,run5_initcall.txt,n_null_init,0.834481,0,0
6,run5_initcall.txt,pty_init,0.834613,0,89
6,run5_initcall.txt,sysrq_init,0.834671,0,14
6,run5_initcall.txt,serial8250_init,0.834717,-19,0
6,run5_initcall.txt,bcm2835aux_serial_driver_init,0.834808,0,43
6,run5_initcall.txt,brcmuart_init,0.834912,0,53
6,run5_initcall.txt,exar_pci_driver_init,0.834986,0,27
6,run5_initcall.txt,of_platform_serial_driver_init,0.835131,0,93
6,run5_initcall.txt,serial_pci_driver_init,0.835214,0,30
6,run5_initcall.txt,pericom8250_pci_driver_init,0.835288,0,22
6,run5_initcall.txt,init_kgdboc,0.835439,0,103
6,run5_initcall.txt,random_sysctls_init,0.835499,0,14
6,run5_initcall.txt,ttyprintk_init,0.835625,0,79
6,run5_initcall.txt,bcm2835_rng_driver_init,0.835734,0,59
6,run5_initcall.txt,bcm74110_rng_driver_init,0.835822,0,37
6,run5_initcall.txt,iproc_rng200_driver_init,0.836164,0,290
6,run5_initcall.txt,smccc_trng_driver_init,0.836241,0,25
6,run5_initcall.txt,vc_mem_init,0.836419,0,130
6,run5_initcall.txt,vcio_driver_init,0.839449,0,2982
6,run5_initcall.txt,bcm2712_iommu_driver_init,0.844624,0,56
6,run5_initcall.txt,bcm2712_iommu_cache_driver_init,0.849827,0,47
6,run5_initcall.txt,topology_sysfs_init,0.854942,0,64
6,run5_initcall.txt,cacheinfo_sysfs_init,0.860408,0,254
6,run5_initcall.txt,devcoredump_init,0.86566,0,11
6,run5_initcall.txt,brd_init,0.877648,0,6749
6,run5_initcall.txt,loop_init,0.88819,0,5279
6,run5_initcall.txt,bcm2835_pm_driver_init,0.89625,0,2772
6,run5_initcall.txt,stmpe_i2c_driver_init,0.901504,0,22
6,run5_initcall.txt,stmpe_spi_driver_init,0.906756,0,14
6,run5_initcall.txt,rp1_driver_init,0.912014,0,29
6,run5_initcall.txt,system_heap_create,0.917341,0,103
6,run5_initcall.txt,add_default_cma_heap,0.922528,0,89
6,run5_initcall.txt,udmabuf_dev_init,0.927797,0,48
6,run5_initcall.txt,iscsi_transport_init,0.935859,0,2840
6,run5_initcall.txt,init_sd,0.941109,0,27
6,run5_initcall.txt,nvme_core_init,0.946592,0,278
6,run5_initcall.txt,nvme_init,0.951868,0,35
6,run5_initcall.txt,blackhole_netdev_init,0.956962,0,19
6,run5_initcall.txt,netkit_init,0.962191,0,8
6,run5_initcall.txt,phylink_init,0.967413,0,0
6,run5_initcall.txt,phy_module_init,0.972811,0,186
6,run5_initcall.txt,phy_module_init,0.978179,0,182
6,run5_initcall.txt,fixed_mdio_bus_init,0.983567,0,170
6,run5_initcall.txt,phy_module_init,0.988837,0,184
6,run5_initcall.txt,phy_module_init,0.994156,0,39
6,run5_initcall.txt,phy_module_init,0.999528,0,70
6,run5_initcall.txt,unimac_mdio_driver_init,1.005026,0,138
6,run5_initcall.txt,macb_driver_init,1.010541,0,120
6,run5_initcall.txt,bcmgenet_driver_init,1.232378,0,216377
6,run5_initcall.txt,bcmasp_driver_init,1.238139,0,101
6,run5_initcall.txt,lan78xx_driver_init,1.246689,0,2871
6,run5_initcall.txt,smsc95xx_driver_init,1.255194,0,2739
6,run5_initcall.txt,usbnet_init,1.26099,0,0
6,run5_initcall.txt,xhci_hcd_init,1.266769,0,16
6,run5_initcall.txt,xhci_pci_init,1.443748,0,171212
6,run5_initcall.txt,xhci_plat_init,1.449527,0,133
6,run5_initcall.txt,dwc_otg_driver_init,1.466107,0,11122
6,run5_initcall.txt,dwc_common_port_init_module,1.474609,0,2928
6,run5_initcall.txt,dwc3_driver_init,1.480286,0,75
6,run5_initcall.txt,dwc3_haps_driver_init,1.485904,0,29
6,run5_initcall.txt,dwc3_of_simple_driver_init,1.491351,0,66
6,run5_initcall.txt,dwc3_generic_driver_init,1.496956,0,46
6,run5_initcall.txt,dwc2_platform_driver_init,1.502626,0,148
6,run5_initcall.txt,uas_init,1.51108,0,2908
6,run5_initcall.txt,usb_storage_driver_init,1.519374,0,2779
6,run5_initcall.txt,brcmstb_usb_pinmap_init,1.524832,-19,97
6,run5_initcall.txt,bdc_driver_init,1.530433,0,51
6,run5_initcall.txt,input_leds_init,1.536015,0,1
6,run5_initcall.txt,mousedev_init,1.54528,0,3552
6,run5_initcall.txt,evdev_init,1.550857,0,1
6,run5_initcall.txt,brcmstb_waketmr_driver_init,1.556401,0,96
6,run5_initcall.txt,rpi_rtc_driver_init,1.562034,0,45
6,run5_initcall.txt,init_rc_map_adstech_dvb_t_pci,1.567601,0,0
6,run5_initcall.txt,init_rc_map_alink_dtu_m,1.573168,0,0
6,run5_initcall.txt,init_rc_map_anysee,1.578726,0,0
6,run5_initcall.txt,init_rc_map_apac_viewcomp,1.584274,0,0
6,run5_initcall.txt,init_rc_map_t2hybrid,1.589651,0,0
6,run5_initcall.txt,init_rc_map_asus_pc39,1.595192,0,0
6,run5_initcall.txt,init_rc_map_asus_ps3_100,1.600733,0,0
6,run5_initcall.txt,init_rc_map_ati_tv_wonder_hd_600,1.606271,0,0
6,run5_initcall.txt,init_rc_map_ati_x10,1.611759,0,0
6,run5_initcall.txt,init_rc_map_avermedia_a16d,1.61726,0,0
6,run5_initcall.txt,init_rc_map_avermedia_cardbus,1.622591,0,0
6,run5_initcall.txt,init_rc_map_avermedia_dvbt,1.628072,0,0
6,run5_initcall.txt,init_rc_map_avermedia_m135a,1.63355,0,0
6,run5_initcall.txt,init_rc_map_avermedia_m733a_rm_k6,1.63903,0,0
6,run5_initcall.txt,init_rc_map_avermedia,1.644522,0,0
6,run5_initcall.txt,init_rc_map_avermedia_rm_ks,1.649989,0,0
6,run5_initcall.txt,init_rc_map_avertv_303,1.655317,0,1
6,run5_initcall.txt,init_rc_map_azurewave_ad_tu700,1.660813,0,0
6,run5_initcall.txt,init_rc_map_beelink_gs1,1.669038,0,0
6,run5_initcall.txt,init_rc_map_beelink_mxiii,1.674549,0,0
6,run5_initcall.txt,init_rc_map_behold_columbus,1.680007,0,0
6,run5_initcall.txt,init_rc_map_behold,1.685514,0,0
6,run5_initcall.txt,init_rc_map_budget_ci_old,1.690799,0,0
6,run5_initcall.txt,init_rc_map_cinergy_1400,1.696225,0,0
6,run5_initcall.txt,init_rc_map_cinergy,1.701649,0,0
6,run5_initcall.txt,init_rc_map_ct_90405,1.707027,0,0
6,run5_initcall.txt,init_rc_map_d680_dmb,1.712403,0,0
6,run5_initcall.txt,init_rc_map_delock_61959,1.717781,0,0
6,run5_initcall.txt,init_rc_map,1.722983,0,0
6,run5_initcall.txt,init_rc_map,1.728324,0,0
6,run5_initcall.txt,init_rc_map_digitalnow_tinytwin,1.733699,0,0
6,run5_initcall.txt,init_rc_map_digittrade,1.73907,0,0
6,run5_initcall.txt,init_rc_map_dm1105_nec,1.744416,0,0
6,run5_initcall.txt,init_rc_map_dntv_live_dvb_t,1.749774,0,0
6,run5_initcall.txt,init_rc_map_dntv_live_dvbt_pro,1.754962,0,0
6,run5_initcall.txt,init_rc_map_dreambox,1.760306,0,0
6,run5_initcall.txt,init_rc_map_dtt200u,1.765649,0,0
6,run5_initcall.txt,init_rc_map_rc5_dvbsky,1.771022,0,0
6,run5_initcall.txt,init_rc_map_dvico_mce,1.77637,0,1
6,run5_initcall.txt,init_rc_map_dvico_portable,1.781716,0,0
6,run5_initcall.txt,init_rc_map_em_terratec,1.787174,0,228
6,run5_initcall.txt,init_rc_map_encore_enltv2,1.792551,0,0
6,run5_initcall.txt,init_rc_map_encore_enltv_fm53,1.798022,0,38
6,run5_initcall.txt,init_rc_map_encore_enltv,1.803421,0,0
6,run5_initcall.txt,init_rc_map_evga_indtube,1.808833,0,0
6,run5_initcall.txt,init_rc_map_eztv,1.814342,0,9
6,run5_initcall.txt,init_rc_map_flydvb,1.819796,0,0
6,run5_initcall.txt,init_rc_map_flyvideo,1.825323,0,0
6,run5_initcall.txt,init_rc_map_fusionhdtv_mce,1.833444,0,0
6,run5_initcall.txt,init_rc_map_gadmei_rm008z,1.84431,0,4
6,run5_initcall.txt,init_rc_map_geekbox,1.849814,0,0
6,run5_initcall.txt,init_rc_map_genius_tvgo_a11mce,1.855203,0,0
6,run5_initcall.txt,init_rc_map_gotview7135,1.860676,0,0
6,run5_initcall.txt,init_rc_map_rc5_hauppauge_new,1.868857,0,0
6,run5_initcall.txt,init_rc_map_hisi_poplar,1.877057,0,0
6,run5_initcall.txt,init_rc_map_hisi_tv_demo,1.882557,0,0
6,run5_initcall.txt,init_rc_map_imon_mce,1.887891,0,0
6,run5_initcall.txt,init_rc_map_imon_pad,1.893333,0,0
6,run5_initcall.txt,init_rc_map_imon_rsc,1.904045,0,0
6,run5_initcall.txt,init_rc_map_iodata_bctv7e,1.909411,0,0
6,run5_initcall.txt,init_rc_it913x_v1_map,1.914764,0,0
6,run5_initcall.txt,init_rc_it913x_v2_map,1.920056,0,0
6,run5_initcall.txt,init_rc_map_kaiomy,1.925317,0,0
6,run5_initcall.txt,init_rc_map_khadas,1.930639,0,0
6,run5_initcall.txt,init_rc_map_khamsin,1.935976,0,0
6,run5_initcall.txt,init_rc_map_kworld_315u,1.941312,0,0
6,run5_initcall.txt,init_rc_map_kworld_pc150u,1.946637,0,0
6,run5_initcall.txt,init_rc_map_kworld_plus_tv_analog,1.951974,0,0
6,run5_initcall.txt,init_rc_map_leadtek_y04g0051,1.957148,0,0
6,run5_initcall.txt,init_rc_lme2510_map,1.962509,0,0
6,run5_initcall.txt,init_rc_map_manli,1.967867,0,0
6,run5_initcall.txt,init_rc_map_mecool_kiii_pro,1.973237,0,0
6,run5_initcall.txt,init_rc_map_mecool_kii_pro,1.978618,0,0
6,run5_initcall.txt,init_rc_map_medion_x10_digitainer,1.983979,0,0
6,run5_initcall.txt,init_rc_map_medion_x10,1.989188,0,0
6,run5_initcall.txt,init_rc_map_medion_x10_or2x,1.994588,0,42
6,run5_initcall.txt,init_rc_map_minix_neo,2.000097,0,38
6,run5_initcall.txt,init_rc_map_msi_digivox_iii,2.005615,0,39
6,run5_initcall.txt,init_rc_map_msi_digivox_ii,2.011042,0,0
6,run5_initcall.txt,init_rc_map_msi_tvanywhere,2.016358,0,0
6,run5_initcall.txt,init_rc_map_msi_tvanywhere_plus,2.021552,0,0
6,run5_initcall.txt,init_rc_map_mygica_utv3,2.027108,0,230
6,run5_initcall.txt,init_rc_map_nebula,2.032464,0,0
6,run5_initcall.txt,init_rc_map_nec_terratec_cinergy_xs,2.037816,0,0
6,run5_initcall.txt,init_rc_map_norwood,2.043169,0,0
6,run5_initcall.txt,init_rc_map_npgtech,2.048522,0,0
6,run5_initcall.txt,init_rc_map_odroid,2.053762,0,0
6,run5_initcall.txt,init_rc_map_pctv_sedna,2.059063,0,0
6,run5_initcall.txt,init_rc_map_pine64,2.064401,0,0
6,run5_initcall.txt,init_rc_map_pinnacle_color,2.069728,0,0
6,run5_initcall.txt,init_rc_map_pinnacle_grey,2.07504,0,0
6,run5_initcall.txt,init_rc_map_pinnacle_pctv_hd,2.080365,0,0
6,run5_initcall.txt,init_rc_map_pixelview,2.085718,0,0
6,run5_initcall.txt,init_rc_map_pixelview,2.090893,0,0
6,run5_initcall.txt,init_rc_map_pixelview_new,2.096237,0,0
6,run5_initcall.txt,init_rc_map_pixelview,2.101576,0,0
6,run5_initcall.txt,init_rc_map_powercolor_real_angel,2.106898,0,0
6,run5_initcall.txt,init_rc_map_proteus_2309,2.112396,0,38
6,run5_initcall.txt,init_rc_map_purpletv,2.117902,0,48
6,run5_initcall.txt,init_rc_map_pv951,2.123161,0,42
6,run5_initcall.txt,init_rc_map_rc6_mce,2.128635,0,122
6,run5_initcall.txt,init_rc_map_real_audio_220_32_keys,2.134077,0,0
6,run5_initcall.txt,init_rc_map_reddo,2.139471,0,0
6,run5_initcall.txt,init_rc_map_siemens_gigaset_rc20,2.14487,0,38
6,run5_initcall.txt,init_rc_map_snapstream_firefly,2.15039,0,4
6,run5_initcall.txt,init_rc_map_streamzap,2.155619,0,0
6,run5_initcall.txt,init_rc_map_su3000,2.161019,0,0
6,run5_initcall.txt,init_rc_map_tanix_tx3mini,2.166409,0,0
6,run5_initcall.txt,init_rc_map_tanix_tx5max,2.171822,0,0
6,run5_initcall.txt,init_rc_map_tbs_nec,2.177233,0,0
6,run5_initcall.txt,init_rc_map,2.18263,0,0
6,run5_initcall.txt,init_rc_map,2.187858,0,0
6,run5_initcall.txt,init_rc_map_terratec_cinergy_c_pci,2.193238,0,0
6,run5_initcall.txt,init_rc_map_terratec_cinergy_s2_hd,2.198617,0,0
6,run5_initcall.txt,init_rc_map_terratec_cinergy_xs,2.203994,0,0
6,run5_initcall.txt,init_rc_map_terratec_slim_2,2.212071,0,1
6,run5_initcall.txt,init_rc_map_terratec_slim,2.217478,0,0
6,run5_initcall.txt,init_rc_map_tevii_nec,2.222691,0,0
6,run5_initcall.txt,init_rc_map_tivo,2.228058,0,0
6,run5_initcall.txt,init_rc_map_total_media_in_hand_02,2.233421,0,0
6,run5_initcall.txt,init_rc_map_total_media_in_hand,2.238788,0,0
6,run5_initcall.txt,init_rc_map_trekstor,2.244148,0,0
6,run5_initcall.txt,init_rc_map_tt_1500,2.249509,0,0
6,run5_initcall.txt,init_rc_map_twinhan_vp1027,2.254734,0,0
6,run5_initcall.txt,init_rc_map_twinhan_dtv_cab_ci,2.260112,0,0
6,run5_initcall.txt,init_rc_map_vega_s9x,2.265473,0,0
6,run5_initcall.txt,init_rc_map_videomate_k100,2.27083,0,0
6,run5_initcall.txt,init_rc_map_videomate_s350,2.276192,0,0
6,run5_initcall.txt,init_rc_map_videomate_tv_pvr,2.281538,0,0
6,run5_initcall.txt,init_rc_map_kii_pro,2.286828,0,0
6,run5_initcall.txt,init_rc_map_wetek_hub,2.292097,0,0
6,run5_initcall.txt,init_rc_map_wetek_play2,2.297449,0,0
6,run5_initcall.txt,init_rc_map_winfast,2.302848,0,0
6,run5_initcall.txt,init_rc_map_winfast_usbii_deluxe,2.310901,0,0
6,run5_initcall.txt,init_rc_map_x96max,2.321549,0,0
6,run5_initcall.txt,init_rc_map,2.329774,0,2
6,run5_initcall.txt,init_rc_map,2.335247,0,1
6,run5_initcall.txt,init_rc_map_zx_irdec,2.34072,0,1
6,run5_initcall.txt,ptp_kvm_init,2.346176,-95,2
6,run5_initcall.txt,gpio_poweroff_driver_init,2.351914,0,174
6,run5_initcall.txt,bcm2711_thermal_driver_init,2.362853,0,3080
6,run5_initcall.txt,bcm2835_thermal_driver_init,2.368406,0,65
6,run5_initcall.txt,bcm2835_wdt_driver_init,2.373953,0,32
6,run5_initcall.txt,dt_cpufreq_platdrv_init,2.379477,0,32
6,run5_initcall.txt,brcm_avs_cpufreq_platdrv_init,2.385052,0,49
6,run5_initcall.txt,raspberrypi_cpufreq_driver_init,2.396867,0,6445
6,run5_initcall.txt,mmc_pwrseq_simple_driver_init,2.402543,0,97
6,run5_initcall.txt,mmc_pwrseq_emmc_driver_init,2.408182,0,44
6,run5_initcall.txt,mmc_blk_init,2.41384,0,36
6,run5_initcall.txt,sdhci_drv_init,2.424913,0,5474
6,run5_initcall.txt,bcm2835_mmc_driver_init,2.433423,0,2889
6,run5_initcall.txt,bcm2835_driver_init,2.439127,0,50
6,run5_initcall.txt,sdhci_pltfm_drv_init,2.447597,0,2820
6,run5_initcall.txt,sdhci_iproc_driver_init,2.453305,0,77
6,run5_initcall.txt,sdhci_brcmstb_driver_init,2.453385,0,67
6,run5_initcall.txt,esrt_sysfs_init,2.453401,-38,2
6,run5_initcall.txt,smccc_devices_init,2.453415,0,1
6,run5_initcall.txt,smccc_soc_init,2.453433,0,1
6,run5_initcall.txt,arch_timer_mmio_drv_init,2.453482,0,36
6,run5_initcall.txt,arch_timer_mmio_acpi_drv_init,2.453521,0,24
6,run5_initcall.txt,hid_init,2.453604,0,70
6,run5_initcall.txt,hid_generic_init,2.453662,0,44
6,run5_initcall.txt,hid_init,2.678181,0,224507
6,run5_initcall.txt,vchiq_driver_init,2.690334,0,5950
6,run5_initcall.txt,bcm74110_mbox_driver_init,2.69719,0,122
6,run5_initcall.txt,extcon_class_init,2.703975,0,15
6,run5_initcall.txt,armv8_pmu_driver_init,2.717177,0,7002
6,run5_initcall.txt,binder_init,2.723348,0,84
6,run5_initcall.txt,rpi_otp_driver_init,2.739423,0,9784
6,run5_initcall.txt,sock_diag_init,2.745682,0,45
6,run5_initcall.txt,blackhole_init,2.751891,0,1
6,run5_initcall.txt,cls_bpf_init_mod,2.757936,0,7
6,run5_initcall.txt,gre_offload_init,2.764154,0,0
6,run5_initcall.txt,sysctl_ipv4_init,2.770431,0,76
6,run5_initcall.txt,cubictcp_register,2.776626,0,2
6,run5_initcall.txt,packet_init,2.78595,0,3129
6,run5_initcall.txt,init_rpcsec_gss,2.792057,0,22
6,run5_initcall.txt,init_kerberos_module,2.798302,0,11
6,run5_initcall.txt,dcbnl_init,2.804527,0,3
6,run5_initcall.txt,init_dns_resolver,2.813811,0,3091
6,run5_initcall.txt,handshake_init,2.819961,0,37
6,run5_initcall.txt,check_mmu_enabled_at_boot,2.82602,0,6
6,run5_initcall.txt,finalize_pkvm,2.832168,0,0
6,run5_initcall.txt,kernel_do_mounts_initrd_sysctls_init,2.841513,0,7
6,run5_initcall.txt,kernel_panic_sysctls_init,2.847762,0,79
6,run5_initcall.txt,kernel_panic_sysfs_init,2.853832,0,6
6,run5_initcall.txt,kernel_exit_sysctls_init,2.860005,0,2
6,run5_initcall.txt,kernel_exit_sysfs_init,2.866202,0,7
6,run5_initcall.txt,param_sysfs_builtin_init,2.882168,0,9800
6,run5_initcall.txt,reboot_ksysfs_init,2.888432,0,28
6,run5_initcall.txt,sched_core_sysctl_init,2.894653,0,13
6,run5_initcall.txt,sched_fair_sysctl_init,2.901712,0,821
6,run5_initcall.txt,sched_rt_sysctl_init,2.908024,0,4
6,run5_initcall.txt,sched_dl_sysctl_init,2.914161,0,17
6,run5_initcall.txt,sched_init_debug,2.920295,0,78
6,run5_initcall.txt,cpu_latency_qos_init,2.926479,0,164
6,run5_initcall.txt,printk_late_init,2.932579,0,21
6,run5_initcall.txt,init_srcu_module_notifier,2.938694,0,3
6,run5_initcall.txt,kernel_rcu_stall_sysfs_init,2.94479,0,11
6,run5_initcall.txt,swiotlb_create_default_debugfs,2.950937,0,34
6,run5_initcall.txt,tk_debug_sleep_time_init,2.956926,0,3
6,run5_initcall.txt,bpf_ksym_iter_register,2.963015,0,6
6,run5_initcall.txt,kernel_acct_sysctls_init,2.969095,0,5
6,run5_initcall.txt,bpf_rstat_kfunc_init,2.975184,0,6
6,run5_initcall.txt,debugfs_kprobe_init,2.981275,0,13
6,run5_initcall.txt,kernel_delayacct_sysctls_init,2.987253,0,9
6,run5_initcall.txt,taskstats_init,2.996372,0,3048
6,run5_initcall.txt,ftrace_sysctl_init,3.002467,0,2
6,run5_initcall.txt,bpf_kprobe_multi_kfuncs_init,3.008553,0,0
6,run5_initcall.txt,kdb_ftrace_register,3.014663,0,8
6,run5_initcall.txt,bpf_global_ma_init,3.020741,0,108
6,run5_initcall.txt,bpf_syscall_sysctl_init,3.026879,0,6
6,run5_initcall.txt,unbound_reg_init,3.033,0,0
6,run5_initcall.txt,kfunc_init,3.039135,0,6
6,run5_initcall.txt,bpf_map_iter_init,3.045251,0,1
6,run5_initcall.txt,init_subsystem,3.051246,0,5
6,run5_initcall.txt,task_iter_init,3.057052,0,1
6,run5_initcall.txt,bpf_prog_iter_init,3.062884,0,5
6,run5_initcall.txt,bpf_link_iter_init,3.068592,0,0
6,run5_initcall.txt,init_trampolines,3.074226,0,2
6,run5_initcall.txt,rqspinlock_register_kfuncs,3.079752,0,0
6,run5_initcall.txt,kfunc_init,3.085298,0,0
6,run5_initcall.txt,bpf_cgroup_iter_init,3.090681,0,5
6,run5_initcall.txt,cpumask_kfunc_init,3.096214,0,8
6,run5_initcall.txt,crypto_kfunc_init,3.10176,0,1
6,run5_initcall.txt,bpf_kmem_cache_iter_init,3.107286,0,6
6,run5_initcall.txt,dmabuf_iter_init,3.112817,0,0
6,run5_initcall.txt,load_system_certificate_list,3.120872,0,2580
6,run5_initcall.txt,init_lru_gen,3.126403,0,27
6,run5_initcall.txt,vmstat_late_init,3.131931,0,1
6,run5_initcall.txt,fault_around_debugfs,3.137473,0,4
6,run5_initcall.txt,slab_sysfs_init,3.147223,0,4232
6,run5_initcall.txt,max_swapfiles_check,3.152893,0,24
6,run5_initcall.txt,zswap_init,3.158263,0,1
6,run5_initcall.txt,mempolicy_sysfs_init,3.163806,0,23
6,run5_initcall.txt,memory_tier_late_init,3.175075,0,5713
6,run5_initcall.txt,check_early_ioremap_leak,3.180623,0,0
6,run5_initcall.txt,mg_debugfs_init,3.186183,0,27
6,run5_initcall.txt,fscrypt_init,3.197179,0,5617
6,run5_initcall.txt,pstore_init,3.202713,0,18
6,run5_initcall.txt,init_root_keyring,3.208276,0,36
6,run5_initcall.txt,init_profile_hash,3.213814,0,0
6,run5_initcall.txt,integrity_fs_init,3.219346,0,33
6,run5_initcall.txt,crypto_algapi_init,3.224731,0,9
6,run5_initcall.txt,blk_timeout_init,3.230241,0,0
6,run5_initcall.txt,depot_debugfs_init,3.235746,0,8
6,run5_initcall.txt,pci_resource_alignment_sysfs_init,3.241258,0,8
6,run5_initcall.txt,pci_sysfs_init,3.246774,0,24
6,run5_initcall.txt,clk_debug_init,3.252675,0,444
6,run5_initcall.txt,genpd_debug_init,3.258431,0,378
6,run5_initcall.txt,sync_state_resume_initcall,3.26394,0,0
6,run5_initcall.txt,deferred_probe_initcall,3.36199,0,92537
6,run5_initcall.txt,efi_shutdown_init,3.368834,-19,2
6,run5_initcall.txt,efi_earlycon_unmap_fb,3.374434,0,5
6,run5_initcall.txt,psci_debugfs_init,3.37968,0,0
6,run5_initcall.txt,of_cfs_init,3.389944,0,5067
6,run5_initcall.txt,of_fdt_raw_init,3.395095,0,36
6,run5_initcall.txt,bpf_kfunc_init,3.400234,0,3
6,run5_initcall.txt,init_subsystem,3.405381,0,0
6,run5_initcall.txt,xdp_metadata_init,3.410519,0,0
6,run5_initcall.txt,bpf_sockmap_iter_init,3.41569,0,1
6,run5_initcall.txt,bpf_sk_storage_map_iter_init,3.4157,0,0
6,run5_initcall.txt,bpf_prog_test_run_init,3.41571,0,0
6,run5_initcall.txt,bpf_dummy_struct_ops_init,3.43634,0,1
6,run5_initcall.txt,tcp_congestion_default,3.441574,0,1
6,run5_initcall.txt,inet_blackhole_dev_init,3.446823,0,9
6,run5_initcall.txt,ip_auto_config,3.454562,0,13
6,run5_initcall.txt,tcp_bpf_v4_build_proto,3.462408,0,0
6,run5_initcall.txt,udp_bpf_v4_build_proto,3.467645,0,0
6,run5_initcall.txt,bpf_tcp_ca_kfunc_init,3.472896,0,1
6,run5_initcall.txt,bpf_mptcp_kfunc_init,3.478138,0,0
6,run5_initcall.txt,latency_fsnotify_init,3.483362,0,33
6,run5_initcall.txt,trace_eval_sync,3.48844,0,12
6,run5_initcall.txt,late_trace_init,3.493674,0,0
6,run5_initcall.txt,fb_logo_late_init,3.49887,0,0
6,run5_initcall.txt,amba_stub_drv_init,3.504111,0,27
6,run5_initcall.txt,clk_disable_unused,3.516235,0,6888
6,run5_initcall.txt,genpd_power_off_unused,3.526828,0,5498
6,run5_initcall.txt,regulator_init_complete,3.537962,0,3
6,run5_initcall.txt,of_platform_sync_state_init,3.548526,0,23
7,run6_initcall.txt,init_reserve_notifier,0.052246,0,0
7,run6_initcall.txt,swap_init,0.052267,0,0
7,run6_initcall.txt,swapfile_init,0.052288,0,0
7,run6_initcall.txt,memory_tier_init,0.05234,0,0
7,run6_initcall.txt,numa_init_sysfs,0.05236,0,0
7,run6_initcall.txt,mem_cgroup_swap_init,0.052378,0,0
7,run6_initcall.txt,init_msg_buckets,0.052429,0,0
7,run6_initcall.txt,init_bio,0.052477,0,0
7,run6_initcall.txt,blk_ioc_init,0.052496,0,0
7,run6_initcall.txt,blk_mq_init,0.052513,0,0
7,run6_initcall.txt,genhd_device_init,0.052615,0,0
7,run6_initcall.txt,blkcg_punt_bio_init,0.052715,0,0
7,run6_initcall.txt,blk_integrity_auto_init,0.052788,0,0
7,run6_initcall.txt,io_wq_init,0.052808,0,0
7,run6_initcall.txt,crc_t10dif_mod_init,0.052836,0,0
7,run6_initcall.txt,sha256_mod_init,0.052855,0,0
7,run6_initcall.txt,sha512_mod_init,0.052872,0,0
7,run6_initcall.txt,sg_pool_init,0.052904,0,0
7,run6_initcall.txt,gpiolib_debugfs_init,0.052929,0,0
7,run6_initcall.txt,stmpe_gpio_init,0.053029,0,0
7,run6_initcall.txt,pwm_init,0.053062,0,0
7,run6_initcall.txt,leds_init,0.053096,0,0
7,run6_initcall.txt,pci_slot_init,0.053121,0,0
7,run6_initcall.txt,fbmem_init,0.05318,0,0
7,run6_initcall.txt,bcm2835_dma_init,0.053942,0,0
7,run6_initcall.txt,regulator_fixed_voltage_init,0.054018,0,0
7,run6_initcall.txt,gpio_regulator_init,0.054078,0,0
7,run6_initcall.txt,init_sysrq_sysctl,0.054103,0,0
7,run6_initcall.txt,misc_init,0.054133,0,0
7,run6_initcall.txt,iommu_subsys_init,0.054166,0,0
7,run6_initcall.txt,register_cpu_capacity_sysctl,0.054755,0,0
7,run6_initcall.txt,dma_buf_init,0.054851,0,0
7,run6_initcall.txt,dma_heap_init,0.05489,0,0
7,run6_initcall.txt,init_scsi,0.054996,0,0
7,run6_initcall.txt,mdio_bus_init,0.05503,0,0
7,run6_initcall.txt,phy_init,0.055079,0,0
7,run6_initcall.txt,usb_common_init,0.055101,0,0
7,run6_initcall.txt,usb_init,0.055222,0,0
7,run6_initcall.txt,usb_phy_generic_init,0.055389,0,0
7,run6_initcall.txt,usb_udc_init,0.055428,0,0
7,run6_initcall.txt,usb_roles_init,0.055454,0,0
7,run6_initcall.txt,input_init,0.055486,0,0
7,run6_initcall.txt,rtc_init,0.055511,0,0
7,run6_initcall.txt,rc_core_init,0.055542,0,0
7,run6_initcall.txt,pps_init,0.055577,0,0
7,run6_initcall.txt,ptp_init,0.055603,0,0
7,run6_initcall.txt,power_supply_class_init,0.055632,0,0
7,run6_initcall.txt,hwmon_init,0.055656,0,0
7,run6_initcall.txt,mmc_init,0.055699,0,0
7,run6_initcall.txt,dmi_init,0.055716,0,0
7,run6_initcall.txt,efisubsys_init,0.055734,0,0
7,run6_initcall.txt,arm_pmu_hp_init,0.055755,0,0
7,run6_initcall.txt,ras_init,0.055778,0,0
7,run6_initcall.txt,nvmem_init,0.055813,0,0
7,run6_initcall.txt,init_soundcore,0.055833,0,0
7,run6_initcall.txt,proto_init,0.055854,0,0
7,run6_initcall.txt,net_dev_init,0.056091,0,0
7,run6_initcall.txt,neigh_init,0.056111,0,0
7,run6_initcall.txt,fib_notifier_init,0.056127,0,0
7,run6_initcall.txt,netdev_genl_init,0.056168,0,0
7,run6_initcall.txt,page_pool_user_init,0.056185,0,0
7,run6_initcall.txt,fib_rules_init,0.056202,0,0
7,run6_initcall.txt,init_cgroup_netprio,0.056221,0,0
7,run6_initcall.txt,bpf_lwt_init,0.056236,0,0
7,run6_initcall.txt,pktsched_init,0.056256,0,0
7,run6_initcall.txt,tc_filter_init,0.056287,0,0
7,run6_initcall.txt,tc_action_init,0.056305,0,0
7,run6_initcall.txt,ethnl_init,0.056377,0,0
7,run6_initcall.txt,nexthop_init,0.0564,0,0
7,run6_initcall.txt,devlink_init,0.056484,0,0
7,run6_initcall.txt,wireless_nlevent_init,0.056505,0,0
7,run6_initcall.txt,vsprintf_init_hashval,0.056526,0,0
7,run6_initcall.txt,init_32bit_el0_mask,0.056545,0,0
7,run6_initcall.txt,vga_arb_device_init,0.056671,0,0
7,run6_initcall.txt,watchdog_init,0.056814,0,0
7,run6_initcall.txt,create_debug_debugfs_entry,0.056928,0,0
7,run6_initcall.txt,iomem_init_inode,0.056973,0,0
7,run6_initcall.txt,clocksource_done_booting,0.057026,0,15
7,run6_initcall.txt,tracer_init_tracefs,0.057069,0,25
7,run6_initcall.txt,init_trace_printk_function_export,0.057172,0,84
7,run6_initcall.txt,init_graph_tracefs,0.057195,0,2
7,run6_initcall.txt,bpf_event_init,0.057214,0,1
7,run6_initcall.txt,init_kprobe_trace,0.432487,0,375250
7,run6_initcall.txt,init_dynamic_event,0.432607,0,11
7,run6_initcall.txt,bpf_init,0.432653,0,16
7,run6_initcall.txt,secretmem_init,0.432729,0,56
7,run6_initcall.txt,init_fs_stat_sysctls,0.432764,0,16
7,run6_initcall.txt,init_fs_exec_sysctls,0.432784,0,1
7,run6_initcall.txt,init_pipe_fs,0.432815,0,13
7,run6_initcall.txt,init_fs_namei_sysctls,0.432846,0,12
7,run6_initcall.txt,init_fs_dcache_sysctls,0.432872,0,8
7,run6_initcall.txt,init_fs_namespace_sysctls,0.432891,0,1
7,run6_initcall.txt,cgroup_writeback_init,0.432922,0,10
7,run6_initcall.txt,inotify_user_setup,0.432957,0,16
7,run6_initcall.txt,eventpoll_init,0.432996,0,20
7,run6_initcall.txt,anon_inode_init,0.43306,0,14
7,run6_initcall.txt,proc_locks_init,0.433085,0,6
7,run6_initcall.txt,backing_aio_init,0.433106,0,2
7,run6_initcall.txt,init_fs_coredump_sysctls,0.433132,0,7
7,run6_initcall.txt,init_vm_drop_caches_sysctls,0.433156,0,4
7,run6_initcall.txt,iomap_dio_init,0.433201,0,24
7,run6_initcall.txt,iomap_ioend_init,0.433247,0,27
7,run6_initcall.txt,dquot_init,0.433444,0,178
7,run6_initcall.txt,proc_cmdline_init,0.433468,0,2
7,run6_initcall.txt,proc_consoles_init,0.433487,0,1
7,run6_initcall.txt,proc_cpuinfo_init,0.433507,0,1
7,run6_initcall.txt,proc_devices_init,0.433526,0,1
7,run6_initcall.txt,proc_interrupts_init,0.433549,0,1
7,run6_initcall.txt,proc_loadavg_init,0.433569,0,1
7,run6_initcall.txt,proc_meminfo_init,0.433588,0,1
7,run6_initcall.txt,proc_stat_init,0.433608,0,1
7,run6_initcall.txt,proc_uptime_init,0.433628,0,1
7,run6_initcall.txt,proc_version_init,0.433647,0,1
7,run6_initcall.txt,proc_softirqs_init,0.433669,0,3
7,run6_initcall.txt,proc_kmsg_init,0.433688,0,2
7,run6_initcall.txt,proc_page_init,0.433705,0,2
7,run6_initcall.txt,init_ramfs_fs,0.43372,0,1
7,run6_initcall.txt,aa_create_aafs,0.433736,0,0
7,run6_initcall.txt,chr_dev_init,0.436831,0,3075
7,run6_initcall.txt,hwrng_modinit,0.436918,0,52
7,run6_initcall.txt,firmware_class_init,0.436939,0,1
7,run6_initcall.txt,sysctl_core_init,0.436987,0,30
7,run6_initcall.txt,eth_offload_init,0.437005,0,1
7,run6_initcall.txt,ipv4_offload_init,0.437042,0,1
7,run6_initcall.txt,inet_init,0.4412,0,4141
7,run6_initcall.txt,af_unix_init,0.441261,0,23
7,run6_initcall.txt,ipv6_offload_init,0.441281,0,2
7,run6_initcall.txt,init_sunrpc,0.441703,0,405
7,run6_initcall.txt,vlan_offload_init,0.441723,0,0
7,run6_initcall.txt,pci_apply_final_quirks,0.441753,0,13
7,run6_initcall.txt,populate_rootfs,0.441777,0,7
7,run6_initcall.txt,register_arm64_panic_block,0.441898,0,1
7,run6_initcall.txt,cpuinfo_regs_init,0.445121,0,3201
7,run6_initcall.txt,aarch32_el0_sysfs_init,0.445194,0,0
7,run6_initcall.txt,kvm_arm_init,0.449384,0,4170
7,run6_initcall.txt,proc_execdomains_init,0.449456,0,13
7,run6_initcall.txt,register_warn_debugfs,0.449507,0,33
7,run6_initcall.txt,cpuhp_sysfs_init,0.449564,0,38
7,run6_initcall.txt,ioresources_init,0.44959,0,6
7,run6_initcall.txt,psi_proc_init,0.449608,0,0
7,run6_initcall.txt,irq_gc_init_ops,0.449626,0,0
7,run6_initcall.txt,irq_debugfs_init,0.449721,0,78
7,run6_initcall.txt,proc_modules_init,0.449749,0,2
7,run6_initcall.txt,timer_sysctl_init,0.449781,0,14
7,run6_initcall.txt,timekeeping_init_ops,0.449799,0,0
7,run6_initcall.txt,init_clocksource_sysfs,0.449901,0,88
7,run6_initcall.txt,init_timer_list_procfs,0.449923,0,2
7,run6_initcall.txt,alarmtimer_init,0.450018,0,80
7,run6_initcall.txt,clockevents_init_sysfs,0.450158,0,123
7,run6_initcall.txt,sched_clock_syscore_init,0.450176,0,0
7,run6_initcall.txt,kallsyms_init,0.450198,0,2
7,run6_initcall.txt,pid_namespaces_init,0.450275,0,60
7,run6_initcall.txt,audit_watch_init,0.450295,0,3
7,run6_initcall.txt,audit_fsnotify_init,0.45031,0,0
7,run6_initcall.txt,audit_tree_init,0.450328,0,2
7,run6_initcall.txt,seccomp_sysctl_init,0.450349,0,5
7,run6_initcall.txt,utsname_sysctl_init,0.450375,0,11
7,run6_initcall.txt,init_tracepoints,0.450393,0,2
7,run6_initcall.txt,init_lstats_procfs,0.450416,0,6
7,run6_initcall.txt,stack_trace_init,0.450471,0,38
7,run6_initcall.txt,init_blk_tracer,0.450505,0,16
7,run6_initcall.txt,perf_event_sysfs_init,0.45064,0,114
7,run6_initcall.txt,system_trusted_keyring_init,0.450682,0,20
7,run6_initcall.txt,kswapd_init,0.450979,0,274
7,run6_initcall.txt,extfrag_debug_init,0.45104,0,24
7,run6_initcall.txt,mm_compute_batch_init,0.451061,0,0
7,run6_initcall.txt,slab_proc_init,0.451088,0,10
7,run6_initcall.txt,workingset_init,0.451112,0,10
7,run6_initcall.txt,proc_vmalloc_init,0.451131,0,2
7,run6_initcall.txt,memblock_init_debugfs,0.451156,0,9
7,run6_initcall.txt,slab_debugfs_init,0.451192,0,19
7,run6_initcall.txt,procswaps_init,0.451209,0,1
7,run6_initcall.txt,zs_init,0.451227,0,0
7,run6_initcall.txt,fcntl_init,0.451248,0,4
7,run6_initcall.txt,proc_filesystems_init,0.451266,0,1
7,run6_initcall.txt,start_dirtytime_writeback,0.451293,0,9
7,run6_initcall.txt,dio_init,0.451314,0,1
7,run6_initcall.txt,dnotify_init,0.451363,0,31
7,run6_initcall.txt,fanotify_user_setup,0.451394,0,11
7,run6_initcall.txt,aio_setup,0.451476,0,62
7,run6_initcall.txt,mbcache_init,0.451506,0,5
7,run6_initcall.txt,init_grace,0.451528,0,2
7,run6_initcall.txt,init_devpts_fs,0.451556,0,12
7,run6_initcall.txt,ext4_init_fs,0.451667,0,97
7,run6_initcall.txt,journal_init,0.4517,0,15
7,run6_initcall.txt,init_fat_fs,0.451721,0,6
7,run6_initcall.txt,init_vfat_fs,0.451736,0,0
7,run6_initcall.txt,init_msdos_fs,0.451751,0,0
7,run6_initcall.txt,init_nfs_fs,0.452052,0,284
7,run6_initcall.txt,init_nfs_v2,0.452082,0,0
7,run6_initcall.txt,init_nfs_v3,0.452096,0,0
7,run6_initcall.txt,init_nfs_v4,0.452148,0,38
7,run6_initcall.txt,nfs4filelayout_init,0.45217,0,6
7,run6_initcall.txt,nfs4flexfilelayout_init,0.452191,0,6
7,run6_initcall.txt,init_nlm,0.45225,0,43
7,run6_initcall.txt,init_nls_cp437,0.452273,0,0
7,run6_initcall.txt,init_nls_ascii,0.452287,0,0
7,run6_initcall.txt,init_autofs_fs,0.45249,0,188
7,run6_initcall.txt,init_f2fs_fs,0.452666,0,154
7,run6_initcall.txt,ipc_init,0.452704,0,18
7,run6_initcall.txt,ipc_sysctl_init,0.452751,0,31
7,run6_initcall.txt,init_mqueue_fs,0.452824,0,56
7,run6_initcall.txt,key_proc_init,0.452846,0,4
7,run6_initcall.txt,bpf_crypto_skcipher_init,0.452873,0,2
7,run6_initcall.txt,dh_init,0.452892,0,2
7,run6_initcall.txt,rsa_init,0.452909,0,1
7,run6_initcall.txt,cryptomgr_init,0.452925,0,0
7,run6_initcall.txt,hmac_module_init,0.452941,0,0
7,run6_initcall.txt,crypto_sha256_mod_init,0.452963,0,6
7,run6_initcall.txt,crypto_ecb_module_init,0.45298,0,0
7,run6_initcall.txt,crypto_cbc_module_init,0.452997,0,0
7,run6_initcall.txt,crypto_cts_module_init,0.453048,0,0
7,run6_initcall.txt,xts_module_init,0.453065,0,0
7,run6_initcall.txt,des_generic_mod_init,0.453083,0,1
7,run6_initcall.txt,aes_init,0.453101,0,0
7,run6_initcall.txt,lzo_mod_init,0.453117,0,1
7,run6_initcall.txt,lzorle_mod_init,0.453134,0,1
7,run6_initcall.txt,asymmetric_key_init,0.453157,0,7
7,run6_initcall.txt,x509_key_init,0.453179,0,5
7,run6_initcall.txt,crypto_kdf108_init,0.453198,0,0
7,run6_initcall.txt,blkdev_init,0.453245,0,31
7,run6_initcall.txt,proc_genhd_init,0.453267,0,3
7,run6_initcall.txt,bsg_init,0.453315,0,30
7,run6_initcall.txt,throtl_init,0.453495,0,161
7,run6_initcall.txt,deadline_init,0.453524,0,6
7,run6_initcall.txt,kyber_init,0.453546,0,5
7,run6_initcall.txt,bfq_init,0.453599,0,33
7,run6_initcall.txt,io_uring_init,0.453663,0,46
7,run6_initcall.txt,btree_module_init,0.453691,0,5
7,run6_initcall.txt,percpu_counter_startup,0.453784,0,74
7,run6_initcall.txt,audit_classes_init,0.453813,0,8
7,run6_initcall.txt,gicv5_iwb_platform_driver_init,0.453945,0,112
7,run6_initcall.txt,mip_msi_driver_init,0.454003,0,37
7,run6_initcall.txt,bcm7038_l1_driver_init,0.454057,0,35
7,run6_initcall.txt,bcm7120_l2_driver_init,0.454126,0,40
7,run6_initcall.txt,brcmstb_l2_driver_init,0.454648,0,502
7,run6_initcall.txt,simple_pm_bus_driver_init,0.455391,0,705
7,run6_initcall.txt,phy_core_init,0.45546,0,40
7,run6_initcall.txt,brcm_usb_driver_init,0.455578,0,96
7,run6_initcall.txt,rp1_pinctrl_driver_init,0.455632,0,34
7,run6_initcall.txt,bcm2835_pinctrl_driver_init,0.456981,0,1329
7,run6_initcall.txt,bcm2712_pinctrl_driver_init,0.457119,0,72
7,run6_initcall.txt,brcmvirt_gpio_driver_init,0.457179,0,37
7,run6_initcall.txt,brcmstb_gpio_driver_init,0.457235,0,35
7,run6_initcall.txt,rpi_exp_gpio_driver_init,0.457946,0,690
7,run6_initcall.txt,brcmstb_pwm_driver_init,0.458046,0,60
7,run6_initcall.txt,rp1_pwm_driver_init,0.458107,0,40
7,run6_initcall.txt,gpio_led_driver_init,0.67604,0,217912
7,run6_initcall.txt,led_pwm_driver_init,0.676269,0,131
7,run6_initcall.txt,timer_led_trigger_init,0.676312,0,5
7,run6_initcall.txt,oneshot_led_trigger_init,0.676332,0,0
7,run6_initcall.txt,heartbeat_trig_init,0.676354,0,2
7,run6_initcall.txt,bl_led_trigger_init,0.676372,0,0
7,run6_initcall.txt,ledtrig_cpu_init,0.676489,0,98
7,run6_initcall.txt,defon_led_trigger_init,0.676575,0,63
7,run6_initcall.txt,input_trig_init,0.676601,0,1
7,run6_initcall.txt,ledtrig_panic_init,0.676621,0,2
7,run6_initcall.txt,actpwr_trig_init,0.678109,0,1453
7,run6_initcall.txt,pcie_portdrv_init,0.678274,0,101
7,run6_initcall.txt,pci_proc_init,0.678318,0,13
7,run6_initcall.txt,brcm_pcie_driver_init,0.794015,0,115674
7,run6_initcall.txt,bcm2708_fb_init,0.794108,0,71
7,run6_initcall.txt,simplefb_driver_init,0.820327,0,26202
7,run6_initcall.txt,of_fixed_factor_clk_driver_init,0.820427,0,45
7,run6_initcall.txt,of_fixed_clk_driver_init,0.820511,0,34
7,run6_initcall.txt,gpio_clk_driver_init,0.820601,0,43
7,run6_initcall.txt,gated_fixed_clk_driver_init,0.820686,0,38
7,run6_initcall.txt,rp1_clk_driver_init,0.820768,0,35
7,run6_initcall.txt,rp1_sdio_clk_driver_init,0.82085,0,35
7,run6_initcall.txt,clk_dvp_driver_init,0.821072,0,175
7,run6_initcall.txt,bcm2835_aux_clk_driver_init,0.821195,0,68
7,run6_initcall.txt,raspberrypi_clk_driver_init,0.836712,0,15466
7,run6_initcall.txt,dw_driver_init,0.836815,0,54
7,run6_initcall.txt,bcm2835_power_driver_init,0.836885,0,22
7,run6_initcall.txt,rpi_power_driver_init,0.838326,0,1392
7,run6_initcall.txt,brcmstb_reset_driver_init,0.83842,0,42
7,run6_initcall.txt,brcm_rescal_reset_driver_init,0.838507,0,36
7,run6_initcall.txt,rpi_reset_driver_init,0.838675,0,117
7,run6_initcall.txt,reset_simple_driver_init,0.838811,0,82
7,run6_initcall.txt,n_null_init,0.838858,0,0
7,run6_initcall.txt,pty_init,0.838997,0,98
7,run6_initcall.txt,sysrq_init,0.839057,0,15
7,run6_initcall.txt,serial8250_init,0.839102,-19,0
7,run6_initcall.txt,bcm2835aux_serial_driver_init,0.839191,0,40
7,run6_initcall.txt,brcmuart_init,0.839294,0,55
7,run6_initcall.txt,exar_pci_driver_init,0.839374,0,32
7,run6_initcall.txt,of_platform_serial_driver_init,0.839521,0,94
7,run6_initcall.txt,serial_pci_driver_init,0.839602,0,29
7,run6_initcall.txt,pericom8250_pci_driver_init,0.839674,0,22
7,run6_initcall.txt,init_kgdboc,0.839822,0,99
7,run6_initcall.txt,random_sysctls_init,0.839881,0,13
7,run6_initcall.txt,ttyprintk_init,0.839984,0,56
7,run6_initcall.txt,bcm2835_rng_driver_init,0.840095,0,60
7,run6_initcall.txt,bcm74110_rng_driver_init,0.840181,0,37
7,run6_initcall.txt,iproc_rng200_driver_init,0.840514,0,282
7,run6_initcall.txt,smccc_trng_driver_init,0.840593,0,26
7,run6_initcall.txt,vc_mem_init,0.840769,0,127
7,run6_initcall.txt,vcio_driver_init,0.843652,0,2834
7,run6_initcall.txt,bcm2712_iommu_driver_init,0.848788,0,51
7,run6_initcall.txt,bcm2712_iommu_cache_driver_init,0.854017,0,42
7,run6_initcall.txt,topology_sysfs_init,0.859272,0,66
7,run6_initcall.txt,cacheinfo_sysfs_init,0.864748,0,255
7,run6_initcall.txt,devcoredump_init,0.870018,0,11
7,run6_initcall.txt,brd_init,0.881943,0,6657
7,run6_initcall.txt,loop_init,0.89261,0,5396
7,run6_initcall.txt,bcm2835_pm_driver_init,0.900674,0,2768
7,run6_initcall.txt,stmpe_i2c_driver_init,0.905939,0,18
7,run6_initcall.txt,stmpe_spi_driver_init,0.911031,0,19
7,run6_initcall.txt,rp1_driver_init,0.916282,0,29
7,run6_initcall.txt,system_heap_create,0.921633,0,97
7,run6_initcall.txt,add_default_cma_heap,0.926992,0,95
7,run6_initcall.txt,udmabuf_dev_init,0.932289,0,48
7,run6_initcall.txt,iscsi_transport_init,0.940384,0,2855
7,run6_initcall.txt,init_sd,0.945488,0,30
7,run6_initcall.txt,nvme_core_init,0.950971,0,277
7,run6_initcall.txt,nvme_init,0.956243,0,36
7,run6_initcall.txt,blackhole_netdev_init,0.961501,0,19
7,run6_initcall.txt,netkit_init,0.966731,0,6
7,run6_initcall.txt,phylink_init,0.971961,0,0
7,run6_initcall.txt,phy_module_init,0.977219,0,174
7,run6_initcall.txt,phy_module_init,0.982588,0,179
7,run6_initcall.txt,fixed_mdio_bus_init,0.987995,0,171
7,run6_initcall.txt,phy_module_init,0.993389,0,176
7,run6_initcall.txt,phy_module_init,0.998701,0,37
7,run6_initcall.txt,phy_module_init,1.004075,0,65
7,run6_initcall.txt,unimac_mdio_driver_init,1.009554,0,126
7,run6_initcall.txt,macb_driver_init,1.014953,0,117
7,run6_initcall.txt,bcmgenet_driver_init,1.236727,0,216310
7,run6_initcall.txt,bcmasp_driver_init,1.242507,0,97
7,run6_initcall.txt,lan78xx_driver_init,1.25092,0,2884
7,run6_initcall.txt,smsc95xx_driver_init,1.259594,0,2921
7,run6_initcall.txt,usbnet_init,1.265403,0,0
7,run6_initcall.txt,xhci_hcd_init,1.271197,0,18
7,run6_initcall.txt,xhci_pci_init,1.448093,0,171209
7,run6_initcall.txt,xhci_plat_init,1.453874,0,139
7,run6_initcall.txt,dwc_otg_driver_init,1.470659,0,11140
7,run6_initcall.txt,dwc_common_port_init_module,1.47903,0,2798
7,run6_initcall.txt,dwc3_driver_init,1.484719,0,71
7,run6_initcall.txt,dwc3_haps_driver_init,1.490366,0,30
7,run6_initcall.txt,dwc3_of_simple_driver_init,1.496003,0,62
7,run6_initcall.txt,dwc3_generic_driver_init,1.501633,0,42
7,run6_initcall.txt,dwc2_platform_driver_init,1.507339,0,150
7,run6_initcall.txt,uas_init,1.515687,0,2929
7,run6_initcall.txt,usb_storage_driver_init,1.524022,0,2783
7,run6_initcall.txt,brcmstb_usb_pinmap_init,1.529653,-19,82
7,run6_initcall.txt,bdc_driver_init,1.535286,0,55
7,run6_initcall.txt,input_leds_init,1.540879,0,1
7,run6_initcall.txt,mousedev_init,1.550076,0,3621
7,run6_initcall.txt,evdev_init,1.555687,0,1
7,run6_initcall.txt,brcmstb_waketmr_driver_init,1.561471,0,90
7,run6_initcall.txt,rpi_rtc_driver_init,1.567093,0,42
7,run6_initcall.txt,init_rc_map_adstech_dvb_t_pci,1.572696,0,0
7,run6_initcall.txt,init_rc_map_alink_dtu_m,1.578125,0,0
7,run6_initcall.txt,init_rc_map_anysee,1.583849,0,153
7,run6_initcall.txt,init_rc_map_apac_viewcomp,1.589429,0,0
7,run6_initcall.txt,init_rc_map_t2hybrid,1.595016,0,0
7,run6_initcall.txt,init_rc_map_asus_pc39,1.600601,0,0
7,run6_initcall.txt,init_rc_map_asus_ps3_100,1.606162,0,0
7,run6_initcall.txt,init_rc_map_ati_tv_wonder_hd_600,1.611637,0,91
7,run6_initcall.txt,init_rc_map_ati_x10,1.617196,0,0
7,run6_initcall.txt,init_rc_map_avermedia_a16d,1.622744,0,0
7,run6_initcall.txt,init_rc_map_avermedia_cardbus,1.62827,0,0
7,run6_initcall.txt,init_rc_map_avermedia_dvbt,1.633787,0,0
7,run6_initcall.txt,init_rc_map_avermedia_m135a,1.639286,0,0
7,run6_initcall.txt,init_rc_map_avermedia_m733a_rm_k6,1.644644,0,0
7,run6_initcall.txt,init_rc_map_avermedia,1.650145,0,0
7,run6_initcall.txt,init_rc_map_avermedia_rm_ks,1.65564,0,0
7,run6_initcall.txt,init_rc_map_avertv_303,1.661145,0,0
7,run6_initcall.txt,init_rc_map_azurewave_ad_tu700,1.669403,0,2766
7,run6_initcall.txt,init_rc_map_beelink_gs1,1.674955,0,45
7,run6_initcall.txt,init_rc_map_beelink_mxiii,1.680534,0,45
7,run6_initcall.txt,init_rc_map_behold_columbus,1.686049,0,0
7,run6_initcall.txt,init_rc_map_behold,1.691596,0,0
7,run6_initcall.txt,init_rc_map_budget_ci_old,1.697103,0,0
7,run6_initcall.txt,init_rc_map_cinergy_1400,1.702583,0,0
7,run6_initcall.txt,init_rc_map_cinergy,1.708054,0,0
7,run6_initcall.txt,init_rc_map_ct_90405,1.71336,0,0
7,run6_initcall.txt,init_rc_map_d680_dmb,1.718819,0,0
7,run6_initcall.txt,init_rc_map_delock_61959,1.724251,0,0
7,run6_initcall.txt,init_rc_map,1.729663,0,0
7,run6_initcall.txt,init_rc_map,1.735077,0,0
7,run6_initcall.txt,init_rc_map_digitalnow_tinytwin,1.740512,0,0
7,run6_initcall.txt,init_rc_map_digittrade,1.745924,0,1
7,run6_initcall.txt,init_rc_map_dm1105_nec,1.75139,0,0
7,run6_initcall.txt,init_rc_map_dntv_live_dvb_t,1.75681,0,0
7,run6_initcall.txt,init_rc_map_dntv_live_dvbt_pro,1.762253,0,0
7,run6_initcall.txt,init_rc_map_dreambox,1.767667,0,0
7,run6_initcall.txt,init_rc_map_dtt200u,1.773094,0,0
7,run6_initcall.txt,init_rc_map_rc5_dvbsky,1.778384,0,0
7,run6_initcall.txt,init_rc_map_dvico_mce,1.783817,0,0
7,run6_initcall.txt,init_rc_map_dvico_portable,1.789453,0,0
7,run6_initcall.txt,init_rc_map_em_terratec,1.794846,0,0
7,run6_initcall.txt,init_rc_map_encore_enltv2,1.800405,0,46
7,run6_initcall.txt,init_rc_map_encore_enltv_fm53,1.805911,0,0
7,run6_initcall.txt,init_rc_map_encore_enltv,1.811215,0,0
7,run6_initcall.txt,init_rc_map_evga_indtube,1.816677,0,0
7,run6_initcall.txt,init_rc_map_eztv,1.82233,0,106
7,run6_initcall.txt,init_rc_map_flydvb,1.828008,0,44
7,run6_initcall.txt,init_rc_map_flyvideo,1.833678,0,44
7,run6_initcall.txt,init_rc_map_fusionhdtv_mce,1.842042,0,2752
7,run6_initcall.txt,init_rc_map_gadmei_rm008z,1.847424,0,14
7,run6_initcall.txt,init_rc_map_geekbox,1.858559,0,2
7,run6_initcall.txt,init_rc_map_genius_tvgo_a11mce,1.866914,0,0
7,run6_initcall.txt,init_rc_map_gotview7135,1.875241,0,0
7,run6_initcall.txt,init_rc_map_rc5_hauppauge_new,1.883403,0,0
7,run6_initcall.txt,init_rc_map_hisi_poplar,1.891682,0,0
7,run6_initcall.txt,init_rc_map_hisi_tv_demo,1.897216,0,0
7,run6_initcall.txt,init_rc_map_imon_mce,1.902729,0,0
7,run6_initcall.txt,init_rc_map_imon_pad,1.908234,0,0
7,run6_initcall.txt,init_rc_map_imon_rsc,1.913568,0,0
7,run6_initcall.txt,init_rc_map_iodata_bctv7e,1.919037,0,0
7,run6_initcall.txt,init_rc_it913x_v1_map,1.924495,0,0
7,run6_initcall.txt,init_rc_it913x_v2_map,1.929976,0,0
7,run6_initcall.txt,init_rc_map_kaiomy,1.935413,0,0
7,run6_initcall.txt,init_rc_map_khadas,1.940865,0,0
7,run6_initcall.txt,init_rc_map_khamsin,1.946147,0,0
7,run6_initcall.txt,init_rc_map_kworld_315u,1.951579,0,0
7,run6_initcall.txt,init_rc_map_kworld_pc150u,1.957029,0,0
7,run6_initcall.txt,init_rc_map_kworld_plus_tv_analog,1.962474,0,0
7,run6_initcall.txt,init_rc_map_leadtek_y04g0051,1.967932,0,0
7,run6_initcall.txt,init_rc_lme2510_map,1.973374,0,0
7,run6_initcall.txt,init_rc_map_manli,1.978642,0,0
7,run6_initcall.txt,init_rc_map_mecool_kiii_pro,1.984132,0,0
7,run6_initcall.txt,init_rc_map_mecool_kii_pro,1.989714,0,39
7,run6_initcall.txt,init_rc_map_medion_x10_digitainer,1.995235,0,10
7,run6_initcall.txt,init_rc_map_medion_x10,2.000732,0,0
7,run6_initcall.txt,init_rc_map_medion_x10_or2x,2.006202,0,0
7,run6_initcall.txt,init_rc_map_minix_neo,2.011507,0,0
7,run6_initcall.txt,init_rc_map_msi_digivox_iii,2.016969,0,0
7,run6_initcall.txt,init_rc_map_msi_digivox_ii,2.022455,0,0
7,run6_initcall.txt,init_rc_map_msi_tvanywhere,2.027931,0,0
7,run6_initcall.txt,init_rc_map_msi_tvanywhere_plus,2.033509,0,0
7,run6_initcall.txt,init_rc_map_mygica_utv3,2.038911,0,0
7,run6_initcall.txt,init_rc_map_nebula,2.04416,0,0
7,run6_initcall.txt,init_rc_map_nec_terratec_cinergy_xs,2.049592,0,0
7,run6_initcall.txt,init_rc_map_norwood,2.055,0,0
7,run6_initcall.txt,init_rc_map_npgtech,2.060419,0,0
7,run6_initcall.txt,init_rc_map_odroid,2.065818,0,0
7,run6_initcall.txt,init_rc_map_pctv_sedna,2.071199,0,0
7,run6_initcall.txt,init_rc_map_pine64,2.076536,0,0
7,run6_initcall.txt,init_rc_map_pinnacle_color,2.081818,0,0
7,run6_initcall.txt,init_rc_map_pinnacle_grey,2.087196,0,0
7,run6_initcall.txt,init_rc_map_pinnacle_pctv_hd,2.092587,0,0
7,run6_initcall.txt,init_rc_map_pixelview,2.097997,0,50
7,run6_initcall.txt,init_rc_map_pixelview,2.103463,0,39
7,run6_initcall.txt,init_rc_map_pixelview_new,2.10889,0,4
7,run6_initcall.txt,init_rc_map_pixelview,2.114168,0,0
7,run6_initcall.txt,init_rc_map_powercolor_real_angel,2.119541,0,0
7,run6_initcall.txt,init_rc_map_proteus_2309,2.124929,0,0
7,run6_initcall.txt,init_rc_map_purpletv,2.130324,0,0
7,run6_initcall.txt,init_rc_map_pv951,2.135721,0,0
7,run6_initcall.txt,init_rc_map_rc6_mce,2.141131,0,0
7,run6_initcall.txt,init_rc_map_real_audio_220_32_keys,2.14638,0,0
7,run6_initcall.txt,init_rc_map_reddo,2.15176,0,0
7,run6_initcall.txt,init_rc_map_siemens_gigaset_rc20,2.157179,0,0
7,run6_initcall.txt,init_rc_map_snapstream_firefly,2.162602,0,0
7,run6_initcall.txt,init_rc_map_streamzap,2.168034,0,0
7,run6_initcall.txt,init_rc_map_su3000,2.173473,0,0
7,run6_initcall.txt,init_rc_map_tanix_tx3mini,2.178751,0,0
7,run6_initcall.txt,init_rc_map_tanix_tx5max,2.184182,0,0
7,run6_initcall.txt,init_rc_map_tbs_nec,2.192328,0,0
7,run6_initcall.txt,init_rc_map,2.197753,0,0
7,run6_initcall.txt,init_rc_map,2.20317,0,0
7,run6_initcall.txt,init_rc_map_terratec_cinergy_c_pci,2.20858,0,0
7,run6_initcall.txt,init_rc_map_terratec_cinergy_s2_hd,2.213835,0,0
7,run6_initcall.txt,init_rc_map_terratec_cinergy_xs,2.219214,0,0
7,run6_initcall.txt,init_rc_map_terratec_slim_2,2.224575,0,0
7,run6_initcall.txt,init_rc_map_terratec_slim,2.229926,0,0
7,run6_initcall.txt,init_rc_map_tevii_nec,2.23527,0,0
7,run6_initcall.txt,init_rc_map_tivo,2.24063,0,0
7,run6_initcall.txt,init_rc_map_total_media_in_hand_02,2.245829,0,0
7,run6_initcall.txt,init_rc_map_total_media_in_hand,2.251151,0,0
7,run6_initcall.txt,init_rc_map_trekstor,2.256493,0,0
7,run6_initcall.txt,init_rc_map_tt_1500,2.261836,0,0
7,run6_initcall.txt,init_rc_map_twinhan_vp1027,2.267184,0,0
7,run6_initcall.txt,init_rc_map_twinhan_dtv_cab_ci,2.272522,0,0
7,run6_initcall.txt,init_rc_map_vega_s9x,2.277745,0,0
7,run6_initcall.txt,init_rc_map_videomate_k100,2.283105,0,0
7,run6_initcall.txt,init_rc_map_videomate_s350,2.293806,0,0
7,run6_initcall.txt,init_rc_map_videomate_tv_pvr,2.304568,0,2
7,run6_initcall.txt,init_rc_map_kii_pro,2.309872,0,1
7,run6_initcall.txt,init_rc_map_wetek_hub,2.315153,0,2
7,run6_initcall.txt,init_rc_map_wetek_play2,2.320537,0,1
7,run6_initcall.txt,init_rc_map_winfast,2.325988,0,0
7,run6_initcall.txt,init_rc_map_winfast_usbii_deluxe,2.334007,0,0
7,run6_initcall.txt,init_rc_map_x96max,2.33937,0,0
7,run6_initcall.txt,init_rc_map,2.344575,0,0
7,run6_initcall.txt,init_rc_map,2.349926,0,0
7,run6_initcall.txt,init_rc_map_zx_irdec,2.355278,0,0
7,run6_initcall.txt,ptp_kvm_init,2.360629,-95,0
7,run6_initcall.txt,gpio_poweroff_driver_init,2.36606,0,109
7,run6_initcall.txt,bcm2711_thermal_driver_init,2.374414,0,3018
7,run6_initcall.txt,bcm2835_thermal_driver_init,2.37972,0,65
7,run6_initcall.txt,bcm2835_wdt_driver_init,2.385145,0,29
7,run6_initcall.txt,dt_cpufreq_platdrv_init,2.390586,0,28
7,run6_initcall.txt,brcm_avs_cpufreq_platdrv_init,2.396042,0,49
7,run6_initcall.txt,raspberrypi_cpufreq_driver_init,2.407794,0,6331
7,run6_initcall.txt,mmc_pwrseq_simple_driver_init,2.413245,0,98
7,run6_initcall.txt,mmc_pwrseq_emmc_driver_init,2.418804,0,45
7,run6_initcall.txt,mmc_blk_init,2.424373,0,34
7,run6_initcall.txt,sdhci_drv_init,2.435438,0,5545
7,run6_initcall.txt,bcm2835_mmc_driver_init,2.443718,0,2720
7,run6_initcall.txt,bcm2835_driver_init,2.449325,0,43
7,run6_initcall.txt,sdhci_pltfm_drv_init,2.457704,0,2792
7,run6_initcall.txt,sdhci_iproc_driver_init,2.463362,0,84
7,run6_initcall.txt,sdhci_brcmstb_driver_init,2.463443,0,67
7,run6_initcall.txt,esrt_sysfs_init,2.463467,-38,3
7,run6_initcall.txt,smccc_devices_init,2.46348,0,0
7,run6_initcall.txt,smccc_soc_init,2.463493,0,1
7,run6_initcall.txt,arch_timer_mmio_drv_init,2.463543,0,38
7,run6_initcall.txt,arch_timer_mmio_acpi_drv_init,2.463581,0,24
7,run6_initcall.txt,hid_init,2.463651,0,57
7,run6_initcall.txt,hid_generic_init,2.463701,0,36
7,run6_initcall.txt,hid_init,2.685614,0,221902
7,run6_initcall.txt,vchiq_driver_init,2.698124,0,6408
7,run6_initcall.txt,bcm74110_mbox_driver_init,2.705493,0,148
7,run6_initcall.txt,extcon_class_init,2.711589,0,19
7,run6_initcall.txt,armv8_pmu_driver_init,2.724654,0,6905
7,run6_initcall.txt,binder_init,2.730919,0,104
7,run6_initcall.txt,rpi_otp_driver_init,2.746625,0,9500
7,run6_initcall.txt,sock_diag_init,2.752778,0,27
7,run6_initcall.txt,blackhole_init,2.758929,0,1
7,run6_initcall.txt,cls_bpf_init_mod,2.765051,0,6
7,run6_initcall.txt,gre_offload_init,2.771171,0,1
7,run6_initcall.txt,sysctl_ipv4_init,2.777252,0,77
7,run6_initcall.txt,cubictcp_register,2.78336,0,9
7,run6_initcall.txt,packet_init,2.792572,0,3074
7,run6_initcall.txt,init_rpcsec_gss,2.798744,0,17
7,run6_initcall.txt,init_kerberos_module,2.804906,0,6
7,run6_initcall.txt,dcbnl_init,2.810903,0,4
7,run6_initcall.txt,init_dns_resolver,2.820127,0,3089
7,run6_initcall.txt,handshake_init,2.826338,0,43
7,run6_initcall.txt,check_mmu_enabled_at_boot,2.832504,0,0
7,run6_initcall.txt,finalize_pkvm,2.838683,0,9
7,run6_initcall.txt,kernel_do_mounts_initrd_sysctls_init,2.847895,0,24
7,run6_initcall.txt,kernel_panic_sysctls_init,2.854099,0,11
7,run6_initcall.txt,kernel_panic_sysfs_init,2.860309,0,6
7,run6_initcall.txt,kernel_exit_sysctls_init,2.866537,0,7
7,run6_initcall.txt,kernel_exit_sysfs_init,2.872743,0,2
7,run6_initcall.txt,param_sysfs_builtin_init,2.888669,0,9863
7,run6_initcall.txt,reboot_ksysfs_init,2.895291,0,228
7,run6_initcall.txt,sched_core_sysctl_init,2.902263,0,737
7,run6_initcall.txt,sched_fair_sysctl_init,2.908541,0,2
7,run6_initcall.txt,sched_rt_sysctl_init,2.914618,0,4
7,run6_initcall.txt,sched_dl_sysctl_init,2.920748,0,2
7,run6_initcall.txt,sched_init_debug,2.926998,0,94
7,run6_initcall.txt,cpu_latency_qos_init,2.933249,0,162
7,run6_initcall.txt,printk_late_init,2.939365,0,18
7,run6_initcall.txt,init_srcu_module_notifier,2.945306,0,1
7,run6_initcall.txt,kernel_rcu_stall_sysfs_init,2.951396,0,10
7,run6_initcall.txt,swiotlb_create_default_debugfs,2.957553,0,31
7,run6_initcall.txt,tk_debug_sleep_time_init,2.963678,0,10
7,run6_initcall.txt,bpf_ksym_iter_register,2.969785,0,1
7,run6_initcall.txt,kernel_acct_sysctls_init,2.975866,0,9
7,run6_initcall.txt,bpf_rstat_kfunc_init,2.981816,0,1
7,run6_initcall.txt,debugfs_kprobe_init,2.98789,0,14
7,run6_initcall.txt,kernel_delayacct_sysctls_init,2.994004,0,3
7,run6_initcall.txt,taskstats_init,3.003126,0,3045
7,run6_initcall.txt,ftrace_sysctl_init,3.009227,0,3
7,run6_initcall.txt,bpf_kprobe_multi_kfuncs_init,3.015176,0,6
7,run6_initcall.txt,kdb_ftrace_register,3.021272,0,8
7,run6_initcall.txt,bpf_global_ma_init,3.027506,0,119
7,run6_initcall.txt,bpf_syscall_sysctl_init,3.033662,0,6
7,run6_initcall.txt,unbound_reg_init,3.039779,0,7
7,run6_initcall.txt,kfunc_init,3.045766,0,1
7,run6_initcall.txt,bpf_map_iter_init,3.051871,0,6
7,run6_initcall.txt,init_subsystem,3.05789,0,0
7,run6_initcall.txt,task_iter_init,3.063841,0,6
7,run6_initcall.txt,bpf_prog_iter_init,3.069636,0,0
7,run6_initcall.txt,bpf_link_iter_init,3.075339,0,0
7,run6_initcall.txt,init_trampolines,3.080773,0,2
7,run6_initcall.txt,rqspinlock_register_kfuncs,3.086305,0,0
7,run6_initcall.txt,kfunc_init,3.091822,0,0
7,run6_initcall.txt,bpf_cgroup_iter_init,3.097358,0,0
7,run6_initcall.txt,cpumask_kfunc_init,3.102884,0,17
7,run6_initcall.txt,crypto_kfunc_init,3.10842,0,0
7,run6_initcall.txt,bpf_kmem_cache_iter_init,3.113774,0,0
7,run6_initcall.txt,dmabuf_iter_init,3.119298,0,5
7,run6_initcall.txt,load_system_certificate_list,3.127501,0,2739
7,run6_initcall.txt,init_lru_gen,3.13306,0,29
7,run6_initcall.txt,vmstat_late_init,3.138557,0,1
7,run6_initcall.txt,fault_around_debugfs,3.143946,0,3
7,run6_initcall.txt,slab_sysfs_init,3.153608,0,4126
7,run6_initcall.txt,max_swapfiles_check,3.159267,0,26
7,run6_initcall.txt,zswap_init,3.164813,0,1
7,run6_initcall.txt,mempolicy_sysfs_init,3.1704,0,21
7,run6_initcall.txt,memory_tier_late_init,3.181488,0,5525
7,run6_initcall.txt,check_early_ioremap_leak,3.18705,0,7
7,run6_initcall.txt,mg_debugfs_init,3.192598,0,20
7,run6_initcall.txt,fscrypt_init,3.203732,0,5589
7,run6_initcall.txt,pstore_init,3.209283,0,12
7,run6_initcall.txt,init_root_keyring,3.214694,0,39
7,run6_initcall.txt,init_profile_hash,3.220226,0,0
7,run6_initcall.txt,integrity_fs_init,3.225786,0,13
7,run6_initcall.txt,crypto_algapi_init,3.23133,0,14
7,run6_initcall.txt,blk_timeout_init,3.236836,0,0
7,run6_initcall.txt,depot_debugfs_init,3.242361,0,8
7,run6_initcall.txt,pci_resource_alignment_sysfs_init,3.247723,0,17
7,run6_initcall.txt,pci_sysfs_init,3.253234,0,13
7,run6_initcall.txt,clk_debug_init,3.259141,0,426
7,run6_initcall.txt,genpd_debug_init,3.265023,0,366
7,run6_initcall.txt,sync_state_resume_initcall,3.270541,0,14
7,run6_initcall.txt,deferred_probe_initcall,3.396105,0,120068
7,run6_initcall.txt,efi_shutdown_init,3.404677,-19,5
7,run6_initcall.txt,efi_earlycon_unmap_fb,3.410066,0,0
7,run6_initcall.txt,psci_debugfs_init,3.416317,0,0
7,run6_initcall.txt,of_cfs_init,3.426948,0,5307
7,run6_initcall.txt,of_fdt_raw_init,3.432211,0,37
7,run6_initcall.txt,bpf_kfunc_init,3.43747,0,2
7,run6_initcall.txt,init_subsystem,3.442734,0,0
7,run6_initcall.txt,xdp_metadata_init,3.447922,0,61
7,run6_initcall.txt,bpf_sockmap_iter_init,3.45841,0,1
7,run6_initcall.txt,bpf_sk_storage_map_iter_init,3.46372,0,2
7,run6_initcall.txt,bpf_prog_test_run_init,3.469156,0,27
7,run6_initcall.txt,bpf_dummy_struct_ops_init,3.474593,0,41
7,run6_initcall.txt,tcp_congestion_default,3.47984,0,1
7,run6_initcall.txt,inet_blackhole_dev_init,3.485225,0,9
7,run6_initcall.txt,ip_auto_config,3.490669,0,26
7,run6_initcall.txt,tcp_bpf_v4_build_proto,3.49605,0,0
7,run6_initcall.txt,udp_bpf_v4_build_proto,3.501422,0,0
7,run6_initcall.txt,bpf_tcp_ca_kfunc_init,3.506783,0,7
7,run6_initcall.txt,bpf_mptcp_kfunc_init,3.511983,0,0
7,run6_initcall.txt,latency_fsnotify_init,3.517427,0,32
7,run6_initcall.txt,trace_eval_sync,3.522808,0,12
7,run6_initcall.txt,late_trace_init,3.528134,0,0
7,run6_initcall.txt,fb_logo_late_init,3.5335,0,6
7,run6_initcall.txt,amba_stub_drv_init,3.53889,0,32
7,run6_initcall.txt,clk_disable_unused,3.550533,0,6410
7,run6_initcall.txt,genpd_power_off_unused,3.558721,0,2777
7,run6_initcall.txt,regulator_init_complete,3.564166,0,19
7,run6_initcall.txt,of_platform_sync_state_init,3.569571,0,18
8,run7_initcall.txt,kcompactd_init,0.052348,0,0
8,run7_initcall.txt,init_mm_sysctl,0.052369,0,0
8,run7_initcall.txt,init_user_reserve,0.052386,0,0
8,run7_initcall.txt,init_admin_reserve,0.0524,0,0
8,run7_initcall.txt,init_reserve_notifier,0.052415,0,0
8,run7_initcall.txt,swap_init,0.052435,0,0
8,run7_initcall.txt,swapfile_init,0.052492,0,0
8,run7_initcall.txt,memory_tier_init,0.052544,0,0
8,run7_initcall.txt,numa_init_sysfs,0.052564,0,0
8,run7_initcall.txt,mem_cgroup_swap_init,0.052583,0,0
8,run7_initcall.txt,init_msg_buckets,0.0526,0,0
8,run7_initcall.txt,init_bio,0.052646,0,0
8,run7_initcall.txt,blk_ioc_init,0.052666,0,0
8,run7_initcall.txt,blk_mq_init,0.052684,0,0
8,run7_initcall.txt,genhd_device_init,0.052786,0,0
8,run7_initcall.txt,blkcg_punt_bio_init,0.052888,0,0
8,run7_initcall.txt,blk_integrity_auto_init,0.052959,0,0
8,run7_initcall.txt,io_wq_init,0.052979,0,0
8,run7_initcall.txt,crc_t10dif_mod_init,0.053007,0,0
8,run7_initcall.txt,sha256_mod_init,0.053027,0,0
8,run7_initcall.txt,sha512_mod_init,0.053044,0,0
8,run7_initcall.txt,sg_pool_init,0.053075,0,0
8,run7_initcall.txt,gpiolib_debugfs_init,0.0531,0,0
8,run7_initcall.txt,stmpe_gpio_init,0.053202,0,0
8,run7_initcall.txt,pwm_init,0.053234,0,0
8,run7_initcall.txt,leds_init,0.053269,0,0
8,run7_initcall.txt,pci_slot_init,0.053293,0,0
8,run7_initcall.txt,fbmem_init,0.053352,0,0
8,run7_initcall.txt,bcm2835_dma_init,0.0541,0,0
8,run7_initcall.txt,regulator_fixed_voltage_init,0.054179,0,0
8,run7_initcall.txt,gpio_regulator_init,0.054239,0,0
8,run7_initcall.txt,init_sysrq_sysctl,0.054265,0,0
8,run7_initcall.txt,misc_init,0.05429,0,0
8,run7_initcall.txt,iommu_subsys_init,0.054321,0,0
8,run7_initcall.txt,register_cpu_capacity_sysctl,0.054899,0,0
8,run7_initcall.txt,dma_buf_init,0.054964,0,0
8,run7_initcall.txt,dma_heap_init,0.054998,0,0
8,run7_initcall.txt,init_scsi,0.055103,0,0
8,run7_initcall.txt,mdio_bus_init,0.055138,0,0
8,run7_initcall.txt,phy_init,0.055185,0,0
8,run7_initcall.txt,usb_common_init,0.055207,0,0
8,run7_initcall.txt,usb_init,0.055327,0,0
8,run7_initcall.txt,usb_phy_generic_init,0.055484,0,0
8,run7_initcall.txt,usb_udc_init,0.055519,0,0
8,run7_initcall.txt,usb_roles_init,0.055544,0,0
8,run7_initcall.txt,input_init,0.055573,0,0
8,run7_initcall.txt,rtc_init,0.055597,0,0
8,run7_initcall.txt,rc_core_init,0.055625,0,0
8,run7_initcall.txt,pps_init,0.055663,0,0
8,run7_initcall.txt,ptp_init,0.055688,0,0
8,run7_initcall.txt,power_supply_class_init,0.055716,0,0
8,run7_initcall.txt,hwmon_init,0.055737,0,0
8,run7_initcall.txt,mmc_init,0.055779,0,0
8,run7_initcall.txt,dmi_init,0.055796,0,0
8,run7_initcall.txt,efisubsys_init,0.055814,0,0
8,run7_initcall.txt,arm_pmu_hp_init,0.055835,0,0
8,run7_initcall.txt,ras_init,0.055921,0,0
8,run7_initcall.txt,nvmem_init,0.055961,0,0
8,run7_initcall.txt,init_soundcore,0.055982,0,0
8,run7_initcall.txt,proto_init,0.056001,0,0
8,run7_initcall.txt,net_dev_init,0.056239,0,0
8,run7_initcall.txt,neigh_init,0.05626,0,0
8,run7_initcall.txt,fib_notifier_init,0.056276,0,0
8,run7_initcall.txt,netdev_genl_init,0.056317,0,0
8,run7_initcall.txt,page_pool_user_init,0.056334,0,0
8,run7_initcall.txt,fib_rules_init,0.056351,0,0
8,run7_initcall.txt,init_cgroup_netprio,0.056369,0,0
8,run7_initcall.txt,bpf_lwt_init,0.056385,0,0
8,run7_initcall.txt,pktsched_init,0.056405,0,0
8,run7_initcall.txt,tc_filter_init,0.056439,0,0
8,run7_initcall.txt,tc_action_init,0.056456,0,0
8,run7_initcall.txt,ethnl_init,0.056558,0,0
8,run7_initcall.txt,nexthop_init,0.056581,0,0
8,run7_initcall.txt,devlink_init,0.056663,0,0
8,run7_initcall.txt,wireless_nlevent_init,0.056684,0,0
8,run7_initcall.txt,vsprintf_init_hashval,0.056705,0,0
8,run7_initcall.txt,init_32bit_el0_mask,0.056725,0,0
8,run7_initcall.txt,vga_arb_device_init,0.056887,0,0
8,run7_initcall.txt,watchdog_init,0.057013,0,0
8,run7_initcall.txt,create_debug_debugfs_entry,0.057128,0,0
8,run7_initcall.txt,iomem_init_inode,0.057181,0,0
8,run7_initcall.txt,clocksource_done_booting,0.057236,0,16
8,run7_initcall.txt,tracer_init_tracefs,0.057264,0,10
8,run7_initcall.txt,init_trace_printk_function_export,0.057344,0,61
8,run7_initcall.txt,init_graph_tracefs,0.057368,0,2
8,run7_initcall.txt,bpf_event_init,0.057386,0,1
8,run7_initcall.txt,init_kprobe_trace,0.433548,0,376142
8,run7_initcall.txt,init_dynamic_event,0.433655,0,10
8,run7_initcall.txt,bpf_init,0.433705,0,22
8,run7_initcall.txt,secretmem_init,0.433788,0,63
8,run7_initcall.txt,init_fs_stat_sysctls,0.433827,0,19
8,run7_initcall.txt,init_fs_exec_sysctls,0.433846,0,1
8,run7_initcall.txt,init_pipe_fs,0.433879,0,15
8,run7_initcall.txt,init_fs_namei_sysctls,0.4339,0,3
8,run7_initcall.txt,init_fs_dcache_sysctls,0.433927,0,9
8,run7_initcall.txt,init_fs_namespace_sysctls,0.433947,0,1
8,run7_initcall.txt,cgroup_writeback_init,0.433976,0,9
8,run7_initcall.txt,inotify_user_setup,0.43401,0,15
8,run7_initcall.txt,eventpoll_init,0.434046,0,17
8,run7_initcall.txt,anon_inode_init,0.434077,0,12
8,run7_initcall.txt,proc_locks_init,0.434103,0,7
8,run7_initcall.txt,backing_aio_init,0.434124,0,2
8,run7_initcall.txt,init_fs_coredump_sysctls,0.434151,0,8
8,run7_initcall.txt,init_vm_drop_caches_sysctls,0.434173,0,2
8,run7_initcall.txt,iomap_dio_init,0.434216,0,22
8,run7_initcall.txt,iomap_ioend_init,0.434263,0,28
8,run7_initcall.txt,dquot_init,0.434462,0,179
8,run7_initcall.txt,proc_cmdline_init,0.434489,0,3
8,run7_initcall.txt,proc_consoles_init,0.434508,0,1
8,run7_initcall.txt,proc_cpuinfo_init,0.434528,0,1
8,run7_initcall.txt,proc_devices_init,0.434548,0,0
8,run7_initcall.txt,proc_interrupts_init,0.43457,0,1
8,run7_initcall.txt,proc_loadavg_init,0.434589,0,1
8,run7_initcall.txt,proc_meminfo_init,0.434608,0,1
8,run7_initcall.txt,proc_stat_init,0.434628,0,1
8,run7_initcall.txt,proc_uptime_init,0.434648,0,1
8,run7_initcall.txt,proc_version_init,0.434667,0,1
8,run7_initcall.txt,proc_softirqs_init,0.434687,0,1
8,run7_initcall.txt,proc_kmsg_init,0.434704,0,1
8,run7_initcall.txt,proc_page_init,0.434721,0,2
8,run7_initcall.txt,init_ramfs_fs,0.434739,0,3
8,run7_initcall.txt,aa_create_aafs,0.434755,0,0
8,run7_initcall.txt,chr_dev_init,0.437915,0,3142
8,run7_initcall.txt,hwrng_modinit,0.438006,0,46
8,run7_initcall.txt,firmware_class_init,0.438029,0,2
8,run7_initcall.txt,sysctl_core_init,0.438082,0,35
8,run7_initcall.txt,eth_offload_init,0.438105,0,0
8,run7_initcall.txt,ipv4_offload_init,0.438122,0,1
8,run7_initcall.txt,inet_init,0.442173,0,4034
8,run7_initcall.txt,af_unix_init,0.442235,0,27
8,run7_initcall.txt,ipv6_offload_init,0.442256,0,2
8,run7_initcall.txt,init_sunrpc,0.442664,0,391
8,run7_initcall.txt,vlan_offload_init,0.442685,0,0
8,run7_initcall.txt,pci_apply_final_quirks,0.442715,0,13
8,run7_initcall.txt,populate_rootfs,0.44274,0,7
8,run7_initcall.txt,register_arm64_panic_block,0.442864,0,1
8,run7_initcall.txt,cpuinfo_regs_init,0.44298,0,98
8,run7_initcall.txt,aarch32_el0_sysfs_init,0.443001,0,0
8,run7_initcall.txt,kvm_arm_init,0.447358,0,4338
8,run7_initcall.txt,proc_execdomains_init,0.447418,0,5
8,run7_initcall.txt,register_warn_debugfs,0.447442,0,7
8,run7_initcall.txt,cpuhp_sysfs_init,0.447492,0,33
8,run7_initcall.txt,ioresources_init,0.447516,0,6
8,run7_initcall.txt,psi_proc_init,0.447534,0,0
8,run7_initcall.txt,irq_gc_init_ops,0.447551,0,0
8,run7_initcall.txt,irq_debugfs_init,0.447656,0,85
8,run7_initcall.txt,proc_modules_init,0.447678,0,2
8,run7_initcall.txt,timer_sysctl_init,0.447713,0,14
8,run7_initcall.txt,timekeeping_init_ops,0.447732,0,1
8,run7_initcall.txt,init_clocksource_sysfs,0.447828,0,81
8,run7_initcall.txt,init_timer_list_procfs,0.447851,0,3
8,run7_initcall.txt,alarmtimer_init,0.44793,0,64
8,run7_initcall.txt,clockevents_init_sysfs,0.448059,0,114
8,run7_initcall.txt,sched_clock_syscore_init,0.448078,0,0
8,run7_initcall.txt,kallsyms_init,0.448095,0,2
8,run7_initcall.txt,pid_namespaces_init,0.448166,0,52
8,run7_initcall.txt,audit_watch_init,0.448184,0,1
8,run7_initcall.txt,audit_fsnotify_init,0.448199,0,0
8,run7_initcall.txt,audit_tree_init,0.448217,0,2
8,run7_initcall.txt,seccomp_sysctl_init,0.448239,0,7
8,run7_initcall.txt,utsname_sysctl_init,0.448262,0,7
8,run7_initcall.txt,init_tracepoints,0.448281,0,3
8,run7_initcall.txt,init_lstats_procfs,0.4483,0,3
8,run7_initcall.txt,stack_trace_init,0.448348,0,29
8,run7_initcall.txt,init_blk_tracer,0.448384,0,18
8,run7_initcall.txt,perf_event_sysfs_init,0.44852,0,114
8,run7_initcall.txt,system_trusted_keyring_init,0.448559,0,16
8,run7_initcall.txt,kswapd_init,0.448899,0,319
8,run7_initcall.txt,extfrag_debug_init,0.448964,0,26
8,run7_initcall.txt,mm_compute_batch_init,0.448993,0,0
8,run7_initcall.txt,slab_proc_init,0.449018,0,8
8,run7_initcall.txt,workingset_init,0.449044,0,11
8,run7_initcall.txt,proc_vmalloc_init,0.449061,0,1
8,run7_initcall.txt,memblock_init_debugfs,0.449099,0,23
8,run7_initcall.txt,slab_debugfs_init,0.44915,0,34
8,run7_initcall.txt,procswaps_init,0.44917,0,3
8,run7_initcall.txt,zs_init,0.449186,0,0
8,run7_initcall.txt,fcntl_init,0.449208,0,4
8,run7_initcall.txt,proc_filesystems_init,0.449269,0,2
8,run7_initcall.txt,start_dirtytime_writeback,0.449296,0,7
8,run7_initcall.txt,dio_init,0.449319,0,3
8,run7_initcall.txt,dnotify_init,0.449393,0,55
8,run7_initcall.txt,fanotify_user_setup,0.449428,0,13
8,run7_initcall.txt,aio_setup,0.449525,0,77
8,run7_initcall.txt,mbcache_init,0.449564,0,6
8,run7_initcall.txt,init_grace,0.449586,0,3
8,run7_initcall.txt,init_devpts_fs,0.449616,0,14
8,run7_initcall.txt,ext4_init_fs,0.449749,0,116
8,run7_initcall.txt,journal_init,0.449783,0,16
8,run7_initcall.txt,init_fat_fs,0.449803,0,5
8,run7_initcall.txt,init_vfat_fs,0.449818,0,1
8,run7_initcall.txt,init_msdos_fs,0.449832,0,0
8,run7_initcall.txt,init_nfs_fs,0.450151,0,298
8,run7_initcall.txt,init_nfs_v2,0.450182,0,0
8,run7_initcall.txt,init_nfs_v3,0.450196,0,0
8,run7_initcall.txt,init_nfs_v4,0.450266,0,55
8,run7_initcall.txt,nfs4filelayout_init,0.450288,0,6
8,run7_initcall.txt,nfs4flexfilelayout_init,0.450309,0,7
8,run7_initcall.txt,init_nlm,0.450373,0,48
8,run7_initcall.txt,init_nls_cp437,0.450399,0,0
8,run7_initcall.txt,init_nls_ascii,0.450413,0,0
8,run7_initcall.txt,init_autofs_fs,0.450587,0,159
8,run7_initcall.txt,init_f2fs_fs,0.450784,0,176
8,run7_initcall.txt,ipc_init,0.450822,0,16
8,run7_initcall.txt,ipc_sysctl_init,0.450866,0,27
8,run7_initcall.txt,init_mqueue_fs,0.450935,0,52
8,run7_initcall.txt,key_proc_init,0.450957,0,4
8,run7_initcall.txt,bpf_crypto_skcipher_init,0.45099,0,2
8,run7_initcall.txt,dh_init,0.451009,0,2
8,run7_initcall.txt,rsa_init,0.451026,0,1
8,run7_initcall.txt,cryptomgr_init,0.451043,0,1
8,run7_initcall.txt,hmac_module_init,0.451059,0,0
8,run7_initcall.txt,crypto_sha256_mod_init,0.451081,0,5
8,run7_initcall.txt,crypto_ecb_module_init,0.451098,0,0
8,run7_initcall.txt,crypto_cbc_module_init,0.451115,0,0
8,run7_initcall.txt,crypto_cts_module_init,0.451134,0,0
8,run7_initcall.txt,xts_module_init,0.45115,0,0
8,run7_initcall.txt,des_generic_mod_init,0.451168,0,1
8,run7_initcall.txt,aes_init,0.451184,0,0
8,run7_initcall.txt,lzo_mod_init,0.451201,0,1
8,run7_initcall.txt,lzorle_mod_init,0.451218,0,1
8,run7_initcall.txt,asymmetric_key_init,0.45124,0,6
8,run7_initcall.txt,x509_key_init,0.451262,0,5
8,run7_initcall.txt,crypto_kdf108_init,0.451279,0,0
8,run7_initcall.txt,blkdev_init,0.451323,0,27
8,run7_initcall.txt,proc_genhd_init,0.451344,0,3
8,run7_initcall.txt,bsg_init,0.45139,0,29
8,run7_initcall.txt,throtl_init,0.451616,0,207
8,run7_initcall.txt,deadline_init,0.451649,0,6
8,run7_initcall.txt,kyber_init,0.451671,0,5
8,run7_initcall.txt,bfq_init,0.451734,0,40
8,run7_initcall.txt,io_uring_init,0.45179,0,37
8,run7_initcall.txt,btree_module_init,0.451813,0,2
8,run7_initcall.txt,percpu_counter_startup,0.451894,0,61
8,run7_initcall.txt,audit_classes_init,0.451931,0,11
8,run7_initcall.txt,gicv5_iwb_platform_driver_init,0.452069,0,119
8,run7_initcall.txt,mip_msi_driver_init,0.452127,0,36
8,run7_initcall.txt,bcm7038_l1_driver_init,0.452181,0,35
8,run7_initcall.txt,bcm7120_l2_driver_init,0.452247,0,40
8,run7_initcall.txt,brcmstb_l2_driver_init,0.452648,0,381
8,run7_initcall.txt,simple_pm_bus_driver_init,0.453298,0,626
8,run7_initcall.txt,phy_core_init,0.453362,0,36
8,run7_initcall.txt,brcm_usb_driver_init,0.453469,0,86
8,run7_initcall.txt,rp1_pinctrl_driver_init,0.453524,0,34
8,run7_initcall.txt,bcm2835_pinctrl_driver_init,0.454845,0,1300
8,run7_initcall.txt,bcm2712_pinctrl_driver_init,0.454947,0,69
8,run7_initcall.txt,brcmvirt_gpio_driver_init,0.455008,0,38
8,run7_initcall.txt,brcmstb_gpio_driver_init,0.455064,0,36
8,run7_initcall.txt,rpi_exp_gpio_driver_init,0.455766,0,679
8,run7_initcall.txt,brcmstb_pwm_driver_init,0.455865,0,58
8,run7_initcall.txt,rp1_pwm_driver_init,0.455923,0,37
8,run7_initcall.txt,gpio_led_driver_init,0.676235,0,220291
8,run7_initcall.txt,led_pwm_driver_init,0.676366,0,93
8,run7_initcall.txt,timer_led_trigger_init,0.676397,0,5
8,run7_initcall.txt,oneshot_led_trigger_init,0.676416,0,0
8,run7_initcall.txt,heartbeat_trig_init,0.676448,0,3
8,run7_initcall.txt,bl_led_trigger_init,0.676467,0,0
8,run7_initcall.txt,ledtrig_cpu_init,0.676668,0,182
8,run7_initcall.txt,defon_led_trigger_init,0.676764,0,68
8,run7_initcall.txt,input_trig_init,0.67679,0,1
8,run7_initcall.txt,ledtrig_panic_init,0.676811,0,2
8,run7_initcall.txt,actpwr_trig_init,0.678587,0,1751
8,run7_initcall.txt,pcie_portdrv_init,0.678756,0,103
8,run7_initcall.txt,pci_proc_init,0.678803,0,16
8,run7_initcall.txt,brcm_pcie_driver_init,0.794201,0,115375
8,run7_initcall.txt,bcm2708_fb_init,0.794288,0,66
8,run7_initcall.txt,simplefb_driver_init,0.820637,0,26333
8,run7_initcall.txt,of_fixed_factor_clk_driver_init,0.820734,0,42
8,run7_initcall.txt,of_fixed_clk_driver_init,0.820827,0,35
8,run7_initcall.txt,gpio_clk_driver_init,0.820919,0,44
8,run7_initcall.txt,gated_fixed_clk_driver_init,0.821001,0,35
8,run7_initcall.txt,rp1_clk_driver_init,0.821083,0,35
8,run7_initcall.txt,rp1_sdio_clk_driver_init,0.821167,0,38
8,run7_initcall.txt,clk_dvp_driver_init,0.821393,0,178
8,run7_initcall.txt,bcm2835_aux_clk_driver_init,0.821506,0,64
8,run7_initcall.txt,raspberrypi_clk_driver_init,0.836975,0,15419
8,run7_initcall.txt,dw_driver_init,0.837075,0,48
8,run7_initcall.txt,bcm2835_power_driver_init,0.837144,0,24
8,run7_initcall.txt,rpi_power_driver_init,0.83858,0,1388
8,run7_initcall.txt,brcmstb_reset_driver_init,0.838671,0,39
8,run7_initcall.txt,brcm_rescal_reset_driver_init,0.838759,0,38
8,run7_initcall.txt,rpi_reset_driver_init,0.838921,0,112
8,run7_initcall.txt,reset_simple_driver_init,0.839053,0,83
8,run7_initcall.txt,n_null_init,0.8391,0,0
8,run7_initcall.txt,pty_init,0.839247,0,102
8,run7_initcall.txt,sysrq_init,0.839304,0,14
8,run7_initcall.txt,serial8250_init,0.839349,-19,0
8,run7_initcall.txt,bcm2835aux_serial_driver_init,0.83944,0,42
8,run7_initcall.txt,brcmuart_init,0.839548,0,59
8,run7_initcall.txt,exar_pci_driver_init,0.839622,0,28
8,run7_initcall.txt,of_platform_serial_driver_init,0.839766,0,93
8,run7_initcall.txt,serial_pci_driver_init,0.839843,0,27
8,run7_initcall.txt,pericom8250_pci_driver_init,0.839916,0,20
8,run7_initcall.txt,init_kgdboc,0.840064,0,101
8,run7_initcall.txt,random_sysctls_init,0.840125,0,15
8,run7_initcall.txt,ttyprintk_init,0.840246,0,74
8,run7_initcall.txt,bcm2835_rng_driver_init,0.840355,0,58
8,run7_initcall.txt,bcm74110_rng_driver_init,0.840444,0,37
8,run7_initcall.txt,iproc_rng200_driver_init,0.84079,0,294
8,run7_initcall.txt,smccc_trng_driver_init,0.840866,0,25
8,run7_initcall.txt,vc_mem_init,0.841043,0,131
8,run7_initcall.txt,vcio_driver_init,0.844112,0,3021
8,run7_initcall.txt,bcm2712_iommu_driver_init,0.84931,0,61
8,run7_initcall.txt,bcm2712_iommu_cache_driver_init,0.85452,0,43
8,run7_initcall.txt,topology_sysfs_init,0.859792,0,67
8,run7_initcall.txt,cacheinfo_sysfs_init,0.865117,0,256
8,run7_initcall.txt,devcoredump_init,0.870388,0,11
8,run7_initcall.txt,brd_init,0.882392,0,6752
8,run7_initcall.txt,loop_init,0.893086,0,5425
8,run7_initcall.txt,bcm2835_pm_driver_init,0.900995,0,2759
8,run7_initcall.txt,stmpe_i2c_driver_init,0.906289,0,17
8,run7_initcall.txt,stmpe_spi_driver_init,0.911552,0,19
8,run7_initcall.txt,rp1_driver_init,0.916815,0,30
8,run7_initcall.txt,system_heap_create,0.922162,0,111
8,run7_initcall.txt,add_default_cma_heap,0.927449,0,91
8,run7_initcall.txt,udmabuf_dev_init,0.932672,0,48
8,run7_initcall.txt,iscsi_transport_init,0.9408,0,2870
8,run7_initcall.txt,init_sd,0.946064,0,27
8,run7_initcall.txt,nvme_core_init,0.951541,0,265
8,run7_initcall.txt,nvme_init,0.95682,0,38
8,run7_initcall.txt,blackhole_netdev_init,0.96194,0,23
8,run7_initcall.txt,netkit_init,0.967171,0,8
8,run7_initcall.txt,phylink_init,0.972409,0,0
8,run7_initcall.txt,phy_module_init,0.977796,0,181
8,run7_initcall.txt,phy_module_init,0.983196,0,178
8,run7_initcall.txt,fixed_mdio_bus_init,0.988574,0,159
8,run7_initcall.txt,phy_module_init,0.993939,0,167
8,run7_initcall.txt,phy_module_init,0.999134,0,21
8,run7_initcall.txt,phy_module_init,1.004522,0,66
8,run7_initcall.txt,unimac_mdio_driver_init,1.010013,0,132
8,run7_initcall.txt,macb_driver_init,1.015536,0,121
8,run7_initcall.txt,bcmgenet_driver_init,1.228792,0,207778
8,run7_initcall.txt,bcmasp_driver_init,1.234576,0,97
8,run7_initcall.txt,lan78xx_driver_init,1.2432,0,2907
8,run7_initcall.txt,smsc95xx_driver_init,1.251907,0,2927
8,run7_initcall.txt,usbnet_init,1.257716,0,0
8,run7_initcall.txt,xhci_hcd_init,1.263407,0,18
8,run7_initcall.txt,xhci_pci_init,1.441255,0,172051
8,run7_initcall.txt,xhci_plat_init,1.447057,0,130
8,run7_initcall.txt,dwc_otg_driver_init,1.463752,0,11031
8,run7_initcall.txt,dwc_common_port_init_module,1.47233,0,2942
8,run7_initcall.txt,dwc3_driver_init,1.478034,0,71
8,run7_initcall.txt,dwc3_haps_driver_init,1.483691,0,34
8,run7_initcall.txt,dwc3_of_simple_driver_init,1.489313,0,63
8,run7_initcall.txt,dwc3_generic_driver_init,1.494778,0,40
8,run7_initcall.txt,dwc2_platform_driver_init,1.500494,0,145
8,run7_initcall.txt,uas_init,1.508983,0,2899
8,run7_initcall.txt,usb_storage_driver_init,1.517373,0,2813
8,run7_initcall.txt,brcmstb_usb_pinmap_init,1.523026,-19,84
8,run7_initcall.txt,bdc_driver_init,1.528513,0,49
8,run7_initcall.txt,input_leds_init,1.534296,0,157
8,run7_initcall.txt,mousedev_init,1.543489,0,3099
8,run7_initcall.txt,evdev_init,1.549126,0,0
8,run7_initcall.txt,brcmstb_waketmr_driver_init,1.554898,0,86
8,run7_initcall.txt,rpi_rtc_driver_init,1.560517,0,40
8,run7_initcall.txt,init_rc_map_adstech_dvb_t_pci,1.566025,0,0
8,run7_initcall.txt,init_rc_map_alink_dtu_m,1.571626,0,0
8,run7_initcall.txt,init_rc_map_anysee,1.57738,0,0
8,run7_initcall.txt,init_rc_map_apac_viewcomp,1.582967,0,0
8,run7_initcall.txt,init_rc_map_t2hybrid,1.588549,0,0
8,run7_initcall.txt,init_rc_map_asus_pc39,1.594054,0,0
8,run7_initcall.txt,init_rc_map_asus_ps3_100,1.599572,0,0
8,run7_initcall.txt,init_rc_map_ati_tv_wonder_hd_600,1.605246,0,0
8,run7_initcall.txt,init_rc_map_ati_x10,1.610796,0,0
8,run7_initcall.txt,init_rc_map_avermedia_a16d,1.616345,0,0
8,run7_initcall.txt,init_rc_map_avermedia_cardbus,1.621896,0,0
8,run7_initcall.txt,init_rc_map_avermedia_dvbt,1.627348,0,0
8,run7_initcall.txt,init_rc_map_avermedia_m135a,1.632777,0,0
8,run7_initcall.txt,init_rc_map_avermedia_m733a_rm_k6,1.638279,0,0
8,run7_initcall.txt,init_rc_map_avermedia,1.643833,0,0
8,run7_initcall.txt,init_rc_map_avermedia_rm_ks,1.649343,0,0
8,run7_initcall.txt,init_rc_map_avertv_303,1.654865,0,0
8,run7_initcall.txt,init_rc_map_azurewave_ad_tu700,1.663136,0,77
8,run7_initcall.txt,init_rc_map_beelink_gs1,1.668715,0,0
8,run7_initcall.txt,init_rc_map_beelink_mxiii,1.674241,0,0
8,run7_initcall.txt,init_rc_map_behold_columbus,1.679752,0,0
8,run7_initcall.txt,init_rc_map_behold,1.685274,0,0
8,run7_initcall.txt,init_rc_map_budget_ci_old,1.690759,0,0
8,run7_initcall.txt,init_rc_map_cinergy_1400,1.696085,0,0
8,run7_initcall.txt,init_rc_map_cinergy,1.701566,0,0
8,run7_initcall.txt,init_rc_map_ct_90405,1.707018,0,0
8,run7_initcall.txt,init_rc_map_d680_dmb,1.712439,0,0
8,run7_initcall.txt,init_rc_map_delock_61959,1.71786,0,0
8,run7_initcall.txt,init_rc_map,1.723281,0,0
8,run7_initcall.txt,init_rc_map,1.728549,0,0
8,run7_initcall.txt,init_rc_map_digitalnow_tinytwin,1.734056,0,0
8,run7_initcall.txt,init_rc_map_digittrade,1.739508,0,0
8,run7_initcall.txt,init_rc_map_dm1105_nec,1.74494,0,0
8,run7_initcall.txt,init_rc_map_dntv_live_dvb_t,1.750364,0,0
8,run7_initcall.txt,init_rc_map_dntv_live_dvbt_pro,1.755777,0,0
8,run7_initcall.txt,init_rc_map_dreambox,1.76107,0,0
8,run7_initcall.txt,init_rc_map_dtt200u,1.766468,0,0
8,run7_initcall.txt,init_rc_map_rc5_dvbsky,1.771881,0,0
8,run7_initcall.txt,init_rc_map_dvico_mce,1.777542,0,224
8,run7_initcall.txt,init_rc_map_dvico_portable,1.78296,0,0
8,run7_initcall.txt,init_rc_map_em_terratec,1.788421,0,46
8,run7_initcall.txt,init_rc_map_encore_enltv2,1.793835,0,0
8,run7_initcall.txt,init_rc_map_encore_enltv_fm53,1.799199,0,0
8,run7_initcall.txt,init_rc_map_encore_enltv,1.804659,0,0
8,run7_initcall.txt,init_rc_map_evga_indtube,1.81016,0,0
8,run7_initcall.txt,init_rc_map_eztv,1.815697,0,0
8,run7_initcall.txt,init_rc_map_flydvb,1.821289,0,0
8,run7_initcall.txt,init_rc_map_flyvideo,1.826864,0,12
8,run7_initcall.txt,init_rc_map_fusionhdtv_mce,1.840498,0,16
8,run7_initcall.txt,init_rc_map_gadmei_rm008z,1.846059,0,2
8,run7_initcall.txt,init_rc_map_geekbox,1.857026,0,0
8,run7_initcall.txt,init_rc_map_genius_tvgo_a11mce,1.862345,0,0
8,run7_initcall.txt,init_rc_map_gotview7135,1.873171,0,1
8,run7_initcall.txt,init_rc_map_rc5_hauppauge_new,1.878581,0,0
8,run7_initcall.txt,init_rc_map_hisi_poplar,1.883987,0,0
8,run7_initcall.txt,init_rc_map_hisi_tv_demo,1.88944,0,0
8,run7_initcall.txt,init_rc_map_imon_mce,1.894697,0,0
8,run7_initcall.txt,init_rc_map_imon_pad,1.900061,0,0
8,run7_initcall.txt,init_rc_map_imon_rsc,1.90542,0,0
8,run7_initcall.txt,init_rc_map_iodata_bctv7e,1.91077,0,0
8,run7_initcall.txt,init_rc_it913x_v1_map,1.91612,0,0
8,run7_initcall.txt,init_rc_it913x_v2_map,1.921476,0,0
8,run7_initcall.txt,init_rc_map_kaiomy,1.926786,0,0
8,run7_initcall.txt,init_rc_map_khadas,1.931975,0,0
8,run7_initcall.txt,init_rc_map_khamsin,1.937314,0,0
8,run7_initcall.txt,init_rc_map_kworld_315u,1.942632,0,0
8,run7_initcall.txt,init_rc_map_kworld_pc150u,1.947972,0,0
8,run7_initcall.txt,init_rc_map_kworld_plus_tv_analog,1.953299,0,0
8,run7_initcall.txt,init_rc_map_leadtek_y04g0051,1.958617,0,0
8,run7_initcall.txt,init_rc_lme2510_map,1.963797,0,0
8,run7_initcall.txt,init_rc_map_manli,1.969233,0,45
8,run7_initcall.txt,init_rc_map_mecool_kiii_pro,1.974683,0,38
8,run7_initcall.txt,init_rc_map_mecool_kii_pro,1.980054,0,0
8,run7_initcall.txt,init_rc_map_medion_x10_digitainer,1.985431,0,0
8,run7_initcall.txt,init_rc_map_medion_x10,1.990798,0,0
8,run7_initcall.txt,init_rc_map_medion_x10_or2x,1.995995,0,0
8,run7_initcall.txt,init_rc_map_minix_neo,2.001327,0,0
8,run7_initcall.txt,init_rc_map_msi_digivox_iii,2.006681,0,0
8,run7_initcall.txt,init_rc_map_msi_digivox_ii,2.01199,0,0
8,run7_initcall.txt,init_rc_map_msi_tvanywhere,2.017307,0,0
8,run7_initcall.txt,init_rc_map_msi_tvanywhere_plus,2.022829,0,237
8,run7_initcall.txt,init_rc_map_mygica_utv3,2.027953,0,0
8,run7_initcall.txt,init_rc_map_nebula,2.033212,0,0
8,run7_initcall.txt,init_rc_map_nec_terratec_cinergy_xs,2.038499,0,0
8,run7_initcall.txt,init_rc_map_norwood,2.043785,0,0
8,run7_initcall.txt,init_rc_map_npgtech,2.049087,0,0
8,run7_initcall.txt,init_rc_map_odroid,2.054355,0,0
8,run7_initcall.txt,init_rc_map_pctv_sedna,2.05964,0,0
8,run7_initcall.txt,init_rc_map_pine64,2.064778,0,0
8,run7_initcall.txt,init_rc_map_pinnacle_color,2.070043,0,0
8,run7_initcall.txt,init_rc_map_pinnacle_grey,2.075302,0,0
8,run7_initcall.txt,init_rc_map_pinnacle_pctv_hd,2.080563,0,0
8,run7_initcall.txt,init_rc_map_pixelview,2.085915,0,38
8,run7_initcall.txt,init_rc_map_pixelview,2.091241,0,9
8,run7_initcall.txt,init_rc_map_pixelview_new,2.096392,0,2
8,run7_initcall.txt,init_rc_map_pixelview,2.101693,0,0
8,run7_initcall.txt,init_rc_map_powercolor_real_angel,2.106948,0,0
8,run7_initcall.txt,init_rc_map_proteus_2309,2.112238,0,0
8,run7_initcall.txt,init_rc_map_purpletv,2.117524,0,0
8,run7_initcall.txt,init_rc_map_pv951,2.12281,0,0
8,run7_initcall.txt,init_rc_map_rc6_mce,2.127949,0,0
8,run7_initcall.txt,init_rc_map_real_audio_220_32_keys,2.133239,0,0
8,run7_initcall.txt,init_rc_map_reddo,2.138518,0,0
8,run7_initcall.txt,init_rc_map_siemens_gigaset_rc20,2.143796,0,0
8,run7_initcall.txt,init_rc_map_snapstream_firefly,2.149088,0,0
8,run7_initcall.txt,init_rc_map_streamzap,2.154394,0,0
8,run7_initcall.txt,init_rc_map_su3000,2.159708,0,0
8,run7_initcall.txt,init_rc_map_tanix_tx3mini,2.16488,0,0
8,run7_initcall.txt,init_rc_map_tanix_tx5max,2.170217,0,0
8,run7_initcall.txt,init_rc_map_tbs_nec,2.178167,0,0
8,run7_initcall.txt,init_rc_map,2.183496,0,0
8,run7_initcall.txt,init_rc_map,2.188818,0,0
8,run7_initcall.txt,init_rc_map_terratec_cinergy_c_pci,2.194093,0,0
8,run7_initcall.txt,init_rc_map_terratec_cinergy_s2_hd,2.19936,0,0
8,run7_initcall.txt,init_rc_map_terratec_cinergy_xs,2.204662,0,0
8,run7_initcall.txt,init_rc_map_terratec_slim_2,2.20999,0,0
8,run7_initcall.txt,init_rc_map_terratec_slim,2.215328,0,0
8,run7_initcall.txt,init_rc_map_tevii_nec,2.22067,0,0
8,run7_initcall.txt,init_rc_map_tivo,2.226041,0,0
8,run7_initcall.txt,init_rc_map_total_media_in_hand_02,2.231243,0,8
8,run7_initcall.txt,init_rc_map_total_media_in_hand,2.236583,0,0
8,run7_initcall.txt,init_rc_map_trekstor,2.241936,0,0
8,run7_initcall.txt,init_rc_map_tt_1500,2.247291,0,0
8,run7_initcall.txt,init_rc_map_twinhan_vp1027,2.252655,0,0
8,run7_initcall.txt,init_rc_map_twinhan_dtv_cab_ci,2.257995,0,0
8,run7_initcall.txt,init_rc_map_vega_s9x,2.263188,0,0
8,run7_initcall.txt,init_rc_map_videomate_k100,2.268569,0,0
8,run7_initcall.txt,init_rc_map_videomate_s350,2.2766,0,0
8,run7_initcall.txt,init_rc_map_videomate_tv_pvr,2.287268,0,0
8,run7_initcall.txt,init_rc_map_kii_pro,2.295229,0,2
8,run7_initcall.txt,init_rc_map_wetek_hub,2.300658,0,2
8,run7_initcall.txt,init_rc_map_wetek_play2,2.306055,0,1
8,run7_initcall.txt,init_rc_map_winfast,2.311453,0,1
8,run7_initcall.txt,init_rc_map_winfast_usbii_deluxe,2.316933,0,0
8,run7_initcall.txt,init_rc_map_x96max,2.325005,0,0
8,run7_initcall.txt,init_rc_map,2.33026,0,0
8,run7_initcall.txt,init_rc_map,2.335659,0,0
8,run7_initcall.txt,init_rc_map_zx_irdec,2.341052,0,0
8,run7_initcall.txt,ptp_kvm_init,2.346431,-95,1
8,run7_initcall.txt,gpio_poweroff_driver_init,2.35191,0,107
8,run7_initcall.txt,bcm2711_thermal_driver_init,2.360309,0,3007
8,run7_initcall.txt,bcm2835_thermal_driver_init,2.365694,0,66
8,run7_initcall.txt,bcm2835_wdt_driver_init,2.371148,0,31
8,run7_initcall.txt,dt_cpufreq_platdrv_init,2.376596,0,28
8,run7_initcall.txt,brcm_avs_cpufreq_platdrv_init,2.382101,0,48
8,run7_initcall.txt,raspberrypi_cpufreq_driver_init,2.393849,0,6294
8,run7_initcall.txt,mmc_pwrseq_simple_driver_init,2.399352,0,87
8,run7_initcall.txt,mmc_pwrseq_emmc_driver_init,2.404929,0,51
8,run7_initcall.txt,mmc_blk_init,2.410528,0,34
8,run7_initcall.txt,sdhci_drv_init,2.421654,0,5575
8,run7_initcall.txt,bcm2835_mmc_driver_init,2.429932,0,2753
8,run7_initcall.txt,bcm2835_driver_init,2.435594,0,52
8,run7_initcall.txt,sdhci_pltfm_drv_init,2.444017,0,2826
8,run7_initcall.txt,sdhci_iproc_driver_init,2.44972,0,83
8,run7_initcall.txt,sdhci_brcmstb_driver_init,2.449797,0,61
8,run7_initcall.txt,esrt_sysfs_init,2.449813,-38,1
8,run7_initcall.txt,smccc_devices_init,2.449826,0,0
8,run7_initcall.txt,smccc_soc_init,2.44985,0,2
8,run7_initcall.txt,arch_timer_mmio_drv_init,2.449905,0,41
8,run7_initcall.txt,arch_timer_mmio_acpi_drv_init,2.449944,0,25
8,run7_initcall.txt,hid_init,2.450019,0,62
8,run7_initcall.txt,hid_generic_init,2.45007,0,38
8,run7_initcall.txt,hid_init,2.673684,0,223599
8,run7_initcall.txt,vchiq_driver_init,2.685761,0,5927
8,run7_initcall.txt,bcm74110_mbox_driver_init,2.692625,0,87
8,run7_initcall.txt,extcon_class_init,2.699123,0,23
8,run7_initcall.txt,armv8_pmu_driver_init,2.71228,0,6953
8,run7_initcall.txt,binder_init,2.718613,0,102
8,run7_initcall.txt,rpi_otp_driver_init,2.734395,0,9561
8,run7_initcall.txt,sock_diag_init,2.740599,0,26
8,run7_initcall.txt,blackhole_init,2.746757,0,1
8,run7_initcall.txt,cls_bpf_init_mod,2.752909,0,0
8,run7_initcall.txt,gre_offload_init,2.759092,0,0
8,run7_initcall.txt,sysctl_ipv4_init,2.765154,0,77
8,run7_initcall.txt,cubictcp_register,2.771317,0,3
8,run7_initcall.txt,packet_init,2.780582,0,3106
8,run7_initcall.txt,init_rpcsec_gss,2.78677,0,26
8,run7_initcall.txt,init_kerberos_module,2.792948,0,5
8,run7_initcall.txt,dcbnl_init,2.798951,0,3
8,run7_initcall.txt,init_dns_resolver,2.808179,0,3086
8,run7_initcall.txt,handshake_init,2.814387,0,52
8,run7_initcall.txt,check_mmu_enabled_at_boot,2.820569,0,0
8,run7_initcall.txt,finalize_pkvm,2.826718,0,5
8,run7_initcall.txt,kernel_do_mounts_initrd_sysctls_init,2.835918,0,13
8,run7_initcall.txt,kernel_panic_sysctls_init,2.842139,0,21
8,run7_initcall.txt,kernel_panic_sysfs_init,2.848349,0,5
8,run7_initcall.txt,kernel_exit_sysctls_init,2.854581,0,7
8,run7_initcall.txt,kernel_exit_sysfs_init,2.860708,0,3
8,run7_initcall.txt,param_sysfs_builtin_init,2.876653,0,9818
8,run7_initcall.txt,reboot_ksysfs_init,2.883082,0,26
8,run7_initcall.txt,sched_core_sysctl_init,2.889568,0,16
8,run7_initcall.txt,sched_fair_sysctl_init,2.896324,0,678
8,run7_initcall.txt,sched_rt_sysctl_init,2.902595,0,6
8,run7_initcall.txt,sched_dl_sysctl_init,2.908757,0,2
8,run7_initcall.txt,sched_init_debug,2.914985,0,92
8,run7_initcall.txt,cpu_latency_qos_init,2.92123,0,171
8,run7_initcall.txt,printk_late_init,2.927263,0,18
8,run7_initcall.txt,init_srcu_module_notifier,2.933243,0,3
8,run7_initcall.txt,kernel_rcu_stall_sysfs_init,2.939325,0,10
8,run7_initcall.txt,swiotlb_create_default_debugfs,2.945436,0,13
8,run7_initcall.txt,tk_debug_sleep_time_init,2.951581,0,24
8,run7_initcall.txt,bpf_ksym_iter_register,2.957667,0,1
8,run7_initcall.txt,kernel_acct_sysctls_init,2.963593,0,10
8,run7_initcall.txt,bpf_rstat_kfunc_init,2.969696,0,1
8,run7_initcall.txt,debugfs_kprobe_init,2.975777,0,15
8,run7_initcall.txt,kernel_delayacct_sysctls_init,2.981906,0,3
8,run7_initcall.txt,taskstats_init,2.991072,0,3077
8,run7_initcall.txt,ftrace_sysctl_init,2.996978,0,3
8,run7_initcall.txt,bpf_kprobe_multi_kfuncs_init,3.003081,0,0
8,run7_initcall.txt,kdb_ftrace_register,3.00917,0,8
8,run7_initcall.txt,bpf_global_ma_init,3.015403,0,113
8,run7_initcall.txt,bpf_syscall_sysctl_init,3.021551,0,11
8,run7_initcall.txt,unbound_reg_init,3.027571,0,0
8,run7_initcall.txt,kfunc_init,3.033662,0,1
8,run7_initcall.txt,bpf_map_iter_init,3.039753,0,6
8,run7_initcall.txt,init_subsystem,3.045793,0,11
8,run7_initcall.txt,task_iter_init,3.051742,0,5
8,run7_initcall.txt,bpf_prog_iter_init,3.057563,0,0
8,run7_initcall.txt,bpf_link_iter_init,3.063099,0,5
8,run7_initcall.txt,init_trampolines,3.068714,0,3
8,run7_initcall.txt,rqspinlock_register_kfuncs,3.07428,0,0
8,run7_initcall.txt,kfunc_init,3.079801,0,4
8,run7_initcall.txt,bpf_cgroup_iter_init,3.085327,0,0
8,run7_initcall.txt,cpumask_kfunc_init,3.090866,0,13
8,run7_initcall.txt,crypto_kfunc_init,3.096228,0,0
8,run7_initcall.txt,bpf_kmem_cache_iter_init,3.101744,0,0
8,run7_initcall.txt,dmabuf_iter_init,3.107247,0,4
8,run7_initcall.txt,load_system_certificate_list,3.115441,0,2738
8,run7_initcall.txt,init_lru_gen,3.120932,0,24
8,run7_initcall.txt,vmstat_late_init,3.126435,0,1
8,run7_initcall.txt,fault_around_debugfs,3.131819,0,7
8,run7_initcall.txt,slab_sysfs_init,3.141468,0,4108
8,run7_initcall.txt,max_swapfiles_check,3.147095,0,0
8,run7_initcall.txt,zswap_init,3.152643,0,0
8,run7_initcall.txt,mempolicy_sysfs_init,3.158169,0,25
8,run7_initcall.txt,memory_tier_late_init,3.16923,0,5676
8,run7_initcall.txt,check_early_ioremap_leak,3.174772,0,5
8,run7_initcall.txt,mg_debugfs_init,3.180321,0,19
8,run7_initcall.txt,fscrypt_init,3.19143,0,5571
8,run7_initcall.txt,pstore_init,3.196814,0,11
8,run7_initcall.txt,init_root_keyring,3.202374,0,32
8,run7_initcall.txt,init_profile_hash,3.207873,0,6
8,run7_initcall.txt,integrity_fs_init,3.213397,0,13
8,run7_initcall.txt,crypto_algapi_init,3.218932,0,9
8,run7_initcall.txt,blk_timeout_init,3.224422,0,0
8,run7_initcall.txt,depot_debugfs_init,3.229782,0,13
8,run7_initcall.txt,pci_resource_alignment_sysfs_init,3.235263,0,6
8,run7_initcall.txt,pci_sysfs_init,3.240755,0,14
8,run7_initcall.txt,clk_debug_init,3.246645,0,418
8,run7_initcall.txt,genpd_debug_init,3.252543,0,387
8,run7_initcall.txt,sync_state_resume_initcall,3.258058,0,2
8,run7_initcall.txt,deferred_probe_initcall,3.380034,0,116652
8,run7_initcall.txt,efi_shutdown_init,3.386659,-19,7
8,run7_initcall.txt,efi_earlycon_unmap_fb,3.392557,0,1
8,run7_initcall.txt,psci_debugfs_init,3.397723,0,0
8,run7_initcall.txt,of_cfs_init,3.408182,0,5251
8,run7_initcall.txt,of_fdt_raw_init,3.413411,0,38
8,run7_initcall.txt,bpf_kfunc_init,3.418607,0,3
8,run7_initcall.txt,init_subsystem,3.423782,0,0
8,run7_initcall.txt,xdp_metadata_init,3.431392,0,0
8,run7_initcall.txt,bpf_sockmap_iter_init,3.439169,0,2
8,run7_initcall.txt,bpf_sk_storage_map_iter_init,3.444388,0,0
8,run7_initcall.txt,bpf_prog_test_run_init,3.449628,0,1
8,run7_initcall.txt,bpf_dummy_struct_ops_init,3.454896,0,9
8,run7_initcall.txt,tcp_congestion_default,3.46264,0,2
8,run7_initcall.txt,inet_blackhole_dev_init,3.470606,0,10
8,run7_initcall.txt,ip_auto_config,3.475915,0,13
8,run7_initcall.txt,tcp_bpf_v4_build_proto,3.481243,0,2
8,run7_initcall.txt,udp_bpf_v4_build_proto,3.486539,0,0
8,run7_initcall.txt,bpf_tcp_ca_kfunc_init,3.491842,0,0
8,run7_initcall.txt,bpf_mptcp_kfunc_init,3.496989,0,0
8,run7_initcall.txt,latency_fsnotify_init,3.502268,0,46
8,run7_initcall.txt,trace_eval_sync,3.507524,0,11
8,run7_initcall.txt,late_trace_init,3.51281,0,0
8,run7_initcall.txt,fb_logo_late_init,3.518066,0,0
8,run7_initcall.txt,amba_stub_drv_init,3.523353,0,28
8,run7_initcall.txt,clk_disable_unused,3.534789,0,6325
8,run7_initcall.txt,genpd_power_off_unused,3.548714,0,5788
8,run7_initcall.txt,regulator_init_complete,3.559334,0,4
8,run7_initcall.txt,of_platform_sync_state_init,3.567147,0,19
9,run8_initcall.txt,init_mm_sysctl,0.052005,0,0
9,run8_initcall.txt,init_user_reserve,0.052022,0,0
9,run8_initcall.txt,init_admin_reserve,0.052038,0,0
9,run8_initcall.txt,init_reserve_notifier,0.052053,0,0
9,run8_initcall.txt,swap_init,0.052074,0,0
9,run8_initcall.txt,swapfile_init,0.052099,0,0
9,run8_initcall.txt,memory_tier_init,0.052149,0,0
9,run8_initcall.txt,numa_init_sysfs,0.05217,0,0
9,run8_initcall.txt,mem_cgroup_swap_init,0.052225,0,0
9,run8_initcall.txt,init_msg_buckets,0.052245,0,0
9,run8_initcall.txt,init_bio,0.052292,0,0
9,run8_initcall.txt,blk_ioc_init,0.052312,0,0
9,run8_initcall.txt,blk_mq_init,0.05233,0,0
9,run8_initcall.txt,genhd_device_init,0.052433,0,0
9,run8_initcall.txt,blkcg_punt_bio_init,0.052537,0,0
9,run8_initcall.txt,blk_integrity_auto_init,0.05261,0,0
9,run8_initcall.txt,io_wq_init,0.052631,0,0
9,run8_initcall.txt,crc_t10dif_mod_init,0.052658,0,0
9,run8_initcall.txt,sha256_mod_init,0.052678,0,0
9,run8_initcall.txt,sha512_mod_init,0.052696,0,0
9,run8_initcall.txt,sg_pool_init,0.052727,0,0
9,run8_initcall.txt,gpiolib_debugfs_init,0.052751,0,0
9,run8_initcall.txt,stmpe_gpio_init,0.052854,0,0
9,run8_initcall.txt,pwm_init,0.052887,0,0
9,run8_initcall.txt,leds_init,0.052924,0,0
9,run8_initcall.txt,pci_slot_init,0.052949,0,0
9,run8_initcall.txt,fbmem_init,0.05301,0,0
9,run8_initcall.txt,bcm2835_dma_init,0.053759,0,0
9,run8_initcall.txt,regulator_fixed_voltage_init,0.053837,0,0
9,run8_initcall.txt,gpio_regulator_init,0.053896,0,0
9,run8_initcall.txt,init_sysrq_sysctl,0.053919,0,0
9,run8_initcall.txt,misc_init,0.053952,0,0
9,run8_initcall.txt,iommu_subsys_init,0.053984,0,0
9,run8_initcall.txt,register_cpu_capacity_sysctl,0.054582,0,0
9,run8_initcall.txt,dma_buf_init,0.054647,0,0
9,run8_initcall.txt,dma_heap_init,0.05468,0,0
9,run8_initcall.txt,init_scsi,0.054783,0,0
9,run8_initcall.txt,mdio_bus_init,0.054818,0,0
9,run8_initcall.txt,phy_init,0.054866,0,0
9,run8_initcall.txt,usb_common_init,0.054888,0,0
9,run8_initcall.txt,usb_init,0.055011,0,0
9,run8_initcall.txt,usb_phy_generic_init,0.055173,0,0
9,run8_initcall.txt,usb_udc_init,0.055209,0,0
9,run8_initcall.txt,usb_roles_init,0.055234,0,0
9,run8_initcall.txt,input_init,0.055264,0,0
9,run8_initcall.txt,rtc_init,0.055289,0,0
9,run8_initcall.txt,rc_core_init,0.055318,0,0
9,run8_initcall.txt,pps_init,0.055357,0,0
9,run8_initcall.txt,ptp_init,0.055384,0,0
9,run8_initcall.txt,power_supply_class_init,0.055413,0,0
9,run8_initcall.txt,hwmon_init,0.055435,0,0
9,run8_initcall.txt,mmc_init,0.055479,0,0
9,run8_initcall.txt,dmi_init,0.055496,0,0
9,run8_initcall.txt,efisubsys_init,0.055515,0,0
9,run8_initcall.txt,arm_pmu_hp_init,0.055536,0,0
9,run8_initcall.txt,ras_init,0.055562,0,0
9,run8_initcall.txt,nvmem_init,0.055601,0,0
9,run8_initcall.txt,init_soundcore,0.055622,0,0
9,run8_initcall.txt,proto_init,0.055642,0,0
9,run8_initcall.txt,net_dev_init,0.055887,0,0
9,run8_initcall.txt,neigh_init,0.055907,0,0
9,run8_initcall.txt,fib_notifier_init,0.055924,0,0
9,run8_initcall.txt,netdev_genl_init,0.055965,0,0
9,run8_initcall.txt,page_pool_user_init,0.055983,0,0
9,run8_initcall.txt,fib_rules_init,0.056,0,0
9,run8_initcall.txt,init_cgroup_netprio,0.056018,0,0
9,run8_initcall.txt,bpf_lwt_init,0.056034,0,0
9,run8_initcall.txt,pktsched_init,0.056054,0,0
9,run8_initcall.txt,tc_filter_init,0.056087,0,0
9,run8_initcall.txt,tc_action_init,0.056104,0,0
9,run8_initcall.txt,ethnl_init,0.056176,0,0
9,run8_initcall.txt,nexthop_init,0.0562,0,0
9,run8_initcall.txt,devlink_init,0.056306,0,0
9,run8_initcall.txt,wireless_nlevent_init,0.056328,0,0
9,run8_initcall.txt,vsprintf_init_hashval,0.05635,0,0
9,run8_initcall.txt,init_32bit_el0_mask,0.056369,0,0
9,run8_initcall.txt,vga_arb_device_init,0.056521,0,0
9,run8_initcall.txt,watchdog_init,0.056641,0,0
9,run8_initcall.txt,create_debug_debugfs_entry,0.056752,0,0
9,run8_initcall.txt,iomem_init_inode,0.056805,0,0
9,run8_initcall.txt,clocksource_done_booting,0.056861,0,15
9,run8_initcall.txt,tracer_init_tracefs,0.056889,0,9
9,run8_initcall.txt,init_trace_printk_function_export,0.056964,0,56
9,run8_initcall.txt,init_graph_tracefs,0.056988,0,2
9,run8_initcall.txt,bpf_event_init,0.057006,0,1
9,run8_initcall.txt,init_kprobe_trace,0.442645,0,385618
9,run8_initcall.txt,init_dynamic_event,0.442767,0,11
9,run8_initcall.txt,bpf_init,0.442816,0,18
9,run8_initcall.txt,secretmem_init,0.442902,0,66
9,run8_initcall.txt,init_fs_stat_sysctls,0.442948,0,26
9,run8_initcall.txt,init_fs_exec_sysctls,0.442968,0,1
9,run8_initcall.txt,init_pipe_fs,0.443002,0,15
9,run8_initcall.txt,init_fs_namei_sysctls,0.443025,0,3
9,run8_initcall.txt,init_fs_dcache_sysctls,0.443049,0,7
9,run8_initcall.txt,init_fs_namespace_sysctls,0.443071,0,3
9,run8_initcall.txt,cgroup_writeback_init,0.443102,0,11
9,run8_initcall.txt,inotify_user_setup,0.443137,0,16
9,run8_initcall.txt,eventpoll_init,0.443173,0,17
9,run8_initcall.txt,anon_inode_init,0.443204,0,11
9,run8_initcall.txt,proc_locks_init,0.44323,0,6
9,run8_initcall.txt,backing_aio_init,0.443251,0,2
9,run8_initcall.txt,init_fs_coredump_sysctls,0.443277,0,7
9,run8_initcall.txt,init_vm_drop_caches_sysctls,0.4433,0,3
9,run8_initcall.txt,iomap_dio_init,0.443343,0,23
9,run8_initcall.txt,iomap_ioend_init,0.443392,0,29
9,run8_initcall.txt,dquot_init,0.443605,0,193
9,run8_initcall.txt,proc_cmdline_init,0.443631,0,2
9,run8_initcall.txt,proc_consoles_init,0.44365,0,1
9,run8_initcall.txt,proc_cpuinfo_init,0.443671,0,1
9,run8_initcall.txt,proc_devices_init,0.44369,0,1
9,run8_initcall.txt,proc_interrupts_init,0.443712,0,2
9,run8_initcall.txt,proc_loadavg_init,0.443732,0,1
9,run8_initcall.txt,proc_meminfo_init,0.443752,0,1
9,run8_initcall.txt,proc_stat_init,0.443772,0,1
9,run8_initcall.txt,proc_uptime_init,0.443792,0,1
9,run8_initcall.txt,proc_version_init,0.443812,0,1
9,run8_initcall.txt,proc_softirqs_init,0.443832,0,1
9,run8_initcall.txt,proc_kmsg_init,0.44385,0,1
9,run8_initcall.txt,proc_page_init,0.443867,0,2
9,run8_initcall.txt,init_ramfs_fs,0.443884,0,3
9,run8_initcall.txt,aa_create_aafs,0.443901,0,0
9,run8_initcall.txt,chr_dev_init,0.447207,0,3287
9,run8_initcall.txt,hwrng_modinit,0.447299,0,49
9,run8_initcall.txt,firmware_class_init,0.447322,0,1
9,run8_initcall.txt,sysctl_core_init,0.447388,0,39
9,run8_initcall.txt,eth_offload_init,0.447407,0,0
9,run8_initcall.txt,ipv4_offload_init,0.447426,0,2
9,run8_initcall.txt,inet_init,0.451526,0,4082
9,run8_initcall.txt,af_unix_init,0.451592,0,29
9,run8_initcall.txt,ipv6_offload_init,0.451614,0,2
9,run8_initcall.txt,init_sunrpc,0.452032,0,400
9,run8_initcall.txt,vlan_offload_init,0.452051,0,0
9,run8_initcall.txt,pci_apply_final_quirks,0.452083,0,13
9,run8_initcall.txt,populate_rootfs,0.452112,0,11
9,run8_initcall.txt,register_arm64_panic_block,0.452242,0,1
9,run8_initcall.txt,cpuinfo_regs_init,0.456973,0,4708
9,run8_initcall.txt,aarch32_el0_sysfs_init,0.457048,0,0
9,run8_initcall.txt,kvm_arm_init,0.461162,0,4079
9,run8_initcall.txt,proc_execdomains_init,0.461224,0,6
9,run8_initcall.txt,register_warn_debugfs,0.461248,0,8
9,run8_initcall.txt,cpuhp_sysfs_init,0.461292,0,27
9,run8_initcall.txt,ioresources_init,0.461316,0,6
9,run8_initcall.txt,psi_proc_init,0.461334,0,0
9,run8_initcall.txt,irq_gc_init_ops,0.461352,0,0
9,run8_initcall.txt,irq_debugfs_init,0.461463,0,83
9,run8_initcall.txt,proc_modules_init,0.461487,0,3
9,run8_initcall.txt,timer_sysctl_init,0.461517,0,10
9,run8_initcall.txt,timekeeping_init_ops,0.461534,0,0
9,run8_initcall.txt,init_clocksource_sysfs,0.461626,0,77
9,run8_initcall.txt,init_timer_list_procfs,0.46165,0,3
9,run8_initcall.txt,alarmtimer_init,0.46173,0,65
9,run8_initcall.txt,clockevents_init_sysfs,0.461873,0,126
9,run8_initcall.txt,sched_clock_syscore_init,0.461895,0,0
9,run8_initcall.txt,kallsyms_init,0.461915,0,3
9,run8_initcall.txt,pid_namespaces_init,0.461986,0,55
9,run8_initcall.txt,audit_watch_init,0.462006,0,1
9,run8_initcall.txt,audit_fsnotify_init,0.462025,0,4
9,run8_initcall.txt,audit_tree_init,0.462044,0,3
9,run8_initcall.txt,seccomp_sysctl_init,0.462067,0,6
9,run8_initcall.txt,utsname_sysctl_init,0.462091,0,7
9,run8_initcall.txt,init_tracepoints,0.46211,0,2
9,run8_initcall.txt,init_lstats_procfs,0.462132,0,4
9,run8_initcall.txt,stack_trace_init,0.462175,0,26
9,run8_initcall.txt,init_blk_tracer,0.462211,0,18
9,run8_initcall.txt,perf_event_sysfs_init,0.462346,0,112
9,run8_initcall.txt,system_trusted_keyring_init,0.4624,0,28
9,run8_initcall.txt,kswapd_init,0.462694,0,272
9,run8_initcall.txt,extfrag_debug_init,0.462775,0,46
9,run8_initcall.txt,mm_compute_batch_init,0.462798,0,0
9,run8_initcall.txt,slab_proc_init,0.462825,0,10
9,run8_initcall.txt,workingset_init,0.462851,0,9
9,run8_initcall.txt,proc_vmalloc_init,0.462869,0,1
9,run8_initcall.txt,memblock_init_debugfs,0.462893,0,8
9,run8_initcall.txt,slab_debugfs_init,0.462925,0,15
9,run8_initcall.txt,procswaps_init,0.462948,0,2
9,run8_initcall.txt,zs_init,0.462966,0,1
9,run8_initcall.txt,fcntl_init,0.462987,0,4
9,run8_initcall.txt,proc_filesystems_init,0.463006,0,1
9,run8_initcall.txt,start_dirtytime_writeback,0.463035,0,9
9,run8_initcall.txt,dio_init,0.463058,0,1
9,run8_initcall.txt,dnotify_init,0.463111,0,34
9,run8_initcall.txt,fanotify_user_setup,0.463146,0,14
9,run8_initcall.txt,aio_setup,0.463227,0,59
9,run8_initcall.txt,mbcache_init,0.463255,0,5
9,run8_initcall.txt,init_grace,0.463278,0,4
9,run8_initcall.txt,init_devpts_fs,0.46331,0,14
9,run8_initcall.txt,ext4_init_fs,0.463436,0,111
9,run8_initcall.txt,journal_init,0.463472,0,15
9,run8_initcall.txt,init_fat_fs,0.463496,0,6
9,run8_initcall.txt,init_vfat_fs,0.463515,0,3
9,run8_initcall.txt,init_msdos_fs,0.463538,0,0
9,run8_initcall.txt,init_nfs_fs,0.463849,0,293
9,run8_initcall.txt,init_nfs_v2,0.463881,0,0
9,run8_initcall.txt,init_nfs_v3,0.463895,0,0
9,run8_initcall.txt,init_nfs_v4,0.463947,0,37
9,run8_initcall.txt,nfs4filelayout_init,0.463971,0,7
9,run8_initcall.txt,nfs4flexfilelayout_init,0.463995,0,8
9,run8_initcall.txt,init_nlm,0.464077,0,59
9,run8_initcall.txt,init_nls_cp437,0.464095,0,0
9,run8_initcall.txt,init_nls_ascii,0.46411,0,0
9,run8_initcall.txt,init_autofs_fs,0.464404,0,275
9,run8_initcall.txt,init_f2fs_fs,0.464636,0,202
9,run8_initcall.txt,ipc_init,0.464682,0,19
9,run8_initcall.txt,ipc_sysctl_init,0.464727,0,28
9,run8_initcall.txt,init_mqueue_fs,0.464833,0,80
9,run8_initcall.txt,key_proc_init,0.464901,0,13
9,run8_initcall.txt,bpf_crypto_skcipher_init,0.464922,0,3
9,run8_initcall.txt,dh_init,0.464942,0,2
9,run8_initcall.txt,rsa_init,0.464959,0,1
9,run8_initcall.txt,cryptomgr_init,0.464977,0,1
9,run8_initcall.txt,hmac_module_init,0.464995,0,0
9,run8_initcall.txt,crypto_sha256_mod_init,0.465017,0,4
9,run8_initcall.txt,crypto_ecb_module_init,0.465037,0,0
9,run8_initcall.txt,crypto_cbc_module_init,0.465054,0,0
9,run8_initcall.txt,crypto_cts_module_init,0.465071,0,0
9,run8_initcall.txt,xts_module_init,0.465088,0,0
9,run8_initcall.txt,des_generic_mod_init,0.465106,0,1
9,run8_initcall.txt,aes_init,0.465123,0,0
9,run8_initcall.txt,lzo_mod_init,0.465141,0,1
9,run8_initcall.txt,lzorle_mod_init,0.465158,0,1
9,run8_initcall.txt,asymmetric_key_init,0.465183,0,6
9,run8_initcall.txt,x509_key_init,0.465208,0,7
9,run8_initcall.txt,crypto_kdf108_init,0.465224,0,0
9,run8_initcall.txt,blkdev_init,0.465273,0,31
9,run8_initcall.txt,proc_genhd_init,0.465298,0,5
9,run8_initcall.txt,bsg_init,0.465349,0,33
9,run8_initcall.txt,throtl_init,0.465555,0,188
9,run8_initcall.txt,deadline_init,0.465595,0,7
9,run8_initcall.txt,kyber_init,0.465617,0,5
9,run8_initcall.txt,bfq_init,0.465675,0,40
9,run8_initcall.txt,io_uring_init,0.46573,0,37
9,run8_initcall.txt,btree_module_init,0.465754,0,2
9,run8_initcall.txt,percpu_counter_startup,0.46584,0,66
9,run8_initcall.txt,audit_classes_init,0.465865,0,3
9,run8_initcall.txt,gicv5_iwb_platform_driver_init,0.465995,0,110
9,run8_initcall.txt,mip_msi_driver_init,0.46606,0,39
9,run8_initcall.txt,bcm7038_l1_driver_init,0.466116,0,35
9,run8_initcall.txt,bcm7120_l2_driver_init,0.466186,0,49
9,run8_initcall.txt,brcmstb_l2_driver_init,0.46656,0,352
9,run8_initcall.txt,simple_pm_bus_driver_init,0.467211,0,626
9,run8_initcall.txt,phy_core_init,0.467278,0,34
9,run8_initcall.txt,brcm_usb_driver_init,0.467392,0,94
9,run8_initcall.txt,rp1_pinctrl_driver_init,0.467448,0,35
9,run8_initcall.txt,bcm2835_pinctrl_driver_init,0.468815,0,1331
9,run8_initcall.txt,bcm2712_pinctrl_driver_init,0.46898,0,76
9,run8_initcall.txt,brcmvirt_gpio_driver_init,0.469044,0,40
9,run8_initcall.txt,brcmstb_gpio_driver_init,0.469102,0,37
9,run8_initcall.txt,rpi_exp_gpio_driver_init,0.46976,0,624
9,run8_initcall.txt,brcmstb_pwm_driver_init,0.46985,0,59
9,run8_initcall.txt,rp1_pwm_driver_init,0.469908,0,36
9,run8_initcall.txt,gpio_led_driver_init,0.686455,0,216526
9,run8_initcall.txt,led_pwm_driver_init,0.686585,0,95
9,run8_initcall.txt,timer_led_trigger_init,0.686614,0,5
9,run8_initcall.txt,oneshot_led_trigger_init,0.686643,0,0
9,run8_initcall.txt,heartbeat_trig_init,0.686666,0,2
9,run8_initcall.txt,bl_led_trigger_init,0.686686,0,0
9,run8_initcall.txt,ledtrig_cpu_init,0.686836,0,129
9,run8_initcall.txt,defon_led_trigger_init,0.686932,0,68
9,run8_initcall.txt,input_trig_init,0.686958,0,1
9,run8_initcall.txt,ledtrig_panic_init,0.686983,0,2
9,run8_initcall.txt,actpwr_trig_init,0.688246,0,1231
9,run8_initcall.txt,pcie_portdrv_init,0.688474,0,128
9,run8_initcall.txt,pci_proc_init,0.688514,0,13
9,run8_initcall.txt,brcm_pcie_driver_init,0.801834,0,113303
9,run8_initcall.txt,bcm2708_fb_init,0.801927,0,71
9,run8_initcall.txt,simplefb_driver_init,0.828151,0,26207
9,run8_initcall.txt,of_fixed_factor_clk_driver_init,0.828248,0,41
9,run8_initcall.txt,of_fixed_clk_driver_init,0.828343,0,35
9,run8_initcall.txt,gpio_clk_driver_init,0.828435,0,43
9,run8_initcall.txt,gated_fixed_clk_driver_init,0.828518,0,35
9,run8_initcall.txt,rp1_clk_driver_init,0.828602,0,35
9,run8_initcall.txt,rp1_sdio_clk_driver_init,0.828686,0,35
9,run8_initcall.txt,clk_dvp_driver_init,0.828952,0,216
9,run8_initcall.txt,bcm2835_aux_clk_driver_init,0.829071,0,66
9,run8_initcall.txt,raspberrypi_clk_driver_init,0.844533,0,15409
9,run8_initcall.txt,dw_driver_init,0.844644,0,56
9,run8_initcall.txt,bcm2835_power_driver_init,0.844714,0,22
9,run8_initcall.txt,rpi_power_driver_init,0.846142,0,1379
9,run8_initcall.txt,brcmstb_reset_driver_init,0.846233,0,41
9,run8_initcall.txt,brcm_rescal_reset_driver_init,0.84632,0,36
9,run8_initcall.txt,rpi_reset_driver_init,0.846485,0,115
9,run8_initcall.txt,reset_simple_driver_init,0.846615,0,82
9,run8_initcall.txt,n_null_init,0.846663,0,0
9,run8_initcall.txt,pty_init,0.846809,0,101
9,run8_initcall.txt,sysrq_init,0.846874,0,17
9,run8_initcall.txt,serial8250_init,0.846918,-19,0
9,run8_initcall.txt,bcm2835aux_serial_driver_init,0.847011,0,43
9,run8_initcall.txt,brcmuart_init,0.847117,0,55
9,run8_initcall.txt,exar_pci_driver_init,0.847193,0,29
9,run8_initcall.txt,of_platform_serial_driver_init,0.847338,0,93
9,run8_initcall.txt,serial_pci_driver_init,0.847422,0,31
9,run8_initcall.txt,pericom8250_pci_driver_init,0.847494,0,18
9,run8_initcall.txt,init_kgdboc,0.847645,0,104
9,run8_initcall.txt,random_sysctls_init,0.847705,0,13
9,run8_initcall.txt,ttyprintk_init,0.847807,0,52
9,run8_initcall.txt,bcm2835_rng_driver_init,0.847912,0,56
9,run8_initcall.txt,bcm74110_rng_driver_init,0.848,0,36
9,run8_initcall.txt,iproc_rng200_driver_init,0.848339,0,286
9,run8_initcall.txt,smccc_trng_driver_init,0.848418,0,24
9,run8_initcall.txt,vc_mem_init,0.848587,0,121
9,run8_initcall.txt,vcio_driver_init,0.8516,0,2964
9,run8_initcall.txt,bcm2712_iommu_driver_init,0.856805,0,54
9,run8_initcall.txt,bcm2712_iommu_cache_driver_init,0.862035,0,41
9,run8_initcall.txt,topology_sysfs_init,0.867309,0,66
9,run8_initcall.txt,cacheinfo_sysfs_init,0.872829,0,268
9,run8_initcall.txt,devcoredump_init,0.87796,0,11
9,run8_initcall.txt,brd_init,0.889983,0,6766
9,run8_initcall.txt,loop_init,0.90067,0,5420
9,run8_initcall.txt,bcm2835_pm_driver_init,0.9086,0,2629
9,run8_initcall.txt,stmpe_i2c_driver_init,0.913879,0,17
9,run8_initcall.txt,stmpe_spi_driver_init,0.919148,0,14
9,run8_initcall.txt,rp1_driver_init,0.924425,0,29
9,run8_initcall.txt,system_heap_create,0.929777,0,98
9,run8_initcall.txt,add_default_cma_heap,0.935125,0,91
9,run8_initcall.txt,udmabuf_dev_init,0.940392,0,45
9,run8_initcall.txt,iscsi_transport_init,0.948395,0,2874
9,run8_initcall.txt,init_sd,0.95367,0,27
9,run8_initcall.txt,nvme_core_init,0.959171,0,276
9,run8_initcall.txt,nvme_init,0.964456,0,33
9,run8_initcall.txt,blackhole_netdev_init,0.969711,0,18
9,run8_initcall.txt,netkit_init,0.974796,0,6
9,run8_initcall.txt,phylink_init,0.980039,0,0
9,run8_initcall.txt,phy_module_init,0.98544,0,178
9,run8_initcall.txt,phy_module_init,0.99084,0,187
9,run8_initcall.txt,fixed_mdio_bus_init,0.996235,0,165
9,run8_initcall.txt,phy_module_init,1.001646,0,179
9,run8_initcall.txt,phy_module_init,1.00696,0,24
9,run8_initcall.txt,phy_module_init,1.012237,0,67
9,run8_initcall.txt,unimac_mdio_driver_init,1.017746,0,140
9,run8_initcall.txt,macb_driver_init,1.0233,0,124
9,run8_initcall.txt,bcmgenet_driver_init,1.240508,0,211716
9,run8_initcall.txt,bcmasp_driver_init,1.246161,0,102
9,run8_initcall.txt,lan78xx_driver_init,1.254733,0,2892
9,run8_initcall.txt,smsc95xx_driver_init,1.263425,0,2914
9,run8_initcall.txt,usbnet_init,1.269233,0,0
9,run8_initcall.txt,xhci_hcd_init,1.274888,0,17
9,run8_initcall.txt,xhci_pci_init,1.451143,0,170465
9,run8_initcall.txt,xhci_plat_init,1.456908,0,143
9,run8_initcall.txt,dwc_otg_driver_init,1.473627,0,11109
9,run8_initcall.txt,dwc_common_port_init_module,1.481993,0,2913
9,run8_initcall.txt,dwc3_driver_init,1.487675,0,72
9,run8_initcall.txt,dwc3_haps_driver_init,1.493307,0,33
9,run8_initcall.txt,dwc3_of_simple_driver_init,1.498925,0,65
9,run8_initcall.txt,dwc3_generic_driver_init,1.504522,0,41
9,run8_initcall.txt,dwc2_platform_driver_init,1.510065,0,147
9,run8_initcall.txt,uas_init,1.51853,0,2918
9,run8_initcall.txt,usb_storage_driver_init,1.526842,0,2790
9,run8_initcall.txt,brcmstb_usb_pinmap_init,1.532463,-19,85
9,run8_initcall.txt,bdc_driver_init,1.538081,0,51
9,run8_initcall.txt,input_leds_init,1.543515,0,2
9,run8_initcall.txt,mousedev_init,1.552743,0,2905
9,run8_initcall.txt,evdev_init,1.558443,0,43
9,run8_initcall.txt,brcmstb_waketmr_driver_init,1.564099,0,82
9,run8_initcall.txt,rpi_rtc_driver_init,1.569719,0,44
9,run8_initcall.txt,init_rc_map_adstech_dvb_t_pci,1.575154,0,0
9,run8_initcall.txt,init_rc_map_alink_dtu_m,1.580741,0,0
9,run8_initcall.txt,init_rc_map_anysee,1.586449,0,0
9,run8_initcall.txt,init_rc_map_apac_viewcomp,1.592005,0,0
9,run8_initcall.txt,init_rc_map_t2hybrid,1.597576,0,0
9,run8_initcall.txt,init_rc_map_asus_pc39,1.603112,0,0
9,run8_initcall.txt,init_rc_map_asus_ps3_100,1.608514,0,0
9,run8_initcall.txt,init_rc_map_ati_tv_wonder_hd_600,1.614162,0,0
9,run8_initcall.txt,init_rc_map_ati_x10,1.619675,0,0
9,run8_initcall.txt,init_rc_map_avermedia_a16d,1.625199,0,0
9,run8_initcall.txt,init_rc_map_avermedia_cardbus,1.630702,0,0
9,run8_initcall.txt,init_rc_map_avermedia_dvbt,1.636193,0,0
9,run8_initcall.txt,init_rc_map_avermedia_m135a,1.641552,0,0
9,run8_initcall.txt,init_rc_map_avermedia_m733a_rm_k6,1.647033,0,0
9,run8_initcall.txt,init_rc_map_avermedia,1.652523,0,0
9,run8_initcall.txt,init_rc_map_avermedia_rm_ks,1.657994,0,0
9,run8_initcall.txt,init_rc_map_avertv_303,1.663456,0,0
9,run8_initcall.txt,init_rc_map_azurewave_ad_tu700,1.671714,0,0
9,run8_initcall.txt,init_rc_map_beelink_gs1,1.677073,0,0
9,run8_initcall.txt,init_rc_map_beelink_mxiii,1.682551,0,0
9,run8_initcall.txt,init_rc_map_behold_columbus,1.688059,0,0
9,run8_initcall.txt,init_rc_map_behold,1.693553,0,0
9,run8_initcall.txt,init_rc_map_budget_ci_old,1.699041,0,0
9,run8_initcall.txt,init_rc_map_cinergy_1400,1.704512,0,0
9,run8_initcall.txt,init_rc_map_cinergy,1.709803,0,0
9,run8_initcall.txt,init_rc_map_ct_90405,1.715271,0,0
9,run8_initcall.txt,init_rc_map_d680_dmb,1.720675,0,0
9,run8_initcall.txt,init_rc_map_delock_61959,1.726098,0,0
9,run8_initcall.txt,init_rc_map,1.731495,0,0
9,run8_initcall.txt,init_rc_map,1.736904,0,0
9,run8_initcall.txt,init_rc_map_digitalnow_tinytwin,1.742168,0,0
9,run8_initcall.txt,init_rc_map_digittrade,1.747593,0,0
9,run8_initcall.txt,init_rc_map_dm1105_nec,1.753007,0,0
9,run8_initcall.txt,init_rc_map_dntv_live_dvb_t,1.758415,0,0
9,run8_initcall.txt,init_rc_map_dntv_live_dvbt_pro,1.763804,0,0
9,run8_initcall.txt,init_rc_map_dreambox,1.769185,0,0
9,run8_initcall.txt,init_rc_map_dtt200u,1.774441,0,0
9,run8_initcall.txt,init_rc_map_rc5_dvbsky,1.779818,0,0
9,run8_initcall.txt,init_rc_map_dvico_mce,1.78523,0,0
9,run8_initcall.txt,init_rc_map_dvico_portable,1.790734,0,106
9,run8_initcall.txt,init_rc_map_em_terratec,1.796135,0,0
9,run8_initcall.txt,init_rc_map_encore_enltv2,1.801596,0,37
9,run8_initcall.txt,init_rc_map_encore_enltv_fm53,1.807019,0,0
9,run8_initcall.txt,init_rc_map_encore_enltv,1.812363,0,0
9,run8_initcall.txt,init_rc_map_evga_indtube,1.823345,0,19
9,run8_initcall.txt,init_rc_map_eztv,1.831921,0,2
9,run8_initcall.txt,init_rc_map_flydvb,1.842893,0,0
9,run8_initcall.txt,init_rc_map_flyvideo,1.848454,0,0
9,run8_initcall.txt,init_rc_map_fusionhdtv_mce,1.859486,0,0
9,run8_initcall.txt,init_rc_map_gadmei_rm008z,1.865026,0,0
9,run8_initcall.txt,init_rc_map_geekbox,1.870551,0,0
9,run8_initcall.txt,init_rc_map_genius_tvgo_a11mce,1.875906,0,0
9,run8_initcall.txt,init_rc_map_gotview7135,1.881408,0,0
9,run8_initcall.txt,init_rc_map_rc5_hauppauge_new,1.886918,0,0
9,run8_initcall.txt,init_rc_map_hisi_poplar,1.892396,0,0
9,run8_initcall.txt,init_rc_map_hisi_tv_demo,1.897882,0,0
9,run8_initcall.txt,init_rc_map_imon_mce,1.903361,0,0
9,run8_initcall.txt,init_rc_map_imon_pad,1.908663,0,0
9,run8_initcall.txt,init_rc_map_imon_rsc,1.914125,0,0
9,run8_initcall.txt,init_rc_map_iodata_bctv7e,1.91957,0,0
9,run8_initcall.txt,init_rc_it913x_v1_map,1.924981,0,0
9,run8_initcall.txt,init_rc_it913x_v2_map,1.930415,0,0
9,run8_initcall.txt,init_rc_map_kaiomy,1.935812,0,0
9,run8_initcall.txt,init_rc_map_khadas,1.941106,0,0
9,run8_initcall.txt,init_rc_map_khamsin,1.946459,0,0
9,run8_initcall.txt,init_rc_map_kworld_315u,1.951948,0,39
9,run8_initcall.txt,init_rc_map_kworld_pc150u,1.957412,0,38
9,run8_initcall.txt,init_rc_map_kworld_plus_tv_analog,1.962842,0,10
9,run8_initcall.txt,init_rc_map_leadtek_y04g0051,1.968251,0,0
9,run8_initcall.txt,init_rc_lme2510_map,1.973636,0,0
9,run8_initcall.txt,init_rc_map_manli,1.978909,0,0
9,run8_initcall.txt,init_rc_map_mecool_kiii_pro,1.984331,0,0
9,run8_initcall.txt,init_rc_map_mecool_kii_pro,1.989749,0,0
9,run8_initcall.txt,init_rc_map_medion_x10_digitainer,1.995189,0,0
9,run8_initcall.txt,init_rc_map_medion_x10,2.000592,0,0
9,run8_initcall.txt,init_rc_map_medion_x10_or2x,2.006011,0,0
9,run8_initcall.txt,init_rc_map_minix_neo,2.01127,0,0
9,run8_initcall.txt,init_rc_map_msi_digivox_iii,2.016678,0,0
9,run8_initcall.txt,init_rc_map_msi_digivox_ii,2.022081,0,0
9,run8_initcall.txt,init_rc_map_msi_tvanywhere,2.027445,0,0
9,run8_initcall.txt,init_rc_map_msi_tvanywhere_plus,2.032796,0,0
9,run8_initcall.txt,init_rc_map_mygica_utv3,2.038402,0,0
9,run8_initcall.txt,init_rc_map_nebula,2.043593,0,0
9,run8_initcall.txt,init_rc_map_nec_terratec_cinergy_xs,2.048949,0,0
9,run8_initcall.txt,init_rc_map_norwood,2.054296,0,0
9,run8_initcall.txt,init_rc_map_npgtech,2.059649,0,0
9,run8_initcall.txt,init_rc_map_odroid,2.065053,0,51
9,run8_initcall.txt,init_rc_map_pctv_sedna,2.070515,0,38
9,run8_initcall.txt,init_rc_map_pine64,2.07576,0,3
9,run8_initcall.txt,init_rc_map_pinnacle_color,2.081158,0,0
9,run8_initcall.txt,init_rc_map_pinnacle_grey,2.086492,0,0
9,run8_initcall.txt,init_rc_map_pinnacle_pctv_hd,2.091828,0,0
9,run8_initcall.txt,init_rc_map_pixelview,2.097162,0,0
9,run8_initcall.txt,init_rc_map_pixelview,2.102504,0,0
9,run8_initcall.txt,init_rc_map_pixelview_new,2.107754,0,0
9,run8_initcall.txt,init_rc_map_pixelview,2.113081,0,0
9,run8_initcall.txt,init_rc_map_powercolor_real_angel,2.118424,0,0
9,run8_initcall.txt,init_rc_map_proteus_2309,2.12375,0,0
9,run8_initcall.txt,init_rc_map_purpletv,2.129117,0,0
9,run8_initcall.txt,init_rc_map_pv951,2.134475,0,0
9,run8_initcall.txt,init_rc_map_rc6_mce,2.139837,0,0
9,run8_initcall.txt,init_rc_map_real_audio_220_32_keys,2.145057,0,0
9,run8_initcall.txt,init_rc_map_reddo,2.150449,0,0
9,run8_initcall.txt,init_rc_map_siemens_gigaset_rc20,2.158525,0,0
9,run8_initcall.txt,init_rc_map_snapstream_firefly,2.163893,0,0
9,run8_initcall.txt,init_rc_map_streamzap,2.169271,0,0
9,run8_initcall.txt,init_rc_map_su3000,2.174528,0,0
9,run8_initcall.txt,init_rc_map_tanix_tx3mini,2.179861,0,0
9,run8_initcall.txt,init_rc_map_tanix_tx5max,2.185227,0,0
9,run8_initcall.txt,init_rc_map_tbs_nec,2.190561,0,0
9,run8_initcall.txt,init_rc_map,2.195904,0,0
9,run8_initcall.txt,init_rc_map,2.201249,0,0
9,run8_initcall.txt,init_rc_map_terratec_cinergy_c_pci,2.206583,0,0
9,run8_initcall.txt,init_rc_map_terratec_cinergy_s2_hd,2.21179,0,0
9,run8_initcall.txt,init_rc_map_terratec_cinergy_xs,2.217137,0,0
9,run8_initcall.txt,init_rc_map_terratec_slim_2,2.222503,0,0
9,run8_initcall.txt,init_rc_map_terratec_slim,2.227874,0,0
9,run8_initcall.txt,init_rc_map_tevii_nec,2.233227,0,0
9,run8_initcall.txt,init_rc_map_tivo,2.238603,0,0
9,run8_initcall.txt,init_rc_map_total_media_in_hand_02,2.243842,0,0
9,run8_initcall.txt,init_rc_map_total_media_in_hand,2.249195,0,0
9,run8_initcall.txt,init_rc_map_trekstor,2.259882,0,0
9,run8_initcall.txt,init_rc_map_tt_1500,2.270654,0,2
9,run8_initcall.txt,init_rc_map_twinhan_vp1027,2.275917,0,1
9,run8_initcall.txt,init_rc_map_twinhan_dtv_cab_ci,2.281336,0,2
9,run8_initcall.txt,init_rc_map_vega_s9x,2.286774,0,2
9,run8_initcall.txt,init_rc_map_videomate_k100,2.292261,0,0
9,run8_initcall.txt,init_rc_map_videomate_s350,2.300403,0,0
9,run8_initcall.txt,init_rc_map_videomate_tv_pvr,2.305837,0,0
9,run8_initcall.txt,init_rc_map_kii_pro,2.311079,0,0
9,run8_initcall.txt,init_rc_map_wetek_hub,2.31647,0,0
9,run8_initcall.txt,init_rc_map_wetek_play2,2.32185,0,0
9,run8_initcall.txt,init_rc_map_winfast,2.32724,0,0
9,run8_initcall.txt,init_rc_map_winfast_usbii_deluxe,2.332642,0,0
9,run8_initcall.txt,init_rc_map_x96max,2.338044,0,0
9,run8_initcall.txt,init_rc_map,2.34328,0,0
9,run8_initcall.txt,init_rc_map,2.348677,0,0
9,run8_initcall.txt,init_rc_map_zx_irdec,2.354074,0,0
9,run8_initcall.txt,ptp_kvm_init,2.359432,-95,1
9,run8_initcall.txt,gpio_poweroff_driver_init,2.364918,0,117
9,run8_initcall.txt,bcm2711_thermal_driver_init,2.373346,0,3048
9,run8_initcall.txt,bcm2835_thermal_driver_init,2.378705,0,65
9,run8_initcall.txt,bcm2835_wdt_driver_init,2.384202,0,32
9,run8_initcall.txt,dt_cpufreq_platdrv_init,2.389685,0,35
9,run8_initcall.txt,brcm_avs_cpufreq_platdrv_init,2.395173,0,48
9,run8_initcall.txt,raspberrypi_cpufreq_driver_init,2.406988,0,6356
9,run8_initcall.txt,mmc_pwrseq_simple_driver_init,2.412465,0,84
9,run8_initcall.txt,mmc_pwrseq_emmc_driver_init,2.41808,0,47
9,run8_initcall.txt,mmc_blk_init,2.423664,0,32
9,run8_initcall.txt,sdhci_drv_init,2.434819,0,5580
9,run8_initcall.txt,bcm2835_mmc_driver_init,2.443088,0,2722
9,run8_initcall.txt,bcm2835_driver_init,2.448739,0,46
9,run8_initcall.txt,sdhci_pltfm_drv_init,2.457168,0,2806
9,run8_initcall.txt,sdhci_iproc_driver_init,2.46287,0,91
9,run8_initcall.txt,sdhci_brcmstb_driver_init,2.462954,0,67
9,run8_initcall.txt,esrt_sysfs_init,2.46298,-38,2
9,run8_initcall.txt,smccc_devices_init,2.462996,0,2
9,run8_initcall.txt,smccc_soc_init,2.46301,0,2
9,run8_initcall.txt,arch_timer_mmio_drv_init,2.463062,0,40
9,run8_initcall.txt,arch_timer_mmio_acpi_drv_init,2.463102,0,25
9,run8_initcall.txt,hid_init,2.463175,0,60
9,run8_initcall.txt,hid_generic_init,2.463227,0,37
9,run8_initcall.txt,hid_init,2.68563,0,222392
9,run8_initcall.txt,vchiq_driver_init,2.697716,0,5933
9,run8_initcall.txt,bcm74110_mbox_driver_init,2.704529,0,91
9,run8_initcall.txt,extcon_class_init,2.711132,0,10
9,run8_initcall.txt,armv8_pmu_driver_init,2.72419,0,6911
9,run8_initcall.txt,binder_init,2.730486,0,85
9,run8_initcall.txt,rpi_otp_driver_init,2.746212,0,9515
9,run8_initcall.txt,sock_diag_init,2.752366,0,28
9,run8_initcall.txt,blackhole_init,2.758492,0,3
9,run8_initcall.txt,cls_bpf_init_mod,2.764595,0,1
9,run8_initcall.txt,gre_offload_init,2.770721,0,0
9,run8_initcall.txt,sysctl_ipv4_init,2.776765,0,72
9,run8_initcall.txt,cubictcp_register,2.782876,0,3
9,run8_initcall.txt,packet_init,2.792056,0,3069
9,run8_initcall.txt,init_rpcsec_gss,2.798208,0,26
9,run8_initcall.txt,init_kerberos_module,2.804335,0,10
9,run8_initcall.txt,dcbnl_init,2.810332,0,5
9,run8_initcall.txt,init_dns_resolver,2.819547,0,3077
9,run8_initcall.txt,handshake_init,2.825728,0,35
9,run8_initcall.txt,check_mmu_enabled_at_boot,2.831878,0,6
9,run8_initcall.txt,finalize_pkvm,2.838015,0,0
9,run8_initcall.txt,kernel_do_mounts_initrd_sysctls_init,2.847175,0,7
9,run8_initcall.txt,kernel_panic_sysctls_init,2.853376,0,21
9,run8_initcall.txt,kernel_panic_sysfs_init,2.859567,0,10
9,run8_initcall.txt,kernel_exit_sysctls_init,2.865764,0,2
9,run8_initcall.txt,kernel_exit_sysfs_init,2.87196,0,3
9,run8_initcall.txt,param_sysfs_builtin_init,2.887875,0,9873
9,run8_initcall.txt,reboot_ksysfs_init,2.894297,0,29
9,run8_initcall.txt,sched_core_sysctl_init,2.900793,0,7
9,run8_initcall.txt,sched_fair_sysctl_init,2.907631,0,612
9,run8_initcall.txt,sched_rt_sysctl_init,2.913857,0,23
9,run8_initcall.txt,sched_dl_sysctl_init,2.919997,0,2
9,run8_initcall.txt,sched_init_debug,2.92622,0,99
9,run8_initcall.txt,cpu_latency_qos_init,2.932479,0,179
9,run8_initcall.txt,printk_late_init,2.938598,0,19
9,run8_initcall.txt,init_srcu_module_notifier,2.944536,0,3
9,run8_initcall.txt,kernel_rcu_stall_sysfs_init,2.950642,0,11
9,run8_initcall.txt,swiotlb_create_default_debugfs,2.956752,0,15
9,run8_initcall.txt,tk_debug_sleep_time_init,2.962879,0,4
9,run8_initcall.txt,bpf_ksym_iter_register,2.968988,0,5
9,run8_initcall.txt,kernel_acct_sysctls_init,2.974924,0,5
9,run8_initcall.txt,bpf_rstat_kfunc_init,2.981036,0,1
9,run8_initcall.txt,debugfs_kprobe_init,2.987111,0,14
9,run8_initcall.txt,kernel_delayacct_sysctls_init,2.993215,0,3
9,run8_initcall.txt,taskstats_init,3.00236,0,3071
9,run8_initcall.txt,ftrace_sysctl_init,3.008288,0,3
9,run8_initcall.txt,bpf_kprobe_multi_kfuncs_init,3.014382,0,0
9,run8_initcall.txt,kdb_ftrace_register,3.020474,0,7
9,run8_initcall.txt,bpf_global_ma_init,3.026704,0,112
9,run8_initcall.txt,bpf_syscall_sysctl_init,3.032832,0,7
9,run8_initcall.txt,unbound_reg_init,3.03896,0,0
9,run8_initcall.txt,kfunc_init,3.044932,0,6
9,run8_initcall.txt,bpf_map_iter_init,3.051026,0,1
9,run8_initcall.txt,init_subsystem,3.057055,0,9
9,run8_initcall.txt,task_iter_init,3.063018,0,5
9,run8_initcall.txt,bpf_prog_iter_init,3.068831,0,0
9,run8_initcall.txt,bpf_link_iter_init,3.074424,0,0
9,run8_initcall.txt,init_trampolines,3.079977,0,2
9,run8_initcall.txt,rqspinlock_register_kfuncs,3.085525,0,0
9,run8_initcall.txt,kfunc_init,3.09105,0,5
9,run8_initcall.txt,bpf_cgroup_iter_init,3.096574,0,0
9,run8_initcall.txt,cpumask_kfunc_init,3.102109,0,9
9,run8_initcall.txt,crypto_kfunc_init,3.107533,0,0
9,run8_initcall.txt,bpf_kmem_cache_iter_init,3.112955,0,0
9,run8_initcall.txt,dmabuf_iter_init,3.118452,0,5
9,run8_initcall.txt,load_system_certificate_list,3.12664,0,2732
9,run8_initcall.txt,init_lru_gen,3.132143,0,25
9,run8_initcall.txt,vmstat_late_init,3.137643,0,1
9,run8_initcall.txt,fault_around_debugfs,3.142996,0,10
9,run8_initcall.txt,slab_sysfs_init,3.152615,0,4116
9,run8_initcall.txt,max_swapfiles_check,3.158322,0,0
9,run8_initcall.txt,zswap_init,3.163839,0,1
9,run8_initcall.txt,mempolicy_sysfs_init,3.169404,0,25
9,run8_initcall.txt,memory_tier_late_init,3.180514,0,5697
9,run8_initcall.txt,check_early_ioremap_leak,3.186071,0,0
9,run8_initcall.txt,mg_debugfs_init,3.191627,0,24
9,run8_initcall.txt,fscrypt_init,3.202737,0,5582
9,run8_initcall.txt,pstore_init,3.208114,0,11
9,run8_initcall.txt,init_root_keyring,3.213675,0,39
9,run8_initcall.txt,init_profile_hash,3.219201,0,7
9,run8_initcall.txt,integrity_fs_init,3.224695,0,11
9,run8_initcall.txt,crypto_algapi_init,3.230242,0,10
9,run8_initcall.txt,blk_timeout_init,3.235739,0,0
9,run8_initcall.txt,depot_debugfs_init,3.241153,0,8
9,run8_initcall.txt,pci_resource_alignment_sysfs_init,3.246628,0,12
9,run8_initcall.txt,pci_sysfs_init,3.252139,0,13
9,run8_initcall.txt,clk_debug_init,3.258067,0,445
9,run8_initcall.txt,genpd_debug_init,3.263946,0,377
9,run8_initcall.txt,sync_state_resume_initcall,3.269432,0,1
9,run8_initcall.txt,deferred_probe_initcall,3.392159,0,117406
9,run8_initcall.txt,efi_shutdown_init,3.399241,-19,19
9,run8_initcall.txt,efi_earlycon_unmap_fb,3.40481,0,0
9,run8_initcall.txt,psci_debugfs_init,3.409955,0,0
9,run8_initcall.txt,of_cfs_init,3.420469,0,5273
9,run8_initcall.txt,of_fdt_raw_init,3.42571,0,36
9,run8_initcall.txt,bpf_kfunc_init,3.430909,0,2
9,run8_initcall.txt,init_subsystem,3.436126,0,0
9,run8_initcall.txt,xdp_metadata_init,3.443808,0,0
9,run8_initcall.txt,bpf_sockmap_iter_init,3.451614,0,1
9,run8_initcall.txt,bpf_sk_storage_map_iter_init,3.456859,0,0
9,run8_initcall.txt,bpf_prog_test_run_init,3.462137,0,1
9,run8_initcall.txt,bpf_dummy_struct_ops_init,3.467405,0,8
9,run8_initcall.txt,tcp_congestion_default,3.472706,0,1
9,run8_initcall.txt,inet_blackhole_dev_init,3.477852,0,10
9,run8_initcall.txt,ip_auto_config,3.483185,0,13
9,run8_initcall.txt,tcp_bpf_v4_build_proto,3.491161,0,1
9,run8_initcall.txt,udp_bpf_v4_build_proto,3.499112,0,1
9,run8_initcall.txt,bpf_tcp_ca_kfunc_init,3.504422,0,1
9,run8_initcall.txt,bpf_mptcp_kfunc_init,3.509608,0,0
9,run8_initcall.txt,latency_fsnotify_init,3.514925,0,32
9,run8_initcall.txt,trace_eval_sync,3.5202,0,11
9,run8_initcall.txt,late_trace_init,3.525471,0,0
9,run8_initcall.txt,fb_logo_late_init,3.530771,0,0
9,run8_initcall.txt,amba_stub_drv_init,3.536102,0,27
9,run8_initcall.txt,clk_disable_unused,3.547593,0,6330
9,run8_initcall.txt,genpd_power_off_unused,3.555562,0,2668
9,run8_initcall.txt,regulator_init_complete,3.566979,0,4
9,run8_initcall.txt,of_platform_sync_state_init,3.577563,0,40
10,run9_initcall.txt,kcompactd_init,0.047977,0,0
10,run9_initcall.txt,init_mm_sysctl,0.047995,0,0
10,run9_initcall.txt,init_user_reserve,0.048011,0,0
10,run9_initcall.txt,init_admin_reserve,0.048026,0,0
10,run9_initcall.txt,init_reserve_notifier,0.048041,0,0
10,run9_initcall.txt,swap_init,0.048061,0,0
10,run9_initcall.txt,swapfile_init,0.048084,0,0
10,run9_initcall.txt,memory_tier_init,0.048134,0,0
10,run9_initcall.txt,numa_init_sysfs,0.048155,0,0
10,run9_initcall.txt,mem_cgroup_swap_init,0.048205,0,0
10,run9_initcall.txt,init_msg_buckets,0.048221,0,0
10,run9_initcall.txt,init_bio,0.04827,0,0
10,run9_initcall.txt,blk_ioc_init,0.048289,0,0
10,run9_initcall.txt,blk_mq_init,0.048307,0,0
10,run9_initcall.txt,genhd_device_init,0.048409,0,0
10,run9_initcall.txt,blkcg_punt_bio_init,0.048513,0,0
10,run9_initcall.txt,blk_integrity_auto_init,0.048582,0,0
10,run9_initcall.txt,io_wq_init,0.048602,0,0
10,run9_initcall.txt,crc_t10dif_mod_init,0.04863,0,0
10,run9_initcall.txt,sha256_mod_init,0.048649,0,0
10,run9_initcall.txt,sha512_mod_init,0.048666,0,0
10,run9_initcall.txt,sg_pool_init,0.048698,0,0
10,run9_initcall.txt,gpiolib_debugfs_init,0.048721,0,0
10,run9_initcall.txt,stmpe_gpio_init,0.048828,0,0
10,run9_initcall.txt,pwm_init,0.048855,0,0
10,run9_initcall.txt,leds_init,0.048893,0,0
10,run9_initcall.txt,pci_slot_init,0.048917,0,0
10,run9_initcall.txt,fbmem_init,0.048972,0,0
10,run9_initcall.txt,bcm2835_dma_init,0.049728,0,0
10,run9_initcall.txt,regulator_fixed_voltage_init,0.049813,0,0
10,run9_initcall.txt,gpio_regulator_init,0.049868,0,0
10,run9_initcall.txt,init_sysrq_sysctl,0.049894,0,0
10,run9_initcall.txt,misc_init,0.049924,0,0
10,run9_initcall.txt,iommu_subsys_init,0.049956,0,0
10,run9_initcall.txt,register_cpu_capacity_sysctl,0.05038,0,0
10,run9_initcall.txt,dma_buf_init,0.050446,0,0
10,run9_initcall.txt,dma_heap_init,0.050474,0,0
10,run9_initcall.txt,init_scsi,0.050578,0,0
10,run9_initcall.txt,mdio_bus_init,0.050609,0,0
10,run9_initcall.txt,phy_init,0.050657,0,0
10,run9_initcall.txt,usb_common_init,0.050681,0,0
10,run9_initcall.txt,usb_init,0.050794,0,0
10,run9_initcall.txt,usb_phy_generic_init,0.050959,0,0
10,run9_initcall.txt,usb_udc_init,0.050997,0,0
10,run9_initcall.txt,usb_roles_init,0.051021,0,0
10,run9_initcall.txt,input_init,0.051051,0,0
10,run9_initcall.txt,rtc_init,0.051075,0,0
10,run9_initcall.txt,rc_core_init,0.051106,0,0
10,run9_initcall.txt,pps_init,0.051143,0,0
10,run9_initcall.txt,ptp_init,0.051168,0,0
10,run9_initcall.txt,power_supply_class_init,0.051199,0,0
10,run9_initcall.txt,hwmon_init,0.051221,0,0
10,run9_initcall.txt,mmc_init,0.051265,0,0
10,run9_initcall.txt,dmi_init,0.051282,0,0
10,run9_initcall.txt,efisubsys_init,0.051301,0,0
10,run9_initcall.txt,arm_pmu_hp_init,0.051322,0,0
10,run9_initcall.txt,ras_init,0.051344,0,0
10,run9_initcall.txt,nvmem_init,0.051379,0,0
10,run9_initcall.txt,init_soundcore,0.0514,0,0
10,run9_initcall.txt,proto_init,0.051419,0,0
10,run9_initcall.txt,net_dev_init,0.051654,0,0
10,run9_initcall.txt,neigh_init,0.051673,0,0
10,run9_initcall.txt,fib_notifier_init,0.051689,0,0
10,run9_initcall.txt,netdev_genl_init,0.051731,0,0
10,run9_initcall.txt,page_pool_user_init,0.05175,0,0
10,run9_initcall.txt,fib_rules_init,0.051768,0,0
10,run9_initcall.txt,init_cgroup_netprio,0.051784,0,0
10,run9_initcall.txt,bpf_lwt_init,0.0518,0,0
10,run9_initcall.txt,pktsched_init,0.051821,0,0
10,run9_initcall.txt,tc_filter_init,0.051855,0,0
10,run9_initcall.txt,tc_action_init,0.051872,0,0
10,run9_initcall.txt,ethnl_init,0.051943,0,0
10,run9_initcall.txt,nexthop_init,0.051966,0,0
10,run9_initcall.txt,devlink_init,0.05205,0,0
10,run9_initcall.txt,wireless_nlevent_init,0.052069,0,0
10,run9_initcall.txt,vsprintf_init_hashval,0.052092,0,0
10,run9_initcall.txt,init_32bit_el0_mask,0.052111,0,0
10,run9_initcall.txt,vga_arb_device_init,0.052256,0,4000
10,run9_initcall.txt,watchdog_init,0.052385,0,0
10,run9_initcall.txt,create_debug_debugfs_entry,0.0525,0,0
10,run9_initcall.txt,iomem_init_inode,0.052547,0,0
10,run9_initcall.txt,clocksource_done_booting,0.052599,0,14
10,run9_initcall.txt,tracer_init_tracefs,0.052631,0,12
10,run9_initcall.txt,init_trace_printk_function_export,0.05272,0,71
10,run9_initcall.txt,init_graph_tracefs,0.052743,0,2
10,run9_initcall.txt,bpf_event_init,0.05276,0,1
10,run9_initcall.txt,init_kprobe_trace,0.428331,0,375548
10,run9_initcall.txt,init_dynamic_event,0.42846,0,11
10,run9_initcall.txt,bpf_init,0.4285,0,22
10,run9_initcall.txt,secretmem_init,0.428573,0,55
10,run9_initcall.txt,init_fs_stat_sysctls,0.428643,0,13
10,run9_initcall.txt,init_fs_exec_sysctls,0.428663,0,1
10,run9_initcall.txt,init_pipe_fs,0.428696,0,15
10,run9_initcall.txt,init_fs_namei_sysctls,0.428719,0,4
10,run9_initcall.txt,init_fs_dcache_sysctls,0.428751,0,7
10,run9_initcall.txt,init_fs_namespace_sysctls,0.428771,0,1
10,run9_initcall.txt,cgroup_writeback_init,0.428799,0,10
10,run9_initcall.txt,inotify_user_setup,0.428834,0,16
10,run9_initcall.txt,eventpoll_init,0.42887,0,18
10,run9_initcall.txt,anon_inode_init,0.428901,0,11
10,run9_initcall.txt,proc_locks_init,0.428927,0,6
10,run9_initcall.txt,backing_aio_init,0.428947,0,2
10,run9_initcall.txt,init_fs_coredump_sysctls,0.428974,0,7
10,run9_initcall.txt,init_vm_drop_caches_sysctls,0.428997,0,3
10,run9_initcall.txt,iomap_dio_init,0.42904,0,24
10,run9_initcall.txt,iomap_ioend_init,0.429089,0,31
10,run9_initcall.txt,dquot_init,0.429286,0,176
10,run9_initcall.txt,proc_cmdline_init,0.429318,0,5
10,run9_initcall.txt,proc_consoles_init,0.429339,0,1
10,run9_initcall.txt,proc_cpuinfo_init,0.429361,0,1
10,run9_initcall.txt,proc_devices_init,0.429381,0,1
10,run9_initcall.txt,proc_interrupts_init,0.429402,0,1
10,run9_initcall.txt,proc_loadavg_init,0.429421,0,1
10,run9_initcall.txt,proc_meminfo_init,0.429441,0,1
10,run9_initcall.txt,proc_stat_init,0.429461,0,1
10,run9_initcall.txt,proc_uptime_init,0.42948,0,1
10,run9_initcall.txt,proc_version_init,0.4295,0,1
10,run9_initcall.txt,proc_softirqs_init,0.429521,0,1
10,run9_initcall.txt,proc_kmsg_init,0.429538,0,1
10,run9_initcall.txt,proc_page_init,0.429554,0,2
10,run9_initcall.txt,init_ramfs_fs,0.429571,0,2
10,run9_initcall.txt,aa_create_aafs,0.429588,0,1
10,run9_initcall.txt,chr_dev_init,0.432846,0,3239
10,run9_initcall.txt,hwrng_modinit,0.432937,0,49
10,run9_initcall.txt,firmware_class_init,0.432966,0,2
10,run9_initcall.txt,sysctl_core_init,0.433017,0,33
10,run9_initcall.txt,eth_offload_init,0.433035,0,0
10,run9_initcall.txt,ipv4_offload_init,0.433052,0,1
10,run9_initcall.txt,inet_init,0.437056,0,3987
10,run9_initcall.txt,af_unix_init,0.437115,0,24
10,run9_initcall.txt,ipv6_offload_init,0.437136,0,2
10,run9_initcall.txt,init_sunrpc,0.437508,0,354
10,run9_initcall.txt,vlan_offload_init,0.437528,0,1
10,run9_initcall.txt,pci_apply_final_quirks,0.437557,0,11
10,run9_initcall.txt,populate_rootfs,0.43758,0,6
10,run9_initcall.txt,register_arm64_panic_block,0.437701,0,1
10,run9_initcall.txt,cpuinfo_regs_init,0.437821,0,101
10,run9_initcall.txt,aarch32_el0_sysfs_init,0.437842,0,0
10,run9_initcall.txt,kvm_arm_init,0.444911,0,7043
10,run9_initcall.txt,proc_execdomains_init,0.444984,0,20
10,run9_initcall.txt,register_warn_debugfs,0.445015,0,13
10,run9_initcall.txt,cpuhp_sysfs_init,0.445063,0,31
10,run9_initcall.txt,ioresources_init,0.445087,0,5
10,run9_initcall.txt,psi_proc_init,0.445105,0,0
10,run9_initcall.txt,irq_gc_init_ops,0.445123,0,0
10,run9_initcall.txt,irq_debugfs_init,0.445241,0,99
10,run9_initcall.txt,proc_modules_init,0.445272,0,2
10,run9_initcall.txt,timer_sysctl_init,0.445301,0,10
10,run9_initcall.txt,timekeeping_init_ops,0.445318,0,0
10,run9_initcall.txt,init_clocksource_sysfs,0.445419,0,85
10,run9_initcall.txt,init_timer_list_procfs,0.445441,0,3
10,run9_initcall.txt,alarmtimer_init,0.445538,0,82
10,run9_initcall.txt,clockevents_init_sysfs,0.445681,0,126
10,run9_initcall.txt,sched_clock_syscore_init,0.445702,0,0
10,run9_initcall.txt,kallsyms_init,0.445729,0,4
10,run9_initcall.txt,pid_namespaces_init,0.445799,0,55
10,run9_initcall.txt,audit_watch_init,0.445819,0,2
10,run9_initcall.txt,audit_fsnotify_init,0.445834,0,0
10,run9_initcall.txt,audit_tree_init,0.445855,0,5
10,run9_initcall.txt,seccomp_sysctl_init,0.445875,0,4
10,run9_initcall.txt,utsname_sysctl_init,0.445896,0,6
10,run9_initcall.txt,init_tracepoints,0.445914,0,3
10,run9_initcall.txt,init_lstats_procfs,0.445934,0,3
10,run9_initcall.txt,stack_trace_init,0.445992,0,40
10,run9_initcall.txt,init_blk_tracer,0.446026,0,16
10,run9_initcall.txt,perf_event_sysfs_init,0.446158,0,112
10,run9_initcall.txt,system_trusted_keyring_init,0.446198,0,19
10,run9_initcall.txt,kswapd_init,0.446497,0,279
10,run9_initcall.txt,extfrag_debug_init,0.446551,0,19
10,run9_initcall.txt,mm_compute_batch_init,0.44657,0,0
10,run9_initcall.txt,slab_proc_init,0.446595,0,8
10,run9_initcall.txt,workingset_init,0.44662,0,11
10,run9_initcall.txt,proc_vmalloc_init,0.44664,0,3
10,run9_initcall.txt,memblock_init_debugfs,0.446665,0,10
10,run9_initcall.txt,slab_debugfs_init,0.446708,0,26
10,run9_initcall.txt,procswaps_init,0.446729,0,3
10,run9_initcall.txt,zs_init,0.446747,0,0
10,run9_initcall.txt,fcntl_init,0.446768,0,4
10,run9_initcall.txt,proc_filesystems_init,0.446787,0,2
10,run9_initcall.txt,start_dirtytime_writeback,0.446812,0,7
10,run9_initcall.txt,dio_init,0.446833,0,2
10,run9_initcall.txt,dnotify_init,0.446881,0,29
10,run9_initcall.txt,fanotify_user_setup,0.446913,0,13
10,run9_initcall.txt,aio_setup,0.446998,0,65
10,run9_initcall.txt,mbcache_init,0.447028,0,5
10,run9_initcall.txt,init_grace,0.44705,0,3
10,run9_initcall.txt,init_devpts_fs,0.447079,0,13
10,run9_initcall.txt,ext4_init_fs,0.44719,0,97
10,run9_initcall.txt,journal_init,0.447226,0,17
10,run9_initcall.txt,init_fat_fs,0.447246,0,5
10,run9_initcall.txt,init_vfat_fs,0.447261,0,1
10,run9_initcall.txt,init_msdos_fs,0.447276,0,1
10,run9_initcall.txt,init_nfs_fs,0.447566,0,272
10,run9_initcall.txt,init_nfs_v2,0.447594,0,0
10,run9_initcall.txt,init_nfs_v3,0.447608,0,0
10,run9_initcall.txt,init_nfs_v4,0.447662,0,40
10,run9_initcall.txt,nfs4filelayout_init,0.447684,0,6
10,run9_initcall.txt,nfs4flexfilelayout_init,0.447706,0,7
10,run9_initcall.txt,init_nlm,0.447757,0,35
10,run9_initcall.txt,init_nls_cp437,0.447781,0,0
10,run9_initcall.txt,init_nls_ascii,0.447795,0,0
10,run9_initcall.txt,init_autofs_fs,0.447973,0,161
10,run9_initcall.txt,init_f2fs_fs,0.448162,0,170
10,run9_initcall.txt,ipc_init,0.448197,0,15
10,run9_initcall.txt,ipc_sysctl_init,0.448241,0,28
10,run9_initcall.txt,init_mqueue_fs,0.448307,0,49
10,run9_initcall.txt,key_proc_init,0.44833,0,5
10,run9_initcall.txt,bpf_crypto_skcipher_init,0.448355,0,1
10,run9_initcall.txt,dh_init,0.448376,0,3
10,run9_initcall.txt,rsa_init,0.448393,0,1
10,run9_initcall.txt,cryptomgr_init,0.448409,0,0
10,run9_initcall.txt,hmac_module_init,0.448426,0,0
10,run9_initcall.txt,crypto_sha256_mod_init,0.448448,0,5
10,run9_initcall.txt,crypto_ecb_module_init,0.448465,0,0
10,run9_initcall.txt,crypto_cbc_module_init,0.448481,0,0
10,run9_initcall.txt,crypto_cts_module_init,0.4485,0,0
10,run9_initcall.txt,xts_module_init,0.448516,0,0
10,run9_initcall.txt,des_generic_mod_init,0.448533,0,1
10,run9_initcall.txt,aes_init,0.44855,0,0
10,run9_initcall.txt,lzo_mod_init,0.448567,0,1
10,run9_initcall.txt,lzorle_mod_init,0.448584,0,1
10,run9_initcall.txt,asymmetric_key_init,0.448647,0,8
10,run9_initcall.txt,x509_key_init,0.448669,0,5
10,run9_initcall.txt,crypto_kdf108_init,0.448687,0,0
10,run9_initcall.txt,blkdev_init,0.448736,0,32
10,run9_initcall.txt,proc_genhd_init,0.44876,0,5
10,run9_initcall.txt,bsg_init,0.448813,0,35
10,run9_initcall.txt,throtl_init,0.448987,0,156
10,run9_initcall.txt,deadline_init,0.449017,0,7
10,run9_initcall.txt,kyber_init,0.44904,0,5
10,run9_initcall.txt,bfq_init,0.449114,0,49
10,run9_initcall.txt,io_uring_init,0.449177,0,43
10,run9_initcall.txt,btree_module_init,0.4492,0,2
10,run9_initcall.txt,percpu_counter_startup,0.449283,0,64
10,run9_initcall.txt,audit_classes_init,0.449318,0,7
10,run9_initcall.txt,gicv5_iwb_platform_driver_init,0.44946,0,123
10,run9_initcall.txt,mip_msi_driver_init,0.449519,0,38
10,run9_initcall.txt,bcm7038_l1_driver_init,0.449575,0,36
10,run9_initcall.txt,bcm7120_l2_driver_init,0.449643,0,41
10,run9_initcall.txt,brcmstb_l2_driver_init,0.450011,0,347
10,run9_initcall.txt,simple_pm_bus_driver_init,0.450714,0,676
10,run9_initcall.txt,phy_core_init,0.450771,0,31
10,run9_initcall.txt,brcm_usb_driver_init,0.450884,0,93
10,run9_initcall.txt,rp1_pinctrl_driver_init,0.45094,0,35
10,run9_initcall.txt,bcm2835_pinctrl_driver_init,0.452354,0,1393
10,run9_initcall.txt,bcm2712_pinctrl_driver_init,0.452458,0,66
10,run9_initcall.txt,brcmvirt_gpio_driver_init,0.452519,0,37
10,run9_initcall.txt,brcmstb_gpio_driver_init,0.452582,0,41
10,run9_initcall.txt,rpi_exp_gpio_driver_init,0.45328,0,642
10,run9_initcall.txt,brcmstb_pwm_driver_init,0.453374,0,58
10,run9_initcall.txt,rp1_pwm_driver_init,0.453431,0,36
10,run9_initcall.txt,gpio_led_driver_init,0.671159,0,217707
10,run9_initcall.txt,led_pwm_driver_init,0.671419,0,152
10,run9_initcall.txt,timer_led_trigger_init,0.671459,0,7
10,run9_initcall.txt,oneshot_led_trigger_init,0.671479,0,0
10,run9_initcall.txt,heartbeat_trig_init,0.671501,0,2
10,run9_initcall.txt,bl_led_trigger_init,0.67152,0,0
10,run9_initcall.txt,ledtrig_cpu_init,0.675599,0,4060
10,run9_initcall.txt,defon_led_trigger_init,0.675702,0,71
10,run9_initcall.txt,input_trig_init,0.675725,0,1
10,run9_initcall.txt,ledtrig_panic_init,0.675746,0,2
10,run9_initcall.txt,actpwr_trig_init,0.676257,0,490
10,run9_initcall.txt,pcie_portdrv_init,0.676355,0,71
10,run9_initcall.txt,pci_proc_init,0.676389,0,11
10,run9_initcall.txt,brcm_pcie_driver_init,0.789635,0,113232
10,run9_initcall.txt,bcm2708_fb_init,0.789727,0,70
10,run9_initcall.txt,simplefb_driver_init,0.815893,0,26150
10,run9_initcall.txt,of_fixed_factor_clk_driver_init,0.815997,0,41
10,run9_initcall.txt,of_fixed_clk_driver_init,0.81608,0,35
10,run9_initcall.txt,gpio_clk_driver_init,0.81617,0,43
10,run9_initcall.txt,gated_fixed_clk_driver_init,0.816252,0,34
10,run9_initcall.txt,rp1_clk_driver_init,0.816335,0,35
10,run9_initcall.txt,rp1_sdio_clk_driver_init,0.816417,0,36
10,run9_initcall.txt,clk_dvp_driver_init,0.81663,0,165
10,run9_initcall.txt,bcm2835_aux_clk_driver_init,0.816745,0,66
10,run9_initcall.txt,raspberrypi_clk_driver_init,0.832242,0,15443
10,run9_initcall.txt,dw_driver_init,0.832343,0,52
10,run9_initcall.txt,bcm2835_power_driver_init,0.832413,0,23
10,run9_initcall.txt,rpi_power_driver_init,0.833843,0,1382
10,run9_initcall.txt,brcmstb_reset_driver_init,0.833929,0,39
10,run9_initcall.txt,brcm_rescal_reset_driver_init,0.834012,0,36
10,run9_initcall.txt,rpi_reset_driver_init,0.834171,0,112
10,run9_initcall.txt,reset_simple_driver_init,0.834297,0,80
10,run9_initcall.txt,n_null_init,0.834347,0,0
10,run9_initcall.txt,pty_init,0.834468,0,83
10,run9_initcall.txt,sysrq_init,0.834524,0,14
10,run9_initcall.txt,serial8250_init,0.834566,-19,0
10,run9_initcall.txt,bcm2835aux_serial_driver_init,0.834652,0,41
10,run9_initcall.txt,brcmuart_init,0.834763,0,65
10,run9_initcall.txt,exar_pci_driver_init,0.834836,0,27
10,run9_initcall.txt,of_platform_serial_driver_init,0.834976,0,93
10,run9_initcall.txt,serial_pci_driver_init,0.835059,0,30
10,run9_initcall.txt,pericom8250_pci_driver_init,0.835135,0,26
10,run9_initcall.txt,init_kgdboc,0.835283,0,101
10,run9_initcall.txt,random_sysctls_init,0.835347,0,17
10,run9_initcall.txt,ttyprintk_init,0.835452,0,58
10,run9_initcall.txt,bcm2835_rng_driver_init,0.83556,0,58
10,run9_initcall.txt,bcm74110_rng_driver_init,0.835649,0,37
10,run9_initcall.txt,iproc_rng200_driver_init,0.835986,0,286
10,run9_initcall.txt,smccc_trng_driver_init,0.836064,0,25
10,run9_initcall.txt,vc_mem_init,0.836245,0,132
10,run9_initcall.txt,vcio_driver_init,0.839232,0,2938
10,run9_initcall.txt,bcm2712_iommu_driver_init,0.844407,0,53
10,run9_initcall.txt,bcm2712_iommu_cache_driver_init,0.849588,0,40
10,run9_initcall.txt,topology_sysfs_init,0.854823,0,66
10,run9_initcall.txt,cacheinfo_sysfs_init,0.860267,0,252
10,run9_initcall.txt,devcoredump_init,0.865592,0,13
10,run9_initcall.txt,brd_init,0.877402,0,6725
10,run9_initcall.txt,loop_init,0.888018,0,5373
10,run9_initcall.txt,bcm2835_pm_driver_init,0.896024,0,2753
10,run9_initcall.txt,stmpe_i2c_driver_init,0.901181,0,16
10,run9_initcall.txt,stmpe_spi_driver_init,0.906375,0,14
10,run9_initcall.txt,rp1_driver_init,0.911641,0,33
10,run9_initcall.txt,system_heap_create,0.916973,0,99
10,run9_initcall.txt,add_default_cma_heap,0.922311,0,97
10,run9_initcall.txt,udmabuf_dev_init,0.927581,0,46
10,run9_initcall.txt,iscsi_transport_init,0.935514,0,2711
10,run9_initcall.txt,init_sd,0.940759,0,28
10,run9_initcall.txt,nvme_core_init,0.946224,0,267
10,run9_initcall.txt,nvme_init,0.951504,0,36
10,run9_initcall.txt,blackhole_netdev_init,0.956749,0,21
10,run9_initcall.txt,netkit_init,0.961966,0,6
10,run9_initcall.txt,phylink_init,0.967175,0,0
10,run9_initcall.txt,phy_module_init,0.972446,0,184
10,run9_initcall.txt,phy_module_init,0.977849,0,192
10,run9_initcall.txt,fixed_mdio_bus_init,0.983233,0,170
10,run9_initcall.txt,phy_module_init,0.988637,0,186
10,run9_initcall.txt,phy_module_init,0.993937,0,39
10,run9_initcall.txt,phy_module_init,0.999315,0,69
10,run9_initcall.txt,unimac_mdio_driver_init,1.004647,0,148
10,run9_initcall.txt,macb_driver_init,1.010153,0,119
10,run9_initcall.txt,bcmgenet_driver_init,1.224308,0,208702
10,run9_initcall.txt,bcmasp_driver_init,1.230071,0,98
10,run9_initcall.txt,lan78xx_driver_init,1.238508,0,2904
10,run9_initcall.txt,smsc95xx_driver_init,1.247202,0,2911
10,run9_initcall.txt,usbnet_init,1.25301,0,0
10,run9_initcall.txt,xhci_hcd_init,1.258818,0,17
10,run9_initcall.txt,xhci_pci_init,1.436447,0,171819
10,run9_initcall.txt,xhci_plat_init,1.442229,0,135
10,run9_initcall.txt,dwc_otg_driver_init,1.458999,0,11132
10,run9_initcall.txt,dwc_common_port_init_module,1.467516,0,2888
10,run9_initcall.txt,dwc3_driver_init,1.47311,0,76
10,run9_initcall.txt,dwc3_haps_driver_init,1.478749,0,29
10,run9_initcall.txt,dwc3_of_simple_driver_init,1.484392,0,61
10,run9_initcall.txt,dwc3_generic_driver_init,1.490021,0,45
10,run9_initcall.txt,dwc2_platform_driver_init,1.495757,0,147
10,run9_initcall.txt,uas_init,1.504114,0,2855
10,run9_initcall.txt,usb_storage_driver_init,1.512448,0,2783
10,run9_initcall.txt,brcmstb_usb_pinmap_init,1.518093,-19,89
10,run9_initcall.txt,bdc_driver_init,1.523733,0,49
10,run9_initcall.txt,input_leds_init,1.529874,0,501
10,run9_initcall.txt,mousedev_init,1.538407,0,2961
10,run9_initcall.txt,evdev_init,1.544029,0,0
10,run9_initcall.txt,brcmstb_waketmr_driver_init,1.549729,0,90
10,run9_initcall.txt,rpi_rtc_driver_init,1.555394,0,43
10,run9_initcall.txt,init_rc_map_adstech_dvb_t_pci,1.561028,0,0
10,run9_initcall.txt,init_rc_map_alink_dtu_m,1.566632,0,0
10,run9_initcall.txt,init_rc_map_anysee,1.572102,0,0
10,run9_initcall.txt,init_rc_map_apac_viewcomp,1.577683,0,0
10,run9_initcall.txt,init_rc_map_t2hybrid,1.583271,0,0
10,run9_initcall.txt,init_rc_map_asus_pc39,1.588872,0,0
10,run9_initcall.txt,init_rc_map_asus_ps3_100,1.594429,0,0
10,run9_initcall.txt,init_rc_map_ati_tv_wonder_hd_600,1.599999,0,0
10,run9_initcall.txt,init_rc_map_ati_x10,1.605394,0,0
10,run9_initcall.txt,init_rc_map_avermedia_a16d,1.610962,0,0
10,run9_initcall.txt,init_rc_map_avermedia_cardbus,1.616518,0,0
10,run9_initcall.txt,init_rc_map_avermedia_dvbt,1.622043,0,0
10,run9_initcall.txt,init_rc_map_avermedia_m135a,1.627563,0,0
10,run9_initcall.txt,init_rc_map_avermedia_m733a_rm_k6,1.633082,0,0
10,run9_initcall.txt,init_rc_map_avermedia,1.638458,0,0
10,run9_initcall.txt,init_rc_map_avermedia_rm_ks,1.643945,0,0
10,run9_initcall.txt,init_rc_map_avertv_303,1.649474,0,0
10,run9_initcall.txt,init_rc_map_azurewave_ad_tu700,1.654979,0,0
10,run9_initcall.txt,init_rc_map_beelink_gs1,1.660465,0,0
10,run9_initcall.txt,init_rc_map_beelink_mxiii,1.668556,0,0
10,run9_initcall.txt,init_rc_map_behold_columbus,1.674066,0,0
10,run9_initcall.txt,init_rc_map_behold,1.679554,0,0
10,run9_initcall.txt,init_rc_map_budget_ci_old,1.685017,0,0
10,run9_initcall.txt,init_rc_map_cinergy_1400,1.690464,0,0
10,run9_initcall.txt,init_rc_map_cinergy,1.695907,0,0
10,run9_initcall.txt,init_rc_map_ct_90405,1.701221,0,0
10,run9_initcall.txt,init_rc_map_d680_dmb,1.706585,0,0
10,run9_initcall.txt,init_rc_map_delock_61959,1.71198,0,0
10,run9_initcall.txt,init_rc_map,1.71738,0,0
10,run9_initcall.txt,init_rc_map,1.722756,0,0
10,run9_initcall.txt,init_rc_map_digitalnow_tinytwin,1.728162,0,0
10,run9_initcall.txt,init_rc_map_digittrade,1.733585,0,0
10,run9_initcall.txt,init_rc_map_dm1105_nec,1.738833,0,0
10,run9_initcall.txt,init_rc_map_dntv_live_dvb_t,1.744206,0,0
10,run9_initcall.txt,init_rc_map_dntv_live_dvbt_pro,1.749595,0,0
10,run9_initcall.txt,init_rc_map_dreambox,1.754973,0,0
10,run9_initcall.txt,init_rc_map_dtt200u,1.760366,0,0
10,run9_initcall.txt,init_rc_map_rc5_dvbsky,1.765764,0,0
10,run9_initcall.txt,init_rc_map_dvico_mce,1.770995,0,0
10,run9_initcall.txt,init_rc_map_dvico_portable,1.776375,0,0
10,run9_initcall.txt,init_rc_map_em_terratec,1.781992,0,0
10,run9_initcall.txt,init_rc_map_encore_enltv2,1.787401,0,0
10,run9_initcall.txt,init_rc_map_encore_enltv_fm53,1.792873,0,0
10,run9_initcall.txt,init_rc_map_encore_enltv,1.798296,0,0
10,run9_initcall.txt,init_rc_map_evga_indtube,1.806293,0,0
10,run9_initcall.txt,init_rc_map_eztv,1.817532,0,90
10,run9_initcall.txt,init_rc_map_flydvb,1.823117,0,0
10,run9_initcall.txt,init_rc_map_flyvideo,1.82865,0,0
10,run9_initcall.txt,init_rc_map_fusionhdtv_mce,1.836711,0,0
10,run9_initcall.txt,init_rc_map_gadmei_rm008z,1.844962,0,0
10,run9_initcall.txt,init_rc_map_geekbox,1.850521,0,0
10,run9_initcall.txt,init_rc_map_genius_tvgo_a11mce,1.856084,0,0
10,run9_initcall.txt,init_rc_map_gotview7135,1.861584,0,0
10,run9_initcall.txt,init_rc_map_rc5_hauppauge_new,1.872283,0,0
10,run9_initcall.txt,init_rc_map_hisi_poplar,1.877726,0,0
10,run9_initcall.txt,init_rc_map_hisi_tv_demo,1.88315,0,0
10,run9_initcall.txt,init_rc_map_imon_mce,1.888564,0,0
10,run9_initcall.txt,init_rc_map_imon_pad,1.893996,0,0
10,run9_initcall.txt,init_rc_map_imon_rsc,1.899372,0,0
10,run9_initcall.txt,init_rc_map_iodata_bctv7e,1.904612,0,0
10,run9_initcall.txt,init_rc_it913x_v1_map,1.909975,0,0
10,run9_initcall.txt,init_rc_it913x_v2_map,1.915341,0,0
10,run9_initcall.txt,init_rc_map_kaiomy,1.92069,0,0
10,run9_initcall.txt,init_rc_map_khadas,1.926057,0,0
10,run9_initcall.txt,init_rc_map_khamsin,1.9314,0,0
10,run9_initcall.txt,init_rc_map_kworld_315u,1.936605,0,0
10,run9_initcall.txt,init_rc_map_kworld_pc150u,1.941961,0,0
10,run9_initcall.txt,init_rc_map_kworld_plus_tv_analog,1.947299,0,0
10,run9_initcall.txt,init_rc_map_leadtek_y04g0051,1.952661,0,0
10,run9_initcall.txt,init_rc_lme2510_map,1.958026,0,0
10,run9_initcall.txt,init_rc_map_manli,1.963533,0,39
10,run9_initcall.txt,init_rc_map_mecool_kiii_pro,1.96892,0,39
10,run9_initcall.txt,init_rc_map_mecool_kii_pro,1.974432,0,5
10,run9_initcall.txt,init_rc_map_medion_x10_digitainer,1.979828,0,0
10,run9_initcall.txt,init_rc_map_medion_x10,1.985203,0,0
10,run9_initcall.txt,init_rc_map_medion_x10_or2x,1.990575,0,0
10,run9_initcall.txt,init_rc_map_minix_neo,1.995947,0,0
10,run9_initcall.txt,init_rc_map_msi_digivox_iii,2.001218,0,0
10,run9_initcall.txt,init_rc_map_msi_digivox_ii,2.006559,0,0
10,run9_initcall.txt,init_rc_map_msi_tvanywhere,2.01192,0,0
10,run9_initcall.txt,init_rc_map_msi_tvanywhere_plus,2.017512,0,231
10,run9_initcall.txt,init_rc_map_mygica_utv3,2.022865,0,0
10,run9_initcall.txt,init_rc_map_nebula,2.028207,0,0
10,run9_initcall.txt,init_rc_map_nec_terratec_cinergy_xs,2.033564,0,0
10,run9_initcall.txt,init_rc_map_norwood,2.03877,0,0
10,run9_initcall.txt,init_rc_map_npgtech,2.044135,0,0
10,run9_initcall.txt,init_rc_map_odroid,2.04951,0,0
10,run9_initcall.txt,init_rc_map_pctv_sedna,2.054862,0,0
10,run9_initcall.txt,init_rc_map_pine64,2.060203,0,0
10,run9_initcall.txt,init_rc_map_pinnacle_color,2.065525,0,0
10,run9_initcall.txt,init_rc_map_pinnacle_grey,2.070666,0,0
10,run9_initcall.txt,init_rc_map_pinnacle_pctv_hd,2.075981,0,0
10,run9_initcall.txt,init_rc_map_pixelview,2.081432,0,38
10,run9_initcall.txt,init_rc_map_pixelview,2.086923,0,53
10,run9_initcall.txt,init_rc_map_pixelview_new,2.092304,0,45
10,run9_initcall.txt,init_rc_map_pixelview,2.09767,0,10
10,run9_initcall.txt,init_rc_map_powercolor_real_angel,2.102873,0,0
10,run9_initcall.txt,init_rc_map_proteus_2309,2.108213,0,0
10,run9_initcall.txt,init_rc_map_purpletv,2.113567,0,0
10,run9_initcall.txt,init_rc_map_pv951,2.118918,0,0
10,run9_initcall.txt,init_rc_map_rc6_mce,2.124258,0,0
10,run9_initcall.txt,init_rc_map_real_audio_220_32_keys,2.129623,0,0
10,run9_initcall.txt,init_rc_map_reddo,2.134855,0,0
10,run9_initcall.txt,init_rc_map_siemens_gigaset_rc20,2.1402,0,0
10,run9_initcall.txt,init_rc_map_snapstream_firefly,2.145567,0,0
10,run9_initcall.txt,init_rc_map_streamzap,2.150948,0,0
10,run9_initcall.txt,init_rc_map_su3000,2.156306,0,0
10,run9_initcall.txt,init_rc_map_tanix_tx3mini,2.161674,0,0
10,run9_initcall.txt,init_rc_map_tanix_tx5max,2.167041,0,0
10,run9_initcall.txt,init_rc_map_tbs_nec,2.172275,0,0
10,run9_initcall.txt,init_rc_map,2.180337,0,0
10,run9_initcall.txt,init_rc_map,2.185715,0,0
10,run9_initcall.txt,init_rc_map_terratec_cinergy_c_pci,2.191089,0,0
10,run9_initcall.txt,init_rc_map_terratec_cinergy_s2_hd,2.196437,0,0
10,run9_initcall.txt,init_rc_map_terratec_cinergy_xs,2.201631,0,0
10,run9_initcall.txt,init_rc_map_terratec_slim_2,2.206968,0,0
10,run9_initcall.txt,init_rc_map_terratec_slim,2.212323,0,0
10,run9_initcall.txt,init_rc_map_tevii_nec,2.217686,0,0
10,run9_initcall.txt,init_rc_map_tivo,2.223025,0,0
10,run9_initcall.txt,init_rc_map_total_media_in_hand_02,2.228376,0,0
10,run9_initcall.txt,init_rc_map_total_media_in_hand,2.233696,0,0
10,run9_initcall.txt,init_rc_map_trekstor,2.238869,0,0
10,run9_initcall.txt,init_rc_map_tt_1500,2.244217,0,0
10,run9_initcall.txt,init_rc_map_twinhan_vp1027,2.249588,0,0
10,run9_initcall.txt,init_rc_map_twinhan_dtv_cab_ci,2.254943,0,0
10,run9_initcall.txt,init_rc_map_vega_s9x,2.260296,0,0
10,run9_initcall.txt,init_rc_map_videomate_k100,2.265661,0,0
10,run9_initcall.txt,init_rc_map_videomate_s350,2.270873,0,0
10,run9_initcall.txt,init_rc_map_videomate_tv_pvr,2.281517,0,0
10,run9_initcall.txt,init_rc_map_kii_pro,2.292258,0,3
10,run9_initcall.txt,init_rc_map_wetek_hub,2.297665,0,1
10,run9_initcall.txt,init_rc_map_wetek_play2,2.302908,0,1
10,run9_initcall.txt,init_rc_map_winfast,2.308314,0,2
10,run9_initcall.txt,init_rc_map_winfast_usbii_deluxe,2.313773,0,0
10,run9_initcall.txt,init_rc_map_x96max,2.321861,0,0
10,run9_initcall.txt,init_rc_map,2.327244,0,0
10,run9_initcall.txt,init_rc_map,2.332622,0,0
10,run9_initcall.txt,init_rc_map_zx_irdec,2.337846,0,0
10,run9_initcall.txt,ptp_kvm_init,2.343228,-95,1
10,run9_initcall.txt,gpio_poweroff_driver_init,2.348689,0,109
10,run9_initcall.txt,bcm2711_thermal_driver_init,2.357095,0,3045
10,run9_initcall.txt,bcm2835_thermal_driver_init,2.362558,0,62
10,run9_initcall.txt,bcm2835_wdt_driver_init,2.367877,0,28
10,run9_initcall.txt,dt_cpufreq_platdrv_init,2.373261,0,28
10,run9_initcall.txt,brcm_avs_cpufreq_platdrv_init,2.378727,0,47
10,run9_initcall.txt,raspberrypi_cpufreq_driver_init,2.390484,0,6340
10,run9_initcall.txt,mmc_pwrseq_simple_driver_init,2.396081,0,82
10,run9_initcall.txt,mmc_pwrseq_emmc_driver_init,2.40152,0,44
10,run9_initcall.txt,mmc_blk_init,2.40706,0,45
10,run9_initcall.txt,sdhci_drv_init,2.418157,0,5551
10,run9_initcall.txt,bcm2835_mmc_driver_init,2.426543,0,2829
10,run9_initcall.txt,bcm2835_driver_init,2.432189,0,45
10,run9_initcall.txt,sdhci_pltfm_drv_init,2.440434,0,2800
10,run9_initcall.txt,sdhci_iproc_driver_init,2.446098,0,78
10,run9_initcall.txt,sdhci_brcmstb_driver_init,2.446183,0,72
10,run9_initcall.txt,esrt_sysfs_init,2.446198,-38,2
10,run9_initcall.txt,smccc_devices_init,2.446211,0,0
10,run9_initcall.txt,smccc_soc_init,2.446225,0,3
10,run9_initcall.txt,arch_timer_mmio_drv_init,2.446278,0,36
10,run9_initcall.txt,arch_timer_mmio_acpi_drv_init,2.446316,0,24
10,run9_initcall.txt,hid_init,2.446413,0,82
10,run9_initcall.txt,hid_generic_init,2.446467,0,39
10,run9_initcall.txt,hid_init,2.669366,0,222888
10,run9_initcall.txt,vchiq_driver_init,2.682021,0,6544
10,run9_initcall.txt,bcm74110_mbox_driver_init,2.689212,0,150
10,run9_initcall.txt,extcon_class_init,2.695484,0,17
10,run9_initcall.txt,armv8_pmu_driver_init,2.708434,0,6932
10,run9_initcall.txt,binder_init,2.71472,0,92
10,run9_initcall.txt,rpi_otp_driver_init,2.730493,0,9593
10,run9_initcall.txt,sock_diag_init,2.736504,0,26
10,run9_initcall.txt,blackhole_init,2.742682,0,7
10,run9_initcall.txt,cls_bpf_init_mod,2.748825,0,0
10,run9_initcall.txt,gre_offload_init,2.754958,0,6
10,run9_initcall.txt,sysctl_ipv4_init,2.761162,0,75
10,run9_initcall.txt,cubictcp_register,2.767273,0,9
10,run9_initcall.txt,packet_init,2.776351,0,3074
10,run9_initcall.txt,init_rpcsec_gss,2.782508,0,19
10,run9_initcall.txt,init_kerberos_module,2.788679,0,10
10,run9_initcall.txt,dcbnl_init,2.794805,0,3
10,run9_initcall.txt,init_dns_resolver,2.803854,0,2970
10,run9_initcall.txt,handshake_init,2.810023,0,38
10,run9_initcall.txt,check_mmu_enabled_at_boot,2.816196,0,0
10,run9_initcall.txt,finalize_pkvm,2.82235,0,0
10,run9_initcall.txt,kernel_do_mounts_initrd_sysctls_init,2.831657,0,12
10,run9_initcall.txt,kernel_panic_sysctls_init,2.837694,0,22
10,run9_initcall.txt,kernel_panic_sysfs_init,2.843908,0,5
10,run9_initcall.txt,kernel_exit_sysctls_init,2.850141,0,7
10,run9_initcall.txt,kernel_exit_sysfs_init,2.856345,0,3
10,run9_initcall.txt,param_sysfs_builtin_init,2.872368,0,9824
10,run9_initcall.txt,reboot_ksysfs_init,2.879003,0,223
10,run9_initcall.txt,sched_core_sysctl_init,2.886014,0,776
10,run9_initcall.txt,sched_fair_sysctl_init,2.892322,0,2
10,run9_initcall.txt,sched_rt_sysctl_init,2.89852,0,4
10,run9_initcall.txt,sched_dl_sysctl_init,2.904511,0,2
10,run9_initcall.txt,sched_init_debug,2.910746,0,103
10,run9_initcall.txt,cpu_latency_qos_init,2.917033,0,180
10,run9_initcall.txt,printk_late_init,2.923162,0,18
10,run9_initcall.txt,init_srcu_module_notifier,2.929262,0,3
10,run9_initcall.txt,kernel_rcu_stall_sysfs_init,2.935181,0,10
10,run9_initcall.txt,swiotlb_create_default_debugfs,2.94132,0,15
10,run9_initcall.txt,tk_debug_sleep_time_init,2.947436,0,9
10,run9_initcall.txt,bpf_ksym_iter_register,2.953537,0,1
10,run9_initcall.txt,kernel_acct_sysctls_init,2.959623,0,9
10,run9_initcall.txt,bpf_rstat_kfunc_init,2.965722,0,2
10,run9_initcall.txt,debugfs_kprobe_init,2.971688,0,29
10,run9_initcall.txt,kernel_delayacct_sysctls_init,2.977801,0,9
10,run9_initcall.txt,taskstats_init,2.986952,0,3063
10,run9_initcall.txt,ftrace_sysctl_init,2.993045,0,2
10,run9_initcall.txt,bpf_kprobe_multi_kfuncs_init,2.999147,0,6
10,run9_initcall.txt,kdb_ftrace_register,3.005073,0,8
10,run9_initcall.txt,bpf_global_ma_init,3.011326,0,127
10,run9_initcall.txt,bpf_syscall_sysctl_init,3.017465,0,6
10,run9_initcall.txt,unbound_reg_init,3.023596,0,5
10,run9_initcall.txt,kfunc_init,3.029727,0,1
10,run9_initcall.txt,bpf_map_iter_init,3.035694,0,1
10,run9_initcall.txt,init_subsystem,3.041719,0,9
10,run9_initcall.txt,task_iter_init,3.047683,0,1
10,run9_initcall.txt,bpf_prog_iter_init,3.053532,0,0
10,run9_initcall.txt,bpf_link_iter_init,3.059237,0,4
10,run9_initcall.txt,init_trampolines,3.064867,0,3
10,run9_initcall.txt,rqspinlock_register_kfuncs,3.070271,0,5
10,run9_initcall.txt,kfunc_init,3.075788,0,0
10,run9_initcall.txt,bpf_cgroup_iter_init,3.081338,0,0
10,run9_initcall.txt,cpumask_kfunc_init,3.086855,0,14
10,run9_initcall.txt,crypto_kfunc_init,3.092384,0,0
10,run9_initcall.txt,bpf_kmem_cache_iter_init,3.097921,0,0
10,run9_initcall.txt,dmabuf_iter_init,3.103274,0,0
10,run9_initcall.txt,load_system_certificate_list,3.111486,0,2716
10,run9_initcall.txt,init_lru_gen,3.117004,0,22
10,run9_initcall.txt,vmstat_late_init,3.122513,0,7
10,run9_initcall.txt,fault_around_debugfs,3.128035,0,4
10,run9_initcall.txt,slab_sysfs_init,3.13765,0,4082
10,run9_initcall.txt,max_swapfiles_check,3.143329,0,27
10,run9_initcall.txt,zswap_init,3.148866,0,0
10,run9_initcall.txt,mempolicy_sysfs_init,3.154435,0,26
10,run9_initcall.txt,memory_tier_late_init,3.165703,0,5705
10,run9_initcall.txt,check_early_ioremap_leak,3.171124,0,5
10,run9_initcall.txt,mg_debugfs_init,3.176706,0,20
10,run9_initcall.txt,fscrypt_init,3.187866,0,5622
10,run9_initcall.txt,pstore_init,3.193418,0,11
10,run9_initcall.txt,init_root_keyring,3.199002,0,39
10,run9_initcall.txt,init_profile_hash,3.20435,0,0
10,run9_initcall.txt,integrity_fs_init,3.20991,0,11
10,run9_initcall.txt,crypto_algapi_init,3.215447,0,9
10,run9_initcall.txt,blk_timeout_init,3.220978,0,0
10,run9_initcall.txt,depot_debugfs_init,3.226521,0,19
10,run9_initcall.txt,pci_resource_alignment_sysfs_init,3.232011,0,7
10,run9_initcall.txt,pci_sysfs_init,3.237382,0,13
10,run9_initcall.txt,clk_debug_init,3.243311,0,428
10,run9_initcall.txt,genpd_debug_init,3.249236,0,376
10,run9_initcall.txt,sync_state_resume_initcall,3.254758,0,9
10,run9_initcall.txt,deferred_probe_initcall,3.380218,0,119961
10,run9_initcall.txt,efi_shutdown_init,3.385984,-19,4
10,run9_initcall.txt,efi_earlycon_unmap_fb,3.392501,0,4
10,run9_initcall.txt,psci_debugfs_init,3.398055,0,0
10,run9_initcall.txt,of_cfs_init,3.408445,0,5270
10,run9_initcall.txt,of_fdt_raw_init,3.413717,0,47
10,run9_initcall.txt,bpf_kfunc_init,3.418938,0,3
10,run9_initcall.txt,init_subsystem,3.424168,0,0
10,run9_initcall.txt,xdp_metadata_init,3.429393,0,0
10,run9_initcall.txt,bpf_sockmap_iter_init,3.4371,0,1
10,run9_initcall.txt,bpf_sk_storage_map_iter_init,3.444996,0,0
10,run9_initcall.txt,bpf_prog_test_run_init,3.450307,0,11
10,run9_initcall.txt,bpf_dummy_struct_ops_init,3.455612,0,0
10,run9_initcall.txt,tcp_congestion_default,3.460944,0,1
10,run9_initcall.txt,inet_blackhole_dev_init,3.460968,0,12
10,run9_initcall.txt,ip_auto_config,3.476828,0,22
10,run9_initcall.txt,tcp_bpf_v4_build_proto,3.482213,0,1
10,run9_initcall.txt,udp_bpf_v4_build_proto,3.487567,0,0
10,run9_initcall.txt,bpf_tcp_ca_kfunc_init,3.492928,0,6
10,run9_initcall.txt,bpf_mptcp_kfunc_init,3.498272,0,0
10,run9_initcall.txt,latency_fsnotify_init,3.503439,0,30
10,run9_initcall.txt,trace_eval_sync,3.508755,0,9
10,run9_initcall.txt,late_trace_init,3.51406,0,0
10,run9_initcall.txt,fb_logo_late_init,3.519369,0,0
10,run9_initcall.txt,amba_stub_drv_init,3.524722,0,28
10,run9_initcall.txt,clk_disable_unused,3.536371,0,6346
10,run9_initcall.txt,genpd_power_off_unused,3.54725,0,5549
10,run9_initcall.txt,regulator_init_complete,3.558488,0,3
10,run9_initcall.txt,of_platform_sync_state_init,3.569044,0,26
