run_id,source_file,name,timestamp_s,return_code,duration_us
1,run10_initcall.txt,dmi_id_init,0.027454,-19,0
1,run10_initcall.txt,bcm2835_mbox_init,0.027479,0,0
1,run10_initcall.txt,of_platform_default_populate_init,0.05075,0,24000
1,run10_initcall.txt,register_mte_tcf_preferred_sysctl,0.050865,0,0
1,run10_initcall.txt,init_fork_sysctl,0.050893,0,0
1,run10_initcall.txt,uid_cache_init,0.050945,0,0
1,run10_initcall.txt,pid_namespace_sysctl_init,0.050973,0,0
1,run10_initcall.txt,param_sysfs_init,0.050997,0,0
1,run10_initcall.txt,user_namespace_sysctl_init,0.051033,0,0
1,run10_initcall.txt,proc_schedstat_init,0.051056,0,0
1,run10_initcall.txt,init_rtmutex_sysctl,0.051072,0,0
1,run10_initcall.txt,pm_sysrq_init,0.051128,0,0
1,run10_initcall.txt,init_rcu_stall_sysctl,0.051146,0,0
1,run10_initcall.txt,init_module_sysctl,0.051164,0,0
1,run10_initcall.txt,create_proc_profile,0.051182,0,0
1,run10_initcall.txt,cgroup_sysfs_init,0.051205,0,0
1,run10_initcall.txt,user_namespaces_init,0.051232,0,0
1,run10_initcall.txt,hung_task_init,0.05135,0,0
1,run10_initcall.txt,dev_map_init,0.051373,0,0
1,run10_initcall.txt,netns_bpf_init,0.051391,0,0
1,run10_initcall.txt,oom_init,0.051457,0,0
1,run10_initcall.txt,init_user_buckets,0.051477,0,0
1,run10_initcall.txt,init_vm_util_sysctls,0.051499,0,0
1,run10_initcall.txt,default_bdi_init,0.051618,0,0
1,run10_initcall.txt,cgwb_init,0.051642,0,0
1,run10_initcall.txt,percpu_enable_async,0.051658,0,0
1,run10_initcall.txt,kcompactd_init,0.051767,0,0
1,run10_initcall.txt,init_mm_sysctl,0.051787,0,0
1,run10_initcall.txt,init_user_reserve,0.051804,0,0
1,run10_initcall.txt,init_admin_reserve,0.051818,0,0
1,run10_initcall.txt,init_reserve_notifier,0.051832,0,0
1,run10_initcall.txt,swap_init,0.051851,0,0
1,run10_initcall.txt,swapfile_init,0.051872,0,0
1,run10_initcall.txt,memory_tier_init,0.051916,0,0
1,run10_initcall.txt,numa_init_sysfs,0.051936,0,0
1,run10_initcall.txt,mem_cgroup_swap_init,0.051953,0,0
1,run10_initcall.txt,init_msg_buckets,0.051969,0,0
1,run10_initcall.txt,init_bio,0.052014,0,0
1,run10_initcall.txt,blk_ioc_init,0.052034,0,0
1,run10_initcall.txt,blk_mq_init,0.052051,0,0
1,run10_initcall.txt,genhd_device_init,0.052146,0,0
1,run10_initcall.txt,blkcg_punt_bio_init,0.052256,0,4000
1,run10_initcall.txt,blk_integrity_auto_init,0.052328,0,0
1,run10_initcall.txt,io_wq_init,0.052347,0,0
1,run10_initcall.txt,crc_t10dif_mod_init,0.052373,0,0
1,run10_initcall.txt,sha256_mod_init,0.052392,0,0
1,run10_initcall.txt,sha512_mod_init,0.052408,0,0
1,run10_initcall.txt,sg_pool_init,0.052443,0,0
1,run10_initcall.txt,gpiolib_debugfs_init,0.052468,0,0
1,run10_initcall.txt,stmpe_gpio_init,0.052565,0,0
1,run10_initcall.txt,pwm_init,0.052592,0,0
1,run10_initcall.txt,leds_init,0.052624,0,0
1,run10_initcall.txt,pci_slot_init,0.052648,0,0
1,run10_initcall.txt,fbmem_init,0.052705,0,0
1,run10_initcall.txt,bcm2835_dma_init,0.053418,0,0
1,run10_initcall.txt,regulator_fixed_voltage_init,0.053498,0,0
1,run10_initcall.txt,gpio_regulator_init,0.053555,0,0
1,run10_initcall.txt,init_sysrq_sysctl,0.053581,0,0
1,run10_initcall.txt,misc_init,0.053606,0,0
1,run10_initcall.txt,iommu_subsys_init,0.053637,0,0
1,run10_initcall.txt,register_cpu_capacity_sysctl,0.054019,0,0
1,run10_initcall.txt,dma_buf_init,0.054087,0,0
1,run10_initcall.txt,dma_heap_init,0.054115,0,0
1,run10_initcall.txt,init_scsi,0.054214,0,0
1,run10_initcall.txt,mdio_bus_init,0.054245,0,0
1,run10_initcall.txt,phy_init,0.054291,0,0
1,run10_initcall.txt,usb_common_init,0.054312,0,0
1,run10_initcall.txt,usb_init,0.05442,0,0
1,run10_initcall.txt,usb_phy_generic_init,0.054569,0,0
1,run10_initcall.txt,usb_udc_init,0.054604,0,0
1,run10_initcall.txt,usb_roles_init,0.054622,0,0
1,run10_initcall.txt,input_init,0.054647,0,0
1,run10_initcall.txt,rtc_init,0.054665,0,0
1,run10_initcall.txt,rc_core_init,0.054691,0,0
1,run10_initcall.txt,pps_init,0.054723,0,0
1,run10_initcall.txt,ptp_init,0.054747,0,0
1,run10_initcall.txt,power_supply_class_init,0.054778,0,0
1,run10_initcall.txt,hwmon_init,0.054798,0,0
1,run10_initcall.txt,mmc_init,0.05484,0,0
1,run10_initcall.txt,dmi_init,0.054858,0,0
1,run10_initcall.txt,efisubsys_init,0.054876,0,0
1,run10_initcall.txt,arm_pmu_hp_init,0.054894,0,0
1,run10_initcall.txt,ras_init,0.054914,0,0
1,run10_initcall.txt,nvmem_init,0.054949,0,0
1,run10_initcall.txt,init_soundcore,0.054973,0,0
1,run10_initcall.txt,proto_init,0.054992,0,0
1,run10_initcall.txt,net_dev_init,0.055224,0,0
1,run10_initcall.txt,neigh_init,0.055244,0,0
1,run10_initcall.txt,fib_notifier_init,0.055261,0,0
1,run10_initcall.txt,netdev_genl_init,0.0553,0,0
1,run10_initcall.txt,page_pool_user_init,0.055319,0,0
1,run10_initcall.txt,fib_rules_init,0.05534,0,0
1,run10_initcall.txt,init_cgroup_netprio,0.055357,0,0
1,run10_initcall.txt,bpf_lwt_init,0.055373,0,0
1,run10_initcall.txt,pktsched_init,0.055392,0,0
1,run10_initcall.txt,tc_filter_init,0.055424,0,0
1,run10_initcall.txt,tc_action_init,0.055441,0,0
1,run10_initcall.txt,ethnl_init,0.055513,0,0
1,run10_initcall.txt,nexthop_init,0.055537,0,0
1,run10_initcall.txt,devlink_init,0.055618,0,0
1,run10_initcall.txt,wireless_nlevent_init,0.055639,0,0
1,run10_initcall.txt,vsprintf_init_hashval,0.05566,0,0
1,run10_initcall.txt,init_32bit_el0_mask,0.055677,0,0
1,run10_initcall.txt,vga_arb_device_init,0.055811,0,0
1,run10_initcall.txt,watchdog_init,0.055938,0,0
1,run10_initcall.txt,create_debug_debugfs_entry,0.056045,0,0
1,run10_initcall.txt,iomem_init_inode,0.056091,0,0
1,run10_initcall.txt,clocksource_done_booting,0.056142,0,13
1,run10_initcall.txt,bpf_init,0.056165,0,5
1,run10_initcall.txt,secretmem_init,0.056194,0,12
1,run10_initcall.txt,init_fs_stat_sysctls,0.056253,0,10
1,run10_initcall.txt,init_fs_exec_sysctls,0.056272,0,1
1,run10_initcall.txt,init_pipe_fs,0.056302,0,13
1,run10_initcall.txt,init_fs_namei_sysctls,0.056324,0,2
1,run10_initcall.txt,init_fs_dcache_sysctls,0.056348,0,7
1,run10_initcall.txt,init_fs_namespace_sysctls,0.056366,0,1
1,run10_initcall.txt,cgroup_writeback_init,0.056388,0,3
1,run10_initcall.txt,inotify_user_setup,0.05642,0,14
1,run10_initcall.txt,eventpoll_init,0.056456,0,17
1,run10_initcall.txt,anon_inode_init,0.056485,0,10
1,run10_initcall.txt,proc_locks_init,0.056507,0,3
1,run10_initcall.txt,backing_aio_init,0.056528,0,3
1,run10_initcall.txt,init_fs_coredump_sysctls,0.056551,0,5
1,run10_initcall.txt,init_vm_drop_caches_sysctls,0.056568,0,2
1,run10_initcall.txt,iomap_dio_init,0.056606,0,23
1,run10_initcall.txt,iomap_ioend_init,0.056642,0,23
1,run10_initcall.txt,dquot_init,0.056752,0,95
1,run10_initcall.txt,proc_cmdline_init,0.05677,0,1
1,run10_initcall.txt,proc_consoles_init,0.056787,0,1
1,run10_initcall.txt,proc_cpuinfo_init,0.056802,0,1
1,run10_initcall.txt,proc_devices_init,0.056816,0,0
1,run10_initcall.txt,proc_interrupts_init,0.05683,0,1
1,run10_initcall.txt,proc_loadavg_init,0.056845,0,1
1,run10_initcall.txt,proc_meminfo_init,0.056859,0,0
1,run10_initcall.txt,proc_stat_init,0.056873,0,1
1,run10_initcall.txt,proc_uptime_init,0.056887,0,1
1,run10_initcall.txt,proc_version_init,0.056903,0,0
1,run10_initcall.txt,proc_softirqs_init,0.056917,0,0
1,run10_initcall.txt,proc_kmsg_init,0.056932,0,1
1,run10_initcall.txt,proc_page_init,0.056948,0,2
1,run10_initcall.txt,init_ramfs_fs,0.056964,0,1
1,run10_initcall.txt,aa_create_aafs,0.05698,0,0
1,run10_initcall.txt,chr_dev_init,0.059775,0,2778
1,run10_initcall.txt,hwrng_modinit,0.05985,0,43
1,run10_initcall.txt,firmware_class_init,0.059876,0,2
1,run10_initcall.txt,sysctl_core_init,0.059918,0,25
1,run10_initcall.txt,eth_offload_init,0.059935,0,0
1,run10_initcall.txt,ipv4_offload_init,0.059952,0,1
1,run10_initcall.txt,inet_init,0.063885,0,3916
1,run10_initcall.txt,af_unix_init,0.06394,0,20
1,run10_initcall.txt,ipv6_offload_init,0.06396,0,2
1,run10_initcall.txt,init_sunrpc,0.064377,0,399
1,run10_initcall.txt,vlan_offload_init,0.064398,0,0
1,run10_initcall.txt,pci_apply_final_quirks,0.064429,0,13
1,run10_initcall.txt,populate_rootfs,0.064456,0,8
1,run10_initcall.txt,register_arm64_panic_block,0.064573,0,0
1,run10_initcall.txt,cpuinfo_regs_init,0.06468,0,91
1,run10_initcall.txt,aarch32_el0_sysfs_init,0.064696,0,0
1,run10_initcall.txt,kvm_arm_init,0.068338,0,3620
1,run10_initcall.txt,proc_execdomains_init,0.068381,0,4
1,run10_initcall.txt,register_warn_debugfs,0.068403,0,3
1,run10_initcall.txt,cpuhp_sysfs_init,0.068446,0,25
1,run10_initcall.txt,ioresources_init,0.068468,0,4
1,run10_initcall.txt,psi_proc_init,0.068485,0,0
1,run10_initcall.txt,irq_gc_init_ops,0.068499,0,0
1,run10_initcall.txt,irq_debugfs_init,0.068592,0,77
1,run10_initcall.txt,proc_modules_init,0.068618,0,1
1,run10_initcall.txt,timer_sysctl_init,0.068642,0,7
1,run10_initcall.txt,timekeeping_init_ops,0.068658,0,0
1,run10_initcall.txt,init_clocksource_sysfs,0.068737,0,63
1,run10_initcall.txt,init_timer_list_procfs,0.068757,0,1
1,run10_initcall.txt,alarmtimer_init,0.068836,0,62
1,run10_initcall.txt,clockevents_init_sysfs,0.068964,0,111
1,run10_initcall.txt,sched_clock_syscore_init,0.068983,0,0
1,run10_initcall.txt,kallsyms_init,0.069003,0,2
1,run10_initcall.txt,pid_namespaces_init,0.069041,0,20
1,run10_initcall.txt,audit_watch_init,0.069061,0,1
1,run10_initcall.txt,audit_fsnotify_init,0.069077,0,0
1,run10_initcall.txt,audit_tree_init,0.069097,0,2
1,run10_initcall.txt,seccomp_sysctl_init,0.069117,0,3
1,run10_initcall.txt,utsname_sysctl_init,0.069141,0,6
1,run10_initcall.txt,init_lstats_procfs,0.069161,0,3
1,run10_initcall.txt,perf_event_sysfs_init,0.069232,0,51
1,run10_initcall.txt,system_trusted_keyring_init,0.069267,0,15
1,run10_initcall.txt,kswapd_init,0.069478,0,191
1,run10_initcall.txt,extfrag_debug_init,0.069508,0,8
1,run10_initcall.txt,mm_compute_batch_init,0.069525,0,0
1,run10_initcall.txt,slab_proc_init,0.069541,0,2
1,run10_initcall.txt,workingset_init,0.069566,0,9
1,run10_initcall.txt,proc_vmalloc_init,0.069581,0,1
1,run10_initcall.txt,memblock_init_debugfs,0.069603,0,7
1,run10_initcall.txt,slab_debugfs_init,0.069625,0,6
1,run10_initcall.txt,procswaps_init,0.069641,0,1
1,run10_initcall.txt,zs_init,0.069658,0,0
1,run10_initcall.txt,fcntl_init,0.069677,0,3
1,run10_initcall.txt,proc_filesystems_init,0.069698,0,4
1,run10_initcall.txt,start_dirtytime_writeback,0.069722,0,5
1,run10_initcall.txt,dio_init,0.069742,0,2
1,run10_initcall.txt,dnotify_init,0.069774,0,14
1,run10_initcall.txt,fanotify_user_setup,0.069802,0,10
1,run10_initcall.txt,aio_setup,0.069858,0,37
1,run10_initcall.txt,mbcache_init,0.069883,0,5
1,run10_initcall.txt,init_grace,0.069902,0,2
1,run10_initcall.txt,init_devpts_fs,0.069925,0,8
1,run10_initcall.txt,ext4_init_fs,0.070018,0,78
1,run10_initcall.txt,journal_init,0.070049,0,15
1,run10_initcall.txt,init_fat_fs,0.07007,0,6
1,run10_initcall.txt,init_vfat_fs,0.070085,0,0
1,run10_initcall.txt,init_msdos_fs,0.070099,0,0
1,run10_initcall.txt,init_nfs_fs,0.070248,0,134
1,run10_initcall.txt,init_nfs_v2,0.070266,0,0
1,run10_initcall.txt,init_nfs_v3,0.070282,0,0
1,run10_initcall.txt,init_nfs_v4,0.070323,0,27
1,run10_initcall.txt,nfs4filelayout_init,0.070345,0,6
1,run10_initcall.txt,nfs4flexfilelayout_init,0.070366,0,6
1,run10_initcall.txt,init_nlm,0.070409,0,27
1,run10_initcall.txt,init_nls_cp437,0.070425,0,0
1,run10_initcall.txt,init_nls_ascii,0.070439,0,0
1,run10_initcall.txt,init_autofs_fs,0.070536,0,82
1,run10_initcall.txt,init_f2fs_fs,0.070679,0,124
1,run10_initcall.txt,ipc_init,0.070709,0,13
1,run10_initcall.txt,ipc_sysctl_init,0.070747,0,21
1,run10_initcall.txt,init_mqueue_fs,0.0708,0,37
1,run10_initcall.txt,key_proc_init,0.070821,0,3
1,run10_initcall.txt,bpf_crypto_skcipher_init,0.070839,0,2
1,run10_initcall.txt,dh_init,0.070858,0,3
1,run10_initcall.txt,rsa_init,0.070875,0,1
1,run10_initcall.txt,cryptomgr_init,0.070892,0,0
1,run10_initcall.txt,hmac_module_init,0.070908,0,0
1,run10_initcall.txt,crypto_sha256_mod_init,0.070929,0,6
1,run10_initcall.txt,crypto_ecb_module_init,0.070946,0,0
1,run10_initcall.txt,crypto_cbc_module_init,0.070962,0,0
1,run10_initcall.txt,crypto_cts_module_init,0.070977,0,0
1,run10_initcall.txt,xts_module_init,0.070993,0,0
1,run10_initcall.txt,des_generic_mod_init,0.07101,0,1
1,run10_initcall.txt,aes_init,0.071027,0,0
1,run10_initcall.txt,lzo_mod_init,0.071043,0,1
1,run10_initcall.txt,lzorle_mod_init,0.071059,0,0
1,run10_initcall.txt,asymmetric_key_init,0.071081,0,5
1,run10_initcall.txt,x509_key_init,0.071102,0,5
1,run10_initcall.txt,crypto_kdf108_init,0.071118,0,0
1,run10_initcall.txt,blkdev_init,0.071145,0,11
1,run10_initcall.txt,proc_genhd_init,0.071165,0,2
1,run10_initcall.txt,bsg_init,0.071198,0,16
1,run10_initcall.txt,throtl_init,0.071281,0,66
1,run10_initcall.txt,deadline_init,0.071305,0,5
1,run10_initcall.txt,kyber_init,0.071326,0,5
1,run10_initcall.txt,bfq_init,0.07136,0,19
1,run10_initcall.txt,io_uring_init,0.071401,0,24
1,run10_initcall.txt,btree_module_init,0.071422,0,2
1,run10_initcall.txt,percpu_counter_startup,0.071485,0,45
1,run10_initcall.txt,audit_classes_init,0.071509,0,4
1,run10_initcall.txt,gicv5_iwb_platform_driver_init,0.071615,0,87
1,run10_initcall.txt,mip_msi_driver_init,0.07167,0,35
1,run10_initcall.txt,bcm7038_l1_driver_init,0.071722,0,33
1,run10_initcall.txt,bcm7120_l2_driver_init,0.07178,0,38
1,run10_initcall.txt,brcmstb_l2_driver_init,0.072061,0,262
1,run10_initcall.txt,simple_pm_bus_driver_init,0.072734,0,652
1,run10_initcall.txt,phy_core_init,0.072773,0,15
1,run10_initcall.txt,brcm_usb_driver_init,0.072861,0,68
1,run10_initcall.txt,rp1_pinctrl_driver_init,0.072912,0,33
1,run10_initcall.txt,bcm2835_pinctrl_driver_init,0.073751,0,819
1,run10_initcall.txt,bcm2712_pinctrl_driver_init,0.073828,0,53
1,run10_initcall.txt,brcmvirt_gpio_driver_init,0.073892,0,39
1,run10_initcall.txt,brcmstb_gpio_driver_init,0.073948,0,36
1,run10_initcall.txt,rpi_exp_gpio_driver_init,0.074344,0,376
1,run10_initcall.txt,brcmstb_pwm_driver_init,0.0744,0,35
1,run10_initcall.txt,rp1_pwm_driver_init,0.074457,0,37
1,run10_initcall.txt,gpio_led_driver_init,0.076233,0,1758
1,run10_initcall.txt,led_pwm_driver_init,0.076303,0,47
1,run10_initcall.txt,timer_led_trigger_init,0.076324,0,1
1,run10_initcall.txt,oneshot_led_trigger_init,0.076343,0,0
1,run10_initcall.txt,heartbeat_trig_init,0.076366,0,2
1,run10_initcall.txt,bl_led_trigger_init,0.076385,0,0
1,run10_initcall.txt,ledtrig_cpu_init,0.076458,0,55
1,run10_initcall.txt,defon_led_trigger_init,0.076506,0,31
1,run10_initcall.txt,input_trig_init,0.076523,0,1
1,run10_initcall.txt,ledtrig_panic_init,0.076537,0,1
1,run10_initcall.txt,actpwr_trig_init,0.076702,0,151
1,run10_initcall.txt,pcie_portdrv_init,0.076791,0,69
1,run10_initcall.txt,pci_proc_init,0.076817,0,10
1,run10_initcall.txt,brcm_pcie_driver_init,0.189028,0,112192
1,run10_initcall.txt,bcm2708_fb_init,0.189111,0,62
1,run10_initcall.txt,simplefb_driver_init,0.21512,0,25986
1,run10_initcall.txt,of_fixed_factor_clk_driver_init,0.215212,0,39
1,run10_initcall.txt,of_fixed_clk_driver_init,0.215294,0,33
1,run10_initcall.txt,gpio_clk_driver_init,0.215381,0,41
1,run10_initcall.txt,gated_fixed_clk_driver_init,0.215466,0,38
1,run10_initcall.txt,rp1_clk_driver_init,0.215546,0,33
1,run10_initcall.txt,rp1_sdio_clk_driver_init,0.215625,0,34
1,run10_initcall.txt,clk_dvp_driver_init,0.215817,0,146
1,run10_initcall.txt,bcm2835_aux_clk_driver_init,0.21593,0,60
1,run10_initcall.txt,raspberrypi_clk_driver_init,0.231317,0,15339
1,run10_initcall.txt,dw_driver_init,0.231416,0,49
1,run10_initcall.txt,bcm2835_power_driver_init,0.231485,0,22
1,run10_initcall.txt,rpi_power_driver_init,0.232847,0,1317
1,run10_initcall.txt,brcmstb_reset_driver_init,0.232935,0,39
1,run10_initcall.txt,brcm_rescal_reset_driver_init,0.23302,0,36
1,run10_initcall.txt,rpi_reset_driver_init,0.233181,0,111
1,run10_initcall.txt,reset_simple_driver_init,0.233311,0,77
1,run10_initcall.txt,n_null_init,0.233357,0,1
1,run10_initcall.txt,pty_init,0.233479,0,83
1,run10_initcall.txt,sysrq_init,0.233536,0,14
1,run10_initcall.txt,serial8250_init,0.233582,-19,0
1,run10_initcall.txt,bcm2835aux_serial_driver_init,0.233671,0,40
1,run10_initcall.txt,brcmuart_init,0.233771,0,51
1,run10_initcall.txt,exar_pci_driver_init,0.233846,0,29
1,run10_initcall.txt,of_platform_serial_driver_init,0.233983,0,87
1,run10_initcall.txt,serial_pci_driver_init,0.234062,0,28
1,run10_initcall.txt,pericom8250_pci_driver_init,0.234129,0,19
1,run10_initcall.txt,init_kgdboc,0.234273,0,95
1,run10_initcall.txt,random_sysctls_init,0.23433,0,14
1,run10_initcall.txt,ttyprintk_init,0.234448,0,73
1,run10_initcall.txt,bcm2835_rng_driver_init,0.234552,0,57
1,run10_initcall.txt,bcm74110_rng_driver_init,0.234636,0,35
1,run10_initcall.txt,iproc_rng200_driver_init,0.234968,0,282
1,run10_initcall.txt,smccc_trng_driver_init,0.235043,0,23
1,run10_initcall.txt,vc_mem_init,0.235214,0,125
1,run10_initcall.txt,vcio_driver_init,0.238161,0,2897
1,run10_initcall.txt,bcm2712_iommu_driver_init,0.243247,0,47
1,run10_initcall.txt,bcm2712_iommu_cache_driver_init,0.24837,0,40
1,run10_initcall.txt,topology_sysfs_init,0.253526,0,62
1,run10_initcall.txt,cacheinfo_sysfs_init,0.258816,0,252
1,run10_initcall.txt,devcoredump_init,0.263945,0,10
1,run10_initcall.txt,brd_init,0.275426,0,6305
1,run10_initcall.txt,loop_init,0.285803,0,5184
1,run10_initcall.txt,bcm2835_pm_driver_init,0.293545,0,2570
1,run10_initcall.txt,stmpe_i2c_driver_init,0.298721,0,14
1,run10_initcall.txt,stmpe_spi_driver_init,0.303871,0,17
1,run10_initcall.txt,rp1_driver_init,0.30904,0,26
1,run10_initcall.txt,system_heap_create,0.314277,0,96
1,run10_initcall.txt,add_default_cma_heap,0.319494,0,84
1,run10_initcall.txt,udmabuf_dev_init,0.324638,0,45
1,run10_initcall.txt,iscsi_transport_init,0.332462,0,2813
1,run10_initcall.txt,init_sd,0.337609,0,25
1,run10_initcall.txt,nvme_core_init,0.34296,0,266
1,run10_initcall.txt,nvme_init,0.348127,0,34
1,run10_initcall.txt,blackhole_netdev_init,0.353269,0,18
1,run10_initcall.txt,netkit_init,0.358321,0,5
1,run10_initcall.txt,phylink_init,0.363345,0,0
1,run10_initcall.txt,phy_module_init,0.368608,0,168
1,run10_initcall.txt,phy_module_init,0.373884,0,175
1,run10_initcall.txt,fixed_mdio_bus_init,0.379139,0,155
1,run10_initcall.txt,phy_module_init,0.384411,0,169
1,run10_initcall.txt,phy_module_init,0.389585,0,18
1,run10_initcall.txt,phy_module_init,0.394704,0,62
1,run10_initcall.txt,unimac_mdio_driver_init,0.400071,0,135
1,run10_initcall.txt,macb_driver_init,0.405466,0,113
1,run10_initcall.txt,bcmgenet_driver_init,0.615494,0,204697
1,run10_initcall.txt,bcmasp_driver_init,0.621144,0,88
1,run10_initcall.txt,lan78xx_driver_init,0.629396,0,2833
1,run10_initcall.txt,smsc95xx_driver_init,0.637886,0,2857
1,run10_initcall.txt,usbnet_init,0.643558,0,0
1,run10_initcall.txt,xhci_hcd_init,0.649227,0,13
1,run10_initcall.txt,xhci_pci_init,0.824154,0,169275
1,run10_initcall.txt,xhci_plat_init,0.829621,0,120
1,run10_initcall.txt,dwc_otg_driver_init,0.846162,0,11056
1,run10_initcall.txt,dwc_common_port_init_module,0.85442,0,2803
1,run10_initcall.txt,dwc3_driver_init,0.859797,0,66
1,run10_initcall.txt,dwc3_haps_driver_init,0.86527,0,30
1,run10_initcall.txt,dwc3_of_simple_driver_init,0.870754,0,65
1,run10_initcall.txt,dwc3_generic_driver_init,0.87623,0,39
1,run10_initcall.txt,dwc2_platform_driver_init,0.881764,0,138
1,run10_initcall.txt,uas_init,0.889984,0,2812
1,run10_initcall.txt,usb_storage_driver_init,0.897948,0,2730
1,run10_initcall.txt,brcmstb_usb_pinmap_init,0.903412,-19,76
1,run10_initcall.txt,bdc_driver_init,0.908915,0,46
1,run10_initcall.txt,input_leds_init,0.914362,0,1
1,run10_initcall.txt,mousedev_init,0.92324,0,3421
1,run10_initcall.txt,evdev_init,0.928556,0,0
1,run10_initcall.txt,brcmstb_waketmr_driver_init,0.934146,0,80
1,run10_initcall.txt,rpi_rtc_driver_init,0.939641,0,41
1,run10_initcall.txt,init_rc_map_adstech_dvb_t_pci,0.945098,0,0
1,run10_initcall.txt,init_rc_map_alink_dtu_m,0.950545,0,0
1,run10_initcall.txt,init_rc_map_anysee,0.955973,0,0
1,run10_initcall.txt,init_rc_map_apac_viewcomp,0.961375,0,0
1,run10_initcall.txt,init_rc_map_t2hybrid,0.966806,0,0
1,run10_initcall.txt,init_rc_map_asus_pc39,0.972251,0,0
1,run10_initcall.txt,init_rc_map_asus_ps3_100,0.977679,0,0
1,run10_initcall.txt,init_rc_map_ati_tv_wonder_hd_600,0.983092,0,0
1,run10_initcall.txt,init_rc_map_ati_x10,0.988574,0,0
1,run10_initcall.txt,init_rc_map_avermedia_a16d,0.993823,0,0
1,run10_initcall.txt,init_rc_map_avermedia_cardbus,0.999204,0,0
1,run10_initcall.txt,init_rc_map_avermedia_dvbt,1.0046,0,0
1,run10_initcall.txt,init_rc_map_avermedia_m135a,1.009988,0,0
1,run10_initcall.txt,init_rc_map_avermedia_m733a_rm_k6,1.01535,0,0
1,run10_initcall.txt,init_rc_map_avermedia,1.020736,0,0
1,run10_initcall.txt,init_rc_map_avermedia_rm_ks,1.025961,0,0
1,run10_initcall.txt,init_rc_map_avertv_303,1.031344,0,0
1,run10_initcall.txt,init_rc_map_azurewave_ad_tu700,1.036763,0,0
1,run10_initcall.txt,init_rc_map_beelink_gs1,1.044837,0,0
1,run10_initcall.txt,init_rc_map_beelink_mxiii,1.050248,0,0
1,run10_initcall.txt,init_rc_map_behold_columbus,1.055671,0,0
1,run10_initcall.txt,init_rc_map_behold,1.060905,0,0
1,run10_initcall.txt,init_rc_map_budget_ci_old,1.066276,0,0
1,run10_initcall.txt,init_rc_map_cinergy_1400,1.071632,0,0
1,run10_initcall.txt,init_rc_map_cinergy,1.076992,0,0
1,run10_initcall.txt,init_rc_map_ct_90405,1.08233,0,0
1,run10_initcall.txt,init_rc_map_d680_dmb,1.087661,0,0
1,run10_initcall.txt,init_rc_map_delock_61959,1.092809,0,0
1,run10_initcall.txt,init_rc_map,1.098114,0,0
1,run10_initcall.txt,init_rc_map,1.103418,0,0
1,run10_initcall.txt,init_rc_map_digitalnow_tinytwin,1.108753,0,0
1,run10_initcall.txt,init_rc_map_digittrade,1.114096,0,0
1,run10_initcall.txt,init_rc_map_dm1105_nec,1.119408,0,0
1,run10_initcall.txt,init_rc_map_dntv_live_dvb_t,1.124718,0,0
1,run10_initcall.txt,init_rc_map_dntv_live_dvbt_pro,1.129907,0,0
1,run10_initcall.txt,init_rc_map_dreambox,1.135235,0,0
1,run10_initcall.txt,init_rc_map_dtt200u,1.140563,0,0
1,run10_initcall.txt,init_rc_map_rc5_dvbsky,1.145905,0,0
1,run10_initcall.txt,init_rc_map_dvico_mce,1.151221,0,0
1,run10_initcall.txt,init_rc_map_dvico_portable,1.156586,0,0
1,run10_initcall.txt,init_rc_map_em_terratec,1.161745,0,0
1,run10_initcall.txt,init_rc_map_encore_enltv2,1.167087,0,0
1,run10_initcall.txt,init_rc_map_encore_enltv_fm53,1.17248,0,0
1,run10_initcall.txt,init_rc_map_encore_enltv,1.177864,0,0
1,run10_initcall.txt,init_rc_map_evga_indtube,1.183244,0,0
1,run10_initcall.txt,init_rc_map_eztv,1.188662,0,0
1,run10_initcall.txt,init_rc_map_flydvb,1.199364,0,0
1,run10_initcall.txt,init_rc_map_flyvideo,1.207559,0,0
1,run10_initcall.txt,init_rc_map_fusionhdtv_mce,1.215756,0,0
1,run10_initcall.txt,init_rc_map_gadmei_rm008z,1.223902,0,0
1,run10_initcall.txt,init_rc_map_geekbox,1.231882,0,0
1,run10_initcall.txt,init_rc_map_genius_tvgo_a11mce,1.240002,0,0
1,run10_initcall.txt,init_rc_map_gotview7135,1.245425,0,0
1,run10_initcall.txt,init_rc_map_rc5_hauppauge_new,1.25084,0,1
1,run10_initcall.txt,init_rc_map_hisi_poplar,1.256233,0,0
1,run10_initcall.txt,init_rc_map_hisi_tv_demo,1.261471,0,0
1,run10_initcall.txt,init_rc_map_imon_mce,1.266855,0,0
1,run10_initcall.txt,init_rc_map_imon_pad,1.272227,0,0
1,run10_initcall.txt,init_rc_map_imon_rsc,1.277576,0,0
1,run10_initcall.txt,init_rc_map_iodata_bctv7e,1.282923,0,0
1,run10_initcall.txt,init_rc_it913x_v1_map,1.288243,0,0
1,run10_initcall.txt,init_rc_it913x_v2_map,1.293407,0,0
1,run10_initcall.txt,init_rc_map_kaiomy,1.298717,0,0
1,run10_initcall.txt,init_rc_map_khadas,1.30402,0,0
1,run10_initcall.txt,init_rc_map_khamsin,1.309334,0,0
1,run10_initcall.txt,init_rc_map_kworld_315u,1.314616,0,0
1,run10_initcall.txt,init_rc_map_kworld_pc150u,1.319926,0,0
1,run10_initcall.txt,init_rc_map_kworld_plus_tv_analog,1.325149,0,0
1,run10_initcall.txt,init_rc_map_leadtek_y04g0051,1.330435,0,0
1,run10_initcall.txt,init_rc_lme2510_map,1.33583,0,0
1,run10_initcall.txt,init_rc_map_manli,1.341202,0,0
1,run10_initcall.txt,init_rc_map_mecool_kiii_pro,1.346552,0,0
1,run10_initcall.txt,init_rc_map_mecool_kii_pro,1.351899,0,0
1,run10_initcall.txt,init_rc_map_medion_x10_digitainer,1.357229,0,0
1,run10_initcall.txt,init_rc_map_medion_x10,1.362396,0,0
1,run10_initcall.txt,init_rc_map_medion_x10_or2x,1.367699,0,0
1,run10_initcall.txt,init_rc_map_minix_neo,1.373007,0,0
1,run10_initcall.txt,init_rc_map_msi_digivox_iii,1.378317,0,0
1,run10_initcall.txt,init_rc_map_msi_digivox_ii,1.383638,0,0
1,run10_initcall.txt,init_rc_map_msi_tvanywhere,1.388943,0,0
1,run10_initcall.txt,init_rc_map_msi_tvanywhere_plus,1.39404,0,0
1,run10_initcall.txt,init_rc_map_mygica_utv3,1.399296,0,0
1,run10_initcall.txt,init_rc_map_nebula,1.404621,0,0
1,run10_initcall.txt,init_rc_map_nec_terratec_cinergy_xs,1.410057,0,0
1,run10_initcall.txt,init_rc_map_norwood,1.415322,0,0
1,run10_initcall.txt,init_rc_map_npgtech,1.420622,0,0
1,run10_initcall.txt,init_rc_map_odroid,1.425742,0,0
1,run10_initcall.txt,init_rc_map_pctv_sedna,1.430998,0,0
1,run10_initcall.txt,init_rc_map_pine64,1.436259,0,0
1,run10_initcall.txt,init_rc_map_pinnacle_color,1.441504,0,0
1,run10_initcall.txt,init_rc_map_pinnacle_grey,1.446766,0,0
1,run10_initcall.txt,init_rc_map_pinnacle_pctv_hd,1.452011,0,0
1,run10_initcall.txt,init_rc_map_pixelview,1.457249,0,0
1,run10_initcall.txt,init_rc_map_pixelview,1.462341,0,0
1,run10_initcall.txt,init_rc_map_pixelview_new,1.467593,0,0
1,run10_initcall.txt,init_rc_map_pixelview,1.472839,0,0
1,run10_initcall.txt,init_rc_map_powercolor_real_angel,1.478065,0,0
1,run10_initcall.txt,init_rc_map_proteus_2309,1.483309,0,0
1,run10_initcall.txt,init_rc_map_purpletv,1.488579,0,0
1,run10_initcall.txt,init_rc_map_pv951,1.49368,0,0
1,run10_initcall.txt,init_rc_map_rc6_mce,1.498935,0,0
1,run10_initcall.txt,init_rc_map_real_audio_220_32_keys,1.504215,0,0
1,run10_initcall.txt,init_rc_map_reddo,1.509502,0,0
1,run10_initcall.txt,init_rc_map_siemens_gigaset_rc20,1.514806,0,0
1,run10_initcall.txt,init_rc_map_snapstream_firefly,1.52009,0,0
1,run10_initcall.txt,init_rc_map_streamzap,1.525305,0,0
1,run10_initcall.txt,init_rc_map_su3000,1.530563,0,0
1,run10_initcall.txt,init_rc_map_tanix_tx3mini,1.535851,0,0
1,run10_initcall.txt,init_rc_map_tanix_tx5max,1.541137,0,0
1,run10_initcall.txt,init_rc_map_tbs_nec,1.546409,0,0
1,run10_initcall.txt,init_rc_map,1.551699,0,0
1,run10_initcall.txt,init_rc_map,1.556987,0,0
1,run10_initcall.txt,init_rc_map_terratec_cinergy_c_pci,1.562106,0,0
1,run10_initcall.txt,init_rc_map_terratec_cinergy_s2_hd,1.567363,0,0
1,run10_initcall.txt,init_rc_map_terratec_cinergy_xs,1.572612,0,0
1,run10_initcall.txt,init_rc_map_terratec_slim_2,1.577882,0,0
1,run10_initcall.txt,init_rc_map_terratec_slim,1.583154,0,0
1,run10_initcall.txt,init_rc_map_tevii_nec,1.588417,0,0
1,run10_initcall.txt,init_rc_map_tivo,1.593536,0,0
1,run10_initcall.txt,init_rc_map_total_media_in_hand_02,1.598835,0,0
1,run10_initcall.txt,init_rc_map_total_media_in_hand,1.604101,0,0
1,run10_initcall.txt,init_rc_map_trekstor,1.609354,0,0
1,run10_initcall.txt,init_rc_map_tt_1500,1.61461,0,0
1,run10_initcall.txt,init_rc_map_twinhan_vp1027,1.619894,0,0
1,run10_initcall.txt,init_rc_map_twinhan_dtv_cab_ci,1.625115,0,0
1,run10_initcall.txt,init_rc_map_vega_s9x,1.630311,0,0
1,run10_initcall.txt,init_rc_map_videomate_k100,1.635573,0,0
1,run10_initcall.txt,init_rc_map_videomate_s350,1.64085,0,0
1,run10_initcall.txt,init_rc_map_videomate_tv_pvr,1.646137,0,0
1,run10_initcall.txt,init_rc_map_kii_pro,1.651397,0,0
1,run10_initcall.txt,init_rc_map_wetek_hub,1.656661,0,0
1,run10_initcall.txt,init_rc_map_wetek_play2,1.661775,0,0
1,run10_initcall.txt,init_rc_map_winfast,1.667068,0,0
1,run10_initcall.txt,init_rc_map_winfast_usbii_deluxe,1.67235,0,0
1,run10_initcall.txt,init_rc_map_x96max,1.677657,0,0
1,run10_initcall.txt,init_rc_map,1.682941,0,0
1,run10_initcall.txt,init_rc_map,1.688223,0,0
1,run10_initcall.txt,init_rc_map_zx_irdec,1.693352,0,0
1,run10_initcall.txt,ptp_kvm_init,1.698613,-95,0
1,run10_initcall.txt,gpio_poweroff_driver_init,1.703998,0,100
1,run10_initcall.txt,bcm2711_thermal_driver_init,1.712305,0,2998
1,run10_initcall.txt,bcm2835_thermal_driver_init,1.717667,0,58
1,run10_initcall.txt,bcm2835_wdt_driver_init,1.723003,0,28
1,run10_initcall.txt,dt_cpufreq_platdrv_init,1.728207,0,28
1,run10_initcall.txt,brcm_avs_cpufreq_platdrv_init,1.733606,0,47
1,run10_initcall.txt,raspberrypi_cpufreq_driver_init,1.745186,0,6210
1,run10_initcall.txt,mmc_pwrseq_simple_driver_init,1.750684,0,74
1,run10_initcall.txt,mmc_pwrseq_emmc_driver_init,1.756157,0,51
1,run10_initcall.txt,mmc_blk_init,1.761466,0,32
1,run10_initcall.txt,sdhci_drv_init,1.772362,0,5463
1,run10_initcall.txt,bcm2835_mmc_driver_init,1.780619,0,2789
1,run10_initcall.txt,bcm2835_driver_init,1.786139,0,41
1,run10_initcall.txt,sdhci_pltfm_drv_init,1.794228,0,2642
1,run10_initcall.txt,sdhci_iproc_driver_init,1.799798,0,72
1,run10_initcall.txt,sdhci_brcmstb_driver_init,1.799872,0,60
1,run10_initcall.txt,esrt_sysfs_init,1.799886,-38,1
1,run10_initcall.txt,smccc_devices_init,1.799902,0,0
1,run10_initcall.txt,smccc_soc_init,1.799916,0,1
1,run10_initcall.txt,arch_timer_mmio_drv_init,1.799969,0,43
1,run10_initcall.txt,arch_timer_mmio_acpi_drv_init,1.800001,0,23
1,run10_initcall.txt,hid_init,1.800071,0,58
1,run10_initcall.txt,hid_generic_init,1.800116,0,36
1,run10_initcall.txt,hid_init,1.800191,0,65
1,run10_initcall.txt,vchiq_driver_init,1.872411,0,72208
1,run10_initcall.txt,bcm74110_mbox_driver_init,1.878949,0,198
1,run10_initcall.txt,extcon_class_init,1.884932,0,22
1,run10_initcall.txt,armv8_pmu_driver_init,1.89651,0,6100
1,run10_initcall.txt,binder_init,1.902094,0,74
1,run10_initcall.txt,rpi_otp_driver_init,1.916258,0,8650
1,run10_initcall.txt,sock_diag_init,1.921794,0,44
1,run10_initcall.txt,blackhole_init,1.927155,0,1
1,run10_initcall.txt,cls_bpf_init_mod,1.932638,0,0
1,run10_initcall.txt,gre_offload_init,1.938109,0,0
1,run10_initcall.txt,sysctl_ipv4_init,1.943643,0,76
1,run10_initcall.txt,cubictcp_register,1.949116,0,2
1,run10_initcall.txt,packet_init,1.95733,0,2757
1,run10_initcall.txt,init_rpcsec_gss,1.962649,0,20
1,run10_initcall.txt,init_kerberos_module,1.968143,0,7
1,run10_initcall.txt,dcbnl_init,1.973607,0,3
1,run10_initcall.txt,init_dns_resolver,1.981821,0,2744
1,run10_initcall.txt,handshake_init,1.987364,0,33
1,run10_initcall.txt,check_mmu_enabled_at_boot,1.992725,0,0
1,run10_initcall.txt,finalize_pkvm,1.99827,0,0
1,run10_initcall.txt,kernel_do_mounts_initrd_sysctls_init,2.006672,0,5
1,run10_initcall.txt,kernel_panic_sysctls_init,2.012251,0,12
1,run10_initcall.txt,kernel_panic_sysfs_init,2.017835,0,4
1,run10_initcall.txt,kernel_exit_sysctls_init,2.023409,0,2
1,run10_initcall.txt,kernel_exit_sysfs_init,2.028813,0,2
1,run10_initcall.txt,param_sysfs_builtin_init,2.04379,0,9422
1,run10_initcall.txt,reboot_ksysfs_init,2.049591,0,30
1,run10_initcall.txt,sched_core_sysctl_init,2.055401,0,7
1,run10_initcall.txt,sched_fair_sysctl_init,2.060899,0,3
1,run10_initcall.txt,sched_rt_sysctl_init,2.067157,0,9
1,run10_initcall.txt,sched_dl_sysctl_init,2.072818,0,3
1,run10_initcall.txt,sched_init_debug,2.078441,0,78
1,run10_initcall.txt,cpu_latency_qos_init,2.084114,0,156
1,run10_initcall.txt,printk_late_init,2.089676,0,18
1,run10_initcall.txt,init_srcu_module_notifier,2.09504,0,1
1,run10_initcall.txt,kernel_rcu_stall_sysfs_init,2.10059,0,4
1,run10_initcall.txt,swiotlb_create_default_debugfs,2.106176,0,29
1,run10_initcall.txt,tk_debug_sleep_time_init,2.11174,0,2
1,run10_initcall.txt,bpf_ksym_iter_register,2.117339,0,1
1,run10_initcall.txt,kernel_acct_sysctls_init,2.122848,0,4
1,run10_initcall.txt,bpf_rstat_kfunc_init,2.128203,0,0
1,run10_initcall.txt,debugfs_kprobe_init,2.133708,0,9
1,run10_initcall.txt,kernel_delayacct_sysctls_init,2.139185,0,3
1,run10_initcall.txt,taskstats_init,2.147423,0,2743
1,run10_initcall.txt,bpf_global_ma_init,2.153011,0,118
1,run10_initcall.txt,bpf_syscall_sysctl_init,2.158392,0,5
1,run10_initcall.txt,unbound_reg_init,2.16374,0,0
1,run10_initcall.txt,kfunc_init,2.169207,0,2
1,run10_initcall.txt,bpf_map_iter_init,2.17467,0,0
1,run10_initcall.txt,init_subsystem,2.180101,0,0
1,run10_initcall.txt,task_iter_init,2.185535,0,2
1,run10_initcall.txt,bpf_prog_iter_init,2.190948,0,0
1,run10_initcall.txt,bpf_link_iter_init,2.196229,0,0
1,run10_initcall.txt,init_trampolines,2.201636,0,2
1,run10_initcall.txt,rqspinlock_register_kfuncs,2.207053,0,0
1,run10_initcall.txt,kfunc_init,2.21245,0,0
1,run10_initcall.txt,bpf_cgroup_iter_init,2.217848,0,0
1,run10_initcall.txt,cpumask_kfunc_init,2.223238,0,8
1,run10_initcall.txt,crypto_kfunc_init,2.228477,0,0
1,run10_initcall.txt,bpf_kmem_cache_iter_init,2.233889,0,0
1,run10_initcall.txt,dmabuf_iter_init,2.239324,0,3
1,run10_initcall.txt,load_system_certificate_list,2.247469,0,2702
1,run10_initcall.txt,init_lru_gen,2.252962,0,21
1,run10_initcall.txt,vmstat_late_init,2.258344,0,2
1,run10_initcall.txt,fault_around_debugfs,2.263664,0,3
1,run10_initcall.txt,slab_sysfs_init,2.272909,0,3868
1,run10_initcall.txt,max_swapfiles_check,2.278411,0,0
1,run10_initcall.txt,zswap_init,2.283821,0,0
1,run10_initcall.txt,mempolicy_sysfs_init,2.289246,0,15
1,run10_initcall.txt,memory_tier_late_init,2.300054,0,5540
1,run10_initcall.txt,check_early_ioremap_leak,2.305517,0,0
1,run10_initcall.txt,mg_debugfs_init,2.310988,0,19
1,run10_initcall.txt,fscrypt_init,2.321987,0,5537
1,run10_initcall.txt,pstore_init,2.327256,0,11
1,run10_initcall.txt,init_root_keyring,2.332694,0,34
1,run10_initcall.txt,init_profile_hash,2.338111,0,1
1,run10_initcall.txt,integrity_fs_init,2.343557,0,10
1,run10_initcall.txt,crypto_algapi_init,2.349039,0,11
1,run10_initcall.txt,blk_timeout_init,2.354454,0,0
1,run10_initcall.txt,depot_debugfs_init,2.359729,0,9
1,run10_initcall.txt,pci_resource_alignment_sysfs_init,2.36515,0,5
1,run10_initcall.txt,pci_sysfs_init,2.370566,0,13
1,run10_initcall.txt,clk_debug_init,2.376359,0,407
1,run10_initcall.txt,genpd_debug_init,2.382116,0,350
1,run10_initcall.txt,sync_state_resume_initcall,2.387505,0,2
1,run10_initcall.txt,deferred_probe_initcall,2.512677,0,119939
1,run10_initcall.txt,efi_shutdown_init,2.518099,-19,0
1,run10_initcall.txt,efi_earlycon_unmap_fb,2.52332,0,0
1,run10_initcall.txt,psci_debugfs_init,2.528326,0,0
1,run10_initcall.txt,of_cfs_init,2.538646,0,5176
1,run10_initcall.txt,of_fdt_raw_init,2.543781,0,32
1,run10_initcall.txt,bpf_kfunc_init,2.548892,0,1
1,run10_initcall.txt,init_subsystem,2.554003,0,0
1,run10_initcall.txt,xdp_metadata_init,2.55898,0,0
1,run10_initcall.txt,bpf_sockmap_iter_init,2.569275,0,1
1,run10_initcall.txt,bpf_sk_storage_map_iter_init,2.574438,0,0
1,run10_initcall.txt,bpf_prog_test_run_init,2.579637,0,1
1,run10_initcall.txt,bpf_dummy_struct_ops_init,2.584813,0,0
1,run10_initcall.txt,tcp_congestion_default,2.589995,0,1
1,run10_initcall.txt,inet_blackhole_dev_init,2.597617,0,12
1,run10_initcall.txt,ip_auto_config,2.60544,0,11
1,run10_initcall.txt,tcp_bpf_v4_build_proto,2.610668,0,0
1,run10_initcall.txt,udp_bpf_v4_build_proto,2.615881,0,0
1,run10_initcall.txt,bpf_tcp_ca_kfunc_init,2.621085,0,1
1,run10_initcall.txt,bpf_mptcp_kfunc_init,2.626138,0,0
1,run10_initcall.txt,fb_logo_late_init,2.6313,0,0
1,run10_initcall.txt,amba_stub_drv_init,2.636459,0,23
1,run10_initcall.txt,clk_disable_unused,2.647835,0,6244
1,run10_initcall.txt,genpd_power_off_unused,2.655625,0,2582
1,run10_initcall.txt,regulator_init_complete,2.660678,0,1
1,run10_initcall.txt,of_platform_sync_state_init,2.665905,0,18
2,run1_initcall.txt,of_platform_default_populate_init,0.050837,0,24000
2,run1_initcall.txt,register_mte_tcf_preferred_sysctl,0.050953,0,0
2,run1_initcall.txt,init_fork_sysctl,0.050981,0,0
2,run1_initcall.txt,uid_cache_init,0.051035,0,0
2,run1_initcall.txt,pid_namespace_sysctl_init,0.051063,0,0
2,run1_initcall.txt,param_sysfs_init,0.051086,0,0
2,run1_initcall.txt,user_namespace_sysctl_init,0.051124,0,0
2,run1_initcall.txt,proc_schedstat_init,0.051147,0,0
2,run1_initcall.txt,init_rtmutex_sysctl,0.051164,0,0
2,run1_initcall.txt,pm_sysrq_init,0.051216,0,0
2,run1_initcall.txt,init_rcu_stall_sysctl,0.051234,0,0
2,run1_initcall.txt,init_module_sysctl,0.051251,0,0
2,run1_initcall.txt,create_proc_profile,0.051271,0,0
2,run1_initcall.txt,cgroup_sysfs_init,0.051293,0,0
2,run1_initcall.txt,user_namespaces_init,0.05132,0,0
2,run1_initcall.txt,hung_task_init,0.051431,0,0
2,run1_initcall.txt,dev_map_init,0.051452,0,0
2,run1_initcall.txt,netns_bpf_init,0.05147,0,0
2,run1_initcall.txt,oom_init,0.051541,0,0
2,run1_initcall.txt,init_user_buckets,0.051561,0,0
2,run1_initcall.txt,init_vm_util_sysctls,0.051583,0,0
2,run1_initcall.txt,default_bdi_init,0.051701,0,0
2,run1_initcall.txt,cgwb_init,0.051726,0,0
2,run1_initcall.txt,percpu_enable_async,0.051743,0,0
2,run1_initcall.txt,kcompactd_init,0.051849,0,0
2,run1_initcall.txt,init_mm_sysctl,0.051868,0,0
2,run1_initcall.txt,init_user_reserve,0.051884,0,0
2,run1_initcall.txt,init_admin_reserve,0.051899,0,0
2,run1_initcall.txt,init_reserve_notifier,0.051914,0,0
2,run1_initcall.txt,swap_init,0.051934,0,0
2,run1_initcall.txt,swapfile_init,0.051955,0,0
2,run1_initcall.txt,memory_tier_init,0.051998,0,0
2,run1_initcall.txt,numa_init_sysfs,0.052017,0,0
2,run1_initcall.txt,mem_cgroup_swap_init,0.052034,0,0
2,run1_initcall.txt,init_msg_buckets,0.052051,0,0
2,run1_initcall.txt,init_bio,0.052102,0,0
2,run1_initcall.txt,blk_ioc_init,0.052121,0,0
2,run1_initcall.txt,blk_mq_init,0.052138,0,0
2,run1_initcall.txt,genhd_device_init,0.052235,0,0
2,run1_initcall.txt,blkcg_punt_bio_init,0.052345,0,4000
2,run1_initcall.txt,blk_integrity_auto_init,0.052421,0,0
2,run1_initcall.txt,io_wq_init,0.052441,0,0
2,run1_initcall.txt,crc_t10dif_mod_init,0.052466,0,0
2,run1_initcall.txt,sha256_mod_init,0.052485,0,0
2,run1_initcall.txt,sha512_mod_init,0.052502,0,0
2,run1_initcall.txt,sg_pool_init,0.052533,0,0
2,run1_initcall.txt,gpiolib_debugfs_init,0.052558,0,0
2,run1_initcall.txt,stmpe_gpio_init,0.05266,0,0
2,run1_initcall.txt,pwm_init,0.052686,0,0
2,run1_initcall.txt,leds_init,0.052717,0,0
2,run1_initcall.txt,pci_slot_init,0.05274,0,0
2,run1_initcall.txt,fbmem_init,0.052798,0,0
2,run1_initcall.txt,bcm2835_dma_init,0.053518,0,0
2,run1_initcall.txt,regulator_fixed_voltage_init,0.0536,0,0
2,run1_initcall.txt,gpio_regulator_init,0.053657,0,0
2,run1_initcall.txt,init_sysrq_sysctl,0.053685,0,0
2,run1_initcall.txt,misc_init,0.053713,0,0
2,run1_initcall.txt,iommu_subsys_init,0.053745,0,0
2,run1_initcall.txt,register_cpu_capacity_sysctl,0.054122,0,0
2,run1_initcall.txt,dma_buf_init,0.054226,0,0
2,run1_initcall.txt,dma_heap_init,0.054255,0,0
2,run1_initcall.txt,init_scsi,0.054367,0,0
2,run1_initcall.txt,mdio_bus_init,0.0544,0,0
2,run1_initcall.txt,phy_init,0.054449,0,0
2,run1_initcall.txt,usb_common_init,0.05447,0,0
2,run1_initcall.txt,usb_init,0.054579,0,0
2,run1_initcall.txt,usb_phy_generic_init,0.05474,0,0
2,run1_initcall.txt,usb_udc_init,0.054772,0,0
2,run1_initcall.txt,usb_roles_init,0.054794,0,0
2,run1_initcall.txt,input_init,0.054819,0,0
2,run1_initcall.txt,rtc_init,0.054838,0,0
2,run1_initcall.txt,rc_core_init,0.054868,0,0
2,run1_initcall.txt,pps_init,0.054902,0,0
2,run1_initcall.txt,ptp_init,0.054928,0,0
2,run1_initcall.txt,power_supply_class_init,0.054961,0,0
2,run1_initcall.txt,hwmon_init,0.054983,0,0
2,run1_initcall.txt,mmc_init,0.055027,0,0
2,run1_initcall.txt,dmi_init,0.055045,0,0
2,run1_initcall.txt,efisubsys_init,0.055064,0,0
2,run1_initcall.txt,arm_pmu_hp_init,0.055083,0,0
2,run1_initcall.txt,ras_init,0.055103,0,0
2,run1_initcall.txt,nvmem_init,0.05514,0,0
2,run1_initcall.txt,init_soundcore,0.055162,0,0
2,run1_initcall.txt,proto_init,0.055182,0,0
2,run1_initcall.txt,net_dev_init,0.055416,0,0
2,run1_initcall.txt,neigh_init,0.055436,0,0
2,run1_initcall.txt,fib_notifier_init,0.055453,0,0
2,run1_initcall.txt,netdev_genl_init,0.055493,0,0
2,run1_initcall.txt,page_pool_user_init,0.055511,0,0
2,run1_initcall.txt,fib_rules_init,0.055529,0,0
2,run1_initcall.txt,init_cgroup_netprio,0.055546,0,0
2,run1_initcall.txt,bpf_lwt_init,0.055562,0,0
2,run1_initcall.txt,pktsched_init,0.055582,0,0
2,run1_initcall.txt,tc_filter_init,0.055614,0,0
2,run1_initcall.txt,tc_action_init,0.055632,0,0
2,run1_initcall.txt,ethnl_init,0.055706,0,0
2,run1_initcall.txt,nexthop_init,0.055729,0,0
2,run1_initcall.txt,devlink_init,0.055809,0,0
2,run1_initcall.txt,wireless_nlevent_init,0.055831,0,0
2,run1_initcall.txt,vsprintf_init_hashval,0.055851,0,0
2,run1_initcall.txt,init_32bit_el0_mask,0.055868,0,0
2,run1_initcall.txt,vga_arb_device_init,0.055986,0,0
2,run1_initcall.txt,watchdog_init,0.056118,0,0
2,run1_initcall.txt,create_debug_debugfs_entry,0.05623,0,0
2,run1_initcall.txt,iomem_init_inode,0.056272,0,0
2,run1_initcall.txt,clocksource_done_booting,0.056338,0,30
2,run1_initcall.txt,bpf_init,0.056361,0,5
2,run1_initcall.txt,secretmem_init,0.056389,0,10
2,run1_initcall.txt,init_fs_stat_sysctls,0.056417,0,10
2,run1_initcall.txt,init_fs_exec_sysctls,0.056436,0,1
2,run1_initcall.txt,init_pipe_fs,0.056464,0,11
2,run1_initcall.txt,init_fs_namei_sysctls,0.056486,0,2
2,run1_initcall.txt,init_fs_dcache_sysctls,0.056511,0,7
2,run1_initcall.txt,init_fs_namespace_sysctls,0.056529,0,1
2,run1_initcall.txt,cgroup_writeback_init,0.056551,0,3
2,run1_initcall.txt,inotify_user_setup,0.056583,0,13
2,run1_initcall.txt,eventpoll_init,0.05662,0,18
2,run1_initcall.txt,anon_inode_init,0.056649,0,10
2,run1_initcall.txt,proc_locks_init,0.056671,0,3
2,run1_initcall.txt,backing_aio_init,0.056693,0,2
2,run1_initcall.txt,init_fs_coredump_sysctls,0.056716,0,6
2,run1_initcall.txt,init_vm_drop_caches_sysctls,0.056734,0,4
2,run1_initcall.txt,iomap_dio_init,0.056771,0,22
2,run1_initcall.txt,iomap_ioend_init,0.056808,0,22
2,run1_initcall.txt,dquot_init,0.056913,0,90
2,run1_initcall.txt,proc_cmdline_init,0.05693,0,1
2,run1_initcall.txt,proc_consoles_init,0.056946,0,1
2,run1_initcall.txt,proc_cpuinfo_init,0.056962,0,1
2,run1_initcall.txt,proc_devices_init,0.056976,0,0
2,run1_initcall.txt,proc_interrupts_init,0.056991,0,1
2,run1_initcall.txt,proc_loadavg_init,0.057005,0,0
2,run1_initcall.txt,proc_meminfo_init,0.05702,0,0
2,run1_initcall.txt,proc_stat_init,0.057034,0,1
2,run1_initcall.txt,proc_uptime_init,0.057048,0,1
2,run1_initcall.txt,proc_version_init,0.057064,0,1
2,run1_initcall.txt,proc_softirqs_init,0.057081,0,3
2,run1_initcall.txt,proc_kmsg_init,0.057096,0,1
2,run1_initcall.txt,proc_page_init,0.057113,0,2
2,run1_initcall.txt,init_ramfs_fs,0.057127,0,1
2,run1_initcall.txt,aa_create_aafs,0.057143,0,0
2,run1_initcall.txt,chr_dev_init,0.060072,0,2911
2,run1_initcall.txt,hwrng_modinit,0.060157,0,45
2,run1_initcall.txt,firmware_class_init,0.060178,0,1
2,run1_initcall.txt,sysctl_core_init,0.060224,0,28
2,run1_initcall.txt,eth_offload_init,0.060241,0,0
2,run1_initcall.txt,ipv4_offload_init,0.060259,0,2
2,run1_initcall.txt,inet_init,0.064255,0,3980
2,run1_initcall.txt,af_unix_init,0.064356,0,64
2,run1_initcall.txt,ipv6_offload_init,0.064389,0,1
2,run1_initcall.txt,init_sunrpc,0.064743,0,335
2,run1_initcall.txt,vlan_offload_init,0.064763,0,1
2,run1_initcall.txt,pci_apply_final_quirks,0.064792,0,11
2,run1_initcall.txt,populate_rootfs,0.064817,0,6
2,run1_initcall.txt,register_arm64_panic_block,0.064933,0,0
2,run1_initcall.txt,cpuinfo_regs_init,0.065041,0,90
2,run1_initcall.txt,aarch32_el0_sysfs_init,0.065059,0,0
2,run1_initcall.txt,kvm_arm_init,0.068572,0,3496
2,run1_initcall.txt,proc_execdomains_init,0.068616,0,4
2,run1_initcall.txt,register_warn_debugfs,0.068637,0,3
2,run1_initcall.txt,cpuhp_sysfs_init,0.068687,0,31
2,run1_initcall.txt,ioresources_init,0.068708,0,3
2,run1_initcall.txt,psi_proc_init,0.068725,0,0
2,run1_initcall.txt,irq_gc_init_ops,0.068748,0,0
2,run1_initcall.txt,irq_debugfs_init,0.068845,0,82
2,run1_initcall.txt,proc_modules_init,0.068862,0,1
2,run1_initcall.txt,timer_sysctl_init,0.068887,0,9
2,run1_initcall.txt,timekeeping_init_ops,0.068902,0,0
2,run1_initcall.txt,init_clocksource_sysfs,0.068977,0,59
2,run1_initcall.txt,init_timer_list_procfs,0.069,0,4
2,run1_initcall.txt,alarmtimer_init,0.069075,0,59
2,run1_initcall.txt,clockevents_init_sysfs,0.069203,0,109
2,run1_initcall.txt,sched_clock_syscore_init,0.069222,0,0
2,run1_initcall.txt,kallsyms_init,0.06924,0,1
2,run1_initcall.txt,pid_namespaces_init,0.069279,0,22
2,run1_initcall.txt,audit_watch_init,0.069297,0,0
2,run1_initcall.txt,audit_fsnotify_init,0.069314,0,0
2,run1_initcall.txt,audit_tree_init,0.069333,0,2
2,run1_initcall.txt,seccomp_sysctl_init,0.069354,0,4
2,run1_initcall.txt,utsname_sysctl_init,0.069379,0,7
2,run1_initcall.txt,init_lstats_procfs,0.069401,0,4
2,run1_initcall.txt,perf_event_sysfs_init,0.069471,0,51
2,run1_initcall.txt,system_trusted_keyring_init,0.069505,0,15
2,run1_initcall.txt,kswapd_init,0.069704,0,180
2,run1_initcall.txt,extfrag_debug_init,0.069733,0,7
2,run1_initcall.txt,mm_compute_batch_init,0.069751,0,0
2,run1_initcall.txt,slab_proc_init,0.069767,0,1
2,run1_initcall.txt,workingset_init,0.069789,0,8
2,run1_initcall.txt,proc_vmalloc_init,0.069805,0,1
2,run1_initcall.txt,memblock_init_debugfs,0.069825,0,5
2,run1_initcall.txt,slab_debugfs_init,0.069846,0,6
2,run1_initcall.txt,procswaps_init,0.069864,0,1
2,run1_initcall.txt,zs_init,0.069881,0,0
2,run1_initcall.txt,fcntl_init,0.0699,0,3
2,run1_initcall.txt,proc_filesystems_init,0.069919,0,1
2,run1_initcall.txt,start_dirtytime_writeback,0.069942,0,4
2,run1_initcall.txt,dio_init,0.069962,0,1
2,run1_initcall.txt,dnotify_init,0.069994,0,15
2,run1_initcall.txt,fanotify_user_setup,0.070023,0,10
2,run1_initcall.txt,aio_setup,0.070082,0,40
2,run1_initcall.txt,mbcache_init,0.070107,0,5
2,run1_initcall.txt,init_grace,0.070128,0,3
2,run1_initcall.txt,init_devpts_fs,0.070151,0,9
2,run1_initcall.txt,ext4_init_fs,0.070245,0,79
2,run1_initcall.txt,journal_init,0.070276,0,15
2,run1_initcall.txt,init_fat_fs,0.070296,0,5
2,run1_initcall.txt,init_vfat_fs,0.070311,0,0
2,run1_initcall.txt,init_msdos_fs,0.070325,0,0
2,run1_initcall.txt,init_nfs_fs,0.070481,0,141
2,run1_initcall.txt,init_nfs_v2,0.0705,0,0
2,run1_initcall.txt,init_nfs_v3,0.070514,0,0
2,run1_initcall.txt,init_nfs_v4,0.070558,0,30
2,run1_initcall.txt,nfs4filelayout_init,0.07058,0,6
2,run1_initcall.txt,nfs4flexfilelayout_init,0.070601,0,6
2,run1_initcall.txt,init_nlm,0.070644,0,27
2,run1_initcall.txt,init_nls_cp437,0.07066,0,0
2,run1_initcall.txt,init_nls_ascii,0.070676,0,0
2,run1_initcall.txt,init_autofs_fs,0.07077,0,79
2,run1_initcall.txt,init_f2fs_fs,0.070909,0,122
2,run1_initcall.txt,ipc_init,0.070944,0,16
2,run1_initcall.txt,ipc_sysctl_init,0.070977,0,16
2,run1_initcall.txt,init_mqueue_fs,0.07103,0,36
2,run1_initcall.txt,key_proc_init,0.071049,0,2
2,run1_initcall.txt,bpf_crypto_skcipher_init,0.071066,0,0
2,run1_initcall.txt,dh_init,0.071087,0,2
2,run1_initcall.txt,rsa_init,0.071104,0,2
2,run1_initcall.txt,cryptomgr_init,0.07112,0,1
2,run1_initcall.txt,hmac_module_init,0.071136,0,0
2,run1_initcall.txt,crypto_sha256_mod_init,0.071156,0,4
2,run1_initcall.txt,crypto_ecb_module_init,0.071172,0,0
2,run1_initcall.txt,crypto_cbc_module_init,0.071188,0,0
2,run1_initcall.txt,crypto_cts_module_init,0.071204,0,0
2,run1_initcall.txt,xts_module_init,0.071221,0,0
2,run1_initcall.txt,des_generic_mod_init,0.071239,0,1
2,run1_initcall.txt,aes_init,0.071255,0,0
2,run1_initcall.txt,lzo_mod_init,0.071272,0,1
2,run1_initcall.txt,lzorle_mod_init,0.071288,0,0
2,run1_initcall.txt,asymmetric_key_init,0.071309,0,5
2,run1_initcall.txt,x509_key_init,0.071331,0,6
2,run1_initcall.txt,crypto_kdf108_init,0.071346,0,0
2,run1_initcall.txt,blkdev_init,0.071376,0,13
2,run1_initcall.txt,proc_genhd_init,0.071395,0,2
2,run1_initcall.txt,bsg_init,0.071427,0,16
2,run1_initcall.txt,throtl_init,0.071513,0,69
2,run1_initcall.txt,deadline_init,0.071538,0,6
2,run1_initcall.txt,kyber_init,0.071558,0,5
2,run1_initcall.txt,bfq_init,0.071593,0,19
2,run1_initcall.txt,io_uring_init,0.071635,0,23
2,run1_initcall.txt,btree_module_init,0.071655,0,2
2,run1_initcall.txt,percpu_counter_startup,0.071713,0,40
2,run1_initcall.txt,audit_classes_init,0.071735,0,2
2,run1_initcall.txt,gicv5_iwb_platform_driver_init,0.071839,0,86
2,run1_initcall.txt,mip_msi_driver_init,0.071893,0,33
2,run1_initcall.txt,bcm7038_l1_driver_init,0.071944,0,33
2,run1_initcall.txt,bcm7120_l2_driver_init,0.072004,0,40
2,run1_initcall.txt,brcmstb_l2_driver_init,0.072293,0,268
2,run1_initcall.txt,simple_pm_bus_driver_init,0.072831,0,496
2,run1_initcall.txt,phy_core_init,0.072862,0,10
2,run1_initcall.txt,brcm_usb_driver_init,0.072943,0,61
2,run1_initcall.txt,rp1_pinctrl_driver_init,0.072993,0,32
2,run1_initcall.txt,bcm2835_pinctrl_driver_init,0.073938,0,925
2,run1_initcall.txt,bcm2712_pinctrl_driver_init,0.074021,0,57
2,run1_initcall.txt,brcmvirt_gpio_driver_init,0.074076,0,35
2,run1_initcall.txt,brcmstb_gpio_driver_init,0.07413,0,34
2,run1_initcall.txt,rpi_exp_gpio_driver_init,0.074618,0,469
2,run1_initcall.txt,brcmstb_pwm_driver_init,0.074677,0,38
2,run1_initcall.txt,rp1_pwm_driver_init,0.074735,0,34
2,run1_initcall.txt,gpio_led_driver_init,0.076538,0,1783
2,run1_initcall.txt,led_pwm_driver_init,0.076606,0,45
2,run1_initcall.txt,timer_led_trigger_init,0.076627,0,1
2,run1_initcall.txt,oneshot_led_trigger_init,0.076646,0,0
2,run1_initcall.txt,heartbeat_trig_init,0.076667,0,2
2,run1_initcall.txt,bl_led_trigger_init,0.076686,0,0
2,run1_initcall.txt,ledtrig_cpu_init,0.076756,0,52
2,run1_initcall.txt,defon_led_trigger_init,0.076806,0,33
2,run1_initcall.txt,input_trig_init,0.076824,0,0
2,run1_initcall.txt,ledtrig_panic_init,0.076838,0,1
2,run1_initcall.txt,actpwr_trig_init,0.076991,0,139
2,run1_initcall.txt,pcie_portdrv_init,0.077062,0,54
2,run1_initcall.txt,pci_proc_init,0.077085,0,8
2,run1_initcall.txt,brcm_pcie_driver_init,0.189229,0,112126
2,run1_initcall.txt,bcm2708_fb_init,0.189313,0,63
2,run1_initcall.txt,simplefb_driver_init,0.215323,0,25995
2,run1_initcall.txt,of_fixed_factor_clk_driver_init,0.215417,0,40
2,run1_initcall.txt,of_fixed_clk_driver_init,0.2155,0,32
2,run1_initcall.txt,gpio_clk_driver_init,0.215587,0,42
2,run1_initcall.txt,gated_fixed_clk_driver_init,0.215668,0,34
2,run1_initcall.txt,rp1_clk_driver_init,0.215761,0,38
2,run1_initcall.txt,rp1_sdio_clk_driver_init,0.21584,0,33
2,run1_initcall.txt,clk_dvp_driver_init,0.216036,0,150
2,run1_initcall.txt,bcm2835_aux_clk_driver_init,0.216148,0,63
2,run1_initcall.txt,raspberrypi_clk_driver_init,0.231605,0,15408
2,run1_initcall.txt,dw_driver_init,0.231704,0,50
2,run1_initcall.txt,bcm2835_power_driver_init,0.231778,0,25
2,run1_initcall.txt,rpi_power_driver_init,0.2331,0,1274
2,run1_initcall.txt,brcmstb_reset_driver_init,0.233187,0,38
2,run1_initcall.txt,brcm_rescal_reset_driver_init,0.23327,0,35
2,run1_initcall.txt,rpi_reset_driver_init,0.233422,0,107
2,run1_initcall.txt,reset_simple_driver_init,0.233547,0,79
2,run1_initcall.txt,n_null_init,0.233595,0,0
2,run1_initcall.txt,pty_init,0.233726,0,92
2,run1_initcall.txt,sysrq_init,0.233784,0,15
2,run1_initcall.txt,serial8250_init,0.233827,-19,0
2,run1_initcall.txt,bcm2835aux_serial_driver_init,0.233918,0,40
2,run1_initcall.txt,brcmuart_init,0.234016,0,51
2,run1_initcall.txt,exar_pci_driver_init,0.234087,0,24
2,run1_initcall.txt,of_platform_serial_driver_init,0.234229,0,93
2,run1_initcall.txt,serial_pci_driver_init,0.234312,0,32
2,run1_initcall.txt,pericom8250_pci_driver_init,0.234378,0,17
2,run1_initcall.txt,init_kgdboc,0.234528,0,103
2,run1_initcall.txt,random_sysctls_init,0.234587,0,12
2,run1_initcall.txt,ttyprintk_init,0.234681,0,46
2,run1_initcall.txt,bcm2835_rng_driver_init,0.234785,0,55
2,run1_initcall.txt,bcm74110_rng_driver_init,0.234872,0,38
2,run1_initcall.txt,iproc_rng200_driver_init,0.235199,0,276
2,run1_initcall.txt,smccc_trng_driver_init,0.235276,0,27
2,run1_initcall.txt,vc_mem_init,0.235447,0,125
2,run1_initcall.txt,vcio_driver_init,0.238508,0,3014
2,run1_initcall.txt,bcm2712_iommu_driver_init,0.243821,0,54
2,run1_initcall.txt,bcm2712_iommu_cache_driver_init,0.249155,0,40
2,run1_initcall.txt,topology_sysfs_init,0.254548,0,70
2,run1_initcall.txt,cacheinfo_sysfs_init,0.260145,0,252
2,run1_initcall.txt,devcoredump_init,0.265538,0,10
2,run1_initcall.txt,brd_init,0.277262,0,6477
2,run1_initcall.txt,loop_init,0.287966,0,5327
2,run1_initcall.txt,bcm2835_pm_driver_init,0.296216,0,2843
2,run1_initcall.txt,stmpe_i2c_driver_init,0.301464,0,15
2,run1_initcall.txt,stmpe_spi_driver_init,0.306857,0,28
2,run1_initcall.txt,rp1_driver_init,0.312232,0,27
2,run1_initcall.txt,system_heap_create,0.317673,0,99
2,run1_initcall.txt,add_default_cma_heap,0.323104,0,83
2,run1_initcall.txt,udmabuf_dev_init,0.328498,0,46
2,run1_initcall.txt,iscsi_transport_init,0.336568,0,2894
2,run1_initcall.txt,init_sd,0.341942,0,25
2,run1_initcall.txt,nvme_core_init,0.347526,0,262
2,run1_initcall.txt,nvme_init,0.352908,0,29
2,run1_initcall.txt,blackhole_netdev_init,0.358259,0,18
2,run1_initcall.txt,netkit_init,0.363604,0,6
2,run1_initcall.txt,phylink_init,0.368788,0,0
2,run1_initcall.txt,phy_module_init,0.374284,0,171
2,run1_initcall.txt,phy_module_init,0.379761,0,174
2,run1_initcall.txt,fixed_mdio_bus_init,0.385242,0,153
2,run1_initcall.txt,phy_module_init,0.390739,0,169
2,run1_initcall.txt,phy_module_init,0.396151,0,20
2,run1_initcall.txt,phy_module_init,0.401466,0,62
2,run1_initcall.txt,unimac_mdio_driver_init,0.407041,0,137
2,run1_initcall.txt,macb_driver_init,0.412681,0,118
2,run1_initcall.txt,bcmgenet_driver_init,0.628016,0,209798
2,run1_initcall.txt,bcmasp_driver_init,0.633673,0,86
2,run1_initcall.txt,lan78xx_driver_init,0.642352,0,2920
2,run1_initcall.txt,smsc95xx_driver_init,0.651125,0,2947
2,run1_initcall.txt,usbnet_init,0.656964,0,0
2,run1_initcall.txt,xhci_hcd_init,0.662805,0,12
2,run1_initcall.txt,xhci_pci_init,0.840265,0,171763
2,run1_initcall.txt,xhci_plat_init,0.846089,0,131
2,run1_initcall.txt,dwc_otg_driver_init,0.863058,0,11300
2,run1_initcall.txt,dwc_common_port_init_module,0.871482,0,2914
2,run1_initcall.txt,dwc3_driver_init,0.877201,0,65
2,run1_initcall.txt,dwc3_haps_driver_init,0.882878,0,26
2,run1_initcall.txt,dwc3_of_simple_driver_init,0.888558,0,61
2,run1_initcall.txt,dwc3_generic_driver_init,0.894206,0,39
2,run1_initcall.txt,dwc2_platform_driver_init,0.899851,0,144
2,run1_initcall.txt,uas_init,0.9084,0,2917
2,run1_initcall.txt,usb_storage_driver_init,0.916794,0,2803
2,run1_initcall.txt,brcmstb_usb_pinmap_init,0.922478,-19,76
2,run1_initcall.txt,bdc_driver_init,0.928153,0,48
2,run1_initcall.txt,input_leds_init,0.934262,0,1
2,run1_initcall.txt,mousedev_init,0.942888,0,2932
2,run1_initcall.txt,evdev_init,0.948584,0,1
2,run1_initcall.txt,brcmstb_waketmr_driver_init,0.954304,0,75
2,run1_initcall.txt,rpi_rtc_driver_init,0.960001,0,41
2,run1_initcall.txt,init_rc_map_adstech_dvb_t_pci,0.965625,0,0
2,run1_initcall.txt,init_rc_map_alink_dtu_m,0.971253,0,0
2,run1_initcall.txt,init_rc_map_anysee,0.976904,0,0
2,run1_initcall.txt,init_rc_map_apac_viewcomp,0.982527,0,0
2,run1_initcall.txt,init_rc_map_t2hybrid,0.988145,0,0
2,run1_initcall.txt,init_rc_map_asus_pc39,0.993769,0,0
2,run1_initcall.txt,init_rc_map_asus_ps3_100,0.999405,0,0
2,run1_initcall.txt,init_rc_map_ati_tv_wonder_hd_600,1.004951,0,0
2,run1_initcall.txt,init_rc_map_ati_x10,1.010522,0,0
2,run1_initcall.txt,init_rc_map_avermedia_a16d,1.0161,0,0
2,run1_initcall.txt,init_rc_map_avermedia_cardbus,1.021664,0,0
2,run1_initcall.txt,init_rc_map_avermedia_dvbt,1.02723,0,0
2,run1_initcall.txt,init_rc_map_avermedia_m135a,1.032718,0,0
2,run1_initcall.txt,init_rc_map_avermedia_m733a_rm_k6,1.038187,0,0
2,run1_initcall.txt,init_rc_map_avermedia,1.043753,0,0
2,run1_initcall.txt,init_rc_map_avermedia_rm_ks,1.049309,0,0
2,run1_initcall.txt,init_rc_map_avertv_303,1.057698,0,0
2,run1_initcall.txt,init_rc_map_azurewave_ad_tu700,1.06343,0,0
2,run1_initcall.txt,init_rc_map_beelink_gs1,1.068908,0,0
2,run1_initcall.txt,init_rc_map_beelink_mxiii,1.074489,0,0
2,run1_initcall.txt,init_rc_map_behold_columbus,1.080085,0,0
2,run1_initcall.txt,init_rc_map_behold,1.085677,0,0
2,run1_initcall.txt,init_rc_map_budget_ci_old,1.091275,0,0
2,run1_initcall.txt,init_rc_map_cinergy_1400,1.096836,0,0
2,run1_initcall.txt,init_rc_map_cinergy,1.102221,0,0
2,run1_initcall.txt,init_rc_map_ct_90405,1.107728,0,0
2,run1_initcall.txt,init_rc_map_d680_dmb,1.113264,0,0
2,run1_initcall.txt,init_rc_map_delock_61959,1.118755,0,0
2,run1_initcall.txt,init_rc_map,1.124262,0,0
2,run1_initcall.txt,init_rc_map,1.129772,0,0
2,run1_initcall.txt,init_rc_map_digitalnow_tinytwin,1.135154,0,0
2,run1_initcall.txt,init_rc_map_digittrade,1.140701,0,0
2,run1_initcall.txt,init_rc_map_dm1105_nec,1.146197,0,0
2,run1_initcall.txt,init_rc_map_dntv_live_dvb_t,1.151739,0,0
2,run1_initcall.txt,init_rc_map_dntv_live_dvbt_pro,1.157228,0,0
2,run1_initcall.txt,init_rc_map_dreambox,1.162713,0,0
2,run1_initcall.txt,init_rc_map_dtt200u,1.16806,0,0
2,run1_initcall.txt,init_rc_map_rc5_dvbsky,1.173625,0,0
2,run1_initcall.txt,init_rc_map_dvico_mce,1.179157,0,0
2,run1_initcall.txt,init_rc_map_dvico_portable,1.18467,0,0
2,run1_initcall.txt,init_rc_map_em_terratec,1.190186,0,0
2,run1_initcall.txt,init_rc_map_encore_enltv2,1.19572,0,0
2,run1_initcall.txt,init_rc_map_encore_enltv_fm53,1.201129,0,0
2,run1_initcall.txt,init_rc_map_encore_enltv,1.206771,0,0
2,run1_initcall.txt,init_rc_map_evga_indtube,1.212388,0,0
2,run1_initcall.txt,init_rc_map_eztv,1.218012,0,0
2,run1_initcall.txt,init_rc_map_flydvb,1.223618,0,0
2,run1_initcall.txt,init_rc_map_flyvideo,1.234654,0,0
2,run1_initcall.txt,init_rc_map_fusionhdtv_mce,1.243109,0,0
2,run1_initcall.txt,init_rc_map_gadmei_rm008z,1.248808,0,0
2,run1_initcall.txt,init_rc_map_geekbox,1.254463,0,0
2,run1_initcall.txt,init_rc_map_genius_tvgo_a11mce,1.262825,0,0
2,run1_initcall.txt,init_rc_map_gotview7135,1.271007,0,0
2,run1_initcall.txt,init_rc_map_rc5_hauppauge_new,1.276667,0,0
2,run1_initcall.txt,init_rc_map_hisi_poplar,1.282292,0,0
2,run1_initcall.txt,init_rc_map_hisi_tv_demo,1.287918,0,0
2,run1_initcall.txt,init_rc_map_imon_mce,1.296194,0,0
2,run1_initcall.txt,init_rc_map_imon_pad,1.304278,0,0
2,run1_initcall.txt,init_rc_map_imon_rsc,1.309753,0,0
2,run1_initcall.txt,init_rc_map_iodata_bctv7e,1.315218,0,0
2,run1_initcall.txt,init_rc_it913x_v1_map,1.320668,0,0
2,run1_initcall.txt,init_rc_it913x_v2_map,1.32611,0,0
2,run1_initcall.txt,init_rc_map_kaiomy,1.331536,0,0
2,run1_initcall.txt,init_rc_map_khadas,1.336821,0,0
2,run1_initcall.txt,init_rc_map_khamsin,1.342257,0,0
2,run1_initcall.txt,init_rc_map_kworld_315u,1.347661,0,0
2,run1_initcall.txt,init_rc_map_kworld_pc150u,1.353098,0,0
2,run1_initcall.txt,init_rc_map_kworld_plus_tv_analog,1.358509,0,0
2,run1_initcall.txt,init_rc_map_leadtek_y04g0051,1.363961,0,0
2,run1_initcall.txt,init_rc_lme2510_map,1.369251,0,0
2,run1_initcall.txt,init_rc_map_manli,1.374683,0,0
2,run1_initcall.txt,init_rc_map_mecool_kiii_pro,1.380134,0,0
2,run1_initcall.txt,init_rc_map_mecool_kii_pro,1.385599,0,0
2,run1_initcall.txt,init_rc_map_medion_x10_digitainer,1.391074,0,0
2,run1_initcall.txt,init_rc_map_medion_x10,1.396651,0,0
2,run1_initcall.txt,init_rc_map_medion_x10_or2x,1.402102,0,0
2,run1_initcall.txt,init_rc_map_minix_neo,1.407659,0,0
2,run1_initcall.txt,init_rc_map_msi_digivox_iii,1.413281,0,0
2,run1_initcall.txt,init_rc_map_msi_digivox_ii,1.418811,0,0
2,run1_initcall.txt,init_rc_map_msi_tvanywhere,1.424233,0,0
2,run1_initcall.txt,init_rc_map_msi_tvanywhere_plus,1.429673,0,0
2,run1_initcall.txt,init_rc_map_mygica_utv3,1.434893,0,0
2,run1_initcall.txt,init_rc_map_nebula,1.440268,0,0
2,run1_initcall.txt,init_rc_map_nec_terratec_cinergy_xs,1.445714,0,0
2,run1_initcall.txt,init_rc_map_norwood,1.451097,0,0
2,run1_initcall.txt,init_rc_map_npgtech,1.456491,0,0
2,run1_initcall.txt,init_rc_map_odroid,1.461888,0,0
2,run1_initcall.txt,init_rc_map_pctv_sedna,1.467108,0,0
2,run1_initcall.txt,init_rc_map_pine64,1.472498,0,0
2,run1_initcall.txt,init_rc_map_pinnacle_color,1.477858,0,0
2,run1_initcall.txt,init_rc_map_pinnacle_grey,1.483204,0,0
2,run1_initcall.txt,init_rc_map_pinnacle_pctv_hd,1.488559,0,0
2,run1_initcall.txt,init_rc_map_pixelview,1.493903,0,0
2,run1_initcall.txt,init_rc_map_pixelview,1.499221,0,0
2,run1_initcall.txt,init_rc_map_pixelview_new,1.504484,0,0
2,run1_initcall.txt,init_rc_map_pixelview,1.509861,0,0
2,run1_initcall.txt,init_rc_map_powercolor_real_angel,1.51522,0,0
2,run1_initcall.txt,init_rc_map_proteus_2309,1.520588,0,0
2,run1_initcall.txt,init_rc_map_purpletv,1.52597,0,0
2,run1_initcall.txt,init_rc_map_pv951,1.531345,0,0
2,run1_initcall.txt,init_rc_map_rc6_mce,1.536569,0,0
2,run1_initcall.txt,init_rc_map_real_audio_220_32_keys,1.541969,0,0
2,run1_initcall.txt,init_rc_map_reddo,1.547362,0,0
2,run1_initcall.txt,init_rc_map_siemens_gigaset_rc20,1.552761,0,0
2,run1_initcall.txt,init_rc_map_snapstream_firefly,1.558153,0,0
2,run1_initcall.txt,init_rc_map_streamzap,1.563565,0,1
2,run1_initcall.txt,init_rc_map_su3000,1.568835,0,0
2,run1_initcall.txt,init_rc_map_tanix_tx3mini,1.574247,0,0
2,run1_initcall.txt,init_rc_map_tanix_tx5max,1.579645,0,0
2,run1_initcall.txt,init_rc_map_tbs_nec,1.585025,0,0
2,run1_initcall.txt,init_rc_map,1.590414,0,0
2,run1_initcall.txt,init_rc_map,1.595802,0,0
2,run1_initcall.txt,init_rc_map_terratec_cinergy_c_pci,1.601065,0,0
2,run1_initcall.txt,init_rc_map_terratec_cinergy_s2_hd,1.606465,0,0
2,run1_initcall.txt,init_rc_map_terratec_cinergy_xs,1.611848,0,0
2,run1_initcall.txt,init_rc_map_terratec_slim_2,1.617251,0,0
2,run1_initcall.txt,init_rc_map_terratec_slim,1.622635,0,0
2,run1_initcall.txt,init_rc_map_tevii_nec,1.628021,0,0
2,run1_initcall.txt,init_rc_map_tivo,1.633285,0,0
2,run1_initcall.txt,init_rc_map_total_media_in_hand_02,1.638653,0,0
2,run1_initcall.txt,init_rc_map_total_media_in_hand,1.644082,0,0
2,run1_initcall.txt,init_rc_map_trekstor,1.649482,0,0
2,run1_initcall.txt,init_rc_map_tt_1500,1.654878,0,0
2,run1_initcall.txt,init_rc_map_twinhan_vp1027,1.660283,0,0
2,run1_initcall.txt,init_rc_map_twinhan_dtv_cab_ci,1.665695,0,0
2,run1_initcall.txt,init_rc_map_vega_s9x,1.670982,0,0
2,run1_initcall.txt,init_rc_map_videomate_k100,1.676376,0,0
2,run1_initcall.txt,init_rc_map_videomate_s350,1.681765,0,0
2,run1_initcall.txt,init_rc_map_videomate_tv_pvr,1.687171,0,0
2,run1_initcall.txt,init_rc_map_kii_pro,1.69258,0,0
2,run1_initcall.txt,init_rc_map_wetek_hub,1.697968,0,0
2,run1_initcall.txt,init_rc_map_wetek_play2,1.703242,0,0
2,run1_initcall.txt,init_rc_map_winfast,1.708655,0,0
2,run1_initcall.txt,init_rc_map_winfast_usbii_deluxe,1.714058,0,0
2,run1_initcall.txt,init_rc_map_x96max,1.719493,0,0
2,run1_initcall.txt,init_rc_map,1.724898,0,0
2,run1_initcall.txt,init_rc_map,1.730299,0,0
2,run1_initcall.txt,init_rc_map_zx_irdec,1.735557,0,0
2,run1_initcall.txt,ptp_kvm_init,1.740968,-95,0
2,run1_initcall.txt,gpio_poweroff_driver_init,1.746461,0,108
2,run1_initcall.txt,bcm2711_thermal_driver_init,1.754966,0,3071
2,run1_initcall.txt,bcm2835_thermal_driver_init,1.760471,0,59
2,run1_initcall.txt,bcm2835_wdt_driver_init,1.76588,0,29
2,run1_initcall.txt,dt_cpufreq_platdrv_init,1.771267,0,27
2,run1_initcall.txt,brcm_avs_cpufreq_platdrv_init,1.776784,0,41
2,run1_initcall.txt,raspberrypi_cpufreq_driver_init,1.788676,0,6405
2,run1_initcall.txt,mmc_pwrseq_simple_driver_init,1.794297,0,86
2,run1_initcall.txt,mmc_pwrseq_emmc_driver_init,1.799783,0,39
2,run1_initcall.txt,mmc_blk_init,1.805328,0,32
2,run1_initcall.txt,sdhci_drv_init,1.816442,0,5555
2,run1_initcall.txt,bcm2835_mmc_driver_init,1.824919,0,2877
2,run1_initcall.txt,bcm2835_driver_init,1.830587,0,43
2,run1_initcall.txt,sdhci_pltfm_drv_init,1.838882,0,2823
2,run1_initcall.txt,sdhci_iproc_driver_init,1.844583,0,73
2,run1_initcall.txt,sdhci_brcmstb_driver_init,1.844661,0,64
2,run1_initcall.txt,esrt_sysfs_init,1.844676,-38,0
2,run1_initcall.txt,smccc_devices_init,1.844689,0,0
2,run1_initcall.txt,smccc_soc_init,1.844704,0,1
2,run1_initcall.txt,arch_timer_mmio_drv_init,1.84476,0,39
2,run1_initcall.txt,arch_timer_mmio_acpi_drv_init,1.84479,0,22
2,run1_initcall.txt,hid_init,1.844864,0,64
2,run1_initcall.txt,hid_generic_init,1.844916,0,43
2,run1_initcall.txt,hid_init,1.84497,0,46
2,run1_initcall.txt,vchiq_driver_init,1.91982,0,74839
2,run1_initcall.txt,bcm74110_mbox_driver_init,1.926521,0,102
2,run1_initcall.txt,extcon_class_init,1.932439,0,9
2,run1_initcall.txt,armv8_pmu_driver_init,1.944272,0,6365
2,run1_initcall.txt,binder_init,1.950006,0,71
2,run1_initcall.txt,rpi_otp_driver_init,1.964526,0,8867
2,run1_initcall.txt,sock_diag_init,1.970036,0,24
2,run1_initcall.txt,blackhole_init,1.975706,0,1
2,run1_initcall.txt,cls_bpf_init_mod,1.981375,0,0
2,run1_initcall.txt,gre_offload_init,1.987009,0,0
2,run1_initcall.txt,sysctl_ipv4_init,1.992701,0,76
2,run1_initcall.txt,cubictcp_register,1.998285,0,2
2,run1_initcall.txt,packet_init,2.006556,0,2819
2,run1_initcall.txt,init_rpcsec_gss,2.012191,0,23
2,run1_initcall.txt,init_kerberos_module,2.017861,0,6
2,run1_initcall.txt,dcbnl_init,2.023481,0,3
2,run1_initcall.txt,init_dns_resolver,2.031908,0,2787
2,run1_initcall.txt,handshake_init,2.037461,0,36
2,run1_initcall.txt,check_mmu_enabled_at_boot,2.043151,0,0
2,run1_initcall.txt,finalize_pkvm,2.04884,0,0
2,run1_initcall.txt,kernel_do_mounts_initrd_sysctls_init,2.057491,0,7
2,run1_initcall.txt,kernel_panic_sysctls_init,2.063238,0,11
2,run1_initcall.txt,kernel_panic_sysfs_init,2.068817,0,5
2,run1_initcall.txt,kernel_exit_sysctls_init,2.074556,0,3
2,run1_initcall.txt,kernel_exit_sysfs_init,2.080279,0,2
2,run1_initcall.txt,param_sysfs_builtin_init,2.095462,0,9457
2,run1_initcall.txt,reboot_ksysfs_init,2.101262,0,38
2,run1_initcall.txt,sched_core_sysctl_init,2.107254,0,6
2,run1_initcall.txt,sched_fair_sysctl_init,2.11374,0,8
2,run1_initcall.txt,sched_rt_sysctl_init,2.119584,0,3
2,run1_initcall.txt,sched_dl_sysctl_init,2.125315,0,2
2,run1_initcall.txt,sched_init_debug,2.131116,0,95
2,run1_initcall.txt,cpu_latency_qos_init,2.136827,0,147
2,run1_initcall.txt,printk_late_init,2.142576,0,18
2,run1_initcall.txt,init_srcu_module_notifier,2.148261,0,0
2,run1_initcall.txt,kernel_rcu_stall_sysfs_init,2.153987,0,4
2,run1_initcall.txt,swiotlb_create_default_debugfs,2.159722,0,18
2,run1_initcall.txt,tk_debug_sleep_time_init,2.165467,0,3
2,run1_initcall.txt,bpf_ksym_iter_register,2.171057,0,1
2,run1_initcall.txt,kernel_acct_sysctls_init,2.176728,0,2
2,run1_initcall.txt,bpf_rstat_kfunc_init,2.182409,0,0
2,run1_initcall.txt,debugfs_kprobe_init,2.188075,0,8
2,run1_initcall.txt,kernel_delayacct_sysctls_init,2.193742,0,3
2,run1_initcall.txt,taskstats_init,2.202099,0,2761
2,run1_initcall.txt,bpf_global_ma_init,2.207831,0,106
2,run1_initcall.txt,bpf_syscall_sysctl_init,2.213463,0,6
2,run1_initcall.txt,unbound_reg_init,2.219079,0,0
2,run1_initcall.txt,kfunc_init,2.224689,0,2
2,run1_initcall.txt,bpf_map_iter_init,2.23032,0,0
2,run1_initcall.txt,init_subsystem,2.235793,0,0
2,run1_initcall.txt,task_iter_init,2.241404,0,1
2,run1_initcall.txt,bpf_prog_iter_init,2.247005,0,0
2,run1_initcall.txt,bpf_link_iter_init,2.252614,0,0
2,run1_initcall.txt,init_trampolines,2.258198,0,2
2,run1_initcall.txt,rqspinlock_register_kfuncs,2.263764,0,0
2,run1_initcall.txt,kfunc_init,2.269199,0,0
2,run1_initcall.txt,bpf_cgroup_iter_init,2.27478,0,0
2,run1_initcall.txt,cpumask_kfunc_init,2.280369,0,13
2,run1_initcall.txt,crypto_kfunc_init,2.285946,0,0
2,run1_initcall.txt,bpf_kmem_cache_iter_init,2.291527,0,0
2,run1_initcall.txt,dmabuf_iter_init,2.297135,0,0
2,run1_initcall.txt,load_system_certificate_list,2.305367,0,2787
2,run1_initcall.txt,init_lru_gen,2.310997,0,19
2,run1_initcall.txt,vmstat_late_init,2.316587,0,3
2,run1_initcall.txt,fault_around_debugfs,2.322158,0,4
2,run1_initcall.txt,slab_sysfs_init,2.331541,0,3819
2,run1_initcall.txt,max_swapfiles_check,2.3371,0,0
2,run1_initcall.txt,zswap_init,2.342656,0,0
2,run1_initcall.txt,mempolicy_sysfs_init,2.348266,0,24
2,run1_initcall.txt,memory_tier_late_init,2.359542,0,5688
2,run1_initcall.txt,check_early_ioremap_leak,2.365155,0,0
2,run1_initcall.txt,mg_debugfs_init,2.370633,0,18
2,run1_initcall.txt,fscrypt_init,2.381946,0,5704
2,run1_initcall.txt,pstore_init,2.387541,0,11
2,run1_initcall.txt,init_root_keyring,2.393153,0,36
2,run1_initcall.txt,init_profile_hash,2.398746,0,0
2,run1_initcall.txt,integrity_fs_init,2.404188,0,10
2,run1_initcall.txt,crypto_algapi_init,2.409823,0,8
2,run1_initcall.txt,blk_timeout_init,2.415387,0,0
2,run1_initcall.txt,depot_debugfs_init,2.420979,0,6
2,run1_initcall.txt,pci_resource_alignment_sysfs_init,2.426538,0,6
2,run1_initcall.txt,pci_sysfs_init,2.432116,0,12
2,run1_initcall.txt,clk_debug_init,2.437949,0,409
2,run1_initcall.txt,genpd_debug_init,2.443832,0,343
2,run1_initcall.txt,sync_state_resume_initcall,2.449434,0,1
2,run1_initcall.txt,deferred_probe_initcall,2.547971,0,93012
2,run1_initcall.txt,efi_shutdown_init,2.555592,-19,0
2,run1_initcall.txt,efi_earlycon_unmap_fb,2.560895,0,0
2,run1_initcall.txt,psci_debugfs_init,2.568029,0,0
2,run1_initcall.txt,of_cfs_init,2.578582,0,5283
2,run1_initcall.txt,of_fdt_raw_init,2.583834,0,33
2,run1_initcall.txt,bpf_kfunc_init,2.589067,0,2
2,run1_initcall.txt,init_subsystem,2.594323,0,0
2,run1_initcall.txt,xdp_metadata_init,2.599479,0,0
2,run1_initcall.txt,bpf_sockmap_iter_init,2.607332,0,1
2,run1_initcall.txt,bpf_sk_storage_map_iter_init,2.615261,0,0
2,run1_initcall.txt,bpf_prog_test_run_init,2.62061,0,0
2,run1_initcall.txt,bpf_dummy_struct_ops_init,2.626016,0,0
2,run1_initcall.txt,tcp_congestion_default,2.631434,0,1
2,run1_initcall.txt,inet_blackhole_dev_init,2.636716,0,7
2,run1_initcall.txt,ip_auto_config,2.642094,0,10
2,run1_initcall.txt,tcp_bpf_v4_build_proto,2.647492,0,0
2,run1_initcall.txt,udp_bpf_v4_build_proto,2.65287,0,0
2,run1_initcall.txt,bpf_tcp_ca_kfunc_init,2.658208,0,0
2,run1_initcall.txt,bpf_mptcp_kfunc_init,2.663555,0,0
2,run1_initcall.txt,fb_logo_late_init,2.66874,0,0
2,run1_initcall.txt,amba_stub_drv_init,2.67414,0,33
2,run1_initcall.txt,clk_disable_unused,2.68579,0,6318
2,run1_initcall.txt,genpd_power_off_unused,2.693838,0,2688
2,run1_initcall.txt,regulator_init_complete,2.699175,0,2
2,run1_initcall.txt,of_platform_sync_state_init,2.704489,0,17
3,run2_initcall.txt,of_platform_default_populate_init,0.050727,0,24000
3,run2_initcall.txt,register_mte_tcf_preferred_sysctl,0.050842,0,0
3,run2_initcall.txt,init_fork_sysctl,0.050871,0,0
3,run2_initcall.txt,uid_cache_init,0.050921,0,0
3,run2_initcall.txt,pid_namespace_sysctl_init,0.050948,0,0
3,run2_initcall.txt,param_sysfs_init,0.050972,0,0
3,run2_initcall.txt,user_namespace_sysctl_init,0.051011,0,0
3,run2_initcall.txt,proc_schedstat_init,0.051035,0,0
3,run2_initcall.txt,init_rtmutex_sysctl,0.051051,0,0
3,run2_initcall.txt,pm_sysrq_init,0.051103,0,0
3,run2_initcall.txt,init_rcu_stall_sysctl,0.051122,0,0
3,run2_initcall.txt,init_module_sysctl,0.05114,0,0
3,run2_initcall.txt,create_proc_profile,0.051157,0,0
3,run2_initcall.txt,cgroup_sysfs_init,0.051181,0,0
3,run2_initcall.txt,user_namespaces_init,0.051208,0,0
3,run2_initcall.txt,hung_task_init,0.051322,0,0
3,run2_initcall.txt,dev_map_init,0.051343,0,0
3,run2_initcall.txt,netns_bpf_init,0.051362,0,0
3,run2_initcall.txt,oom_init,0.051433,0,0
3,run2_initcall.txt,init_user_buckets,0.051453,0,0
3,run2_initcall.txt,init_vm_util_sysctls,0.051477,0,0
3,run2_initcall.txt,default_bdi_init,0.051588,0,0
3,run2_initcall.txt,cgwb_init,0.051615,0,0
3,run2_initcall.txt,percpu_enable_async,0.051633,0,0
3,run2_initcall.txt,kcompactd_init,0.051735,0,0
3,run2_initcall.txt,init_mm_sysctl,0.051753,0,0
3,run2_initcall.txt,init_user_reserve,0.05177,0,0
3,run2_initcall.txt,init_admin_reserve,0.051784,0,0
3,run2_initcall.txt,init_reserve_notifier,0.051798,0,0
3,run2_initcall.txt,swap_init,0.051819,0,0
3,run2_initcall.txt,swapfile_init,0.051839,0,0
3,run2_initcall.txt,memory_tier_init,0.051883,0,0
3,run2_initcall.txt,numa_init_sysfs,0.051902,0,0
3,run2_initcall.txt,mem_cgroup_swap_init,0.05192,0,0
3,run2_initcall.txt,init_msg_buckets,0.051935,0,0
3,run2_initcall.txt,init_bio,0.051982,0,0
3,run2_initcall.txt,blk_ioc_init,0.052001,0,0
3,run2_initcall.txt,blk_mq_init,0.052018,0,0
3,run2_initcall.txt,genhd_device_init,0.052115,0,0
3,run2_initcall.txt,blkcg_punt_bio_init,0.052211,0,0
3,run2_initcall.txt,blk_integrity_auto_init,0.052312,0,4000
3,run2_initcall.txt,io_wq_init,0.052333,0,0
3,run2_initcall.txt,crc_t10dif_mod_init,0.052357,0,0
3,run2_initcall.txt,sha256_mod_init,0.052377,0,0
3,run2_initcall.txt,sha512_mod_init,0.052393,0,0
3,run2_initcall.txt,sg_pool_init,0.052425,0,0
3,run2_initcall.txt,gpiolib_debugfs_init,0.052449,0,0
3,run2_initcall.txt,stmpe_gpio_init,0.052545,0,0
3,run2_initcall.txt,pwm_init,0.052573,0,0
3,run2_initcall.txt,leds_init,0.052604,0,0
3,run2_initcall.txt,pci_slot_init,0.052626,0,0
3,run2_initcall.txt,fbmem_init,0.052681,0,0
3,run2_initcall.txt,bcm2835_dma_init,0.053373,0,0
3,run2_initcall.txt,regulator_fixed_voltage_init,0.053451,0,0
3,run2_initcall.txt,gpio_regulator_init,0.053509,0,0
3,run2_initcall.txt,init_sysrq_sysctl,0.053535,0,0
3,run2_initcall.txt,misc_init,0.05356,0,0
3,run2_initcall.txt,iommu_subsys_init,0.053593,0,0
3,run2_initcall.txt,register_cpu_capacity_sysctl,0.053983,0,0
3,run2_initcall.txt,dma_buf_init,0.054049,0,0
3,run2_initcall.txt,dma_heap_init,0.054076,0,0
3,run2_initcall.txt,init_scsi,0.054175,0,0
3,run2_initcall.txt,mdio_bus_init,0.054208,0,0
3,run2_initcall.txt,phy_init,0.054253,0,0
3,run2_initcall.txt,usb_common_init,0.054275,0,0
3,run2_initcall.txt,usb_init,0.054379,0,0
3,run2_initcall.txt,usb_phy_generic_init,0.054533,0,0
3,run2_initcall.txt,usb_udc_init,0.054564,0,0
3,run2_initcall.txt,usb_roles_init,0.054586,0,0
3,run2_initcall.txt,input_init,0.05461,0,0
3,run2_initcall.txt,rtc_init,0.054626,0,0
3,run2_initcall.txt,rc_core_init,0.054651,0,0
3,run2_initcall.txt,pps_init,0.054686,0,0
3,run2_initcall.txt,ptp_init,0.054711,0,0
3,run2_initcall.txt,power_supply_class_init,0.054741,0,0
3,run2_initcall.txt,hwmon_init,0.054762,0,0
3,run2_initcall.txt,mmc_init,0.054801,0,0
3,run2_initcall.txt,dmi_init,0.054818,0,0
3,run2_initcall.txt,efisubsys_init,0.054837,0,0
3,run2_initcall.txt,arm_pmu_hp_init,0.054855,0,0
3,run2_initcall.txt,ras_init,0.054877,0,0
3,run2_initcall.txt,nvmem_init,0.054916,0,0
3,run2_initcall.txt,init_soundcore,0.054937,0,0
3,run2_initcall.txt,proto_init,0.054957,0,0
3,run2_initcall.txt,net_dev_init,0.055183,0,0
3,run2_initcall.txt,neigh_init,0.055209,0,0
3,run2_initcall.txt,fib_notifier_init,0.055225,0,0
3,run2_initcall.txt,netdev_genl_init,0.055265,0,0
3,run2_initcall.txt,page_pool_user_init,0.055284,0,0
3,run2_initcall.txt,fib_rules_init,0.055302,0,0
3,run2_initcall.txt,init_cgroup_netprio,0.055318,0,0
3,run2_initcall.txt,bpf_lwt_init,0.055334,0,0
3,run2_initcall.txt,pktsched_init,0.055354,0,0
3,run2_initcall.txt,tc_filter_init,0.055389,0,0
3,run2_initcall.txt,tc_action_init,0.055407,0,0
3,run2_initcall.txt,ethnl_init,0.055478,0,0
3,run2_initcall.txt,nexthop_init,0.055501,0,0
3,run2_initcall.txt,devlink_init,0.05558,0,0
3,run2_initcall.txt,wireless_nlevent_init,0.055601,0,0
3,run2_initcall.txt,vsprintf_init_hashval,0.055623,0,0
3,run2_initcall.txt,init_32bit_el0_mask,0.05564,0,0
3,run2_initcall.txt,vga_arb_device_init,0.055776,0,0
3,run2_initcall.txt,watchdog_init,0.055899,0,0
3,run2_initcall.txt,create_debug_debugfs_entry,0.056012,0,0
3,run2_initcall.txt,iomem_init_inode,0.056055,0,0
3,run2_initcall.txt,clocksource_done_booting,0.056107,0,15
3,run2_initcall.txt,bpf_init,0.056135,0,9
3,run2_initcall.txt,secretmem_init,0.056167,0,14
3,run2_initcall.txt,init_fs_stat_sysctls,0.056195,0,9
3,run2_initcall.txt,init_fs_exec_sysctls,0.056213,0,1
3,run2_initcall.txt,init_pipe_fs,0.056241,0,11
3,run2_initcall.txt,init_fs_namei_sysctls,0.056295,0,3
3,run2_initcall.txt,init_fs_dcache_sysctls,0.05632,0,8
3,run2_initcall.txt,init_fs_namespace_sysctls,0.056339,0,1
3,run2_initcall.txt,cgroup_writeback_init,0.056361,0,4
3,run2_initcall.txt,inotify_user_setup,0.056395,0,16
3,run2_initcall.txt,eventpoll_init,0.05643,0,16
3,run2_initcall.txt,anon_inode_init,0.05646,0,11
3,run2_initcall.txt,proc_locks_init,0.056483,0,4
3,run2_initcall.txt,backing_aio_init,0.056504,0,2
3,run2_initcall.txt,init_fs_coredump_sysctls,0.056529,0,7
3,run2_initcall.txt,init_vm_drop_caches_sysctls,0.056546,0,2
3,run2_initcall.txt,iomap_dio_init,0.056582,0,22
3,run2_initcall.txt,iomap_ioend_init,0.056629,0,32
3,run2_initcall.txt,dquot_init,0.05675,0,105
3,run2_initcall.txt,proc_cmdline_init,0.056768,0,2
3,run2_initcall.txt,proc_consoles_init,0.056784,0,1
3,run2_initcall.txt,proc_cpuinfo_init,0.056799,0,1
3,run2_initcall.txt,proc_devices_init,0.056813,0,0
3,run2_initcall.txt,proc_interrupts_init,0.056827,0,1
3,run2_initcall.txt,proc_loadavg_init,0.056841,0,0
3,run2_initcall.txt,proc_meminfo_init,0.056856,0,0
3,run2_initcall.txt,proc_stat_init,0.05687,0,0
3,run2_initcall.txt,proc_uptime_init,0.056884,0,1
3,run2_initcall.txt,proc_version_init,0.056899,0,1
3,run2_initcall.txt,proc_softirqs_init,0.056913,0,0
3,run2_initcall.txt,proc_kmsg_init,0.056928,0,1
3,run2_initcall.txt,proc_page_init,0.056944,0,2
3,run2_initcall.txt,init_ramfs_fs,0.056958,0,1
3,run2_initcall.txt,aa_create_aafs,0.056975,0,0
3,run2_initcall.txt,chr_dev_init,0.0598,0,2806
3,run2_initcall.txt,hwrng_modinit,0.059874,0,43
3,run2_initcall.txt,firmware_class_init,0.059901,0,1
3,run2_initcall.txt,sysctl_core_init,0.059942,0,23
3,run2_initcall.txt,eth_offload_init,0.059958,0,0
3,run2_initcall.txt,ipv4_offload_init,0.059975,0,1
3,run2_initcall.txt,inet_init,0.063941,0,3949
3,run2_initcall.txt,af_unix_init,0.063997,0,22
3,run2_initcall.txt,ipv6_offload_init,0.064018,0,2
3,run2_initcall.txt,init_sunrpc,0.064427,0,391
3,run2_initcall.txt,vlan_offload_init,0.064447,0,0
3,run2_initcall.txt,pci_apply_final_quirks,0.064477,0,12
3,run2_initcall.txt,populate_rootfs,0.064503,0,6
3,run2_initcall.txt,register_arm64_panic_block,0.064619,0,0
3,run2_initcall.txt,cpuinfo_regs_init,0.064729,0,94
3,run2_initcall.txt,aarch32_el0_sysfs_init,0.064746,0,0
3,run2_initcall.txt,kvm_arm_init,0.068306,0,3539
3,run2_initcall.txt,proc_execdomains_init,0.06835,0,5
3,run2_initcall.txt,register_warn_debugfs,0.068373,0,4
3,run2_initcall.txt,cpuhp_sysfs_init,0.068422,0,31
3,run2_initcall.txt,ioresources_init,0.068444,0,3
3,run2_initcall.txt,psi_proc_init,0.06846,0,0
3,run2_initcall.txt,irq_gc_init_ops,0.068475,0,0
3,run2_initcall.txt,irq_debugfs_init,0.068567,0,77
3,run2_initcall.txt,proc_modules_init,0.068594,0,2
3,run2_initcall.txt,timer_sysctl_init,0.068619,0,9
3,run2_initcall.txt,timekeeping_init_ops,0.068635,0,0
3,run2_initcall.txt,init_clocksource_sysfs,0.068782,0,131
3,run2_initcall.txt,init_timer_list_procfs,0.068803,0,1
3,run2_initcall.txt,alarmtimer_init,0.068877,0,58
3,run2_initcall.txt,clockevents_init_sysfs,0.069004,0,110
3,run2_initcall.txt,sched_clock_syscore_init,0.069023,0,0
3,run2_initcall.txt,kallsyms_init,0.069043,0,2
3,run2_initcall.txt,pid_namespaces_init,0.069091,0,30
3,run2_initcall.txt,audit_watch_init,0.069109,0,0
3,run2_initcall.txt,audit_fsnotify_init,0.069126,0,0
3,run2_initcall.txt,audit_tree_init,0.069145,0,2
3,run2_initcall.txt,seccomp_sysctl_init,0.069167,0,4
3,run2_initcall.txt,utsname_sysctl_init,0.06919,0,6
3,run2_initcall.txt,init_lstats_procfs,0.069211,0,3
3,run2_initcall.txt,perf_event_sysfs_init,0.069282,0,51
3,run2_initcall.txt,system_trusted_keyring_init,0.069318,0,16
3,run2_initcall.txt,kswapd_init,0.069524,0,186
3,run2_initcall.txt,extfrag_debug_init,0.069557,0,12
3,run2_initcall.txt,mm_compute_batch_init,0.069573,0,0
3,run2_initcall.txt,slab_proc_init,0.069589,0,2
3,run2_initcall.txt,workingset_init,0.069613,0,8
3,run2_initcall.txt,proc_vmalloc_init,0.069629,0,1
3,run2_initcall.txt,memblock_init_debugfs,0.06965,0,5
3,run2_initcall.txt,slab_debugfs_init,0.069671,0,6
3,run2_initcall.txt,procswaps_init,0.069687,0,1
3,run2_initcall.txt,zs_init,0.069704,0,0
3,run2_initcall.txt,fcntl_init,0.069722,0,2
3,run2_initcall.txt,proc_filesystems_init,0.069743,0,4
3,run2_initcall.txt,start_dirtytime_writeback,0.069766,0,4
3,run2_initcall.txt,dio_init,0.069786,0,1
3,run2_initcall.txt,dnotify_init,0.069818,0,15
3,run2_initcall.txt,fanotify_user_setup,0.069847,0,10
3,run2_initcall.txt,aio_setup,0.069906,0,40
3,run2_initcall.txt,mbcache_init,0.06993,0,5
3,run2_initcall.txt,init_grace,0.06995,0,3
3,run2_initcall.txt,init_devpts_fs,0.069973,0,9
3,run2_initcall.txt,ext4_init_fs,0.070068,0,79
3,run2_initcall.txt,journal_init,0.070099,0,15
3,run2_initcall.txt,init_fat_fs,0.07012,0,5
3,run2_initcall.txt,init_vfat_fs,0.070135,0,0
3,run2_initcall.txt,init_msdos_fs,0.070149,0,0
3,run2_initcall.txt,init_nfs_fs,0.070302,0,139
3,run2_initcall.txt,init_nfs_v2,0.07032,0,0
3,run2_initcall.txt,init_nfs_v3,0.070336,0,0
3,run2_initcall.txt,init_nfs_v4,0.070382,0,32
3,run2_initcall.txt,nfs4filelayout_init,0.070403,0,6
3,run2_initcall.txt,nfs4flexfilelayout_init,0.070424,0,6
3,run2_initcall.txt,init_nlm,0.070466,0,27
3,run2_initcall.txt,init_nls_cp437,0.070482,0,0
3,run2_initcall.txt,init_nls_ascii,0.070496,0,0
3,run2_initcall.txt,init_autofs_fs,0.070593,0,82
3,run2_initcall.txt,init_f2fs_fs,0.070736,0,125
3,run2_initcall.txt,ipc_init,0.070766,0,13
3,run2_initcall.txt,ipc_sysctl_init,0.070802,0,19
3,run2_initcall.txt,init_mqueue_fs,0.070856,0,38
3,run2_initcall.txt,key_proc_init,0.070876,0,2
3,run2_initcall.txt,bpf_crypto_skcipher_init,0.070892,0,0
3,run2_initcall.txt,dh_init,0.070912,0,3
3,run2_initcall.txt,rsa_init,0.070928,0,1
3,run2_initcall.txt,cryptomgr_init,0.070945,0,0
3,run2_initcall.txt,hmac_module_init,0.070961,0,0
3,run2_initcall.txt,crypto_sha256_mod_init,0.070981,0,4
3,run2_initcall.txt,crypto_ecb_module_init,0.070997,0,0
3,run2_initcall.txt,crypto_cbc_module_init,0.071014,0,0
3,run2_initcall.txt,crypto_cts_module_init,0.071029,0,0
3,run2_initcall.txt,xts_module_init,0.071045,0,0
3,run2_initcall.txt,des_generic_mod_init,0.071062,0,1
3,run2_initcall.txt,aes_init,0.07108,0,0
3,run2_initcall.txt,lzo_mod_init,0.071096,0,1
3,run2_initcall.txt,lzorle_mod_init,0.071112,0,0
3,run2_initcall.txt,asymmetric_key_init,0.071133,0,5
3,run2_initcall.txt,x509_key_init,0.071153,0,5
3,run2_initcall.txt,crypto_kdf108_init,0.071169,0,0
3,run2_initcall.txt,blkdev_init,0.071197,0,12
3,run2_initcall.txt,proc_genhd_init,0.071216,0,2
3,run2_initcall.txt,bsg_init,0.071249,0,15
3,run2_initcall.txt,throtl_init,0.071342,0,77
3,run2_initcall.txt,deadline_init,0.071366,0,5
3,run2_initcall.txt,kyber_init,0.071388,0,5
3,run2_initcall.txt,bfq_init,0.071422,0,19
3,run2_initcall.txt,io_uring_init,0.071456,0,17
3,run2_initcall.txt,btree_module_init,0.071477,0,2
3,run2_initcall.txt,percpu_counter_startup,0.071544,0,48
3,run2_initcall.txt,audit_classes_init,0.071568,0,4
3,run2_initcall.txt,gicv5_iwb_platform_driver_init,0.071672,0,86
3,run2_initcall.txt,mip_msi_driver_init,0.071725,0,34
3,run2_initcall.txt,bcm7038_l1_driver_init,0.071777,0,33
3,run2_initcall.txt,bcm7120_l2_driver_init,0.071834,0,38
3,run2_initcall.txt,brcmstb_l2_driver_init,0.072144,0,291
3,run2_initcall.txt,simple_pm_bus_driver_init,0.072796,0,630
3,run2_initcall.txt,phy_core_init,0.072833,0,15
3,run2_initcall.txt,brcm_usb_driver_init,0.072917,0,64
3,run2_initcall.txt,rp1_pinctrl_driver_init,0.072968,0,33
3,run2_initcall.txt,bcm2835_pinctrl_driver_init,0.07381,0,823
3,run2_initcall.txt,bcm2712_pinctrl_driver_init,0.073888,0,53
3,run2_initcall.txt,brcmvirt_gpio_driver_init,0.073955,0,39
3,run2_initcall.txt,brcmstb_gpio_driver_init,0.074009,0,34
3,run2_initcall.txt,rpi_exp_gpio_driver_init,0.074395,0,366
3,run2_initcall.txt,brcmstb_pwm_driver_init,0.074454,0,37
3,run2_initcall.txt,rp1_pwm_driver_init,0.074509,0,36
3,run2_initcall.txt,gpio_led_driver_init,0.076286,0,1757
3,run2_initcall.txt,led_pwm_driver_init,0.076357,0,47
3,run2_initcall.txt,timer_led_trigger_init,0.076378,0,2
3,run2_initcall.txt,oneshot_led_trigger_init,0.076398,0,0
3,run2_initcall.txt,heartbeat_trig_init,0.076422,0,3
3,run2_initcall.txt,bl_led_trigger_init,0.07644,0,0
3,run2_initcall.txt,ledtrig_cpu_init,0.076516,0,58
3,run2_initcall.txt,defon_led_trigger_init,0.076565,0,31
3,run2_initcall.txt,input_trig_init,0.076581,0,0
3,run2_initcall.txt,ledtrig_panic_init,0.076596,0,1
3,run2_initcall.txt,actpwr_trig_init,0.076767,0,158
3,run2_initcall.txt,pcie_portdrv_init,0.07684,0,56
3,run2_initcall.txt,pci_proc_init,0.076864,0,9
3,run2_initcall.txt,brcm_pcie_driver_init,0.188989,0,112106
3,run2_initcall.txt,bcm2708_fb_init,0.189076,0,66
3,run2_initcall.txt,simplefb_driver_init,0.215129,0,26029
3,run2_initcall.txt,of_fixed_factor_clk_driver_init,0.215225,0,42
3,run2_initcall.txt,of_fixed_clk_driver_init,0.215307,0,33
3,run2_initcall.txt,gpio_clk_driver_init,0.215394,0,41
3,run2_initcall.txt,gated_fixed_clk_driver_init,0.215476,0,35
3,run2_initcall.txt,rp1_clk_driver_init,0.215556,0,34
3,run2_initcall.txt,rp1_sdio_clk_driver_init,0.215636,0,33
3,run2_initcall.txt,clk_dvp_driver_init,0.215825,0,142
3,run2_initcall.txt,bcm2835_aux_clk_driver_init,0.21594,0,64
3,run2_initcall.txt,raspberrypi_clk_driver_init,0.231368,0,15378
3,run2_initcall.txt,dw_driver_init,0.231464,0,47
3,run2_initcall.txt,bcm2835_power_driver_init,0.231537,0,27
3,run2_initcall.txt,rpi_power_driver_init,0.232908,0,1324
3,run2_initcall.txt,brcmstb_reset_driver_init,0.232999,0,40
3,run2_initcall.txt,brcm_rescal_reset_driver_init,0.233085,0,35
3,run2_initcall.txt,rpi_reset_driver_init,0.233241,0,106
3,run2_initcall.txt,reset_simple_driver_init,0.233366,0,76
3,run2_initcall.txt,n_null_init,0.23341,0,0
3,run2_initcall.txt,pty_init,0.233526,0,77
3,run2_initcall.txt,sysrq_init,0.23358,0,12
3,run2_initcall.txt,serial8250_init,0.233622,-19,0
3,run2_initcall.txt,bcm2835aux_serial_driver_init,0.233709,0,41
3,run2_initcall.txt,brcmuart_init,0.233804,0,50
3,run2_initcall.txt,exar_pci_driver_init,0.233871,0,24
3,run2_initcall.txt,of_platform_serial_driver_init,0.234006,0,86
3,run2_initcall.txt,serial_pci_driver_init,0.23408,0,27
3,run2_initcall.txt,pericom8250_pci_driver_init,0.234144,0,17
3,run2_initcall.txt,init_kgdboc,0.234282,0,94
3,run2_initcall.txt,random_sysctls_init,0.234337,0,12
3,run2_initcall.txt,ttyprintk_init,0.234445,0,65
3,run2_initcall.txt,bcm2835_rng_driver_init,0.234544,0,54
3,run2_initcall.txt,bcm74110_rng_driver_init,0.234628,0,35
3,run2_initcall.txt,iproc_rng200_driver_init,0.234946,0,267
3,run2_initcall.txt,smccc_trng_driver_init,0.235022,0,25
3,run2_initcall.txt,vc_mem_init,0.235205,0,135
3,run2_initcall.txt,vcio_driver_init,0.238166,0,2911
3,run2_initcall.txt,bcm2712_iommu_driver_init,0.243289,0,45
3,run2_initcall.txt,bcm2712_iommu_cache_driver_init,0.248424,0,44
3,run2_initcall.txt,topology_sysfs_init,0.253624,0,60
3,run2_initcall.txt,cacheinfo_sysfs_init,0.25904,0,257
3,run2_initcall.txt,devcoredump_init,0.264238,0,12
3,run2_initcall.txt,brd_init,0.275594,0,6325
3,run2_initcall.txt,loop_init,0.286014,0,5196
3,run2_initcall.txt,bcm2835_pm_driver_init,0.293973,0,2754
3,run2_initcall.txt,stmpe_i2c_driver_init,0.299186,0,16
3,run2_initcall.txt,stmpe_spi_driver_init,0.304227,0,13
3,run2_initcall.txt,rp1_driver_init,0.309422,0,27
3,run2_initcall.txt,system_heap_create,0.314691,0,97
3,run2_initcall.txt,add_default_cma_heap,0.319961,0,85
3,run2_initcall.txt,udmabuf_dev_init,0.325164,0,43
3,run2_initcall.txt,iscsi_transport_init,0.333151,0,2825
3,run2_initcall.txt,init_sd,0.338183,0,24
3,run2_initcall.txt,nvme_core_init,0.343575,0,257
3,run2_initcall.txt,nvme_init,0.34877,0,28
3,run2_initcall.txt,blackhole_netdev_init,0.353951,0,17
3,run2_initcall.txt,netkit_init,0.359122,0,10
3,run2_initcall.txt,phylink_init,0.364296,0,0
3,run2_initcall.txt,phy_module_init,0.369486,0,172
3,run2_initcall.txt,phy_module_init,0.374799,0,175
3,run2_initcall.txt,fixed_mdio_bus_init,0.380112,0,162
3,run2_initcall.txt,phy_module_init,0.385426,0,165
3,run2_initcall.txt,phy_module_init,0.39064,0,22
3,run2_initcall.txt,phy_module_init,0.395962,0,63
3,run2_initcall.txt,unimac_mdio_driver_init,0.401236,0,126
3,run2_initcall.txt,macb_driver_init,0.406661,0,108
3,run2_initcall.txt,bcmgenet_driver_init,0.615518,0,203476
3,run2_initcall.txt,bcmasp_driver_init,0.621196,0,88
3,run2_initcall.txt,lan78xx_driver_init,0.629698,0,2875
3,run2_initcall.txt,smsc95xx_driver_init,0.638103,0,2879
3,run2_initcall.txt,usbnet_init,0.643806,0,0
3,run2_initcall.txt,xhci_hcd_init,0.649533,0,14
3,run2_initcall.txt,xhci_pci_init,0.825173,0,169927
3,run2_initcall.txt,xhci_plat_init,0.830833,0,126
3,run2_initcall.txt,dwc_otg_driver_init,0.847358,0,11135
3,run2_initcall.txt,dwc_common_port_init_module,0.855682,0,2806
3,run2_initcall.txt,dwc3_driver_init,0.861268,0,80
3,run2_initcall.txt,dwc3_haps_driver_init,0.86676,0,31
3,run2_initcall.txt,dwc3_of_simple_driver_init,0.872173,0,59
3,run2_initcall.txt,dwc3_generic_driver_init,0.877687,0,40
3,run2_initcall.txt,dwc2_platform_driver_init,0.883293,0,136
3,run2_initcall.txt,uas_init,0.8916,0,2840
3,run2_initcall.txt,usb_storage_driver_init,0.899792,0,2736
3,run2_initcall.txt,brcmstb_usb_pinmap_init,0.905196,-19,82
3,run2_initcall.txt,bdc_driver_init,0.910723,0,47
3,run2_initcall.txt,input_leds_init,0.916334,0,2
3,run2_initcall.txt,mousedev_init,0.925165,0,2919
3,run2_initcall.txt,evdev_init,0.930678,0,0
3,run2_initcall.txt,brcmstb_waketmr_driver_init,0.936116,0,88
3,run2_initcall.txt,rpi_rtc_driver_init,0.941645,0,42
3,run2_initcall.txt,init_rc_map_adstech_dvb_t_pci,0.947135,0,0
3,run2_initcall.txt,init_rc_map_alink_dtu_m,0.952636,0,0
3,run2_initcall.txt,init_rc_map_anysee,0.958115,0,0
3,run2_initcall.txt,init_rc_map_apac_viewcomp,0.963594,0,0
3,run2_initcall.txt,init_rc_map_t2hybrid,0.968932,0,0
3,run2_initcall.txt,init_rc_map_asus_pc39,0.974406,0,0
3,run2_initcall.txt,init_rc_map_asus_ps3_100,0.979865,0,0
3,run2_initcall.txt,init_rc_map_ati_tv_wonder_hd_600,0.985343,0,0
3,run2_initcall.txt,init_rc_map_ati_x10,0.990785,0,0
3,run2_initcall.txt,init_rc_map_avermedia_a16d,0.996224,0,0
3,run2_initcall.txt,init_rc_map_avermedia_cardbus,1.001504,0,0
3,run2_initcall.txt,init_rc_map_avermedia_dvbt,1.006944,0,0
3,run2_initcall.txt,init_rc_map_avermedia_m135a,1.012375,0,0
3,run2_initcall.txt,init_rc_map_avermedia_m733a_rm_k6,1.017783,0,0
3,run2_initcall.txt,init_rc_map_avermedia,1.023198,0,0
3,run2_initcall.txt,init_rc_map_avermedia_rm_ks,1.028629,0,0
3,run2_initcall.txt,init_rc_map_avertv_303,1.033973,0,0
3,run2_initcall.txt,init_rc_map_azurewave_ad_tu700,1.039329,0,0
3,run2_initcall.txt,init_rc_map_beelink_gs1,1.04477,0,0
3,run2_initcall.txt,init_rc_map_beelink_mxiii,1.052917,0,0
3,run2_initcall.txt,init_rc_map_behold_columbus,1.058338,0,0
3,run2_initcall.txt,init_rc_map_behold,1.063737,0,0
3,run2_initcall.txt,init_rc_map_budget_ci_old,1.069,0,0
3,run2_initcall.txt,init_rc_map_cinergy_1400,1.074364,0,0
3,run2_initcall.txt,init_rc_map_cinergy,1.079723,0,0
3,run2_initcall.txt,init_rc_map_ct_90405,1.085077,0,0
3,run2_initcall.txt,init_rc_map_d680_dmb,1.09042,0,0
3,run2_initcall.txt,init_rc_map_delock_61959,1.095742,0,0
3,run2_initcall.txt,init_rc_map,1.100951,0,0
3,run2_initcall.txt,init_rc_map,1.106246,0,0
3,run2_initcall.txt,init_rc_map_digitalnow_tinytwin,1.111613,0,0
3,run2_initcall.txt,init_rc_map_digittrade,1.116966,0,0
3,run2_initcall.txt,init_rc_map_dm1105_nec,1.122316,0,0
3,run2_initcall.txt,init_rc_map_dntv_live_dvb_t,1.127652,0,0
3,run2_initcall.txt,init_rc_map_dntv_live_dvbt_pro,1.132991,0,0
3,run2_initcall.txt,init_rc_map_dreambox,1.138172,0,0
3,run2_initcall.txt,init_rc_map_dtt200u,1.143505,0,0
3,run2_initcall.txt,init_rc_map_rc5_dvbsky,1.148873,0,0
3,run2_initcall.txt,init_rc_map_dvico_mce,1.154247,0,0
3,run2_initcall.txt,init_rc_map_dvico_portable,1.159581,0,0
3,run2_initcall.txt,init_rc_map_em_terratec,1.165029,0,0
3,run2_initcall.txt,init_rc_map_encore_enltv2,1.170246,0,0
3,run2_initcall.txt,init_rc_map_encore_enltv_fm53,1.175619,0,0
3,run2_initcall.txt,init_rc_map_encore_enltv,1.181054,0,0
3,run2_initcall.txt,init_rc_map_evga_indtube,1.189159,0,0
3,run2_initcall.txt,init_rc_map_eztv,1.200052,0,0
3,run2_initcall.txt,init_rc_map_flydvb,1.205521,0,0
3,run2_initcall.txt,init_rc_map_flyvideo,1.216389,0,0
3,run2_initcall.txt,init_rc_map_fusionhdtv_mce,1.221824,0,0
3,run2_initcall.txt,init_rc_map_gadmei_rm008z,1.232601,0,0
3,run2_initcall.txt,init_rc_map_geekbox,1.237843,0,0
3,run2_initcall.txt,init_rc_map_genius_tvgo_a11mce,1.243216,0,0
3,run2_initcall.txt,init_rc_map_gotview7135,1.24862,0,0
3,run2_initcall.txt,init_rc_map_rc5_hauppauge_new,1.254009,0,0
3,run2_initcall.txt,init_rc_map_hisi_poplar,1.259367,0,0
3,run2_initcall.txt,init_rc_map_hisi_tv_demo,1.264745,0,0
3,run2_initcall.txt,init_rc_map_imon_mce,1.269942,0,0
3,run2_initcall.txt,init_rc_map_imon_pad,1.275274,0,0
3,run2_initcall.txt,init_rc_map_imon_rsc,1.280584,0,0
3,run2_initcall.txt,init_rc_map_iodata_bctv7e,1.285876,0,0
3,run2_initcall.txt,init_rc_it913x_v1_map,1.291174,0,0
3,run2_initcall.txt,init_rc_it913x_v2_map,1.296479,0,0
3,run2_initcall.txt,init_rc_map_kaiomy,1.301617,0,0
3,run2_initcall.txt,init_rc_map_khadas,1.306887,0,0
3,run2_initcall.txt,init_rc_map_khamsin,1.312169,0,0
3,run2_initcall.txt,init_rc_map_kworld_315u,1.317446,0,0
3,run2_initcall.txt,init_rc_map_kworld_pc150u,1.322732,0,0
3,run2_initcall.txt,init_rc_map_kworld_plus_tv_analog,1.328104,0,0
3,run2_initcall.txt,init_rc_map_leadtek_y04g0051,1.333425,0,0
3,run2_initcall.txt,init_rc_lme2510_map,1.33865,0,0
3,run2_initcall.txt,init_rc_map_manli,1.343979,0,0
3,run2_initcall.txt,init_rc_map_mecool_kiii_pro,1.349303,0,0
3,run2_initcall.txt,init_rc_map_mecool_kii_pro,1.354616,0,0
3,run2_initcall.txt,init_rc_map_medion_x10_digitainer,1.359936,0,0
3,run2_initcall.txt,init_rc_map_medion_x10,1.365252,0,0
3,run2_initcall.txt,init_rc_map_medion_x10_or2x,1.370402,0,0
3,run2_initcall.txt,init_rc_map_minix_neo,1.375666,0,0
3,run2_initcall.txt,init_rc_map_msi_digivox_iii,1.380979,0,0
3,run2_initcall.txt,init_rc_map_msi_digivox_ii,1.386274,0,0
3,run2_initcall.txt,init_rc_map_msi_tvanywhere,1.391565,0,0
3,run2_initcall.txt,init_rc_map_msi_tvanywhere_plus,1.396822,0,0
3,run2_initcall.txt,init_rc_map_mygica_utv3,1.401931,0,0
3,run2_initcall.txt,init_rc_map_nebula,1.40724,0,0
3,run2_initcall.txt,init_rc_map_nec_terratec_cinergy_xs,1.412642,0,0
3,run2_initcall.txt,init_rc_map_norwood,1.4179,0,0
3,run2_initcall.txt,init_rc_map_npgtech,1.423162,0,0
3,run2_initcall.txt,init_rc_map_odroid,1.428429,0,0
3,run2_initcall.txt,init_rc_map_pctv_sedna,1.433636,0,0
3,run2_initcall.txt,init_rc_map_pine64,1.43881,0,0
3,run2_initcall.txt,init_rc_map_pinnacle_color,1.444059,0,0
3,run2_initcall.txt,init_rc_map_pinnacle_grey,1.449278,0,0
3,run2_initcall.txt,init_rc_map_pinnacle_pctv_hd,1.454521,0,0
3,run2_initcall.txt,init_rc_map_pixelview,1.459769,0,0
3,run2_initcall.txt,init_rc_map_pixelview,1.464991,0,0
3,run2_initcall.txt,init_rc_map_pixelview_new,1.470097,0,0
3,run2_initcall.txt,init_rc_map_pixelview,1.475339,0,0
3,run2_initcall.txt,init_rc_map_powercolor_real_angel,1.480581,0,0
3,run2_initcall.txt,init_rc_map_proteus_2309,1.485826,0,0
3,run2_initcall.txt,init_rc_map_purpletv,1.491064,0,0
3,run2_initcall.txt,init_rc_map_pv951,1.496316,0,0
3,run2_initcall.txt,init_rc_map_rc6_mce,1.50143,0,0
3,run2_initcall.txt,init_rc_map_real_audio_220_32_keys,1.50673,0,0
3,run2_initcall.txt,init_rc_map_reddo,1.512016,0,0
3,run2_initcall.txt,init_rc_map_siemens_gigaset_rc20,1.517329,0,0
3,run2_initcall.txt,init_rc_map_snapstream_firefly,1.522635,0,0
3,run2_initcall.txt,init_rc_map_streamzap,1.527926,0,0
3,run2_initcall.txt,init_rc_map_su3000,1.533222,0,0
3,run2_initcall.txt,init_rc_map_tanix_tx3mini,1.538361,0,0
3,run2_initcall.txt,init_rc_map_tanix_tx5max,1.543662,0,0
3,run2_initcall.txt,init_rc_map_tbs_nec,1.548971,0,0
3,run2_initcall.txt,init_rc_map,1.554273,0,0
3,run2_initcall.txt,init_rc_map,1.559581,0,0
3,run2_initcall.txt,init_rc_map_terratec_cinergy_c_pci,1.564908,0,0
3,run2_initcall.txt,init_rc_map_terratec_cinergy_s2_hd,1.570066,0,0
3,run2_initcall.txt,init_rc_map_terratec_cinergy_xs,1.575379,0,0
3,run2_initcall.txt,init_rc_map_terratec_slim_2,1.580689,0,0
3,run2_initcall.txt,init_rc_map_terratec_slim,1.586002,0,0
3,run2_initcall.txt,init_rc_map_tevii_nec,1.59131,0,0
3,run2_initcall.txt,init_rc_map_tivo,1.596627,0,0
3,run2_initcall.txt,init_rc_map_total_media_in_hand_02,1.601787,0,0
3,run2_initcall.txt,init_rc_map_total_media_in_hand,1.607106,0,1
3,run2_initcall.txt,init_rc_map_trekstor,1.612404,0,0
3,run2_initcall.txt,init_rc_map_tt_1500,1.617693,0,0
3,run2_initcall.txt,init_rc_map_twinhan_vp1027,1.623026,0,0
3,run2_initcall.txt,init_rc_map_twinhan_dtv_cab_ci,1.628357,0,0
3,run2_initcall.txt,init_rc_map_vega_s9x,1.633621,0,0
3,run2_initcall.txt,init_rc_map_videomate_k100,1.638801,0,0
3,run2_initcall.txt,init_rc_map_videomate_s350,1.644125,0,0
3,run2_initcall.txt,init_rc_map_videomate_tv_pvr,1.649431,0,0
3,run2_initcall.txt,init_rc_map_kii_pro,1.654713,0,0
3,run2_initcall.txt,init_rc_map_wetek_hub,1.660024,0,0
3,run2_initcall.txt,init_rc_map_wetek_play2,1.665328,0,0
3,run2_initcall.txt,init_rc_map_winfast,1.670497,0,0
3,run2_initcall.txt,init_rc_map_winfast_usbii_deluxe,1.675809,0,0
3,run2_initcall.txt,init_rc_map_x96max,1.681136,0,0
3,run2_initcall.txt,init_rc_map,1.686448,0,0
3,run2_initcall.txt,init_rc_map,1.691768,0,0
3,run2_initcall.txt,init_rc_map_zx_irdec,1.697076,0,0
3,run2_initcall.txt,ptp_kvm_init,1.702227,-95,1
3,run2_initcall.txt,gpio_poweroff_driver_init,1.707634,0,98
3,run2_initcall.txt,bcm2711_thermal_driver_init,1.715928,0,2992
3,run2_initcall.txt,bcm2835_thermal_driver_init,1.721338,0,60
3,run2_initcall.txt,bcm2835_wdt_driver_init,1.726691,0,28
3,run2_initcall.txt,dt_cpufreq_platdrv_init,1.732052,0,26
3,run2_initcall.txt,brcm_avs_cpufreq_platdrv_init,1.737308,0,40
3,run2_initcall.txt,raspberrypi_cpufreq_driver_init,1.748901,0,6200
3,run2_initcall.txt,mmc_pwrseq_simple_driver_init,1.754407,0,76
3,run2_initcall.txt,mmc_pwrseq_emmc_driver_init,1.759904,0,38
3,run2_initcall.txt,mmc_blk_init,1.765404,0,37
3,run2_initcall.txt,sdhci_drv_init,1.776161,0,5452
3,run2_initcall.txt,bcm2835_mmc_driver_init,1.784451,0,2805
3,run2_initcall.txt,bcm2835_driver_init,1.790019,0,41
3,run2_initcall.txt,sdhci_pltfm_drv_init,1.798314,0,2755
3,run2_initcall.txt,sdhci_iproc_driver_init,1.803747,0,72
3,run2_initcall.txt,sdhci_brcmstb_driver_init,1.803821,0,60
3,run2_initcall.txt,esrt_sysfs_init,1.803841,-38,1
3,run2_initcall.txt,smccc_devices_init,1.803855,0,1
3,run2_initcall.txt,smccc_soc_init,1.803869,0,1
3,run2_initcall.txt,arch_timer_mmio_drv_init,1.803915,0,36
3,run2_initcall.txt,arch_timer_mmio_acpi_drv_init,1.803947,0,22
3,run2_initcall.txt,hid_init,1.804024,0,68
3,run2_initcall.txt,hid_generic_init,1.804077,0,43
3,run2_initcall.txt,hid_init,1.80415,0,64
3,run2_initcall.txt,vchiq_driver_init,1.876943,0,72781
3,run2_initcall.txt,bcm74110_mbox_driver_init,1.883672,0,110
3,run2_initcall.txt,extcon_class_init,1.889292,0,20
3,run2_initcall.txt,armv8_pmu_driver_init,1.900914,0,6129
3,run2_initcall.txt,binder_init,1.906474,0,55
3,run2_initcall.txt,rpi_otp_driver_init,1.920743,0,8702
3,run2_initcall.txt,sock_diag_init,1.926311,0,24
3,run2_initcall.txt,blackhole_init,1.931838,0,1
3,run2_initcall.txt,cls_bpf_init_mod,1.937203,0,0
3,run2_initcall.txt,gre_offload_init,1.942695,0,0
3,run2_initcall.txt,sysctl_ipv4_init,1.948233,0,69
3,run2_initcall.txt,cubictcp_register,1.953716,0,2
3,run2_initcall.txt,packet_init,1.961953,0,2763
3,run2_initcall.txt,init_rpcsec_gss,1.967361,0,16
3,run2_initcall.txt,init_kerberos_module,1.972823,0,7
3,run2_initcall.txt,dcbnl_init,1.978316,0,3
3,run2_initcall.txt,init_dns_resolver,1.98653,0,2737
3,run2_initcall.txt,handshake_init,1.992098,0,39
3,run2_initcall.txt,check_mmu_enabled_at_boot,1.997631,0,0
3,run2_initcall.txt,finalize_pkvm,2.003025,0,0
3,run2_initcall.txt,kernel_do_mounts_initrd_sysctls_init,2.011482,0,4
3,run2_initcall.txt,kernel_panic_sysctls_init,2.017082,0,12
3,run2_initcall.txt,kernel_panic_sysfs_init,2.022671,0,5
3,run2_initcall.txt,kernel_exit_sysctls_init,2.028271,0,2
3,run2_initcall.txt,kernel_exit_sysfs_init,2.033791,0,2
3,run2_initcall.txt,param_sysfs_builtin_init,2.048682,0,9393
3,run2_initcall.txt,reboot_ksysfs_init,2.054595,0,30
3,run2_initcall.txt,sched_core_sysctl_init,2.060986,0,10
3,run2_initcall.txt,sched_fair_sysctl_init,2.06668,0,2
3,run2_initcall.txt,sched_rt_sysctl_init,2.072223,0,4
3,run2_initcall.txt,sched_dl_sysctl_init,2.077801,0,2
3,run2_initcall.txt,sched_init_debug,2.083469,0,88
3,run2_initcall.txt,cpu_latency_qos_init,2.089204,0,151
3,run2_initcall.txt,printk_late_init,2.09478,0,21
3,run2_initcall.txt,init_srcu_module_notifier,2.100305,0,1
3,run2_initcall.txt,kernel_rcu_stall_sysfs_init,2.105781,0,3
3,run2_initcall.txt,swiotlb_create_default_debugfs,2.111363,0,12
3,run2_initcall.txt,tk_debug_sleep_time_init,2.11695,0,10
3,run2_initcall.txt,bpf_ksym_iter_register,2.122534,0,1
3,run2_initcall.txt,kernel_acct_sysctls_init,2.128074,0,3
3,run2_initcall.txt,bpf_rstat_kfunc_init,2.133569,0,0
3,run2_initcall.txt,debugfs_kprobe_init,2.138972,0,9
3,run2_initcall.txt,kernel_delayacct_sysctls_init,2.144483,0,4
3,run2_initcall.txt,taskstats_init,2.152788,0,2766
3,run2_initcall.txt,bpf_global_ma_init,2.158396,0,112
3,run2_initcall.txt,bpf_syscall_sysctl_init,2.163862,0,6
3,run2_initcall.txt,unbound_reg_init,2.169184,0,0
3,run2_initcall.txt,kfunc_init,2.174639,0,1
3,run2_initcall.txt,bpf_map_iter_init,2.180114,0,1
3,run2_initcall.txt,init_subsystem,2.185589,0,0
3,run2_initcall.txt,task_iter_init,2.191037,0,1
3,run2_initcall.txt,bpf_prog_iter_init,2.196491,0,0
3,run2_initcall.txt,bpf_link_iter_init,2.201783,0,0
3,run2_initcall.txt,init_trampolines,2.207218,0,2
3,run2_initcall.txt,rqspinlock_register_kfuncs,2.212671,0,0
3,run2_initcall.txt,kfunc_init,2.218119,0,0
3,run2_initcall.txt,bpf_cgroup_iter_init,2.22353,0,0
3,run2_initcall.txt,cpumask_kfunc_init,2.228968,0,6
3,run2_initcall.txt,crypto_kfunc_init,2.234295,0,0
3,run2_initcall.txt,bpf_kmem_cache_iter_init,2.239723,0,0
3,run2_initcall.txt,dmabuf_iter_init,2.24518,0,0
3,run2_initcall.txt,load_system_certificate_list,2.253351,0,2718
3,run2_initcall.txt,init_lru_gen,2.258839,0,19
3,run2_initcall.txt,vmstat_late_init,2.264318,0,2
3,run2_initcall.txt,fault_around_debugfs,2.269598,0,15
3,run2_initcall.txt,slab_sysfs_init,2.278907,0,3885
3,run2_initcall.txt,max_swapfiles_check,2.284414,0,0
3,run2_initcall.txt,zswap_init,2.289864,0,0
3,run2_initcall.txt,mempolicy_sysfs_init,2.295323,0,20
3,run2_initcall.txt,memory_tier_late_init,2.306178,0,5488
3,run2_initcall.txt,check_early_ioremap_leak,2.311636,0,0
3,run2_initcall.txt,mg_debugfs_init,2.31712,0,18
3,run2_initcall.txt,fscrypt_init,2.328153,0,5551
3,run2_initcall.txt,pstore_init,2.333568,0,10
3,run2_initcall.txt,init_root_keyring,2.338925,0,33
3,run2_initcall.txt,init_profile_hash,2.344387,0,0
3,run2_initcall.txt,integrity_fs_init,2.349855,0,9
3,run2_initcall.txt,crypto_algapi_init,2.355331,0,9
3,run2_initcall.txt,blk_timeout_init,2.360788,0,0
3,run2_initcall.txt,depot_debugfs_init,2.36624,0,7
3,run2_initcall.txt,pci_resource_alignment_sysfs_init,2.371503,0,5
3,run2_initcall.txt,pci_sysfs_init,2.376933,0,13
3,run2_initcall.txt,clk_debug_init,2.382754,0,409
3,run2_initcall.txt,genpd_debug_init,2.388532,0,348
3,run2_initcall.txt,sync_state_resume_initcall,2.393951,0,0
3,run2_initcall.txt,deferred_probe_initcall,2.515357,0,116002
3,run2_initcall.txt,efi_shutdown_init,2.523846,-19,0
3,run2_initcall.txt,efi_earlycon_unmap_fb,2.529009,0,0
3,run2_initcall.txt,psci_debugfs_init,2.536048,0,0
3,run2_initcall.txt,of_cfs_init,2.546387,0,5177
3,run2_initcall.txt,of_fdt_raw_init,2.551527,0,31
3,run2_initcall.txt,bpf_kfunc_init,2.556657,0,2
3,run2_initcall.txt,init_subsystem,2.561799,0,0
3,run2_initcall.txt,xdp_metadata_init,2.569277,0,0
3,run2_initcall.txt,bpf_sockmap_iter_init,2.577121,0,1
3,run2_initcall.txt,bpf_sk_storage_map_iter_init,2.58231,0,0
3,run2_initcall.txt,bpf_prog_test_run_init,2.587558,0,1
3,run2_initcall.txt,bpf_dummy_struct_ops_init,2.59282,0,0
3,run2_initcall.txt,tcp_congestion_default,2.598082,0,1
3,run2_initcall.txt,inet_blackhole_dev_init,2.603148,0,9
3,run2_initcall.txt,ip_auto_config,2.608375,0,13
3,run2_initcall.txt,tcp_bpf_v4_build_proto,2.613631,0,1
3,run2_initcall.txt,udp_bpf_v4_build_proto,2.618828,0,0
3,run2_initcall.txt,bpf_tcp_ca_kfunc_init,2.624039,0,0
3,run2_initcall.txt,bpf_mptcp_kfunc_init,2.629231,0,0
3,run2_initcall.txt,fb_logo_late_init,2.634314,0,0
3,run2_initcall.txt,amba_stub_drv_init,2.639486,0,26
3,run2_initcall.txt,clk_disable_unused,2.650874,0,6234
3,run2_initcall.txt,genpd_power_off_unused,2.658725,0,2598
3,run2_initcall.txt,regulator_init_complete,2.663973,0,3
3,run2_initcall.txt,of_platform_sync_state_init,2.669104,0,18
4,run3_initcall.txt,of_platform_default_populate_init,0.05065,0,24000
4,run3_initcall.txt,register_mte_tcf_preferred_sysctl,0.050762,0,0
4,run3_initcall.txt,init_fork_sysctl,0.050791,0,0
4,run3_initcall.txt,uid_cache_init,0.050846,0,0
4,run3_initcall.txt,pid_namespace_sysctl_init,0.050873,0,0
4,run3_initcall.txt,param_sysfs_init,0.050899,0,0
4,run3_initcall.txt,user_namespace_sysctl_init,0.050938,0,0
4,run3_initcall.txt,proc_schedstat_init,0.050961,0,0
4,run3_initcall.txt,init_rtmutex_sysctl,0.050977,0,0
4,run3_initcall.txt,pm_sysrq_init,0.051031,0,0
4,run3_initcall.txt,init_rcu_stall_sysctl,0.05105,0,0
4,run3_initcall.txt,init_module_sysctl,0.051066,0,0
4,run3_initcall.txt,create_proc_profile,0.051085,0,0
4,run3_initcall.txt,cgroup_sysfs_init,0.051109,0,0
4,run3_initcall.txt,user_namespaces_init,0.051136,0,0
4,run3_initcall.txt,hung_task_init,0.051248,0,0
4,run3_initcall.txt,dev_map_init,0.051269,0,0
4,run3_initcall.txt,netns_bpf_init,0.051288,0,0
4,run3_initcall.txt,oom_init,0.051423,0,0
4,run3_initcall.txt,init_user_buckets,0.051444,0,0
4,run3_initcall.txt,init_vm_util_sysctls,0.051467,0,0
4,run3_initcall.txt,default_bdi_init,0.051587,0,0
4,run3_initcall.txt,cgwb_init,0.051611,0,0
4,run3_initcall.txt,percpu_enable_async,0.051628,0,0
4,run3_initcall.txt,kcompactd_init,0.051745,0,0
4,run3_initcall.txt,init_mm_sysctl,0.051765,0,0
4,run3_initcall.txt,init_user_reserve,0.051782,0,0
4,run3_initcall.txt,init_admin_reserve,0.051797,0,0
4,run3_initcall.txt,init_reserve_notifier,0.051812,0,0
4,run3_initcall.txt,swap_init,0.051832,0,0
4,run3_initcall.txt,swapfile_init,0.051852,0,0
4,run3_initcall.txt,memory_tier_init,0.051897,0,0
4,run3_initcall.txt,numa_init_sysfs,0.051916,0,0
4,run3_initcall.txt,mem_cgroup_swap_init,0.051934,0,0
4,run3_initcall.txt,init_msg_buckets,0.05195,0,0
4,run3_initcall.txt,init_bio,0.051997,0,0
4,run3_initcall.txt,blk_ioc_init,0.052017,0,0
4,run3_initcall.txt,blk_mq_init,0.052034,0,0
4,run3_initcall.txt,genhd_device_init,0.052133,0,0
4,run3_initcall.txt,blkcg_punt_bio_init,0.05225,0,4000
4,run3_initcall.txt,blk_integrity_auto_init,0.05233,0,0
4,run3_initcall.txt,io_wq_init,0.05235,0,0
4,run3_initcall.txt,crc_t10dif_mod_init,0.052375,0,0
4,run3_initcall.txt,sha256_mod_init,0.052395,0,0
4,run3_initcall.txt,sha512_mod_init,0.052412,0,0
4,run3_initcall.txt,sg_pool_init,0.052444,0,0
4,run3_initcall.txt,gpiolib_debugfs_init,0.052469,0,0
4,run3_initcall.txt,stmpe_gpio_init,0.052571,0,0
4,run3_initcall.txt,pwm_init,0.052597,0,0
4,run3_initcall.txt,leds_init,0.052629,0,0
4,run3_initcall.txt,pci_slot_init,0.052651,0,0
4,run3_initcall.txt,fbmem_init,0.052711,0,0
4,run3_initcall.txt,bcm2835_dma_init,0.053424,0,0
4,run3_initcall.txt,regulator_fixed_voltage_init,0.053504,0,0
4,run3_initcall.txt,gpio_regulator_init,0.053566,0,0
4,run3_initcall.txt,init_sysrq_sysctl,0.053595,0,0
4,run3_initcall.txt,misc_init,0.053621,0,0
4,run3_initcall.txt,iommu_subsys_init,0.053654,0,0
4,run3_initcall.txt,register_cpu_capacity_sysctl,0.05403,0,0
4,run3_initcall.txt,dma_buf_init,0.054098,0,0
4,run3_initcall.txt,dma_heap_init,0.054127,0,0
4,run3_initcall.txt,init_scsi,0.05423,0,0
4,run3_initcall.txt,mdio_bus_init,0.054264,0,0
4,run3_initcall.txt,phy_init,0.054309,0,0
4,run3_initcall.txt,usb_common_init,0.05433,0,0
4,run3_initcall.txt,usb_init,0.054439,0,0
4,run3_initcall.txt,usb_phy_generic_init,0.054591,0,0
4,run3_initcall.txt,usb_udc_init,0.054623,0,0
4,run3_initcall.txt,usb_roles_init,0.054643,0,0
4,run3_initcall.txt,input_init,0.054668,0,0
4,run3_initcall.txt,rtc_init,0.054685,0,0
4,run3_initcall.txt,rc_core_init,0.054714,0,0
4,run3_initcall.txt,pps_init,0.054748,0,0
4,run3_initcall.txt,ptp_init,0.054772,0,0
4,run3_initcall.txt,power_supply_class_init,0.054805,0,0
4,run3_initcall.txt,hwmon_init,0.054827,0,0
4,run3_initcall.txt,mmc_init,0.054867,0,0
4,run3_initcall.txt,dmi_init,0.054885,0,0
4,run3_initcall.txt,efisubsys_init,0.054904,0,0
4,run3_initcall.txt,arm_pmu_hp_init,0.054923,0,0
4,run3_initcall.txt,ras_init,0.054946,0,0
4,run3_initcall.txt,nvmem_init,0.055043,0,0
4,run3_initcall.txt,init_soundcore,0.055066,0,0
4,run3_initcall.txt,proto_init,0.055085,0,0
4,run3_initcall.txt,net_dev_init,0.05531,0,0
4,run3_initcall.txt,neigh_init,0.05533,0,0
4,run3_initcall.txt,fib_notifier_init,0.055347,0,0
4,run3_initcall.txt,netdev_genl_init,0.055385,0,0
4,run3_initcall.txt,page_pool_user_init,0.055404,0,0
4,run3_initcall.txt,fib_rules_init,0.055425,0,0
4,run3_initcall.txt,init_cgroup_netprio,0.055441,0,0
4,run3_initcall.txt,bpf_lwt_init,0.055456,0,0
4,run3_initcall.txt,pktsched_init,0.055478,0,0
4,run3_initcall.txt,tc_filter_init,0.055512,0,0
4,run3_initcall.txt,tc_action_init,0.05553,0,0
4,run3_initcall.txt,ethnl_init,0.055602,0,0
4,run3_initcall.txt,nexthop_init,0.055625,0,0
4,run3_initcall.txt,devlink_init,0.055704,0,0
4,run3_initcall.txt,wireless_nlevent_init,0.055724,0,0
4,run3_initcall.txt,vsprintf_init_hashval,0.055744,0,0
4,run3_initcall.txt,init_32bit_el0_mask,0.055762,0,0
4,run3_initcall.txt,vga_arb_device_init,0.055902,0,0
4,run3_initcall.txt,watchdog_init,0.05603,0,0
4,run3_initcall.txt,create_debug_debugfs_entry,0.056143,0,0
4,run3_initcall.txt,iomem_init_inode,0.056192,0,0
4,run3_initcall.txt,clocksource_done_booting,0.05626,0,12
4,run3_initcall.txt,bpf_init,0.056283,0,5
4,run3_initcall.txt,secretmem_init,0.056315,0,15
4,run3_initcall.txt,init_fs_stat_sysctls,0.056345,0,11
4,run3_initcall.txt,init_fs_exec_sysctls,0.056364,0,2
4,run3_initcall.txt,init_pipe_fs,0.056393,0,11
4,run3_initcall.txt,init_fs_namei_sysctls,0.056414,0,2
4,run3_initcall.txt,init_fs_dcache_sysctls,0.056439,0,7
4,run3_initcall.txt,init_fs_namespace_sysctls,0.056458,0,1
4,run3_initcall.txt,cgroup_writeback_init,0.056481,0,4
4,run3_initcall.txt,inotify_user_setup,0.056514,0,14
4,run3_initcall.txt,eventpoll_init,0.056548,0,15
4,run3_initcall.txt,anon_inode_init,0.056576,0,9
4,run3_initcall.txt,proc_locks_init,0.056598,0,3
4,run3_initcall.txt,backing_aio_init,0.056619,0,2
4,run3_initcall.txt,init_fs_coredump_sysctls,0.056642,0,6
4,run3_initcall.txt,init_vm_drop_caches_sysctls,0.056661,0,4
4,run3_initcall.txt,iomap_dio_init,0.056697,0,22
4,run3_initcall.txt,iomap_ioend_init,0.056742,0,31
4,run3_initcall.txt,dquot_init,0.056848,0,91
4,run3_initcall.txt,proc_cmdline_init,0.056866,0,2
4,run3_initcall.txt,proc_consoles_init,0.056882,0,1
4,run3_initcall.txt,proc_cpuinfo_init,0.056898,0,2
4,run3_initcall.txt,proc_devices_init,0.056912,0,1
4,run3_initcall.txt,proc_interrupts_init,0.056927,0,1
4,run3_initcall.txt,proc_loadavg_init,0.056942,0,1
4,run3_initcall.txt,proc_meminfo_init,0.056956,0,0
4,run3_initcall.txt,proc_stat_init,0.056971,0,1
4,run3_initcall.txt,proc_uptime_init,0.056986,0,1
4,run3_initcall.txt,proc_version_init,0.057001,0,1
4,run3_initcall.txt,proc_softirqs_init,0.057016,0,1
4,run3_initcall.txt,proc_kmsg_init,0.057031,0,1
4,run3_initcall.txt,proc_page_init,0.057047,0,2
4,run3_initcall.txt,init_ramfs_fs,0.057062,0,1
4,run3_initcall.txt,aa_create_aafs,0.057078,0,0
4,run3_initcall.txt,chr_dev_init,0.059949,0,2852
4,run3_initcall.txt,hwrng_modinit,0.060037,0,46
4,run3_initcall.txt,firmware_class_init,0.060057,0,1
4,run3_initcall.txt,sysctl_core_init,0.060103,0,28
4,run3_initcall.txt,eth_offload_init,0.06012,0,0
4,run3_initcall.txt,ipv4_offload_init,0.060137,0,1
4,run3_initcall.txt,inet_init,0.064049,0,3895
4,run3_initcall.txt,af_unix_init,0.064116,0,33
4,run3_initcall.txt,ipv6_offload_init,0.064137,0,1
4,run3_initcall.txt,init_sunrpc,0.064553,0,389
4,run3_initcall.txt,vlan_offload_init,0.064573,0,0
4,run3_initcall.txt,pci_apply_final_quirks,0.064605,0,13
4,run3_initcall.txt,populate_rootfs,0.064633,0,7
4,run3_initcall.txt,register_arm64_panic_block,0.06475,0,1
4,run3_initcall.txt,cpuinfo_regs_init,0.064868,0,104
4,run3_initcall.txt,aarch32_el0_sysfs_init,0.064891,0,0
4,run3_initcall.txt,kvm_arm_init,0.068436,0,3527
4,run3_initcall.txt,proc_execdomains_init,0.068479,0,4
4,run3_initcall.txt,register_warn_debugfs,0.068501,0,4
4,run3_initcall.txt,cpuhp_sysfs_init,0.068549,0,30
4,run3_initcall.txt,ioresources_init,0.068571,0,4
4,run3_initcall.txt,psi_proc_init,0.068588,0,0
4,run3_initcall.txt,irq_gc_init_ops,0.068602,0,0
4,run3_initcall.txt,irq_debugfs_init,0.068704,0,77
4,run3_initcall.txt,proc_modules_init,0.068722,0,2
4,run3_initcall.txt,timer_sysctl_init,0.068745,0,7
4,run3_initcall.txt,timekeeping_init_ops,0.068761,0,0
4,run3_initcall.txt,init_clocksource_sysfs,0.068834,0,57
4,run3_initcall.txt,init_timer_list_procfs,0.068855,0,1
4,run3_initcall.txt,alarmtimer_init,0.068928,0,57
4,run3_initcall.txt,clockevents_init_sysfs,0.069057,0,113
4,run3_initcall.txt,sched_clock_syscore_init,0.069077,0,0
4,run3_initcall.txt,kallsyms_init,0.069096,0,1
4,run3_initcall.txt,pid_namespaces_init,0.069137,0,24
4,run3_initcall.txt,audit_watch_init,0.069155,0,0
4,run3_initcall.txt,audit_fsnotify_init,0.069171,0,0
4,run3_initcall.txt,audit_tree_init,0.06919,0,2
4,run3_initcall.txt,seccomp_sysctl_init,0.069214,0,6
4,run3_initcall.txt,utsname_sysctl_init,0.069239,0,7
4,run3_initcall.txt,init_lstats_procfs,0.06926,0,3
4,run3_initcall.txt,perf_event_sysfs_init,0.069332,0,53
4,run3_initcall.txt,system_trusted_keyring_init,0.069366,0,14
4,run3_initcall.txt,kswapd_init,0.069592,0,207
4,run3_initcall.txt,extfrag_debug_init,0.069621,0,8
4,run3_initcall.txt,mm_compute_batch_init,0.069638,0,1
4,run3_initcall.txt,slab_proc_init,0.069655,0,2
4,run3_initcall.txt,workingset_init,0.069677,0,8
4,run3_initcall.txt,proc_vmalloc_init,0.069692,0,1
4,run3_initcall.txt,memblock_init_debugfs,0.069713,0,6
4,run3_initcall.txt,slab_debugfs_init,0.069733,0,4
4,run3_initcall.txt,procswaps_init,0.06975,0,1
4,run3_initcall.txt,zs_init,0.069766,0,0
4,run3_initcall.txt,fcntl_init,0.069784,0,2
4,run3_initcall.txt,proc_filesystems_init,0.069805,0,3
4,run3_initcall.txt,start_dirtytime_writeback,0.069828,0,4
4,run3_initcall.txt,dio_init,0.069847,0,1
4,run3_initcall.txt,dnotify_init,0.069879,0,14
4,run3_initcall.txt,fanotify_user_setup,0.069908,0,10
4,run3_initcall.txt,aio_setup,0.069966,0,39
4,run3_initcall.txt,mbcache_init,0.06999,0,5
4,run3_initcall.txt,init_grace,0.07001,0,3
4,run3_initcall.txt,init_devpts_fs,0.070035,0,10
4,run3_initcall.txt,ext4_init_fs,0.070132,0,82
4,run3_initcall.txt,journal_init,0.070164,0,15
4,run3_initcall.txt,init_fat_fs,0.070184,0,5
4,run3_initcall.txt,init_vfat_fs,0.070199,0,0
4,run3_initcall.txt,init_msdos_fs,0.070213,0,0
4,run3_initcall.txt,init_nfs_fs,0.070364,0,136
4,run3_initcall.txt,init_nfs_v2,0.070384,0,0
4,run3_initcall.txt,init_nfs_v3,0.070398,0,0
4,run3_initcall.txt,init_nfs_v4,0.070442,0,29
4,run3_initcall.txt,nfs4filelayout_init,0.070464,0,6
4,run3_initcall.txt,nfs4flexfilelayout_init,0.070484,0,6
4,run3_initcall.txt,init_nlm,0.070527,0,28
4,run3_initcall.txt,init_nls_cp437,0.070543,0,0
4,run3_initcall.txt,init_nls_ascii,0.070557,0,0
4,run3_initcall.txt,init_autofs_fs,0.070653,0,80
4,run3_initcall.txt,init_f2fs_fs,0.070797,0,127
4,run3_initcall.txt,ipc_init,0.070828,0,14
4,run3_initcall.txt,ipc_sysctl_init,0.070864,0,20
4,run3_initcall.txt,init_mqueue_fs,0.070921,0,40
4,run3_initcall.txt,key_proc_init,0.070943,0,4
4,run3_initcall.txt,bpf_crypto_skcipher_init,0.070959,0,0
4,run3_initcall.txt,dh_init,0.070979,0,2
4,run3_initcall.txt,rsa_init,0.070997,0,1
4,run3_initcall.txt,cryptomgr_init,0.071014,0,0
4,run3_initcall.txt,hmac_module_init,0.07103,0,1
4,run3_initcall.txt,crypto_sha256_mod_init,0.071051,0,4
4,run3_initcall.txt,crypto_ecb_module_init,0.071067,0,0
4,run3_initcall.txt,crypto_cbc_module_init,0.071083,0,0
4,run3_initcall.txt,crypto_cts_module_init,0.071098,0,0
4,run3_initcall.txt,xts_module_init,0.071114,0,0
4,run3_initcall.txt,des_generic_mod_init,0.071133,0,1
4,run3_initcall.txt,aes_init,0.071149,0,0
4,run3_initcall.txt,lzo_mod_init,0.071165,0,1
4,run3_initcall.txt,lzorle_mod_init,0.071181,0,0
4,run3_initcall.txt,asymmetric_key_init,0.071202,0,5
4,run3_initcall.txt,x509_key_init,0.071223,0,5
4,run3_initcall.txt,crypto_kdf108_init,0.071239,0,0
4,run3_initcall.txt,blkdev_init,0.071267,0,12
4,run3_initcall.txt,proc_genhd_init,0.071287,0,2
4,run3_initcall.txt,bsg_init,0.071319,0,15
4,run3_initcall.txt,throtl_init,0.071404,0,68
4,run3_initcall.txt,deadline_init,0.071429,0,5
4,run3_initcall.txt,kyber_init,0.07145,0,5
4,run3_initcall.txt,bfq_init,0.071484,0,18
4,run3_initcall.txt,io_uring_init,0.071525,0,24
4,run3_initcall.txt,btree_module_init,0.071547,0,2
4,run3_initcall.txt,percpu_counter_startup,0.071611,0,46
4,run3_initcall.txt,audit_classes_init,0.071636,0,4
4,run3_initcall.txt,gicv5_iwb_platform_driver_init,0.07174,0,86
4,run3_initcall.txt,mip_msi_driver_init,0.071793,0,33
4,run3_initcall.txt,bcm7038_l1_driver_init,0.071846,0,34
4,run3_initcall.txt,bcm7120_l2_driver_init,0.071903,0,37
4,run3_initcall.txt,brcmstb_l2_driver_init,0.072188,0,266
4,run3_initcall.txt,simple_pm_bus_driver_init,0.072867,0,655
4,run3_initcall.txt,phy_core_init,0.072903,0,14
4,run3_initcall.txt,brcm_usb_driver_init,0.072989,0,66
4,run3_initcall.txt,rp1_pinctrl_driver_init,0.07304,0,32
4,run3_initcall.txt,bcm2835_pinctrl_driver_init,0.073897,0,837
4,run3_initcall.txt,bcm2712_pinctrl_driver_init,0.073983,0,54
4,run3_initcall.txt,brcmvirt_gpio_driver_init,0.07404,0,36
4,run3_initcall.txt,brcmstb_gpio_driver_init,0.074093,0,33
4,run3_initcall.txt,rpi_exp_gpio_driver_init,0.074489,0,376
4,run3_initcall.txt,brcmstb_pwm_driver_init,0.074546,0,35
4,run3_initcall.txt,rp1_pwm_driver_init,0.074599,0,33
4,run3_initcall.txt,gpio_led_driver_init,0.076391,0,1772
4,run3_initcall.txt,led_pwm_driver_init,0.076463,0,47
4,run3_initcall.txt,timer_led_trigger_init,0.076484,0,1
4,run3_initcall.txt,oneshot_led_trigger_init,0.076505,0,0
4,run3_initcall.txt,heartbeat_trig_init,0.076526,0,3
4,run3_initcall.txt,bl_led_trigger_init,0.076545,0,0
4,run3_initcall.txt,ledtrig_cpu_init,0.076622,0,59
4,run3_initcall.txt,defon_led_trigger_init,0.076671,0,31
4,run3_initcall.txt,input_trig_init,0.076687,0,1
4,run3_initcall.txt,ledtrig_panic_init,0.076702,0,1
4,run3_initcall.txt,actpwr_trig_init,0.076891,0,175
4,run3_initcall.txt,pcie_portdrv_init,0.076966,0,57
4,run3_initcall.txt,pci_proc_init,0.076995,0,15
4,run3_initcall.txt,brcm_pcie_driver_init,0.189158,0,112148
4,run3_initcall.txt,bcm2708_fb_init,0.189246,0,59
4,run3_initcall.txt,simplefb_driver_init,0.215331,0,26070
4,run3_initcall.txt,of_fixed_factor_clk_driver_init,0.215418,0,37
4,run3_initcall.txt,of_fixed_clk_driver_init,0.215496,0,32
4,run3_initcall.txt,gpio_clk_driver_init,0.21558,0,40
4,run3_initcall.txt,gated_fixed_clk_driver_init,0.215657,0,33
4,run3_initcall.txt,rp1_clk_driver_init,0.215735,0,33
4,run3_initcall.txt,rp1_sdio_clk_driver_init,0.215811,0,33
4,run3_initcall.txt,clk_dvp_driver_init,0.216001,0,143
4,run3_initcall.txt,bcm2835_aux_clk_driver_init,0.216111,0,62
4,run3_initcall.txt,raspberrypi_clk_driver_init,0.231524,0,15363
4,run3_initcall.txt,dw_driver_init,0.231618,0,46
4,run3_initcall.txt,bcm2835_power_driver_init,0.231688,0,23
4,run3_initcall.txt,rpi_power_driver_init,0.233049,0,1315
4,run3_initcall.txt,brcmstb_reset_driver_init,0.233138,0,39
4,run3_initcall.txt,brcm_rescal_reset_driver_init,0.233226,0,39
4,run3_initcall.txt,rpi_reset_driver_init,0.233388,0,110
4,run3_initcall.txt,reset_simple_driver_init,0.233512,0,76
4,run3_initcall.txt,n_null_init,0.233559,0,0
4,run3_initcall.txt,pty_init,0.233688,0,87
4,run3_initcall.txt,sysrq_init,0.233747,0,15
4,run3_initcall.txt,serial8250_init,0.233791,-19,0
4,run3_initcall.txt,bcm2835aux_serial_driver_init,0.233879,0,40
4,run3_initcall.txt,brcmuart_init,0.233983,0,55
4,run3_initcall.txt,exar_pci_driver_init,0.234057,0,27
4,run3_initcall.txt,of_platform_serial_driver_init,0.234194,0,88
4,run3_initcall.txt,serial_pci_driver_init,0.234274,0,31
4,run3_initcall.txt,pericom8250_pci_driver_init,0.234346,0,22
4,run3_initcall.txt,init_kgdboc,0.234489,0,97
4,run3_initcall.txt,random_sysctls_init,0.234549,0,14
4,run3_initcall.txt,ttyprintk_init,0.234651,0,55
4,run3_initcall.txt,bcm2835_rng_driver_init,0.234754,0,54
4,run3_initcall.txt,bcm74110_rng_driver_init,0.234841,0,36
4,run3_initcall.txt,iproc_rng200_driver_init,0.235158,0,266
4,run3_initcall.txt,smccc_trng_driver_init,0.235234,0,24
4,run3_initcall.txt,vc_mem_init,0.235406,0,127
4,run3_initcall.txt,vcio_driver_init,0.238371,0,2915
4,run3_initcall.txt,bcm2712_iommu_driver_init,0.243522,0,44
4,run3_initcall.txt,bcm2712_iommu_cache_driver_init,0.24862,0,42
4,run3_initcall.txt,topology_sysfs_init,0.25378,0,60
4,run3_initcall.txt,cacheinfo_sysfs_init,0.259238,0,250
4,run3_initcall.txt,devcoredump_init,0.264465,0,14
4,run3_initcall.txt,brd_init,0.276038,0,6352
4,run3_initcall.txt,loop_init,0.286405,0,5139
4,run3_initcall.txt,bcm2835_pm_driver_init,0.294409,0,2773
4,run3_initcall.txt,stmpe_i2c_driver_init,0.299626,0,14
4,run3_initcall.txt,stmpe_spi_driver_init,0.304841,0,12
4,run3_initcall.txt,rp1_driver_init,0.310089,0,26
4,run3_initcall.txt,system_heap_create,0.315306,0,100
4,run3_initcall.txt,add_default_cma_heap,0.320543,0,87
4,run3_initcall.txt,udmabuf_dev_init,0.325804,0,48
4,run3_initcall.txt,iscsi_transport_init,0.33383,0,2828
4,run3_initcall.txt,init_sd,0.339027,0,24
4,run3_initcall.txt,nvme_core_init,0.344458,0,274
4,run3_initcall.txt,nvme_init,0.349538,0,29
4,run3_initcall.txt,blackhole_netdev_init,0.354739,0,17
4,run3_initcall.txt,netkit_init,0.359932,0,5
4,run3_initcall.txt,phylink_init,0.365122,0,0
4,run3_initcall.txt,phy_module_init,0.370458,0,171
4,run3_initcall.txt,phy_module_init,0.375779,0,173
4,run3_initcall.txt,fixed_mdio_bus_init,0.381093,0,154
4,run3_initcall.txt,phy_module_init,0.386258,0,163
4,run3_initcall.txt,phy_module_init,0.391506,0,21
4,run3_initcall.txt,phy_module_init,0.39686,0,65
4,run3_initcall.txt,unimac_mdio_driver_init,0.402287,0,137
4,run3_initcall.txt,macb_driver_init,0.407709,0,108
4,run3_initcall.txt,bcmgenet_driver_init,0.619495,0,206393
4,run3_initcall.txt,bcmasp_driver_init,0.625166,0,87
4,run3_initcall.txt,lan78xx_driver_init,0.633615,0,2851
4,run3_initcall.txt,smsc95xx_driver_init,0.642139,0,2860
4,run3_initcall.txt,usbnet_init,0.647808,0,0
4,run3_initcall.txt,xhci_hcd_init,0.653339,0,12
4,run3_initcall.txt,xhci_pci_init,0.828947,0,169938
4,run3_initcall.txt,xhci_plat_init,0.834634,0,127
4,run3_initcall.txt,dwc_otg_driver_init,0.850956,0,10825
4,run3_initcall.txt,dwc_common_port_init_module,0.85925,0,2817
4,run3_initcall.txt,dwc3_driver_init,0.864813,0,61
4,run3_initcall.txt,dwc3_haps_driver_init,0.870319,0,31
4,run3_initcall.txt,dwc3_of_simple_driver_init,0.875824,0,58
4,run3_initcall.txt,dwc3_generic_driver_init,0.8813,0,39
4,run3_initcall.txt,dwc2_platform_driver_init,0.886727,0,140
4,run3_initcall.txt,uas_init,0.894998,0,2825
4,run3_initcall.txt,usb_storage_driver_init,0.903191,0,2741
4,run3_initcall.txt,brcmstb_usb_pinmap_init,0.908708,-19,80
4,run3_initcall.txt,bdc_driver_init,0.914208,0,45
4,run3_initcall.txt,input_leds_init,0.919527,0,1
4,run3_initcall.txt,mousedev_init,0.928554,0,2996
4,run3_initcall.txt,evdev_init,0.934041,0,0
4,run3_initcall.txt,brcmstb_waketmr_driver_init,0.939647,0,80
4,run3_initcall.txt,rpi_rtc_driver_init,0.945157,0,42
4,run3_initcall.txt,init_rc_map_adstech_dvb_t_pci,0.950443,0,0
4,run3_initcall.txt,init_rc_map_alink_dtu_m,0.955912,0,0
4,run3_initcall.txt,init_rc_map_anysee,0.961375,0,0
4,run3_initcall.txt,init_rc_map_apac_viewcomp,0.966836,0,0
4,run3_initcall.txt,init_rc_map_t2hybrid,0.97227,0,0
4,run3_initcall.txt,init_rc_map_asus_pc39,0.97771,0,0
4,run3_initcall.txt,init_rc_map_asus_ps3_100,0.982989,0,0
4,run3_initcall.txt,init_rc_map_ati_tv_wonder_hd_600,0.988426,0,0
4,run3_initcall.txt,init_rc_map_ati_x10,0.993836,0,0
4,run3_initcall.txt,init_rc_map_avermedia_a16d,0.999245,0,0
4,run3_initcall.txt,init_rc_map_avermedia_cardbus,1.004653,0,0
4,run3_initcall.txt,init_rc_map_avermedia_dvbt,1.010067,0,0
4,run3_initcall.txt,init_rc_map_avermedia_m135a,1.015353,0,0
4,run3_initcall.txt,init_rc_map_avermedia_m733a_rm_k6,1.020696,0,0
4,run3_initcall.txt,init_rc_map_avermedia,1.026081,0,0
4,run3_initcall.txt,init_rc_map_avermedia_rm_ks,1.031465,0,0
4,run3_initcall.txt,init_rc_map_avertv_303,1.036859,0,0
4,run3_initcall.txt,init_rc_map_azurewave_ad_tu700,1.042242,0,0
4,run3_initcall.txt,init_rc_map_beelink_gs1,1.047637,0,0
4,run3_initcall.txt,init_rc_map_beelink_mxiii,1.055546,0,0
4,run3_initcall.txt,init_rc_map_behold_columbus,1.060941,0,0
4,run3_initcall.txt,init_rc_map_behold,1.066316,0,0
4,run3_initcall.txt,init_rc_map_budget_ci_old,1.071689,0,0
4,run3_initcall.txt,init_rc_map_cinergy_1400,1.077037,0,0
4,run3_initcall.txt,init_rc_map_cinergy,1.082236,0,0
4,run3_initcall.txt,init_rc_map_ct_90405,1.087545,0,0
4,run3_initcall.txt,init_rc_map_d680_dmb,1.092861,0,0
4,run3_initcall.txt,init_rc_map_delock_61959,1.09816,0,0
4,run3_initcall.txt,init_rc_map,1.103457,0,0
4,run3_initcall.txt,init_rc_map,1.108764,0,0
4,run3_initcall.txt,init_rc_map_digitalnow_tinytwin,1.114095,0,0
4,run3_initcall.txt,init_rc_map_digittrade,1.119286,0,0
4,run3_initcall.txt,init_rc_map_dm1105_nec,1.124611,0,0
4,run3_initcall.txt,init_rc_map_dntv_live_dvb_t,1.129922,0,0
4,run3_initcall.txt,init_rc_map_dntv_live_dvbt_pro,1.135219,0,0
4,run3_initcall.txt,init_rc_map_dreambox,1.140528,0,0
4,run3_initcall.txt,init_rc_map_dtt200u,1.145869,0,0
4,run3_initcall.txt,init_rc_map_rc5_dvbsky,1.151041,0,0
4,run3_initcall.txt,init_rc_map_dvico_mce,1.156384,0,0
4,run3_initcall.txt,init_rc_map_dvico_portable,1.161689,0,0
4,run3_initcall.txt,init_rc_map_em_terratec,1.167157,0,0
4,run3_initcall.txt,init_rc_map_encore_enltv2,1.172515,0,0
4,run3_initcall.txt,init_rc_map_encore_enltv_fm53,1.177924,0,0
4,run3_initcall.txt,init_rc_map_encore_enltv,1.183124,0,0
4,run3_initcall.txt,init_rc_map_evga_indtube,1.188502,0,0
4,run3_initcall.txt,init_rc_map_eztv,1.196584,0,0
4,run3_initcall.txt,init_rc_map_flydvb,1.207413,0,0
4,run3_initcall.txt,init_rc_map_flyvideo,1.212866,0,0
4,run3_initcall.txt,init_rc_map_fusionhdtv_mce,1.223446,0,0
4,run3_initcall.txt,init_rc_map_gadmei_rm008z,1.228847,0,0
4,run3_initcall.txt,init_rc_map_geekbox,1.239584,0,0
4,run3_initcall.txt,init_rc_map_genius_tvgo_a11mce,1.244962,0,0
4,run3_initcall.txt,init_rc_map_gotview7135,1.250174,0,0
4,run3_initcall.txt,init_rc_map_rc5_hauppauge_new,1.255543,0,0
4,run3_initcall.txt,init_rc_map_hisi_poplar,1.260894,0,0
4,run3_initcall.txt,init_rc_map_hisi_tv_demo,1.266225,0,0
4,run3_initcall.txt,init_rc_map_imon_mce,1.271555,0,0
4,run3_initcall.txt,init_rc_map_imon_pad,1.276893,0,0
4,run3_initcall.txt,init_rc_map_imon_rsc,1.282074,0,0
4,run3_initcall.txt,init_rc_map_iodata_bctv7e,1.28731,0,0
4,run3_initcall.txt,init_rc_it913x_v1_map,1.292595,0,0
4,run3_initcall.txt,init_rc_it913x_v2_map,1.297885,0,0
4,run3_initcall.txt,init_rc_map_kaiomy,1.303164,0,0
4,run3_initcall.txt,init_rc_map_khadas,1.308445,0,0
4,run3_initcall.txt,init_rc_map_khamsin,1.313707,0,0
4,run3_initcall.txt,init_rc_map_kworld_315u,1.318815,0,0
4,run3_initcall.txt,init_rc_map_kworld_pc150u,1.324066,0,0
4,run3_initcall.txt,init_rc_map_kworld_plus_tv_analog,1.329339,0,0
4,run3_initcall.txt,init_rc_map_leadtek_y04g0051,1.334675,0,0
4,run3_initcall.txt,init_rc_lme2510_map,1.340038,0,0
4,run3_initcall.txt,init_rc_map_manli,1.345375,0,0
4,run3_initcall.txt,init_rc_map_mecool_kiii_pro,1.350532,0,0
4,run3_initcall.txt,init_rc_map_mecool_kii_pro,1.355848,0,0
4,run3_initcall.txt,init_rc_map_medion_x10_digitainer,1.361155,0,0
4,run3_initcall.txt,init_rc_map_medion_x10,1.366453,0,0
4,run3_initcall.txt,init_rc_map_medion_x10_or2x,1.371737,0,0
4,run3_initcall.txt,init_rc_map_minix_neo,1.377024,0,0
4,run3_initcall.txt,init_rc_map_msi_digivox_iii,1.38219,0,0
4,run3_initcall.txt,init_rc_map_msi_digivox_ii,1.387453,0,0
4,run3_initcall.txt,init_rc_map_msi_tvanywhere,1.392732,0,0
4,run3_initcall.txt,init_rc_map_msi_tvanywhere_plus,1.397987,0,0
4,run3_initcall.txt,init_rc_map_mygica_utv3,1.403244,0,0
4,run3_initcall.txt,init_rc_map_nebula,1.408672,0,0
4,run3_initcall.txt,init_rc_map_nec_terratec_cinergy_xs,1.413911,0,0
4,run3_initcall.txt,init_rc_map_norwood,1.419032,0,0
4,run3_initcall.txt,init_rc_map_npgtech,1.42432,0,0
4,run3_initcall.txt,init_rc_map_odroid,1.429574,0,0
4,run3_initcall.txt,init_rc_map_pctv_sedna,1.434823,0,0
4,run3_initcall.txt,init_rc_map_pine64,1.440086,0,0
4,run3_initcall.txt,init_rc_map_pinnacle_color,1.44534,0,0
4,run3_initcall.txt,init_rc_map_pinnacle_grey,1.450409,0,0
4,run3_initcall.txt,init_rc_map_pinnacle_pctv_hd,1.455632,0,0
4,run3_initcall.txt,init_rc_map_pixelview,1.460853,0,0
4,run3_initcall.txt,init_rc_map_pixelview,1.466065,0,0
4,run3_initcall.txt,init_rc_map_pixelview_new,1.471287,0,0
4,run3_initcall.txt,init_rc_map_pixelview,1.476498,0,0
4,run3_initcall.txt,init_rc_map_powercolor_real_angel,1.48166,0,0
4,run3_initcall.txt,init_rc_map_proteus_2309,1.486784,0,0
4,run3_initcall.txt,init_rc_map_purpletv,1.492009,0,0
4,run3_initcall.txt,init_rc_map_pv951,1.497232,0,0
4,run3_initcall.txt,init_rc_map_rc6_mce,1.502462,0,0
4,run3_initcall.txt,init_rc_map_real_audio_220_32_keys,1.507715,0,0
4,run3_initcall.txt,init_rc_map_reddo,1.51298,0,0
4,run3_initcall.txt,init_rc_map_siemens_gigaset_rc20,1.518098,0,0
4,run3_initcall.txt,init_rc_map_snapstream_firefly,1.523368,0,0
4,run3_initcall.txt,init_rc_map_streamzap,1.528669,0,0
4,run3_initcall.txt,init_rc_map_su3000,1.533976,0,0
4,run3_initcall.txt,init_rc_map_tanix_tx3mini,1.539256,0,0
4,run3_initcall.txt,init_rc_map_tanix_tx5max,1.544545,0,0
4,run3_initcall.txt,init_rc_map_tbs_nec,1.549656,0,0
4,run3_initcall.txt,init_rc_map,1.554951,0,0
4,run3_initcall.txt,init_rc_map,1.560233,0,0
4,run3_initcall.txt,init_rc_map_terratec_cinergy_c_pci,1.565518,0,0
4,run3_initcall.txt,init_rc_map_terratec_cinergy_s2_hd,1.570812,0,0
4,run3_initcall.txt,init_rc_map_terratec_cinergy_xs,1.576075,0,0
4,run3_initcall.txt,init_rc_map_terratec_slim_2,1.581346,0,0
4,run3_initcall.txt,init_rc_map_terratec_slim,1.586488,0,0
4,run3_initcall.txt,init_rc_map_tevii_nec,1.591779,0,0
4,run3_initcall.txt,init_rc_map_tivo,1.597072,0,0
4,run3_initcall.txt,init_rc_map_total_media_in_hand_02,1.602348,0,0
4,run3_initcall.txt,init_rc_map_total_media_in_hand,1.607616,0,0
4,run3_initcall.txt,init_rc_map_trekstor,1.6129,0,0
4,run3_initcall.txt,init_rc_map_tt_1500,1.618009,0,0
4,run3_initcall.txt,init_rc_map_twinhan_vp1027,1.62331,0,0
4,run3_initcall.txt,init_rc_map_twinhan_dtv_cab_ci,1.628617,0,0
4,run3_initcall.txt,init_rc_map_vega_s9x,1.633887,0,0
4,run3_initcall.txt,init_rc_map_videomate_k100,1.639171,0,0
4,run3_initcall.txt,init_rc_map_videomate_s350,1.644447,0,0
4,run3_initcall.txt,init_rc_map_videomate_tv_pvr,1.649565,0,0
4,run3_initcall.txt,init_rc_map_kii_pro,1.654842,0,0
4,run3_initcall.txt,init_rc_map_wetek_hub,1.6601,0,0
4,run3_initcall.txt,init_rc_map_wetek_play2,1.665385,0,0
4,run3_initcall.txt,init_rc_map_winfast,1.670677,0,0
4,run3_initcall.txt,init_rc_map_winfast_usbii_deluxe,1.675962,0,0
4,run3_initcall.txt,init_rc_map_x96max,1.681247,0,0
4,run3_initcall.txt,init_rc_map,1.686379,0,0
4,run3_initcall.txt,init_rc_map,1.69166,0,0
4,run3_initcall.txt,init_rc_map_zx_irdec,1.696945,0,0
4,run3_initcall.txt,ptp_kvm_init,1.702212,-95,0
4,run3_initcall.txt,gpio_poweroff_driver_init,1.707599,0,106
4,run3_initcall.txt,bcm2711_thermal_driver_init,1.715757,0,2846
4,run3_initcall.txt,bcm2835_thermal_driver_init,1.721143,0,64
4,run3_initcall.txt,bcm2835_wdt_driver_init,1.726479,0,28
4,run3_initcall.txt,dt_cpufreq_platdrv_init,1.731827,0,26
4,run3_initcall.txt,brcm_avs_cpufreq_platdrv_init,1.737217,0,41
4,run3_initcall.txt,raspberrypi_cpufreq_driver_init,1.748682,0,6103
4,run3_initcall.txt,mmc_pwrseq_simple_driver_init,1.754107,0,77
4,run3_initcall.txt,mmc_pwrseq_emmc_driver_init,1.759563,0,38
4,run3_initcall.txt,mmc_blk_init,1.765031,0,32
4,run3_initcall.txt,sdhci_drv_init,1.775885,0,5433
4,run3_initcall.txt,bcm2835_mmc_driver_init,1.783974,0,2646
4,run3_initcall.txt,bcm2835_driver_init,1.78953,0,49
4,run3_initcall.txt,sdhci_pltfm_drv_init,1.79778,0,2746
4,run3_initcall.txt,sdhci_iproc_driver_init,1.803368,0,77
4,run3_initcall.txt,sdhci_brcmstb_driver_init,1.803447,0,64
4,run3_initcall.txt,esrt_sysfs_init,1.803462,-38,1
4,run3_initcall.txt,smccc_devices_init,1.803475,0,0
4,run3_initcall.txt,smccc_soc_init,1.80349,0,2
4,run3_initcall.txt,arch_timer_mmio_drv_init,1.803539,0,37
4,run3_initcall.txt,arch_timer_mmio_acpi_drv_init,1.80357,0,23
4,run3_initcall.txt,hid_init,1.803638,0,59
4,run3_initcall.txt,hid_generic_init,1.803693,0,45
4,run3_initcall.txt,hid_init,1.803753,0,50
4,run3_initcall.txt,vchiq_driver_init,1.877659,0,73895
4,run3_initcall.txt,bcm74110_mbox_driver_init,1.883881,0,92
4,run3_initcall.txt,extcon_class_init,1.889983,0,18
4,run3_initcall.txt,armv8_pmu_driver_init,1.901773,0,6279
4,run3_initcall.txt,binder_init,1.907401,0,76
4,run3_initcall.txt,rpi_otp_driver_init,1.921436,0,8495
4,run3_initcall.txt,sock_diag_init,1.926958,0,41
4,run3_initcall.txt,blackhole_init,1.932438,0,2
4,run3_initcall.txt,cls_bpf_init_mod,1.937905,0,1
4,run3_initcall.txt,gre_offload_init,1.943377,0,0
4,run3_initcall.txt,sysctl_ipv4_init,1.948816,0,76
4,run3_initcall.txt,cubictcp_register,1.954207,0,2
4,run3_initcall.txt,packet_init,1.962386,0,2751
4,run3_initcall.txt,init_rpcsec_gss,1.967842,0,17
4,run3_initcall.txt,init_kerberos_module,1.973294,0,5
4,run3_initcall.txt,dcbnl_init,1.978756,0,2
4,run3_initcall.txt,init_dns_resolver,1.986769,0,2728
4,run3_initcall.txt,handshake_init,1.992318,0,60
4,run3_initcall.txt,check_mmu_enabled_at_boot,1.997881,0,0
4,run3_initcall.txt,finalize_pkvm,2.003405,0,0
4,run3_initcall.txt,kernel_do_mounts_initrd_sysctls_init,2.011827,0,6
4,run3_initcall.txt,kernel_panic_sysctls_init,2.017275,0,30
4,run3_initcall.txt,kernel_panic_sysfs_init,2.022831,0,6
4,run3_initcall.txt,kernel_exit_sysctls_init,2.02839,0,2
4,run3_initcall.txt,kernel_exit_sysfs_init,2.033931,0,2
4,run3_initcall.txt,param_sysfs_builtin_init,2.048891,0,9430
4,run3_initcall.txt,reboot_ksysfs_init,2.054686,0,26
4,run3_initcall.txt,sched_core_sysctl_init,2.061053,0,10
4,run3_initcall.txt,sched_fair_sysctl_init,2.06673,0,2
4,run3_initcall.txt,sched_rt_sysctl_init,2.072448,0,16
4,run3_initcall.txt,sched_dl_sysctl_init,2.078006,0,2
4,run3_initcall.txt,sched_init_debug,2.083477,0,96
4,run3_initcall.txt,cpu_latency_qos_init,2.089165,0,150
4,run3_initcall.txt,printk_late_init,2.094725,0,18
4,run3_initcall.txt,init_srcu_module_notifier,2.100269,0,1
4,run3_initcall.txt,kernel_rcu_stall_sysfs_init,2.105805,0,5
4,run3_initcall.txt,swiotlb_create_default_debugfs,2.111378,0,12
4,run3_initcall.txt,tk_debug_sleep_time_init,2.116789,0,2
4,run3_initcall.txt,bpf_ksym_iter_register,2.12235,0,1
4,run3_initcall.txt,kernel_acct_sysctls_init,2.127867,0,3
4,run3_initcall.txt,bpf_rstat_kfunc_init,2.133357,0,2
4,run3_initcall.txt,debugfs_kprobe_init,2.13884,0,14
4,run3_initcall.txt,kernel_delayacct_sysctls_init,2.14433,0,3
4,run3_initcall.txt,taskstats_init,2.152417,0,2753
4,run3_initcall.txt,bpf_global_ma_init,2.157988,0,113
4,run3_initcall.txt,bpf_syscall_sysctl_init,2.16346,0,6
4,run3_initcall.txt,unbound_reg_init,2.168925,0,0
4,run3_initcall.txt,kfunc_init,2.174369,0,1
4,run3_initcall.txt,bpf_map_iter_init,2.179827,0,0
4,run3_initcall.txt,init_subsystem,2.185134,0,0
4,run3_initcall.txt,task_iter_init,2.190582,0,1
4,run3_initcall.txt,bpf_prog_iter_init,2.196001,0,0
4,run3_initcall.txt,bpf_link_iter_init,2.201446,0,0
4,run3_initcall.txt,init_trampolines,2.20688,0,2
4,run3_initcall.txt,rqspinlock_register_kfuncs,2.212297,0,0
4,run3_initcall.txt,kfunc_init,2.21755,0,0
4,run3_initcall.txt,bpf_cgroup_iter_init,2.222944,0,0
4,run3_initcall.txt,cpumask_kfunc_init,2.228358,0,7
4,run3_initcall.txt,crypto_kfunc_init,2.233774,0,0
4,run3_initcall.txt,bpf_kmem_cache_iter_init,2.239187,0,0
4,run3_initcall.txt,dmabuf_iter_init,2.24462,0,0
4,run3_initcall.txt,load_system_certificate_list,2.252611,0,2718
4,run3_initcall.txt,init_lru_gen,2.258068,0,19
4,run3_initcall.txt,vmstat_late_init,2.263523,0,2
4,run3_initcall.txt,fault_around_debugfs,2.268942,0,5
4,run3_initcall.txt,slab_sysfs_init,2.278143,0,3819
4,run3_initcall.txt,max_swapfiles_check,2.283498,0,0
4,run3_initcall.txt,zswap_init,2.288915,0,0
4,run3_initcall.txt,mempolicy_sysfs_init,2.294358,0,17
4,run3_initcall.txt,memory_tier_late_init,2.305359,0,5564
4,run3_initcall.txt,check_early_ioremap_leak,2.310812,0,0
4,run3_initcall.txt,mg_debugfs_init,2.316114,0,19
4,run3_initcall.txt,fscrypt_init,2.327117,0,5510
4,run3_initcall.txt,pstore_init,2.332584,0,9
4,run3_initcall.txt,init_root_keyring,2.338042,0,34
4,run3_initcall.txt,init_profile_hash,2.343471,0,0
4,run3_initcall.txt,integrity_fs_init,2.348838,0,25
4,run3_initcall.txt,crypto_algapi_init,2.354273,0,8
4,run3_initcall.txt,blk_timeout_init,2.359686,0,0
4,run3_initcall.txt,depot_debugfs_init,2.365125,0,7
4,run3_initcall.txt,pci_resource_alignment_sysfs_init,2.370526,0,5
4,run3_initcall.txt,pci_sysfs_init,2.375931,0,11
4,run3_initcall.txt,clk_debug_init,2.381705,0,396
4,run3_initcall.txt,genpd_debug_init,2.387379,0,367
4,run3_initcall.txt,sync_state_resume_initcall,2.392789,0,0
4,run3_initcall.txt,deferred_probe_initcall,2.516314,0,118155
4,run3_initcall.txt,efi_shutdown_init,2.521668,-19,0
4,run3_initcall.txt,efi_earlycon_unmap_fb,2.526814,0,0
4,run3_initcall.txt,psci_debugfs_init,2.531961,0,0
4,run3_initcall.txt,of_cfs_init,2.54224,0,5134
4,run3_initcall.txt,of_fdt_raw_init,2.547383,0,31
4,run3_initcall.txt,bpf_kfunc_init,2.552323,0,1
4,run3_initcall.txt,init_subsystem,2.557423,0,0
4,run3_initcall.txt,xdp_metadata_init,2.562506,0,0
4,run3_initcall.txt,bpf_sockmap_iter_init,2.570186,0,2
4,run3_initcall.txt,bpf_sk_storage_map_iter_init,2.577915,0,0
4,run3_initcall.txt,bpf_prog_test_run_init,2.582958,0,0
4,run3_initcall.txt,bpf_dummy_struct_ops_init,2.588146,0,0
4,run3_initcall.txt,tcp_congestion_default,2.593336,0,1
4,run3_initcall.txt,inet_blackhole_dev_init,2.603779,0,9
4,run3_initcall.txt,ip_auto_config,2.609042,0,13
4,run3_initcall.txt,tcp_bpf_v4_build_proto,2.614295,0,0
4,run3_initcall.txt,udp_bpf_v4_build_proto,2.619359,0,0
4,run3_initcall.txt,bpf_tcp_ca_kfunc_init,2.624616,0,1
4,run3_initcall.txt,bpf_mptcp_kfunc_init,2.629846,0,0
4,run3_initcall.txt,fb_logo_late_init,2.635035,0,0
4,run3_initcall.txt,amba_stub_drv_init,2.640225,0,21
4,run3_initcall.txt,clk_disable_unused,2.65167,0,6265
4,run3_initcall.txt,genpd_power_off_unused,2.659525,0,2597
4,run3_initcall.txt,regulator_init_complete,2.66475,0,2
4,run3_initcall.txt,of_platform_sync_state_init,2.670006,0,17
5,run4_initcall.txt,of_platform_default_populate_init,0.048996,0,24000
5,run4_initcall.txt,register_mte_tcf_preferred_sysctl,0.049108,0,0
5,run4_initcall.txt,init_fork_sysctl,0.04914,0,0
5,run4_initcall.txt,uid_cache_init,0.049193,0,0
5,run4_initcall.txt,pid_namespace_sysctl_init,0.049222,0,0
5,run4_initcall.txt,param_sysfs_init,0.049254,0,0
5,run4_initcall.txt,user_namespace_sysctl_init,0.049293,0,0
5,run4_initcall.txt,proc_schedstat_init,0.049315,0,0
5,run4_initcall.txt,init_rtmutex_sysctl,0.049331,0,0
5,run4_initcall.txt,pm_sysrq_init,0.049384,0,0
5,run4_initcall.txt,init_rcu_stall_sysctl,0.049403,0,0
5,run4_initcall.txt,init_module_sysctl,0.04942,0,0
5,run4_initcall.txt,create_proc_profile,0.049439,0,0
5,run4_initcall.txt,cgroup_sysfs_init,0.049466,0,0
5,run4_initcall.txt,user_namespaces_init,0.049491,0,0
5,run4_initcall.txt,hung_task_init,0.049604,0,0
5,run4_initcall.txt,dev_map_init,0.049624,0,0
5,run4_initcall.txt,netns_bpf_init,0.049644,0,0
5,run4_initcall.txt,oom_init,0.049709,0,0
5,run4_initcall.txt,init_user_buckets,0.049729,0,0
5,run4_initcall.txt,init_vm_util_sysctls,0.049753,0,0
5,run4_initcall.txt,default_bdi_init,0.049868,0,0
5,run4_initcall.txt,cgwb_init,0.049892,0,0
5,run4_initcall.txt,percpu_enable_async,0.049909,0,0
5,run4_initcall.txt,kcompactd_init,0.050019,0,0
5,run4_initcall.txt,init_mm_sysctl,0.050036,0,0
5,run4_initcall.txt,init_user_reserve,0.050053,0,0
5,run4_initcall.txt,init_admin_reserve,0.050069,0,0
5,run4_initcall.txt,init_reserve_notifier,0.050083,0,0
5,run4_initcall.txt,swap_init,0.050104,0,0
5,run4_initcall.txt,swapfile_init,0.050125,0,0
5,run4_initcall.txt,memory_tier_init,0.050172,0,0
5,run4_initcall.txt,numa_init_sysfs,0.050193,0,0
5,run4_initcall.txt,mem_cgroup_swap_init,0.050209,0,0
5,run4_initcall.txt,init_msg_buckets,0.050226,0,0
5,run4_initcall.txt,init_bio,0.050273,0,0
5,run4_initcall.txt,blk_ioc_init,0.050292,0,0
5,run4_initcall.txt,blk_mq_init,0.050311,0,0
5,run4_initcall.txt,genhd_device_init,0.050406,0,0
5,run4_initcall.txt,blkcg_punt_bio_init,0.050521,0,0
5,run4_initcall.txt,blk_integrity_auto_init,0.050591,0,0
5,run4_initcall.txt,io_wq_init,0.050611,0,0
5,run4_initcall.txt,crc_t10dif_mod_init,0.050637,0,0
5,run4_initcall.txt,sha256_mod_init,0.050655,0,0
5,run4_initcall.txt,sha512_mod_init,0.050671,0,0
5,run4_initcall.txt,sg_pool_init,0.050704,0,0
5,run4_initcall.txt,gpiolib_debugfs_init,0.050728,0,0
5,run4_initcall.txt,stmpe_gpio_init,0.050826,0,0
5,run4_initcall.txt,pwm_init,0.050851,0,0
5,run4_initcall.txt,leds_init,0.050882,0,0
5,run4_initcall.txt,pci_slot_init,0.050908,0,0
5,run4_initcall.txt,fbmem_init,0.050963,0,0
5,run4_initcall.txt,bcm2835_dma_init,0.051654,0,0
5,run4_initcall.txt,regulator_fixed_voltage_init,0.05173,0,0
5,run4_initcall.txt,gpio_regulator_init,0.051783,0,0
5,run4_initcall.txt,init_sysrq_sysctl,0.051808,0,0
5,run4_initcall.txt,misc_init,0.051838,0,0
5,run4_initcall.txt,iommu_subsys_init,0.051869,0,0
5,run4_initcall.txt,register_cpu_capacity_sysctl,0.052241,0,4000
5,run4_initcall.txt,dma_buf_init,0.052325,0,0
5,run4_initcall.txt,dma_heap_init,0.052358,0,0
5,run4_initcall.txt,init_scsi,0.052458,0,0
5,run4_initcall.txt,mdio_bus_init,0.052489,0,0
5,run4_initcall.txt,phy_init,0.052532,0,0
5,run4_initcall.txt,usb_common_init,0.052553,0,0
5,run4_initcall.txt,usb_init,0.052657,0,0
5,run4_initcall.txt,usb_phy_generic_init,0.052807,0,0
5,run4_initcall.txt,usb_udc_init,0.052842,0,0
5,run4_initcall.txt,usb_roles_init,0.052863,0,0
5,run4_initcall.txt,input_init,0.052887,0,0
5,run4_initcall.txt,rtc_init,0.052905,0,0
5,run4_initcall.txt,rc_core_init,0.052931,0,0
5,run4_initcall.txt,pps_init,0.052963,0,0
5,run4_initcall.txt,ptp_init,0.052987,0,0
5,run4_initcall.txt,power_supply_class_init,0.053018,0,0
5,run4_initcall.txt,hwmon_init,0.05304,0,0
5,run4_initcall.txt,mmc_init,0.05308,0,0
5,run4_initcall.txt,dmi_init,0.053098,0,0
5,run4_initcall.txt,efisubsys_init,0.053116,0,0
5,run4_initcall.txt,arm_pmu_hp_init,0.053134,0,0
5,run4_initcall.txt,ras_init,0.053154,0,0
5,run4_initcall.txt,nvmem_init,0.053206,0,0
5,run4_initcall.txt,init_soundcore,0.053227,0,0
5,run4_initcall.txt,proto_init,0.053247,0,0
5,run4_initcall.txt,net_dev_init,0.053471,0,0
5,run4_initcall.txt,neigh_init,0.053491,0,0
5,run4_initcall.txt,fib_notifier_init,0.053508,0,0
5,run4_initcall.txt,netdev_genl_init,0.053548,0,0
5,run4_initcall.txt,page_pool_user_init,0.053566,0,0
5,run4_initcall.txt,fib_rules_init,0.053585,0,0
5,run4_initcall.txt,init_cgroup_netprio,0.053601,0,0
5,run4_initcall.txt,bpf_lwt_init,0.053617,0,0
5,run4_initcall.txt,pktsched_init,0.053638,0,0
5,run4_initcall.txt,tc_filter_init,0.053671,0,0
5,run4_initcall.txt,tc_action_init,0.053688,0,0
5,run4_initcall.txt,ethnl_init,0.053759,0,0
5,run4_initcall.txt,nexthop_init,0.053781,0,0
5,run4_initcall.txt,devlink_init,0.05386,0,0
5,run4_initcall.txt,wireless_nlevent_init,0.053881,0,0
5,run4_initcall.txt,vsprintf_init_hashval,0.0539,0,0
5,run4_initcall.txt,init_32bit_el0_mask,0.053917,0,0
5,run4_initcall.txt,vga_arb_device_init,0.054055,0,0
5,run4_initcall.txt,watchdog_init,0.054177,0,0
5,run4_initcall.txt,create_debug_debugfs_entry,0.054289,0,0
5,run4_initcall.txt,iomem_init_inode,0.054332,0,0
5,run4_initcall.txt,clocksource_done_booting,0.054382,0,13
5,run4_initcall.txt,bpf_init,0.054405,0,5
5,run4_initcall.txt,secretmem_init,0.054434,0,11
5,run4_initcall.txt,init_fs_stat_sysctls,0.054463,0,10
5,run4_initcall.txt,init_fs_exec_sysctls,0.054482,0,1
5,run4_initcall.txt,init_pipe_fs,0.054535,0,35
5,run4_initcall.txt,init_fs_namei_sysctls,0.054559,0,2
5,run4_initcall.txt,init_fs_dcache_sysctls,0.054584,0,7
5,run4_initcall.txt,init_fs_namespace_sysctls,0.054603,0,1
5,run4_initcall.txt,cgroup_writeback_init,0.054628,0,6
5,run4_initcall.txt,inotify_user_setup,0.054662,0,15
5,run4_initcall.txt,eventpoll_init,0.054697,0,16
5,run4_initcall.txt,anon_inode_init,0.05473,0,13
5,run4_initcall.txt,proc_locks_init,0.054753,0,4
5,run4_initcall.txt,backing_aio_init,0.054775,0,2
5,run4_initcall.txt,init_fs_coredump_sysctls,0.0548,0,8
5,run4_initcall.txt,init_vm_drop_caches_sysctls,0.054818,0,3
5,run4_initcall.txt,iomap_dio_init,0.054854,0,22
5,run4_initcall.txt,iomap_ioend_init,0.054891,0,24
5,run4_initcall.txt,dquot_init,0.055002,0,95
5,run4_initcall.txt,proc_cmdline_init,0.055021,0,3
5,run4_initcall.txt,proc_consoles_init,0.055037,0,1
5,run4_initcall.txt,proc_cpuinfo_init,0.055052,0,1
5,run4_initcall.txt,proc_devices_init,0.055066,0,0
5,run4_initcall.txt,proc_interrupts_init,0.055081,0,1
5,run4_initcall.txt,proc_loadavg_init,0.055095,0,1
5,run4_initcall.txt,proc_meminfo_init,0.05511,0,1
5,run4_initcall.txt,proc_stat_init,0.055123,0,0
5,run4_initcall.txt,proc_uptime_init,0.055137,0,0
5,run4_initcall.txt,proc_version_init,0.055153,0,0
5,run4_initcall.txt,proc_softirqs_init,0.055167,0,1
5,run4_initcall.txt,proc_kmsg_init,0.055182,0,1
5,run4_initcall.txt,proc_page_init,0.055198,0,2
5,run4_initcall.txt,init_ramfs_fs,0.055214,0,2
5,run4_initcall.txt,aa_create_aafs,0.055229,0,0
5,run4_initcall.txt,chr_dev_init,0.058065,0,2819
5,run4_initcall.txt,hwrng_modinit,0.058144,0,46
5,run4_initcall.txt,firmware_class_init,0.058168,0,1
5,run4_initcall.txt,sysctl_core_init,0.058214,0,28
5,run4_initcall.txt,eth_offload_init,0.05823,0,0
5,run4_initcall.txt,ipv4_offload_init,0.058247,0,1
5,run4_initcall.txt,inet_init,0.062211,0,3946
5,run4_initcall.txt,af_unix_init,0.062269,0,23
5,run4_initcall.txt,ipv6_offload_init,0.06229,0,1
5,run4_initcall.txt,init_sunrpc,0.062723,0,407
5,run4_initcall.txt,vlan_offload_init,0.062743,0,0
5,run4_initcall.txt,pci_apply_final_quirks,0.062774,0,12
5,run4_initcall.txt,populate_rootfs,0.062802,0,8
5,run4_initcall.txt,register_arm64_panic_block,0.062923,0,0
5,run4_initcall.txt,cpuinfo_regs_init,0.063025,0,87
5,run4_initcall.txt,aarch32_el0_sysfs_init,0.063046,0,0
5,run4_initcall.txt,kvm_arm_init,0.066688,0,3623
5,run4_initcall.txt,proc_execdomains_init,0.066729,0,3
5,run4_initcall.txt,register_warn_debugfs,0.06675,0,4
5,run4_initcall.txt,cpuhp_sysfs_init,0.066798,0,29
5,run4_initcall.txt,ioresources_init,0.066818,0,2
5,run4_initcall.txt,psi_proc_init,0.066835,0,0
5,run4_initcall.txt,irq_gc_init_ops,0.06685,0,0
5,run4_initcall.txt,irq_debugfs_init,0.066951,0,78
5,run4_initcall.txt,proc_modules_init,0.066969,0,1
5,run4_initcall.txt,timer_sysctl_init,0.066994,0,9
5,run4_initcall.txt,timekeeping_init_ops,0.06701,0,0
5,run4_initcall.txt,init_clocksource_sysfs,0.067088,0,62
5,run4_initcall.txt,init_timer_list_procfs,0.067108,0,1
5,run4_initcall.txt,alarmtimer_init,0.067186,0,62
5,run4_initcall.txt,clockevents_init_sysfs,0.067334,0,132
5,run4_initcall.txt,sched_clock_syscore_init,0.067353,0,0
5,run4_initcall.txt,kallsyms_init,0.067372,0,2
5,run4_initcall.txt,pid_namespaces_init,0.067414,0,26
5,run4_initcall.txt,audit_watch_init,0.067432,0,0
5,run4_initcall.txt,audit_fsnotify_init,0.067449,0,0
5,run4_initcall.txt,audit_tree_init,0.067467,0,2
5,run4_initcall.txt,seccomp_sysctl_init,0.06749,0,6
5,run4_initcall.txt,utsname_sysctl_init,0.067515,0,7
5,run4_initcall.txt,init_lstats_procfs,0.067536,0,3
5,run4_initcall.txt,perf_event_sysfs_init,0.067606,0,51
5,run4_initcall.txt,system_trusted_keyring_init,0.067639,0,13
5,run4_initcall.txt,kswapd_init,0.067838,0,181
5,run4_initcall.txt,extfrag_debug_init,0.067866,0,7
5,run4_initcall.txt,mm_compute_batch_init,0.067883,0,0
5,run4_initcall.txt,slab_proc_init,0.0679,0,1
5,run4_initcall.txt,workingset_init,0.067922,0,7
5,run4_initcall.txt,proc_vmalloc_init,0.067938,0,1
5,run4_initcall.txt,memblock_init_debugfs,0.067958,0,6
5,run4_initcall.txt,slab_debugfs_init,0.067979,0,5
5,run4_initcall.txt,procswaps_init,0.067997,0,1
5,run4_initcall.txt,zs_init,0.068014,0,0
5,run4_initcall.txt,fcntl_init,0.068032,0,2
5,run4_initcall.txt,proc_filesystems_init,0.068051,0,1
5,run4_initcall.txt,start_dirtytime_writeback,0.068075,0,6
5,run4_initcall.txt,dio_init,0.068095,0,1
5,run4_initcall.txt,dnotify_init,0.068125,0,13
5,run4_initcall.txt,fanotify_user_setup,0.068152,0,8
5,run4_initcall.txt,aio_setup,0.068208,0,37
5,run4_initcall.txt,mbcache_init,0.068233,0,5
5,run4_initcall.txt,init_grace,0.068253,0,3
5,run4_initcall.txt,init_devpts_fs,0.068276,0,7
5,run4_initcall.txt,ext4_init_fs,0.068373,0,83
5,run4_initcall.txt,journal_init,0.068405,0,16
5,run4_initcall.txt,init_fat_fs,0.068425,0,5
5,run4_initcall.txt,init_vfat_fs,0.068441,0,0
5,run4_initcall.txt,init_msdos_fs,0.068455,0,0
5,run4_initcall.txt,init_nfs_fs,0.068641,0,172
5,run4_initcall.txt,init_nfs_v2,0.06866,0,0
5,run4_initcall.txt,init_nfs_v3,0.068674,0,0
5,run4_initcall.txt,init_nfs_v4,0.068718,0,30
5,run4_initcall.txt,nfs4filelayout_init,0.06874,0,6
5,run4_initcall.txt,nfs4flexfilelayout_init,0.06876,0,6
5,run4_initcall.txt,init_nlm,0.068804,0,28
5,run4_initcall.txt,init_nls_cp437,0.06882,0,0
5,run4_initcall.txt,init_nls_ascii,0.068834,0,0
5,run4_initcall.txt,init_autofs_fs,0.068941,0,91
5,run4_initcall.txt,init_f2fs_fs,0.069093,0,135
5,run4_initcall.txt,ipc_init,0.069123,0,13
5,run4_initcall.txt,ipc_sysctl_init,0.069156,0,17
5,run4_initcall.txt,init_mqueue_fs,0.069211,0,39
5,run4_initcall.txt,key_proc_init,0.069232,0,3
5,run4_initcall.txt,bpf_crypto_skcipher_init,0.069248,0,0
5,run4_initcall.txt,dh_init,0.069267,0,3
5,run4_initcall.txt,rsa_init,0.069285,0,1
5,run4_initcall.txt,cryptomgr_init,0.069302,0,1
5,run4_initcall.txt,hmac_module_init,0.069318,0,0
5,run4_initcall.txt,crypto_sha256_mod_init,0.069338,0,4
5,run4_initcall.txt,crypto_ecb_module_init,0.069355,0,0
5,run4_initcall.txt,crypto_cbc_module_init,0.06937,0,0
5,run4_initcall.txt,crypto_cts_module_init,0.069386,0,0
5,run4_initcall.txt,xts_module_init,0.069402,0,0
5,run4_initcall.txt,des_generic_mod_init,0.06942,0,1
5,run4_initcall.txt,aes_init,0.069436,0,0
5,run4_initcall.txt,lzo_mod_init,0.069452,0,1
5,run4_initcall.txt,lzorle_mod_init,0.069468,0,0
5,run4_initcall.txt,asymmetric_key_init,0.069489,0,5
5,run4_initcall.txt,x509_key_init,0.06951,0,5
5,run4_initcall.txt,crypto_kdf108_init,0.069526,0,0
5,run4_initcall.txt,blkdev_init,0.069552,0,10
5,run4_initcall.txt,proc_genhd_init,0.069572,0,2
5,run4_initcall.txt,bsg_init,0.069604,0,15
5,run4_initcall.txt,throtl_init,0.069695,0,75
5,run4_initcall.txt,deadline_init,0.069721,0,6
5,run4_initcall.txt,kyber_init,0.069741,0,5
5,run4_initcall.txt,bfq_init,0.069776,0,19
5,run4_initcall.txt,io_uring_init,0.069815,0,22
5,run4_initcall.txt,btree_module_init,0.069837,0,2
5,run4_initcall.txt,percpu_counter_startup,0.069898,0,43
5,run4_initcall.txt,audit_classes_init,0.069928,0,4
5,run4_initcall.txt,gicv5_iwb_platform_driver_init,0.070036,0,89
5,run4_initcall.txt,mip_msi_driver_init,0.070091,0,35
5,run4_initcall.txt,bcm7038_l1_driver_init,0.070143,0,33
5,run4_initcall.txt,bcm7120_l2_driver_init,0.0702,0,38
5,run4_initcall.txt,brcmstb_l2_driver_init,0.07051,0,291
5,run4_initcall.txt,simple_pm_bus_driver_init,0.071018,0,485
5,run4_initcall.txt,phy_core_init,0.071049,0,10
5,run4_initcall.txt,brcm_usb_driver_init,0.071129,0,60
5,run4_initcall.txt,rp1_pinctrl_driver_init,0.071179,0,32
5,run4_initcall.txt,bcm2835_pinctrl_driver_init,0.072214,0,1014
5,run4_initcall.txt,bcm2712_pinctrl_driver_init,0.072299,0,59
5,run4_initcall.txt,brcmvirt_gpio_driver_init,0.072357,0,37
5,run4_initcall.txt,brcmstb_gpio_driver_init,0.072419,0,43
5,run4_initcall.txt,rpi_exp_gpio_driver_init,0.072821,0,382
5,run4_initcall.txt,brcmstb_pwm_driver_init,0.072881,0,38
5,run4_initcall.txt,rp1_pwm_driver_init,0.072938,0,33
5,run4_initcall.txt,gpio_led_driver_init,0.074701,0,1743
5,run4_initcall.txt,led_pwm_driver_init,0.074768,0,42
5,run4_initcall.txt,timer_led_trigger_init,0.074788,0,1
5,run4_initcall.txt,oneshot_led_trigger_init,0.074807,0,0
5,run4_initcall.txt,heartbeat_trig_init,0.074829,0,3
5,run4_initcall.txt,bl_led_trigger_init,0.074848,0,0
5,run4_initcall.txt,ledtrig_cpu_init,0.074935,0,68
5,run4_initcall.txt,defon_led_trigger_init,0.074984,0,32
5,run4_initcall.txt,input_trig_init,0.075,0,1
5,run4_initcall.txt,ledtrig_panic_init,0.075016,0,1
5,run4_initcall.txt,actpwr_trig_init,0.07516,0,130
5,run4_initcall.txt,pcie_portdrv_init,0.075235,0,58
5,run4_initcall.txt,pci_proc_init,0.075258,0,9
5,run4_initcall.txt,brcm_pcie_driver_init,0.187277,0,112004
5,run4_initcall.txt,bcm2708_fb_init,0.18736,0,63
5,run4_initcall.txt,simplefb_driver_init,0.21345,0,26074
5,run4_initcall.txt,of_fixed_factor_clk_driver_init,0.213547,0,43
5,run4_initcall.txt,of_fixed_clk_driver_init,0.213631,0,33
5,run4_initcall.txt,gpio_clk_driver_init,0.213715,0,40
5,run4_initcall.txt,gated_fixed_clk_driver_init,0.213792,0,33
5,run4_initcall.txt,rp1_clk_driver_init,0.213869,0,33
5,run4_initcall.txt,rp1_sdio_clk_driver_init,0.213951,0,33
5,run4_initcall.txt,clk_dvp_driver_init,0.214136,0,141
5,run4_initcall.txt,bcm2835_aux_clk_driver_init,0.214243,0,62
5,run4_initcall.txt,raspberrypi_clk_driver_init,0.229675,0,15386
5,run4_initcall.txt,dw_driver_init,0.229772,0,47
5,run4_initcall.txt,bcm2835_power_driver_init,0.229842,0,24
5,run4_initcall.txt,rpi_power_driver_init,0.231209,0,1320
5,run4_initcall.txt,brcmstb_reset_driver_init,0.2313,0,40
5,run4_initcall.txt,brcm_rescal_reset_driver_init,0.231389,0,36
5,run4_initcall.txt,rpi_reset_driver_init,0.231548,0,110
5,run4_initcall.txt,reset_simple_driver_init,0.231672,0,77
5,run4_initcall.txt,n_null_init,0.231718,0,1
5,run4_initcall.txt,pty_init,0.231839,0,80
5,run4_initcall.txt,sysrq_init,0.231899,0,15
5,run4_initcall.txt,serial8250_init,0.231944,-19,0
5,run4_initcall.txt,bcm2835aux_serial_driver_init,0.232034,0,43
5,run4_initcall.txt,brcmuart_init,0.232136,0,52
5,run4_initcall.txt,exar_pci_driver_init,0.232207,0,25
5,run4_initcall.txt,of_platform_serial_driver_init,0.232344,0,87
5,run4_initcall.txt,serial_pci_driver_init,0.232423,0,29
5,run4_initcall.txt,pericom8250_pci_driver_init,0.23249,0,17
5,run4_initcall.txt,init_kgdboc,0.232634,0,95
5,run4_initcall.txt,random_sysctls_init,0.232691,0,13
5,run4_initcall.txt,ttyprintk_init,0.232806,0,71
5,run4_initcall.txt,bcm2835_rng_driver_init,0.23291,0,55
5,run4_initcall.txt,bcm74110_rng_driver_init,0.232996,0,37
5,run4_initcall.txt,iproc_rng200_driver_init,0.233312,0,267
5,run4_initcall.txt,smccc_trng_driver_init,0.233391,0,27
5,run4_initcall.txt,vc_mem_init,0.233581,0,142
5,run4_initcall.txt,vcio_driver_init,0.236542,0,2912
5,run4_initcall.txt,bcm2712_iommu_driver_init,0.24164,0,50
5,run4_initcall.txt,bcm2712_iommu_cache_driver_init,0.246782,0,46
5,run4_initcall.txt,topology_sysfs_init,0.251804,0,61
5,run4_initcall.txt,cacheinfo_sysfs_init,0.257178,0,244
5,run4_initcall.txt,devcoredump_init,0.262329,0,11
5,run4_initcall.txt,brd_init,0.273875,0,6368
5,run4_initcall.txt,loop_init,0.284113,0,5076
5,run4_initcall.txt,bcm2835_pm_driver_init,0.292021,0,2726
5,run4_initcall.txt,stmpe_i2c_driver_init,0.297189,0,13
5,run4_initcall.txt,stmpe_spi_driver_init,0.302367,0,13
5,run4_initcall.txt,rp1_driver_init,0.307557,0,29
5,run4_initcall.txt,system_heap_create,0.312818,0,100
5,run4_initcall.txt,add_default_cma_heap,0.317904,0,85
5,run4_initcall.txt,udmabuf_dev_init,0.323108,0,42
5,run4_initcall.txt,iscsi_transport_init,0.331067,0,2807
5,run4_initcall.txt,init_sd,0.336224,0,25
5,run4_initcall.txt,nvme_core_init,0.341606,0,262
5,run4_initcall.txt,nvme_init,0.346806,0,29
5,run4_initcall.txt,blackhole_netdev_init,0.351823,0,16
5,run4_initcall.txt,netkit_init,0.356968,0,8
5,run4_initcall.txt,phylink_init,0.362111,0,0
5,run4_initcall.txt,phy_module_init,0.367434,0,181
5,run4_initcall.txt,phy_module_init,0.37272,0,178
5,run4_initcall.txt,fixed_mdio_bus_init,0.378004,0,162
5,run4_initcall.txt,phy_module_init,0.383151,0,170
5,run4_initcall.txt,phy_module_init,0.388333,0,22
5,run4_initcall.txt,phy_module_init,0.393611,0,79
5,run4_initcall.txt,unimac_mdio_driver_init,0.399011,0,146
5,run4_initcall.txt,macb_driver_init,0.404407,0,109
5,run4_initcall.txt,bcmgenet_driver_init,0.61375,0,203983
5,run4_initcall.txt,bcmasp_driver_init,0.619273,0,92
5,run4_initcall.txt,lan78xx_driver_init,0.627686,0,2834
5,run4_initcall.txt,smsc95xx_driver_init,0.636217,0,2876
5,run4_initcall.txt,usbnet_init,0.641889,0,0
5,run4_initcall.txt,xhci_hcd_init,0.647509,0,12
5,run4_initcall.txt,xhci_pci_init,0.82243,0,169347
5,run4_initcall.txt,xhci_plat_init,0.828085,0,125
5,run4_initcall.txt,dwc_otg_driver_init,0.844548,0,10956
5,run4_initcall.txt,dwc_common_port_init_module,0.852714,0,2848
5,run4_initcall.txt,dwc3_driver_init,0.858262,0,65
5,run4_initcall.txt,dwc3_haps_driver_init,0.86375,0,30
5,run4_initcall.txt,dwc3_of_simple_driver_init,0.869266,0,62
5,run4_initcall.txt,dwc3_generic_driver_init,0.874769,0,41
5,run4_initcall.txt,dwc2_platform_driver_init,0.880332,0,139
5,run4_initcall.txt,uas_init,0.888505,0,2903
5,run4_initcall.txt,usb_storage_driver_init,0.89665,0,2735
5,run4_initcall.txt,brcmstb_usb_pinmap_init,0.902188,-19,89
5,run4_initcall.txt,bdc_driver_init,0.907694,0,52
5,run4_initcall.txt,input_leds_init,0.913161,0,1
5,run4_initcall.txt,mousedev_init,0.922072,0,3067
5,run4_initcall.txt,evdev_init,0.927543,0,0
5,run4_initcall.txt,brcmstb_waketmr_driver_init,0.933149,0,88
5,run4_initcall.txt,rpi_rtc_driver_init,0.938652,0,42
5,run4_initcall.txt,init_rc_map_adstech_dvb_t_pci,0.944126,0,0
5,run4_initcall.txt,init_rc_map_alink_dtu_m,0.94941,0,0
5,run4_initcall.txt,init_rc_map_anysee,0.955001,0,0
5,run4_initcall.txt,init_rc_map_apac_viewcomp,0.96044,0,0
5,run4_initcall.txt,init_rc_map_t2hybrid,0.965859,0,0
5,run4_initcall.txt,init_rc_map_asus_pc39,0.971299,0,0
5,run4_initcall.txt,init_rc_map_asus_ps3_100,0.976709,0,0
5,run4_initcall.txt,init_rc_map_ati_tv_wonder_hd_600,0.981981,0,0
5,run4_initcall.txt,init_rc_map_ati_x10,0.987457,0,0
5,run4_initcall.txt,init_rc_map_avermedia_a16d,0.992857,0,0
5,run4_initcall.txt,init_rc_map_avermedia_cardbus,0.998257,0,0
5,run4_initcall.txt,init_rc_map_avermedia_dvbt,1.003641,0,0
5,run4_initcall.txt,init_rc_map_avermedia_m135a,1.009003,0,0
5,run4_initcall.txt,init_rc_map_avermedia_m733a_rm_k6,1.014306,0,0
5,run4_initcall.txt,init_rc_map_avermedia,1.019625,0,0
5,run4_initcall.txt,init_rc_map_avermedia_rm_ks,1.024997,0,0
5,run4_initcall.txt,init_rc_map_avertv_303,1.030399,0,0
5,run4_initcall.txt,init_rc_map_azurewave_ad_tu700,1.035788,0,0
5,run4_initcall.txt,init_rc_map_beelink_gs1,1.044,0,0
5,run4_initcall.txt,init_rc_map_beelink_mxiii,1.049265,0,0
5,run4_initcall.txt,init_rc_map_behold_columbus,1.054643,0,0
5,run4_initcall.txt,init_rc_map_behold,1.060013,0,0
5,run4_initcall.txt,init_rc_map_budget_ci_old,1.065367,0,0
5,run4_initcall.txt,init_rc_map_cinergy_1400,1.070705,0,0
5,run4_initcall.txt,init_rc_map_cinergy,1.076029,0,0
5,run4_initcall.txt,init_rc_map_ct_90405,1.081217,0,0
5,run4_initcall.txt,init_rc_map_d680_dmb,1.086481,0,0
5,run4_initcall.txt,init_rc_map_delock_61959,1.091768,0,0
5,run4_initcall.txt,init_rc_map,1.097065,0,0
5,run4_initcall.txt,init_rc_map,1.102344,0,0
5,run4_initcall.txt,init_rc_map_digitalnow_tinytwin,1.107668,0,0
5,run4_initcall.txt,init_rc_map_digittrade,1.113072,0,0
5,run4_initcall.txt,init_rc_map_dm1105_nec,1.118223,0,0
5,run4_initcall.txt,init_rc_map_dntv_live_dvb_t,1.123526,0,0
5,run4_initcall.txt,init_rc_map_dntv_live_dvbt_pro,1.128817,0,0
5,run4_initcall.txt,init_rc_map_dreambox,1.134115,0,0
5,run4_initcall.txt,init_rc_map_dtt200u,1.139421,0,0
5,run4_initcall.txt,init_rc_map_rc5_dvbsky,1.144753,0,0
5,run4_initcall.txt,init_rc_map_dvico_mce,1.149942,0,0
5,run4_initcall.txt,init_rc_map_dvico_portable,1.155257,0,0
5,run4_initcall.txt,init_rc_map_em_terratec,1.160703,0,0
5,run4_initcall.txt,init_rc_map_encore_enltv2,1.166048,0,0
5,run4_initcall.txt,init_rc_map_encore_enltv_fm53,1.171462,0,0
5,run4_initcall.txt,init_rc_map_encore_enltv,1.176852,0,0
5,run4_initcall.txt,init_rc_map_evga_indtube,1.18204,0,0
5,run4_initcall.txt,init_rc_map_eztv,1.187392,0,0
5,run4_initcall.txt,init_rc_map_flydvb,1.19285,0,0
5,run4_initcall.txt,init_rc_map_flyvideo,1.198292,0,0
5,run4_initcall.txt,init_rc_map_fusionhdtv_mce,1.203736,0,0
5,run4_initcall.txt,init_rc_map_gadmei_rm008z,1.20912,0,0
5,run4_initcall.txt,init_rc_map_geekbox,1.219724,0,0
5,run4_initcall.txt,init_rc_map_genius_tvgo_a11mce,1.227877,0,0
5,run4_initcall.txt,init_rc_map_gotview7135,1.233388,0,0
5,run4_initcall.txt,init_rc_map_rc5_hauppauge_new,1.238868,0,0
5,run4_initcall.txt,init_rc_map_hisi_poplar,1.246971,0,0
5,run4_initcall.txt,init_rc_map_hisi_tv_demo,1.254867,0,0
5,run4_initcall.txt,init_rc_map_imon_mce,1.26028,0,0
5,run4_initcall.txt,init_rc_map_imon_pad,1.265684,0,0
5,run4_initcall.txt,init_rc_map_imon_rsc,1.271055,0,0
5,run4_initcall.txt,init_rc_map_iodata_bctv7e,1.278969,0,0
5,run4_initcall.txt,init_rc_it913x_v1_map,1.286723,0,0
5,run4_initcall.txt,init_rc_it913x_v2_map,1.292011,0,0
5,run4_initcall.txt,init_rc_map_kaiomy,1.297289,0,0
5,run4_initcall.txt,init_rc_map_khadas,1.302548,0,0
5,run4_initcall.txt,init_rc_map_khamsin,1.307804,0,0
5,run4_initcall.txt,init_rc_map_kworld_315u,1.313038,0,0
5,run4_initcall.txt,init_rc_map_kworld_pc150u,1.31815,0,0
5,run4_initcall.txt,init_rc_map_kworld_plus_tv_analog,1.323417,0,0
5,run4_initcall.txt,init_rc_map_leadtek_y04g0051,1.328679,0,0
5,run4_initcall.txt,init_rc_lme2510_map,1.333943,0,0
5,run4_initcall.txt,init_rc_map_manli,1.339221,0,0
5,run4_initcall.txt,init_rc_map_mecool_kiii_pro,1.34451,0,0
5,run4_initcall.txt,init_rc_map_mecool_kii_pro,1.349651,0,0
5,run4_initcall.txt,init_rc_map_medion_x10_digitainer,1.354951,0,0
5,run4_initcall.txt,init_rc_map_medion_x10,1.360223,0,0
5,run4_initcall.txt,init_rc_map_medion_x10_or2x,1.365494,0,0
5,run4_initcall.txt,init_rc_map_minix_neo,1.37076,0,0
5,run4_initcall.txt,init_rc_map_msi_digivox_iii,1.37603,0,0
5,run4_initcall.txt,init_rc_map_msi_digivox_ii,1.381332,0,0
5,run4_initcall.txt,init_rc_map_msi_tvanywhere,1.386746,0,0
5,run4_initcall.txt,init_rc_map_msi_tvanywhere_plus,1.392149,0,0
5,run4_initcall.txt,init_rc_map_mygica_utv3,1.397563,0,0
5,run4_initcall.txt,init_rc_map_nebula,1.403091,0,0
5,run4_initcall.txt,init_rc_map_nec_terratec_cinergy_xs,1.408347,0,0
5,run4_initcall.txt,init_rc_map_norwood,1.413597,0,0
5,run4_initcall.txt,init_rc_map_npgtech,1.418772,0,0
5,run4_initcall.txt,init_rc_map_odroid,1.424026,0,0
5,run4_initcall.txt,init_rc_map_pctv_sedna,1.429297,0,0
5,run4_initcall.txt,init_rc_map_pine64,1.434619,0,0
5,run4_initcall.txt,init_rc_map_pinnacle_color,1.439866,0,0
5,run4_initcall.txt,init_rc_map_pinnacle_grey,1.445088,0,0
5,run4_initcall.txt,init_rc_map_pinnacle_pctv_hd,1.450161,0,0
5,run4_initcall.txt,init_rc_map_pixelview,1.45538,0,0
5,run4_initcall.txt,init_rc_map_pixelview,1.460604,0,0
5,run4_initcall.txt,init_rc_map_pixelview_new,1.465841,0,0
5,run4_initcall.txt,init_rc_map_pixelview,1.471059,0,0
5,run4_initcall.txt,init_rc_map_powercolor_real_angel,1.476276,0,0
5,run4_initcall.txt,init_rc_map_proteus_2309,1.48136,0,0
5,run4_initcall.txt,init_rc_map_purpletv,1.486581,0,0
5,run4_initcall.txt,init_rc_map_pv951,1.491823,0,0
5,run4_initcall.txt,init_rc_map_rc6_mce,1.49706,0,0
5,run4_initcall.txt,init_rc_map_real_audio_220_32_keys,1.502318,0,0
5,run4_initcall.txt,init_rc_map_reddo,1.507594,0,0
5,run4_initcall.txt,init_rc_map_siemens_gigaset_rc20,1.512876,0,0
5,run4_initcall.txt,init_rc_map_snapstream_firefly,1.517983,0,0
5,run4_initcall.txt,init_rc_map_streamzap,1.52328,0,0
5,run4_initcall.txt,init_rc_map_su3000,1.528583,0,0
5,run4_initcall.txt,init_rc_map_tanix_tx3mini,1.533888,0,0
5,run4_initcall.txt,init_rc_map_tanix_tx5max,1.539193,0,0
5,run4_initcall.txt,init_rc_map_tbs_nec,1.544495,0,0
5,run4_initcall.txt,init_rc_map,1.549659,0,0
5,run4_initcall.txt,init_rc_map,1.554973,0,0
5,run4_initcall.txt,init_rc_map_terratec_cinergy_c_pci,1.560246,0,0
5,run4_initcall.txt,init_rc_map_terratec_cinergy_s2_hd,1.565518,0,0
5,run4_initcall.txt,init_rc_map_terratec_cinergy_xs,1.570785,0,0
5,run4_initcall.txt,init_rc_map_terratec_slim_2,1.576031,0,0
5,run4_initcall.txt,init_rc_map_terratec_slim,1.581169,0,0
5,run4_initcall.txt,init_rc_map_tevii_nec,1.586391,0,0
5,run4_initcall.txt,init_rc_map_tivo,1.591653,0,0
5,run4_initcall.txt,init_rc_map_total_media_in_hand_02,1.596909,0,0
5,run4_initcall.txt,init_rc_map_total_media_in_hand,1.602183,0,0
5,run4_initcall.txt,init_rc_map_trekstor,1.607477,0,0
5,run4_initcall.txt,init_rc_map_tt_1500,1.612782,0,0
5,run4_initcall.txt,init_rc_map_twinhan_vp1027,1.61793,0,0
5,run4_initcall.txt,init_rc_map_twinhan_dtv_cab_ci,1.623229,0,0
5,run4_initcall.txt,init_rc_map_vega_s9x,1.628491,0,0
5,run4_initcall.txt,init_rc_map_videomate_k100,1.633771,0,0
5,run4_initcall.txt,init_rc_map_videomate_s350,1.639057,0,0
5,run4_initcall.txt,init_rc_map_videomate_tv_pvr,1.644325,0,0
5,run4_initcall.txt,init_rc_map_kii_pro,1.649435,0,0
5,run4_initcall.txt,init_rc_map_wetek_hub,1.654716,0,0
5,run4_initcall.txt,init_rc_map_wetek_play2,1.659998,0,0
5,run4_initcall.txt,init_rc_map_winfast,1.665282,0,0
5,run4_initcall.txt,init_rc_map_winfast_usbii_deluxe,1.67057,0,0
5,run4_initcall.txt,init_rc_map_x96max,1.67586,0,0
5,run4_initcall.txt,init_rc_map,1.68104,0,0
5,run4_initcall.txt,init_rc_map,1.686243,0,0
5,run4_initcall.txt,init_rc_map_zx_irdec,1.691526,0,0
5,run4_initcall.txt,ptp_kvm_init,1.696783,-95,0
5,run4_initcall.txt,gpio_poweroff_driver_init,1.702153,0,96
5,run4_initcall.txt,bcm2711_thermal_driver_init,1.710438,0,2992
5,run4_initcall.txt,bcm2835_thermal_driver_init,1.715646,0,60
5,run4_initcall.txt,bcm2835_wdt_driver_init,1.720981,0,27
5,run4_initcall.txt,dt_cpufreq_platdrv_init,1.726334,0,25
5,run4_initcall.txt,brcm_avs_cpufreq_platdrv_init,1.73171,0,42
5,run4_initcall.txt,raspberrypi_cpufreq_driver_init,1.743248,0,6183
5,run4_initcall.txt,mmc_pwrseq_simple_driver_init,1.74858,0,80
5,run4_initcall.txt,mmc_pwrseq_emmc_driver_init,1.75404,0,40
5,run4_initcall.txt,mmc_blk_init,1.759516,0,40
5,run4_initcall.txt,sdhci_drv_init,1.770405,0,5438
5,run4_initcall.txt,bcm2835_mmc_driver_init,1.778635,0,2791
5,run4_initcall.txt,bcm2835_driver_init,1.784021,0,43
5,run4_initcall.txt,sdhci_pltfm_drv_init,1.792265,0,2740
5,run4_initcall.txt,sdhci_iproc_driver_init,1.797859,0,79
5,run4_initcall.txt,sdhci_brcmstb_driver_init,1.797936,0,62
5,run4_initcall.txt,esrt_sysfs_init,1.797959,-38,0
5,run4_initcall.txt,smccc_devices_init,1.797973,0,1
5,run4_initcall.txt,smccc_soc_init,1.797986,0,1
5,run4_initcall.txt,arch_timer_mmio_drv_init,1.798032,0,36
5,run4_initcall.txt,arch_timer_mmio_acpi_drv_init,1.798063,0,23
5,run4_initcall.txt,hid_init,1.798133,0,60
5,run4_initcall.txt,hid_generic_init,1.79818,0,37
5,run4_initcall.txt,hid_init,1.798234,0,45
5,run4_initcall.txt,vchiq_driver_init,1.870422,0,72176
5,run4_initcall.txt,bcm74110_mbox_driver_init,1.876556,0,101
5,run4_initcall.txt,extcon_class_init,1.882652,0,9
5,run4_initcall.txt,armv8_pmu_driver_init,1.894458,0,6322
5,run4_initcall.txt,binder_init,1.900085,0,120
5,run4_initcall.txt,rpi_otp_driver_init,1.914214,0,8601
5,run4_initcall.txt,sock_diag_init,1.919671,0,32
5,run4_initcall.txt,blackhole_init,1.925144,0,1
5,run4_initcall.txt,cls_bpf_init_mod,1.930591,0,1
5,run4_initcall.txt,gre_offload_init,1.936038,0,0
5,run4_initcall.txt,sysctl_ipv4_init,1.941547,0,73
5,run4_initcall.txt,cubictcp_register,1.947003,0,2
5,run4_initcall.txt,packet_init,1.955038,0,2735
5,run4_initcall.txt,init_rpcsec_gss,1.960511,0,20
5,run4_initcall.txt,init_kerberos_module,1.965957,0,6
5,run4_initcall.txt,dcbnl_init,1.971445,0,6
5,run4_initcall.txt,init_dns_resolver,1.979645,0,2733
5,run4_initcall.txt,handshake_init,1.985019,0,33
5,run4_initcall.txt,check_mmu_enabled_at_boot,1.990523,0,0
5,run4_initcall.txt,finalize_pkvm,1.996035,0,0
5,run4_initcall.txt,kernel_do_mounts_initrd_sysctls_init,2.004435,0,5
5,run4_initcall.txt,kernel_panic_sysctls_init,2.010006,0,12
5,run4_initcall.txt,kernel_panic_sysfs_init,2.015403,0,5
5,run4_initcall.txt,kernel_exit_sysctls_init,2.020952,0,2
5,run4_initcall.txt,kernel_exit_sysfs_init,2.026508,0,2
5,run4_initcall.txt,param_sysfs_builtin_init,2.041601,0,9530
5,run4_initcall.txt,reboot_ksysfs_init,2.047605,0,29
5,run4_initcall.txt,sched_core_sysctl_init,2.053119,0,4
5,run4_initcall.txt,sched_fair_sysctl_init,2.059446,0,8
5,run4_initcall.txt,sched_rt_sysctl_init,2.065095,0,5
5,run4_initcall.txt,sched_dl_sysctl_init,2.070678,0,11
5,run4_initcall.txt,sched_init_debug,2.076322,0,85
5,run4_initcall.txt,cpu_latency_qos_init,2.081838,0,160
5,run4_initcall.txt,printk_late_init,2.087402,0,18
5,run4_initcall.txt,init_srcu_module_notifier,2.092921,0,1
5,run4_initcall.txt,kernel_rcu_stall_sysfs_init,2.098474,0,5
5,run4_initcall.txt,swiotlb_create_default_debugfs,2.104039,0,9
5,run4_initcall.txt,tk_debug_sleep_time_init,2.109587,0,3
5,run4_initcall.txt,bpf_ksym_iter_register,2.114995,0,1
5,run4_initcall.txt,kernel_acct_sysctls_init,2.1205,0,3
5,run4_initcall.txt,bpf_rstat_kfunc_init,2.125979,0,1
5,run4_initcall.txt,debugfs_kprobe_init,2.131448,0,8
5,run4_initcall.txt,kernel_delayacct_sysctls_init,2.136911,0,3
5,run4_initcall.txt,taskstats_init,2.145113,0,2749
5,run4_initcall.txt,bpf_global_ma_init,2.150533,0,126
5,run4_initcall.txt,bpf_syscall_sysctl_init,2.155965,0,5
5,run4_initcall.txt,unbound_reg_init,2.161388,0,0
5,run4_initcall.txt,kfunc_init,2.166819,0,1
5,run4_initcall.txt,bpf_map_iter_init,2.172247,0,1
5,run4_initcall.txt,init_subsystem,2.177682,0,0
5,run4_initcall.txt,task_iter_init,2.18294,0,1
5,run4_initcall.txt,bpf_prog_iter_init,2.188364,0,0
5,run4_initcall.txt,bpf_link_iter_init,2.193792,0,0
5,run4_initcall.txt,init_trampolines,2.199199,0,3
5,run4_initcall.txt,rqspinlock_register_kfuncs,2.20459,0,0
5,run4_initcall.txt,kfunc_init,2.209976,0,0
5,run4_initcall.txt,bpf_cgroup_iter_init,2.2152,0,0
5,run4_initcall.txt,cpumask_kfunc_init,2.220598,0,8
5,run4_initcall.txt,crypto_kfunc_init,2.225992,0,0
5,run4_initcall.txt,bpf_kmem_cache_iter_init,2.231419,0,0
5,run4_initcall.txt,dmabuf_iter_init,2.236839,0,0
5,run4_initcall.txt,load_system_certificate_list,2.244975,0,2718
5,run4_initcall.txt,init_lru_gen,2.250272,0,18
5,run4_initcall.txt,vmstat_late_init,2.255707,0,1
5,run4_initcall.txt,fault_around_debugfs,2.261105,0,3
5,run4_initcall.txt,slab_sysfs_init,2.270283,0,3774
5,run4_initcall.txt,max_swapfiles_check,2.275839,0,0
5,run4_initcall.txt,zswap_init,2.281141,0,0
5,run4_initcall.txt,mempolicy_sysfs_init,2.286539,0,26
5,run4_initcall.txt,memory_tier_late_init,2.297524,0,5533
5,run4_initcall.txt,check_early_ioremap_leak,2.30298,0,0
5,run4_initcall.txt,mg_debugfs_init,2.308458,0,20
5,run4_initcall.txt,fscrypt_init,2.319331,0,5433
5,run4_initcall.txt,pstore_init,2.324801,0,14
5,run4_initcall.txt,init_root_keyring,2.330261,0,31
5,run4_initcall.txt,init_profile_hash,2.335725,0,0
5,run4_initcall.txt,integrity_fs_init,2.341164,0,8
5,run4_initcall.txt,crypto_algapi_init,2.346614,0,9
5,run4_initcall.txt,blk_timeout_init,2.35188,0,0
5,run4_initcall.txt,depot_debugfs_init,2.357315,0,10
5,run4_initcall.txt,pci_resource_alignment_sysfs_init,2.362747,0,6
5,run4_initcall.txt,pci_sysfs_init,2.368164,0,12
5,run4_initcall.txt,clk_debug_init,2.373972,0,405
5,run4_initcall.txt,genpd_debug_init,2.379754,0,338
5,run4_initcall.txt,sync_state_resume_initcall,2.384984,0,0
5,run4_initcall.txt,deferred_probe_initcall,2.481043,0,90676
5,run4_initcall.txt,efi_shutdown_init,2.486336,-19,0
5,run4_initcall.txt,efi_earlycon_unmap_fb,2.491484,0,0
5,run4_initcall.txt,psci_debugfs_init,2.496617,0,0
5,run4_initcall.txt,of_cfs_init,2.506897,0,5166
5,run4_initcall.txt,of_fdt_raw_init,2.512021,0,30
5,run4_initcall.txt,bpf_kfunc_init,2.516952,0,2
5,run4_initcall.txt,init_subsystem,2.522013,0,0
5,run4_initcall.txt,xdp_metadata_init,2.527088,0,0
5,run4_initcall.txt,bpf_sockmap_iter_init,2.537253,0,1
5,run4_initcall.txt,bpf_sk_storage_map_iter_init,2.542385,0,0
5,run4_initcall.txt,bpf_prog_test_run_init,2.547476,0,1
5,run4_initcall.txt,bpf_dummy_struct_ops_init,2.552525,0,0
5,run4_initcall.txt,tcp_congestion_default,2.55768,0,1
5,run4_initcall.txt,inet_blackhole_dev_init,2.565392,0,8
5,run4_initcall.txt,ip_auto_config,2.573216,0,14
5,run4_initcall.txt,tcp_bpf_v4_build_proto,2.578418,0,1
5,run4_initcall.txt,udp_bpf_v4_build_proto,2.583437,0,0
5,run4_initcall.txt,bpf_tcp_ca_kfunc_init,2.588601,0,0
5,run4_initcall.txt,bpf_mptcp_kfunc_init,2.593774,0,0
5,run4_initcall.txt,fb_logo_late_init,2.59889,0,0
5,run4_initcall.txt,amba_stub_drv_init,2.604015,0,23
5,run4_initcall.txt,clk_disable_unused,2.615355,0,6232
5,run4_initcall.txt,genpd_power_off_unused,2.623135,0,2586
5,run4_initcall.txt,regulator_init_complete,2.628295,0,2
5,run4_initcall.txt,of_platform_sync_state_init,2.633481,0,17
6,run5_initcall.txt,iommu_dma_init,0.02766,0,0
6,run5_initcall.txt,dmi_id_init,0.02768,-19,0
6,run5_initcall.txt,bcm2835_mbox_init,0.027705,0,0
6,run5_initcall.txt,of_platform_default_populate_init,0.046717,0,20000
6,run5_initcall.txt,register_mte_tcf_preferred_sysctl,0.046827,0,0
6,run5_initcall.txt,init_fork_sysctl,0.046856,0,0
6,run5_initcall.txt,uid_cache_init,0.046906,0,0
6,run5_initcall.txt,pid_namespace_sysctl_init,0.046935,0,0
6,run5_initcall.txt,param_sysfs_init,0.046966,0,0
6,run5_initcall.txt,user_namespace_sysctl_init,0.046994,0,0
6,run5_initcall.txt,proc_schedstat_init,0.047016,0,0
6,run5_initcall.txt,init_rtmutex_sysctl,0.047032,0,0
6,run5_initcall.txt,pm_sysrq_init,0.047087,0,0
6,run5_initcall.txt,init_rcu_stall_sysctl,0.047106,0,0
6,run5_initcall.txt,init_module_sysctl,0.047123,0,0
6,run5_initcall.txt,create_proc_profile,0.047141,0,0
6,run5_initcall.txt,cgroup_sysfs_init,0.047165,0,0
6,run5_initcall.txt,user_namespaces_init,0.047191,0,0
6,run5_initcall.txt,hung_task_init,0.047298,0,0
6,run5_initcall.txt,dev_map_init,0.047319,0,0
6,run5_initcall.txt,netns_bpf_init,0.047339,0,0
6,run5_initcall.txt,oom_init,0.047404,0,0
6,run5_initcall.txt,init_user_buckets,0.047424,0,0
6,run5_initcall.txt,init_vm_util_sysctls,0.047446,0,0
6,run5_initcall.txt,default_bdi_init,0.047559,0,0
6,run5_initcall.txt,cgwb_init,0.047583,0,0
6,run5_initcall.txt,percpu_enable_async,0.0476,0,0
6,run5_initcall.txt,kcompactd_init,0.047712,0,0
6,run5_initcall.txt,init_mm_sysctl,0.047729,0,0
6,run5_initcall.txt,init_user_reserve,0.047746,0,0
6,run5_initcall.txt,init_admin_reserve,0.04776,0,0
6,run5_initcall.txt,init_reserve_notifier,0.047774,0,0
6,run5_initcall.txt,swap_init,0.047793,0,0
6,run5_initcall.txt,swapfile_init,0.047814,0,0
6,run5_initcall.txt,memory_tier_init,0.047861,0,0
6,run5_initcall.txt,numa_init_sysfs,0.047882,0,0
6,run5_initcall.txt,mem_cgroup_swap_init,0.047898,0,0
6,run5_initcall.txt,init_msg_buckets,0.047915,0,0
6,run5_initcall.txt,init_bio,0.047961,0,0
6,run5_initcall.txt,blk_ioc_init,0.04798,0,0
6,run5_initcall.txt,blk_mq_init,0.047998,0,0
6,run5_initcall.txt,genhd_device_init,0.04809,0,0
6,run5_initcall.txt,blkcg_punt_bio_init,0.04821,0,4000
6,run5_initcall.txt,blk_integrity_auto_init,0.048279,0,0
6,run5_initcall.txt,io_wq_init,0.048298,0,0
6,run5_initcall.txt,crc_t10dif_mod_init,0.048323,0,0
6,run5_initcall.txt,sha256_mod_init,0.048342,0,0
6,run5_initcall.txt,sha512_mod_init,0.048359,0,0
6,run5_initcall.txt,sg_pool_init,0.048392,0,0
6,run5_initcall.txt,gpiolib_debugfs_init,0.048414,0,0
6,run5_initcall.txt,stmpe_gpio_init,0.048515,0,0
6,run5_initcall.txt,pwm_init,0.048543,0,0
6,run5_initcall.txt,leds_init,0.048574,0,0
6,run5_initcall.txt,pci_slot_init,0.048597,0,0
6,run5_initcall.txt,fbmem_init,0.048647,0,0
6,run5_initcall.txt,bcm2835_dma_init,0.04934,0,0
6,run5_initcall.txt,regulator_fixed_voltage_init,0.049421,0,0
6,run5_initcall.txt,gpio_regulator_init,0.049477,0,0
6,run5_initcall.txt,init_sysrq_sysctl,0.049501,0,0
6,run5_initcall.txt,misc_init,0.049525,0,0
6,run5_initcall.txt,iommu_subsys_init,0.04956,0,0
6,run5_initcall.txt,register_cpu_capacity_sysctl,0.049863,0,0
6,run5_initcall.txt,dma_buf_init,0.049993,0,0
6,run5_initcall.txt,dma_heap_init,0.050029,0,0
6,run5_initcall.txt,init_scsi,0.050137,0,0
6,run5_initcall.txt,mdio_bus_init,0.050169,0,0
6,run5_initcall.txt,phy_init,0.050214,0,0
6,run5_initcall.txt,usb_common_init,0.050234,0,0
6,run5_initcall.txt,usb_init,0.050351,0,0
6,run5_initcall.txt,usb_phy_generic_init,0.05053,0,0
6,run5_initcall.txt,usb_udc_init,0.050563,0,0
6,run5_initcall.txt,usb_roles_init,0.050581,0,0
6,run5_initcall.txt,input_init,0.050607,0,0
6,run5_initcall.txt,rtc_init,0.050625,0,0
6,run5_initcall.txt,rc_core_init,0.05065,0,0
6,run5_initcall.txt,pps_init,0.050686,0,0
6,run5_initcall.txt,ptp_init,0.050725,0,0
6,run5_initcall.txt,power_supply_class_init,0.050755,0,0
6,run5_initcall.txt,hwmon_init,0.050776,0,0
6,run5_initcall.txt,mmc_init,0.050817,0,0
6,run5_initcall.txt,dmi_init,0.050834,0,0
6,run5_initcall.txt,efisubsys_init,0.050852,0,0
6,run5_initcall.txt,arm_pmu_hp_init,0.050871,0,0
6,run5_initcall.txt,ras_init,0.050892,0,0
6,run5_initcall.txt,nvmem_init,0.050933,0,0
6,run5_initcall.txt,init_soundcore,0.050954,0,0
6,run5_initcall.txt,proto_init,0.050973,0,0
6,run5_initcall.txt,net_dev_init,0.051201,0,0
6,run5_initcall.txt,neigh_init,0.051221,0,0
6,run5_initcall.txt,fib_notifier_init,0.051238,0,0
6,run5_initcall.txt,netdev_genl_init,0.051278,0,0
6,run5_initcall.txt,page_pool_user_init,0.051295,0,0
6,run5_initcall.txt,fib_rules_init,0.051313,0,0
6,run5_initcall.txt,init_cgroup_netprio,0.05133,0,0
6,run5_initcall.txt,bpf_lwt_init,0.051345,0,0
6,run5_initcall.txt,pktsched_init,0.051366,0,0
6,run5_initcall.txt,tc_filter_init,0.0514,0,0
6,run5_initcall.txt,tc_action_init,0.051418,0,0
6,run5_initcall.txt,ethnl_init,0.05149,0,0
6,run5_initcall.txt,nexthop_init,0.051511,0,0
6,run5_initcall.txt,devlink_init,0.051592,0,0
6,run5_initcall.txt,wireless_nlevent_init,0.051613,0,0
6,run5_initcall.txt,vsprintf_init_hashval,0.051633,0,0
6,run5_initcall.txt,init_32bit_el0_mask,0.05165,0,0
6,run5_initcall.txt,vga_arb_device_init,0.051783,0,0
6,run5_initcall.txt,watchdog_init,0.051906,0,0
6,run5_initcall.txt,create_debug_debugfs_entry,0.052011,0,0
6,run5_initcall.txt,iomem_init_inode,0.052055,0,0
6,run5_initcall.txt,clocksource_done_booting,0.052106,0,14
6,run5_initcall.txt,bpf_init,0.052129,0,5
6,run5_initcall.txt,secretmem_init,0.052157,0,11
6,run5_initcall.txt,init_fs_stat_sysctls,0.052186,0,11
6,run5_initcall.txt,init_fs_exec_sysctls,0.052205,0,1
6,run5_initcall.txt,init_pipe_fs,0.052242,0,17
6,run5_initcall.txt,init_fs_namei_sysctls,0.052269,0,7
6,run5_initcall.txt,init_fs_dcache_sysctls,0.052294,0,7
6,run5_initcall.txt,init_fs_namespace_sysctls,0.052313,0,1
6,run5_initcall.txt,cgroup_writeback_init,0.052335,0,4
6,run5_initcall.txt,inotify_user_setup,0.052368,0,14
6,run5_initcall.txt,eventpoll_init,0.052404,0,18
6,run5_initcall.txt,anon_inode_init,0.05244,0,14
6,run5_initcall.txt,proc_locks_init,0.052463,0,4
6,run5_initcall.txt,backing_aio_init,0.052483,0,2
6,run5_initcall.txt,init_fs_coredump_sysctls,0.052506,0,6
6,run5_initcall.txt,init_vm_drop_caches_sysctls,0.052524,0,3
6,run5_initcall.txt,iomap_dio_init,0.05256,0,21
6,run5_initcall.txt,iomap_ioend_init,0.052595,0,21
6,run5_initcall.txt,dquot_init,0.052692,0,82
6,run5_initcall.txt,proc_cmdline_init,0.05271,0,1
6,run5_initcall.txt,proc_consoles_init,0.052724,0,1
6,run5_initcall.txt,proc_cpuinfo_init,0.05274,0,1
6,run5_initcall.txt,proc_devices_init,0.052754,0,0
6,run5_initcall.txt,proc_interrupts_init,0.052768,0,1
6,run5_initcall.txt,proc_loadavg_init,0.052782,0,0
6,run5_initcall.txt,proc_meminfo_init,0.052796,0,0
6,run5_initcall.txt,proc_stat_init,0.052812,0,1
6,run5_initcall.txt,proc_uptime_init,0.052826,0,1
6,run5_initcall.txt,proc_version_init,0.05284,0,0
6,run5_initcall.txt,proc_softirqs_init,0.052857,0,3
6,run5_initcall.txt,proc_kmsg_init,0.052872,0,1
6,run5_initcall.txt,proc_page_init,0.052888,0,2
6,run5_initcall.txt,init_ramfs_fs,0.052903,0,1
6,run5_initcall.txt,aa_create_aafs,0.05292,0,0
6,run5_initcall.txt,chr_dev_init,0.055793,0,2854
6,run5_initcall.txt,hwrng_modinit,0.055872,0,46
6,run5_initcall.txt,firmware_class_init,0.055892,0,1
6,run5_initcall.txt,sysctl_core_init,0.055937,0,27
6,run5_initcall.txt,eth_offload_init,0.055953,0,0
6,run5_initcall.txt,ipv4_offload_init,0.05597,0,1
6,run5_initcall.txt,inet_init,0.060137,0,4149
6,run5_initcall.txt,af_unix_init,0.060197,0,24
6,run5_initcall.txt,ipv6_offload_init,0.060219,0,1
6,run5_initcall.txt,init_sunrpc,0.060589,0,352
6,run5_initcall.txt,vlan_offload_init,0.060607,0,0
6,run5_initcall.txt,pci_apply_final_quirks,0.060638,0,13
6,run5_initcall.txt,populate_rootfs,0.060675,0,8
6,run5_initcall.txt,register_arm64_panic_block,0.060796,0,0
6,run5_initcall.txt,cpuinfo_regs_init,0.060902,0,91
6,run5_initcall.txt,aarch32_el0_sysfs_init,0.060919,0,0
6,run5_initcall.txt,kvm_arm_init,0.064445,0,3507
6,run5_initcall.txt,proc_execdomains_init,0.064486,0,3
6,run5_initcall.txt,register_warn_debugfs,0.064508,0,3
6,run5_initcall.txt,cpuhp_sysfs_init,0.064555,0,29
6,run5_initcall.txt,ioresources_init,0.064586,0,3
6,run5_initcall.txt,psi_proc_init,0.064603,0,0
6,run5_initcall.txt,irq_gc_init_ops,0.064617,0,0
6,run5_initcall.txt,irq_debugfs_init,0.064707,0,74
6,run5_initcall.txt,proc_modules_init,0.064724,0,1
6,run5_initcall.txt,timer_sysctl_init,0.064749,0,9
6,run5_initcall.txt,timekeeping_init_ops,0.064765,0,0
6,run5_initcall.txt,init_clocksource_sysfs,0.064844,0,62
6,run5_initcall.txt,init_timer_list_procfs,0.064868,0,4
6,run5_initcall.txt,alarmtimer_init,0.064945,0,61
6,run5_initcall.txt,clockevents_init_sysfs,0.065071,0,109
6,run5_initcall.txt,sched_clock_syscore_init,0.06509,0,0
6,run5_initcall.txt,kallsyms_init,0.065109,0,1
6,run5_initcall.txt,pid_namespaces_init,0.06515,0,22
6,run5_initcall.txt,audit_watch_init,0.065168,0,0
6,run5_initcall.txt,audit_fsnotify_init,0.065185,0,0
6,run5_initcall.txt,audit_tree_init,0.065205,0,2
6,run5_initcall.txt,seccomp_sysctl_init,0.065227,0,4
6,run5_initcall.txt,utsname_sysctl_init,0.065252,0,8
6,run5_initcall.txt,init_lstats_procfs,0.065272,0,3
6,run5_initcall.txt,perf_event_sysfs_init,0.065344,0,53
6,run5_initcall.txt,system_trusted_keyring_init,0.065378,0,14
6,run5_initcall.txt,kswapd_init,0.065613,0,214
6,run5_initcall.txt,extfrag_debug_init,0.065644,0,10
6,run5_initcall.txt,mm_compute_batch_init,0.065662,0,1
6,run5_initcall.txt,slab_proc_init,0.065678,0,2
6,run5_initcall.txt,workingset_init,0.065701,0,8
6,run5_initcall.txt,proc_vmalloc_init,0.065716,0,1
6,run5_initcall.txt,memblock_init_debugfs,0.065736,0,5
6,run5_initcall.txt,slab_debugfs_init,0.065756,0,4
6,run5_initcall.txt,procswaps_init,0.065775,0,1
6,run5_initcall.txt,zs_init,0.065791,0,0
6,run5_initcall.txt,fcntl_init,0.065809,0,2
6,run5_initcall.txt,proc_filesystems_init,0.065827,0,1
6,run5_initcall.txt,start_dirtytime_writeback,0.06585,0,4
6,run5_initcall.txt,dio_init,0.065869,0,1
6,run5_initcall.txt,dnotify_init,0.065902,0,15
6,run5_initcall.txt,fanotify_user_setup,0.06593,0,10
6,run5_initcall.txt,aio_setup,0.065989,0,38
6,run5_initcall.txt,mbcache_init,0.066014,0,5
6,run5_initcall.txt,init_grace,0.066032,0,2
6,run5_initcall.txt,init_devpts_fs,0.066055,0,9
6,run5_initcall.txt,ext4_init_fs,0.066169,0,100
6,run5_initcall.txt,journal_init,0.0662,0,14
6,run5_initcall.txt,init_fat_fs,0.06622,0,5
6,run5_initcall.txt,init_vfat_fs,0.066235,0,0
6,run5_initcall.txt,init_msdos_fs,0.066251,0,0
6,run5_initcall.txt,init_nfs_fs,0.066407,0,142
6,run5_initcall.txt,init_nfs_v2,0.066426,0,0
6,run5_initcall.txt,init_nfs_v3,0.06644,0,0
6,run5_initcall.txt,init_nfs_v4,0.066484,0,30
6,run5_initcall.txt,nfs4filelayout_init,0.066506,0,6
6,run5_initcall.txt,nfs4flexfilelayout_init,0.066527,0,7
6,run5_initcall.txt,init_nlm,0.066572,0,28
6,run5_initcall.txt,init_nls_cp437,0.066588,0,0
6,run5_initcall.txt,init_nls_ascii,0.066602,0,0
6,run5_initcall.txt,init_autofs_fs,0.066708,0,91
6,run5_initcall.txt,init_f2fs_fs,0.066848,0,123
6,run5_initcall.txt,ipc_init,0.06688,0,16
6,run5_initcall.txt,ipc_sysctl_init,0.066914,0,18
6,run5_initcall.txt,init_mqueue_fs,0.066966,0,36
6,run5_initcall.txt,key_proc_init,0.066987,0,2
6,run5_initcall.txt,bpf_crypto_skcipher_init,0.067004,0,1
6,run5_initcall.txt,dh_init,0.067022,0,2
6,run5_initcall.txt,rsa_init,0.067039,0,1
6,run5_initcall.txt,cryptomgr_init,0.067057,0,2
6,run5_initcall.txt,hmac_module_init,0.067072,0,0
6,run5_initcall.txt,crypto_sha256_mod_init,0.067092,0,4
6,run5_initcall.txt,crypto_ecb_module_init,0.067108,0,0
6,run5_initcall.txt,crypto_cbc_module_init,0.067125,0,0
6,run5_initcall.txt,crypto_cts_module_init,0.067141,0,0
6,run5_initcall.txt,xts_module_init,0.067157,0,0
6,run5_initcall.txt,des_generic_mod_init,0.067175,0,2
6,run5_initcall.txt,aes_init,0.067191,0,0
6,run5_initcall.txt,lzo_mod_init,0.067208,0,1
6,run5_initcall.txt,lzorle_mod_init,0.067224,0,0
6,run5_initcall.txt,asymmetric_key_init,0.067244,0,4
6,run5_initcall.txt,x509_key_init,0.067266,0,5
6,run5_initcall.txt,crypto_kdf108_init,0.067282,0,0
6,run5_initcall.txt,blkdev_init,0.067312,0,13
6,run5_initcall.txt,proc_genhd_init,0.06733,0,2
6,run5_initcall.txt,bsg_init,0.067363,0,15
6,run5_initcall.txt,throtl_init,0.067451,0,72
6,run5_initcall.txt,deadline_init,0.067476,0,6
6,run5_initcall.txt,kyber_init,0.067498,0,5
6,run5_initcall.txt,bfq_init,0.067534,0,19
6,run5_initcall.txt,io_uring_init,0.06757,0,20
6,run5_initcall.txt,btree_module_init,0.067591,0,2
6,run5_initcall.txt,percpu_counter_startup,0.067644,0,34
6,run5_initcall.txt,audit_classes_init,0.067668,0,5
6,run5_initcall.txt,gicv5_iwb_platform_driver_init,0.067773,0,86
6,run5_initcall.txt,mip_msi_driver_init,0.067826,0,34
6,run5_initcall.txt,bcm7038_l1_driver_init,0.067879,0,33
6,run5_initcall.txt,bcm7120_l2_driver_init,0.067937,0,38
6,run5_initcall.txt,brcmstb_l2_driver_init,0.068262,0,306
6,run5_initcall.txt,simple_pm_bus_driver_init,0.068847,0,564
6,run5_initcall.txt,phy_core_init,0.068883,0,13
6,run5_initcall.txt,brcm_usb_driver_init,0.068974,0,72
6,run5_initcall.txt,rp1_pinctrl_driver_init,0.069026,0,33
6,run5_initcall.txt,bcm2835_pinctrl_driver_init,0.069877,0,828
6,run5_initcall.txt,bcm2712_pinctrl_driver_init,0.069956,0,54
6,run5_initcall.txt,brcmvirt_gpio_driver_init,0.07001,0,35
6,run5_initcall.txt,brcmstb_gpio_driver_init,0.070064,0,33
6,run5_initcall.txt,rpi_exp_gpio_driver_init,0.070457,0,373
6,run5_initcall.txt,brcmstb_pwm_driver_init,0.070519,0,35
6,run5_initcall.txt,rp1_pwm_driver_init,0.070572,0,33
6,run5_initcall.txt,gpio_led_driver_init,0.072348,0,1757
6,run5_initcall.txt,led_pwm_driver_init,0.072415,0,44
6,run5_initcall.txt,timer_led_trigger_init,0.072436,0,1
6,run5_initcall.txt,oneshot_led_trigger_init,0.072455,0,0
6,run5_initcall.txt,heartbeat_trig_init,0.072475,0,2
6,run5_initcall.txt,bl_led_trigger_init,0.072494,0,0
6,run5_initcall.txt,ledtrig_cpu_init,0.072562,0,50
6,run5_initcall.txt,defon_led_trigger_init,0.072612,0,33
6,run5_initcall.txt,input_trig_init,0.072631,0,1
6,run5_initcall.txt,ledtrig_panic_init,0.072645,0,1
6,run5_initcall.txt,actpwr_trig_init,0.072868,0,208
6,run5_initcall.txt,pcie_portdrv_init,0.072942,0,57
6,run5_initcall.txt,pci_proc_init,0.072965,0,8
6,run5_initcall.txt,brcm_pcie_driver_init,0.185018,0,112035
6,run5_initcall.txt,bcm2708_fb_init,0.185103,0,65
6,run5_initcall.txt,simplefb_driver_init,0.211137,0,26018
6,run5_initcall.txt,of_fixed_factor_clk_driver_init,0.211227,0,39
6,run5_initcall.txt,of_fixed_clk_driver_init,0.21131,0,35
6,run5_initcall.txt,gpio_clk_driver_init,0.211397,0,40
6,run5_initcall.txt,gated_fixed_clk_driver_init,0.211478,0,33
6,run5_initcall.txt,rp1_clk_driver_init,0.211567,0,34
6,run5_initcall.txt,rp1_sdio_clk_driver_init,0.211647,0,34
6,run5_initcall.txt,clk_dvp_driver_init,0.211844,0,153
6,run5_initcall.txt,bcm2835_aux_clk_driver_init,0.211955,0,63
6,run5_initcall.txt,raspberrypi_clk_driver_init,0.227409,0,15406
6,run5_initcall.txt,dw_driver_init,0.227505,0,46
6,run5_initcall.txt,bcm2835_power_driver_init,0.227573,0,22
6,run5_initcall.txt,rpi_power_driver_init,0.228975,0,1357
6,run5_initcall.txt,brcmstb_reset_driver_init,0.229068,0,40
6,run5_initcall.txt,brcm_rescal_reset_driver_init,0.229154,0,35
6,run5_initcall.txt,rpi_reset_driver_init,0.22931,0,109
6,run5_initcall.txt,reset_simple_driver_init,0.229439,0,77
6,run5_initcall.txt,n_null_init,0.229483,0,0
6,run5_initcall.txt,pty_init,0.22962,0,95
6,run5_initcall.txt,sysrq_init,0.229677,0,13
6,run5_initcall.txt,serial8250_init,0.229719,-19,0
6,run5_initcall.txt,bcm2835aux_serial_driver_init,0.229809,0,39
6,run5_initcall.txt,brcmuart_init,0.229909,0,51
6,run5_initcall.txt,exar_pci_driver_init,0.229981,0,25
6,run5_initcall.txt,of_platform_serial_driver_init,0.230121,0,90
6,run5_initcall.txt,serial_pci_driver_init,0.2302,0,28
6,run5_initcall.txt,pericom8250_pci_driver_init,0.230266,0,16
6,run5_initcall.txt,init_kgdboc,0.23041,0,98
6,run5_initcall.txt,random_sysctls_init,0.230468,0,13
6,run5_initcall.txt,ttyprintk_init,0.230569,0,53
6,run5_initcall.txt,bcm2835_rng_driver_init,0.230672,0,54
6,run5_initcall.txt,bcm74110_rng_driver_init,0.230757,0,35
6,run5_initcall.txt,iproc_rng200_driver_init,0.231092,0,284
6,run5_initcall.txt,smccc_trng_driver_init,0.231167,0,25
6,run5_initcall.txt,vc_mem_init,0.231343,0,129
6,run5_initcall.txt,vcio_driver_init,0.234327,0,2934
6,run5_initcall.txt,bcm2712_iommu_driver_init,0.239331,0,49
6,run5_initcall.txt,bcm2712_iommu_cache_driver_init,0.244508,0,40
6,run5_initcall.txt,topology_sysfs_init,0.249733,0,71
6,run5_initcall.txt,cacheinfo_sysfs_init,0.255165,0,235
6,run5_initcall.txt,devcoredump_init,0.260392,0,12
6,run5_initcall.txt,brd_init,0.271881,0,6258
6,run5_initcall.txt,loop_init,0.282351,0,5214
6,run5_initcall.txt,bcm2835_pm_driver_init,0.290344,0,2762
6,run5_initcall.txt,stmpe_i2c_driver_init,0.295578,0,15
6,run5_initcall.txt,stmpe_spi_driver_init,0.300802,0,25
6,run5_initcall.txt,rp1_driver_init,0.305872,0,32
6,run5_initcall.txt,system_heap_create,0.311152,0,93
6,run5_initcall.txt,add_default_cma_heap,0.316448,0,92
6,run5_initcall.txt,udmabuf_dev_init,0.321674,0,44
6,run5_initcall.txt,iscsi_transport_init,0.329697,0,2840
6,run5_initcall.txt,init_sd,0.33491,0,23
6,run5_initcall.txt,nvme_core_init,0.340162,0,262
6,run5_initcall.txt,nvme_init,0.345381,0,28
6,run5_initcall.txt,blackhole_netdev_init,0.350589,0,18
6,run5_initcall.txt,netkit_init,0.355754,0,8
6,run5_initcall.txt,phylink_init,0.360932,0,0
6,run5_initcall.txt,phy_module_init,0.366265,0,174
6,run5_initcall.txt,phy_module_init,0.371426,0,173
6,run5_initcall.txt,fixed_mdio_bus_init,0.376742,0,153
6,run5_initcall.txt,phy_module_init,0.382065,0,167
6,run5_initcall.txt,phy_module_init,0.387289,0,19
6,run5_initcall.txt,phy_module_init,0.392645,0,64
6,run5_initcall.txt,unimac_mdio_driver_init,0.39805,0,133
6,run5_initcall.txt,macb_driver_init,0.403406,0,109
6,run5_initcall.txt,bcmgenet_driver_init,0.611418,0,202667
6,run5_initcall.txt,bcmasp_driver_init,0.617099,0,88
6,run5_initcall.txt,lan78xx_driver_init,0.625527,0,2834
6,run5_initcall.txt,smsc95xx_driver_init,0.634063,0,2862
6,run5_initcall.txt,usbnet_init,0.639597,0,0
6,run5_initcall.txt,xhci_hcd_init,0.645276,0,13
6,run5_initcall.txt,xhci_pci_init,0.82091,0,169970
6,run5_initcall.txt,xhci_plat_init,0.826568,0,125
6,run5_initcall.txt,dwc_otg_driver_init,0.842924,0,10854
6,run5_initcall.txt,dwc_common_port_init_module,0.851229,0,2816
6,run5_initcall.txt,dwc3_driver_init,0.856774,0,70
6,run5_initcall.txt,dwc3_haps_driver_init,0.862283,0,29
6,run5_initcall.txt,dwc3_of_simple_driver_init,0.867784,0,63
6,run5_initcall.txt,dwc3_generic_driver_init,0.873118,0,39
6,run5_initcall.txt,dwc2_platform_driver_init,0.878695,0,139
6,run5_initcall.txt,uas_init,0.886956,0,2830
6,run5_initcall.txt,usb_storage_driver_init,0.895096,0,2724
6,run5_initcall.txt,brcmstb_usb_pinmap_init,0.900602,-19,78
6,run5_initcall.txt,bdc_driver_init,0.905974,0,50
6,run5_initcall.txt,input_leds_init,0.911457,0,2
6,run5_initcall.txt,mousedev_init,0.920415,0,3023
6,run5_initcall.txt,evdev_init,0.925901,0,0
6,run5_initcall.txt,brcmstb_waketmr_driver_init,0.931482,0,73
6,run5_initcall.txt,rpi_rtc_driver_init,0.936871,0,41
6,run5_initcall.txt,init_rc_map_adstech_dvb_t_pci,0.942292,0,0
6,run5_initcall.txt,init_rc_map_alink_dtu_m,0.947751,0,0
6,run5_initcall.txt,init_rc_map_anysee,0.953333,0,0
6,run5_initcall.txt,init_rc_map_apac_viewcomp,0.958776,0,0
6,run5_initcall.txt,init_rc_map_t2hybrid,0.964221,0,0
6,run5_initcall.txt,init_rc_map_asus_pc39,0.969613,0,0
6,run5_initcall.txt,init_rc_map_asus_ps3_100,0.97494,0,1
6,run5_initcall.txt,init_rc_map_ati_tv_wonder_hd_600,0.98047,0,0
6,run5_initcall.txt,init_rc_map_ati_x10,0.985885,0,0
6,run5_initcall.txt,init_rc_map_avermedia_a16d,0.991293,0,0
6,run5_initcall.txt,init_rc_map_avermedia_cardbus,0.996687,0,0
6,run5_initcall.txt,init_rc_map_avermedia_dvbt,1.002083,0,0
6,run5_initcall.txt,init_rc_map_avermedia_m135a,1.007316,0,0
6,run5_initcall.txt,init_rc_map_avermedia_m733a_rm_k6,1.012714,0,0
6,run5_initcall.txt,init_rc_map_avermedia,1.0181,0,0
6,run5_initcall.txt,init_rc_map_avermedia_rm_ks,1.023477,0,0
6,run5_initcall.txt,init_rc_map_avertv_303,1.028879,0,0
6,run5_initcall.txt,init_rc_map_azurewave_ad_tu700,1.034278,0,0
6,run5_initcall.txt,init_rc_map_beelink_gs1,1.042335,0,0
6,run5_initcall.txt,init_rc_map_beelink_mxiii,1.047772,0,0
6,run5_initcall.txt,init_rc_map_behold_columbus,1.053152,0,0
6,run5_initcall.txt,init_rc_map_behold,1.058511,0,0
6,run5_initcall.txt,init_rc_map_budget_ci_old,1.063862,0,0
6,run5_initcall.txt,init_rc_map_cinergy_1400,1.069203,0,0
6,run5_initcall.txt,init_rc_map_cinergy,1.074373,0,0
6,run5_initcall.txt,init_rc_map_ct_90405,1.079672,0,0
6,run5_initcall.txt,init_rc_map_d680_dmb,1.084964,0,0
6,run5_initcall.txt,init_rc_map_delock_61959,1.090247,0,0
6,run5_initcall.txt,init_rc_map,1.09554,0,0
6,run5_initcall.txt,init_rc_map,1.100831,0,0
6,run5_initcall.txt,init_rc_map_digitalnow_tinytwin,1.10597,0,0
6,run5_initcall.txt,init_rc_map_digittrade,1.111357,0,0
6,run5_initcall.txt,init_rc_map_dm1105_nec,1.116668,0,0
6,run5_initcall.txt,init_rc_map_dntv_live_dvb_t,1.121946,0,0
6,run5_initcall.txt,init_rc_map_dntv_live_dvbt_pro,1.127247,0,0
6,run5_initcall.txt,init_rc_map_dreambox,1.132535,0,0
6,run5_initcall.txt,init_rc_map_dtt200u,1.137672,0,0
6,run5_initcall.txt,init_rc_map_rc5_dvbsky,1.14299,0,0
6,run5_initcall.txt,init_rc_map_dvico_mce,1.148307,0,0
6,run5_initcall.txt,init_rc_map_dvico_portable,1.153635,0,0
6,run5_initcall.txt,init_rc_map_em_terratec,1.159064,0,0
6,run5_initcall.txt,init_rc_map_encore_enltv2,1.164411,0,0
6,run5_initcall.txt,init_rc_map_encore_enltv_fm53,1.169806,0,0
6,run5_initcall.txt,init_rc_map_encore_enltv,1.17505,0,0
6,run5_initcall.txt,init_rc_map_evga_indtube,1.180388,0,0
6,run5_initcall.txt,init_rc_map_eztv,1.185749,0,0
6,run5_initcall.txt,init_rc_map_flydvb,1.191193,0,0
6,run5_initcall.txt,init_rc_map_flyvideo,1.196612,0,0
6,run5_initcall.txt,init_rc_map_fusionhdtv_mce,1.202043,0,0
6,run5_initcall.txt,init_rc_map_gadmei_rm008z,1.207248,0,0
6,run5_initcall.txt,init_rc_map_geekbox,1.217967,0,0
6,run5_initcall.txt,init_rc_map_genius_tvgo_a11mce,1.226105,0,0
6,run5_initcall.txt,init_rc_map_gotview7135,1.231575,0,0
6,run5_initcall.txt,init_rc_map_rc5_hauppauge_new,1.236939,0,0
6,run5_initcall.txt,init_rc_map_hisi_poplar,1.245002,0,0
6,run5_initcall.txt,init_rc_map_hisi_tv_demo,1.253029,0,0
6,run5_initcall.txt,init_rc_map_imon_mce,1.258425,0,0
6,run5_initcall.txt,init_rc_map_imon_pad,1.263828,0,0
6,run5_initcall.txt,init_rc_map_imon_rsc,1.269178,0,0
6,run5_initcall.txt,init_rc_map_iodata_bctv7e,1.276899,0,0
6,run5_initcall.txt,init_rc_it913x_v1_map,1.28482,0,0
6,run5_initcall.txt,init_rc_it913x_v2_map,1.290088,0,0
6,run5_initcall.txt,init_rc_map_kaiomy,1.295336,0,0
6,run5_initcall.txt,init_rc_map_khadas,1.30056,0,0
6,run5_initcall.txt,init_rc_map_khamsin,1.305632,0,0
6,run5_initcall.txt,init_rc_map_kworld_315u,1.310862,0,0
6,run5_initcall.txt,init_rc_map_kworld_pc150u,1.316109,0,0
6,run5_initcall.txt,init_rc_map_kworld_plus_tv_analog,1.321343,0,0
6,run5_initcall.txt,init_rc_map_leadtek_y04g0051,1.326562,0,0
6,run5_initcall.txt,init_rc_lme2510_map,1.331813,0,0
6,run5_initcall.txt,init_rc_map_manli,1.336936,0,0
6,run5_initcall.txt,init_rc_map_mecool_kiii_pro,1.342174,0,0
6,run5_initcall.txt,init_rc_map_mecool_kii_pro,1.347463,0,0
6,run5_initcall.txt,init_rc_map_medion_x10_digitainer,1.352731,0,0
6,run5_initcall.txt,init_rc_map_medion_x10,1.358004,0,0
6,run5_initcall.txt,init_rc_map_medion_x10_or2x,1.363263,0,0
6,run5_initcall.txt,init_rc_map_minix_neo,1.368526,0,0
6,run5_initcall.txt,init_rc_map_msi_digivox_iii,1.373625,0,0
6,run5_initcall.txt,init_rc_map_msi_digivox_ii,1.379041,0,0
6,run5_initcall.txt,init_rc_map_msi_tvanywhere,1.384473,0,0
6,run5_initcall.txt,init_rc_map_msi_tvanywhere_plus,1.389869,0,0
6,run5_initcall.txt,init_rc_map_mygica_utv3,1.395265,0,0
6,run5_initcall.txt,init_rc_map_nebula,1.400647,0,0
6,run5_initcall.txt,init_rc_map_nec_terratec_cinergy_xs,1.405738,0,0
6,run5_initcall.txt,init_rc_map_norwood,1.410975,0,0
6,run5_initcall.txt,init_rc_map_npgtech,1.416226,0,0
6,run5_initcall.txt,init_rc_map_odroid,1.421479,0,0
6,run5_initcall.txt,init_rc_map_pctv_sedna,1.426724,0,0
6,run5_initcall.txt,init_rc_map_pine64,1.431987,0,0
6,run5_initcall.txt,init_rc_map_pinnacle_color,1.437073,0,0
6,run5_initcall.txt,init_rc_map_pinnacle_grey,1.442286,0,0
6,run5_initcall.txt,init_rc_map_pinnacle_pctv_hd,1.447496,0,0
6,run5_initcall.txt,init_rc_map_pixelview,1.452704,0,0
6,run5_initcall.txt,init_rc_map_pixelview,1.457916,0,0
6,run5_initcall.txt,init_rc_map_pixelview_new,1.463133,0,0
6,run5_initcall.txt,init_rc_map_pixelview,1.468348,0,0
6,run5_initcall.txt,init_rc_map_powercolor_real_angel,1.473403,0,0
6,run5_initcall.txt,init_rc_map_proteus_2309,1.478624,0,0
6,run5_initcall.txt,init_rc_map_purpletv,1.483841,0,0
6,run5_initcall.txt,init_rc_map_pv951,1.489066,0,0
6,run5_initcall.txt,init_rc_map_rc6_mce,1.494295,0,0
6,run5_initcall.txt,init_rc_map_real_audio_220_32_keys,1.499551,0,0
6,run5_initcall.txt,init_rc_map_reddo,1.504655,0,0
6,run5_initcall.txt,init_rc_map_siemens_gigaset_rc20,1.509906,0,0
6,run5_initcall.txt,init_rc_map_snapstream_firefly,1.515172,0,0
6,run5_initcall.txt,init_rc_map_streamzap,1.520466,0,0
6,run5_initcall.txt,init_rc_map_su3000,1.525755,0,0
6,run5_initcall.txt,init_rc_map_tanix_tx3mini,1.53105,0,0
6,run5_initcall.txt,init_rc_map_tanix_tx5max,1.536305,0,0
6,run5_initcall.txt,init_rc_map_tbs_nec,1.541509,0,0
6,run5_initcall.txt,init_rc_map,1.546835,0,0
6,run5_initcall.txt,init_rc_map,1.552144,0,0
6,run5_initcall.txt,init_rc_map_terratec_cinergy_c_pci,1.55741,0,0
6,run5_initcall.txt,init_rc_map_terratec_cinergy_s2_hd,1.562669,0,0
6,run5_initcall.txt,init_rc_map_terratec_cinergy_xs,1.567919,0,0
6,run5_initcall.txt,init_rc_map_terratec_slim_2,1.572996,0,0
6,run5_initcall.txt,init_rc_map_terratec_slim,1.578237,0,0
6,run5_initcall.txt,init_rc_map_tevii_nec,1.583456,0,0
6,run5_initcall.txt,init_rc_map_tivo,1.588717,0,0
6,run5_initcall.txt,init_rc_map_total_media_in_hand_02,1.593974,0,0
6,run5_initcall.txt,init_rc_map_total_media_in_hand,1.599222,0,0
6,run5_initcall.txt,init_rc_map_trekstor,1.604354,0,0
6,run5_initcall.txt,init_rc_map_tt_1500,1.609607,0,0
6,run5_initcall.txt,init_rc_map_twinhan_vp1027,1.614894,0,0
6,run5_initcall.txt,init_rc_map_twinhan_dtv_cab_ci,1.620191,0,0
6,run5_initcall.txt,init_rc_map_vega_s9x,1.625444,0,0
6,run5_initcall.txt,init_rc_map_videomate_k100,1.6307,0,0
6,run5_initcall.txt,init_rc_map_videomate_s350,1.635947,0,0
6,run5_initcall.txt,init_rc_map_videomate_tv_pvr,1.641072,0,0
6,run5_initcall.txt,init_rc_map_kii_pro,1.646314,0,0
6,run5_initcall.txt,init_rc_map_wetek_hub,1.651577,0,0
6,run5_initcall.txt,init_rc_map_wetek_play2,1.656842,0,0
6,run5_initcall.txt,init_rc_map_winfast,1.662126,0,0
6,run5_initcall.txt,init_rc_map_winfast_usbii_deluxe,1.667389,0,0
6,run5_initcall.txt,init_rc_map_x96max,1.67251,0,0
6,run5_initcall.txt,init_rc_map,1.677788,0,0
6,run5_initcall.txt,init_rc_map,1.68302,0,0
6,run5_initcall.txt,init_rc_map_zx_irdec,1.688295,0,0
6,run5_initcall.txt,ptp_kvm_init,1.693548,-95,0
6,run5_initcall.txt,gpio_poweroff_driver_init,1.698894,0,98
6,run5_initcall.txt,bcm2711_thermal_driver_init,1.707,0,2982
6,run5_initcall.txt,bcm2835_thermal_driver_init,1.712375,0,62
6,run5_initcall.txt,bcm2835_wdt_driver_init,1.717684,0,28
6,run5_initcall.txt,dt_cpufreq_platdrv_init,1.723039,0,25
6,run5_initcall.txt,brcm_avs_cpufreq_platdrv_init,1.728422,0,41
6,run5_initcall.txt,raspberrypi_cpufreq_driver_init,1.739778,0,6021
6,run5_initcall.txt,mmc_pwrseq_simple_driver_init,1.745274,0,78
6,run5_initcall.txt,mmc_pwrseq_emmc_driver_init,1.750738,0,41
6,run5_initcall.txt,mmc_blk_init,1.7562,0,38
6,run5_initcall.txt,sdhci_drv_init,1.767039,0,5419
6,run5_initcall.txt,bcm2835_mmc_driver_init,1.775106,0,2777
6,run5_initcall.txt,bcm2835_driver_init,1.780607,0,42
6,run5_initcall.txt,sdhci_pltfm_drv_init,1.788832,0,2739
6,run5_initcall.txt,sdhci_iproc_driver_init,1.794393,0,74
6,run5_initcall.txt,sdhci_brcmstb_driver_init,1.794468,0,62
6,run5_initcall.txt,esrt_sysfs_init,1.794489,-38,1
6,run5_initcall.txt,smccc_devices_init,1.794502,0,0
6,run5_initcall.txt,smccc_soc_init,1.794515,0,0
6,run5_initcall.txt,arch_timer_mmio_drv_init,1.794561,0,35
6,run5_initcall.txt,arch_timer_mmio_acpi_drv_init,1.794592,0,23
6,run5_initcall.txt,hid_init,1.794654,0,52
6,run5_initcall.txt,hid_generic_init,1.794709,0,47
6,run5_initcall.txt,hid_init,1.794772,0,53
6,run5_initcall.txt,vchiq_driver_init,1.866783,0,71999
6,run5_initcall.txt,bcm74110_mbox_driver_init,1.872965,0,101
6,run5_initcall.txt,extcon_class_init,1.878923,0,10
6,run5_initcall.txt,armv8_pmu_driver_init,1.890657,0,6217
6,run5_initcall.txt,binder_init,1.896273,0,73
6,run5_initcall.txt,rpi_otp_driver_init,1.910283,0,8493
6,run5_initcall.txt,sock_diag_init,1.915801,0,40
6,run5_initcall.txt,blackhole_init,1.921299,0,1
6,run5_initcall.txt,cls_bpf_init_mod,1.92677,0,0
6,run5_initcall.txt,gre_offload_init,1.932245,0,0
6,run5_initcall.txt,sysctl_ipv4_init,1.937613,0,77
6,run5_initcall.txt,cubictcp_register,1.943056,0,3
6,run5_initcall.txt,packet_init,1.95124,0,2729
6,run5_initcall.txt,init_rpcsec_gss,1.956713,0,18
6,run5_initcall.txt,init_kerberos_module,1.962191,0,10
6,run5_initcall.txt,dcbnl_init,1.967662,0,3
6,run5_initcall.txt,init_dns_resolver,1.975683,0,2709
6,run5_initcall.txt,handshake_init,1.981235,0,36
6,run5_initcall.txt,check_mmu_enabled_at_boot,1.986738,0,0
6,run5_initcall.txt,finalize_pkvm,1.992273,0,0
6,run5_initcall.txt,kernel_do_mounts_initrd_sysctls_init,2.000676,0,9
6,run5_initcall.txt,kernel_panic_sysctls_init,2.00608,0,12
6,run5_initcall.txt,kernel_panic_sysfs_init,2.011632,0,5
6,run5_initcall.txt,kernel_exit_sysctls_init,2.017175,0,3
6,run5_initcall.txt,kernel_exit_sysfs_init,2.022746,0,3
6,run5_initcall.txt,param_sysfs_builtin_init,2.037762,0,9441
6,run5_initcall.txt,reboot_ksysfs_init,2.043512,0,24
6,run5_initcall.txt,sched_core_sysctl_init,2.049481,0,6
6,run5_initcall.txt,sched_fair_sysctl_init,2.055113,0,2
6,run5_initcall.txt,sched_rt_sysctl_init,2.060695,0,3
6,run5_initcall.txt,sched_dl_sysctl_init,2.066865,0,7
6,run5_initcall.txt,sched_init_debug,2.072404,0,78
6,run5_initcall.txt,cpu_latency_qos_init,2.078091,0,155
6,run5_initcall.txt,printk_late_init,2.083637,0,18
6,run5_initcall.txt,init_srcu_module_notifier,2.089171,0,1
6,run5_initcall.txt,kernel_rcu_stall_sysfs_init,2.094706,0,4
6,run5_initcall.txt,swiotlb_create_default_debugfs,2.100252,0,11
6,run5_initcall.txt,tk_debug_sleep_time_init,2.105665,0,3
6,run5_initcall.txt,bpf_ksym_iter_register,2.111201,0,0
6,run5_initcall.txt,kernel_acct_sysctls_init,2.116739,0,4
6,run5_initcall.txt,bpf_rstat_kfunc_init,2.122245,0,1
6,run5_initcall.txt,debugfs_kprobe_init,2.12774,0,22
6,run5_initcall.txt,kernel_delayacct_sysctls_init,2.133233,0,4
6,run5_initcall.txt,taskstats_init,2.141289,0,2748
6,run5_initcall.txt,bpf_global_ma_init,2.146871,0,112
6,run5_initcall.txt,bpf_syscall_sysctl_init,2.152341,0,5
6,run5_initcall.txt,unbound_reg_init,2.157794,0,0
6,run5_initcall.txt,kfunc_init,2.163235,0,2
6,run5_initcall.txt,bpf_map_iter_init,2.168674,0,0
6,run5_initcall.txt,init_subsystem,2.17398,0,0
6,run5_initcall.txt,task_iter_init,2.17942,0,1
6,run5_initcall.txt,bpf_prog_iter_init,2.184859,0,0
6,run5_initcall.txt,bpf_link_iter_init,2.190299,0,0
6,run5_initcall.txt,init_trampolines,2.195718,0,2
6,run5_initcall.txt,rqspinlock_register_kfuncs,2.201162,0,0
6,run5_initcall.txt,kfunc_init,2.206411,0,0
6,run5_initcall.txt,bpf_cgroup_iter_init,2.211818,0,0
6,run5_initcall.txt,cpumask_kfunc_init,2.217244,0,11
6,run5_initcall.txt,crypto_kfunc_init,2.222661,0,0
6,run5_initcall.txt,bpf_kmem_cache_iter_init,2.228106,0,0
6,run5_initcall.txt,dmabuf_iter_init,2.233547,0,0
6,run5_initcall.txt,load_system_certificate_list,2.241556,0,2713
6,run5_initcall.txt,init_lru_gen,2.247024,0,18
6,run5_initcall.txt,vmstat_late_init,2.252467,0,1
6,run5_initcall.txt,fault_around_debugfs,2.257877,0,3
6,run5_initcall.txt,slab_sysfs_init,2.267096,0,3818
6,run5_initcall.txt,max_swapfiles_check,2.272499,0,0
6,run5_initcall.txt,zswap_init,2.277924,0,0
6,run5_initcall.txt,mempolicy_sysfs_init,2.283397,0,33
6,run5_initcall.txt,memory_tier_late_init,2.294377,0,5530
6,run5_initcall.txt,check_early_ioremap_leak,2.299816,0,0
6,run5_initcall.txt,mg_debugfs_init,2.305146,0,16
6,run5_initcall.txt,fscrypt_init,2.316153,0,5547
6,run5_initcall.txt,pstore_init,2.321595,0,11
6,run5_initcall.txt,init_root_keyring,2.327051,0,31
6,run5_initcall.txt,init_profile_hash,2.33251,0,0
6,run5_initcall.txt,integrity_fs_init,2.33785,0,29
6,run5_initcall.txt,crypto_algapi_init,2.343325,0,9
6,run5_initcall.txt,blk_timeout_init,2.348776,0,0
6,run5_initcall.txt,depot_debugfs_init,2.354204,0,8
6,run5_initcall.txt,pci_resource_alignment_sysfs_init,2.359622,0,8
6,run5_initcall.txt,pci_sysfs_init,2.365058,0,13
6,run5_initcall.txt,clk_debug_init,2.370711,0,385
6,run5_initcall.txt,genpd_debug_init,2.376472,0,347
6,run5_initcall.txt,sync_state_resume_initcall,2.381887,0,1
6,run5_initcall.txt,deferred_probe_initcall,2.503339,0,116062
6,run5_initcall.txt,efi_shutdown_init,2.51081,-19,0
6,run5_initcall.txt,efi_earlycon_unmap_fb,2.517033,0,0
6,run5_initcall.txt,psci_debugfs_init,2.522192,0,0
6,run5_initcall.txt,of_cfs_init,2.532551,0,5182
6,run5_initcall.txt,of_fdt_raw_init,2.53757,0,34
6,run5_initcall.txt,bpf_kfunc_init,2.542711,0,2
6,run5_initcall.txt,init_subsystem,2.547868,0,0
6,run5_initcall.txt,xdp_metadata_init,2.553003,0,0
6,run5_initcall.txt,bpf_sockmap_iter_init,2.563344,0,0
6,run5_initcall.txt,bpf_sk_storage_map_iter_init,2.56862,0,0
6,run5_initcall.txt,bpf_prog_test_run_init,2.573706,0,0
6,run5_initcall.txt,bpf_dummy_struct_ops_init,2.579013,0,0
6,run5_initcall.txt,tcp_congestion_default,2.584318,0,1
6,run5_initcall.txt,inet_blackhole_dev_init,2.589614,0,6
6,run5_initcall.txt,ip_auto_config,2.594911,0,11
6,run5_initcall.txt,tcp_bpf_v4_build_proto,2.6002,0,0
6,run5_initcall.txt,udp_bpf_v4_build_proto,2.605336,0,0
6,run5_initcall.txt,bpf_tcp_ca_kfunc_init,2.61058,0,0
6,run5_initcall.txt,bpf_mptcp_kfunc_init,2.615829,0,0
6,run5_initcall.txt,fb_logo_late_init,2.621068,0,0
6,run5_initcall.txt,amba_stub_drv_init,2.626335,0,29
6,run5_initcall.txt,clk_disable_unused,2.637808,0,6255
6,run5_initcall.txt,genpd_power_off_unused,2.645732,0,2627
6,run5_initcall.txt,regulator_init_complete,2.650975,0,2
6,run5_initcall.txt,of_platform_sync_state_init,2.656284,0,17
7,run6_initcall.txt,iommu_dma_init,0.027757,0,0
7,run6_initcall.txt,dmi_id_init,0.027776,-19,0
7,run6_initcall.txt,bcm2835_mbox_init,0.027801,0,0
7,run6_initcall.txt,of_platform_default_populate_init,0.050757,0,24000
7,run6_initcall.txt,register_mte_tcf_preferred_sysctl,0.050872,0,0
7,run6_initcall.txt,init_fork_sysctl,0.0509,0,0
7,run6_initcall.txt,uid_cache_init,0.050953,0,0
7,run6_initcall.txt,pid_namespace_sysctl_init,0.050981,0,0
7,run6_initcall.txt,param_sysfs_init,0.051005,0,0
7,run6_initcall.txt,user_namespace_sysctl_init,0.051045,0,0
7,run6_initcall.txt,proc_schedstat_init,0.051068,0,0
7,run6_initcall.txt,init_rtmutex_sysctl,0.051084,0,0
7,run6_initcall.txt,pm_sysrq_init,0.051137,0,0
7,run6_initcall.txt,init_rcu_stall_sysctl,0.051156,0,0
7,run6_initcall.txt,init_module_sysctl,0.051173,0,0
7,run6_initcall.txt,create_proc_profile,0.051193,0,0
7,run6_initcall.txt,cgroup_sysfs_init,0.051215,0,0
7,run6_initcall.txt,user_namespaces_init,0.051241,0,0
7,run6_initcall.txt,hung_task_init,0.051366,0,0
7,run6_initcall.txt,dev_map_init,0.051387,0,0
7,run6_initcall.txt,netns_bpf_init,0.051407,0,0
7,run6_initcall.txt,oom_init,0.051473,0,0
7,run6_initcall.txt,init_user_buckets,0.051493,0,0
7,run6_initcall.txt,init_vm_util_sysctls,0.051516,0,0
7,run6_initcall.txt,default_bdi_init,0.051632,0,0
7,run6_initcall.txt,cgwb_init,0.051656,0,0
7,run6_initcall.txt,percpu_enable_async,0.051673,0,0
7,run6_initcall.txt,kcompactd_init,0.051781,0,0
7,run6_initcall.txt,init_mm_sysctl,0.0518,0,0
7,run6_initcall.txt,init_user_reserve,0.051817,0,0
7,run6_initcall.txt,init_admin_reserve,0.051831,0,0
7,run6_initcall.txt,init_reserve_notifier,0.051845,0,0
7,run6_initcall.txt,swap_init,0.051866,0,0
7,run6_initcall.txt,swapfile_init,0.051888,0,0
7,run6_initcall.txt,memory_tier_init,0.051931,0,0
7,run6_initcall.txt,numa_init_sysfs,0.05195,0,0
7,run6_initcall.txt,mem_cgroup_swap_init,0.051968,0,0
7,run6_initcall.txt,init_msg_buckets,0.051984,0,0
7,run6_initcall.txt,init_bio,0.052032,0,0
7,run6_initcall.txt,blk_ioc_init,0.052051,0,0
7,run6_initcall.txt,blk_mq_init,0.052068,0,0
7,run6_initcall.txt,genhd_device_init,0.052162,0,0
7,run6_initcall.txt,blkcg_punt_bio_init,0.052292,0,4000
7,run6_initcall.txt,blk_integrity_auto_init,0.052361,0,0
7,run6_initcall.txt,io_wq_init,0.052381,0,0
7,run6_initcall.txt,crc_t10dif_mod_init,0.052406,0,0
7,run6_initcall.txt,sha256_mod_init,0.052425,0,0
7,run6_initcall.txt,sha512_mod_init,0.052442,0,0
7,run6_initcall.txt,sg_pool_init,0.052473,0,0
7,run6_initcall.txt,gpiolib_debugfs_init,0.052496,0,0
7,run6_initcall.txt,stmpe_gpio_init,0.052597,0,0
7,run6_initcall.txt,pwm_init,0.052624,0,0
7,run6_initcall.txt,leds_init,0.052656,0,0
7,run6_initcall.txt,pci_slot_init,0.052679,0,0
7,run6_initcall.txt,fbmem_init,0.052735,0,0
7,run6_initcall.txt,bcm2835_dma_init,0.053507,0,0
7,run6_initcall.txt,regulator_fixed_voltage_init,0.053587,0,0
7,run6_initcall.txt,gpio_regulator_init,0.053648,0,0
7,run6_initcall.txt,init_sysrq_sysctl,0.053679,0,0
7,run6_initcall.txt,misc_init,0.05371,0,0
7,run6_initcall.txt,iommu_subsys_init,0.053742,0,0
7,run6_initcall.txt,register_cpu_capacity_sysctl,0.054162,0,0
7,run6_initcall.txt,dma_buf_init,0.054267,0,0
7,run6_initcall.txt,dma_heap_init,0.054298,0,0
7,run6_initcall.txt,init_scsi,0.054405,0,0
7,run6_initcall.txt,mdio_bus_init,0.05444,0,0
7,run6_initcall.txt,phy_init,0.054485,0,0
7,run6_initcall.txt,usb_common_init,0.054506,0,0
7,run6_initcall.txt,usb_init,0.054614,0,0
7,run6_initcall.txt,usb_phy_generic_init,0.054778,0,0
7,run6_initcall.txt,usb_udc_init,0.054813,0,0
7,run6_initcall.txt,usb_roles_init,0.054831,0,0
7,run6_initcall.txt,input_init,0.054861,0,0
7,run6_initcall.txt,rtc_init,0.054879,0,0
7,run6_initcall.txt,rc_core_init,0.054905,0,0
7,run6_initcall.txt,pps_init,0.054938,0,0
7,run6_initcall.txt,ptp_init,0.054963,0,0
7,run6_initcall.txt,power_supply_class_init,0.054998,0,0
7,run6_initcall.txt,hwmon_init,0.055022,0,0
7,run6_initcall.txt,mmc_init,0.055067,0,0
7,run6_initcall.txt,dmi_init,0.055086,0,0
7,run6_initcall.txt,efisubsys_init,0.055104,0,0
7,run6_initcall.txt,arm_pmu_hp_init,0.055124,0,0
7,run6_initcall.txt,ras_init,0.055144,0,0
7,run6_initcall.txt,nvmem_init,0.05518,0,0
7,run6_initcall.txt,init_soundcore,0.055201,0,0
7,run6_initcall.txt,proto_init,0.05522,0,0
7,run6_initcall.txt,net_dev_init,0.055451,0,0
7,run6_initcall.txt,neigh_init,0.055471,0,0
7,run6_initcall.txt,fib_notifier_init,0.055487,0,0
7,run6_initcall.txt,netdev_genl_init,0.055527,0,0
7,run6_initcall.txt,page_pool_user_init,0.055544,0,0
7,run6_initcall.txt,fib_rules_init,0.055563,0,0
7,run6_initcall.txt,init_cgroup_netprio,0.055579,0,0
7,run6_initcall.txt,bpf_lwt_init,0.055595,0,0
7,run6_initcall.txt,pktsched_init,0.055616,0,0
7,run6_initcall.txt,tc_filter_init,0.05565,0,0
7,run6_initcall.txt,tc_action_init,0.055667,0,0
7,run6_initcall.txt,ethnl_init,0.055739,0,0
7,run6_initcall.txt,nexthop_init,0.055762,0,0
7,run6_initcall.txt,devlink_init,0.055842,0,0
7,run6_initcall.txt,wireless_nlevent_init,0.055862,0,0
7,run6_initcall.txt,vsprintf_init_hashval,0.055882,0,0
7,run6_initcall.txt,init_32bit_el0_mask,0.055901,0,0
7,run6_initcall.txt,vga_arb_device_init,0.056018,0,0
7,run6_initcall.txt,watchdog_init,0.056136,0,0
7,run6_initcall.txt,create_debug_debugfs_entry,0.056248,0,0
7,run6_initcall.txt,iomem_init_inode,0.056292,0,0
7,run6_initcall.txt,clocksource_done_booting,0.056341,0,12
7,run6_initcall.txt,bpf_init,0.056363,0,5
7,run6_initcall.txt,secretmem_init,0.056397,0,15
7,run6_initcall.txt,init_fs_stat_sysctls,0.056424,0,9
7,run6_initcall.txt,init_fs_exec_sysctls,0.056443,0,1
7,run6_initcall.txt,init_pipe_fs,0.056471,0,11
7,run6_initcall.txt,init_fs_namei_sysctls,0.056492,0,2
7,run6_initcall.txt,init_fs_dcache_sysctls,0.056517,0,7
7,run6_initcall.txt,init_fs_namespace_sysctls,0.056536,0,1
7,run6_initcall.txt,cgroup_writeback_init,0.056558,0,3
7,run6_initcall.txt,inotify_user_setup,0.056588,0,12
7,run6_initcall.txt,eventpoll_init,0.056625,0,17
7,run6_initcall.txt,anon_inode_init,0.056654,0,10
7,run6_initcall.txt,proc_locks_init,0.056677,0,3
7,run6_initcall.txt,backing_aio_init,0.056698,0,2
7,run6_initcall.txt,init_fs_coredump_sysctls,0.056722,0,6
7,run6_initcall.txt,init_vm_drop_caches_sysctls,0.05674,0,4
7,run6_initcall.txt,iomap_dio_init,0.056777,0,22
7,run6_initcall.txt,iomap_ioend_init,0.05682,0,29
7,run6_initcall.txt,dquot_init,0.056925,0,90
7,run6_initcall.txt,proc_cmdline_init,0.056943,0,1
7,run6_initcall.txt,proc_consoles_init,0.056957,0,1
7,run6_initcall.txt,proc_cpuinfo_init,0.056974,0,1
7,run6_initcall.txt,proc_devices_init,0.056988,0,0
7,run6_initcall.txt,proc_interrupts_init,0.057003,0,1
7,run6_initcall.txt,proc_loadavg_init,0.057018,0,0
7,run6_initcall.txt,proc_meminfo_init,0.057032,0,0
7,run6_initcall.txt,proc_stat_init,0.057047,0,1
7,run6_initcall.txt,proc_uptime_init,0.057061,0,1
7,run6_initcall.txt,proc_version_init,0.057076,0,0
7,run6_initcall.txt,proc_softirqs_init,0.057095,0,4
7,run6_initcall.txt,proc_kmsg_init,0.057111,0,1
7,run6_initcall.txt,proc_page_init,0.057126,0,2
7,run6_initcall.txt,init_ramfs_fs,0.057142,0,1
7,run6_initcall.txt,aa_create_aafs,0.057157,0,0
7,run6_initcall.txt,chr_dev_init,0.060113,0,2937
7,run6_initcall.txt,hwrng_modinit,0.060202,0,52
7,run6_initcall.txt,firmware_class_init,0.060228,0,1
7,run6_initcall.txt,sysctl_core_init,0.060286,0,39
7,run6_initcall.txt,eth_offload_init,0.060303,0,0
7,run6_initcall.txt,ipv4_offload_init,0.06032,0,1
7,run6_initcall.txt,inet_init,0.064462,0,4113
7,run6_initcall.txt,af_unix_init,0.06453,0,30
7,run6_initcall.txt,ipv6_offload_init,0.064562,0,3
7,run6_initcall.txt,init_sunrpc,0.064931,0,350
7,run6_initcall.txt,vlan_offload_init,0.06495,0,0
7,run6_initcall.txt,pci_apply_final_quirks,0.064981,0,12
7,run6_initcall.txt,populate_rootfs,0.065009,0,8
7,run6_initcall.txt,register_arm64_panic_block,0.065129,0,0
7,run6_initcall.txt,cpuinfo_regs_init,0.065232,0,84
7,run6_initcall.txt,aarch32_el0_sysfs_init,0.065249,0,0
7,run6_initcall.txt,kvm_arm_init,0.068702,0,3435
7,run6_initcall.txt,proc_execdomains_init,0.068743,0,3
7,run6_initcall.txt,register_warn_debugfs,0.068786,0,24
7,run6_initcall.txt,cpuhp_sysfs_init,0.068832,0,27
7,run6_initcall.txt,ioresources_init,0.068852,0,3
7,run6_initcall.txt,psi_proc_init,0.068869,0,0
7,run6_initcall.txt,irq_gc_init_ops,0.068892,0,0
7,run6_initcall.txt,irq_debugfs_init,0.068986,0,79
7,run6_initcall.txt,proc_modules_init,0.069004,0,1
7,run6_initcall.txt,timer_sysctl_init,0.069028,0,8
7,run6_initcall.txt,timekeeping_init_ops,0.069044,0,0
7,run6_initcall.txt,init_clocksource_sysfs,0.069119,0,60
7,run6_initcall.txt,init_timer_list_procfs,0.06914,0,2
7,run6_initcall.txt,alarmtimer_init,0.069214,0,57
7,run6_initcall.txt,clockevents_init_sysfs,0.069344,0,113
7,run6_initcall.txt,sched_clock_syscore_init,0.069363,0,0
7,run6_initcall.txt,kallsyms_init,0.069382,0,2
7,run6_initcall.txt,pid_namespaces_init,0.069419,0,20
7,run6_initcall.txt,audit_watch_init,0.069436,0,0
7,run6_initcall.txt,audit_fsnotify_init,0.069453,0,0
7,run6_initcall.txt,audit_tree_init,0.069472,0,2
7,run6_initcall.txt,seccomp_sysctl_init,0.069492,0,3
7,run6_initcall.txt,utsname_sysctl_init,0.069517,0,6
7,run6_initcall.txt,init_lstats_procfs,0.069537,0,3
7,run6_initcall.txt,perf_event_sysfs_init,0.069608,0,52
7,run6_initcall.txt,system_trusted_keyring_init,0.069641,0,14
7,run6_initcall.txt,kswapd_init,0.069844,0,184
7,run6_initcall.txt,extfrag_debug_init,0.069872,0,7
7,run6_initcall.txt,mm_compute_batch_init,0.06989,0,0
7,run6_initcall.txt,slab_proc_init,0.069906,0,2
7,run6_initcall.txt,workingset_init,0.069928,0,7
7,run6_initcall.txt,proc_vmalloc_init,0.069944,0,1
7,run6_initcall.txt,memblock_init_debugfs,0.069964,0,4
7,run6_initcall.txt,slab_debugfs_init,0.069985,0,5
7,run6_initcall.txt,procswaps_init,0.070026,0,26
7,run6_initcall.txt,zs_init,0.070043,0,0
7,run6_initcall.txt,fcntl_init,0.070063,0,3
7,run6_initcall.txt,proc_filesystems_init,0.070081,0,1
7,run6_initcall.txt,start_dirtytime_writeback,0.070107,0,7
7,run6_initcall.txt,dio_init,0.070127,0,1
7,run6_initcall.txt,dnotify_init,0.070159,0,15
7,run6_initcall.txt,fanotify_user_setup,0.070188,0,10
7,run6_initcall.txt,aio_setup,0.070257,0,50
7,run6_initcall.txt,mbcache_init,0.070282,0,5
7,run6_initcall.txt,init_grace,0.070302,0,2
7,run6_initcall.txt,init_devpts_fs,0.070324,0,8
7,run6_initcall.txt,ext4_init_fs,0.070418,0,79
7,run6_initcall.txt,journal_init,0.07045,0,16
7,run6_initcall.txt,init_fat_fs,0.070471,0,6
7,run6_initcall.txt,init_vfat_fs,0.070487,0,1
7,run6_initcall.txt,init_msdos_fs,0.070502,0,0
7,run6_initcall.txt,init_nfs_fs,0.070659,0,142
7,run6_initcall.txt,init_nfs_v2,0.070677,0,0
7,run6_initcall.txt,init_nfs_v3,0.070691,0,0
7,run6_initcall.txt,init_nfs_v4,0.070737,0,31
7,run6_initcall.txt,nfs4filelayout_init,0.070759,0,7
7,run6_initcall.txt,nfs4flexfilelayout_init,0.07078,0,6
7,run6_initcall.txt,init_nlm,0.070822,0,27
7,run6_initcall.txt,init_nls_cp437,0.070839,0,0
7,run6_initcall.txt,init_nls_ascii,0.070854,0,0
7,run6_initcall.txt,init_autofs_fs,0.070956,0,87
7,run6_initcall.txt,init_f2fs_fs,0.071097,0,124
7,run6_initcall.txt,ipc_init,0.071128,0,13
7,run6_initcall.txt,ipc_sysctl_init,0.071161,0,17
7,run6_initcall.txt,init_mqueue_fs,0.071216,0,38
7,run6_initcall.txt,key_proc_init,0.071236,0,2
7,run6_initcall.txt,bpf_crypto_skcipher_init,0.071252,0,0
7,run6_initcall.txt,dh_init,0.071274,0,3
7,run6_initcall.txt,rsa_init,0.071291,0,1
7,run6_initcall.txt,cryptomgr_init,0.071307,0,0
7,run6_initcall.txt,hmac_module_init,0.071323,0,0
7,run6_initcall.txt,crypto_sha256_mod_init,0.071343,0,4
7,run6_initcall.txt,crypto_ecb_module_init,0.071359,0,0
7,run6_initcall.txt,crypto_cbc_module_init,0.071376,0,0
7,run6_initcall.txt,crypto_cts_module_init,0.071391,0,0
7,run6_initcall.txt,xts_module_init,0.071408,0,0
7,run6_initcall.txt,des_generic_mod_init,0.071426,0,1
7,run6_initcall.txt,aes_init,0.071442,0,0
7,run6_initcall.txt,lzo_mod_init,0.071458,0,1
7,run6_initcall.txt,lzorle_mod_init,0.071474,0,0
7,run6_initcall.txt,asymmetric_key_init,0.071496,0,5
7,run6_initcall.txt,x509_key_init,0.071517,0,5
7,run6_initcall.txt,crypto_kdf108_init,0.071532,0,0
7,run6_initcall.txt,blkdev_init,0.071562,0,12
7,run6_initcall.txt,proc_genhd_init,0.071582,0,3
7,run6_initcall.txt,bsg_init,0.071614,0,15
7,run6_initcall.txt,throtl_init,0.071707,0,75
7,run6_initcall.txt,deadline_init,0.071731,0,5
7,run6_initcall.txt,kyber_init,0.071752,0,5
7,run6_initcall.txt,bfq_init,0.071787,0,19
7,run6_initcall.txt,io_uring_init,0.071826,0,21
7,run6_initcall.txt,btree_module_init,0.071847,0,2
7,run6_initcall.txt,percpu_counter_startup,0.071902,0,37
7,run6_initcall.txt,audit_classes_init,0.071927,0,5
7,run6_initcall.txt,gicv5_iwb_platform_driver_init,0.072033,0,87
7,run6_initcall.txt,mip_msi_driver_init,0.072086,0,33
7,run6_initcall.txt,bcm7038_l1_driver_init,0.072138,0,33
7,run6_initcall.txt,bcm7120_l2_driver_init,0.072198,0,41
7,run6_initcall.txt,brcmstb_l2_driver_init,0.072519,0,299
7,run6_initcall.txt,simple_pm_bus_driver_init,0.073163,0,623
7,run6_initcall.txt,phy_core_init,0.0732,0,15
7,run6_initcall.txt,brcm_usb_driver_init,0.073285,0,65
7,run6_initcall.txt,rp1_pinctrl_driver_init,0.073336,0,32
7,run6_initcall.txt,bcm2835_pinctrl_driver_init,0.074185,0,830
7,run6_initcall.txt,bcm2712_pinctrl_driver_init,0.074271,0,54
7,run6_initcall.txt,brcmvirt_gpio_driver_init,0.074328,0,36
7,run6_initcall.txt,brcmstb_gpio_driver_init,0.074395,0,47
7,run6_initcall.txt,rpi_exp_gpio_driver_init,0.074786,0,370
7,run6_initcall.txt,brcmstb_pwm_driver_init,0.074845,0,37
7,run6_initcall.txt,rp1_pwm_driver_init,0.074897,0,33
7,run6_initcall.txt,gpio_led_driver_init,0.076705,0,1788
7,run6_initcall.txt,led_pwm_driver_init,0.076778,0,48
7,run6_initcall.txt,timer_led_trigger_init,0.076804,0,1
7,run6_initcall.txt,oneshot_led_trigger_init,0.076823,0,1
7,run6_initcall.txt,heartbeat_trig_init,0.076844,0,2
7,run6_initcall.txt,bl_led_trigger_init,0.076863,0,0
7,run6_initcall.txt,ledtrig_cpu_init,0.076933,0,51
7,run6_initcall.txt,defon_led_trigger_init,0.076981,0,31
7,run6_initcall.txt,input_trig_init,0.076997,0,1
7,run6_initcall.txt,ledtrig_panic_init,0.077012,0,1
7,run6_initcall.txt,actpwr_trig_init,0.077178,0,152
7,run6_initcall.txt,pcie_portdrv_init,0.077248,0,53
7,run6_initcall.txt,pci_proc_init,0.077271,0,8
7,run6_initcall.txt,brcm_pcie_driver_init,0.189224,0,111938
7,run6_initcall.txt,bcm2708_fb_init,0.189319,0,65
7,run6_initcall.txt,simplefb_driver_init,0.215424,0,26090
7,run6_initcall.txt,of_fixed_factor_clk_driver_init,0.215518,0,42
7,run6_initcall.txt,of_fixed_clk_driver_init,0.2156,0,34
7,run6_initcall.txt,gpio_clk_driver_init,0.215687,0,40
7,run6_initcall.txt,gated_fixed_clk_driver_init,0.215766,0,33
7,run6_initcall.txt,rp1_clk_driver_init,0.215846,0,34
7,run6_initcall.txt,rp1_sdio_clk_driver_init,0.215926,0,35
7,run6_initcall.txt,clk_dvp_driver_init,0.216128,0,149
7,run6_initcall.txt,bcm2835_aux_clk_driver_init,0.216237,0,63
7,run6_initcall.txt,raspberrypi_clk_driver_init,0.231692,0,15403
7,run6_initcall.txt,dw_driver_init,0.231788,0,48
7,run6_initcall.txt,bcm2835_power_driver_init,0.23186,0,25
7,run6_initcall.txt,rpi_power_driver_init,0.233187,0,1281
7,run6_initcall.txt,brcmstb_reset_driver_init,0.233275,0,40
7,run6_initcall.txt,brcm_rescal_reset_driver_init,0.233357,0,35
7,run6_initcall.txt,rpi_reset_driver_init,0.233511,0,106
7,run6_initcall.txt,reset_simple_driver_init,0.233637,0,76
7,run6_initcall.txt,n_null_init,0.233682,0,0
7,run6_initcall.txt,pty_init,0.23381,0,87
7,run6_initcall.txt,sysrq_init,0.233867,0,15
7,run6_initcall.txt,serial8250_init,0.233911,-19,0
7,run6_initcall.txt,bcm2835aux_serial_driver_init,0.234001,0,41
7,run6_initcall.txt,brcmuart_init,0.234102,0,52
7,run6_initcall.txt,exar_pci_driver_init,0.234174,0,24
7,run6_initcall.txt,of_platform_serial_driver_init,0.234311,0,87
7,run6_initcall.txt,serial_pci_driver_init,0.234393,0,30
7,run6_initcall.txt,pericom8250_pci_driver_init,0.234461,0,19
7,run6_initcall.txt,init_kgdboc,0.234603,0,95
7,run6_initcall.txt,random_sysctls_init,0.234662,0,14
7,run6_initcall.txt,ttyprintk_init,0.234759,0,52
7,run6_initcall.txt,bcm2835_rng_driver_init,0.234864,0,55
7,run6_initcall.txt,bcm74110_rng_driver_init,0.234949,0,36
7,run6_initcall.txt,iproc_rng200_driver_init,0.235263,0,264
7,run6_initcall.txt,smccc_trng_driver_init,0.235337,0,24
7,run6_initcall.txt,vc_mem_init,0.235527,0,143
7,run6_initcall.txt,vcio_driver_init,0.238491,0,2914
7,run6_initcall.txt,bcm2712_iommu_driver_init,0.243609,0,47
7,run6_initcall.txt,bcm2712_iommu_cache_driver_init,0.248759,0,45
7,run6_initcall.txt,topology_sysfs_init,0.253951,0,61
7,run6_initcall.txt,cacheinfo_sysfs_init,0.259368,0,253
7,run6_initcall.txt,devcoredump_init,0.264567,0,10
7,run6_initcall.txt,brd_init,0.276002,0,6400
7,run6_initcall.txt,loop_init,0.28643,0,5237
7,run6_initcall.txt,bcm2835_pm_driver_init,0.294389,0,2752
7,run6_initcall.txt,stmpe_i2c_driver_init,0.299481,0,14
7,run6_initcall.txt,stmpe_spi_driver_init,0.304579,0,13
7,run6_initcall.txt,rp1_driver_init,0.309776,0,27
7,run6_initcall.txt,system_heap_create,0.315043,0,103
7,run6_initcall.txt,add_default_cma_heap,0.320304,0,85
7,run6_initcall.txt,udmabuf_dev_init,0.325531,0,44
7,run6_initcall.txt,iscsi_transport_init,0.333344,0,2665
7,run6_initcall.txt,init_sd,0.338498,0,23
7,run6_initcall.txt,nvme_core_init,0.34389,0,263
7,run6_initcall.txt,nvme_init,0.349094,0,32
7,run6_initcall.txt,blackhole_netdev_init,0.354232,0,17
7,run6_initcall.txt,netkit_init,0.359388,0,6
7,run6_initcall.txt,phylink_init,0.364529,0,0
7,run6_initcall.txt,phy_module_init,0.369662,0,169
7,run6_initcall.txt,phy_module_init,0.374935,0,173
7,run6_initcall.txt,fixed_mdio_bus_init,0.380202,0,155
7,run6_initcall.txt,phy_module_init,0.385501,0,165
7,run6_initcall.txt,phy_module_init,0.390686,0,22
7,run6_initcall.txt,phy_module_init,0.395981,0,66
7,run6_initcall.txt,unimac_mdio_driver_init,0.401225,0,136
7,run6_initcall.txt,macb_driver_init,0.406623,0,109
7,run6_initcall.txt,bcmgenet_driver_init,0.615732,0,203744
7,run6_initcall.txt,bcmasp_driver_init,0.621394,0,89
7,run6_initcall.txt,lan78xx_driver_init,0.62983,0,2837
7,run6_initcall.txt,smsc95xx_driver_init,0.638203,0,2874
7,run6_initcall.txt,usbnet_init,0.643887,0,0
7,run6_initcall.txt,xhci_hcd_init,0.649581,0,14
7,run6_initcall.txt,xhci_pci_init,0.824798,0,169535
7,run6_initcall.txt,xhci_plat_init,0.830438,0,124
7,run6_initcall.txt,dwc_otg_driver_init,0.846785,0,10978
7,run6_initcall.txt,dwc_common_port_init_module,0.855128,0,2861
7,run6_initcall.txt,dwc3_driver_init,0.860748,0,74
7,run6_initcall.txt,dwc3_haps_driver_init,0.866155,0,30
7,run6_initcall.txt,dwc3_of_simple_driver_init,0.871607,0,59
7,run6_initcall.txt,dwc3_generic_driver_init,0.877097,0,39
7,run6_initcall.txt,dwc2_platform_driver_init,0.882676,0,137
7,run6_initcall.txt,uas_init,0.890948,0,2849
7,run6_initcall.txt,usb_storage_driver_init,0.899064,0,2695
7,run6_initcall.txt,brcmstb_usb_pinmap_init,0.904444,-19,80
7,run6_initcall.txt,bdc_driver_init,0.909938,0,47
7,run6_initcall.txt,input_leds_init,0.915422,0,2
7,run6_initcall.txt,mousedev_init,0.92408,0,2912
7,run6_initcall.txt,evdev_init,0.929601,0,0
7,run6_initcall.txt,brcmstb_waketmr_driver_init,0.935003,0,80
7,run6_initcall.txt,rpi_rtc_driver_init,0.940525,0,41
7,run6_initcall.txt,init_rc_map_adstech_dvb_t_pci,0.946005,0,0
7,run6_initcall.txt,init_rc_map_alink_dtu_m,0.951457,0,0
7,run6_initcall.txt,init_rc_map_anysee,0.95693,0,0
7,run6_initcall.txt,init_rc_map_apac_viewcomp,0.962404,0,0
7,run6_initcall.txt,init_rc_map_t2hybrid,0.967701,0,0
7,run6_initcall.txt,init_rc_map_asus_pc39,0.973151,0,0
7,run6_initcall.txt,init_rc_map_asus_ps3_100,0.978585,0,0
7,run6_initcall.txt,init_rc_map_ati_tv_wonder_hd_600,0.984039,0,0
7,run6_initcall.txt,init_rc_map_ati_x10,0.989453,0,0
7,run6_initcall.txt,init_rc_map_avermedia_a16d,0.994876,0,0
7,run6_initcall.txt,init_rc_map_avermedia_cardbus,1.00014,0,0
7,run6_initcall.txt,init_rc_map_avermedia_dvbt,1.005533,0,0
7,run6_initcall.txt,init_rc_map_avermedia_m135a,1.010928,0,0
7,run6_initcall.txt,init_rc_map_avermedia_m733a_rm_k6,1.016313,0,0
7,run6_initcall.txt,init_rc_map_avermedia,1.021711,0,0
7,run6_initcall.txt,init_rc_map_avermedia_rm_ks,1.027108,0,0
7,run6_initcall.txt,init_rc_map_avertv_303,1.032473,0,0
7,run6_initcall.txt,init_rc_map_azurewave_ad_tu700,1.037751,0,0
7,run6_initcall.txt,init_rc_map_beelink_gs1,1.043149,0,0
7,run6_initcall.txt,init_rc_map_beelink_mxiii,1.05121,0,0
7,run6_initcall.txt,init_rc_map_behold_columbus,1.056617,0,0
7,run6_initcall.txt,init_rc_map_behold,1.062001,0,0
7,run6_initcall.txt,init_rc_map_budget_ci_old,1.067221,0,0
7,run6_initcall.txt,init_rc_map_cinergy_1400,1.072563,0,0
7,run6_initcall.txt,init_rc_map_cinergy,1.077893,0,0
7,run6_initcall.txt,init_rc_map_ct_90405,1.08321,0,0
7,run6_initcall.txt,init_rc_map_d680_dmb,1.088532,0,0
7,run6_initcall.txt,init_rc_map_delock_61959,1.093808,0,0
7,run6_initcall.txt,init_rc_map,1.099066,0,0
7,run6_initcall.txt,init_rc_map,1.104248,0,0
7,run6_initcall.txt,init_rc_map_digitalnow_tinytwin,1.109587,0,0
7,run6_initcall.txt,init_rc_map_digittrade,1.114925,0,0
7,run6_initcall.txt,init_rc_map_dm1105_nec,1.120246,0,0
7,run6_initcall.txt,init_rc_map_dntv_live_dvb_t,1.12556,0,0
7,run6_initcall.txt,init_rc_map_dntv_live_dvbt_pro,1.13086,0,0
7,run6_initcall.txt,init_rc_map_dreambox,1.13601,0,0
7,run6_initcall.txt,init_rc_map_dtt200u,1.141326,0,0
7,run6_initcall.txt,init_rc_map_rc5_dvbsky,1.14669,0,0
7,run6_initcall.txt,init_rc_map_dvico_mce,1.152033,0,0
7,run6_initcall.txt,init_rc_map_dvico_portable,1.157346,0,0
7,run6_initcall.txt,init_rc_map_em_terratec,1.16284,0,0
7,run6_initcall.txt,init_rc_map_encore_enltv2,1.168036,0,0
7,run6_initcall.txt,init_rc_map_encore_enltv_fm53,1.173443,0,0
7,run6_initcall.txt,init_rc_map_encore_enltv,1.178787,0,0
7,run6_initcall.txt,init_rc_map_evga_indtube,1.184168,0,0
7,run6_initcall.txt,init_rc_map_eztv,1.194941,0,0
7,run6_initcall.txt,init_rc_map_flydvb,1.202968,0,0
7,run6_initcall.txt,init_rc_map_flyvideo,1.208459,0,0
7,run6_initcall.txt,init_rc_map_fusionhdtv_mce,1.213949,0,0
7,run6_initcall.txt,init_rc_map_gadmei_rm008z,1.222037,0,0
7,run6_initcall.txt,init_rc_map_geekbox,1.230093,0,0
7,run6_initcall.txt,init_rc_map_genius_tvgo_a11mce,1.235405,0,0
7,run6_initcall.txt,init_rc_map_gotview7135,1.240837,0,0
7,run6_initcall.txt,init_rc_map_rc5_hauppauge_new,1.246265,0,0
7,run6_initcall.txt,init_rc_map_hisi_poplar,1.25428,0,0
7,run6_initcall.txt,init_rc_map_hisi_tv_demo,1.262258,0,0
7,run6_initcall.txt,init_rc_map_imon_mce,1.26742,0,0
7,run6_initcall.txt,init_rc_map_imon_pad,1.272722,0,0
7,run6_initcall.txt,init_rc_map_imon_rsc,1.278008,0,0
7,run6_initcall.txt,init_rc_map_iodata_bctv7e,1.283298,0,0
7,run6_initcall.txt,init_rc_it913x_v1_map,1.288561,0,0
7,run6_initcall.txt,init_rc_it913x_v2_map,1.293828,0,0
7,run6_initcall.txt,init_rc_map_kaiomy,1.299042,0,0
7,run6_initcall.txt,init_rc_map_khadas,1.304163,0,0
7,run6_initcall.txt,init_rc_map_khamsin,1.309415,0,0
7,run6_initcall.txt,init_rc_map_kworld_315u,1.314667,0,0
7,run6_initcall.txt,init_rc_map_kworld_pc150u,1.319918,0,0
7,run6_initcall.txt,init_rc_map_kworld_plus_tv_analog,1.325181,0,0
7,run6_initcall.txt,init_rc_map_leadtek_y04g0051,1.330454,0,0
7,run6_initcall.txt,init_rc_lme2510_map,1.335556,0,1
7,run6_initcall.txt,init_rc_map_manli,1.340815,0,0
7,run6_initcall.txt,init_rc_map_mecool_kiii_pro,1.346088,0,0
7,run6_initcall.txt,init_rc_map_mecool_kii_pro,1.35139,0,0
7,run6_initcall.txt,init_rc_map_medion_x10_digitainer,1.356804,0,0
7,run6_initcall.txt,init_rc_map_medion_x10,1.362253,0,0
7,run6_initcall.txt,init_rc_map_medion_x10_or2x,1.367515,0,0
7,run6_initcall.txt,init_rc_map_minix_neo,1.372957,0,0
7,run6_initcall.txt,init_rc_map_msi_digivox_iii,1.378282,0,0
7,run6_initcall.txt,init_rc_map_msi_digivox_ii,1.383585,0,0
7,run6_initcall.txt,init_rc_map_msi_tvanywhere,1.388906,0,0
7,run6_initcall.txt,init_rc_map_msi_tvanywhere_plus,1.394149,0,0
7,run6_initcall.txt,init_rc_map_mygica_utv3,1.399314,0,0
7,run6_initcall.txt,init_rc_map_nebula,1.404539,0,0
7,run6_initcall.txt,init_rc_map_nec_terratec_cinergy_xs,1.409804,0,0
7,run6_initcall.txt,init_rc_map_norwood,1.415061,0,0
7,run6_initcall.txt,init_rc_map_npgtech,1.420347,0,0
7,run6_initcall.txt,init_rc_map_odroid,1.425601,0,0
7,run6_initcall.txt,init_rc_map_pctv_sedna,1.430855,0,0
7,run6_initcall.txt,init_rc_map_pine64,1.435947,0,0
7,run6_initcall.txt,init_rc_map_pinnacle_color,1.441198,0,0
7,run6_initcall.txt,init_rc_map_pinnacle_grey,1.446414,0,0
7,run6_initcall.txt,init_rc_map_pinnacle_pctv_hd,1.451637,0,0
7,run6_initcall.txt,init_rc_map_pixelview,1.45687,0,0
7,run6_initcall.txt,init_rc_map_pixelview,1.462104,0,0
7,run6_initcall.txt,init_rc_map_pixelview_new,1.467194,0,0
7,run6_initcall.txt,init_rc_map_pixelview,1.47243,0,0
7,run6_initcall.txt,init_rc_map_powercolor_real_angel,1.477659,0,0
7,run6_initcall.txt,init_rc_map_proteus_2309,1.482903,0,0
7,run6_initcall.txt,init_rc_map_purpletv,1.488137,0,0
7,run6_initcall.txt,init_rc_map_pv951,1.493377,0,0
7,run6_initcall.txt,init_rc_map_rc6_mce,1.498619,0,0
7,run6_initcall.txt,init_rc_map_real_audio_220_32_keys,1.503726,0,0
7,run6_initcall.txt,init_rc_map_reddo,1.508998,0,0
7,run6_initcall.txt,init_rc_map_siemens_gigaset_rc20,1.514263,0,0
7,run6_initcall.txt,init_rc_map_snapstream_firefly,1.51954,0,0
7,run6_initcall.txt,init_rc_map_streamzap,1.524838,0,0
7,run6_initcall.txt,init_rc_map_su3000,1.530114,0,0
7,run6_initcall.txt,init_rc_map_tanix_tx3mini,1.535233,0,0
7,run6_initcall.txt,init_rc_map_tanix_tx5max,1.540518,0,0
7,run6_initcall.txt,init_rc_map_tbs_nec,1.54579,0,0
7,run6_initcall.txt,init_rc_map,1.551058,0,0
7,run6_initcall.txt,init_rc_map,1.556352,0,0
7,run6_initcall.txt,init_rc_map_terratec_cinergy_c_pci,1.561644,0,0
7,run6_initcall.txt,init_rc_map_terratec_cinergy_s2_hd,1.566784,0,0
7,run6_initcall.txt,init_rc_map_terratec_cinergy_xs,1.572068,0,0
7,run6_initcall.txt,init_rc_map_terratec_slim_2,1.577363,0,0
7,run6_initcall.txt,init_rc_map_terratec_slim,1.582634,0,0
7,run6_initcall.txt,init_rc_map_tevii_nec,1.587918,0,0
7,run6_initcall.txt,init_rc_map_tivo,1.593202,0,0
7,run6_initcall.txt,init_rc_map_total_media_in_hand_02,1.598509,0,0
7,run6_initcall.txt,init_rc_map_total_media_in_hand,1.60362,0,0
7,run6_initcall.txt,init_rc_map_trekstor,1.608893,0,0
7,run6_initcall.txt,init_rc_map_tt_1500,1.614175,0,0
7,run6_initcall.txt,init_rc_map_twinhan_vp1027,1.619453,0,0
7,run6_initcall.txt,init_rc_map_twinhan_dtv_cab_ci,1.624774,0,0
7,run6_initcall.txt,init_rc_map_vega_s9x,1.630045,0,0
7,run6_initcall.txt,init_rc_map_videomate_k100,1.635156,0,0
7,run6_initcall.txt,init_rc_map_videomate_s350,1.640442,0,0
7,run6_initcall.txt,init_rc_map_videomate_tv_pvr,1.645705,0,0
7,run6_initcall.txt,init_rc_map_kii_pro,1.650973,0,0
7,run6_initcall.txt,init_rc_map_wetek_hub,1.656255,0,0
7,run6_initcall.txt,init_rc_map_wetek_play2,1.661532,0,0
7,run6_initcall.txt,init_rc_map_winfast,1.666675,0,0
7,run6_initcall.txt,init_rc_map_winfast_usbii_deluxe,1.67195,0,0
7,run6_initcall.txt,init_rc_map_x96max,1.677244,0,0
7,run6_initcall.txt,init_rc_map,1.682533,0,0
7,run6_initcall.txt,init_rc_map,1.687802,0,0
7,run6_initcall.txt,init_rc_map_zx_irdec,1.693083,0,0
7,run6_initcall.txt,ptp_kvm_init,1.698337,-95,0
7,run6_initcall.txt,gpio_poweroff_driver_init,1.703573,0,115
7,run6_initcall.txt,bcm2711_thermal_driver_init,1.711862,0,2987
7,run6_initcall.txt,bcm2835_thermal_driver_init,1.717262,0,64
7,run6_initcall.txt,bcm2835_wdt_driver_init,1.722604,0,28
7,run6_initcall.txt,dt_cpufreq_platdrv_init,1.727942,0,26
7,run6_initcall.txt,brcm_avs_cpufreq_platdrv_init,1.733206,0,40
7,run6_initcall.txt,raspberrypi_cpufreq_driver_init,1.744758,0,6225
7,run6_initcall.txt,mmc_pwrseq_simple_driver_init,1.750244,0,77
7,run6_initcall.txt,mmc_pwrseq_emmc_driver_init,1.755692,0,41
7,run6_initcall.txt,mmc_blk_init,1.761164,0,43
7,run6_initcall.txt,sdhci_drv_init,1.771862,0,5402
7,run6_initcall.txt,bcm2835_mmc_driver_init,1.780086,0,2766
7,run6_initcall.txt,bcm2835_driver_init,1.785622,0,46
7,run6_initcall.txt,sdhci_pltfm_drv_init,1.793875,0,2734
7,run6_initcall.txt,sdhci_iproc_driver_init,1.799382,0,77
7,run6_initcall.txt,sdhci_brcmstb_driver_init,1.799458,0,61
7,run6_initcall.txt,esrt_sysfs_init,1.799472,-38,0
7,run6_initcall.txt,smccc_devices_init,1.799486,0,0
7,run6_initcall.txt,smccc_soc_init,1.7995,0,1
7,run6_initcall.txt,arch_timer_mmio_drv_init,1.799548,0,37
7,run6_initcall.txt,arch_timer_mmio_acpi_drv_init,1.79958,0,23
7,run6_initcall.txt,hid_init,1.79965,0,60
7,run6_initcall.txt,hid_generic_init,1.799701,0,38
7,run6_initcall.txt,hid_init,1.799753,0,42
7,run6_initcall.txt,vchiq_driver_init,1.87345,0,73688
7,run6_initcall.txt,bcm74110_mbox_driver_init,1.879972,0,193
7,run6_initcall.txt,extcon_class_init,1.885955,0,18
7,run6_initcall.txt,armv8_pmu_driver_init,1.897684,0,6250
7,run6_initcall.txt,binder_init,1.9031,0,68
7,run6_initcall.txt,rpi_otp_driver_init,1.917302,0,8670
7,run6_initcall.txt,sock_diag_init,1.922853,0,39
7,run6_initcall.txt,blackhole_init,1.928361,0,1
7,run6_initcall.txt,cls_bpf_init_mod,1.933682,0,0
7,run6_initcall.txt,gre_offload_init,1.939133,0,0
7,run6_initcall.txt,sysctl_ipv4_init,1.944659,0,74
7,run6_initcall.txt,cubictcp_register,1.950115,0,2
7,run6_initcall.txt,packet_init,1.958311,0,2753
7,run6_initcall.txt,init_rpcsec_gss,1.963804,0,20
7,run6_initcall.txt,init_kerberos_module,1.96915,0,5
7,run6_initcall.txt,dcbnl_init,1.97461,0,3
7,run6_initcall.txt,init_dns_resolver,1.982801,0,2732
7,run6_initcall.txt,handshake_init,1.988364,0,37
7,run6_initcall.txt,check_mmu_enabled_at_boot,1.993878,0,0
7,run6_initcall.txt,finalize_pkvm,1.999334,0,0
7,run6_initcall.txt,kernel_do_mounts_initrd_sysctls_init,2.007669,0,5
7,run6_initcall.txt,kernel_panic_sysctls_init,2.013254,0,11
7,run6_initcall.txt,kernel_panic_sysfs_init,2.018808,0,4
7,run6_initcall.txt,kernel_exit_sysctls_init,2.02438,0,2
7,run6_initcall.txt,kernel_exit_sysfs_init,2.029966,0,2
7,run6_initcall.txt,param_sysfs_builtin_init,2.044832,0,9464
7,run6_initcall.txt,reboot_ksysfs_init,2.050593,0,32
7,run6_initcall.txt,sched_core_sysctl_init,2.05618,0,5
7,run6_initcall.txt,sched_fair_sysctl_init,2.061831,0,2
7,run6_initcall.txt,sched_rt_sysctl_init,2.067322,0,3
7,run6_initcall.txt,sched_dl_sysctl_init,2.07291,0,2
7,run6_initcall.txt,sched_init_debug,2.079306,0,94
7,run6_initcall.txt,cpu_latency_qos_init,2.085171,0,153
7,run6_initcall.txt,printk_late_init,2.09074,0,25
7,run6_initcall.txt,init_srcu_module_notifier,2.096286,0,1
7,run6_initcall.txt,kernel_rcu_stall_sysfs_init,2.10168,0,3
7,run6_initcall.txt,swiotlb_create_default_debugfs,2.107259,0,16
7,run6_initcall.txt,tk_debug_sleep_time_init,2.112851,0,3
7,run6_initcall.txt,bpf_ksym_iter_register,2.118428,0,2
7,run6_initcall.txt,kernel_acct_sysctls_init,2.123953,0,5
7,run6_initcall.txt,bpf_rstat_kfunc_init,2.129467,0,0
7,run6_initcall.txt,debugfs_kprobe_init,2.134807,0,8
7,run6_initcall.txt,kernel_delayacct_sysctls_init,2.140276,0,3
7,run6_initcall.txt,taskstats_init,2.148525,0,2744
7,run6_initcall.txt,bpf_global_ma_init,2.154094,0,99
7,run6_initcall.txt,bpf_syscall_sysctl_init,2.159546,0,5
7,run6_initcall.txt,unbound_reg_init,2.165008,0,0
7,run6_initcall.txt,kfunc_init,2.170304,0,1
7,run6_initcall.txt,bpf_map_iter_init,2.175735,0,0
7,run6_initcall.txt,init_subsystem,2.181202,0,0
7,run6_initcall.txt,task_iter_init,2.186641,0,1
7,run6_initcall.txt,bpf_prog_iter_init,2.192069,0,0
7,run6_initcall.txt,bpf_link_iter_init,2.197498,0,0
7,run6_initcall.txt,init_trampolines,2.202747,0,2
7,run6_initcall.txt,rqspinlock_register_kfuncs,2.208145,0,0
7,run6_initcall.txt,kfunc_init,2.213558,0,0
7,run6_initcall.txt,bpf_cgroup_iter_init,2.218947,0,0
7,run6_initcall.txt,cpumask_kfunc_init,2.224361,0,10
7,run6_initcall.txt,crypto_kfunc_init,2.229774,0,0
7,run6_initcall.txt,bpf_kmem_cache_iter_init,2.235048,0,0
7,run6_initcall.txt,dmabuf_iter_init,2.240482,0,0
7,run6_initcall.txt,load_system_certificate_list,2.248609,0,2715
7,run6_initcall.txt,init_lru_gen,2.254052,0,16
7,run6_initcall.txt,vmstat_late_init,2.259499,0,2
7,run6_initcall.txt,fault_around_debugfs,2.264909,0,2
7,run6_initcall.txt,slab_sysfs_init,2.273943,0,3806
7,run6_initcall.txt,max_swapfiles_check,2.279438,0,0
7,run6_initcall.txt,zswap_init,2.284853,0,0
7,run6_initcall.txt,mempolicy_sysfs_init,2.290292,0,17
7,run6_initcall.txt,memory_tier_late_init,2.301093,0,5372
7,run6_initcall.txt,check_early_ioremap_leak,2.306529,0,0
7,run6_initcall.txt,mg_debugfs_init,2.312002,0,16
7,run6_initcall.txt,fscrypt_init,2.322975,0,5513
7,run6_initcall.txt,pstore_init,2.32842,0,11
7,run6_initcall.txt,init_root_keyring,2.333706,0,31
7,run6_initcall.txt,init_profile_hash,2.339148,0,0
7,run6_initcall.txt,integrity_fs_init,2.344606,0,10
7,run6_initcall.txt,crypto_algapi_init,2.350059,0,10
7,run6_initcall.txt,blk_timeout_init,2.355497,0,0
7,run6_initcall.txt,depot_debugfs_init,2.360943,0,6
7,run6_initcall.txt,pci_resource_alignment_sysfs_init,2.366247,0,5
7,run6_initcall.txt,pci_sysfs_init,2.371609,0,12
7,run6_initcall.txt,clk_debug_init,2.377459,0,438
7,run6_initcall.txt,genpd_debug_init,2.383226,0,360
7,run6_initcall.txt,sync_state_resume_initcall,2.388633,0,0
7,run6_initcall.txt,deferred_probe_initcall,2.486477,0,92467
7,run6_initcall.txt,efi_shutdown_init,2.491915,-19,0
7,run6_initcall.txt,efi_earlycon_unmap_fb,2.497096,0,0
7,run6_initcall.txt,psci_debugfs_init,2.502077,0,0
7,run6_initcall.txt,of_cfs_init,2.512408,0,5178
7,run6_initcall.txt,of_fdt_raw_init,2.517544,0,31
7,run6_initcall.txt,bpf_kfunc_init,2.522652,0,2
7,run6_initcall.txt,init_subsystem,2.527754,0,0
7,run6_initcall.txt,xdp_metadata_init,2.532783,0,0
7,run6_initcall.txt,bpf_sockmap_iter_init,2.54295,0,2
7,run6_initcall.txt,bpf_sk_storage_map_iter_init,2.548112,0,0
7,run6_initcall.txt,bpf_prog_test_run_init,2.553304,0,1
7,run6_initcall.txt,bpf_dummy_struct_ops_init,2.558474,0,0
7,run6_initcall.txt,tcp_congestion_default,2.563662,0,1
7,run6_initcall.txt,inet_blackhole_dev_init,2.568703,0,6
7,run6_initcall.txt,ip_auto_config,2.568729,0,15
7,run6_initcall.txt,tcp_bpf_v4_build_proto,2.584403,0,1
7,run6_initcall.txt,udp_bpf_v4_build_proto,2.589608,0,0
7,run6_initcall.txt,bpf_tcp_ca_kfunc_init,2.594791,0,0
7,run6_initcall.txt,bpf_mptcp_kfunc_init,2.599856,0,0
7,run6_initcall.txt,fb_logo_late_init,2.604992,0,0
7,run6_initcall.txt,amba_stub_drv_init,2.610162,0,24
7,run6_initcall.txt,clk_disable_unused,2.62157,0,6261
7,run6_initcall.txt,genpd_power_off_unused,2.629394,0,2609
7,run6_initcall.txt,regulator_init_complete,2.63445,0,1
7,run6_initcall.txt,of_platform_sync_state_init,2.639695,0,16
8,run7_initcall.txt,of_platform_default_populate_init,0.050699,0,24000
8,run7_initcall.txt,register_mte_tcf_preferred_sysctl,0.050817,0,0
8,run7_initcall.txt,init_fork_sysctl,0.050845,0,0
8,run7_initcall.txt,uid_cache_init,0.050899,0,0
8,run7_initcall.txt,pid_namespace_sysctl_init,0.050926,0,0
8,run7_initcall.txt,param_sysfs_init,0.050949,0,0
8,run7_initcall.txt,user_namespace_sysctl_init,0.050986,0,0
8,run7_initcall.txt,proc_schedstat_init,0.05101,0,0
8,run7_initcall.txt,init_rtmutex_sysctl,0.051026,0,0
8,run7_initcall.txt,pm_sysrq_init,0.05108,0,0
8,run7_initcall.txt,init_rcu_stall_sysctl,0.051099,0,0
8,run7_initcall.txt,init_module_sysctl,0.051116,0,0
8,run7_initcall.txt,create_proc_profile,0.051135,0,0
8,run7_initcall.txt,cgroup_sysfs_init,0.051156,0,0
8,run7_initcall.txt,user_namespaces_init,0.051183,0,0
8,run7_initcall.txt,hung_task_init,0.051295,0,0
8,run7_initcall.txt,dev_map_init,0.051316,0,0
8,run7_initcall.txt,netns_bpf_init,0.051334,0,0
8,run7_initcall.txt,oom_init,0.0514,0,0
8,run7_initcall.txt,init_user_buckets,0.051419,0,0
8,run7_initcall.txt,init_vm_util_sysctls,0.051442,0,0
8,run7_initcall.txt,default_bdi_init,0.05156,0,0
8,run7_initcall.txt,cgwb_init,0.051584,0,0
8,run7_initcall.txt,percpu_enable_async,0.0516,0,0
8,run7_initcall.txt,kcompactd_init,0.051709,0,0
8,run7_initcall.txt,init_mm_sysctl,0.051729,0,0
8,run7_initcall.txt,init_user_reserve,0.051746,0,0
8,run7_initcall.txt,init_admin_reserve,0.05176,0,0
8,run7_initcall.txt,init_reserve_notifier,0.051775,0,0
8,run7_initcall.txt,swap_init,0.051796,0,0
8,run7_initcall.txt,swapfile_init,0.051817,0,0
8,run7_initcall.txt,memory_tier_init,0.051862,0,0
8,run7_initcall.txt,numa_init_sysfs,0.051882,0,0
8,run7_initcall.txt,mem_cgroup_swap_init,0.051899,0,0
8,run7_initcall.txt,init_msg_buckets,0.051915,0,0
8,run7_initcall.txt,init_bio,0.051962,0,0
8,run7_initcall.txt,blk_ioc_init,0.051981,0,0
8,run7_initcall.txt,blk_mq_init,0.051999,0,0
8,run7_initcall.txt,genhd_device_init,0.052095,0,0
8,run7_initcall.txt,blkcg_punt_bio_init,0.052223,0,4000
8,run7_initcall.txt,blk_integrity_auto_init,0.052299,0,0
8,run7_initcall.txt,io_wq_init,0.052318,0,0
8,run7_initcall.txt,crc_t10dif_mod_init,0.052343,0,0
8,run7_initcall.txt,sha256_mod_init,0.052363,0,0
8,run7_initcall.txt,sha512_mod_init,0.052379,0,0
8,run7_initcall.txt,sg_pool_init,0.05241,0,0
8,run7_initcall.txt,gpiolib_debugfs_init,0.052434,0,0
8,run7_initcall.txt,stmpe_gpio_init,0.052532,0,0
8,run7_initcall.txt,pwm_init,0.052559,0,0
8,run7_initcall.txt,leds_init,0.052592,0,0
8,run7_initcall.txt,pci_slot_init,0.052614,0,0
8,run7_initcall.txt,fbmem_init,0.052672,0,0
8,run7_initcall.txt,bcm2835_dma_init,0.053384,0,0
8,run7_initcall.txt,regulator_fixed_voltage_init,0.053464,0,0
8,run7_initcall.txt,gpio_regulator_init,0.05352,0,0
8,run7_initcall.txt,init_sysrq_sysctl,0.053544,0,0
8,run7_initcall.txt,misc_init,0.053573,0,0
8,run7_initcall.txt,iommu_subsys_init,0.053603,0,0
8,run7_initcall.txt,register_cpu_capacity_sysctl,0.053986,0,0
8,run7_initcall.txt,dma_buf_init,0.054051,0,0
8,run7_initcall.txt,dma_heap_init,0.054078,0,0
8,run7_initcall.txt,init_scsi,0.054179,0,0
8,run7_initcall.txt,mdio_bus_init,0.054214,0,0
8,run7_initcall.txt,phy_init,0.054258,0,0
8,run7_initcall.txt,usb_common_init,0.054279,0,0
8,run7_initcall.txt,usb_init,0.054389,0,0
8,run7_initcall.txt,usb_phy_generic_init,0.054541,0,0
8,run7_initcall.txt,usb_udc_init,0.054571,0,0
8,run7_initcall.txt,usb_roles_init,0.054592,0,0
8,run7_initcall.txt,input_init,0.054617,0,0
8,run7_initcall.txt,rtc_init,0.054635,0,0
8,run7_initcall.txt,rc_core_init,0.054663,0,0
8,run7_initcall.txt,pps_init,0.054697,0,0
8,run7_initcall.txt,ptp_init,0.054722,0,0
8,run7_initcall.txt,power_supply_class_init,0.054754,0,0
8,run7_initcall.txt,hwmon_init,0.054776,0,0
8,run7_initcall.txt,mmc_init,0.054816,0,0
8,run7_initcall.txt,dmi_init,0.054835,0,0
8,run7_initcall.txt,efisubsys_init,0.054854,0,0
8,run7_initcall.txt,arm_pmu_hp_init,0.054873,0,0
8,run7_initcall.txt,ras_init,0.054896,0,0
8,run7_initcall.txt,nvmem_init,0.054934,0,0
8,run7_initcall.txt,init_soundcore,0.054955,0,0
8,run7_initcall.txt,proto_init,0.054975,0,0
8,run7_initcall.txt,net_dev_init,0.055194,0,0
8,run7_initcall.txt,neigh_init,0.055214,0,0
8,run7_initcall.txt,fib_notifier_init,0.05523,0,0
8,run7_initcall.txt,netdev_genl_init,0.055269,0,0
8,run7_initcall.txt,page_pool_user_init,0.055287,0,0
8,run7_initcall.txt,fib_rules_init,0.055305,0,0
8,run7_initcall.txt,init_cgroup_netprio,0.055321,0,0
8,run7_initcall.txt,bpf_lwt_init,0.055336,0,0
8,run7_initcall.txt,pktsched_init,0.05536,0,0
8,run7_initcall.txt,tc_filter_init,0.055393,0,0
8,run7_initcall.txt,tc_action_init,0.055411,0,0
8,run7_initcall.txt,ethnl_init,0.055483,0,0
8,run7_initcall.txt,nexthop_init,0.055507,0,0
8,run7_initcall.txt,devlink_init,0.055585,0,0
8,run7_initcall.txt,wireless_nlevent_init,0.055605,0,0
8,run7_initcall.txt,vsprintf_init_hashval,0.055627,0,0
8,run7_initcall.txt,init_32bit_el0_mask,0.055645,0,0
8,run7_initcall.txt,vga_arb_device_init,0.055781,0,0
8,run7_initcall.txt,watchdog_init,0.055898,0,0
8,run7_initcall.txt,create_debug_debugfs_entry,0.05601,0,0
8,run7_initcall.txt,iomem_init_inode,0.056052,0,0
8,run7_initcall.txt,clocksource_done_booting,0.056103,0,15
8,run7_initcall.txt,bpf_init,0.056126,0,5
8,run7_initcall.txt,secretmem_init,0.056163,0,20
8,run7_initcall.txt,init_fs_stat_sysctls,0.056192,0,11
8,run7_initcall.txt,init_fs_exec_sysctls,0.056241,0,1
8,run7_initcall.txt,init_pipe_fs,0.056271,0,13
8,run7_initcall.txt,init_fs_namei_sysctls,0.056294,0,2
8,run7_initcall.txt,init_fs_dcache_sysctls,0.056319,0,7
8,run7_initcall.txt,init_fs_namespace_sysctls,0.056338,0,1
8,run7_initcall.txt,cgroup_writeback_init,0.056359,0,3
8,run7_initcall.txt,inotify_user_setup,0.056392,0,14
8,run7_initcall.txt,eventpoll_init,0.056426,0,15
8,run7_initcall.txt,anon_inode_init,0.056454,0,10
8,run7_initcall.txt,proc_locks_init,0.056477,0,3
8,run7_initcall.txt,backing_aio_init,0.056499,0,3
8,run7_initcall.txt,init_fs_coredump_sysctls,0.056522,0,6
8,run7_initcall.txt,init_vm_drop_caches_sysctls,0.056539,0,2
8,run7_initcall.txt,iomap_dio_init,0.056578,0,23
8,run7_initcall.txt,iomap_ioend_init,0.056623,0,31
8,run7_initcall.txt,dquot_init,0.056737,0,99
8,run7_initcall.txt,proc_cmdline_init,0.056755,0,2
8,run7_initcall.txt,proc_consoles_init,0.056772,0,1
8,run7_initcall.txt,proc_cpuinfo_init,0.056787,0,1
8,run7_initcall.txt,proc_devices_init,0.056801,0,0
8,run7_initcall.txt,proc_interrupts_init,0.056815,0,1
8,run7_initcall.txt,proc_loadavg_init,0.05683,0,0
8,run7_initcall.txt,proc_meminfo_init,0.056844,0,0
8,run7_initcall.txt,proc_stat_init,0.056858,0,1
8,run7_initcall.txt,proc_uptime_init,0.056873,0,1
8,run7_initcall.txt,proc_version_init,0.056888,0,0
8,run7_initcall.txt,proc_softirqs_init,0.056903,0,0
8,run7_initcall.txt,proc_kmsg_init,0.056918,0,1
8,run7_initcall.txt,proc_page_init,0.056934,0,2
8,run7_initcall.txt,init_ramfs_fs,0.056949,0,1
8,run7_initcall.txt,aa_create_aafs,0.056965,0,0
8,run7_initcall.txt,chr_dev_init,0.059805,0,2822
8,run7_initcall.txt,hwrng_modinit,0.059892,0,48
8,run7_initcall.txt,firmware_class_init,0.059912,0,1
8,run7_initcall.txt,sysctl_core_init,0.059956,0,26
8,run7_initcall.txt,eth_offload_init,0.059973,0,0
8,run7_initcall.txt,ipv4_offload_init,0.05999,0,1
8,run7_initcall.txt,inet_init,0.063945,0,3937
8,run7_initcall.txt,af_unix_init,0.064005,0,26
8,run7_initcall.txt,ipv6_offload_init,0.064026,0,2
8,run7_initcall.txt,init_sunrpc,0.06443,0,376
8,run7_initcall.txt,vlan_offload_init,0.064449,0,0
8,run7_initcall.txt,pci_apply_final_quirks,0.064478,0,12
8,run7_initcall.txt,populate_rootfs,0.064504,0,7
8,run7_initcall.txt,register_arm64_panic_block,0.064622,0,0
8,run7_initcall.txt,cpuinfo_regs_init,0.06473,0,94
8,run7_initcall.txt,aarch32_el0_sysfs_init,0.064752,0,0
8,run7_initcall.txt,kvm_arm_init,0.06833,0,3560
8,run7_initcall.txt,proc_execdomains_init,0.068375,0,3
8,run7_initcall.txt,register_warn_debugfs,0.068397,0,5
8,run7_initcall.txt,cpuhp_sysfs_init,0.068445,0,29
8,run7_initcall.txt,ioresources_init,0.068466,0,3
8,run7_initcall.txt,psi_proc_init,0.068483,0,0
8,run7_initcall.txt,irq_gc_init_ops,0.068498,0,0
8,run7_initcall.txt,irq_debugfs_init,0.068599,0,77
8,run7_initcall.txt,proc_modules_init,0.068618,0,2
8,run7_initcall.txt,timer_sysctl_init,0.068641,0,8
8,run7_initcall.txt,timekeeping_init_ops,0.068657,0,0
8,run7_initcall.txt,init_clocksource_sysfs,0.068731,0,59
8,run7_initcall.txt,init_timer_list_procfs,0.068751,0,1
8,run7_initcall.txt,alarmtimer_init,0.068826,0,58
8,run7_initcall.txt,clockevents_init_sysfs,0.068954,0,111
8,run7_initcall.txt,sched_clock_syscore_init,0.068974,0,0
8,run7_initcall.txt,kallsyms_init,0.068993,0,1
8,run7_initcall.txt,pid_namespaces_init,0.069032,0,22
8,run7_initcall.txt,audit_watch_init,0.06905,0,0
8,run7_initcall.txt,audit_fsnotify_init,0.069067,0,0
8,run7_initcall.txt,audit_tree_init,0.069086,0,2
8,run7_initcall.txt,seccomp_sysctl_init,0.069108,0,5
8,run7_initcall.txt,utsname_sysctl_init,0.069131,0,6
8,run7_initcall.txt,init_lstats_procfs,0.069153,0,4
8,run7_initcall.txt,perf_event_sysfs_init,0.069223,0,52
8,run7_initcall.txt,system_trusted_keyring_init,0.06926,0,16
8,run7_initcall.txt,kswapd_init,0.069459,0,180
8,run7_initcall.txt,extfrag_debug_init,0.069488,0,7
8,run7_initcall.txt,mm_compute_batch_init,0.069506,0,1
8,run7_initcall.txt,slab_proc_init,0.069523,0,2
8,run7_initcall.txt,workingset_init,0.069545,0,8
8,run7_initcall.txt,proc_vmalloc_init,0.06956,0,1
8,run7_initcall.txt,memblock_init_debugfs,0.06958,0,5
8,run7_initcall.txt,slab_debugfs_init,0.069601,0,5
8,run7_initcall.txt,procswaps_init,0.069617,0,1
8,run7_initcall.txt,zs_init,0.069634,0,0
8,run7_initcall.txt,fcntl_init,0.069653,0,2
8,run7_initcall.txt,proc_filesystems_init,0.069674,0,3
8,run7_initcall.txt,start_dirtytime_writeback,0.069697,0,5
8,run7_initcall.txt,dio_init,0.069716,0,1
8,run7_initcall.txt,dnotify_init,0.069749,0,15
8,run7_initcall.txt,fanotify_user_setup,0.069777,0,9
8,run7_initcall.txt,aio_setup,0.069836,0,40
8,run7_initcall.txt,mbcache_init,0.069861,0,6
8,run7_initcall.txt,init_grace,0.069879,0,2
8,run7_initcall.txt,init_devpts_fs,0.069902,0,7
8,run7_initcall.txt,ext4_init_fs,0.070063,0,147
8,run7_initcall.txt,journal_init,0.070096,0,15
8,run7_initcall.txt,init_fat_fs,0.070117,0,6
8,run7_initcall.txt,init_vfat_fs,0.070132,0,0
8,run7_initcall.txt,init_msdos_fs,0.070146,0,0
8,run7_initcall.txt,init_nfs_fs,0.0703,0,139
8,run7_initcall.txt,init_nfs_v2,0.07032,0,0
8,run7_initcall.txt,init_nfs_v3,0.070335,0,1
8,run7_initcall.txt,init_nfs_v4,0.070381,0,33
8,run7_initcall.txt,nfs4filelayout_init,0.070403,0,6
8,run7_initcall.txt,nfs4flexfilelayout_init,0.070423,0,6
8,run7_initcall.txt,init_nlm,0.070467,0,29
8,run7_initcall.txt,init_nls_cp437,0.070484,0,1
8,run7_initcall.txt,init_nls_ascii,0.070498,0,0
8,run7_initcall.txt,init_autofs_fs,0.0706,0,86
8,run7_initcall.txt,init_f2fs_fs,0.070751,0,134
8,run7_initcall.txt,ipc_init,0.070783,0,14
8,run7_initcall.txt,ipc_sysctl_init,0.07082,0,20
8,run7_initcall.txt,init_mqueue_fs,0.070873,0,37
8,run7_initcall.txt,key_proc_init,0.070893,0,3
8,run7_initcall.txt,bpf_crypto_skcipher_init,0.070911,0,0
8,run7_initcall.txt,dh_init,0.07093,0,3
8,run7_initcall.txt,rsa_init,0.070949,0,1
8,run7_initcall.txt,cryptomgr_init,0.070965,0,0
8,run7_initcall.txt,hmac_module_init,0.070981,0,0
8,run7_initcall.txt,crypto_sha256_mod_init,0.071002,0,5
8,run7_initcall.txt,crypto_ecb_module_init,0.071019,0,0
8,run7_initcall.txt,crypto_cbc_module_init,0.071035,0,0
8,run7_initcall.txt,crypto_cts_module_init,0.071051,0,0
8,run7_initcall.txt,xts_module_init,0.071067,0,0
8,run7_initcall.txt,des_generic_mod_init,0.071085,0,1
8,run7_initcall.txt,aes_init,0.071101,0,0
8,run7_initcall.txt,lzo_mod_init,0.071118,0,1
8,run7_initcall.txt,lzorle_mod_init,0.071134,0,1
8,run7_initcall.txt,asymmetric_key_init,0.071155,0,5
8,run7_initcall.txt,x509_key_init,0.071176,0,5
8,run7_initcall.txt,crypto_kdf108_init,0.071192,0,0
8,run7_initcall.txt,blkdev_init,0.07122,0,11
8,run7_initcall.txt,proc_genhd_init,0.071241,0,2
8,run7_initcall.txt,bsg_init,0.071272,0,14
8,run7_initcall.txt,throtl_init,0.071355,0,67
8,run7_initcall.txt,deadline_init,0.07138,0,5
8,run7_initcall.txt,kyber_init,0.071401,0,5
8,run7_initcall.txt,bfq_init,0.071436,0,19
8,run7_initcall.txt,io_uring_init,0.071475,0,23
8,run7_initcall.txt,btree_module_init,0.071498,0,2
8,run7_initcall.txt,percpu_counter_startup,0.071561,0,46
8,run7_initcall.txt,audit_classes_init,0.071585,0,4
8,run7_initcall.txt,gicv5_iwb_platform_driver_init,0.071689,0,86
8,run7_initcall.txt,mip_msi_driver_init,0.071744,0,35
8,run7_initcall.txt,bcm7038_l1_driver_init,0.071798,0,35
8,run7_initcall.txt,bcm7120_l2_driver_init,0.071856,0,38
8,run7_initcall.txt,brcmstb_l2_driver_init,0.072159,0,284
8,run7_initcall.txt,simple_pm_bus_driver_init,0.072803,0,621
8,run7_initcall.txt,phy_core_init,0.072838,0,13
8,run7_initcall.txt,brcm_usb_driver_init,0.072922,0,65
8,run7_initcall.txt,rp1_pinctrl_driver_init,0.072974,0,33
8,run7_initcall.txt,bcm2835_pinctrl_driver_init,0.073802,0,808
8,run7_initcall.txt,bcm2712_pinctrl_driver_init,0.073883,0,52
8,run7_initcall.txt,brcmvirt_gpio_driver_init,0.073938,0,35
8,run7_initcall.txt,brcmstb_gpio_driver_init,0.073991,0,33
8,run7_initcall.txt,rpi_exp_gpio_driver_init,0.074368,0,357
8,run7_initcall.txt,brcmstb_pwm_driver_init,0.074424,0,35
8,run7_initcall.txt,rp1_pwm_driver_init,0.074479,0,35
8,run7_initcall.txt,gpio_led_driver_init,0.076234,0,1736
8,run7_initcall.txt,led_pwm_driver_init,0.076304,0,47
8,run7_initcall.txt,timer_led_trigger_init,0.076324,0,1
8,run7_initcall.txt,oneshot_led_trigger_init,0.076347,0,0
8,run7_initcall.txt,heartbeat_trig_init,0.076368,0,2
8,run7_initcall.txt,bl_led_trigger_init,0.076387,0,0
8,run7_initcall.txt,ledtrig_cpu_init,0.076462,0,57
8,run7_initcall.txt,defon_led_trigger_init,0.07651,0,30
8,run7_initcall.txt,input_trig_init,0.076527,0,1
8,run7_initcall.txt,ledtrig_panic_init,0.076541,0,1
8,run7_initcall.txt,actpwr_trig_init,0.0767,0,144
8,run7_initcall.txt,pcie_portdrv_init,0.076772,0,56
8,run7_initcall.txt,pci_proc_init,0.076798,0,11
8,run7_initcall.txt,brcm_pcie_driver_init,0.18898,0,112167
8,run7_initcall.txt,bcm2708_fb_init,0.189066,0,66
8,run7_initcall.txt,simplefb_driver_init,0.215096,0,26006
8,run7_initcall.txt,of_fixed_factor_clk_driver_init,0.215187,0,39
8,run7_initcall.txt,of_fixed_clk_driver_init,0.215269,0,33
8,run7_initcall.txt,gpio_clk_driver_init,0.215356,0,40
8,run7_initcall.txt,gated_fixed_clk_driver_init,0.215438,0,34
8,run7_initcall.txt,rp1_clk_driver_init,0.215524,0,39
8,run7_initcall.txt,rp1_sdio_clk_driver_init,0.215603,0,33
8,run7_initcall.txt,clk_dvp_driver_init,0.215797,0,148
8,run7_initcall.txt,bcm2835_aux_clk_driver_init,0.215911,0,63
8,run7_initcall.txt,raspberrypi_clk_driver_init,0.231378,0,15418
8,run7_initcall.txt,dw_driver_init,0.231474,0,47
8,run7_initcall.txt,bcm2835_power_driver_init,0.231544,0,23
8,run7_initcall.txt,rpi_power_driver_init,0.232919,0,1328
8,run7_initcall.txt,brcmstb_reset_driver_init,0.233009,0,39
8,run7_initcall.txt,brcm_rescal_reset_driver_init,0.233094,0,36
8,run7_initcall.txt,rpi_reset_driver_init,0.233252,0,109
8,run7_initcall.txt,reset_simple_driver_init,0.23338,0,77
8,run7_initcall.txt,n_null_init,0.233427,0,0
8,run7_initcall.txt,pty_init,0.233555,0,87
8,run7_initcall.txt,sysrq_init,0.233616,0,17
8,run7_initcall.txt,serial8250_init,0.233661,-19,0
8,run7_initcall.txt,bcm2835aux_serial_driver_init,0.233749,0,38
8,run7_initcall.txt,brcmuart_init,0.233851,0,53
8,run7_initcall.txt,exar_pci_driver_init,0.233919,0,24
8,run7_initcall.txt,of_platform_serial_driver_init,0.234063,0,91
8,run7_initcall.txt,serial_pci_driver_init,0.23414,0,26
8,run7_initcall.txt,pericom8250_pci_driver_init,0.23421,0,18
8,run7_initcall.txt,init_kgdboc,0.234356,0,100
8,run7_initcall.txt,random_sysctls_init,0.234415,0,16
8,run7_initcall.txt,ttyprintk_init,0.234529,0,68
8,run7_initcall.txt,bcm2835_rng_driver_init,0.234633,0,56
8,run7_initcall.txt,bcm74110_rng_driver_init,0.234722,0,38
8,run7_initcall.txt,iproc_rng200_driver_init,0.235049,0,274
8,run7_initcall.txt,smccc_trng_driver_init,0.235127,0,25
8,run7_initcall.txt,vc_mem_init,0.235305,0,131
8,run7_initcall.txt,vcio_driver_init,0.238273,0,2920
8,run7_initcall.txt,bcm2712_iommu_driver_init,0.243241,0,47
8,run7_initcall.txt,bcm2712_iommu_cache_driver_init,0.248361,0,39
8,run7_initcall.txt,topology_sysfs_init,0.253565,0,64
8,run7_initcall.txt,cacheinfo_sysfs_init,0.258978,0,248
8,run7_initcall.txt,devcoredump_init,0.264177,0,10
8,run7_initcall.txt,brd_init,0.275645,0,6271
8,run7_initcall.txt,loop_init,0.286083,0,5212
8,run7_initcall.txt,bcm2835_pm_driver_init,0.294036,0,2746
8,run7_initcall.txt,stmpe_i2c_driver_init,0.299236,0,15
8,run7_initcall.txt,stmpe_spi_driver_init,0.304421,0,11
8,run7_initcall.txt,rp1_driver_init,0.309459,0,30
8,run7_initcall.txt,system_heap_create,0.314711,0,95
8,run7_initcall.txt,add_default_cma_heap,0.319978,0,85
8,run7_initcall.txt,udmabuf_dev_init,0.3252,0,43
8,run7_initcall.txt,iscsi_transport_init,0.333158,0,2808
8,run7_initcall.txt,init_sd,0.338345,0,27
8,run7_initcall.txt,nvme_core_init,0.343589,0,266
8,run7_initcall.txt,nvme_init,0.348781,0,32
8,run7_initcall.txt,blackhole_netdev_init,0.353942,0,19
8,run7_initcall.txt,netkit_init,0.359093,0,7
8,run7_initcall.txt,phylink_init,0.364256,0,0
8,run7_initcall.txt,phy_module_init,0.369544,0,169
8,run7_initcall.txt,phy_module_init,0.374723,0,168
8,run7_initcall.txt,fixed_mdio_bus_init,0.380007,0,172
8,run7_initcall.txt,phy_module_init,0.385314,0,171
8,run7_initcall.txt,phy_module_init,0.390505,0,18
8,run7_initcall.txt,phy_module_init,0.395818,0,66
8,run7_initcall.txt,unimac_mdio_driver_init,0.401211,0,139
8,run7_initcall.txt,macb_driver_init,0.40665,0,111
8,run7_initcall.txt,bcmgenet_driver_init,0.615338,0,203457
8,run7_initcall.txt,bcmasp_driver_init,0.620987,0,85
8,run7_initcall.txt,lan78xx_driver_init,0.62944,0,2858
8,run7_initcall.txt,smsc95xx_driver_init,0.637983,0,2865
8,run7_initcall.txt,usbnet_init,0.643515,0,0
8,run7_initcall.txt,xhci_hcd_init,0.649212,0,13
8,run7_initcall.txt,xhci_pci_init,0.824448,0,169555
8,run7_initcall.txt,xhci_plat_init,0.830081,0,127
8,run7_initcall.txt,dwc_otg_driver_init,0.846518,0,10932
8,run7_initcall.txt,dwc_common_port_init_module,0.854816,0,2814
8,run7_initcall.txt,dwc3_driver_init,0.860377,0,66
8,run7_initcall.txt,dwc3_haps_driver_init,0.86589,0,30
8,run7_initcall.txt,dwc3_of_simple_driver_init,0.871401,0,58
8,run7_initcall.txt,dwc3_generic_driver_init,0.876754,0,39
8,run7_initcall.txt,dwc2_platform_driver_init,0.882343,0,140
8,run7_initcall.txt,uas_init,0.890614,0,2825
8,run7_initcall.txt,usb_storage_driver_init,0.898761,0,2737
8,run7_initcall.txt,brcmstb_usb_pinmap_init,0.9043,-19,80
8,run7_initcall.txt,bdc_driver_init,0.909648,0,50
8,run7_initcall.txt,input_leds_init,0.915139,0,1
8,run7_initcall.txt,mousedev_init,0.924186,0,2873
8,run7_initcall.txt,evdev_init,0.929772,0,1
8,run7_initcall.txt,brcmstb_waketmr_driver_init,0.935337,0,79
8,run7_initcall.txt,rpi_rtc_driver_init,0.940806,0,42
8,run7_initcall.txt,init_rc_map_adstech_dvb_t_pci,0.946206,0,0
8,run7_initcall.txt,init_rc_map_alink_dtu_m,0.951665,0,0
8,run7_initcall.txt,init_rc_map_anysee,0.957259,0,0
8,run7_initcall.txt,init_rc_map_apac_viewcomp,0.962725,0,0
8,run7_initcall.txt,init_rc_map_t2hybrid,0.968187,0,0
8,run7_initcall.txt,init_rc_map_asus_pc39,0.973647,0,0
8,run7_initcall.txt,init_rc_map_asus_ps3_100,0.978966,0,0
8,run7_initcall.txt,init_rc_map_ati_tv_wonder_hd_600,0.984526,0,0
8,run7_initcall.txt,init_rc_map_ati_x10,0.989959,0,0
8,run7_initcall.txt,init_rc_map_avermedia_a16d,0.995382,0,0
8,run7_initcall.txt,init_rc_map_avermedia_cardbus,1.000792,0,0
8,run7_initcall.txt,init_rc_map_avermedia_dvbt,1.006194,0,0
8,run7_initcall.txt,init_rc_map_avermedia_m135a,1.011454,0,0
8,run7_initcall.txt,init_rc_map_avermedia_m733a_rm_k6,1.016864,0,0
8,run7_initcall.txt,init_rc_map_avermedia,1.022283,0,0
8,run7_initcall.txt,init_rc_map_avermedia_rm_ks,1.027671,0,0
8,run7_initcall.txt,init_rc_map_avertv_303,1.033083,0,0
8,run7_initcall.txt,init_rc_map_azurewave_ad_tu700,1.041099,0,0
8,run7_initcall.txt,init_rc_map_beelink_gs1,1.046525,0,0
8,run7_initcall.txt,init_rc_map_beelink_mxiii,1.052108,0,0
8,run7_initcall.txt,init_rc_map_behold_columbus,1.057544,0,0
8,run7_initcall.txt,init_rc_map_behold,1.062956,0,0
8,run7_initcall.txt,init_rc_map_budget_ci_old,1.068373,0,0
8,run7_initcall.txt,init_rc_map_cinergy_1400,1.073725,0,0
8,run7_initcall.txt,init_rc_map_cinergy,1.078965,0,0
8,run7_initcall.txt,init_rc_map_ct_90405,1.084331,0,0
8,run7_initcall.txt,init_rc_map_d680_dmb,1.08966,0,0
8,run7_initcall.txt,init_rc_map_delock_61959,1.094975,0,0
8,run7_initcall.txt,init_rc_map,1.100315,0,0
8,run7_initcall.txt,init_rc_map,1.105636,0,0
8,run7_initcall.txt,init_rc_map_digitalnow_tinytwin,1.110828,0,0
8,run7_initcall.txt,init_rc_map_digittrade,1.116201,0,0
8,run7_initcall.txt,init_rc_map_dm1105_nec,1.121534,0,0
8,run7_initcall.txt,init_rc_map_dntv_live_dvb_t,1.126864,0,0
8,run7_initcall.txt,init_rc_map_dntv_live_dvbt_pro,1.132206,0,0
8,run7_initcall.txt,init_rc_map_dreambox,1.137529,0,0
8,run7_initcall.txt,init_rc_map_dtt200u,1.142708,0,0
8,run7_initcall.txt,init_rc_map_rc5_dvbsky,1.14808,0,0
8,run7_initcall.txt,init_rc_map_dvico_mce,1.153464,0,0
8,run7_initcall.txt,init_rc_map_dvico_portable,1.158861,0,0
8,run7_initcall.txt,init_rc_map_em_terratec,1.164358,0,0
8,run7_initcall.txt,init_rc_map_encore_enltv2,1.16972,0,0
8,run7_initcall.txt,init_rc_map_encore_enltv_fm53,1.175009,0,0
8,run7_initcall.txt,init_rc_map_encore_enltv,1.180402,0,0
8,run7_initcall.txt,init_rc_map_evga_indtube,1.185784,0,0
8,run7_initcall.txt,init_rc_map_eztv,1.19119,0,0
8,run7_initcall.txt,init_rc_map_flydvb,1.202081,0,0
8,run7_initcall.txt,init_rc_map_flyvideo,1.21013,0,0
8,run7_initcall.txt,init_rc_map_fusionhdtv_mce,1.218306,0,0
8,run7_initcall.txt,init_rc_map_gadmei_rm008z,1.226459,0,0
8,run7_initcall.txt,init_rc_map_geekbox,1.234605,0,0
8,run7_initcall.txt,init_rc_map_genius_tvgo_a11mce,1.242562,0,0
8,run7_initcall.txt,init_rc_map_gotview7135,1.247979,0,0
8,run7_initcall.txt,init_rc_map_rc5_hauppauge_new,1.253402,0,0
8,run7_initcall.txt,init_rc_map_hisi_poplar,1.258812,0,0
8,run7_initcall.txt,init_rc_map_hisi_tv_demo,1.264196,0,0
8,run7_initcall.txt,init_rc_map_imon_mce,1.269558,0,0
8,run7_initcall.txt,init_rc_map_imon_pad,1.274783,0,0
8,run7_initcall.txt,init_rc_map_imon_rsc,1.28011,0,0
8,run7_initcall.txt,init_rc_map_iodata_bctv7e,1.285447,0,0
8,run7_initcall.txt,init_rc_it913x_v1_map,1.290791,0,0
8,run7_initcall.txt,init_rc_it913x_v2_map,1.296123,0,0
8,run7_initcall.txt,init_rc_map_kaiomy,1.301434,0,0
8,run7_initcall.txt,init_rc_map_khadas,1.306752,0,0
8,run7_initcall.txt,init_rc_map_khamsin,1.311898,0,0
8,run7_initcall.txt,init_rc_map_kworld_315u,1.317186,0,0
8,run7_initcall.txt,init_rc_map_kworld_pc150u,1.322504,0,0
8,run7_initcall.txt,init_rc_map_kworld_plus_tv_analog,1.327809,0,0
8,run7_initcall.txt,init_rc_map_leadtek_y04g0051,1.333175,0,0
8,run7_initcall.txt,init_rc_lme2510_map,1.338575,0,0
8,run7_initcall.txt,init_rc_map_manli,1.343822,0,0
8,run7_initcall.txt,init_rc_map_mecool_kiii_pro,1.349182,0,0
8,run7_initcall.txt,init_rc_map_mecool_kii_pro,1.354508,0,0
8,run7_initcall.txt,init_rc_map_medion_x10_digitainer,1.35983,0,0
8,run7_initcall.txt,init_rc_map_medion_x10,1.365178,0,0
8,run7_initcall.txt,init_rc_map_medion_x10_or2x,1.370487,0,0
8,run7_initcall.txt,init_rc_map_minix_neo,1.375636,0,0
8,run7_initcall.txt,init_rc_map_msi_digivox_iii,1.380952,0,0
8,run7_initcall.txt,init_rc_map_msi_digivox_ii,1.386275,0,0
8,run7_initcall.txt,init_rc_map_msi_tvanywhere,1.391546,0,0
8,run7_initcall.txt,init_rc_map_msi_tvanywhere_plus,1.396804,0,0
8,run7_initcall.txt,init_rc_map_mygica_utv3,1.402114,0,0
8,run7_initcall.txt,init_rc_map_nebula,1.407459,0,0
8,run7_initcall.txt,init_rc_map_nec_terratec_cinergy_xs,1.412623,0,0
8,run7_initcall.txt,init_rc_map_norwood,1.417926,0,0
8,run7_initcall.txt,init_rc_map_npgtech,1.423195,0,0
8,run7_initcall.txt,init_rc_map_odroid,1.42847,0,0
8,run7_initcall.txt,init_rc_map_pctv_sedna,1.433734,0,0
8,run7_initcall.txt,init_rc_map_pine64,1.439013,0,0
8,run7_initcall.txt,init_rc_map_pinnacle_color,1.444122,0,0
8,run7_initcall.txt,init_rc_map_pinnacle_grey,1.449343,0,0
8,run7_initcall.txt,init_rc_map_pinnacle_pctv_hd,1.454568,0,0
8,run7_initcall.txt,init_rc_map_pixelview,1.459786,0,0
8,run7_initcall.txt,init_rc_map_pixelview,1.465025,0,0
8,run7_initcall.txt,init_rc_map_pixelview_new,1.470282,0,0
8,run7_initcall.txt,init_rc_map_pixelview,1.475374,0,0
8,run7_initcall.txt,init_rc_map_powercolor_real_angel,1.480614,0,0
8,run7_initcall.txt,init_rc_map_proteus_2309,1.485859,0,0
8,run7_initcall.txt,init_rc_map_purpletv,1.491111,0,0
8,run7_initcall.txt,init_rc_map_pv951,1.496363,0,0
8,run7_initcall.txt,init_rc_map_rc6_mce,1.50163,0,0
8,run7_initcall.txt,init_rc_map_real_audio_220_32_keys,1.5069,0,0
8,run7_initcall.txt,init_rc_map_reddo,1.51203,0,0
8,run7_initcall.txt,init_rc_map_siemens_gigaset_rc20,1.517328,0,0
8,run7_initcall.txt,init_rc_map_snapstream_firefly,1.522633,0,0
8,run7_initcall.txt,init_rc_map_streamzap,1.527947,0,0
8,run7_initcall.txt,init_rc_map_su3000,1.533257,0,0
8,run7_initcall.txt,init_rc_map_tanix_tx3mini,1.538552,0,0
8,run7_initcall.txt,init_rc_map_tanix_tx5max,1.543676,0,0
8,run7_initcall.txt,init_rc_map_tbs_nec,1.548941,0,0
8,run7_initcall.txt,init_rc_map,1.554228,0,0
8,run7_initcall.txt,init_rc_map,1.559508,0,0
8,run7_initcall.txt,init_rc_map_terratec_cinergy_c_pci,1.564792,0,0
8,run7_initcall.txt,init_rc_map_terratec_cinergy_s2_hd,1.570062,0,0
8,run7_initcall.txt,init_rc_map_terratec_cinergy_xs,1.57516,0,0
8,run7_initcall.txt,init_rc_map_terratec_slim_2,1.580431,0,0
8,run7_initcall.txt,init_rc_map_terratec_slim,1.585715,0,0
8,run7_initcall.txt,init_rc_map_tevii_nec,1.590984,0,0
8,run7_initcall.txt,init_rc_map_tivo,1.596283,0,0
8,run7_initcall.txt,init_rc_map_total_media_in_hand_02,1.601548,0,0
8,run7_initcall.txt,init_rc_map_total_media_in_hand,1.606832,0,0
8,run7_initcall.txt,init_rc_map_trekstor,1.611929,0,0
8,run7_initcall.txt,init_rc_map_tt_1500,1.617207,0,0
8,run7_initcall.txt,init_rc_map_twinhan_vp1027,1.622507,0,0
8,run7_initcall.txt,init_rc_map_twinhan_dtv_cab_ci,1.62781,0,0
8,run7_initcall.txt,init_rc_map_vega_s9x,1.633093,0,0
8,run7_initcall.txt,init_rc_map_videomate_k100,1.638377,0,0
8,run7_initcall.txt,init_rc_map_videomate_s350,1.643492,0,0
8,run7_initcall.txt,init_rc_map_videomate_tv_pvr,1.648766,0,0
8,run7_initcall.txt,init_rc_map_kii_pro,1.654044,0,0
8,run7_initcall.txt,init_rc_map_wetek_hub,1.659322,0,0
8,run7_initcall.txt,init_rc_map_wetek_play2,1.664588,0,0
8,run7_initcall.txt,init_rc_map_winfast,1.669891,0,0
8,run7_initcall.txt,init_rc_map_winfast_usbii_deluxe,1.675038,0,0
8,run7_initcall.txt,init_rc_map_x96max,1.680345,0,0
8,run7_initcall.txt,init_rc_map,1.685628,0,0
8,run7_initcall.txt,init_rc_map,1.690903,0,0
8,run7_initcall.txt,init_rc_map_zx_irdec,1.696192,0,0
8,run7_initcall.txt,ptp_kvm_init,1.701459,-95,0
8,run7_initcall.txt,gpio_poweroff_driver_init,1.706833,0,95
8,run7_initcall.txt,bcm2711_thermal_driver_init,1.71498,0,2982
8,run7_initcall.txt,bcm2835_thermal_driver_init,1.720344,0,59
8,run7_initcall.txt,bcm2835_wdt_driver_init,1.725666,0,27
8,run7_initcall.txt,dt_cpufreq_platdrv_init,1.731025,0,26
8,run7_initcall.txt,brcm_avs_cpufreq_platdrv_init,1.736433,0,41
8,run7_initcall.txt,raspberrypi_cpufreq_driver_init,1.74782,0,6177
8,run7_initcall.txt,mmc_pwrseq_simple_driver_init,1.753307,0,77
8,run7_initcall.txt,mmc_pwrseq_emmc_driver_init,1.758785,0,38
8,run7_initcall.txt,mmc_blk_init,1.764282,0,38
8,run7_initcall.txt,sdhci_drv_init,1.775018,0,5288
8,run7_initcall.txt,bcm2835_mmc_driver_init,1.783259,0,2773
8,run7_initcall.txt,bcm2835_driver_init,1.7888,0,42
8,run7_initcall.txt,sdhci_pltfm_drv_init,1.797067,0,2738
8,run7_initcall.txt,sdhci_iproc_driver_init,1.802654,0,70
8,run7_initcall.txt,sdhci_brcmstb_driver_init,1.80273,0,61
8,run7_initcall.txt,esrt_sysfs_init,1.802744,-38,0
8,run7_initcall.txt,smccc_devices_init,1.802765,0,1
8,run7_initcall.txt,smccc_soc_init,1.80278,0,2
8,run7_initcall.txt,arch_timer_mmio_drv_init,1.802829,0,37
8,run7_initcall.txt,arch_timer_mmio_acpi_drv_init,1.802861,0,23
8,run7_initcall.txt,hid_init,1.802936,0,66
8,run7_initcall.txt,hid_generic_init,1.802995,0,48
8,run7_initcall.txt,hid_init,1.80305,0,46
8,run7_initcall.txt,vchiq_driver_init,1.875508,0,72448
8,run7_initcall.txt,bcm74110_mbox_driver_init,1.882296,0,103
8,run7_initcall.txt,extcon_class_init,1.887866,0,18
8,run7_initcall.txt,armv8_pmu_driver_init,1.899684,0,6334
8,run7_initcall.txt,binder_init,1.905293,0,75
8,run7_initcall.txt,rpi_otp_driver_init,1.91939,0,8699
8,run7_initcall.txt,sock_diag_init,1.924934,0,46
8,run7_initcall.txt,blackhole_init,1.930448,0,1
8,run7_initcall.txt,cls_bpf_init_mod,1.935943,0,0
8,run7_initcall.txt,gre_offload_init,1.941293,0,0
8,run7_initcall.txt,sysctl_ipv4_init,1.946802,0,76
8,run7_initcall.txt,cubictcp_register,1.952263,0,3
8,run7_initcall.txt,packet_init,1.96044,0,2738
8,run7_initcall.txt,init_rpcsec_gss,1.965926,0,17
8,run7_initcall.txt,init_kerberos_module,1.971397,0,5
8,run7_initcall.txt,dcbnl_init,1.976732,0,3
8,run7_initcall.txt,init_dns_resolver,1.984916,0,2724
8,run7_initcall.txt,handshake_init,1.990442,0,33
8,run7_initcall.txt,check_mmu_enabled_at_boot,1.995929,0,0
8,run7_initcall.txt,finalize_pkvm,2.001456,0,0
8,run7_initcall.txt,kernel_do_mounts_initrd_sysctls_init,2.009695,0,5
8,run7_initcall.txt,kernel_panic_sysctls_init,2.015262,0,12
8,run7_initcall.txt,kernel_panic_sysfs_init,2.020823,0,4
8,run7_initcall.txt,kernel_exit_sysctls_init,2.026385,0,2
8,run7_initcall.txt,kernel_exit_sysfs_init,2.031936,0,3
8,run7_initcall.txt,param_sysfs_builtin_init,2.046925,0,9413
8,run7_initcall.txt,reboot_ksysfs_init,2.052969,0,29
8,run7_initcall.txt,sched_core_sysctl_init,2.05856,0,6
8,run7_initcall.txt,sched_fair_sysctl_init,2.06491,0,8
8,run7_initcall.txt,sched_rt_sysctl_init,2.070513,0,4
8,run7_initcall.txt,sched_dl_sysctl_init,2.075937,0,3
8,run7_initcall.txt,sched_init_debug,2.081551,0,86
8,run7_initcall.txt,cpu_latency_qos_init,2.087226,0,170
8,run7_initcall.txt,printk_late_init,2.092788,0,19
8,run7_initcall.txt,init_srcu_module_notifier,2.098308,0,1
8,run7_initcall.txt,kernel_rcu_stall_sysfs_init,2.103858,0,5
8,run7_initcall.txt,swiotlb_create_default_debugfs,2.109266,0,13
8,run7_initcall.txt,tk_debug_sleep_time_init,2.114837,0,22
8,run7_initcall.txt,bpf_ksym_iter_register,2.120413,0,1
8,run7_initcall.txt,kernel_acct_sysctls_init,2.12594,0,10
8,run7_initcall.txt,bpf_rstat_kfunc_init,2.131423,0,1
8,run7_initcall.txt,debugfs_kprobe_init,2.136923,0,23
8,run7_initcall.txt,kernel_delayacct_sysctls_init,2.142247,0,5
8,run7_initcall.txt,taskstats_init,2.150472,0,2748
8,run7_initcall.txt,bpf_global_ma_init,2.156031,0,126
8,run7_initcall.txt,bpf_syscall_sysctl_init,2.161473,0,5
8,run7_initcall.txt,unbound_reg_init,2.166906,0,0
8,run7_initcall.txt,kfunc_init,2.172336,0,2
8,run7_initcall.txt,bpf_map_iter_init,2.177598,0,1
8,run7_initcall.txt,init_subsystem,2.183045,0,0
8,run7_initcall.txt,task_iter_init,2.18846,0,1
8,run7_initcall.txt,bpf_prog_iter_init,2.193864,0,0
8,run7_initcall.txt,bpf_link_iter_init,2.199276,0,0
8,run7_initcall.txt,init_trampolines,2.204692,0,3
8,run7_initcall.txt,rqspinlock_register_kfuncs,2.209924,0,0
8,run7_initcall.txt,kfunc_init,2.215319,0,0
8,run7_initcall.txt,bpf_cgroup_iter_init,2.220716,0,0
8,run7_initcall.txt,cpumask_kfunc_init,2.226104,0,9
8,run7_initcall.txt,crypto_kfunc_init,2.231484,0,0
8,run7_initcall.txt,bpf_kmem_cache_iter_init,2.23691,0,0
8,run7_initcall.txt,dmabuf_iter_init,2.242169,0,0
8,run7_initcall.txt,load_system_certificate_list,2.250278,0,2692
8,run7_initcall.txt,init_lru_gen,2.255735,0,19
8,run7_initcall.txt,vmstat_late_init,2.261152,0,2
8,run7_initcall.txt,fault_around_debugfs,2.266525,0,3
8,run7_initcall.txt,slab_sysfs_init,2.275738,0,3849
8,run7_initcall.txt,max_swapfiles_check,2.281307,0,0
8,run7_initcall.txt,zswap_init,2.286686,0,0
8,run7_initcall.txt,mempolicy_sysfs_init,2.2921,0,29
8,run7_initcall.txt,memory_tier_late_init,2.303009,0,5499
8,run7_initcall.txt,check_early_ioremap_leak,2.308283,0,0
8,run7_initcall.txt,mg_debugfs_init,2.313741,0,18
8,run7_initcall.txt,fscrypt_init,2.324732,0,5544
8,run7_initcall.txt,pstore_init,2.330141,0,10
8,run7_initcall.txt,init_root_keyring,2.33558,0,33
8,run7_initcall.txt,init_profile_hash,2.34094,0,0
8,run7_initcall.txt,integrity_fs_init,2.346324,0,26
8,run7_initcall.txt,crypto_algapi_init,2.351771,0,8
8,run7_initcall.txt,blk_timeout_init,2.357158,0,0
8,run7_initcall.txt,depot_debugfs_init,2.362564,0,7
8,run7_initcall.txt,pci_resource_alignment_sysfs_init,2.36795,0,5
8,run7_initcall.txt,pci_sysfs_init,2.373348,0,17
8,run7_initcall.txt,clk_debug_init,2.378967,0,392
8,run7_initcall.txt,genpd_debug_init,2.384747,0,368
8,run7_initcall.txt,sync_state_resume_initcall,2.390137,0,0
8,run7_initcall.txt,deferred_probe_initcall,2.511344,0,115856
8,run7_initcall.txt,efi_shutdown_init,2.516761,-19,0
8,run7_initcall.txt,efi_earlycon_unmap_fb,2.521893,0,0
8,run7_initcall.txt,psci_debugfs_init,2.527039,0,0
8,run7_initcall.txt,of_cfs_init,2.537304,0,5149
8,run7_initcall.txt,of_fdt_raw_init,2.542266,0,29
8,run7_initcall.txt,bpf_kfunc_init,2.547348,0,2
8,run7_initcall.txt,init_subsystem,2.552461,0,0
8,run7_initcall.txt,xdp_metadata_init,2.557531,0,0
8,run7_initcall.txt,bpf_sockmap_iter_init,2.562611,0,1
8,run7_initcall.txt,bpf_sk_storage_map_iter_init,2.572821,0,0
8,run7_initcall.txt,bpf_prog_test_run_init,2.577817,0,1
8,run7_initcall.txt,bpf_dummy_struct_ops_init,2.582947,0,0
8,run7_initcall.txt,tcp_congestion_default,2.588093,0,5
8,run7_initcall.txt,inet_blackhole_dev_init,2.595789,0,8
8,run7_initcall.txt,ip_auto_config,2.603596,0,11
8,run7_initcall.txt,tcp_bpf_v4_build_proto,2.608636,0,1
8,run7_initcall.txt,udp_bpf_v4_build_proto,2.613781,0,0
8,run7_initcall.txt,bpf_tcp_ca_kfunc_init,2.618946,0,0
8,run7_initcall.txt,bpf_mptcp_kfunc_init,2.624127,0,0
8,run7_initcall.txt,fb_logo_late_init,2.629232,0,0
8,run7_initcall.txt,amba_stub_drv_init,2.634342,0,23
8,run7_initcall.txt,clk_disable_unused,2.645504,0,6070
8,run7_initcall.txt,genpd_power_off_unused,2.653246,0,2573
8,run7_initcall.txt,regulator_init_complete,2.658411,0,2
8,run7_initcall.txt,of_platform_sync_state_init,2.663573,0,17
9,run8_initcall.txt,of_platform_default_populate_init,0.050769,0,24000
9,run8_initcall.txt,register_mte_tcf_preferred_sysctl,0.050884,0,0
9,run8_initcall.txt,init_fork_sysctl,0.050912,0,0
9,run8_initcall.txt,uid_cache_init,0.050964,0,0
9,run8_initcall.txt,pid_namespace_sysctl_init,0.050993,0,0
9,run8_initcall.txt,param_sysfs_init,0.051016,0,0
9,run8_initcall.txt,user_namespace_sysctl_init,0.051054,0,0
9,run8_initcall.txt,proc_schedstat_init,0.051078,0,0
9,run8_initcall.txt,init_rtmutex_sysctl,0.051094,0,0
9,run8_initcall.txt,pm_sysrq_init,0.051145,0,0
9,run8_initcall.txt,init_rcu_stall_sysctl,0.051164,0,0
9,run8_initcall.txt,init_module_sysctl,0.05118,0,0
9,run8_initcall.txt,create_proc_profile,0.051199,0,0
9,run8_initcall.txt,cgroup_sysfs_init,0.051222,0,0
9,run8_initcall.txt,user_namespaces_init,0.051248,0,0
9,run8_initcall.txt,hung_task_init,0.051361,0,0
9,run8_initcall.txt,dev_map_init,0.051382,0,0
9,run8_initcall.txt,netns_bpf_init,0.0514,0,0
9,run8_initcall.txt,oom_init,0.051469,0,0
9,run8_initcall.txt,init_user_buckets,0.051488,0,0
9,run8_initcall.txt,init_vm_util_sysctls,0.051511,0,0
9,run8_initcall.txt,default_bdi_init,0.051627,0,0
9,run8_initcall.txt,cgwb_init,0.05165,0,0
9,run8_initcall.txt,percpu_enable_async,0.051667,0,0
9,run8_initcall.txt,kcompactd_init,0.051777,0,0
9,run8_initcall.txt,init_mm_sysctl,0.051796,0,0
9,run8_initcall.txt,init_user_reserve,0.051812,0,0
9,run8_initcall.txt,init_admin_reserve,0.051827,0,0
9,run8_initcall.txt,init_reserve_notifier,0.051841,0,0
9,run8_initcall.txt,swap_init,0.051861,0,0
9,run8_initcall.txt,swapfile_init,0.051883,0,0
9,run8_initcall.txt,memory_tier_init,0.051926,0,0
9,run8_initcall.txt,numa_init_sysfs,0.051946,0,0
9,run8_initcall.txt,mem_cgroup_swap_init,0.051963,0,0
9,run8_initcall.txt,init_msg_buckets,0.051979,0,0
9,run8_initcall.txt,init_bio,0.052029,0,0
9,run8_initcall.txt,blk_ioc_init,0.052048,0,0
9,run8_initcall.txt,blk_mq_init,0.052065,0,0
9,run8_initcall.txt,genhd_device_init,0.052162,0,0
9,run8_initcall.txt,blkcg_punt_bio_init,0.052286,0,4000
9,run8_initcall.txt,blk_integrity_auto_init,0.05236,0,0
9,run8_initcall.txt,io_wq_init,0.052381,0,0
9,run8_initcall.txt,crc_t10dif_mod_init,0.052406,0,0
9,run8_initcall.txt,sha256_mod_init,0.052425,0,0
9,run8_initcall.txt,sha512_mod_init,0.052441,0,0
9,run8_initcall.txt,sg_pool_init,0.052472,0,0
9,run8_initcall.txt,gpiolib_debugfs_init,0.052496,0,0
9,run8_initcall.txt,stmpe_gpio_init,0.052592,0,0
9,run8_initcall.txt,pwm_init,0.05262,0,0
9,run8_initcall.txt,leds_init,0.052653,0,0
9,run8_initcall.txt,pci_slot_init,0.052675,0,0
9,run8_initcall.txt,fbmem_init,0.052733,0,0
9,run8_initcall.txt,bcm2835_dma_init,0.053451,0,0
9,run8_initcall.txt,regulator_fixed_voltage_init,0.05353,0,0
9,run8_initcall.txt,gpio_regulator_init,0.053587,0,0
9,run8_initcall.txt,init_sysrq_sysctl,0.053612,0,0
9,run8_initcall.txt,misc_init,0.053636,0,0
9,run8_initcall.txt,iommu_subsys_init,0.053668,0,0
9,run8_initcall.txt,register_cpu_capacity_sysctl,0.054086,0,0
9,run8_initcall.txt,dma_buf_init,0.054151,0,0
9,run8_initcall.txt,dma_heap_init,0.054182,0,0
9,run8_initcall.txt,init_scsi,0.054285,0,0
9,run8_initcall.txt,mdio_bus_init,0.054317,0,0
9,run8_initcall.txt,phy_init,0.054362,0,0
9,run8_initcall.txt,usb_common_init,0.054383,0,0
9,run8_initcall.txt,usb_init,0.05449,0,0
9,run8_initcall.txt,usb_phy_generic_init,0.054636,0,0
9,run8_initcall.txt,usb_udc_init,0.054667,0,0
9,run8_initcall.txt,usb_roles_init,0.05469,0,0
9,run8_initcall.txt,input_init,0.054714,0,0
9,run8_initcall.txt,rtc_init,0.054731,0,0
9,run8_initcall.txt,rc_core_init,0.054756,0,0
9,run8_initcall.txt,pps_init,0.054789,0,0
9,run8_initcall.txt,ptp_init,0.054815,0,0
9,run8_initcall.txt,power_supply_class_init,0.054849,0,0
9,run8_initcall.txt,hwmon_init,0.054871,0,0
9,run8_initcall.txt,mmc_init,0.054912,0,0
9,run8_initcall.txt,dmi_init,0.054931,0,0
9,run8_initcall.txt,efisubsys_init,0.054949,0,0
9,run8_initcall.txt,arm_pmu_hp_init,0.054969,0,0
9,run8_initcall.txt,ras_init,0.055052,0,0
9,run8_initcall.txt,nvmem_init,0.055088,0,0
9,run8_initcall.txt,init_soundcore,0.055108,0,0
9,run8_initcall.txt,proto_init,0.055127,0,0
9,run8_initcall.txt,net_dev_init,0.055354,0,0
9,run8_initcall.txt,neigh_init,0.055376,0,0
9,run8_initcall.txt,fib_notifier_init,0.055392,0,0
9,run8_initcall.txt,netdev_genl_init,0.055431,0,0
9,run8_initcall.txt,page_pool_user_init,0.055448,0,0
9,run8_initcall.txt,fib_rules_init,0.055466,0,0
9,run8_initcall.txt,init_cgroup_netprio,0.055484,0,0
9,run8_initcall.txt,bpf_lwt_init,0.055499,0,0
9,run8_initcall.txt,pktsched_init,0.055524,0,0
9,run8_initcall.txt,tc_filter_init,0.055559,0,0
9,run8_initcall.txt,tc_action_init,0.055577,0,0
9,run8_initcall.txt,ethnl_init,0.05565,0,0
9,run8_initcall.txt,nexthop_init,0.055672,0,0
9,run8_initcall.txt,devlink_init,0.055751,0,0
9,run8_initcall.txt,wireless_nlevent_init,0.055772,0,0
9,run8_initcall.txt,vsprintf_init_hashval,0.055793,0,0
9,run8_initcall.txt,init_32bit_el0_mask,0.055811,0,0
9,run8_initcall.txt,vga_arb_device_init,0.055946,0,0
9,run8_initcall.txt,watchdog_init,0.056067,0,0
9,run8_initcall.txt,create_debug_debugfs_entry,0.056176,0,0
9,run8_initcall.txt,iomem_init_inode,0.05622,0,0
9,run8_initcall.txt,clocksource_done_booting,0.056293,0,12
9,run8_initcall.txt,bpf_init,0.056316,0,5
9,run8_initcall.txt,secretmem_init,0.05635,0,17
9,run8_initcall.txt,init_fs_stat_sysctls,0.056378,0,9
9,run8_initcall.txt,init_fs_exec_sysctls,0.056397,0,2
9,run8_initcall.txt,init_pipe_fs,0.056428,0,14
9,run8_initcall.txt,init_fs_namei_sysctls,0.056449,0,3
9,run8_initcall.txt,init_fs_dcache_sysctls,0.056474,0,7
9,run8_initcall.txt,init_fs_namespace_sysctls,0.056494,0,1
9,run8_initcall.txt,cgroup_writeback_init,0.056516,0,4
9,run8_initcall.txt,inotify_user_setup,0.056549,0,14
9,run8_initcall.txt,eventpoll_init,0.056583,0,14
9,run8_initcall.txt,anon_inode_init,0.056612,0,10
9,run8_initcall.txt,proc_locks_init,0.056635,0,5
9,run8_initcall.txt,backing_aio_init,0.056656,0,2
9,run8_initcall.txt,init_fs_coredump_sysctls,0.05668,0,7
9,run8_initcall.txt,init_vm_drop_caches_sysctls,0.056699,0,2
9,run8_initcall.txt,iomap_dio_init,0.056735,0,22
9,run8_initcall.txt,iomap_ioend_init,0.056782,0,33
9,run8_initcall.txt,dquot_init,0.056885,0,88
9,run8_initcall.txt,proc_cmdline_init,0.056903,0,1
9,run8_initcall.txt,proc_consoles_init,0.056917,0,1
9,run8_initcall.txt,proc_cpuinfo_init,0.056933,0,1
9,run8_initcall.txt,proc_devices_init,0.056948,0,0
9,run8_initcall.txt,proc_interrupts_init,0.056963,0,1
9,run8_initcall.txt,proc_loadavg_init,0.056977,0,0
9,run8_initcall.txt,proc_meminfo_init,0.056991,0,0
9,run8_initcall.txt,proc_stat_init,0.057005,0,1
9,run8_initcall.txt,proc_uptime_init,0.057019,0,1
9,run8_initcall.txt,proc_version_init,0.057034,0,1
9,run8_initcall.txt,proc_softirqs_init,0.057049,0,1
9,run8_initcall.txt,proc_kmsg_init,0.057064,0,1
9,run8_initcall.txt,proc_page_init,0.05708,0,2
9,run8_initcall.txt,init_ramfs_fs,0.057094,0,1
9,run8_initcall.txt,aa_create_aafs,0.05711,0,0
9,run8_initcall.txt,chr_dev_init,0.060063,0,2935
9,run8_initcall.txt,hwrng_modinit,0.060151,0,45
9,run8_initcall.txt,firmware_class_init,0.060171,0,1
9,run8_initcall.txt,sysctl_core_init,0.060216,0,27
9,run8_initcall.txt,eth_offload_init,0.060233,0,1
9,run8_initcall.txt,ipv4_offload_init,0.060251,0,1
9,run8_initcall.txt,inet_init,0.06404,0,3743
9,run8_initcall.txt,af_unix_init,0.064101,0,27
9,run8_initcall.txt,ipv6_offload_init,0.064121,0,1
9,run8_initcall.txt,init_sunrpc,0.06453,0,381
9,run8_initcall.txt,vlan_offload_init,0.06455,0,0
9,run8_initcall.txt,pci_apply_final_quirks,0.064579,0,12
9,run8_initcall.txt,populate_rootfs,0.064607,0,7
9,run8_initcall.txt,register_arm64_panic_block,0.064724,0,0
9,run8_initcall.txt,cpuinfo_regs_init,0.064827,0,88
9,run8_initcall.txt,aarch32_el0_sysfs_init,0.064848,0,0
9,run8_initcall.txt,kvm_arm_init,0.068494,0,3628
9,run8_initcall.txt,proc_execdomains_init,0.068536,0,3
9,run8_initcall.txt,register_warn_debugfs,0.068558,0,3
9,run8_initcall.txt,cpuhp_sysfs_init,0.068603,0,26
9,run8_initcall.txt,ioresources_init,0.068624,0,3
9,run8_initcall.txt,psi_proc_init,0.068641,0,0
9,run8_initcall.txt,irq_gc_init_ops,0.068655,0,0
9,run8_initcall.txt,irq_debugfs_init,0.068754,0,76
9,run8_initcall.txt,proc_modules_init,0.068772,0,2
9,run8_initcall.txt,timer_sysctl_init,0.068795,0,7
9,run8_initcall.txt,timekeeping_init_ops,0.068811,0,0
9,run8_initcall.txt,init_clocksource_sysfs,0.068881,0,55
9,run8_initcall.txt,init_timer_list_procfs,0.068901,0,1
9,run8_initcall.txt,alarmtimer_init,0.068983,0,65
9,run8_initcall.txt,clockevents_init_sysfs,0.069113,0,113
9,run8_initcall.txt,sched_clock_syscore_init,0.069132,0,0
9,run8_initcall.txt,kallsyms_init,0.069152,0,2
9,run8_initcall.txt,pid_namespaces_init,0.069192,0,23
9,run8_initcall.txt,audit_watch_init,0.069211,0,1
9,run8_initcall.txt,audit_fsnotify_init,0.069228,0,0
9,run8_initcall.txt,audit_tree_init,0.069247,0,2
9,run8_initcall.txt,seccomp_sysctl_init,0.069267,0,4
9,run8_initcall.txt,utsname_sysctl_init,0.069291,0,6
9,run8_initcall.txt,init_lstats_procfs,0.069312,0,3
9,run8_initcall.txt,perf_event_sysfs_init,0.069384,0,53
9,run8_initcall.txt,system_trusted_keyring_init,0.069418,0,15
9,run8_initcall.txt,kswapd_init,0.069626,0,188
9,run8_initcall.txt,extfrag_debug_init,0.069654,0,7
9,run8_initcall.txt,mm_compute_batch_init,0.069671,0,0
9,run8_initcall.txt,slab_proc_init,0.069688,0,2
9,run8_initcall.txt,workingset_init,0.06971,0,8
9,run8_initcall.txt,proc_vmalloc_init,0.069726,0,1
9,run8_initcall.txt,memblock_init_debugfs,0.069747,0,6
9,run8_initcall.txt,slab_debugfs_init,0.069768,0,4
9,run8_initcall.txt,procswaps_init,0.069784,0,1
9,run8_initcall.txt,zs_init,0.069801,0,0
9,run8_initcall.txt,fcntl_init,0.069819,0,2
9,run8_initcall.txt,proc_filesystems_init,0.06984,0,3
9,run8_initcall.txt,start_dirtytime_writeback,0.069864,0,6
9,run8_initcall.txt,dio_init,0.069884,0,1
9,run8_initcall.txt,dnotify_init,0.069915,0,13
9,run8_initcall.txt,fanotify_user_setup,0.069943,0,9
9,run8_initcall.txt,aio_setup,0.070001,0,39
9,run8_initcall.txt,mbcache_init,0.070026,0,6
9,run8_initcall.txt,init_grace,0.070044,0,2
9,run8_initcall.txt,init_devpts_fs,0.070067,0,7
9,run8_initcall.txt,ext4_init_fs,0.070161,0,79
9,run8_initcall.txt,journal_init,0.070191,0,14
9,run8_initcall.txt,init_fat_fs,0.070211,0,5
9,run8_initcall.txt,init_vfat_fs,0.070226,0,0
9,run8_initcall.txt,init_msdos_fs,0.07024,0,0
9,run8_initcall.txt,init_nfs_fs,0.070388,0,134
9,run8_initcall.txt,init_nfs_v2,0.070408,0,0
9,run8_initcall.txt,init_nfs_v3,0.070422,0,0
9,run8_initcall.txt,init_nfs_v4,0.070464,0,27
9,run8_initcall.txt,nfs4filelayout_init,0.070486,0,6
9,run8_initcall.txt,nfs4flexfilelayout_init,0.070507,0,6
9,run8_initcall.txt,init_nlm,0.07055,0,28
9,run8_initcall.txt,init_nls_cp437,0.070566,0,0
9,run8_initcall.txt,init_nls_ascii,0.07058,0,0
9,run8_initcall.txt,init_autofs_fs,0.07068,0,84
9,run8_initcall.txt,init_f2fs_fs,0.070824,0,127
9,run8_initcall.txt,ipc_init,0.070853,0,12
9,run8_initcall.txt,ipc_sysctl_init,0.070888,0,18
9,run8_initcall.txt,init_mqueue_fs,0.070943,0,39
9,run8_initcall.txt,key_proc_init,0.070963,0,2
9,run8_initcall.txt,bpf_crypto_skcipher_init,0.07098,0,0
9,run8_initcall.txt,dh_init,0.070999,0,2
9,run8_initcall.txt,rsa_init,0.071018,0,2
9,run8_initcall.txt,cryptomgr_init,0.071035,0,1
9,run8_initcall.txt,hmac_module_init,0.071051,0,0
9,run8_initcall.txt,crypto_sha256_mod_init,0.071071,0,4
9,run8_initcall.txt,crypto_ecb_module_init,0.071088,0,0
9,run8_initcall.txt,crypto_cbc_module_init,0.071104,0,0
9,run8_initcall.txt,crypto_cts_module_init,0.07112,0,0
9,run8_initcall.txt,xts_module_init,0.071136,0,0
9,run8_initcall.txt,des_generic_mod_init,0.071154,0,1
9,run8_initcall.txt,aes_init,0.07117,0,0
9,run8_initcall.txt,lzo_mod_init,0.071187,0,1
9,run8_initcall.txt,lzorle_mod_init,0.071203,0,0
9,run8_initcall.txt,asymmetric_key_init,0.071224,0,5
9,run8_initcall.txt,x509_key_init,0.071246,0,6
9,run8_initcall.txt,crypto_kdf108_init,0.071261,0,0
9,run8_initcall.txt,blkdev_init,0.07129,0,13
9,run8_initcall.txt,proc_genhd_init,0.071311,0,2
9,run8_initcall.txt,bsg_init,0.071345,0,17
9,run8_initcall.txt,throtl_init,0.071428,0,68
9,run8_initcall.txt,deadline_init,0.071454,0,6
9,run8_initcall.txt,kyber_init,0.071474,0,5
9,run8_initcall.txt,bfq_init,0.071509,0,19
9,run8_initcall.txt,io_uring_init,0.071546,0,21
9,run8_initcall.txt,btree_module_init,0.071568,0,2
9,run8_initcall.txt,percpu_counter_startup,0.071632,0,45
9,run8_initcall.txt,audit_classes_init,0.071663,0,4
9,run8_initcall.txt,gicv5_iwb_platform_driver_init,0.071776,0,94
9,run8_initcall.txt,mip_msi_driver_init,0.071831,0,34
9,run8_initcall.txt,bcm7038_l1_driver_init,0.071883,0,33
9,run8_initcall.txt,bcm7120_l2_driver_init,0.071942,0,39
9,run8_initcall.txt,brcmstb_l2_driver_init,0.072261,0,300
9,run8_initcall.txt,simple_pm_bus_driver_init,0.072933,0,630
9,run8_initcall.txt,phy_core_init,0.07297,0,15
9,run8_initcall.txt,brcm_usb_driver_init,0.073059,0,69
9,run8_initcall.txt,rp1_pinctrl_driver_init,0.073111,0,32
9,run8_initcall.txt,bcm2835_pinctrl_driver_init,0.073959,0,828
9,run8_initcall.txt,bcm2712_pinctrl_driver_init,0.074036,0,54
9,run8_initcall.txt,brcmvirt_gpio_driver_init,0.074092,0,35
9,run8_initcall.txt,brcmstb_gpio_driver_init,0.074148,0,35
9,run8_initcall.txt,rpi_exp_gpio_driver_init,0.074534,0,367
9,run8_initcall.txt,brcmstb_pwm_driver_init,0.074593,0,38
9,run8_initcall.txt,rp1_pwm_driver_init,0.074647,0,33
9,run8_initcall.txt,gpio_led_driver_init,0.076379,0,1713
9,run8_initcall.txt,led_pwm_driver_init,0.076445,0,43
9,run8_initcall.txt,timer_led_trigger_init,0.076465,0,1
9,run8_initcall.txt,oneshot_led_trigger_init,0.076486,0,0
9,run8_initcall.txt,heartbeat_trig_init,0.076506,0,1
9,run8_initcall.txt,bl_led_trigger_init,0.076525,0,0
9,run8_initcall.txt,ledtrig_cpu_init,0.07662,0,77
9,run8_initcall.txt,defon_led_trigger_init,0.076668,0,31
9,run8_initcall.txt,input_trig_init,0.076684,0,1
9,run8_initcall.txt,ledtrig_panic_init,0.076699,0,1
9,run8_initcall.txt,actpwr_trig_init,0.076871,0,157
9,run8_initcall.txt,pcie_portdrv_init,0.076943,0,55
9,run8_initcall.txt,pci_proc_init,0.076969,0,12
9,run8_initcall.txt,brcm_pcie_driver_init,0.189192,0,112208
9,run8_initcall.txt,bcm2708_fb_init,0.189273,0,61
9,run8_initcall.txt,simplefb_driver_init,0.215279,0,25982
9,run8_initcall.txt,of_fixed_factor_clk_driver_init,0.215368,0,37
9,run8_initcall.txt,of_fixed_clk_driver_init,0.21545,0,34
9,run8_initcall.txt,gpio_clk_driver_init,0.215539,0,42
9,run8_initcall.txt,gated_fixed_clk_driver_init,0.215619,0,33
9,run8_initcall.txt,rp1_clk_driver_init,0.215701,0,35
9,run8_initcall.txt,rp1_sdio_clk_driver_init,0.215781,0,34
9,run8_initcall.txt,clk_dvp_driver_init,0.215979,0,151
9,run8_initcall.txt,bcm2835_aux_clk_driver_init,0.216093,0,61
9,run8_initcall.txt,raspberrypi_clk_driver_init,0.231548,0,15407
9,run8_initcall.txt,dw_driver_init,0.231648,0,50
9,run8_initcall.txt,bcm2835_power_driver_init,0.231718,0,23
9,run8_initcall.txt,rpi_power_driver_init,0.23309,0,1324
9,run8_initcall.txt,brcmstb_reset_driver_init,0.23318,0,38
9,run8_initcall.txt,brcm_rescal_reset_driver_init,0.233266,0,35
9,run8_initcall.txt,rpi_reset_driver_init,0.233424,0,110
9,run8_initcall.txt,reset_simple_driver_init,0.233556,0,81
9,run8_initcall.txt,n_null_init,0.233602,0,0
9,run8_initcall.txt,pty_init,0.23373,0,87
9,run8_initcall.txt,sysrq_init,0.233787,0,14
9,run8_initcall.txt,serial8250_init,0.233831,-19,0
9,run8_initcall.txt,bcm2835aux_serial_driver_init,0.233919,0,39
9,run8_initcall.txt,brcmuart_init,0.234018,0,52
9,run8_initcall.txt,exar_pci_driver_init,0.234089,0,25
9,run8_initcall.txt,of_platform_serial_driver_init,0.234235,0,94
9,run8_initcall.txt,serial_pci_driver_init,0.234327,0,40
9,run8_initcall.txt,pericom8250_pci_driver_init,0.234394,0,17
9,run8_initcall.txt,init_kgdboc,0.234541,0,98
9,run8_initcall.txt,random_sysctls_init,0.234608,0,22
9,run8_initcall.txt,ttyprintk_init,0.234713,0,58
9,run8_initcall.txt,bcm2835_rng_driver_init,0.234818,0,55
9,run8_initcall.txt,bcm74110_rng_driver_init,0.234903,0,36
9,run8_initcall.txt,iproc_rng200_driver_init,0.235236,0,279
9,run8_initcall.txt,smccc_trng_driver_init,0.235311,0,24
9,run8_initcall.txt,vc_mem_init,0.235488,0,130
9,run8_initcall.txt,vcio_driver_init,0.238531,0,2995
9,run8_initcall.txt,bcm2712_iommu_driver_init,0.243813,0,46
9,run8_initcall.txt,bcm2712_iommu_cache_driver_init,0.249129,0,39
9,run8_initcall.txt,topology_sysfs_init,0.254485,0,64
9,run8_initcall.txt,cacheinfo_sysfs_init,0.26007,0,248
9,run8_initcall.txt,devcoredump_init,0.265295,0,11
9,run8_initcall.txt,brd_init,0.277126,0,6474
9,run8_initcall.txt,loop_init,0.287779,0,5288
9,run8_initcall.txt,bcm2835_pm_driver_init,0.295962,0,2808
9,run8_initcall.txt,stmpe_i2c_driver_init,0.301176,0,16
9,run8_initcall.txt,stmpe_spi_driver_init,0.306501,0,13
9,run8_initcall.txt,rp1_driver_init,0.31187,0,28
9,run8_initcall.txt,system_heap_create,0.317302,0,94
9,run8_initcall.txt,add_default_cma_heap,0.32272,0,86
9,run8_initcall.txt,udmabuf_dev_init,0.328097,0,42
9,run8_initcall.txt,iscsi_transport_init,0.336172,0,2901
9,run8_initcall.txt,init_sd,0.341514,0,25
9,run8_initcall.txt,nvme_core_init,0.34712,0,280
9,run8_initcall.txt,nvme_init,0.352514,0,28
9,run8_initcall.txt,blackhole_netdev_init,0.357868,0,26
9,run8_initcall.txt,netkit_init,0.363154,0,6
9,run8_initcall.txt,phylink_init,0.368389,0,0
9,run8_initcall.txt,phy_module_init,0.373873,0,172
9,run8_initcall.txt,phy_module_init,0.379335,0,174
9,run8_initcall.txt,fixed_mdio_bus_init,0.384802,0,156
9,run8_initcall.txt,phy_module_init,0.390271,0,173
9,run8_initcall.txt,phy_module_init,0.395651,0,21
9,run8_initcall.txt,phy_module_init,0.400963,0,63
9,run8_initcall.txt,unimac_mdio_driver_init,0.406522,0,137
9,run8_initcall.txt,macb_driver_init,0.41213,0,115
9,run8_initcall.txt,bcmgenet_driver_init,0.624051,0,206391
9,run8_initcall.txt,bcmasp_driver_init,0.629826,0,83
9,run8_initcall.txt,lan78xx_driver_init,0.638403,0,2926
9,run8_initcall.txt,smsc95xx_driver_init,0.647229,0,2969
9,run8_initcall.txt,usbnet_init,0.653083,0,0
9,run8_initcall.txt,xhci_hcd_init,0.658932,0,14
9,run8_initcall.txt,xhci_pci_init,0.836563,0,171934
9,run8_initcall.txt,xhci_plat_init,0.842389,0,129
9,run8_initcall.txt,dwc_otg_driver_init,0.85941,0,11337
9,run8_initcall.txt,dwc_common_port_init_module,0.867851,0,2951
9,run8_initcall.txt,dwc3_driver_init,0.87366,0,70
9,run8_initcall.txt,dwc3_haps_driver_init,0.879311,0,32
9,run8_initcall.txt,dwc3_of_simple_driver_init,0.884992,0,64
9,run8_initcall.txt,dwc3_generic_driver_init,0.89067,0,39
9,run8_initcall.txt,dwc2_platform_driver_init,0.896461,0,185
9,run8_initcall.txt,uas_init,0.904879,0,2919
9,run8_initcall.txt,usb_storage_driver_init,0.913333,0,2836
9,run8_initcall.txt,brcmstb_usb_pinmap_init,0.919014,-19,77
9,run8_initcall.txt,bdc_driver_init,0.924698,0,46
9,run8_initcall.txt,input_leds_init,0.930501,0,1
9,run8_initcall.txt,mousedev_init,0.939625,0,2931
9,run8_initcall.txt,evdev_init,0.945291,0,0
9,run8_initcall.txt,brcmstb_waketmr_driver_init,0.951027,0,88
9,run8_initcall.txt,rpi_rtc_driver_init,0.956701,0,42
9,run8_initcall.txt,init_rc_map_adstech_dvb_t_pci,0.962335,0,0
9,run8_initcall.txt,init_rc_map_alink_dtu_m,0.96781,0,0
9,run8_initcall.txt,init_rc_map_anysee,0.973455,0,0
9,run8_initcall.txt,init_rc_map_apac_viewcomp,0.97906,0,0
9,run8_initcall.txt,init_rc_map_t2hybrid,0.984664,0,0
9,run8_initcall.txt,init_rc_map_asus_pc39,0.99025,0,0
9,run8_initcall.txt,init_rc_map_asus_ps3_100,0.99584,0,0
9,run8_initcall.txt,init_rc_map_ati_tv_wonder_hd_600,1.001295,0,0
9,run8_initcall.txt,init_rc_map_ati_x10,1.006844,0,0
9,run8_initcall.txt,init_rc_map_avermedia_a16d,1.012434,0,0
9,run8_initcall.txt,init_rc_map_avermedia_cardbus,1.017995,0,0
9,run8_initcall.txt,init_rc_map_avermedia_dvbt,1.023555,0,0
9,run8_initcall.txt,init_rc_map_avermedia_m135a,1.029105,0,0
9,run8_initcall.txt,init_rc_map_avermedia_m733a_rm_k6,1.034513,0,0
9,run8_initcall.txt,init_rc_map_avermedia,1.04007,0,0
9,run8_initcall.txt,init_rc_map_avermedia_rm_ks,1.045623,0,0
9,run8_initcall.txt,init_rc_map_avertv_303,1.05119,0,0
9,run8_initcall.txt,init_rc_map_azurewave_ad_tu700,1.059571,0,0
9,run8_initcall.txt,init_rc_map_beelink_gs1,1.064997,0,0
9,run8_initcall.txt,init_rc_map_beelink_mxiii,1.07058,0,0
9,run8_initcall.txt,init_rc_map_behold_columbus,1.076158,0,0
9,run8_initcall.txt,init_rc_map_behold,1.081733,0,0
9,run8_initcall.txt,init_rc_map_budget_ci_old,1.087302,0,0
9,run8_initcall.txt,init_rc_map_cinergy_1400,1.092834,0,0
9,run8_initcall.txt,init_rc_map_cinergy,1.098216,0,0
9,run8_initcall.txt,init_rc_map_ct_90405,1.103726,0,0
9,run8_initcall.txt,init_rc_map_d680_dmb,1.109235,0,0
9,run8_initcall.txt,init_rc_map_delock_61959,1.114728,0,0
9,run8_initcall.txt,init_rc_map,1.120216,0,0
9,run8_initcall.txt,init_rc_map,1.125713,0,0
9,run8_initcall.txt,init_rc_map_digitalnow_tinytwin,1.131084,0,0
9,run8_initcall.txt,init_rc_map_digittrade,1.136613,0,0
9,run8_initcall.txt,init_rc_map_dm1105_nec,1.142115,0,0
9,run8_initcall.txt,init_rc_map_dntv_live_dvb_t,1.147653,0,0
9,run8_initcall.txt,init_rc_map_dntv_live_dvbt_pro,1.15316,0,0
9,run8_initcall.txt,init_rc_map_dreambox,1.158655,0,0
9,run8_initcall.txt,init_rc_map_dtt200u,1.164012,0,0
9,run8_initcall.txt,init_rc_map_rc5_dvbsky,1.169518,0,0
9,run8_initcall.txt,init_rc_map_dvico_mce,1.175088,0,0
9,run8_initcall.txt,init_rc_map_dvico_portable,1.180705,0,0
9,run8_initcall.txt,init_rc_map_em_terratec,1.186189,0,0
9,run8_initcall.txt,init_rc_map_encore_enltv2,1.191741,0,0
9,run8_initcall.txt,init_rc_map_encore_enltv_fm53,1.197196,0,0
9,run8_initcall.txt,init_rc_map_encore_enltv,1.208288,0,0
9,run8_initcall.txt,init_rc_map_evga_indtube,1.216942,0,0
9,run8_initcall.txt,init_rc_map_eztv,1.228135,0,0
9,run8_initcall.txt,init_rc_map_flydvb,1.233605,0,0
9,run8_initcall.txt,init_rc_map_flyvideo,1.244766,0,0
9,run8_initcall.txt,init_rc_map_fusionhdtv_mce,1.250335,0,0
9,run8_initcall.txt,init_rc_map_gadmei_rm008z,1.255891,0,0
9,run8_initcall.txt,init_rc_map_geekbox,1.261453,0,0
9,run8_initcall.txt,init_rc_map_genius_tvgo_a11mce,1.266853,0,0
9,run8_initcall.txt,init_rc_map_gotview7135,1.272409,0,0
9,run8_initcall.txt,init_rc_map_rc5_hauppauge_new,1.27794,0,0
9,run8_initcall.txt,init_rc_map_hisi_poplar,1.283465,0,1
9,run8_initcall.txt,init_rc_map_hisi_tv_demo,1.289014,0,0
9,run8_initcall.txt,init_rc_map_imon_mce,1.294537,0,0
9,run8_initcall.txt,init_rc_map_imon_pad,1.2999,0,0
9,run8_initcall.txt,init_rc_map_imon_rsc,1.30539,0,0
9,run8_initcall.txt,init_rc_map_iodata_bctv7e,1.310879,0,0
9,run8_initcall.txt,init_rc_it913x_v1_map,1.31636,0,0
9,run8_initcall.txt,init_rc_it913x_v2_map,1.321836,0,0
9,run8_initcall.txt,init_rc_map_kaiomy,1.327324,0,0
9,run8_initcall.txt,init_rc_map_khadas,1.332634,0,0
9,run8_initcall.txt,init_rc_map_khamsin,1.338125,0,0
9,run8_initcall.txt,init_rc_map_kworld_315u,1.343662,0,0
9,run8_initcall.txt,init_rc_map_kworld_pc150u,1.349193,0,0
9,run8_initcall.txt,init_rc_map_kworld_plus_tv_analog,1.35469,0,0
9,run8_initcall.txt,init_rc_map_leadtek_y04g0051,1.360148,0,0
9,run8_initcall.txt,init_rc_lme2510_map,1.365462,0,0
9,run8_initcall.txt,init_rc_map_manli,1.370939,0,0
9,run8_initcall.txt,init_rc_map_mecool_kiii_pro,1.376434,0,0
9,run8_initcall.txt,init_rc_map_mecool_kii_pro,1.381925,0,0
9,run8_initcall.txt,init_rc_map_medion_x10_digitainer,1.387395,0,0
9,run8_initcall.txt,init_rc_map_medion_x10,1.392858,0,0
9,run8_initcall.txt,init_rc_map_medion_x10_or2x,1.39817,0,0
9,run8_initcall.txt,init_rc_map_minix_neo,1.40362,0,0
9,run8_initcall.txt,init_rc_map_msi_digivox_iii,1.409082,0,0
9,run8_initcall.txt,init_rc_map_msi_digivox_ii,1.414527,0,0
9,run8_initcall.txt,init_rc_map_msi_tvanywhere,1.419963,0,0
9,run8_initcall.txt,init_rc_map_msi_tvanywhere_plus,1.425581,0,0
9,run8_initcall.txt,init_rc_map_mygica_utv3,1.430864,0,0
9,run8_initcall.txt,init_rc_map_nebula,1.43627,0,0
9,run8_initcall.txt,init_rc_map_nec_terratec_cinergy_xs,1.441669,0,0
9,run8_initcall.txt,init_rc_map_norwood,1.44708,0,0
9,run8_initcall.txt,init_rc_map_npgtech,1.452496,0,0
9,run8_initcall.txt,init_rc_map_odroid,1.457895,0,0
9,run8_initcall.txt,init_rc_map_pctv_sedna,1.463246,0,0
9,run8_initcall.txt,init_rc_map_pine64,1.468551,0,0
9,run8_initcall.txt,init_rc_map_pinnacle_color,1.473934,0,0
9,run8_initcall.txt,init_rc_map_pinnacle_grey,1.479283,0,0
9,run8_initcall.txt,init_rc_map_pinnacle_pctv_hd,1.484653,0,0
9,run8_initcall.txt,init_rc_map_pixelview,1.49001,0,0
9,run8_initcall.txt,init_rc_map_pixelview,1.495393,0,0
9,run8_initcall.txt,init_rc_map_pixelview_new,1.500632,0,0
9,run8_initcall.txt,init_rc_map_pixelview,1.506028,0,0
9,run8_initcall.txt,init_rc_map_powercolor_real_angel,1.511418,0,0
9,run8_initcall.txt,init_rc_map_proteus_2309,1.516822,0,0
9,run8_initcall.txt,init_rc_map_purpletv,1.522242,0,0
9,run8_initcall.txt,init_rc_map_pv951,1.52762,0,0
9,run8_initcall.txt,init_rc_map_rc6_mce,1.532869,0,0
9,run8_initcall.txt,init_rc_map_real_audio_220_32_keys,1.538291,0,0
9,run8_initcall.txt,init_rc_map_reddo,1.543724,0,0
9,run8_initcall.txt,init_rc_map_siemens_gigaset_rc20,1.549159,0,0
9,run8_initcall.txt,init_rc_map_snapstream_firefly,1.554577,0,0
9,run8_initcall.txt,init_rc_map_streamzap,1.55999,0,0
9,run8_initcall.txt,init_rc_map_su3000,1.565283,0,0
9,run8_initcall.txt,init_rc_map_tanix_tx3mini,1.570709,0,0
9,run8_initcall.txt,init_rc_map_tanix_tx5max,1.576093,0,0
9,run8_initcall.txt,init_rc_map_tbs_nec,1.581488,0,0
9,run8_initcall.txt,init_rc_map,1.586907,0,0
9,run8_initcall.txt,init_rc_map,1.592324,0,0
9,run8_initcall.txt,init_rc_map_terratec_cinergy_c_pci,1.597615,0,0
9,run8_initcall.txt,init_rc_map_terratec_cinergy_s2_hd,1.603039,0,0
9,run8_initcall.txt,init_rc_map_terratec_cinergy_xs,1.608485,0,0
9,run8_initcall.txt,init_rc_map_terratec_slim_2,1.613913,0,0
9,run8_initcall.txt,init_rc_map_terratec_slim,1.619358,0,0
9,run8_initcall.txt,init_rc_map_tevii_nec,1.624825,0,0
9,run8_initcall.txt,init_rc_map_tivo,1.630204,0,0
9,run8_initcall.txt,init_rc_map_total_media_in_hand_02,1.635579,0,0
9,run8_initcall.txt,init_rc_map_total_media_in_hand,1.641016,0,0
9,run8_initcall.txt,init_rc_map_trekstor,1.646452,0,0
9,run8_initcall.txt,init_rc_map_tt_1500,1.651918,0,0
9,run8_initcall.txt,init_rc_map_twinhan_vp1027,1.657397,0,0
9,run8_initcall.txt,init_rc_map_twinhan_dtv_cab_ci,1.662838,0,0
9,run8_initcall.txt,init_rc_map_vega_s9x,1.668142,0,0
9,run8_initcall.txt,init_rc_map_videomate_k100,1.673587,0,0
9,run8_initcall.txt,init_rc_map_videomate_s350,1.679013,0,0
9,run8_initcall.txt,init_rc_map_videomate_tv_pvr,1.684453,0,0
9,run8_initcall.txt,init_rc_map_kii_pro,1.689903,0,0
9,run8_initcall.txt,init_rc_map_wetek_hub,1.695351,0,0
9,run8_initcall.txt,init_rc_map_wetek_play2,1.700641,0,0
9,run8_initcall.txt,init_rc_map_winfast,1.706108,0,0
9,run8_initcall.txt,init_rc_map_winfast_usbii_deluxe,1.711574,0,0
9,run8_initcall.txt,init_rc_map_x96max,1.717046,0,0
9,run8_initcall.txt,init_rc_map,1.722491,0,0
9,run8_initcall.txt,init_rc_map,1.727932,0,0
9,run8_initcall.txt,init_rc_map_zx_irdec,1.733262,0,0
9,run8_initcall.txt,ptp_kvm_init,1.73868,-95,0
9,run8_initcall.txt,gpio_poweroff_driver_init,1.74421,0,103
9,run8_initcall.txt,bcm2711_thermal_driver_init,1.752769,0,3076
9,run8_initcall.txt,bcm2835_thermal_driver_init,1.75831,0,59
9,run8_initcall.txt,bcm2835_wdt_driver_init,1.763695,0,26
9,run8_initcall.txt,dt_cpufreq_platdrv_init,1.769191,0,26
9,run8_initcall.txt,brcm_avs_cpufreq_platdrv_init,1.774744,0,45
9,run8_initcall.txt,raspberrypi_cpufreq_driver_init,1.786653,0,6398
9,run8_initcall.txt,mmc_pwrseq_simple_driver_init,1.792333,0,91
9,run8_initcall.txt,mmc_pwrseq_emmc_driver_init,1.797826,0,41
9,run8_initcall.txt,mmc_blk_init,1.803438,0,30
9,run8_initcall.txt,sdhci_drv_init,1.814657,0,5602
9,run8_initcall.txt,bcm2835_mmc_driver_init,1.823208,0,2875
9,run8_initcall.txt,bcm2835_driver_init,1.828936,0,43
9,run8_initcall.txt,sdhci_pltfm_drv_init,1.837291,0,2845
9,run8_initcall.txt,sdhci_iproc_driver_init,1.843056,0,78
9,run8_initcall.txt,sdhci_brcmstb_driver_init,1.843142,0,68
9,run8_initcall.txt,esrt_sysfs_init,1.843157,-38,1
9,run8_initcall.txt,smccc_devices_init,1.843172,0,1
9,run8_initcall.txt,smccc_soc_init,1.843186,0,1
9,run8_initcall.txt,arch_timer_mmio_drv_init,1.843245,0,39
9,run8_initcall.txt,arch_timer_mmio_acpi_drv_init,1.843275,0,22
9,run8_initcall.txt,hid_init,1.843337,0,53
9,run8_initcall.txt,hid_generic_init,1.843388,0,40
9,run8_initcall.txt,hid_init,1.843444,0,48
9,run8_initcall.txt,vchiq_driver_init,1.919449,0,75992
9,run8_initcall.txt,bcm74110_mbox_driver_init,1.926328,0,111
9,run8_initcall.txt,extcon_class_init,1.931846,0,9
9,run8_initcall.txt,armv8_pmu_driver_init,1.943931,0,6443
9,run8_initcall.txt,binder_init,1.949696,0,67
9,run8_initcall.txt,rpi_otp_driver_init,1.96411,0,8716
9,run8_initcall.txt,sock_diag_init,1.969808,0,26
9,run8_initcall.txt,blackhole_init,1.97547,0,1
9,run8_initcall.txt,cls_bpf_init_mod,1.981132,0,0
9,run8_initcall.txt,gre_offload_init,1.986764,0,0
9,run8_initcall.txt,sysctl_ipv4_init,1.992463,0,70
9,run8_initcall.txt,cubictcp_register,1.997922,0,3
9,run8_initcall.txt,packet_init,2.006355,0,2836
9,run8_initcall.txt,init_rpcsec_gss,2.011976,0,18
9,run8_initcall.txt,init_kerberos_module,2.017629,0,6
9,run8_initcall.txt,dcbnl_init,2.023257,0,3
9,run8_initcall.txt,init_dns_resolver,2.031545,0,2658
9,run8_initcall.txt,handshake_init,2.037263,0,35
9,run8_initcall.txt,check_mmu_enabled_at_boot,2.042951,0,0
9,run8_initcall.txt,finalize_pkvm,2.048631,0,0
9,run8_initcall.txt,kernel_do_mounts_initrd_sysctls_init,2.057276,0,5
9,run8_initcall.txt,kernel_panic_sysctls_init,2.06297,0,10
9,run8_initcall.txt,kernel_panic_sysfs_init,2.068563,0,5
9,run8_initcall.txt,kernel_exit_sysctls_init,2.074274,0,2
9,run8_initcall.txt,kernel_exit_sysfs_init,2.080001,0,2
9,run8_initcall.txt,param_sysfs_builtin_init,2.095159,0,9435
9,run8_initcall.txt,reboot_ksysfs_init,2.100953,0,31
9,run8_initcall.txt,sched_core_sysctl_init,2.106698,0,9
9,run8_initcall.txt,sched_fair_sysctl_init,2.112584,0,3
9,run8_initcall.txt,sched_rt_sysctl_init,2.118281,0,3
9,run8_initcall.txt,sched_dl_sysctl_init,2.124047,0,9
9,run8_initcall.txt,sched_init_debug,2.130078,0,83
9,run8_initcall.txt,cpu_latency_qos_init,2.135933,0,174
9,run8_initcall.txt,printk_late_init,2.141663,0,24
9,run8_initcall.txt,init_srcu_module_notifier,2.147404,0,2
9,run8_initcall.txt,kernel_rcu_stall_sysfs_init,2.153115,0,4
9,run8_initcall.txt,swiotlb_create_default_debugfs,2.158824,0,10
9,run8_initcall.txt,tk_debug_sleep_time_init,2.164405,0,3
9,run8_initcall.txt,bpf_ksym_iter_register,2.170111,0,1
9,run8_initcall.txt,kernel_acct_sysctls_init,2.175771,0,4
9,run8_initcall.txt,bpf_rstat_kfunc_init,2.181423,0,1
9,run8_initcall.txt,debugfs_kprobe_init,2.187076,0,23
9,run8_initcall.txt,kernel_delayacct_sysctls_init,2.192708,0,5
9,run8_initcall.txt,taskstats_init,2.201025,0,2844
9,run8_initcall.txt,bpf_global_ma_init,2.206786,0,111
9,run8_initcall.txt,bpf_syscall_sysctl_init,2.212407,0,5
9,run8_initcall.txt,unbound_reg_init,2.218038,0,0
9,run8_initcall.txt,kfunc_init,2.223638,0,1
9,run8_initcall.txt,bpf_map_iter_init,2.229245,0,1
9,run8_initcall.txt,init_subsystem,2.234728,0,0
9,run8_initcall.txt,task_iter_init,2.240342,0,1
9,run8_initcall.txt,bpf_prog_iter_init,2.245913,0,0
9,run8_initcall.txt,bpf_link_iter_init,2.251516,0,0
9,run8_initcall.txt,init_trampolines,2.25709,0,2
9,run8_initcall.txt,rqspinlock_register_kfuncs,2.262668,0,0
9,run8_initcall.txt,kfunc_init,2.268072,0,0
9,run8_initcall.txt,bpf_cgroup_iter_init,2.273641,0,1
9,run8_initcall.txt,cpumask_kfunc_init,2.279224,0,8
9,run8_initcall.txt,crypto_kfunc_init,2.28478,0,1
9,run8_initcall.txt,bpf_kmem_cache_iter_init,2.290361,0,0
9,run8_initcall.txt,dmabuf_iter_init,2.295949,0,0
9,run8_initcall.txt,load_system_certificate_list,2.304155,0,2789
9,run8_initcall.txt,init_lru_gen,2.309768,0,21
9,run8_initcall.txt,vmstat_late_init,2.315369,0,2
9,run8_initcall.txt,fault_around_debugfs,2.320941,0,7
9,run8_initcall.txt,slab_sysfs_init,2.330311,0,3819
9,run8_initcall.txt,max_swapfiles_check,2.335914,0,0
9,run8_initcall.txt,zswap_init,2.341512,0,0
9,run8_initcall.txt,mempolicy_sysfs_init,2.347085,0,20
9,run8_initcall.txt,memory_tier_late_init,2.358362,0,5675
9,run8_initcall.txt,check_early_ioremap_leak,2.363846,0,0
9,run8_initcall.txt,mg_debugfs_init,2.369431,0,18
9,run8_initcall.txt,fscrypt_init,2.380724,0,5685
9,run8_initcall.txt,pstore_init,2.386301,0,11
9,run8_initcall.txt,init_root_keyring,2.391899,0,32
9,run8_initcall.txt,init_profile_hash,2.397372,0,0
9,run8_initcall.txt,integrity_fs_init,2.402954,0,9
9,run8_initcall.txt,crypto_algapi_init,2.408567,0,9
9,run8_initcall.txt,blk_timeout_init,2.414121,0,0
9,run8_initcall.txt,depot_debugfs_init,2.41967,0,6
9,run8_initcall.txt,pci_resource_alignment_sysfs_init,2.425249,0,5
9,run8_initcall.txt,pci_sysfs_init,2.430687,0,10
9,run8_initcall.txt,clk_debug_init,2.436634,0,408
9,run8_initcall.txt,genpd_debug_init,2.442559,0,346
9,run8_initcall.txt,sync_state_resume_initcall,2.448112,0,1
9,run8_initcall.txt,deferred_probe_initcall,2.574392,0,120738
9,run8_initcall.txt,efi_shutdown_init,2.5839,-19,0
9,run8_initcall.txt,efi_earlycon_unmap_fb,2.589281,0,0
9,run8_initcall.txt,psci_debugfs_init,2.595635,0,0
9,run8_initcall.txt,of_cfs_init,2.606123,0,5309
9,run8_initcall.txt,of_fdt_raw_init,2.611421,0,31
9,run8_initcall.txt,bpf_kfunc_init,2.616701,0,2
9,run8_initcall.txt,init_subsystem,2.621972,0,0
9,run8_initcall.txt,xdp_metadata_init,2.627248,0,0
9,run8_initcall.txt,bpf_sockmap_iter_init,2.635104,0,2
9,run8_initcall.txt,bpf_sk_storage_map_iter_init,2.643101,0,0
9,run8_initcall.txt,bpf_prog_test_run_init,2.648508,0,1
9,run8_initcall.txt,bpf_dummy_struct_ops_init,2.653953,0,0
9,run8_initcall.txt,tcp_congestion_default,2.659422,0,1
9,run8_initcall.txt,inet_blackhole_dev_init,2.664716,0,9
9,run8_initcall.txt,ip_auto_config,2.670142,0,11
9,run8_initcall.txt,tcp_bpf_v4_build_proto,2.675605,0,0
9,run8_initcall.txt,udp_bpf_v4_build_proto,2.681064,0,0
9,run8_initcall.txt,bpf_tcp_ca_kfunc_init,2.686447,0,0
9,run8_initcall.txt,bpf_mptcp_kfunc_init,2.691863,0,0
9,run8_initcall.txt,fb_logo_late_init,2.697147,0,0
9,run8_initcall.txt,amba_stub_drv_init,2.702542,0,24
9,run8_initcall.txt,clk_disable_unused,2.71427,0,6348
9,run8_initcall.txt,genpd_power_off_unused,2.72239,0,2719
9,run8_initcall.txt,regulator_init_complete,2.727901,0,2
9,run8_initcall.txt,of_platform_sync_state_init,2.733295,0,26
10,run9_initcall.txt,of_platform_default_populate_init,0.046752,0,20000
10,run9_initcall.txt,register_mte_tcf_preferred_sysctl,0.046861,0,0
10,run9_initcall.txt,init_fork_sysctl,0.046888,0,0
10,run9_initcall.txt,uid_cache_init,0.04694,0,0
10,run9_initcall.txt,pid_namespace_sysctl_init,0.046971,0,0
10,run9_initcall.txt,param_sysfs_init,0.047002,0,0
10,run9_initcall.txt,user_namespace_sysctl_init,0.047033,0,0
10,run9_initcall.txt,proc_schedstat_init,0.047057,0,0
10,run9_initcall.txt,init_rtmutex_sysctl,0.047074,0,0
10,run9_initcall.txt,pm_sysrq_init,0.047124,0,0
10,run9_initcall.txt,init_rcu_stall_sysctl,0.047147,0,0
10,run9_initcall.txt,init_module_sysctl,0.047164,0,0
10,run9_initcall.txt,create_proc_profile,0.047183,0,0
10,run9_initcall.txt,cgroup_sysfs_init,0.047207,0,0
10,run9_initcall.txt,user_namespaces_init,0.047231,0,0
10,run9_initcall.txt,hung_task_init,0.047342,0,0
10,run9_initcall.txt,dev_map_init,0.047362,0,0
10,run9_initcall.txt,netns_bpf_init,0.047382,0,0
10,run9_initcall.txt,oom_init,0.047445,0,0
10,run9_initcall.txt,init_user_buckets,0.047465,0,0
10,run9_initcall.txt,init_vm_util_sysctls,0.047487,0,0
10,run9_initcall.txt,default_bdi_init,0.0476,0,0
10,run9_initcall.txt,cgwb_init,0.047624,0,0
10,run9_initcall.txt,percpu_enable_async,0.047641,0,0
10,run9_initcall.txt,kcompactd_init,0.047751,0,0
10,run9_initcall.txt,init_mm_sysctl,0.047768,0,0
10,run9_initcall.txt,init_user_reserve,0.047785,0,0
10,run9_initcall.txt,init_admin_reserve,0.047799,0,0
10,run9_initcall.txt,init_reserve_notifier,0.047813,0,0
10,run9_initcall.txt,swap_init,0.047832,0,0
10,run9_initcall.txt,swapfile_init,0.047852,0,0
10,run9_initcall.txt,memory_tier_init,0.047901,0,0
10,run9_initcall.txt,numa_init_sysfs,0.047923,0,0
10,run9_initcall.txt,mem_cgroup_swap_init,0.047939,0,0
10,run9_initcall.txt,init_msg_buckets,0.047955,0,0
10,run9_initcall.txt,init_bio,0.048001,0,0
10,run9_initcall.txt,blk_ioc_init,0.04802,0,0
10,run9_initcall.txt,blk_mq_init,0.048037,0,0
10,run9_initcall.txt,genhd_device_init,0.048132,0,0
10,run9_initcall.txt,blkcg_punt_bio_init,0.048254,0,4000
10,run9_initcall.txt,blk_integrity_auto_init,0.048327,0,0
10,run9_initcall.txt,io_wq_init,0.048347,0,0
10,run9_initcall.txt,crc_t10dif_mod_init,0.048371,0,0
10,run9_initcall.txt,sha256_mod_init,0.048391,0,0
10,run9_initcall.txt,sha512_mod_init,0.048408,0,0
10,run9_initcall.txt,sg_pool_init,0.048441,0,0
10,run9_initcall.txt,gpiolib_debugfs_init,0.048463,0,0
10,run9_initcall.txt,stmpe_gpio_init,0.048564,0,0
10,run9_initcall.txt,pwm_init,0.048591,0,0
10,run9_initcall.txt,leds_init,0.048622,0,0
10,run9_initcall.txt,pci_slot_init,0.048644,0,0
10,run9_initcall.txt,fbmem_init,0.048694,0,0
10,run9_initcall.txt,bcm2835_dma_init,0.049388,0,0
10,run9_initcall.txt,regulator_fixed_voltage_init,0.049467,0,0
10,run9_initcall.txt,gpio_regulator_init,0.049525,0,0
10,run9_initcall.txt,init_sysrq_sysctl,0.049549,0,0
10,run9_initcall.txt,misc_init,0.049581,0,0
10,run9_initcall.txt,iommu_subsys_init,0.049614,0,0
10,run9_initcall.txt,register_cpu_capacity_sysctl,0.04997,0,0
10,run9_initcall.txt,dma_buf_init,0.050047,0,0
10,run9_initcall.txt,dma_heap_init,0.050077,0,0
10,run9_initcall.txt,init_scsi,0.050176,0,0
10,run9_initcall.txt,mdio_bus_init,0.050208,0,0
10,run9_initcall.txt,phy_init,0.050251,0,0
10,run9_initcall.txt,usb_common_init,0.050273,0,0
10,run9_initcall.txt,usb_init,0.05038,0,0
10,run9_initcall.txt,usb_phy_generic_init,0.050536,0,0
10,run9_initcall.txt,usb_udc_init,0.050568,0,0
10,run9_initcall.txt,usb_roles_init,0.050586,0,0
10,run9_initcall.txt,input_init,0.050609,0,0
10,run9_initcall.txt,rtc_init,0.050626,0,0
10,run9_initcall.txt,rc_core_init,0.05065,0,0
10,run9_initcall.txt,pps_init,0.050688,0,0
10,run9_initcall.txt,ptp_init,0.050712,0,0
10,run9_initcall.txt,power_supply_class_init,0.050743,0,0
10,run9_initcall.txt,hwmon_init,0.050765,0,0
10,run9_initcall.txt,mmc_init,0.05081,0,0
10,run9_initcall.txt,dmi_init,0.050829,0,0
10,run9_initcall.txt,efisubsys_init,0.050847,0,0
10,run9_initcall.txt,arm_pmu_hp_init,0.050866,0,0
10,run9_initcall.txt,ras_init,0.050886,0,0
10,run9_initcall.txt,nvmem_init,0.05092,0,0
10,run9_initcall.txt,init_soundcore,0.050942,0,0
10,run9_initcall.txt,proto_init,0.050961,0,0
10,run9_initcall.txt,net_dev_init,0.05119,0,0
10,run9_initcall.txt,neigh_init,0.05121,0,0
10,run9_initcall.txt,fib_notifier_init,0.051227,0,0
10,run9_initcall.txt,netdev_genl_init,0.051266,0,0
10,run9_initcall.txt,page_pool_user_init,0.051284,0,0
10,run9_initcall.txt,fib_rules_init,0.051302,0,0
10,run9_initcall.txt,init_cgroup_netprio,0.051318,0,0
10,run9_initcall.txt,bpf_lwt_init,0.051334,0,0
10,run9_initcall.txt,pktsched_init,0.051355,0,0
10,run9_initcall.txt,tc_filter_init,0.051387,0,0
10,run9_initcall.txt,tc_action_init,0.051404,0,0
10,run9_initcall.txt,ethnl_init,0.051475,0,0
10,run9_initcall.txt,nexthop_init,0.051498,0,0
10,run9_initcall.txt,devlink_init,0.051577,0,0
10,run9_initcall.txt,wireless_nlevent_init,0.051597,0,0
10,run9_initcall.txt,vsprintf_init_hashval,0.051618,0,0
10,run9_initcall.txt,init_32bit_el0_mask,0.051635,0,0
10,run9_initcall.txt,vga_arb_device_init,0.051763,0,0
10,run9_initcall.txt,watchdog_init,0.051888,0,0
10,run9_initcall.txt,create_debug_debugfs_entry,0.051998,0,0
10,run9_initcall.txt,iomem_init_inode,0.052041,0,0
10,run9_initcall.txt,clocksource_done_booting,0.052092,0,15
10,run9_initcall.txt,bpf_init,0.052114,0,5
10,run9_initcall.txt,secretmem_init,0.052144,0,12
10,run9_initcall.txt,init_fs_stat_sysctls,0.052244,0,81
10,run9_initcall.txt,init_fs_exec_sysctls,0.052266,0,1
10,run9_initcall.txt,init_pipe_fs,0.05232,0,14
10,run9_initcall.txt,init_fs_namei_sysctls,0.05234,0,2
10,run9_initcall.txt,init_fs_dcache_sysctls,0.052365,0,7
10,run9_initcall.txt,init_fs_namespace_sysctls,0.052384,0,1
10,run9_initcall.txt,cgroup_writeback_init,0.052408,0,5
10,run9_initcall.txt,inotify_user_setup,0.052442,0,15
10,run9_initcall.txt,eventpoll_init,0.052475,0,14
10,run9_initcall.txt,anon_inode_init,0.052503,0,9
10,run9_initcall.txt,proc_locks_init,0.052527,0,4
10,run9_initcall.txt,backing_aio_init,0.052547,0,2
10,run9_initcall.txt,init_fs_coredump_sysctls,0.052571,0,7
10,run9_initcall.txt,init_vm_drop_caches_sysctls,0.052589,0,2
10,run9_initcall.txt,iomap_dio_init,0.052626,0,22
10,run9_initcall.txt,iomap_ioend_init,0.052664,0,24
10,run9_initcall.txt,dquot_init,0.052759,0,79
10,run9_initcall.txt,proc_cmdline_init,0.052777,0,1
10,run9_initcall.txt,proc_consoles_init,0.052792,0,1
10,run9_initcall.txt,proc_cpuinfo_init,0.052807,0,1
10,run9_initcall.txt,proc_devices_init,0.052821,0,0
10,run9_initcall.txt,proc_interrupts_init,0.052838,0,3
10,run9_initcall.txt,proc_loadavg_init,0.052853,0,1
10,run9_initcall.txt,proc_meminfo_init,0.052868,0,0
10,run9_initcall.txt,proc_stat_init,0.052882,0,0
10,run9_initcall.txt,proc_uptime_init,0.052898,0,1
10,run9_initcall.txt,proc_version_init,0.052912,0,0
10,run9_initcall.txt,proc_softirqs_init,0.052927,0,0
10,run9_initcall.txt,proc_kmsg_init,0.052942,0,1
10,run9_initcall.txt,proc_page_init,0.052958,0,2
10,run9_initcall.txt,init_ramfs_fs,0.052973,0,1
10,run9_initcall.txt,aa_create_aafs,0.052989,0,0
10,run9_initcall.txt,chr_dev_init,0.055972,0,2964
10,run9_initcall.txt,hwrng_modinit,0.056065,0,50
10,run9_initcall.txt,firmware_class_init,0.056105,0,1
10,run9_initcall.txt,sysctl_core_init,0.056153,0,29
10,run9_initcall.txt,eth_offload_init,0.056169,0,0
10,run9_initcall.txt,ipv4_offload_init,0.056187,0,1
10,run9_initcall.txt,inet_init,0.060146,0,3943
10,run9_initcall.txt,af_unix_init,0.060204,0,22
10,run9_initcall.txt,ipv6_offload_init,0.060224,0,2
10,run9_initcall.txt,init_sunrpc,0.060594,0,342
10,run9_initcall.txt,vlan_offload_init,0.060614,0,0
10,run9_initcall.txt,pci_apply_final_quirks,0.060642,0,10
10,run9_initcall.txt,populate_rootfs,0.060669,0,6
10,run9_initcall.txt,register_arm64_panic_block,0.06079,0,1
10,run9_initcall.txt,cpuinfo_regs_init,0.060904,0,99
10,run9_initcall.txt,aarch32_el0_sysfs_init,0.060925,0,0
10,run9_initcall.txt,kvm_arm_init,0.064539,0,3597
10,run9_initcall.txt,proc_execdomains_init,0.064579,0,4
10,run9_initcall.txt,register_warn_debugfs,0.064601,0,3
10,run9_initcall.txt,cpuhp_sysfs_init,0.064642,0,23
10,run9_initcall.txt,ioresources_init,0.064664,0,3
10,run9_initcall.txt,psi_proc_init,0.06468,0,0
10,run9_initcall.txt,irq_gc_init_ops,0.064694,0,0
10,run9_initcall.txt,irq_debugfs_init,0.064792,0,74
10,run9_initcall.txt,proc_modules_init,0.06481,0,1
10,run9_initcall.txt,timer_sysctl_init,0.064833,0,7
10,run9_initcall.txt,timekeeping_init_ops,0.064849,0,0
10,run9_initcall.txt,init_clocksource_sysfs,0.064921,0,57
10,run9_initcall.txt,init_timer_list_procfs,0.064941,0,2
10,run9_initcall.txt,alarmtimer_init,0.065013,0,55
10,run9_initcall.txt,clockevents_init_sysfs,0.065138,0,108
10,run9_initcall.txt,sched_clock_syscore_init,0.065157,0,0
10,run9_initcall.txt,kallsyms_init,0.065175,0,1
10,run9_initcall.txt,pid_namespaces_init,0.065211,0,20
10,run9_initcall.txt,audit_watch_init,0.065229,0,0
10,run9_initcall.txt,audit_fsnotify_init,0.065246,0,0
10,run9_initcall.txt,audit_tree_init,0.065264,0,2
10,run9_initcall.txt,seccomp_sysctl_init,0.065285,0,4
10,run9_initcall.txt,utsname_sysctl_init,0.065308,0,6
10,run9_initcall.txt,init_lstats_procfs,0.065329,0,3
10,run9_initcall.txt,perf_event_sysfs_init,0.0654,0,52
10,run9_initcall.txt,system_trusted_keyring_init,0.065435,0,15
10,run9_initcall.txt,kswapd_init,0.065619,0,165
10,run9_initcall.txt,extfrag_debug_init,0.065647,0,7
10,run9_initcall.txt,mm_compute_batch_init,0.065663,0,0
10,run9_initcall.txt,slab_proc_init,0.06568,0,1
10,run9_initcall.txt,workingset_init,0.065702,0,8
10,run9_initcall.txt,proc_vmalloc_init,0.065717,0,1
10,run9_initcall.txt,memblock_init_debugfs,0.065737,0,5
10,run9_initcall.txt,slab_debugfs_init,0.065757,0,4
10,run9_initcall.txt,procswaps_init,0.065774,0,1
10,run9_initcall.txt,zs_init,0.06579,0,0
10,run9_initcall.txt,fcntl_init,0.065808,0,2
10,run9_initcall.txt,proc_filesystems_init,0.065827,0,1
10,run9_initcall.txt,start_dirtytime_writeback,0.06585,0,4
10,run9_initcall.txt,dio_init,0.065868,0,1
10,run9_initcall.txt,dnotify_init,0.0659,0,14
10,run9_initcall.txt,fanotify_user_setup,0.065929,0,10
10,run9_initcall.txt,aio_setup,0.065981,0,34
10,run9_initcall.txt,mbcache_init,0.066006,0,5
10,run9_initcall.txt,init_grace,0.066024,0,2
10,run9_initcall.txt,init_devpts_fs,0.066046,0,7
10,run9_initcall.txt,ext4_init_fs,0.066139,0,79
10,run9_initcall.txt,journal_init,0.06617,0,15
10,run9_initcall.txt,init_fat_fs,0.06619,0,5
10,run9_initcall.txt,init_vfat_fs,0.066205,0,0
10,run9_initcall.txt,init_msdos_fs,0.066219,0,0
10,run9_initcall.txt,init_nfs_fs,0.066377,0,144
10,run9_initcall.txt,init_nfs_v2,0.066396,0,0
10,run9_initcall.txt,init_nfs_v3,0.06641,0,0
10,run9_initcall.txt,init_nfs_v4,0.066455,0,30
10,run9_initcall.txt,nfs4filelayout_init,0.066476,0,6
10,run9_initcall.txt,nfs4flexfilelayout_init,0.066498,0,6
10,run9_initcall.txt,init_nlm,0.06654,0,27
10,run9_initcall.txt,init_nls_cp437,0.066556,0,0
10,run9_initcall.txt,init_nls_ascii,0.06657,0,0
10,run9_initcall.txt,init_autofs_fs,0.06668,0,94
10,run9_initcall.txt,init_f2fs_fs,0.066829,0,132
10,run9_initcall.txt,ipc_init,0.06686,0,13
10,run9_initcall.txt,ipc_sysctl_init,0.066897,0,21
10,run9_initcall.txt,init_mqueue_fs,0.066949,0,36
10,run9_initcall.txt,key_proc_init,0.06697,0,3
10,run9_initcall.txt,bpf_crypto_skcipher_init,0.066987,0,0
10,run9_initcall.txt,dh_init,0.067005,0,2
10,run9_initcall.txt,rsa_init,0.067024,0,1
10,run9_initcall.txt,cryptomgr_init,0.067041,0,2
10,run9_initcall.txt,hmac_module_init,0.067057,0,0
10,run9_initcall.txt,crypto_sha256_mod_init,0.067077,0,4
10,run9_initcall.txt,crypto_ecb_module_init,0.067093,0,0
10,run9_initcall.txt,crypto_cbc_module_init,0.067109,0,0
10,run9_initcall.txt,crypto_cts_module_init,0.067125,0,0
10,run9_initcall.txt,xts_module_init,0.067141,0,0
10,run9_initcall.txt,des_generic_mod_init,0.067161,0,2
10,run9_initcall.txt,aes_init,0.067177,0,0
10,run9_initcall.txt,lzo_mod_init,0.067193,0,1
10,run9_initcall.txt,lzorle_mod_init,0.067209,0,0
10,run9_initcall.txt,asymmetric_key_init,0.06723,0,5
10,run9_initcall.txt,x509_key_init,0.067252,0,6
10,run9_initcall.txt,crypto_kdf108_init,0.067268,0,0
10,run9_initcall.txt,blkdev_init,0.067296,0,12
10,run9_initcall.txt,proc_genhd_init,0.067316,0,2
10,run9_initcall.txt,bsg_init,0.067349,0,16
10,run9_initcall.txt,throtl_init,0.067445,0,80
10,run9_initcall.txt,deadline_init,0.067469,0,5
10,run9_initcall.txt,kyber_init,0.06749,0,5
10,run9_initcall.txt,bfq_init,0.067525,0,19
10,run9_initcall.txt,io_uring_init,0.067564,0,23
10,run9_initcall.txt,btree_module_init,0.067586,0,2
10,run9_initcall.txt,percpu_counter_startup,0.067643,0,39
10,run9_initcall.txt,audit_classes_init,0.067666,0,3
10,run9_initcall.txt,gicv5_iwb_platform_driver_init,0.067769,0,85
10,run9_initcall.txt,mip_msi_driver_init,0.067821,0,33
10,run9_initcall.txt,bcm7038_l1_driver_init,0.067874,0,34
10,run9_initcall.txt,bcm7120_l2_driver_init,0.067933,0,40
10,run9_initcall.txt,brcmstb_l2_driver_init,0.068243,0,291
10,run9_initcall.txt,simple_pm_bus_driver_init,0.068882,0,614
10,run9_initcall.txt,phy_core_init,0.068916,0,13
10,run9_initcall.txt,brcm_usb_driver_init,0.069002,0,67
10,run9_initcall.txt,rp1_pinctrl_driver_init,0.069053,0,32
10,run9_initcall.txt,bcm2835_pinctrl_driver_init,0.069897,0,825
10,run9_initcall.txt,bcm2712_pinctrl_driver_init,0.069981,0,51
10,run9_initcall.txt,brcmvirt_gpio_driver_init,0.070037,0,36
10,run9_initcall.txt,brcmstb_gpio_driver_init,0.07009,0,34
10,run9_initcall.txt,rpi_exp_gpio_driver_init,0.070481,0,371
10,run9_initcall.txt,brcmstb_pwm_driver_init,0.070538,0,36
10,run9_initcall.txt,rp1_pwm_driver_init,0.070591,0,33
10,run9_initcall.txt,gpio_led_driver_init,0.072372,0,1762
10,run9_initcall.txt,led_pwm_driver_init,0.072448,0,52
10,run9_initcall.txt,timer_led_trigger_init,0.072469,0,1
10,run9_initcall.txt,oneshot_led_trigger_init,0.072492,0,0
10,run9_initcall.txt,heartbeat_trig_init,0.072513,0,2
10,run9_initcall.txt,bl_led_trigger_init,0.072531,0,0
10,run9_initcall.txt,ledtrig_cpu_init,0.072628,0,79
10,run9_initcall.txt,defon_led_trigger_init,0.072678,0,32
10,run9_initcall.txt,input_trig_init,0.072694,0,1
10,run9_initcall.txt,ledtrig_panic_init,0.072708,0,1
10,run9_initcall.txt,actpwr_trig_init,0.072898,0,175
10,run9_initcall.txt,pcie_portdrv_init,0.07298,0,63
10,run9_initcall.txt,pci_proc_init,0.073007,0,7
10,run9_initcall.txt,brcm_pcie_driver_init,0.184998,0,111976
10,run9_initcall.txt,bcm2708_fb_init,0.18509,0,63
10,run9_initcall.txt,simplefb_driver_init,0.211091,0,25986
10,run9_initcall.txt,of_fixed_factor_clk_driver_init,0.211183,0,39
10,run9_initcall.txt,of_fixed_clk_driver_init,0.211264,0,33
10,run9_initcall.txt,gpio_clk_driver_init,0.211352,0,40
10,run9_initcall.txt,gated_fixed_clk_driver_init,0.211432,0,33
10,run9_initcall.txt,rp1_clk_driver_init,0.211514,0,34
10,run9_initcall.txt,rp1_sdio_clk_driver_init,0.211599,0,40
10,run9_initcall.txt,clk_dvp_driver_init,0.211797,0,149
10,run9_initcall.txt,bcm2835_aux_clk_driver_init,0.211907,0,63
10,run9_initcall.txt,raspberrypi_clk_driver_init,0.227361,0,15404
10,run9_initcall.txt,dw_driver_init,0.227456,0,48
10,run9_initcall.txt,bcm2835_power_driver_init,0.227525,0,23
10,run9_initcall.txt,rpi_power_driver_init,0.228891,0,1320
10,run9_initcall.txt,brcmstb_reset_driver_init,0.228981,0,39
10,run9_initcall.txt,brcm_rescal_reset_driver_init,0.229067,0,35
10,run9_initcall.txt,rpi_reset_driver_init,0.229228,0,108
10,run9_initcall.txt,reset_simple_driver_init,0.229354,0,78
10,run9_initcall.txt,n_null_init,0.229401,0,0
10,run9_initcall.txt,pty_init,0.229531,0,88
10,run9_initcall.txt,sysrq_init,0.229592,0,16
10,run9_initcall.txt,serial8250_init,0.229637,-19,0
10,run9_initcall.txt,bcm2835aux_serial_driver_init,0.229725,0,39
10,run9_initcall.txt,brcmuart_init,0.229827,0,52
10,run9_initcall.txt,exar_pci_driver_init,0.229899,0,24
10,run9_initcall.txt,of_platform_serial_driver_init,0.230036,0,87
10,run9_initcall.txt,serial_pci_driver_init,0.230117,0,29
10,run9_initcall.txt,pericom8250_pci_driver_init,0.230185,0,20
10,run9_initcall.txt,init_kgdboc,0.230333,0,100
10,run9_initcall.txt,random_sysctls_init,0.230395,0,16
10,run9_initcall.txt,ttyprintk_init,0.23051,0,67
10,run9_initcall.txt,bcm2835_rng_driver_init,0.230614,0,55
10,run9_initcall.txt,bcm74110_rng_driver_init,0.230702,0,36
10,run9_initcall.txt,iproc_rng200_driver_init,0.231051,0,296
10,run9_initcall.txt,smccc_trng_driver_init,0.231126,0,24
10,run9_initcall.txt,vc_mem_init,0.2313,0,128
10,run9_initcall.txt,vcio_driver_init,0.234131,0,2783
10,run9_initcall.txt,bcm2712_iommu_driver_init,0.239275,0,47
10,run9_initcall.txt,bcm2712_iommu_cache_driver_init,0.244445,0,39
10,run9_initcall.txt,topology_sysfs_init,0.249676,0,62
10,run9_initcall.txt,cacheinfo_sysfs_init,0.255093,0,240
10,run9_initcall.txt,devcoredump_init,0.260305,0,10
10,run9_initcall.txt,brd_init,0.271838,0,6390
10,run9_initcall.txt,loop_init,0.28224,0,5162
10,run9_initcall.txt,bcm2835_pm_driver_init,0.29023,0,2747
10,run9_initcall.txt,stmpe_i2c_driver_init,0.295457,0,16
10,run9_initcall.txt,stmpe_spi_driver_init,0.300525,0,14
10,run9_initcall.txt,rp1_driver_init,0.305761,0,32
10,run9_initcall.txt,system_heap_create,0.311072,0,99
10,run9_initcall.txt,add_default_cma_heap,0.316366,0,87
10,run9_initcall.txt,udmabuf_dev_init,0.321621,0,48
10,run9_initcall.txt,iscsi_transport_init,0.329623,0,2832
10,run9_initcall.txt,init_sd,0.334683,0,24
10,run9_initcall.txt,nvme_core_init,0.34011,0,259
10,run9_initcall.txt,nvme_init,0.345336,0,29
10,run9_initcall.txt,blackhole_netdev_init,0.350559,0,24
10,run9_initcall.txt,netkit_init,0.355753,0,7
10,run9_initcall.txt,phylink_init,0.36095,0,0
10,run9_initcall.txt,phy_module_init,0.366162,0,177
10,run9_initcall.txt,phy_module_init,0.371481,0,179
10,run9_initcall.txt,fixed_mdio_bus_init,0.376808,0,169
10,run9_initcall.txt,phy_module_init,0.382157,0,173
10,run9_initcall.txt,phy_module_init,0.387404,0,19
10,run9_initcall.txt,phy_module_init,0.392738,0,69
10,run9_initcall.txt,unimac_mdio_driver_init,0.398157,0,129
10,run9_initcall.txt,macb_driver_init,0.403482,0,109
10,run9_initcall.txt,bcmgenet_driver_init,0.615469,0,206564
10,run9_initcall.txt,bcmasp_driver_init,0.621134,0,89
10,run9_initcall.txt,lan78xx_driver_init,0.629583,0,2839
10,run9_initcall.txt,smsc95xx_driver_init,0.637976,0,2865
10,run9_initcall.txt,usbnet_init,0.64368,0,0
10,run9_initcall.txt,xhci_hcd_init,0.649393,0,24
10,run9_initcall.txt,xhci_pci_init,0.825023,0,169948
10,run9_initcall.txt,xhci_plat_init,0.830689,0,125
10,run9_initcall.txt,dwc_otg_driver_init,0.847036,0,10993
10,run9_initcall.txt,dwc_common_port_init_module,0.855432,0,2873
10,run9_initcall.txt,dwc3_driver_init,0.861016,0,68
10,run9_initcall.txt,dwc3_haps_driver_init,0.86639,0,26
10,run9_initcall.txt,dwc3_of_simple_driver_init,0.871921,0,62
10,run9_initcall.txt,dwc3_generic_driver_init,0.877447,0,40
10,run9_initcall.txt,dwc2_platform_driver_init,0.883044,0,137
10,run9_initcall.txt,uas_init,0.891335,0,2820
10,run9_initcall.txt,usb_storage_driver_init,0.899366,0,2583
10,run9_initcall.txt,brcmstb_usb_pinmap_init,0.904941,-19,79
10,run9_initcall.txt,bdc_driver_init,0.910461,0,48
10,run9_initcall.txt,input_leds_init,0.915951,0,1
10,run9_initcall.txt,mousedev_init,0.924651,0,2967
10,run9_initcall.txt,evdev_init,0.930154,0,0
10,run9_initcall.txt,brcmstb_waketmr_driver_init,0.935616,0,88
10,run9_initcall.txt,rpi_rtc_driver_init,0.941164,0,43
10,run9_initcall.txt,init_rc_map_adstech_dvb_t_pci,0.946644,0,0
10,run9_initcall.txt,init_rc_map_alink_dtu_m,0.952126,0,0
10,run9_initcall.txt,init_rc_map_anysee,0.957607,0,0
10,run9_initcall.txt,init_rc_map_apac_viewcomp,0.963089,0,0
10,run9_initcall.txt,init_rc_map_t2hybrid,0.968398,0,0
10,run9_initcall.txt,init_rc_map_asus_pc39,0.973848,0,0
10,run9_initcall.txt,init_rc_map_asus_ps3_100,0.979296,0,0
10,run9_initcall.txt,init_rc_map_ati_tv_wonder_hd_600,0.984774,0,0
10,run9_initcall.txt,init_rc_map_ati_x10,0.990218,0,0
10,run9_initcall.txt,init_rc_map_avermedia_a16d,0.995669,0,0
10,run9_initcall.txt,init_rc_map_avermedia_cardbus,1.000942,0,0
10,run9_initcall.txt,init_rc_map_avermedia_dvbt,1.006379,0,0
10,run9_initcall.txt,init_rc_map_avermedia_m135a,1.011805,0,0
10,run9_initcall.txt,init_rc_map_avermedia_m733a_rm_k6,1.017216,0,0
10,run9_initcall.txt,init_rc_map_avermedia,1.022625,0,0
10,run9_initcall.txt,init_rc_map_avermedia_rm_ks,1.028023,0,0
10,run9_initcall.txt,init_rc_map_avertv_303,1.033295,0,0
10,run9_initcall.txt,init_rc_map_azurewave_ad_tu700,1.038712,0,0
10,run9_initcall.txt,init_rc_map_beelink_gs1,1.044121,0,0
10,run9_initcall.txt,init_rc_map_beelink_mxiii,1.052308,0,0
10,run9_initcall.txt,init_rc_map_behold_columbus,1.057739,0,0
10,run9_initcall.txt,init_rc_map_behold,1.063193,0,0
10,run9_initcall.txt,init_rc_map_budget_ci_old,1.068425,0,0
10,run9_initcall.txt,init_rc_map_cinergy_1400,1.073811,0,0
10,run9_initcall.txt,init_rc_map_cinergy,1.079183,0,0
10,run9_initcall.txt,init_rc_map_ct_90405,1.084551,0,0
10,run9_initcall.txt,init_rc_map_d680_dmb,1.089898,0,0
10,run9_initcall.txt,init_rc_map_delock_61959,1.09524,0,0
10,run9_initcall.txt,init_rc_map,1.100416,0,0
10,run9_initcall.txt,init_rc_map,1.105757,0,0
10,run9_initcall.txt,init_rc_map_digitalnow_tinytwin,1.11112,0,0
10,run9_initcall.txt,init_rc_map_digittrade,1.116493,0,0
10,run9_initcall.txt,init_rc_map_dm1105_nec,1.121839,0,0
10,run9_initcall.txt,init_rc_map_dntv_live_dvb_t,1.127201,0,0
10,run9_initcall.txt,init_rc_map_dntv_live_dvbt_pro,1.132423,0,0
10,run9_initcall.txt,init_rc_map_dreambox,1.137744,0,0
10,run9_initcall.txt,init_rc_map_dtt200u,1.143106,0,0
10,run9_initcall.txt,init_rc_map_rc5_dvbsky,1.148486,0,0
10,run9_initcall.txt,init_rc_map_dvico_mce,1.153885,0,0
10,run9_initcall.txt,init_rc_map_dvico_portable,1.159245,0,0
10,run9_initcall.txt,init_rc_map_em_terratec,1.164818,0,0
10,run9_initcall.txt,init_rc_map_encore_enltv2,1.170041,0,0
10,run9_initcall.txt,init_rc_map_encore_enltv_fm53,1.175537,0,0
10,run9_initcall.txt,init_rc_map_encore_enltv,1.180978,0,0
10,run9_initcall.txt,init_rc_map_evga_indtube,1.186387,0,0
10,run9_initcall.txt,init_rc_map_eztv,1.191789,0,0
10,run9_initcall.txt,init_rc_map_flydvb,1.197382,0,0
10,run9_initcall.txt,init_rc_map_flyvideo,1.202713,0,0
10,run9_initcall.txt,init_rc_map_fusionhdtv_mce,1.208227,0,0
10,run9_initcall.txt,init_rc_map_gadmei_rm008z,1.213672,0,0
10,run9_initcall.txt,init_rc_map_geekbox,1.224485,0,0
10,run9_initcall.txt,init_rc_map_genius_tvgo_a11mce,1.23255,0,0
10,run9_initcall.txt,init_rc_map_gotview7135,1.238074,0,0
10,run9_initcall.txt,init_rc_map_rc5_hauppauge_new,1.243617,0,0
10,run9_initcall.txt,init_rc_map_hisi_poplar,1.251786,0,0
10,run9_initcall.txt,init_rc_map_hisi_tv_demo,1.25988,0,0
10,run9_initcall.txt,init_rc_map_imon_mce,1.265307,0,0
10,run9_initcall.txt,init_rc_map_imon_pad,1.270677,0,0
10,run9_initcall.txt,init_rc_map_imon_rsc,1.276115,0,0
10,run9_initcall.txt,init_rc_map_iodata_bctv7e,1.284099,0,0
10,run9_initcall.txt,init_rc_it913x_v1_map,1.292063,0,0
10,run9_initcall.txt,init_rc_it913x_v2_map,1.297392,0,0
10,run9_initcall.txt,init_rc_map_kaiomy,1.30257,0,0
10,run9_initcall.txt,init_rc_map_khadas,1.307908,0,0
10,run9_initcall.txt,init_rc_map_khamsin,1.313217,0,0
10,run9_initcall.txt,init_rc_map_kworld_315u,1.318531,0,0
10,run9_initcall.txt,init_rc_map_kworld_pc150u,1.323858,0,0
10,run9_initcall.txt,init_rc_map_kworld_plus_tv_analog,1.329187,0,0
10,run9_initcall.txt,init_rc_map_leadtek_y04g0051,1.334356,0,0
10,run9_initcall.txt,init_rc_lme2510_map,1.339682,0,0
10,run9_initcall.txt,init_rc_map_manli,1.345019,0,0
10,run9_initcall.txt,init_rc_map_mecool_kiii_pro,1.350367,0,0
10,run9_initcall.txt,init_rc_map_mecool_kii_pro,1.355716,0,0
10,run9_initcall.txt,init_rc_map_medion_x10_digitainer,1.361074,0,0
10,run9_initcall.txt,init_rc_map_medion_x10,1.366247,0,0
10,run9_initcall.txt,init_rc_map_medion_x10_or2x,1.371562,0,0
10,run9_initcall.txt,init_rc_map_minix_neo,1.376888,0,0
10,run9_initcall.txt,init_rc_map_msi_digivox_iii,1.382269,0,0
10,run9_initcall.txt,init_rc_map_msi_digivox_ii,1.387766,0,0
10,run9_initcall.txt,init_rc_map_msi_tvanywhere,1.393244,0,0
10,run9_initcall.txt,init_rc_map_msi_tvanywhere_plus,1.398618,0,0
10,run9_initcall.txt,init_rc_map_mygica_utv3,1.40403,0,0
10,run9_initcall.txt,init_rc_map_nebula,1.409331,0,0
10,run9_initcall.txt,init_rc_map_nec_terratec_cinergy_xs,1.414633,0,0
10,run9_initcall.txt,init_rc_map_norwood,1.419964,0,0
10,run9_initcall.txt,init_rc_map_npgtech,1.425285,0,0
10,run9_initcall.txt,init_rc_map_odroid,1.430584,0,0
10,run9_initcall.txt,init_rc_map_pctv_sedna,1.435777,0,0
10,run9_initcall.txt,init_rc_map_pine64,1.441068,0,0
10,run9_initcall.txt,init_rc_map_pinnacle_color,1.446352,0,0
10,run9_initcall.txt,init_rc_map_pinnacle_grey,1.451612,0,0
10,run9_initcall.txt,init_rc_map_pinnacle_pctv_hd,1.456885,0,0
10,run9_initcall.txt,init_rc_map_pixelview,1.462142,0,0
10,run9_initcall.txt,init_rc_map_pixelview,1.467256,0,0
10,run9_initcall.txt,init_rc_map_pixelview_new,1.472545,0,0
10,run9_initcall.txt,init_rc_map_pixelview,1.477822,0,0
10,run9_initcall.txt,init_rc_map_powercolor_real_angel,1.483087,0,0
10,run9_initcall.txt,init_rc_map_proteus_2309,1.488359,0,0
10,run9_initcall.txt,init_rc_map_purpletv,1.493613,0,0
10,run9_initcall.txt,init_rc_map_pv951,1.4988,0,0
10,run9_initcall.txt,init_rc_map_rc6_mce,1.504013,0,0
10,run9_initcall.txt,init_rc_map_real_audio_220_32_keys,1.509339,0,0
10,run9_initcall.txt,init_rc_map_reddo,1.514655,0,0
10,run9_initcall.txt,init_rc_map_siemens_gigaset_rc20,1.519953,0,0
10,run9_initcall.txt,init_rc_map_snapstream_firefly,1.525272,0,0
10,run9_initcall.txt,init_rc_map_streamzap,1.530593,0,0
10,run9_initcall.txt,init_rc_map_su3000,1.535785,0,0
10,run9_initcall.txt,init_rc_map_tanix_tx3mini,1.54113,0,0
10,run9_initcall.txt,init_rc_map_tanix_tx5max,1.546494,0,0
10,run9_initcall.txt,init_rc_map_tbs_nec,1.551828,0,0
10,run9_initcall.txt,init_rc_map,1.557203,0,0
10,run9_initcall.txt,init_rc_map,1.562531,0,0
10,run9_initcall.txt,init_rc_map_terratec_cinergy_c_pci,1.567698,0,0
10,run9_initcall.txt,init_rc_map_terratec_cinergy_s2_hd,1.573008,0,0
10,run9_initcall.txt,init_rc_map_terratec_cinergy_xs,1.578331,0,0
10,run9_initcall.txt,init_rc_map_terratec_slim_2,1.583616,0,0
10,run9_initcall.txt,init_rc_map_terratec_slim,1.588918,0,0
10,run9_initcall.txt,init_rc_map_tevii_nec,1.594222,0,0
10,run9_initcall.txt,init_rc_map_tivo,1.599389,0,0
10,run9_initcall.txt,init_rc_map_total_media_in_hand_02,1.604724,0,0
10,run9_initcall.txt,init_rc_map_total_media_in_hand,1.610042,0,0
10,run9_initcall.txt,init_rc_map_trekstor,1.615358,0,0
10,run9_initcall.txt,init_rc_map_tt_1500,1.620687,0,0
10,run9_initcall.txt,init_rc_map_twinhan_vp1027,1.626017,0,0
10,run9_initcall.txt,init_rc_map_twinhan_dtv_cab_ci,1.631349,0,0
10,run9_initcall.txt,init_rc_map_vega_s9x,1.636503,0,0
10,run9_initcall.txt,init_rc_map_videomate_k100,1.641825,0,0
10,run9_initcall.txt,init_rc_map_videomate_s350,1.647136,0,0
10,run9_initcall.txt,init_rc_map_videomate_tv_pvr,1.652449,0,0
10,run9_initcall.txt,init_rc_map_kii_pro,1.65778,0,0
10,run9_initcall.txt,init_rc_map_wetek_hub,1.663088,0,0
10,run9_initcall.txt,init_rc_map_wetek_play2,1.668263,0,0
10,run9_initcall.txt,init_rc_map_winfast,1.673588,0,0
10,run9_initcall.txt,init_rc_map_winfast_usbii_deluxe,1.678931,0,0
10,run9_initcall.txt,init_rc_map_x96max,1.684271,0,0
10,run9_initcall.txt,init_rc_map,1.689593,0,0
10,run9_initcall.txt,init_rc_map,1.694902,0,0
10,run9_initcall.txt,init_rc_map_zx_irdec,1.700062,0,0
10,run9_initcall.txt,ptp_kvm_init,1.705386,-95,0
10,run9_initcall.txt,gpio_poweroff_driver_init,1.710769,0,95
10,run9_initcall.txt,bcm2711_thermal_driver_init,1.719082,0,2981
10,run9_initcall.txt,bcm2835_thermal_driver_init,1.724512,0,60
10,run9_initcall.txt,bcm2835_wdt_driver_init,1.729888,0,27
10,run9_initcall.txt,dt_cpufreq_platdrv_init,1.735127,0,26
10,run9_initcall.txt,brcm_avs_cpufreq_platdrv_init,1.740558,0,41
10,run9_initcall.txt,raspberrypi_cpufreq_driver_init,1.752091,0,6160
10,run9_initcall.txt,mmc_pwrseq_simple_driver_init,1.757617,0,77
10,run9_initcall.txt,mmc_pwrseq_emmc_driver_init,1.763112,0,39
10,run9_initcall.txt,mmc_blk_init,1.768485,0,41
10,run9_initcall.txt,sdhci_drv_init,1.779408,0,5457
10,run9_initcall.txt,bcm2835_mmc_driver_init,1.787688,0,2780
10,run9_initcall.txt,bcm2835_driver_init,1.793266,0,43
10,run9_initcall.txt,sdhci_pltfm_drv_init,1.801418,0,2681
10,run9_initcall.txt,sdhci_iproc_driver_init,1.807018,0,72
10,run9_initcall.txt,sdhci_brcmstb_driver_init,1.807097,0,64
10,run9_initcall.txt,esrt_sysfs_init,1.807111,-38,0
10,run9_initcall.txt,smccc_devices_init,1.807132,0,1
10,run9_initcall.txt,smccc_soc_init,1.807146,0,1
10,run9_initcall.txt,arch_timer_mmio_drv_init,1.807197,0,39
10,run9_initcall.txt,arch_timer_mmio_acpi_drv_init,1.807228,0,23
10,run9_initcall.txt,hid_init,1.807306,0,69
10,run9_initcall.txt,hid_generic_init,1.80735,0,35
10,run9_initcall.txt,hid_init,1.807411,0,51
10,run9_initcall.txt,vchiq_driver_init,1.881525,0,74103
10,run9_initcall.txt,bcm74110_mbox_driver_init,1.888265,0,103
10,run9_initcall.txt,extcon_class_init,1.893854,0,9
10,run9_initcall.txt,armv8_pmu_driver_init,1.905416,0,6206
10,run9_initcall.txt,binder_init,1.910982,0,62
10,run9_initcall.txt,rpi_otp_driver_init,1.925156,0,8625
10,run9_initcall.txt,sock_diag_init,1.930712,0,25
10,run9_initcall.txt,blackhole_init,1.936086,0,10
10,run9_initcall.txt,cls_bpf_init_mod,1.941591,0,1
10,run9_initcall.txt,gre_offload_init,1.947094,0,0
10,run9_initcall.txt,sysctl_ipv4_init,1.95265,0,66
10,run9_initcall.txt,cubictcp_register,1.958127,0,2
10,run9_initcall.txt,packet_init,1.966189,0,2596
10,run9_initcall.txt,init_rpcsec_gss,1.971709,0,21
10,run9_initcall.txt,init_kerberos_module,1.97725,0,7
10,run9_initcall.txt,dcbnl_init,1.982741,0,2
10,run9_initcall.txt,init_dns_resolver,1.990959,0,2724
10,run9_initcall.txt,handshake_init,1.996512,0,35
10,run9_initcall.txt,check_mmu_enabled_at_boot,2.001888,0,0
10,run9_initcall.txt,finalize_pkvm,2.007444,0,0
10,run9_initcall.txt,kernel_do_mounts_initrd_sysctls_init,2.015867,0,5
10,run9_initcall.txt,kernel_panic_sysctls_init,2.021463,0,12
10,run9_initcall.txt,kernel_panic_sysfs_init,2.027061,0,6
10,run9_initcall.txt,kernel_exit_sysctls_init,2.032522,0,2
10,run9_initcall.txt,kernel_exit_sysfs_init,2.038071,0,2
10,run9_initcall.txt,param_sysfs_builtin_init,2.053111,0,9469
10,run9_initcall.txt,reboot_ksysfs_init,2.05887,0,25
10,run9_initcall.txt,sched_core_sysctl_init,2.064484,0,4
10,run9_initcall.txt,sched_fair_sysctl_init,2.06992,0,2
10,run9_initcall.txt,sched_rt_sysctl_init,2.075548,0,4
10,run9_initcall.txt,sched_dl_sysctl_init,2.082001,0,10
10,run9_initcall.txt,sched_init_debug,2.087799,0,88
10,run9_initcall.txt,cpu_latency_qos_init,2.093541,0,154
10,run9_initcall.txt,printk_late_init,2.099018,0,18
10,run9_initcall.txt,init_srcu_module_notifier,2.104537,0,2
10,run9_initcall.txt,kernel_rcu_stall_sysfs_init,2.110097,0,5
10,run9_initcall.txt,swiotlb_create_default_debugfs,2.115676,0,10
10,run9_initcall.txt,tk_debug_sleep_time_init,2.121268,0,3
10,run9_initcall.txt,bpf_ksym_iter_register,2.126859,0,1
10,run9_initcall.txt,kernel_acct_sysctls_init,2.132295,0,4
10,run9_initcall.txt,bpf_rstat_kfunc_init,2.137764,0,1
10,run9_initcall.txt,debugfs_kprobe_init,2.143281,0,25
10,run9_initcall.txt,kernel_delayacct_sysctls_init,2.148805,0,5
10,run9_initcall.txt,taskstats_init,2.157079,0,2767
10,run9_initcall.txt,bpf_global_ma_init,2.16268,0,113
10,run9_initcall.txt,bpf_syscall_sysctl_init,2.168017,0,5
10,run9_initcall.txt,unbound_reg_init,2.173481,0,0
10,run9_initcall.txt,kfunc_init,2.178933,0,1
10,run9_initcall.txt,bpf_map_iter_init,2.184409,0,0
10,run9_initcall.txt,init_subsystem,2.189884,0,0
10,run9_initcall.txt,task_iter_init,2.195323,0,2
10,run9_initcall.txt,bpf_prog_iter_init,2.200607,0,0
10,run9_initcall.txt,bpf_link_iter_init,2.206068,0,0
10,run9_initcall.txt,init_trampolines,2.211517,0,3
10,run9_initcall.txt,rqspinlock_register_kfuncs,2.216977,0,0
10,run9_initcall.txt,kfunc_init,2.222412,0,0
10,run9_initcall.txt,bpf_cgroup_iter_init,2.227815,0,0
10,run9_initcall.txt,cpumask_kfunc_init,2.233096,0,7
10,run9_initcall.txt,crypto_kfunc_init,2.238542,0,0
10,run9_initcall.txt,bpf_kmem_cache_iter_init,2.243981,0,0
10,run9_initcall.txt,dmabuf_iter_init,2.249452,0,0
10,run9_initcall.txt,load_system_certificate_list,2.25763,0,2728
10,run9_initcall.txt,init_lru_gen,2.263125,0,21
10,run9_initcall.txt,vmstat_late_init,2.268458,0,1
10,run9_initcall.txt,fault_around_debugfs,2.273894,0,3
10,run9_initcall.txt,slab_sysfs_init,2.283113,0,3783
10,run9_initcall.txt,max_swapfiles_check,2.288696,0,0
10,run9_initcall.txt,zswap_init,2.294156,0,0
10,run9_initcall.txt,mempolicy_sysfs_init,2.29946,0,24
10,run9_initcall.txt,memory_tier_late_init,2.310529,0,5564
10,run9_initcall.txt,check_early_ioremap_leak,2.316012,0,0
10,run9_initcall.txt,mg_debugfs_init,2.321526,0,19
10,run9_initcall.txt,fscrypt_init,2.332407,0,5414
10,run9_initcall.txt,pstore_init,2.337842,0,11
10,run9_initcall.txt,init_root_keyring,2.343329,0,30
10,run9_initcall.txt,init_profile_hash,2.348785,0,0
10,run9_initcall.txt,integrity_fs_init,2.35428,0,29
10,run9_initcall.txt,crypto_algapi_init,2.359775,0,9
10,run9_initcall.txt,blk_timeout_init,2.365185,0,0
10,run9_initcall.txt,depot_debugfs_init,2.370537,0,10
10,run9_initcall.txt,pci_resource_alignment_sysfs_init,2.375977,0,7
10,run9_initcall.txt,pci_sysfs_init,2.381452,0,14
10,run9_initcall.txt,clk_debug_init,2.387266,0,403
10,run9_initcall.txt,genpd_debug_init,2.393105,0,376
10,run9_initcall.txt,sync_state_resume_initcall,2.398478,0,1
10,run9_initcall.txt,deferred_probe_initcall,2.523339,0,119554
10,run9_initcall.txt,efi_shutdown_init,2.530848,-19,0
10,run9_initcall.txt,efi_earlycon_unmap_fb,2.535883,0,0
10,run9_initcall.txt,psci_debugfs_init,2.543128,0,0
10,run9_initcall.txt,of_cfs_init,2.553479,0,5182
10,run9_initcall.txt,of_fdt_raw_init,2.558639,0,33
10,run9_initcall.txt,bpf_kfunc_init,2.563784,0,1
10,run9_initcall.txt,init_subsystem,2.568781,0,0
10,run9_initcall.txt,xdp_metadata_init,2.573897,0,0
10,run9_initcall.txt,bpf_sockmap_iter_init,2.584213,0,2
10,run9_initcall.txt,bpf_sk_storage_map_iter_init,2.589405,0,0
10,run9_initcall.txt,bpf_prog_test_run_init,2.594684,0,1
10,run9_initcall.txt,bpf_dummy_struct_ops_init,2.599802,0,0
10,run9_initcall.txt,tcp_congestion_default,2.605091,0,1
10,run9_initcall.txt,inet_blackhole_dev_init,2.610357,0,8
10,run9_initcall.txt,ip_auto_config,2.615616,0,10
10,run9_initcall.txt,tcp_bpf_v4_build_proto,2.620896,0,1
10,run9_initcall.txt,udp_bpf_v4_build_proto,2.626122,0,1
10,run9_initcall.txt,bpf_tcp_ca_kfunc_init,2.631383,0,0
10,run9_initcall.txt,bpf_mptcp_kfunc_init,2.636473,0,0
10,run9_initcall.txt,fb_logo_late_init,2.641694,0,0
10,run9_initcall.txt,amba_stub_drv_init,2.646951,0,33
10,run9_initcall.txt,clk_disable_unused,2.658365,0,6245
10,run9_initcall.txt,genpd_power_off_unused,2.666098,0,2478
10,run9_initcall.txt,regulator_init_complete,2.671383,0,4
10,run9_initcall.txt,of_platform_sync_state_init,2.676675,0,17
